Grid_ID,Latitude,Longitude,Total_Samples,Unique_Dates,Median_Predicted_LST,Mean_Predicted_LST,Maximum_Predicted_LST,Hot_Observations,Very_Hot_Observations,Median_L_NDVI,Median_S2_NDVI,Median_Tree_Probability,Median_Built_Probability,Median_Distance_To_Water,Median_Albedo,Hot_Frequency,Very_Hot_Frequency,Reliable_Cell,Heat_Intensity_Score,Hot_Frequency_Score,Very_Hot_Frequency_Score,Low_Tree_Score,Built_Score,Water_Distance_Score,Low_Albedo_Score,Persistent_Heat_Score,Persistent_Cooling_Priority,Cell_Area_m2,Cell_Area_hectares,Min_Greening_Fraction,Max_Greening_Fraction,Need_Factor,Suggested_Greening_Fraction,Suggested_Greening_Percent,Suggested_Greening_Area_m2,Assumed_Mature_Canopy_Per_Tree_m2,Approx_Trees_To_Plant,Trees_Per_Hectare,Recommended_Action
8401_1425,12.808779267753184,77.45314045768814,3,3,43.99416178880004,44.111884094300024,47.86240338320003,2,2,0.3691699100363682,0.3081909251620506,0.0513858944177627,0.1858265607152134,6243.396511515186,0.1443990225,0.6666666666666666,0.6666666666666666,True,0.8780103689611516,0.6666666666666666,0.6666666666666666,0.9511179963288444,0.21892659210154017,0.32792266354742905,0.47078375051023313,70.12321233840426,Very High,1000000,100.0,0.12,0.18,0.7193443165847303,0.1631606589950838,16.31606589950838,163160.6589950838,30,5439,54.39,Major tree-canopy expansion and restoration of open green areas
8401_1431,12.859092375089208,77.45186650913271,5,4,38.24541104090001,38.90902304192001,44.28935908610004,1,1,0.3395836688395802,0.3335313335313335,0.0436617145314812,0.4424356465460732,13497.407158413796,0.1533268425,0.2,0.2,True,0.5752937587349172,0.2,0.2,0.9648089217250798,0.5662948841212481,0.7089259344985978,0.42818063909260107,50.07942829709218,Moderate,1000000,100.0,0.04,0.07,0.6556634376867896,0.05966990313060369,5.966990313060369,59669.90313060369,30,1989,19.89,Targeted tree planting and protection of existing vegetation
8401_1436,12.90286275218942,77.45359102844213,4,3,36.50869798880001,36.43044669342501,37.93666129430001,0,0,0.2223081985496112,0.15964321028191145,0.029748503351584,0.5491016238811426,7073.242374289466,0.176307685,0.0,0.0,True,0.48384225716139445,0.0,0.0,0.9894697580974109,0.7106871929263948,0.3715087572950958,0.3185172057462128,39.91431583077349,Low,1000000,100.0,0.01,0.03,0.6368723176339844,0.022737446352679686,2.2737446352679687,22737.446352679686,30,758,7.58,Maintain existing vegetation and monitor future heat
8401_1441,12.947351929423665,77.45373505104939,4,3,38.38698542930003,38.06375182295003,44.26791101060005,2,2,0.3919927570248848,0.3568562494533368,0.04858096130192275,0.40381668705958873,1276.4982043070834,0.15173127875,0.5,0.5,True,0.58274875562567,0.5,0.5,0.9560896736584467,0.5140169144891021,0.06704566823488557,0.4357945896667821,56.97817820804616,High,1000000,100.0,0.08,0.12,0.7308482197270437,0.10923392878908175,10.923392878908174,109233.92878908175,30,3642,36.42,"Increase tree canopy, shaded streets and connected green corridors"
8401_1448,13.009549029926514,77.45175304980461,5,4,33.70986940190002,35.00413343708002,41.90855434520002,1,0,0.3000358494807901,0.2383063622256706,0.0412907658610492,0.3021555991144851,1081.6653826391969,0.1881319149999999,0.2,0.0,True,0.3364620802177099,0.2,0.0,0.9690113719324913,0.3763996576019763,0.0568124405822838,0.26209257037971767,34.98755461634843,Low,1000000,100.0,0.01,0.03,0.6197856174866408,0.022395712349732817,2.239571234973282,22395.712349732818,30,747,7.47,Maintain existing vegetation and monitor future heat
8401_1450,13.029601125135734,77.45424791179481,3,3,36.144866849900005,35.27386420670001,36.5551830608,0,0,0.3489631015404211,0.3992094861660079,0.2032532626762986,0.1109246930573135,6432.7288144301565,0.14651006,0.0,0.0,True,0.4646837070880952,0.0,0.0,0.6819366929981217,0.11753293430034828,0.3378669867940682,0.4607099849303604,29.337775809240313,Low,1000000,100.0,0.01,0.03,0.3644749333591305,0.017289498667182608,1.7289498667182608,17289.49866718261,30,577,5.77,Maintain existing vegetation and monitor future heat
8401_1451,13.040215428674882,77.45388685403319,3,3,33.05495967980001,34.03327106090001,37.478287722200015,0,0,0.3342545360625041,0.3566121842496285,0.2065898940199986,0.3380583666730672,9677.293009927933,0.13998838,0.0,0.0,True,0.30197597014401406,0.0,0.0,0.6760225931876718,0.4250007545008821,0.5082816210521832,0.49183111636783816,28.450189234244426,Low,1000000,100.0,0.01,0.03,0.4230114474940123,0.018460228949880246,1.8460228949880246,18460.228949880246,30,616,6.16,Maintain existing vegetation and monitor future heat
8401_1458,13.102027888806198,77.45277434656509,3,3,40.51648024970004,40.827901748600034,44.03507548820004,1,1,0.4078686198594727,0.2944458534111083,0.1704761481378227,0.2525393748655915,5556.977595779922,0.149932215,0.3333333333333333,0.3333333333333333,True,0.6948832839423293,0.3333333333333333,0.3333333333333333,0.740033350048682,0.3092348375489356,0.29186980053575096,0.4443796320834833,50.3872609742523,Moderate,1000000,100.0,0.04,0.07,0.5318636425341281,0.05595590927602385,5.595590927602385,55955.90927602385,30,1866,18.66,Targeted tree planting and protection of existing vegetation
8401_1460,13.119061979690805,77.45182148777211,6,4,34.66009605200003,35.29528379870002,43.44259590140002,1,0,0.4736931711553286,0.5146664712358611,0.36600256769452244,0.0445233092177659,9324.549139770235,0.12869040374999996,0.16666666666666666,0.0,True,0.38649893223638193,0.16666666666666666,0.0,0.3934674152109726,0.027646267905019898,0.48975441246647256,0.5457444951067141,27.117603078838844,Low,1000000,100.0,0.01,0.03,0.2522629611864903,0.015045259223729804,1.5045259223729803,15045.259223729803,30,502,5.02,Maintain existing vegetation and monitor future heat
8401_1462,13.134751956120772,77.45109906786061,5,5,37.19587381970001,39.27114175280002,45.59714480840003,2,1,0.294079397441021,0.2016,0.0323424572125077,0.0823441976681351,12778.106275970633,0.1838361949999999,0.4,0.2,True,0.5200274297809296,0.4,0.2,0.9848720364863106,0.07884389943523089,0.6711460080070261,0.28259153180355356,47.93103013412775,Moderate,1000000,100.0,0.04,0.07,0.6282047981302015,0.05884614394390605,5.884614394390605,58846.14394390605,30,1962,19.62,Targeted tree planting and protection of existing vegetation
8402_1425,12.80349608625411,77.46311135345933,3,3,40.0782217253,40.56709542920001,47.783242040000026,1,1,0.4105357590870732,0.4068423485899214,0.4094625115394592,0.0529967457987368,5544.366510251645,0.147869385,0.3333333333333333,0.3333333333333333,True,0.6718055509309279,0.3333333333333333,0.3333333333333333,0.31643569693595364,0.039116645826904065,0.29120742697850055,0.4542233538795807,40.68568901119325,Low,1000000,100.0,0.01,0.03,0.2660411776333576,0.015320823552667152,1.5320823552667153,15320.823552667152,30,511,5.11,Maintain existing vegetation and monitor future heat
8402_1426,12.813131838726829,77.4615931328791,6,4,33.94533679970001,36.24831892190002,43.85691119570005,1,0,0.3817692385422093,0.3462565435664836,0.1947410425636917,0.1657433047657832,2618.033988749895,0.1445779925,0.16666666666666666,0.0,True,0.3488612771226796,0.16666666666666666,0.0,0.6970244009792648,0.19174015677030437,0.13750731308914038,0.4699297146033249,30.042457701201396,Low,1000000,100.0,0.01,0.03,0.43686023184369327,0.018737204636873867,1.8737204636873868,18737.204636873867,30,625,6.25,Maintain existing vegetation and monitor future heat
8402_1430,12.849525185525,77.45765168237625,3,3,41.32764475610004,39.13107698990004,43.45066242860005,2,0,0.467424056565199,0.31959629941127,0.060532096773386,0.3830706337466836,10412.012293500236,0.1723685575,0.6666666666666666,0.0,True,0.7375974283680455,0.6666666666666666,0.0,0.9349065698792732,0.4859332592197649,0.5468713700749019,0.33731452555897323,62.09845013626416,High,1000000,100.0,0.08,0.12,0.7646399367835897,0.11058559747134358,11.058559747134359,110585.59747134359,30,3687,36.87,"Increase tree canopy, shaded streets and connected green corridors"
8402_1432,12.869937851985801,77.4600558277894,4,3,40.467918730550025,40.68788968017502,43.97211555980002,2,1,0.24897462325992709,0.16805087102502345,0.0302109273616224,0.6867274633841589,11768.607235088763,0.15996279875000002,0.5,0.25,True,0.6923261408152077,0.5,0.25,0.9886501225223633,0.896989453624414,0.6181239688454897,0.39651418709409725,64.64262137823376,Very High,1000000,100.0,0.12,0.18,0.8237229519860644,0.16942337711916386,16.942337711916387,169423.37711916387,30,5648,56.48,"Urgent urban greening: street trees, shaded corridors, pocket parks, institutional planting and suitable green roofs"
8402_1434,12.885890157506209,77.45853382568453,9,5,39.63709206410001,38.78003684140001,44.689626318200006,3,1,0.3783940301470953,0.4223194748358862,0.0603520311415195,0.6235350156202912,11742.657280190033,0.1341130875,0.3333333333333333,0.1111111111111111,True,0.6485766301506196,0.3333333333333333,0.1111111111111111,0.9352257319351296,0.8114466811337001,0.6167609962529862,0.5198677189190407,56.7277397151871,High,1000000,100.0,0.08,0.12,0.7299022021943048,0.10919608808777219,10.91960880877722,109196.0880877722,30,3640,36.4,"Increase tree canopy, shaded streets and connected green corridors"
8402_1436,12.905031463417455,77.45889032956154,6,4,41.060996470850014,39.798257403800015,45.06933416000002,3,3,0.2733770521747654,0.1527535342087285,0.026463544229045448,0.6860226274002343,8319.887114438137,0.18367041125,0.5,0.5,True,0.7235563142941727,0.5,0.5,0.9952922701230869,0.8960353265673101,0.43698642845260716,0.2833826435836384,66.69827210652582,Very High,1000000,100.0,0.12,0.18,0.8268532003750055,0.16961119202250033,16.961119202250032,169611.19202250033,30,5654,56.54,"Urgent urban greening: street trees, shaded corridors, pocket parks, institutional planting and suitable green roofs"
8402_1437,12.914670242189745,77.45992767315273,6,3,34.74871676555,34.59339624005002,37.36515126019999,0,0,0.23641194485502953,0.1987093352192362,0.04905200609937305,0.5228836255264468,5776.447552443324,0.16316894124999995,0.0,0.0,True,0.3911655047106673,0.0,0.0,0.9552547579424584,0.675196238741518,0.3033970473836747,0.38121463511519293,36.23880731036642,Low,1000000,100.0,0.01,0.03,0.6126666267195329,0.022253332534390657,2.2253332534390657,22253.332534390658,30,742,7.42,Maintain existing vegetation and monitor future heat
8402_1438,12.922677818745377,77.45758222771431,6,4,39.645201316550015,39.38940809315,44.87978786089997,2,1,0.2534558386244053,0.19897663793956805,0.04146444809157395,0.553321281389799,4236.357652126363,0.16059689374999997,0.3333333333333333,0.16666666666666666,True,0.6490036456050696,0.3333333333333333,0.16666666666666666,0.9687035243039049,0.7163992869348519,0.22250672089504545,0.3934883174042557,54.244630293555694,High,1000000,100.0,0.08,0.12,0.7276316195389229,0.10910526478155691,10.910526478155692,109105.2647815569,30,3637,36.37,"Increase tree canopy, shaded streets and connected green corridors"
8402_1440,12.942819168021437,77.46004446502059,6,5,40.16726969135004,39.955557532550024,47.61179415680002,3,2,0.2530250683332656,0.200721967216886,0.0388461902039125,0.3493958683684468,1786.0022573334675,0.17206711624999993,0.5,0.3333333333333333,True,0.6764946215851143,0.5,0.3333333333333333,0.9733443242251681,0.44034817911347135,0.09380641070070005,0.33875298815786314,57.294615629691805,High,1000000,100.0,0.08,0.12,0.7247417979352784,0.10898967191741113,10.898967191741113,108989.67191741113,30,3633,36.33,"Increase tree canopy, shaded streets and connected green corridors"
8402_1442,12.959475419537489,77.46077219511956,9,4,36.1085332973,35.99190855600002,45.15635694920002,1,1,0.2823593664664117,0.3145321831453218,0.0613154806196689,0.0533200076315552,2202.271554554524,0.1576524,0.1111111111111111,0.1111111111111111,True,0.46277046186963305,0.1111111111111111,0.1111111111111111,0.9335180406174,0.03955424105225514,0.11567017290865528,0.4075392946080715,34.786363102345064,Low,1000000,100.0,0.01,0.03,0.5080032018524844,0.020160064037049688,2.016006403704969,20160.064037049688,30,673,6.73,Maintain existing vegetation and monitor future heat
8402_1443,12.96441307513566,77.46029459636745,6,4,36.27853706705001,37.57195856030004,43.64521612700007,2,0,0.3000389419794559,0.25146902308435715,0.046847433084622,0.3598990126047283,4068.0020122520164,0.14529556375,0.3333333333333333,0.0,True,0.4717224876507479,0.3333333333333333,0.0,0.9591623112516603,0.45456614517800326,0.21366415743635694,0.46650550041510885,44.818952372668036,Low,1000000,100.0,0.01,0.03,0.6704943846614307,0.02340988769322861,2.3409887693228613,23409.88769322861,30,781,7.81,Maintain existing vegetation and monitor future heat
8402_1444,12.974118635889003,77.4561652956545,6,3,35.21365293605001,37.37329754120001,47.34944403170003,1,1,0.2841520667572033,0.1996478932845801,0.07368079875595865,0.46918520296458155,7681.520886238785,0.15716373875,0.16666666666666666,0.16666666666666666,True,0.41564802407485124,0.16666666666666666,0.16666666666666666,0.9116008079018167,0.6025054013572072,0.403457442509817,0.4098711617020797,42.068483208737675,Low,1000000,100.0,0.01,0.03,0.6263014842223499,0.022526029684446995,2.2526029684446995,22526.029684446996,30,751,7.51,Maintain existing vegetation and monitor future heat
8402_1445,12.986975641610568,77.45796384335165,5,4,36.93786458000005,36.48987495266001,39.680022395300014,0,0,0.1944518619679411,0.2017625231910946,0.0238075256347656,0.7229514254722744,9222.797840135065,0.1788396099999999,0.0,0.0,True,0.5064412289045828,0.0,0.0,1.0,0.9460253472678264,0.48441011675591866,0.3064349860244797,43.60771585371774,Low,1000000,100.0,0.01,0.03,0.6892050694535653,0.023784101389071305,2.3784101389071304,23784.101389071304,30,793,7.93,Maintain existing vegetation and monitor future heat
8402_1446,12.99248365259373,77.4596034751764,5,4,42.80313562970004,39.937289924660035,43.71121809320002,3,0,0.4756829596961903,0.4097689382860485,0.0861080738250166,0.5073649252299219,7308.214556237385,0.1472232175,0.6,0.0,True,0.8152935427523915,0.6,0.0,0.8895737579944025,0.6541887814298826,0.3838502293803299,0.4573068329368368,63.55008577837245,Very High,1000000,100.0,0.12,0.18,0.7556246352831778,0.16533747811699068,16.53374781169907,165337.47811699068,30,5512,55.12,"Urgent urban greening: street trees, shaded corridors, pocket parks, institutional planting and suitable green roofs"
8402_1448,13.011312145398453,77.45927024493378,4,4,35.375265466700014,36.13343784552502,42.48618263510002,1,0,0.368760010379317,0.3295468688880196,0.03676872816868125,0.5896869864081964,2036.6755445928043,0.15031446499999995,0.25,0.0,True,0.42415818560278384,0.25,0.0,0.9770265763421051,0.7656270560897587,0.10697255382274283,0.4425555541630741,44.034055314041765,Low,1000000,100.0,0.01,0.03,0.7166386993890043,0.024332773987780082,2.4332773987780083,24332.77398778008,30,812,8.12,Maintain existing vegetation and monitor future heat
8402_1452,13.048066237008893,77.45906244954699,4,4,38.091882127550036,38.52433429047502,44.86139891329999,1,1,0.35056746464771926,0.24248659471109751,0.13721137458924199,0.41107893746811897,7100.0,0.14343175124999996,0.25,0.25,True,0.5672092627706421,0.25,0.25,0.798994371112567,0.5238477258668932,0.3729141512784861,0.47539952063494706,47.23123906804387,Moderate,1000000,100.0,0.04,0.07,0.5792667307296622,0.05737800192188987,5.7378001921889865,57378.00192188987,30,1913,19.13,Targeted tree planting and protection of existing vegetation
8402_1453,13.054389699301304,77.45991858667385,4,3,40.01232229970003,39.36353083340003,44.21231691530004,2,1,0.3436449976047702,0.2815460285185003,0.0290838495129719,0.7373739527538419,7024.18040602709,0.1600789725,0.5,0.25,True,0.6683354316635783,0.5,0.25,0.9906478412405704,0.965548929810449,0.3689318696536006,0.39595981175778305,63.38972827367731,Very High,1000000,100.0,0.12,0.18,0.838433706582375,0.1703060223949425,17.03060223949425,170306.0223949425,30,5677,56.77,"Urgent urban greening: street trees, shaded corridors, pocket parks, institutional planting and suitable green roofs"
8402_1454,13.068382085399486,77.46137039551257,6,4,33.77287205555,35.34385101455002,44.50291697570001,1,1,0.2884213380891548,0.1893287287596859,0.0325030785170383,0.6837699230527505,8475.09414866686,0.1635451825,0.16666666666666666,0.16666666666666666,True,0.3397796618253569,0.16666666666666666,0.16666666666666666,0.984587339038847,0.8929858707809838,0.44513838612047407,0.37941923064986305,43.84818006533827,Low,1000000,100.0,0.01,0.03,0.7208908436756203,0.024417816873512403,2.44178168735124,24417.8168735124,30,814,8.14,Maintain existing vegetation and monitor future heat
8402_1456,13.08160756027305,77.46131010554116,4,4,38.12275539320003,37.75906097510003,40.19698083020004,0,0,0.44786415839827287,0.3331652772924674,0.11724926833994685,0.4614967715460807,9281.748449611987,0.14995208375,0.0,0.0,True,0.5688349812500169,0.0,0.0,0.8343767303318564,0.5920976744386223,0.4875063866855575,0.44428481940021025,40.16063316729342,Low,1000000,100.0,0.01,0.03,0.5356079000536527,0.020712158001073053,2.0712158001073053,20712.158001073054,30,691,6.91,Maintain existing vegetation and monitor future heat
8402_1457,13.093776020162528,77.45924984989335,3,3,36.151907971100016,36.46175718080003,41.46807410780002,1,0,0.47397976203714,0.5045256453234999,0.1321950890123844,0.0424459585919976,7200.0,0.149683725,0.3333333333333333,0.0,True,0.4650544770928024,0.3333333333333333,0.0,0.8078856181588642,0.024834186109619866,0.3781664632683239,0.44556541396037685,38.770253165740066,Low,1000000,100.0,0.01,0.03,0.508909646301356,0.02017819292602712,2.017819292602712,20178.19292602712,30,673,6.73,Maintain existing vegetation and monitor future heat
8402_1459,13.112482552606522,77.45971277595065,6,3,38.95564996175001,38.311954193600016,48.317666557099976,3,2,0.43176116577364215,0.3518350596879165,0.07152288046199824,0.2585641900077462,8867.223052310823,0.15722734625,0.5,0.3333333333333333,True,0.6126933831053057,0.5,0.3333333333333333,0.9154256668264845,0.31739054933477706,0.4657342195421856,0.4095676298869785,55.495934569383365,High,1000000,100.0,0.08,0.12,0.6711909432801977,0.10684763773120791,10.68476377312079,106847.63773120791,30,3562,35.62,"Increase tree canopy, shaded streets and connected green corridors"
8402_1460,13.121987743108066,77.4582782351775,4,3,37.40462084615001,37.93347826317502,42.87824661920006,1,0,0.4168770905075724,0.3582031213595879,0.21508578641805795,0.057982699945569,11475.842208426788,0.135967605,0.25,0.0,True,0.5310195905151261,0.25,0.0,0.6609638256927748,0.045866065359208855,0.6027470362480709,0.5110180539752529,38.12253120555412,Low,1000000,100.0,0.01,0.03,0.4146551259182292,0.018293102518364582,1.8293102518364583,18293.102518364583,30,610,6.1,Maintain existing vegetation and monitor future heat
8402_1461,13.128722260031752,77.4581237634703,4,3,37.98465884015002,38.51376833615003,40.77057585650004,0,0,0.4305429718397059,0.34849177933204334,0.07764575595501805,0.0709020115900784,11005.267878901723,0.16414663499999993,0.0,0.0,True,0.5615631195436283,0.0,0.0,0.9045730154357196,0.06335476497205732,0.5780310043173269,0.37654912934070683,35.82193713585538,Low,1000000,100.0,0.01,0.03,0.46495746071227123,0.01929914921424542,1.9299149214245421,19299.149214245423,30,644,6.44,Maintain existing vegetation and monitor future heat
8402_1462,13.138411561438947,77.46088788427144,6,3,38.152663068200056,37.57511738045003,40.84717368470002,0,0,0.49885319679057505,0.3701102468270223,0.07395962858572595,0.07190305413678286,8900.03447136204,0.15078137375,0.0,0.0,True,0.5704098538428254,0.0,0.0,0.9111065886508682,0.06470986289683223,0.46745757763904855,0.4403274889133133,35.964918406777926,Low,1000000,100.0,0.01,0.03,0.4684952669048006,0.01936990533809601,1.936990533809601,19369.90533809601,30,646,6.46,Maintain existing vegetation and monitor future heat
8403_1425,12.803295675687576,77.47124833348275,6,5,37.61536741430001,37.49525249480002,43.04602013090002,1,0,0.3579191589547712,0.3582196447693523,0.14891082810936496,0.0723140459740534,5669.082290617916,0.13722948375,0.16666666666666666,0.0,True,0.542117042731242,0.16666666666666666,0.0,0.7782573676146025,0.06526621705742033,0.29775788886389803,0.5049964315655502,36.770472235544396,Low,1000000,100.0,0.01,0.03,0.4521819272187853,0.019043638544375706,1.9043638544375705,19043.638544375706,30,635,6.35,Maintain existing vegetation and monitor future heat
8403_1426,12.81700429523125,77.47207712449978,3,3,39.344424101600005,40.06024294010002,47.72498188910004,1,1,0.3492460538387348,0.3566390677706225,0.4616128682391718,0.0337348924949765,2500.0,0.1003828525,0.3333333333333333,0.3333333333333333,True,0.6331653769210057,0.3333333333333333,0.3333333333333333,0.22400042827644207,0.013042132285822242,0.1313077997459458,0.6808267167312627,38.21272830368773,Low,1000000,100.0,0.01,0.03,0.21460864059538545,0.014292172811907708,1.4292172811907708,14292.172811907709,30,477,4.77,Maintain existing vegetation and monitor future heat
8403_1429,12.840337334888908,77.46916422167784,6,3,39.95351526560003,38.39649322160003,44.49755068430006,2,1,0.48368712368441713,0.45572774808744476,0.1002656967611983,0.2885142212035134,7354.560206376976,0.1412072075,0.3333333333333333,0.16666666666666666,True,0.6652387821825214,0.3333333333333333,0.16666666666666666,0.8644797075889289,0.35793350652869366,0.3862844475193799,0.4860149323742794,50.86519104406481,Moderate,1000000,100.0,0.04,0.07,0.6038265551002032,0.058114796653006104,5.81147966530061,58114.7966530061,30,1938,19.38,Targeted tree planting and protection of existing vegetation
8403_1430,12.853124189118072,77.47333030997267,3,3,39.35683151420002,38.644914915200005,44.219494757300005,1,1,0.5378062387813515,0.5534821726091302,0.0376479364931583,0.5579088816884905,5590.169943749474,0.1550757599999999,0.3333333333333333,0.3333333333333333,True,0.6338187240652223,0.3333333333333333,0.3333333333333333,0.9754682004685004,0.7226094601836509,0.29361316620786443,0.41983489207790525,56.106586288916205,High,1000000,100.0,0.08,0.12,0.7322559922709804,0.10929023969083922,10.929023969083921,109290.23969083921,30,3644,36.44,"Increase tree canopy, shaded streets and connected green corridors"
8403_1431,12.860411650460728,77.469999857632,6,6,35.89299295610002,37.29920910935001,45.61110742010003,1,1,0.39203504910473763,0.3383877951275544,0.08402650477364655,0.4457154413103126,7728.782939080738,0.14750125625,0.16666666666666666,0.16666666666666666,True,0.45142058007507113,0.16666666666666666,0.16666666666666666,0.8932632896999024,0.570734698486122,0.4059397929778784,0.45598004589983687,42.7918462603338,Low,1000000,100.0,0.01,0.03,0.6107785845471756,0.02221557169094351,2.221557169094351,22215.57169094351,30,741,7.41,Maintain existing vegetation and monitor future heat
8403_1436,12.90709829665528,77.46759342680453,3,3,39.69753974779999,39.24860560760001,43.90633576490004,1,1,0.3147146746185399,0.2531097890751758,0.0312502088490873,0.726965986774303,7915.80697086532,0.158752565,0.3333333333333333,0.3333333333333333,True,0.6517596726424811,0.3333333333333333,0.3333333333333333,0.9868080207691609,0.9514598052807951,0.4157628786231781,0.4022893621416037,59.62643641411037,High,1000000,100.0,0.08,0.12,0.7836959714407394,0.11134783885762958,11.134783885762959,111347.83885762958,30,3712,37.12,"Increase tree canopy, shaded streets and connected green corridors"
8403_1439,12.932717955860616,77.46737129450689,5,5,42.25585935740001,38.81682195242003,45.0075876287,3,1,0.3121118522656326,0.2334180073384137,0.0350590425077825,0.6313429514411837,1118.033988749895,0.1614814725,0.6,0.2,True,0.7864751741584095,0.6,0.2,0.9800569535703659,0.8220161795656092,0.05872263324157289,0.3892671517620361,65.7552202489819,Very High,1000000,100.0,0.12,0.18,0.8344317126983049,0.17006590276189829,17.00659027618983,170065.9027618983,30,5669,56.69,"Urgent urban greening: street trees, shaded corridors, pocket parks, institutional planting and suitable green roofs"
8403_1441,12.948882355001674,77.46852596765457,5,3,33.19439780570001,37.232210790320025,44.23530309980001,2,1,0.3228198646940748,0.2376873661670235,0.0283417964819818,0.7424577471101657,2800.0,0.1629985649999999,0.4,0.2,True,0.3093184761352794,0.4,0.2,0.9919631126139598,0.972430794327513,0.1470647357154593,0.3820276620760491,48.52877090550045,Moderate,1000000,100.0,0.04,0.07,0.8104677151724825,0.06431403145517448,6.431403145517447,64314.031455174474,30,2144,21.44,Targeted tree planting and protection of existing vegetation
8403_1442,12.958952593144737,77.46918568940714,4,3,37.10224570685001,38.42531852360001,45.1308927002,1,1,0.25841467891325687,0.17668403387911624,0.0273792566731572,0.7144674324663356,3634.0536608821594,0.162977665,0.25,0.25,True,0.5150971786382472,0.25,0.25,0.9936691915644162,0.9345406792544629,0.19087183614765435,0.3821273958328478,51.3183561850608,Moderate,1000000,100.0,0.04,0.07,0.7587427316331007,0.06276228194899303,6.276228194899303,62762.281948993026,30,2093,20.93,Targeted tree planting and protection of existing vegetation
8403_1445,12.984063945781955,77.47044816804639,6,4,39.931041784100024,38.66990348975003,44.03370828020002,3,1,0.2442151026188041,0.13596604273798424,0.03094785608118395,0.7346221940824762,7043.896249016007,0.15512719875,0.5,0.16666666666666666,True,0.6640553779199259,0.5,0.16666666666666666,0.9873439338692768,0.9618239108516397,0.36996740723880506,0.41958942893041373,62.46451030166609,High,1000000,100.0,0.08,0.12,0.8360367491049663,0.11344146996419865,11.344146996419866,113441.46996419865,30,3782,37.82,"Increase tree canopy, shaded streets and connected green corridors"
8403_1446,12.995018452770672,77.464778054577,4,4,38.6677415921,39.099313614875015,46.71629000690002,2,2,0.2926736272638618,0.2125692644815291,0.027234987996052902,0.7214924552827142,7238.757976115941,0.1678763775,0.5,0.5,True,0.5975327595997467,0.5,0.5,0.9939249043681478,0.9440503588093536,0.38020215309488,0.3587509842967229,63.47012562856618,Very High,1000000,100.0,0.12,0.18,0.8357725239459446,0.17014635143675666,17.014635143675665,170146.35143675667,30,5672,56.72,"Urgent urban greening: street trees, shaded corridors, pocket parks, institutional planting and suitable green roofs"
8403_1447,13.004321079844289,77.47140357375231,5,5,36.32532121580002,39.143424017479994,47.9885966816,2,2,0.2356566098955666,0.2125070211570867,0.0273993015289306,0.7322184371296316,4464.302857109943,0.15755362,0.4,0.4,True,0.47418603834949674,0.4,0.4,0.9936336625336308,0.9585699771710119,0.23447911422665846,0.4080106678375758,55.928234770520646,High,1000000,100.0,0.08,0.12,0.8085308267010178,0.11234123306804071,11.23412330680407,112341.23306804072,30,3745,37.45,"Increase tree canopy, shaded streets and connected green corridors"
8403_1448,13.012581634507896,77.46883234226682,5,4,43.84853704670001,40.23762108800001,45.2999992397,3,2,0.2447604604330855,0.1956335616438356,0.0293263534549623,0.7270049864891917,2140.0934559032694,0.1717985924999999,0.6,0.4,True,0.8703420893249724,0.6,0.4,0.990218008762953,0.9515125986739295,0.11240438517814225,0.3400343700897941,71.74085257427244,Very High,1000000,100.0,0.12,0.18,0.8654115241162623,0.17192469144697572,17.192469144697572,171924.69144697572,30,5731,57.31,"Urgent urban greening: street trees, shaded corridors, pocket parks, institutional planting and suitable green roofs"
8403_1451,13.038913794066765,77.46705134650122,4,4,35.10527606690002,36.75996091152503,44.27049161570001,1,1,0.363401672334341,0.41119776365677996,0.1809558205422945,0.26426364731742064,5983.425988483265,0.12321995250000001,0.25,0.25,True,0.40994113576211616,0.25,0.25,0.7214583796079457,0.325105828568521,0.3142682005961794,0.5718492154201247,39.5517551327494,Low,1000000,100.0,0.01,0.03,0.5007503555176771,0.02001500711035354,2.001500711035354,20015.00711035354,30,668,6.68,Maintain existing vegetation and monitor future heat
8403_1452,13.048609916432513,77.46921195381071,4,4,35.682425834000014,36.02740659260002,40.399207983500034,0,0,0.35530597343117254,0.29452855426330227,0.05336329864803695,0.4698411342105828,3561.206390979277,0.14957112625,0.0,0.0,True,0.4403325770945122,0.0,0.0,0.947613094294783,0.6033933267237938,0.18704567025627572,0.4461027295751334,36.62384899365209,Low,1000000,100.0,0.01,0.03,0.5944852124921503,0.021889704249843003,2.1889704249843005,21889.704249843002,30,730,7.3,Maintain existing vegetation and monitor future heat
8403_1455,13.074149956403385,77.46676340670317,6,4,37.27809429080002,37.49489360270002,44.9203768484,1,1,0.3218934688380948,0.27592646016607925,0.035131346900016,0.6005477143917233,9320.362697175686,0.17381313250000002,0.16666666666666666,0.16666666666666666,True,0.5243569795203562,0.16666666666666666,0.16666666666666666,0.9799287957523888,0.7803290784967716,0.4895345274401313,0.3304210857633537,48.16604350621499,Moderate,1000000,100.0,0.04,0.07,0.6960302135755487,0.06088090640726647,6.088090640726647,60880.90640726647,30,2030,20.3,Targeted tree planting and protection of existing vegetation
8403_1457,13.093142112987335,77.46616291761151,3,3,37.281033788000016,37.136548385900014,40.07805082430002,0,0,0.3408329965941234,0.3014419775692378,0.0812966832891106,0.2732525030151009,10153.32457867865,0.1703746424999999,0.0,0.0,True,0.524511766998049,0.0,0.0,0.8981018334469479,0.33727392246435806,0.5332842842130903,0.34682938841488775,36.98018809942916,Low,1000000,100.0,0.01,0.03,0.5165057012163455,0.020330114024326912,2.0330114024326913,20330.11402432691,30,678,6.78,Maintain existing vegetation and monitor future heat
8403_1459,13.110579707454598,77.46762127489757,4,4,37.26890836205002,36.44244394362502,38.99715326960005,0,0,0.4660822062531502,0.412683255606458,0.15693492325954134,0.1643070791033096,11112.723195102419,0.13169986624999996,0.0,0.0,True,0.5238732686525654,0.0,0.0,0.7640348495362147,0.18979595727435525,0.5836748927738542,0.5313834902707424,34.64997229058672,Low,1000000,100.0,0.01,0.03,0.4199766162229784,0.018399532324459567,1.8399532324459567,18399.532324459567,30,614,6.14,Maintain existing vegetation and monitor future heat
8403_1461,13.131218707160016,77.46635909497209,3,3,32.162241216200016,34.940550289700035,40.75592964080004,0,0,0.3747248432350105,0.2779297285924679,0.0967903344426304,0.049433214822784,8070.935509592429,0.12738931,0.0,0.0,True,0.25496737313951223,0.0,0.0,0.8706397047574188,0.03429274154203411,0.42391071346240233,0.5519532495390429,25.930863995974217,Low,1000000,100.0,0.01,0.03,0.4421784006871162,0.018843568013742325,1.8843568013742324,18843.568013742326,30,629,6.29,Maintain existing vegetation and monitor future heat
8403_1463,13.147337163315685,77.47232315747053,3,3,34.47295945700003,35.94964094090002,40.04520365210003,0,0,0.4718317085684967,0.4778566185466112,0.0339644040213897,0.6576325336936861,4687.216658103186,0.1702589775,0.0,0.0,True,0.37664472944138816,0.0,0.0,0.9819971742894185,0.857604035916817,0.2461872425232298,0.3473813360215955,37.57318274947522,Low,1000000,100.0,0.01,0.03,0.6625193943280726,0.02325038788656145,2.325038788656145,23250.38788656145,30,776,7.76,Maintain existing vegetation and monitor future heat
8404_1425,12.805481871187752,77.48008487262705,7,3,35.1387213926,39.825713056357166,48.976472822,3,3,0.4135437871661936,0.377587437544611,0.1907392600551247,0.042579622589983,7247.068372797375,0.1555123225,0.42857142857142855,0.42857142857142855,True,0.4117022932844715,0.42857142857142855,0.42857142857142855,0.704117465431849,0.025015125278372904,0.380638641056182,0.41775163761844436,42.154933426168746,Low,1000000,100.0,0.01,0.03,0.48563318634302766,0.019712663726860553,1.9712663726860553,19712.663726860552,30,658,6.58,Maintain existing vegetation and monitor future heat
8404_1427,12.821770035214142,77.47531263148174,5,5,38.49856669219999,38.96896144064,45.3845268743,2,1,0.3663533615566862,0.3149394347240915,0.1406543549383059,0.0496496544219553,3757.658845611187,0.1335359175,0.4,0.2,True,0.5886243802876323,0.4,0.2,0.7928917702159389,0.03458573293649752,0.19736396608523826,0.5226219453502317,45.49789484841037,Moderate,1000000,100.0,0.04,0.07,0.5233630316952689,0.05570089095085807,5.570089095085807,55700.89095085807,30,1857,18.57,Targeted tree planting and protection of existing vegetation
8404_1428,12.834596340237566,77.47474023628311,5,3,34.69586563130002,36.93955991792003,47.47062993080002,1,1,0.4381836549850207,0.3161081953976584,0.1579420237103477,0.1245909869903698,6711.929677819934,0.1412458175,0.2,0.2,True,0.3883824798573791,0.2,0.2,0.7622497879061776,0.13603281385992919,0.3525314872176202,0.4858306873814552,35.63736022590871,Low,1000000,100.0,0.01,0.03,0.46833145672507465,0.01936662913450149,1.936662913450149,19366.62913450149,30,646,6.46,Maintain existing vegetation and monitor future heat
8404_1430,12.848776781973248,77.4816699934721,5,3,32.58428123570002,35.29635363896,45.46416674029996,1,1,0.4715188843947561,0.4769808957093642,0.532459668116644,0.0374645984265953,2657.0660511172846,0.1270620325,0.2,0.2,True,0.2771910752420123,0.2,0.2,0.09842615813196043,0.018090985388615963,0.13955739878074377,0.5535150014333445,20.43839648419638,Low,1000000,100.0,0.01,0.03,0.1128312761437034,0.012256625522874067,1.2256625522874067,12256.625522874067,30,409,4.09,Maintain existing vegetation and monitor future heat
8404_1431,12.860000225197494,77.48018784308512,3,3,33.747023279299995,34.133903266400004,36.249048099500015,0,0,0.4094615201544305,0.3357142857142857,0.4769249542150646,0.0765053855720907,5099.019513592785,0.1271384275,0.0,0.0,True,0.33841852194157307,0.0,0.0,0.1968601195520151,0.0709399774885083,0.2678164132766046,0.5531504483065173,17.919691534328113,Low,1000000,100.0,0.01,0.03,0.11261805527370922,0.012252361105474185,1.2252361105474185,12252.361105474185,30,409,4.09,Maintain existing vegetation and monitor future heat
8404_1434,12.885367685172675,77.478778774467,4,4,35.658303157850014,36.97062202917503,43.34622482750007,1,0,0.4294667709888228,0.4146308165877596,0.08432298380648715,0.5250021037063561,4564.684328649597,0.14069401625,0.25,0.0,True,0.43906232985751364,0.25,0.0,0.8927377876556818,0.6780639943576272,0.23975146229191135,0.4884638554038996,43.23465324261597,Low,1000000,100.0,0.01,0.03,0.6569816926993663,0.023139633853987325,2.3139633853987327,23139.633853987325,30,772,7.72,Maintain existing vegetation and monitor future heat
8404_1435,12.893507895619882,77.4760646627971,4,3,35.577919872500004,37.099096855925005,44.18528037709998,1,1,0.36478381685541755,0.29585418478176617,0.0570562548236921,0.564138421905227,6708.304817970171,0.1475894625,0.25,0.25,True,0.4348295222916452,0.25,0.25,0.9410674171825425,0.7310423055684873,0.35234109826911625,0.45555913007755533,47.26082112390572,Moderate,1000000,100.0,0.04,0.07,0.6917421697049687,0.06075226509114907,6.0752265091149065,60752.265091149064,30,2026,20.26,Targeted tree planting and protection of existing vegetation
8404_1436,12.903465065452194,77.47926257464195,3,3,36.65710841719998,37.27828797860001,38.59606571270004,0,0,0.3578038043026829,0.3974110032362459,0.0447847789619118,0.3911019826773554,8854.942122905151,0.1539264525,0.0,0.0,True,0.49165722493050035,0.0,0.0,0.9628183166953472,0.4968051889943039,0.465089186814548,0.42531933010147827,38.612085972868385,Low,1000000,100.0,0.01,0.03,0.5807701961465344,0.021615403922930685,2.1615403922930687,21615.403922930684,30,721,7.21,Maintain existing vegetation and monitor future heat
8404_1438,12.92010882073155,77.47793881999769,4,4,40.41699023255002,39.73597538270002,44.93126324210002,2,2,0.29807847755474604,0.1835803120691227,0.0318236020393669,0.7359081937465817,4757.53938953382,0.1573225375,0.5,0.5,True,0.6896443577714557,0.5,0.5,0.9857916949576957,0.9635647514201325,0.24988081177774246,0.4091133819933457,65.90682464056587,Very High,1000000,100.0,0.12,0.18,0.8356087977628743,0.17013652786577246,17.013652786577246,170136.52786577246,30,5672,56.72,"Urgent urban greening: street trees, shaded corridors, pocket parks, institutional planting and suitable green roofs"
8404_1439,12.929812901864045,77.47564516082205,3,3,33.539481104900005,34.38513912980001,36.11465155310001,0,0,0.4092593269265905,0.4326738991703893,0.0840076303575187,0.6350225667702034,2402.082429892863,0.1465287049999999,0.0,0.0,True,0.32748980607468725,0.0,0.0,0.8932967441542145,0.8269972256887134,0.12616486347105077,0.4606210119210057,34.42804697840125,Low,1000000,100.0,0.01,0.03,0.6120478172148499,0.022240956344296996,2.2240956344296996,22240.956344296996,30,742,7.42,Maintain existing vegetation and monitor future heat
8404_1440,12.940460435420222,77.47772608783282,8,5,34.25547938945002,36.58813918238753,47.10399601550005,2,1,0.2766739783110122,0.23668741355463346,0.0294680390506982,0.744511705939658,4905.710889819939,0.13923246,0.25,0.125,True,0.3651927059100911,0.25,0.125,0.9899668744095976,0.9752112109607333,0.2576632412527929,0.4954383288769183,46.82290425370258,Moderate,1000000,100.0,0.04,0.07,0.7650256793969454,0.06295077038190837,6.295077038190837,62950.77038190837,30,2099,20.99,Targeted tree planting and protection of existing vegetation
8404_1441,12.949838062628352,77.48018995274471,7,5,38.93427879170002,38.485395107985724,43.46171972330004,2,0,0.3413550859266139,0.32481426448737,0.0313999524805694,0.7052093802485615,6652.818951391959,0.15172362,0.2857142857142857,0.0,True,0.6115680241468457,0.2857142857142857,0.0,0.9865426037388267,0.9220081776249719,0.3494268074461634,0.43583113683950403,53.43440842102297,High,1000000,100.0,0.08,0.12,0.7633872231086936,0.11053548892434774,11.053548892434774,110535.48892434774,30,3685,36.85,"Increase tree canopy, shaded streets and connected green corridors"
8404_1444,12.975795357621557,77.47840218361726,4,3,36.01757124005003,36.37169520215002,40.73384923160001,0,0,0.24328151472945436,0.1816428230140369,0.02825930353719735,0.7407504069851711,5802.481596338801,0.15782954124999998,0.0,0.0,True,0.457980599369511,0.0,0.0,0.9921093293993515,0.9701195908048639,0.3047644365926365,0.4066939854048832,41.87954594011183,Low,1000000,100.0,0.01,0.03,0.6900785828606485,0.02380157165721297,2.3801571657212968,23801.571657212968,30,794,7.94,Maintain existing vegetation and monitor future heat
8404_1445,12.986907093289744,77.48008263083874,6,5,33.95577885080003,35.542893712550025,43.05801738110001,1,0,0.20479999472658444,0.18206516288492525,0.02632382919546215,0.7505088646430522,3289.83473353144,0.13712281124999998,0.16666666666666666,0.0,True,0.3494111326393694,0.16666666666666666,0.0,0.9955399117018282,0.9833294845948255,0.17279238415512133,0.5055054674111091,42.80688342515458,Low,1000000,100.0,0.01,0.03,0.7444358527698792,0.02488871705539758,2.488871705539758,24888.71705539758,30,830,8.3,Maintain existing vegetation and monitor future heat
8404_1446,12.99232992701082,77.4783200449077,3,3,32.37082588670001,34.828217062400014,41.54921790260001,1,0,0.4908386248421197,0.504381988516168,0.0371933730784803,0.7452808620873839,4052.159917870962,0.1239353925,0.3333333333333333,0.0,True,0.26595098456534766,0.3333333333333333,0.0,0.9762739033249638,0.9762524073644651,0.2128320812137394,0.5684351714505296,44.62483175713422,Low,1000000,100.0,0.01,0.03,0.783387433135375,0.025667748662707497,2.56677486627075,25667.748662707498,30,856,8.56,Maintain existing vegetation and monitor future heat
8404_1447,13.000250598336006,77.47612078533703,6,4,39.867799869050046,39.194620830050034,43.29920996240003,3,0,0.23732622638611495,0.1738913578680107,0.0287715336307883,0.7137832284206524,5451.886121235224,0.14630680750000002,0.5,0.0,True,0.6607251973315366,0.5,0.0,0.9912014137241203,0.9336144813765804,0.2863500684179424,0.46167989571523416,60.26607176023958,High,1000000,100.0,0.08,0.12,0.8323236031373763,0.11329294412549505,11.329294412549505,113292.94412549505,30,3777,37.77,"Increase tree canopy, shaded streets and connected green corridors"
8404_1450,13.032928830636315,77.48015660835036,5,3,34.87015047110001,37.515318550880025,44.156261387300034,2,1,0.3269084226097091,0.2568193515182707,0.0265025442931801,0.7519083060324192,5636.488268416781,0.1593647425,0.4,0.2,True,0.3975599374010632,0.4,0.2,0.9952231434356744,0.9852238897115894,0.29604594912785737,0.39936808166777393,52.18445432466107,Moderate,1000000,100.0,0.04,0.07,0.8146563496601551,0.06443969048980466,6.443969048980466,64439.69048980466,30,2148,21.48,Targeted tree planting and protection of existing vegetation
8404_1454,13.06595060337726,77.47799295331934,3,3,39.7239439523,38.29370196680001,40.288857207800014,0,0,0.2691793350446532,0.249677918062355,0.0293106772005558,0.6988680383656174,4809.365862564419,0.1455573775,0.0,0.0,True,0.6531500601601312,0.0,0.0,0.9902457945515715,0.9134239878178999,0.2526028998346387,0.46525613826825574,47.17172379177098,Moderate,1000000,100.0,0.04,0.07,0.6778076948393658,0.060334230845180976,6.033423084518097,60334.23084518097,30,2012,20.12,Targeted tree planting and protection of existing vegetation
8404_1455,13.076402230476056,77.48096530480343,3,3,36.45592376000001,38.33156223500003,42.40572244430005,1,0,0.3137884579234287,0.2772808586762075,0.0972846711520105,0.4477532601449638,8811.923740024082,0.14317519,0.3333333333333333,0.0,True,0.48106328198048676,0.3333333333333333,0.0,0.8697635046807267,0.573493266623904,0.4628297271326512,0.4766238181139728,46.243884755431,Moderate,1000000,100.0,0.04,0.07,0.6495804056651442,0.05948741216995433,5.948741216995433,59487.41216995433,30,1983,19.83,Targeted tree planting and protection of existing vegetation
8404_1457,13.092352585202471,77.48013818345818,3,3,41.10458477090004,40.39855855970003,43.72391603750004,2,0,0.3838838690564361,0.3378590078328982,0.0932440496981144,0.4073172518983483,9895.453501482383,0.153928515,0.6666666666666666,0.0,True,0.7258515786072911,0.6666666666666666,0.0,0.8769254102414672,0.5187555823550781,0.5197400907071869,0.4253094879544258,61.50889889536625,High,1000000,100.0,0.08,0.12,0.7422138215917492,0.10968855286366996,10.968855286366995,109688.55286366996,30,3657,36.57,"Increase tree canopy, shaded streets and connected green corridors"
8404_1459,13.112326413551813,77.47616423302108,3,3,42.5204482856,39.94045273250001,43.00818264950003,2,0,0.3019450054867285,0.2520496110994324,0.0389137268066406,0.6673883605981246,11910.499569707394,0.16239054,0.6666666666666666,0.0,True,0.8004078470051754,0.6666666666666666,0.0,0.9732246172008525,0.8708103684909817,0.6255765969493249,0.384929127027146,69.03790363962688,Very High,1000000,100.0,0.12,0.18,0.8607743822986226,0.17164646293791735,17.164646293791737,171646.46293791736,30,5722,57.22,"Urgent urban greening: street trees, shaded corridors, pocket parks, institutional planting and suitable green roofs"
8404_1460,13.120174916285634,77.47780852222422,6,5,39.210394992350004,37.961504603000016,43.09657264670004,2,0,0.5488975773081765,0.46251328685077286,0.1264197613345459,0.40858439553994685,9068.708489137878,0.1596380375,0.3333333333333333,0.0,True,0.6261076978872394,0.3333333333333333,0.0,0.8181222493016125,0.520470897777759,0.4763168632984301,0.3980639315689949,48.965010961589414,Moderate,1000000,100.0,0.04,0.07,0.613155304206358,0.05839465912619074,5.839465912619074,58394.65912619074,30,1947,19.47,Targeted tree planting and protection of existing vegetation
8404_1461,13.126279009326783,77.4813219275438,4,4,34.19278435760002,35.71449967917502,42.46755442610003,1,0,0.5267595025104314,0.5794169835234474,0.2354514796752482,0.07618590083438895,6375.252858338744,0.14360914,0.25,0.0,True,0.3618913229919693,0.25,0.0,0.6248661180873356,0.07050749526636682,0.33484817026100494,0.47455303037411234,31.231812416908365,Low,1000000,100.0,0.01,0.03,0.40153455809694116,0.01803069116193882,1.803069116193882,18030.691161938823,30,602,6.02,Maintain existing vegetation and monitor future heat
8404_1463,13.144243812713846,77.47868595268498,4,4,40.71698130290005,39.84652269455003,42.63264479210002,2,0,0.46767431377627267,0.43685148733012197,0.065645937458612,0.6492287145229056,2300.0,0.16128835375,0.5,0.0,True,0.7054412298045099,0.5,0.0,0.9258424087203638,0.8462278981532436,0.12080317576627014,0.39018870479772494,58.56811140929317,High,1000000,100.0,0.08,0.12,0.7821667839908306,0.11128667135963322,11.128667135963322,111286.67135963321,30,3710,37.1,"Increase tree canopy, shaded streets and connected green corridors"
8405_1426,12.813883082590252,77.48500904762545,5,3,42.45260058860004,40.16909320502001,48.78856717249998,3,2,0.4284300919019609,0.3249733191035219,0.0786558724939823,0.0989575535058975,7111.258679024411,0.144795985,0.6,0.4,True,0.7968351360374951,0.6,0.4,0.9027826078610559,0.10133317733197304,0.3735054922267826,0.46888946527418207,61.67209975986524,High,1000000,100.0,0.08,0.12,0.6516579393969225,0.1060663175758769,10.606631757587689,106066.31757587689,30,3536,35.36,"Increase tree canopy, shaded streets and connected green corridors"
8405_1427,12.82126123972366,77.48927844311436,6,5,34.23673154975002,35.913233331200026,46.60857110660003,1,1,0.4328254178811454,0.33097452676728806,0.15567767457105217,0.30221789336064825,5658.111447217749,0.1263695825,0.16666666666666666,0.16666666666666666,True,0.36420548577620004,0.16666666666666666,0.16666666666666666,0.766263292976429,0.3764839844909572,0.2971816659406047,0.5568193382704604,36.288292167230665,Low,1000000,100.0,0.01,0.03,0.5084284433864059,0.020168568867728116,2.016856886772812,20168.568867728118,30,673,6.73,Maintain existing vegetation and monitor future heat
8405_1428,12.83294688936447,77.49027052092981,4,4,34.20306405275002,35.30658889985003,40.30635747020002,0,0,0.43040893849989215,0.3567559508029947,0.22637906740419567,0.07768830680288369,5170.956360976141,0.1505335025,0.0,0.0,True,0.36243262920029723,0.0,0.0,0.6409467533645477,0.0725412821586214,0.2715947609368319,0.441510318146091,24.77811839347796,Low,1000000,100.0,0.01,0.03,0.3349816331139981,0.01669963266227996,1.669963266227996,16699.63266227996,30,557,5.57,Maintain existing vegetation and monitor future heat
8405_1432,12.86622633407769,77.48605411122858,4,3,40.58652402455,40.097443815275014,44.63755278350002,2,1,0.33961034596896567,0.2731264499875654,0.12447400402743365,0.0686267355922609,4984.981851354192,0.165321765,0.5,0.25,True,0.698571635554682,0.5,0.25,0.8215710579159958,0.060274754244158714,0.2618267994699162,0.37094146763603475,52.04730381335174,Moderate,1000000,100.0,0.04,0.07,0.5728404798068297,0.057185214394204896,5.718521439420489,57185.21439420489,30,1907,19.07,Targeted tree planting and protection of existing vegetation
8405_1434,12.88443119589094,77.4848097609484,4,4,38.84887101695003,39.27588852807502,46.67691441650001,2,1,0.3786462763006905,0.3189987889376402,0.06761214707512406,0.49807690479792655,2452.143278270854,0.15389640875,0.5,0.25,True,0.6070706379853867,0.5,0.25,0.9223573488733194,0.6416157122290788,0.12879421541262254,0.4254626973768775,56.23492105889968,High,1000000,100.0,0.08,0.12,0.7395018168824755,0.10958007267529901,10.9580072675299,109580.07267529902,30,3653,36.53,"Increase tree canopy, shaded streets and connected green corridors"
8405_1435,12.897070052590518,77.48889553309394,4,3,35.547516584600004,36.32511613460001,42.69543381950003,1,0,0.31053173967393777,0.22594030607479745,0.03226715943310405,0.7498326027998701,5802.132991376933,0.15919484750000001,0.25,0.0,True,0.4332285518101571,0.25,0.0,0.9850055000119528,0.9824140379703863,0.30474612677242713,0.40017881212765083,47.37070412868826,Moderate,1000000,100.0,0.04,0.07,0.7639855576000536,0.06291956672800161,6.291956672800161,62919.56672800161,30,2098,20.98,Targeted tree planting and protection of existing vegetation
8405_1438,12.92139181139426,77.49059806934224,3,3,38.42552360480001,39.42592109180003,42.60601841630003,1,0,0.2947506650055557,0.2961770623742454,0.0343314486090093,0.6918444114271551,8486.45980371085,0.1552214,0.3333333333333333,0.0,True,0.5847780914524006,0.3333333333333333,0.0,0.9813465964753108,0.9039161978443002,0.44573534578307317,0.419139905267366,53.9604132577302,High,1000000,100.0,0.08,0.12,0.7714565378065155,0.11085826151226061,11.08582615122606,110858.26151226061,30,3696,36.96,"Increase tree canopy, shaded streets and connected green corridors"
8405_1439,12.92941750351931,77.48726443870423,4,3,36.230770237550004,36.53709318995001,41.611613857700014,1,0,0.3536806435174398,0.3035186857700449,0.035789984103757846,0.715335049200803,6682.4910215354175,0.13032309250000002,0.25,0.0,True,0.4692071911382355,0.25,0.0,0.9787613769516396,0.935715160439351,0.3509852771439414,0.5379533858855866,48.80948130796281,Moderate,1000000,100.0,0.04,0.07,0.75152372056369,0.0625457116169107,6.254571161691071,62545.71161691071,30,2085,20.85,Targeted tree planting and protection of existing vegetation
8405_1440,12.943766022762745,77.48684860588921,4,3,39.56430532820005,38.96595956457505,42.69917655140004,2,0,0.3748100968185355,0.2623657240873585,0.0366247697966173,0.73790977767203,6911.906196738845,0.14778918125,0.5,0.0,True,0.6447438402233269,0.5,0.0,0.9772817391375226,0.9662742688453081,0.3630348778976585,0.45460608217129816,60.25248878256051,High,1000000,100.0,0.08,0.12,0.8318957233378229,0.11327582893351291,11.327582893351291,113275.82893351291,30,3776,37.76,"Increase tree canopy, shaded streets and connected green corridors"
8405_1441,12.950487245708892,77.48824844608059,6,5,35.35773102410003,38.070439748750026,47.27351271740006,2,1,0.18513572953785712,0.0900774498869002,0.0287088245386257,0.7342853649752215,4640.574824213986,0.146188915,0.3333333333333333,0.16666666666666666,True,0.42323486029980184,0.3333333333333333,0.16666666666666666,0.9913125641006139,0.961367949788099,0.2437374678895871,0.46224247284075903,50.710313472035985,Moderate,1000000,100.0,0.04,0.07,0.7879298720079267,0.06363789616023781,6.363789616023781,63637.89616023781,30,2122,21.22,Targeted tree planting and protection of existing vegetation
8405_1447,13.005644086452733,77.48854983147876,4,3,31.833872034800027,34.60953071862504,43.90719026990004,1,1,0.20666252192111606,0.14941008199530695,0.028084218734875252,0.7429944408359006,5620.112610565663,0.14436152625,0.25,0.25,True,0.23767617199768523,0.25,0.25,0.992419663053137,0.9731573094555437,0.2951858484871283,0.4709626807436488,44.328895846436936,Low,1000000,100.0,0.01,0.03,0.7658412934176773,0.025316825868353543,2.5316825868353545,25316.825868353542,30,844,8.44,Maintain existing vegetation and monitor future heat
8405_1452,13.048209370663447,77.48752986026699,10,5,34.26281958740003,36.04649794331002,42.0310903622,2,0,0.35385769111991505,0.34765173693761453,0.0359602683456614,0.7120701839448884,2662.7622054820513,0.13510541125,0.2,0.0,True,0.36557922464072656,0.2,0.0,0.9784595521771807,0.9312955559504863,0.1398565785794041,0.5151323995147952,43.23217047185536,Low,1000000,100.0,0.01,0.03,0.7354888872786877,0.02470977774557375,2.470977774557375,24709.777745573752,30,824,8.24,Maintain existing vegetation and monitor future heat
8405_1461,13.130667887843664,77.48851003042452,5,5,36.069396968300026,36.744671253560035,44.89282760720004,1,1,0.4360319471869383,0.420937840785169,0.0765338470228016,0.4573404788970947,4588.027898781785,0.146922395,0.2,0.2,True,0.4607096285910467,0.2,0.2,0.9065438476098149,0.5864713565943509,0.24097753942482045,0.45874234289161075,43.78275954940428,Low,1000000,100.0,0.01,0.03,0.6305661951237777,0.022611323902475552,2.261132390247555,22611.323902475553,30,754,7.54,Maintain existing vegetation and monitor future heat
8405_1462,13.138357694944673,77.48698597558362,4,3,33.968254623800036,34.75272012147502,39.82920187820002,0,0,0.6089145314959443,0.6079322472637236,0.315642383066006,0.19833420740906146,1538.1527307120105,0.123057895,0.0,0.0,True,0.3500680794923693,0.0,0.0,0.4827296463915538,0.23585802636919403,0.08078858029720495,0.5726225457212019,23.36862297442836,Low,1000000,100.0,0.01,0.03,0.2885364284696157,0.015770728569392312,1.5770728569392312,15770.728569392313,30,526,5.26,Maintain existing vegetation and monitor future heat
8405_1463,13.145305733059038,77.48620535756856,5,4,29.10853087790001,28.800861225620018,31.52787379430004,0,0,0.0687530693334522,-0.62,0.0392153123393654,0.0241003641858696,300.0,0.0400490349999999,0.0,0.0,True,0.09416568199632538,0.0,0.0,0.9726900640068684,0.0,0.015756935969513497,0.9687366823447697,22.337789511564203,Low,1000000,100.0,0.01,0.03,0.4863450320034342,0.019726900640068684,1.9726900640068683,19726.900640068685,30,658,6.58,Maintain existing vegetation and monitor future heat
8406_1425,12.805632036032796,77.49529679042843,3,3,38.35538583440001,36.69510540620002,39.92635909670005,0,0,0.4082300616330785,0.3138283190725918,0.0862546125426888,0.2700002036290243,8234.682750416072,0.1631538025,0.0,0.0,True,0.5810847902404684,0.0,0.0,0.8893140215976786,0.3328713282256536,0.43251122942521114,0.3812868764745585,38.16995784293461,Low,1000000,100.0,0.01,0.03,0.51123127644397,0.0202246255288794,2.0224625528879403,20224.625528879402,30,675,6.75,Maintain existing vegetation and monitor future heat
8406_1426,12.815880672683711,77.49590570437283,4,4,36.05587869920001,37.404868652600015,46.37831618930005,1,1,0.4087838560896603,0.38505737878436785,0.060156816674862,0.2358953320654109,5267.547938206344,0.13558003375,0.25,0.25,True,0.45999778617909687,0.25,0.25,0.9355717449408625,0.2867040191210467,0.27666805192886734,0.512867524635058,43.39822783351594,Low,1000000,100.0,0.01,0.03,0.6001266762946406,0.02200253352589281,2.200253352589281,22002.53352589281,30,734,7.34,Maintain existing vegetation and monitor future heat
8406_1427,12.824079721010657,77.49642913087402,5,3,34.67754504410004,34.70366897096003,37.162360133600025,0,0,0.4006348046491447,0.3667091836734694,0.1420817530015483,0.2798960829386487,3106.444913401813,0.16990915,0.0,0.0,True,0.38741775790338623,0.0,0.0,0.7903617410500865,0.3462672478700701,0.1631601786443109,0.3490506953903383,29.501685701726828,Low,1000000,100.0,0.01,0.03,0.4644343200990573,0.019288686401981142,1.928868640198114,19288.686401981144,30,643,6.43,Maintain existing vegetation and monitor future heat
8406_1428,12.833835130546555,77.49745562099592,3,3,32.17584493580004,34.23114593540003,39.45574901300001,0,0,0.3948215441244443,0.3886954192338601,0.1589348840061575,0.251145718852058,3440.9301068170507,0.1377279075,0.0,0.0,True,0.255683715187442,0.0,0.0,0.760489966612663,0.30734826401816345,0.18072838456229168,0.5026179783088264,25.568075409350428,Low,1000000,100.0,0.01,0.03,0.4417146361099642,0.018834292722199282,1.8834292722199282,18834.292722199283,30,628,6.28,Maintain existing vegetation and monitor future heat
8406_1429,12.843840673386904,77.49942381437377,5,5,34.33029130220001,36.913323196400015,45.848027476400006,1,1,0.3403599696556724,0.353340478742408,0.0425403213594108,0.7166856343392283,3401.4702703389903,0.1668384725,0.2,0.2,True,0.3691321372100986,0.2,0.2,0.9667965644890619,0.937543429501777,0.17865583083978412,0.3637038151508304,44.66314510860974,Low,1000000,100.0,0.01,0.03,0.7309069681448863,0.024618139362897723,2.461813936289772,24618.139362897724,30,821,8.21,Maintain existing vegetation and monitor future heat
8406_1430,12.85102270906945,77.50067313515166,4,3,32.835864597800025,34.41454549520002,41.4850445771,1,0,0.449364824101052,0.4128566184205503,0.4527340531349182,0.03028985951095815,3293.1284711406047,0.10359498999999994,0.25,0.0,True,0.2904389034927072,0.25,0.0,0.239737917173509,0.008378637149883073,0.17296538153048127,0.6654985569115921,22.83534192609305,Low,1000000,100.0,0.01,0.03,0.19654468601673114,0.013930893720334622,1.393089372033462,13930.893720334621,30,465,4.65,Maintain existing vegetation and monitor future heat
8406_1432,12.865035645395167,77.49773044370417,7,4,34.09731905900004,34.310725579142876,38.9946239348,0,0,0.4999633260800468,0.3479801559177888,0.494728147983551,0.0323369691614061,3500.0,0.102325975,0.0,0.0,True,0.35686432967572984,0.0,0.0,0.16530438142996973,0.011149782140913814,0.18383091964432413,0.6715542331500964,17.573919197102683,Low,1000000,100.0,0.01,0.03,0.08488214714316762,0.011697642942863353,1.1697642942863353,11697.642942863353,30,390,3.9,Maintain existing vegetation and monitor future heat
8406_1433,12.877709458026642,77.49756449569014,8,4,34.26529765190003,35.68681585343752,43.70923564160003,2,0,0.3734631253705164,0.26680677694037647,0.06325368868419895,0.4705044358270243,1400.9507592642208,0.12240312,0.25,0.0,True,0.36570971408413044,0.25,0.0,0.9300826128561962,0.6042912292624009,0.07358230470055882,0.5757470993388241,40.46208992818778,Low,1000000,100.0,0.01,0.03,0.6608995522805783,0.023217991045611563,2.3217991045611566,23217.991045611565,30,774,7.74,Maintain existing vegetation and monitor future heat
8406_1436,12.904974809966676,77.49457485901704,3,3,43.26434615840002,39.94706660120004,44.03345192870005,2,1,0.3896931510392345,0.1386397608370702,0.0326725924387574,0.7408876204863191,8528.77482408816,0.1624422399999999,0.6666666666666666,0.3333333333333333,True,0.8395798779878703,0.6666666666666666,0.3333333333333333,0.9842868796386197,0.9703053348886381,0.4479578626718529,0.38468241720769525,73.81795428249953,Very High,1000000,100.0,0.12,0.18,0.8862045067970374,0.17317227040782224,17.317227040782225,173172.27040782225,30,5773,57.73,"Urgent urban greening: street trees, shaded corridors, pocket parks, institutional planting and suitable green roofs"
8406_1437,12.915257464931004,77.49823822922922,5,3,36.18123458270001,35.09458450034002,37.38839379620004,0,0,0.2477466750377057,0.1807400379506641,0.0302905300632119,0.7308089698199183,11541.230437002809,0.141408535,0.0,0.0,True,0.4665987521609489,0.0,0.0,0.9885090286243903,0.9566620000997891,0.6061814300175118,0.4850542075933213,43.84839618324638,Low,1000000,100.0,0.01,0.03,0.6855869143321529,0.023711738286643056,2.371173828664306,23711.738286643056,30,791,7.91,Maintain existing vegetation and monitor future heat
8406_1438,12.92328187812054,77.49953388189678,3,3,37.1968479554,37.1663421269,43.7848593341,1,0,0.3586224855152659,0.3791878172588832,0.037163951434195,0.6676657358184457,11580.155439371269,0.1473960549999999,0.3333333333333333,0.0,True,0.5200787256310949,0.3333333333333333,0.0,0.9763260524906843,0.8711858476218922,0.6082258925839551,0.45648206101383204,52.6159841338343,Moderate,1000000,100.0,0.04,0.07,0.7624001957697206,0.06287200587309162,6.2872005873091625,62872.00587309162,30,2096,20.96,Targeted tree planting and protection of existing vegetation
8406_1439,12.93096617269413,77.49643615495955,9,5,35.323328652800015,35.228598228500026,41.30404332800004,1,0,0.3615530431250424,0.3596026490066225,0.0384934628382325,0.7254705764353275,10000.0,0.1362672724999999,0.1111111111111111,0.0,True,0.4214233068544746,0.1111111111111111,0.0,0.9739695251034274,0.9494354882787818,0.5252311989837832,0.5095880556228287,44.6984710157843,Low,1000000,100.0,0.01,0.03,0.7102051935408035,0.02420410387081607,2.420410387081607,24204.10387081607,30,807,8.07,Maintain existing vegetation and monitor future heat
8406_1440,12.942697516884715,77.49724487729719,5,3,36.380419698200015,38.19332041610003,43.92060599840001,2,1,0.3900411110525484,0.4042553191489361,0.0621267186943441,0.6900686959270388,7495.331880577403,0.150167615,0.4,0.2,True,0.47708740362904556,0.4,0.2,0.9320801403972497,0.901512435489623,0.3936782150417044,0.4432563150332167,53.49362122010095,High,1000000,100.0,0.08,0.12,0.7663425572965494,0.11065370229186197,11.065370229186197,110653.70229186198,30,3689,36.89,"Increase tree canopy, shaded streets and connected green corridors"
8406_1442,12.957980984038857,77.4971784828725,4,4,32.347532080400015,34.71535261782501,43.05248018870001,1,0,0.30563084388359313,0.13674012785295236,0.03261582762934265,0.741711312555708,2445.682452801823,0.15098228875,0.25,0.0,True,0.26472438379734997,0.25,0.0,0.9843874939151216,0.9714203558411012,0.12845487270187012,0.4393687325617657,41.51086550737651,Low,1000000,100.0,0.01,0.03,0.761477818125781,0.025229556362515615,2.5229556362515613,25229.556362515614,30,841,8.41,Maintain existing vegetation and monitor future heat
8406_1446,12.992819411266911,77.49435973792366,6,5,33.93727881755001,36.081932556650024,44.238584399000025,1,1,0.18836142011414686,0.1392305972842145,0.026426687487401047,0.7129272382007912,2583.814792952603,0.1540839175,0.16666666666666666,0.16666666666666666,True,0.34843696144981756,0.16666666666666666,0.16666666666666666,0.9953575978222899,0.932455738849222,0.13571001416545314,0.4245679149811715,43.34275317838755,Low,1000000,100.0,0.01,0.03,0.7341699466809894,0.024683398933619788,2.468339893361979,24683.39893361979,30,823,8.23,Maintain existing vegetation and monitor future heat
8406_1447,13.00516783337004,77.49355548625279,3,3,33.211727167100015,34.006200342500016,36.32550920690001,0,0,0.2188166347966048,0.1384772611139499,0.0254062274470925,0.738236932316795,5024.937810560445,0.1575254325,0.0,0.0,True,0.31023100231191214,0.0,0.0,0.9971663390074242,0.9667171337181959,0.2639254111059609,0.4081451771806276,37.29194943308363,Low,1000000,100.0,0.01,0.03,0.6919265962473513,0.023838531924947025,2.3838531924947026,23838.531924947023,30,795,7.95,Maintain existing vegetation and monitor future heat
8406_1448,13.014264194637793,77.49925235108944,5,4,36.19403506760003,39.19211371238002,47.525882224100016,2,2,0.2170866370542572,0.2224448897795591,0.0305995891103521,0.7410977790132165,2973.2137494637013,0.1612732975,0.4,0.4,True,0.4672727976306718,0.4,0.4,0.9879612288036037,0.9705898236794593,0.15616246224658895,0.39026055247120883,55.27561567135779,High,1000000,100.0,0.08,0.12,0.8080985791376938,0.11232394316550776,11.232394316550776,112323.94316550775,30,3745,37.45,"Increase tree canopy, shaded streets and connected green corridors"
8406_1451,13.040503172788394,77.4952010779901,7,3,31.44021867140002,33.54115593470002,39.54825772430002,0,0,0.3214037053339202,0.3157735392067817,0.0335332008544355,0.7358789353165776,6129.437168288782,0.1436594924999999,0.0,0.0,True,0.21694724896755807,0.0,0.0,0.9827614716616062,0.9635251446742341,0.3219371632996082,0.47431275075740276,34.86634056097823,Low,1000000,100.0,0.01,0.03,0.68408576476565,0.023681715295312995,2.3681715295312995,23681.715295312995,30,790,7.9,Maintain existing vegetation and monitor future heat
8406_1453,13.055469060161435,77.49668006642001,5,4,35.70783881270003,35.87499366278003,43.7883115343,1,0,0.2205043164414962,0.1401726764855256,0.034916334785521,0.7054656802210957,5721.8878003679865,0.1527495625,0.2,0.0,True,0.44167076883480133,0.2,0.0,0.9803098996187121,0.9223551274744507,0.300531398983796,0.43093539043830154,45.835656781179715,Moderate,1000000,100.0,0.04,0.07,0.7346259753042462,0.06203877925912739,6.203877925912739,62038.77925912739,30,2068,20.68,Targeted tree planting and protection of existing vegetation
8406_1454,13.065875458675974,77.49754596361403,7,6,33.82305713420003,35.1604892971143,43.67209885430002,1,0,0.2473543821878884,0.1827956989247312,0.0269816315267235,0.7479050272377208,6328.506932918696,0.1439988975,0.14285714285714285,0.0,True,0.3424222980360887,0.14285714285714285,0.0,0.9943739726927221,0.9798047046780957,0.33239292841540713,0.47269312703843147,42.583184426952215,Low,1000000,100.0,0.01,0.03,0.736005070139123,0.024720101402782458,2.472010140278246,24720.101402782457,30,825,8.25,Maintain existing vegetation and monitor future heat
8406_1455,13.074320869161301,77.49779797207391,4,3,33.814802615900035,35.79257580102504,43.82047510250001,1,0,0.24733180084330295,0.2646207961170576,0.03232877003028985,0.7172592778224498,4400.284682949935,0.14710883125000002,0.25,0.0,True,0.3419876332004743,0.25,0.0,0.984896296691716,0.9383199630229877,0.23111667998957708,0.4578526784123722,44.111119868629594,Low,1000000,100.0,0.01,0.03,0.7551121409504555,0.025102242819009107,2.5102242819009106,25102.24281900911,30,837,8.37,Maintain existing vegetation and monitor future heat
8406_1458,13.100921483952469,77.49729990391006,8,4,34.115024402600014,35.03793252785002,43.90197778940001,1,1,0.3234034715473859,0.3300573107424677,0.0466292448691092,0.39666219911305234,7844.981759166015,0.15586428125000001,0.125,0.125,True,0.3577966542506702,0.125,0.125,0.959549044681604,0.5043319797167534,0.4120429175372675,0.4160721080310802,38.68603022275344,Low,1000000,100.0,0.01,0.03,0.6181409182841526,0.022362818365683053,2.2362818365683053,22362.81836568305,30,746,7.46,Maintain existing vegetation and monitor future heat
8406_1460,13.121810784368293,77.49647456279844,6,4,34.96954649270002,35.74975797965002,43.93696122410004,1,1,0.38115265760545713,0.32353915142540324,0.04307815164793275,0.49742068722844124,7848.300956112411,0.15275000249999998,0.16666666666666666,0.16666666666666666,True,0.402793913972359,0.16666666666666666,0.16666666666666666,0.9658432730763298,0.6407273992702162,0.4122172521164494,0.43093329078026366,43.02782655583477,Low,1000000,100.0,0.01,0.03,0.6610671163922082,0.02322134232784416,2.322134232784416,23221.34232784416,30,775,7.75,Maintain existing vegetation and monitor future heat
8406_1462,13.136636976603643,77.49649686475831,4,3,33.10977617555001,35.379367090700015,43.605635455400034,1,0,0.3884875313553109,0.34905339589072143,0.0522320123855024,0.5962364660808817,3806.858344474224,0.14460402124999988,0.25,0.0,True,0.30486248662483095,0.25,0.0,0.9496182723266482,0.7744929992427539,0.19994807726296168,0.4698055067075221,40.73384659592461,Low,1000000,100.0,0.01,0.03,0.7047077360118749,0.024094154720237494,2.4094154720237495,24094.154720237493,30,804,8.04,Maintain existing vegetation and monitor future heat
8406_1463,13.147791583769344,77.49751015987312,4,3,42.33983156375004,40.71932264660004,46.92863449940003,2,2,0.5224205724982458,0.46403753183029756,0.17121038632467384,0.054604995297268,3141.42350888525,0.1564062925,0.5,0.5,True,0.7908969664354157,0.5,0.5,0.7387319303009234,0.04129371169204091,0.16499736360876432,0.4134856573999789,55.61324016954045,High,1000000,100.0,0.08,0.12,0.5276247074888699,0.10110498829955479,10.110498829955478,101104.9882995548,30,3371,33.71,"Increase tree canopy, shaded streets and connected green corridors"
8407_1428,12.832395690079183,77.50623429416918,3,3,41.55176432750002,39.493335839600014,42.613503880100026,2,0,0.5576157274797747,0.462258953168044,0.0920365387573838,0.1099814558401703,1615.549442140351,0.1514795575,0.6666666666666666,0.0,True,0.7493990736149437,0.6666666666666666,0.0,0.8790656947050699,0.11625608667810772,0.08485369705129586,0.4369957909073914,56.106432602265535,High,1000000,100.0,0.08,0.12,0.6627840646881564,0.10651136258752625,10.651136258752626,106511.36258752625,30,3551,35.51,"Increase tree canopy, shaded streets and connected green corridors"
8407_1429,12.837664292668052,77.50413013622904,5,3,34.40453069660002,35.46480733664002,39.554427250400046,0,0,0.4020603688060162,0.3006993006993007,0.3261445856187492,0.2273154715076089,3400.0,0.150322275,0.0,0.0,True,0.37304142094904463,0.0,0.0,0.46411474179810597,0.27508957648320725,0.1785786076544863,0.4425182852329015,24.00934398471194,Low,1000000,100.0,0.01,0.03,0.28707528619569445,0.01574150572391389,1.574150572391389,15741.50572391389,30,525,5.25,Maintain existing vegetation and monitor future heat
8407_1430,12.849138408442036,77.5082805104566,6,4,33.287752476950025,34.81921912475002,41.12459727800004,1,0,0.44331262480671385,0.4499255077818227,0.0656351489014923,0.6519235391169786,5938.14588278496,0.14783118749999996,0.16666666666666666,0.0,True,0.3142343284428287,0.16666666666666666,0.0,0.9258615311816262,0.8498758462120776,0.3118899481755761,0.4544056304429944,39.81185584288956,Low,1000000,100.0,0.01,0.03,0.6829059348332286,0.023658118696664572,2.3658118696664574,23658.118696664573,30,789,7.89,Maintain existing vegetation and monitor future heat
8407_1431,12.860482755659056,77.50658798673717,4,3,36.199623530300045,36.224314452275046,41.309853962000055,1,0,0.4065507528901619,0.3126338329764453,0.3823614079738036,0.0374877263675443,5279.246344136574,0.14110965125,0.25,0.0,True,0.46756707382372836,0.25,0.0,0.3644717593446011,0.018122293373363945,0.27728248870616073,0.48648046592986594,29.744126311794638,Low,1000000,100.0,0.01,0.03,0.26086033834697336,0.015217206766939467,1.5217206766939468,15217.206766939467,30,508,5.08,Maintain existing vegetation and monitor future heat
8407_1432,12.870141129712186,77.50840776834474,5,3,36.69778285520004,37.84718094872003,45.03855488990005,2,1,0.5013377460911522,0.4080779944289693,0.2993560510221869,0.2339839471969753,3981.205847478877,0.117048925,0.4,0.2,True,0.4937990516567214,0.4,0.2,0.511596783132667,0.28411660295458085,0.20910535206725794,0.6012970506300384,41.38110133972394,Low,1000000,100.0,0.01,0.03,0.43262171215724965,0.018652434243144993,1.8652434243144993,18652.43424314499,30,622,6.22,Maintain existing vegetation and monitor future heat
8407_1435,12.894334707094163,77.50987213025321,3,3,37.607078715800014,38.27634412190003,41.52833380040006,1,0,0.3516074223490714,0.3177976952624839,0.0605020672082901,0.073770061135292,7684.399781375251,0.136484275,0.3333333333333333,0.0,True,0.5416805780412356,0.3333333333333333,0.0,0.9349597965701921,0.0672372053335238,0.4036086510642445,0.5085525305242707,43.8413255844011,Low,1000000,100.0,0.01,0.03,0.5809273393518009,0.021618546787036015,2.1618546787036017,21618.546787036015,30,721,7.21,Maintain existing vegetation and monitor future heat
8407_1436,12.905411651065393,77.50618880887711,3,3,37.0149238409,35.501777780300024,38.446664058500026,0,0,0.2532002160237042,0.1613190730837789,0.0319648741278797,0.724015686661005,10187.246929372037,0.1474347475,0.0,0.0,True,0.5104990006308475,0.0,0.0,0.9855412935360724,0.9474660234239151,0.535065991905794,0.4562974223351254,44.52956672741026,Low,1000000,100.0,0.01,0.03,0.6822638514528192,0.02364527702905638,2.364527702905638,23645.277029056382,30,789,7.89,Maintain existing vegetation and monitor future heat
8407_1438,12.920030840396716,77.50922681317144,4,3,39.41780899100004,39.34262536857503,45.3957721601,2,1,0.3405625947619627,0.1804566593438037,0.033669575699605006,0.7369687320897356,14998.492255089252,0.15638755125,0.5,0.25,True,0.6370296643001584,0.5,0.25,0.9825197504874975,0.9650003880098891,0.7877676070089514,0.41357508970952983,64.50540355000851,Very High,1000000,100.0,0.12,0.18,0.8342599528457265,0.1700555971707436,17.00555971707436,170055.5971707436,30,5669,56.69,"Urgent urban greening: street trees, shaded corridors, pocket parks, institutional planting and suitable green roofs"
8407_1439,12.931319226258536,77.50640318843557,9,4,34.34956893500005,35.698963354100016,43.57765896170001,2,0,0.317159652887935,0.2846074380165289,0.0329877736512571,0.745122796157375,12571.79382586272,0.16193107,0.2222222222222222,0.0,True,0.3701472550870645,0.2222222222222222,0.0,0.9837282284251372,0.9760384356262629,0.66030983445348,0.38712169493320336,46.4134386377406,Moderate,1000000,100.0,0.04,0.07,0.7537384680044878,0.06261215404013465,6.261215404013464,62612.15404013465,30,2088,20.88,Targeted tree planting and protection of existing vegetation
8407_1442,12.958289092911238,77.50755555988569,3,3,32.21363114690001,31.769841126800014,32.55273291110001,0,0,0.2384194344021355,0.203088441740758,0.0298512934241443,0.7607101757312194,4741.307836451879,0.1340317425,0.0,0.0,True,0.2576734542175529,0.0,0.0,0.989287565135101,0.9971388631582722,0.24902827996908275,0.5202558931987942,36.38732660097521,Low,1000000,100.0,0.01,0.03,0.6940715551992049,0.023881431103984097,2.38814311039841,23881.431103984098,30,797,7.97,Maintain existing vegetation and monitor future heat
8407_1443,12.96791749198308,77.50405275851722,5,3,36.54492900080003,37.28021004518002,42.14448317570003,2,0,0.269112653181751,0.2028289972215206,0.0324083501473069,0.7312525445595384,3138.4709652950432,0.1511702375,0.4,0.0,True,0.4857501028166821,0.4,0.0,0.9847552428243612,0.9572624613000853,0.16484228680777072,0.43847185050802195,51.933027026445686,Moderate,1000000,100.0,0.04,0.07,0.8038301136721976,0.06411490341016593,6.411490341016593,64114.90341016593,30,2138,21.38,Targeted tree planting and protection of existing vegetation
8407_1449,13.022657270401584,77.50711689518792,6,4,44.26180984490002,40.529448787250026,47.86980339650004,4,3,0.25633782460224197,0.1572954872209541,0.026197982137091402,0.7276063011959195,3825.576746897777,0.19189973124999996,0.6666666666666666,0.5,True,0.8921041287759814,0.6666666666666666,0.5,0.995762972623875,0.9523265903608025,0.20093122615776005,0.2441127393011434,75.11472085020678,Very High,1000000,100.0,0.12,0.18,0.888346804384098,0.17330080826304586,17.330080826304588,173300.80826304585,30,5777,57.77,"Urgent urban greening: street trees, shaded corridors, pocket parks, institutional planting and suitable green roofs"
8407_1450,13.031001317308743,77.50448810351222,6,4,33.78007553270003,34.42702126820003,40.01353569680003,0,0,0.22227378723727326,0.1983555258936751,0.02770381141453975,0.7198256328701973,4562.641840356988,0.1393092125,0.0,0.0,True,0.34015898113842596,0.0,0.0,0.9930939259936137,0.9417940035728996,0.23964418443442762,0.4950720697779354,38.19269963084779,Low,1000000,100.0,0.01,0.03,0.6849057637113868,0.023698115274227733,2.3698115274227733,23698.115274227734,30,790,7.9,Maintain existing vegetation and monitor future heat
8407_1451,13.038629492912015,77.50524932175614,3,3,40.19180252990002,38.50635977780002,44.73412893860004,1,1,0.2172345198290091,0.095095095095095,0.0295147954020649,0.7110388586297631,6530.696746902278,0.168240285,0.3333333333333333,0.3333333333333333,True,0.6777864670748132,0.3333333333333333,0.3333333333333333,0.9898839998872812,0.9298994646465801,0.34301256825749765,0.35701443587076775,59.647650344327396,High,1000000,100.0,0.08,0.12,0.7809218928729567,0.11123687571491826,11.123687571491827,111236.87571491826,30,3708,37.08,"Increase tree canopy, shaded streets and connected green corridors"
8407_1452,13.046077561301427,77.50681686516396,4,3,34.568655471950024,33.99542788280003,36.22795891610004,0,0,0.21713410954633622,0.17785659105274243,0.0275096886325627,0.7227777545340359,9258.679412822363,0.12369956624999995,0.0,0.0,True,0.38168387177477303,0.0,0.0,0.9934380040141785,0.9457902512384164,0.486294728900316,0.5695605225445206,41.08926498306422,Low,1000000,100.0,0.01,0.03,0.6858770522547726,0.02371754104509545,2.371754104509545,23717.54104509545,30,791,7.91,Maintain existing vegetation and monitor future heat
8407_1454,13.067828949268474,77.50419385024877,6,4,40.37315412605002,39.207817235600025,44.423618911700025,3,1,0.2867459314061307,0.28636527348899987,0.0325925035285763,0.739404364139773,4890.557551395374,0.14276889125,0.5,0.16666666666666666,True,0.6873360445139981,0.5,0.16666666666666666,0.9844288353297738,0.9682974705838383,0.25686734064185873,0.4785626554690152,62.913305218425975,Very High,1000000,100.0,0.12,0.18,0.8358739117816545,0.17015243470689925,17.015243470689924,170152.43470689925,30,5672,56.72,"Urgent urban greening: street trees, shaded corridors, pocket parks, institutional planting and suitable green roofs"
8407_1455,13.073935724478051,77.50544127172071,5,3,37.10093831420004,38.36985089504003,43.93682450330004,1,1,0.2797160391012217,0.2239968835216205,0.0283007102552801,0.7439641582313925,2531.7977802344326,0.1541094375,0.2,0.2,True,0.5150283342077632,0.2,0.2,0.992035936974975,0.9744700029415252,0.1329779183697012,0.4244461348149744,49.86320937619615,Moderate,1000000,100.0,0.04,0.07,0.7509119690757926,0.06252735907227377,6.252735907227377,62527.35907227377,30,2085,20.85,Targeted tree planting and protection of existing vegetation
8407_1456,13.083854266649716,77.50662307351219,4,3,31.329107386250033,32.527388292800026,42.130554744200005,1,0,0.059509278643942606,-0.0579802517195423,0.037779934005811755,0.08249075454659754,714.1085181396727,0.09460140375,0.25,0.0,True,0.2110963723034808,0.25,0.0,0.975234238012313,0.07904229152407842,0.0375072073187033,0.7084155015915734,31.73144119908129,Low,1000000,100.0,0.01,0.03,0.5784255773109722,0.021568511546219443,2.156851154621944,21568.511546219444,30,719,7.19,Maintain existing vegetation and monitor future heat
8407_1458,13.101430420122686,77.50467816119745,7,5,40.63067629790004,40.30017817832861,45.78807540560005,3,2,0.2481495008522036,0.1819731111531906,0.0346090793609619,0.3955422642175108,7227.72439983706,0.1756947925,0.42857142857142855,0.2857142857142857,True,0.7008965974652653,0.42857142857142855,0.2857142857142857,0.9808545025613102,0.502815938807376,0.37962263524507645,0.3214418981643542,57.8446260889271,High,1000000,100.0,0.08,0.12,0.7195618676135589,0.10878247470454236,10.878247470454236,108782.47470454236,30,3627,36.27,"Increase tree canopy, shaded streets and connected green corridors"
8407_1459,13.113344933432945,77.50778004230168,4,4,40.45179422120003,39.66877710950003,45.45413485160001,2,2,0.40415707210717594,0.38175428404184975,0.06807688402477649,0.3819536510854959,11467.430704357379,0.14503759999999993,0.5,0.5,True,0.691477059505886,0.5,0.5,0.9215336136677392,0.48442121471059985,0.6023052378113076,0.4677364905541308,62.26173677912586,High,1000000,100.0,0.08,0.12,0.7076510497759896,0.10830604199103958,10.830604199103957,108306.04199103957,30,3611,36.11,"Increase tree canopy, shaded streets and connected green corridors"
8407_1460,13.121297621577,77.50616296301982,4,4,39.06372775415004,39.16971200930003,46.18126733630002,1,1,0.39216484220879494,0.2895435804582467,0.0376491878414526,0.5405265581794083,10134.74681345181,0.17408080374999996,0.25,0.25,True,0.6183845226921144,0.25,0.25,0.9754659824833687,0.6990792410211705,0.532308522022637,0.32914377191887156,53.23157929793321,High,1000000,100.0,0.08,0.12,0.7025488394459184,0.10810195357783674,10.810195357783673,108101.95357783674,30,3604,36.04,"Increase tree canopy, shaded streets and connected green corridors"
8407_1461,13.1264614549036,77.50338051505818,3,3,35.47842131030002,34.84871948570001,35.58485845310002,0,0,0.408729015207028,0.4184808901790033,0.0626573000336065,0.1810246576787904,7723.34124585985,0.13173981,0.0,0.0,True,0.42959014615717533,0.0,0.0,0.9311396975749149,0.21242632009906726,0.40565397827238747,0.5311928806894908,33.663297344139046,Low,1000000,100.0,0.01,0.03,0.5080551128072709,0.020161102256145418,2.0161102256145416,20161.10225614542,30,673,6.73,Maintain existing vegetation and monitor future heat
8407_1462,13.135021289502252,77.50734250782276,5,3,33.3297343076,37.00544225342001,44.788714718,2,1,0.4141931039572902,0.4072847682119205,0.0466482556657865,0.144495592569001,6888.39603971781,0.140200735,0.4,0.2,True,0.3164449995995307,0.4,0.2,0.9595153484960071,0.16297741257040696,0.36180005110161295,0.49081776890730566,41.77894344117469,Low,1000000,100.0,0.01,0.03,0.6323531567620849,0.022647063135241695,2.2647063135241696,22647.063135241693,30,755,7.55,Maintain existing vegetation and monitor future heat
8408_1425,12.802386092754045,77.51421211854033,4,3,41.31937314770002,41.279835201350025,42.91384529750005,2,0,0.44419317617361553,0.2977008971142411,0.1169265632051974,0.5985950271133333,4655.961203898615,0.15297636874999995,0.5,0.0,True,0.7371618636052337,0.5,0.0,0.8349487175188306,0.7776857518096175,0.24454560855456486,0.4298530823340876,58.28793764347891,High,1000000,100.0,0.08,0.12,0.7230115091213388,0.10892046036485355,10.892046036485354,108920.46036485354,30,3631,36.31,"Increase tree canopy, shaded streets and connected green corridors"
8408_1426,12.814310301127042,77.51339058196959,6,4,34.52340088715002,36.40017300545002,44.57225151140005,1,1,0.44317493729863566,0.4440546601864912,0.0880203755223192,0.31724952603690326,4651.167491462426,0.1418671525,0.16666666666666666,0.16666666666666666,True,0.3793008645600564,0.16666666666666666,0.16666666666666666,0.8861842486538235,0.3968321048706854,0.24429382782152056,0.48286570777471205,38.109241726630394,Low,1000000,100.0,0.01,0.03,0.5724585453010488,0.021449170906020974,2.1449170906020973,21449.170906020972,30,715,7.15,Maintain existing vegetation and monitor future heat
8408_1428,12.833772289885657,77.51557230074584,4,4,37.955135692400006,38.56695272735,44.4609266,1,1,0.2686615221375699,0.24648126500084555,0.0570242279791273,0.6090088380151428,4260.0947846009185,0.1315948575,0.25,0.25,True,0.5600084953127279,0.25,0.25,0.941124184003884,0.7917827885324799,0.22375346915005023,0.5318845867843454,51.36313578443688,Moderate,1000000,100.0,0.04,0.07,0.703918649708438,0.061117559491253144,6.111755949125315,61117.559491253145,30,2038,20.38,Targeted tree planting and protection of existing vegetation
8408_1433,12.87523737806329,77.51652927209221,4,3,33.82163011085002,34.083330812150024,36.21042447350002,0,0,0.2987830917799007,0.21137017366220545,0.0283094514161348,0.7558324376586825,6409.681961531007,0.13453151375,0.0,0.0,True,0.3423471541152317,0.0,0.0,0.992020443474966,0.9905359342803233,0.3366564941759658,0.5178710097393293,39.32871813796115,Low,1000000,100.0,0.01,0.03,0.6941174085935476,0.023882348171870953,2.388234817187095,23882.34817187095,30,797,7.97,Maintain existing vegetation and monitor future heat
8408_1435,12.894225507804416,77.5136532507483,5,4,43.3854978773,39.060977957060025,44.50214792120002,3,1,0.3087702518621569,0.2270168855534709,0.0455175349488854,0.5950468862429261,9449.338601193209,0.162582545,0.6,0.2,True,0.8459594618795321,0.6,0.2,0.9615195241116689,0.7728826809050624,0.49630874431084543,0.3840128887508655,68.93201169242018,Very High,1000000,100.0,0.12,0.18,0.815336298236847,0.16892017789421082,16.892017789421082,168920.17789421082,30,5631,56.31,"Urgent urban greening: street trees, shaded corridors, pocket parks, institutional planting and suitable green roofs"
8408_1438,12.92259136692186,77.51639793696185,5,5,33.04603864760004,36.752013160520036,43.9760462828,2,1,0.3622175950732167,0.3129314312011044,0.0309634543955326,0.75288774096407,16017.802595861893,0.150129335,0.4,0.2,True,0.30150620814776147,0.4,0.2,0.9873162862275596,0.9865497376964741,0.8413049662510097,0.44343898528251247,52.14414767247859,Moderate,1000000,100.0,0.04,0.07,0.8109680906530746,0.06432904271959225,6.432904271959225,64329.04271959225,30,2145,21.45,Targeted tree planting and protection of existing vegetation
8408_1444,12.97628690629233,77.51798482637383,4,3,31.851004860050036,32.30976295940002,35.62266175430001,0,0,0.2214825917762659,0.1584660236730073,0.034704987076111055,0.7169005798641592,9021.364624862854,0.11469155624999994,0.0,0.0,True,0.23857834901156527,0.0,0.0,0.980684508414053,0.9378343983878973,0.4738302158386605,0.6125462966395565,36.677844642827814,Low,1000000,100.0,0.01,0.03,0.6779091338846059,0.023558182677692115,2.3558182677692114,23558.182677692115,30,786,7.86,Maintain existing vegetation and monitor future heat
8408_1447,13.00483775529228,77.51348058539998,7,4,36.789231980300016,36.96494994705717,43.10739068000005,1,0,0.2110880041841524,0.1409929078014184,0.0263041912112385,0.7126867482438684,8987.213138676527,0.1657669075,0.14285714285714285,0.0,True,0.4986145620819268,0.14285714285714285,0.0,0.9955747195624551,0.9321301908067056,0.4720364732349882,0.36881726984483565,46.98905685078938,Moderate,1000000,100.0,0.04,0.07,0.7270705407997116,0.061812116223991354,6.181211622399135,61812.116223991354,30,2061,20.61,Targeted tree planting and protection of existing vegetation
8408_1448,13.010678112779177,77.5124071285603,3,3,36.205468344500005,37.53845057090002,43.786978506500034,1,0,0.2063712851133125,0.1666153372343702,0.0297425944590941,0.7272912422195077,7102.816342831905,0.1591492525,0.3333333333333333,0.0,True,0.4678748489247206,0.3333333333333333,0.0,0.9894802314690109,0.9519000992326053,0.3730620743907212,0.4003963891918263,50.59807558334891,Moderate,1000000,100.0,0.04,0.07,0.7851201355810266,0.0635536040674308,6.355360406743079,63553.604067430795,30,2119,21.19,Targeted tree planting and protection of existing vegetation
8408_1450,13.028783459028364,77.51713044707222,6,4,34.95343052840002,37.024693681400024,44.84389865090003,2,1,0.276828163801658,0.24781261657265263,0.03838462877320125,0.706534908094909,7818.597901561513,0.13210705874999995,0.3333333333333333,0.16666666666666666,True,0.4019452826266349,0.3333333333333333,0.16666666666666666,0.974162430898845,0.9238025269657969,0.41065715502092454,0.5294403879853107,50.60930792697087,Moderate,1000000,100.0,0.04,0.07,0.7718417208425818,0.06315525162527746,6.315525162527747,63155.251625277466,30,2106,21.06,Targeted tree planting and protection of existing vegetation
8408_1451,13.040087248836222,77.51435665278119,9,6,33.17416312730005,34.867060960800025,42.308975388200025,1,0,0.3005647391549498,0.2159285959491932,0.0347284062299877,0.7153170146048069,9102.197536858886,0.1277808549999999,0.1111111111111111,0.0,True,0.308252962335348,0.1111111111111111,0.0,0.9806429985200205,0.9356907472476351,0.47807581256716314,0.5500848163425838,41.23272224266362,Low,1000000,100.0,0.01,0.03,0.7107929820428706,0.024215859640857408,2.421585964085741,24215.85964085741,30,808,8.08,Maintain existing vegetation and monitor future heat
8408_1453,13.055576878277158,77.51523451362814,4,3,39.51825605375003,38.73647797430002,44.28183944210003,1,1,0.4104938540281111,0.4803571737525419,0.06281664053676644,0.5310121207730845,9803.55071477597,0.14591711875,0.25,0.25,True,0.6423189863940005,0.25,0.25,0.9308572703174612,0.6861996741864186,0.5149130696220109,0.46353947097934667,53.7366880914529,High,1000000,100.0,0.08,0.12,0.6776685699960143,0.10710674279984057,10.710674279984058,107106.74279984058,30,3571,35.71,"Increase tree canopy, shaded streets and connected green corridors"
8408_1454,13.066664142395762,77.51524539977547,4,3,43.58034210740001,43.073398471100006,44.124730152800005,3,1,0.32697109409542735,0.34677573615609203,0.03419574315194035,0.717771349940449,6097.72058406372,0.16650216125,0.75,0.25,True,0.8562195318398728,0.75,0.25,0.9815871311749095,0.9390131482094918,0.3202713093435883,0.3653086756492222,74.4784243298788,Very High,1000000,100.0,0.12,0.18,0.9035961952293532,0.17421577171376118,17.421577171376118,174215.77171376118,30,5808,58.08,"Urgent urban greening: street trees, shaded corridors, pocket parks, institutional planting and suitable green roofs"
8408_1455,13.07190191227093,77.5131308637645,5,3,31.157975669900026,31.845035288120023,33.51871663340001,0,0,0.283980996813837,0.2905882352941176,0.029551506973803,0.7628237644676119,4024.9223594996215,0.14880422,0.0,0.0,True,0.20208495132743737,0.0,0.0,0.9898189294982892,1.0,0.2114014796696624,0.449762367920847,34.215651720250015,Low,1000000,100.0,0.01,0.03,0.6949094647491446,0.023898189294982893,2.3898189294982894,23898.18929498289,30,797,7.97,Maintain existing vegetation and monitor future heat
8408_1456,13.082163982352244,77.51352366813663,3,3,37.44913201160003,36.55487543900002,39.05459309570003,0,0,0.2897814702055858,0.1442991511814636,0.0293315798044204,0.7360098361968994,1941.64878389476,0.165900475,0.0,0.0,True,0.5333634508968222,0.0,0.0,0.9902087451826662,0.9637023434475124,0.10198145187704495,0.36817989240171145,42.84186486051356,Low,1000000,100.0,0.01,0.03,0.6878448412808356,0.02375689682561671,2.375689682561671,23756.89682561671,30,792,7.92,Maintain existing vegetation and monitor future heat
8408_1457,13.092792706671876,77.5160263075847,6,3,34.37295673685003,37.82594023310002,46.13039010860001,2,2,0.1679407617474385,0.15435316121199788,0.02607670979341485,0.6110094964969903,5141.625796972429,0.18191549874999996,0.3333333333333333,0.3333333333333333,True,0.3713788054546386,0.3333333333333333,0.3333333333333333,0.9959779249727777,0.7944910531970139,0.2700542282069779,0.2917569984391011,48.501666370098015,Moderate,1000000,100.0,0.04,0.07,0.7568871731257917,0.06270661519377375,6.270661519377375,62706.61519377375,30,2091,20.91,Targeted tree planting and protection of existing vegetation
8408_1459,13.111134663908956,77.51538399970678,4,3,43.617043097150024,42.245519846900024,47.0554088612,3,2,0.29169429541164005,0.26213841161016593,0.0375412044813856,0.5061596810701303,10859.419778739135,0.18152447625,0.75,0.5,True,0.8581521254930471,0.75,0.5,0.9756573804244417,0.6525572585089463,0.5703706070655366,0.29362293829164055,74.97496478303339,Very High,1000000,100.0,0.12,0.18,0.8433401419140101,0.1706004085148406,17.06004085148406,170600.4085148406,30,5687,56.87,"Urgent urban greening: street trees, shaded corridors, pocket parks, institutional planting and suitable green roofs"
8408_1460,13.121140566972594,77.51307874507681,5,3,46.31081029430003,43.90819174976002,47.8304790764,4,4,0.3587017510620779,0.3549468977082168,0.0363506900612264,0.161770005011931,11610.340218959993,0.1740572775,0.8,0.8,True,1.0,0.8,0.8,0.9777675389590054,0.1863615539639809,0.6098112913813998,0.32925603800958436,79.22546527097981,Very High,1000000,100.0,0.12,0.18,0.7661560802722989,0.16596936481633792,16.596936481633794,165969.3648163379,30,5533,55.33,Major tree-canopy expansion and restoration of open green areas
8408_1461,13.127784354089188,77.51314653764088,9,4,36.799041697700005,37.02842122210003,40.42648378310002,0,0,0.3935319006325667,0.3881499395405078,0.0378198514226824,0.7245091462973505,10262.553288534,0.15150791,0.0,0.0,True,0.49913112029236695,0.0,0.0,0.9751634853389636,0.9481340131426071,0.539021316837168,0.43686049419257533,43.962135075430254,Low,1000000,100.0,0.01,0.03,0.6772085452980032,0.02354417090596006,2.354417090596006,23544.17090596006,30,785,7.85,Maintain existing vegetation and monitor future heat
8408_1462,13.138147255893891,77.51458262400962,4,3,35.85165200420002,36.50573712897503,40.98533005310004,0,0,0.38209022944147897,0.30045176609525037,0.05366956628859035,0.08381344744702796,9215.364558739759,0.16783734125,0.0,0.0,True,0.44924365618821377,0.0,0.0,0.9470702421758745,0.08083280323648112,0.4840196976259546,0.35893726333327125,32.70647615544547,Low,1000000,100.0,0.01,0.03,0.4897016817352335,0.019794033634704666,1.9794033634704666,19794.033634704665,30,660,6.6,Maintain existing vegetation and monitor future heat
8408_1463,13.147135427203557,77.51637655381542,3,3,36.45920505920001,38.304576967100026,48.78306416030002,1,1,0.3961926295742696,0.4210233592880978,0.0551966039929538,0.0588841291610151,9831.07318658548,0.142713795,0.3333333333333333,0.3333333333333333,True,0.48123606800209745,0.3333333333333333,0.3333333333333333,0.9443636041126143,0.04708631804797207,0.5163586357087614,0.47882557202394616,45.71598698756206,Moderate,1000000,100.0,0.04,0.07,0.5815990656659016,0.05744797196997705,5.744797196997705,57447.97196997705,30,1915,19.15,Targeted tree planting and protection of existing vegetation
8409_1426,12.81324640402827,77.52718589869848,3,3,40.16772257899999,39.03966774170002,42.392101634600046,1,0,0.4249125841260292,0.4750479846449136,0.2290662967134267,0.0662157535552978,2000.0,0.14744792,0.3333333333333333,0.0,True,0.6765184696558028,0.3333333333333333,0.0,0.6361837032366497,0.05701104006366358,0.10504623979675665,0.4562345638226162,41.54815739029066,Low,1000000,100.0,0.01,0.03,0.4294940596310576,0.01858988119262115,1.8589881192621152,18589.88119262115,30,620,6.2,Maintain existing vegetation and monitor future heat
8409_1427,12.825074668264552,77.52348699450224,4,3,41.196435513350025,40.86533191595003,43.13905863530005,2,0,0.41931903549387817,0.305344657071148,0.09762151329778129,0.2665555564453825,4536.779548997723,0.15642755,0.5,0.0,True,0.7306882373216003,0.5,0.0,0.8691664599774765,0.328208355342531,0.23828581620451816,0.41338421767102373,53.99857774211318,High,1000000,100.0,0.08,0.12,0.6502249010572444,0.10600899604228978,10.600899604228978,106008.99604228977,30,3534,35.34,"Increase tree canopy, shaded streets and connected green corridors"
8409_1430,12.848580577135674,77.52680941290913,4,3,31.47803051765003,33.38711431835002,41.09424526040004,1,0,0.5125772410895518,0.47142251018498704,0.5632250771159306,0.0352507579373195,3650.2447242843673,0.10572185374999996,0.25,0.0,True,0.2189383378884648,0.25,0.0,0.04389520137084435,0.015094139088050063,0.19172224131201074,0.6553492692566693,17.862877100940512,Low,1000000,100.0,0.01,0.03,0.09996642850303218,0.011999328570060645,1.1999328570060646,11999.328570060645,30,400,4.0,Maintain existing vegetation and monitor future heat
8409_1435,12.893893199629051,77.52391255556283,3,3,36.21775612640001,36.75408334130003,42.38336859350001,1,0,0.2996512744486934,0.1302241066020593,0.0284755325410515,0.7431746947113425,10800.462953040484,0.1453969425,0.3333333333333333,0.0,True,0.46852189657856574,0.3333333333333333,0.0,0.9917260686255408,0.9734013167191191,0.5672740106405385,0.4660217260803182,52.165373110868885,Moderate,1000000,100.0,0.04,0.07,0.7905432976565943,0.06371629892969784,6.371629892969784,63716.298929697834,30,2124,21.24,Targeted tree planting and protection of existing vegetation
8409_1437,12.911145876052837,77.52430305985294,5,3,39.71797950740004,39.407175530780016,42.682428253400005,2,0,0.3532532812063668,0.2523489932885906,0.0326891432050615,0.7463614279404283,11774.548823628022,0.14736707,0.4,0.0,True,0.6528359855687678,0.4,0.0,0.9842575437984327,0.9777151549268576,0.618436039612724,0.45662037598707705,59.50137635130711,High,1000000,100.0,0.08,0.12,0.8076718028845878,0.11230687211538351,11.230687211538351,112306.8721153835,30,3744,37.44,"Increase tree canopy, shaded streets and connected green corridors"
8409_1438,12.920207165681806,77.5232257364036,7,6,36.08874296150002,36.34984062641431,43.208153909600014,1,0,0.3370033508855912,0.176102269762588,0.0336394645273685,0.7339952534530312,13869.751259485514,0.1442375974999999,0.14285714285714285,0.0,True,0.46172834617679354,0.14285714285714285,0.0,0.982573121825135,0.9609752296954641,0.7284826083626414,0.47155406255288135,47.77181143564165,Moderate,1000000,100.0,0.04,0.07,0.7263387497088032,0.0617901624912641,6.17901624912641,61790.1624912641,30,2060,20.6,Targeted tree planting and protection of existing vegetation
8409_1439,12.93022080659858,77.52456622669705,4,3,39.69468570110001,39.21687641277501,43.8867163301,2,0,0.2306791281360441,0.14076946896449255,0.0354974345536902,0.6709111265372485,15156.279703315278,0.15569563749999993,0.5,0.0,True,0.6516093848007687,0.5,0.0,0.9792799140809718,0.8755790896899858,0.7960550960705862,0.41687686758841236,61.557930970432494,High,1000000,100.0,0.08,0.12,0.8147557749784831,0.11259023099913931,11.25902309991393,112590.23099913931,30,3754,37.54,"Increase tree canopy, shaded streets and connected green corridors"
8409_1440,12.94045414042028,77.5243394905145,7,4,33.92581990550003,35.1323760826143,46.03473681890002,1,1,0.177928093522535,0.1499371520919375,0.0307115784380584,0.727681681746617,13292.479076530455,0.1287384325,0.14285714285714285,0.14285714285714285,True,0.3478335602649744,0.14285714285714285,0.14285714285714285,0.9877627303800333,0.9524286320054406,0.6981624722832943,0.5455153043090164,45.9941229666657,Moderate,1000000,100.0,0.04,0.07,0.7272242344482476,0.06181672703344743,6.181672703344743,61816.72703344743,30,2061,20.61,Targeted tree planting and protection of existing vegetation
8409_1441,12.94831809930737,77.52530303560556,7,5,35.809559087900034,36.18158615047145,40.15895535770003,0,0,0.2090139689701138,0.2018544935805991,0.0293524898588657,0.7202294478192925,12083.045973594571,0.156330695,0.0,0.0,True,0.4470271355047378,0.0,0.0,0.9901716826077837,0.9423406424758248,0.6346392724087251,0.4138464048966124,42.92922411554383,Low,1000000,100.0,0.01,0.03,0.6835539697990568,0.023671079395981134,2.3671079395981134,23671.079395981134,30,790,7.9,Maintain existing vegetation and monitor future heat
8409_1442,12.955643960979522,77.52595569579503,4,4,40.38997932950003,39.34264673120002,43.468641213800026,2,0,0.3141721675873518,0.2784655095157029,0.0314774313010275,0.7298599914647639,11258.815225153514,0.13884768,0.5,0.0,True,0.6882220228383522,0.5,0.0,0.9864052743697161,0.9553773807757059,0.5913481019844253,0.49727447983104556,62.93962651753071,Very High,1000000,100.0,0.12,0.18,0.8342781133399992,0.17005668680039995,17.005668680039996,170056.68680039994,30,5669,56.69,"Urgent urban greening: street trees, shaded corridors, pocket parks, institutional planting and suitable green roofs"
8409_1443,12.968851690107801,77.52466601121407,6,4,43.02866513435001,40.300262001200004,43.87948721780001,4,0,0.18548203652827724,0.1455567354035497,0.0309800815302878,0.7167791669489816,10485.396921304873,0.14544879375,0.6666666666666666,0.0,True,0.8271694319929505,0.6666666666666666,0.0,0.9872868150261068,0.9376700433463061,0.5507257596797828,0.46577429450341656,70.75025255622582,Very High,1000000,100.0,0.12,0.18,0.8811774161823147,0.17287064497093887,17.287064497093887,172870.64497093888,30,5763,57.63,"Urgent urban greening: street trees, shaded corridors, pocket parks, institutional planting and suitable green roofs"
8409_1446,12.99219076675344,77.52441818897427,3,3,44.05819839350004,42.70479349760001,44.29588750429997,2,2,0.1541276683575857,0.0503116651825467,0.0326615609228611,0.6025327930692583,12632.10196285638,0.1437223299999999,0.6666666666666666,0.6666666666666666,True,0.8813823961641508,0.6666666666666666,0.6666666666666666,0.9843064327385432,0.7830162529883038,0.6634774059636459,0.47401289334386787,78.05701573575662,Very High,1000000,100.0,0.12,0.18,0.8487564669669324,0.17092538801801593,17.092538801801595,170925.38801801595,30,5698,56.98,"Urgent urban greening: street trees, shaded corridors, pocket parks, institutional planting and suitable green roofs"
8409_1449,13.02163419797434,77.52476256975797,6,4,33.88981960985002,36.55758137150002,46.12425476270001,1,1,0.24184917851746615,0.2103277252988988,0.026190798205789102,0.7459082235582173,10157.164630025582,0.1408795175,0.16666666666666666,0.16666666666666666,True,0.34593786362683215,0.16666666666666666,0.16666666666666666,0.9957757059714873,0.977101658208007,0.5334859756904011,0.4875786526979915,46.02444455573264,Moderate,1000000,100.0,0.04,0.07,0.7433081846273452,0.06229924553882036,6.229924553882036,62299.24553882036,30,2077,20.77,Targeted tree planting and protection of existing vegetation
8409_1450,13.027119661029676,77.52166209970585,6,5,33.69247168010001,33.88480081715002,37.905266780600016,0,0,0.19743394414226434,0.1681732475598935,0.02607069688383485,0.6599786877632141,9473.263345236677,0.14980955125,0.0,0.0,True,0.33554595433229356,0.0,0.0,0.9959885827121994,0.8607799933436877,0.49756534651077855,0.4449649773758564,38.32665892352185,Low,1000000,100.0,0.01,0.03,0.6701502900248373,0.023403005800496743,2.340300580049674,23403.005800496743,30,781,7.81,Maintain existing vegetation and monitor future heat
8409_1451,13.036674399191863,77.52320103496825,6,4,32.89630373645002,34.89106590515002,43.57892362910001,1,0,0.25934598877512566,0.26408961903095773,0.0357640777365304,0.7079528740723617,11318.942790915806,0.11676159124999999,0.16666666666666666,0.0,True,0.2936214960209715,0.16666666666666666,0.0,0.9788072953722641,0.9257220085700237,0.5945061893301559,0.6026681929430886,42.90051297494624,Low,1000000,100.0,0.01,0.03,0.7245480494001368,0.024490960988002734,2.4490960988002732,24490.960988002735,30,817,8.17,Maintain existing vegetation and monitor future heat
8409_1453,13.05574425634623,77.52447261022203,6,5,38.42965940900004,38.59863777275003,47.36559417620001,2,1,0.47463752358256744,0.5207075805387532,0.1605100558372214,0.2615606054314412,10656.54460157167,0.12944959625,0.3333333333333333,0.16666666666666666,True,0.5849958738338072,0.3333333333333333,0.16666666666666666,0.75769801195303,0.3214467568713898,0.5597149698107651,0.542121666390977,47.638997144032274,Moderate,1000000,100.0,0.04,0.07,0.543138357350793,0.056294150720523795,5.62941507205238,56294.150720523794,30,1877,18.77,Targeted tree planting and protection of existing vegetation
8409_1454,13.06574600009546,77.52488938670724,5,4,32.149013478800015,34.54317925988001,42.91770766009999,1,0,0.4471476749156889,0.3841314225795176,0.0689356226939708,0.5338075393810868,8213.403679352428,0.1192026975,0.2,0.0,True,0.25427082948989344,0.2,0.0,0.9200115197719609,0.6899837950182972,0.43139358622440926,0.5910193557632364,38.440200341397414,Low,1000000,100.0,0.01,0.03,0.6580025188896399,0.0231600503777928,2.31600503777928,23160.0503777928,30,773,7.73,Maintain existing vegetation and monitor future heat
8409_1455,13.073894570516273,77.52367256117545,6,5,33.75837110570001,35.37783752675002,43.57424094170003,1,0,0.2727886604883829,0.2779880531345244,0.03153585566906255,0.7431205833563581,5934.325837744728,0.14861533624999995,0.16666666666666666,0.0,True,0.33901607359964453,0.16666666666666666,0.0,0.986301718564975,0.9733280669006299,0.31168930749191076,0.4506637117479214,42.67672041833608,Low,1000000,100.0,0.01,0.03,0.7378164726626135,0.02475632945325227,2.475632945325227,24756.32945325227,30,826,8.26,Maintain existing vegetation and monitor future heat
8409_1456,13.083838401226275,77.52218311280876,5,4,44.03146947709996,42.48891363308,47.19031811060002,3,3,0.2839086849484109,0.2638486778614167,0.0267515333835035,0.7199445853475481,5141.9840528729765,0.1814783724999999,0.6,0.6,True,0.8799749100297748,0.6,0.6,0.9947818161866615,0.941955027952668,0.27007304492459666,0.2938429430854229,74.56010476326995,Very High,1000000,100.0,0.12,0.18,0.8657819136838643,0.17194691482103186,17.194691482103185,171946.91482103185,30,5732,57.32,"Urgent urban greening: street trees, shaded corridors, pocket parks, institutional planting and suitable green roofs"
8409_1458,13.10300647482017,77.52609120773974,5,4,37.31909344070005,36.543736111820024,39.84389936420002,0,0,0.1783783783783784,0.1381459883370199,0.0258998966310173,0.6725121140480042,10272.77956543408,0.160229865,0.0,0.0,True,0.5265159048632976,0.0,0.0,0.9962913221037477,0.8777463250992675,0.539558432804905,0.3952397602794172,44.191301193869435,Low,1000000,100.0,0.01,0.03,0.6736949260717273,0.023473898521434545,2.3473898521434546,23473.898521434545,30,783,7.83,Maintain existing vegetation and monitor future heat
8409_1459,13.111683620928835,77.52669070372228,4,4,38.538865148000035,38.517647788850034,43.41872103170002,1,0,0.271210510035355,0.2768703350949613,0.03012779599521305,0.6973327832529321,13018.17642389628,0.17247688,0.25,0.0,True,0.5907464086155432,0.25,0.0,0.9887974708949224,0.9113457334779133,0.6837552411705463,0.3367976159957722,53.020575942500855,High,1000000,100.0,0.08,0.12,0.7516678821430439,0.11006671528572176,11.006671528572177,110066.71528572176,30,3669,36.69,"Increase tree canopy, shaded streets and connected green corridors"
8409_1461,13.128861609126414,77.52557480882697,4,3,35.587421968100045,36.00083575962503,41.08204292900004,1,0,0.28295825992279366,0.29348202004323043,0.0487599021289497,0.5857335199834779,14166.77302439536,0.15971166875,0.25,0.0,True,0.4353298818125621,0.25,0.0,0.9557725052924537,0.7602753013961743,0.7440831181334292,0.3977125669192182,46.95821547298865,Moderate,1000000,100.0,0.04,0.07,0.7049413129254617,0.061148239387763856,6.114823938776386,61148.23938776385,30,2039,20.39,Targeted tree planting and protection of existing vegetation
8409_1462,13.136456319302306,77.52344950275358,5,4,37.28482779020001,36.86197086392001,40.711546651100015,0,0,0.3769632271320943,0.3069971598244255,0.0389257678762078,0.5795182893052697,12477.980605851251,0.166363795,0.0,0.0,True,0.5247115508355363,0.0,0.0,0.9732032746910245,0.7518618266425144,0.6553824714507647,0.36596895248782235,42.964771031549546,Low,1000000,100.0,0.01,0.03,0.6369740026740152,0.022739480053480303,2.2739480053480303,22739.480053480303,30,758,7.58,Maintain existing vegetation and monitor future heat
8410_1425,12.80479545792297,77.53404890601257,5,4,38.947267267700006,37.392785951900024,45.78443521430003,1,1,0.4661314288826133,0.4291666666666666,0.2367971187923103,0.03602558770217,860.2325267042627,0.1326150525,0.2,0.2,True,0.6122519688157214,0.2,0.2,0.6224810047117819,0.016143015791502246,0.04518209614057292,0.5270162671662626,37.72719610959757,Low,1000000,100.0,0.01,0.03,0.3744691055141914,0.01748938211028383,1.7489382110283829,17489.38211028383,30,583,5.83,Maintain existing vegetation and monitor future heat
8410_1426,12.813830247582366,77.53209019229253,4,3,38.8978768787,38.65638949317501,45.92122437470002,2,1,0.4259214535545846,0.38091320926987615,0.21922468498814845,0.0493000718997791,2927.8820596099704,0.12738187125,0.5,0.25,True,0.6096511792195997,0.5,0.25,0.6536277262776985,0.03411250774552229,0.15378150046520533,0.5519887468827458,46.96392758494845,Moderate,1000000,100.0,0.04,0.07,0.4836363646879537,0.05450909094063861,5.450909094063861,54509.09094063861,30,1817,18.17,Targeted tree planting and protection of existing vegetation
8410_1427,12.82632437188573,77.52971868402523,4,3,35.61231369875002,34.33706752685002,37.3021742417,0,0,0.5401548126252337,0.41725774037259455,0.44968601217260584,0.12610799737740305,3407.713113732545,0.11464554874999999,0.0,0.0,True,0.4366406257733744,0.0,0.0,0.2451404973870801,0.13808637055849143,0.1789837244518506,0.6127658421331421,22.11593777251731,Low,1000000,100.0,0.01,0.03,0.15018752280523834,0.013003750456104766,1.3003750456104766,13003.750456104766,30,434,4.34,Maintain existing vegetation and monitor future heat
8410_1429,12.841655792404431,77.53497473617428,4,4,35.24360333630001,36.20159316432503,43.384096489100045,1,0,0.48582347220622896,0.45750256237146203,0.1891280750278383,0.032866609399206895,50.0,0.11621073875,0.25,0.0,True,0.4172251464856483,0.25,0.0,0.7069732526264594,0.011866749056539876,0.002626155994918916,0.6052968335778887,32.52963562239578,Low,1000000,100.0,0.01,0.03,0.4308599761245377,0.018617199522490753,1.8617199522490753,18617.19952249075,30,621,6.21,Maintain existing vegetation and monitor future heat
8410_1430,12.85036599427525,77.53320614957732,4,4,36.464289363950016,36.92456848220001,42.091332964700015,1,0,0.4381480171925438,0.35946008129457774,0.14023440354503686,0.37567796756047755,3353.06230017114,0.12932576374999993,0.25,0.0,True,0.48150379634287505,0.25,0.0,0.7936361240865035,0.4759259057456681,0.17611329321862101,0.5427125889000135,40.95304421963366,Low,1000000,100.0,0.01,0.03,0.5670032431923854,0.021340064863847708,2.134006486384771,21340.064863847707,30,712,7.12,Maintain existing vegetation and monitor future heat
8410_1436,12.900886026128331,77.53347205881377,6,4,34.61584978309999,35.35968499220001,45.08579192629999,1,1,0.3128563349065907,0.2768003170335937,0.0351196725387126,0.7432704443344846,7823.817941843838,0.14109140499999995,0.16666666666666666,0.16666666666666666,True,0.38416902072622106,0.16666666666666666,0.16666666666666666,0.9799494882805286,0.9735309317050607,0.41093132782254743,0.4865675361241245,46.280449916111856,Moderate,1000000,100.0,0.04,0.07,0.7346809304812765,0.0620404279144383,6.20404279144383,62040.427914438296,30,2069,20.69,Targeted tree planting and protection of existing vegetation
8410_1437,12.915765101336994,77.53224151033048,5,5,39.56480094110002,38.76678897566002,44.71372335920003,2,2,0.2840660858211765,0.1651074589127686,0.0369994053617119,0.6439905762672424,10290.286682109494,0.16550046,0.4,0.4,True,0.644769938112006,0.4,0.4,0.976617706496129,0.8391371003611804,0.5404779611931226,0.3700887440154005,60.93656827045654,High,1000000,100.0,0.08,0.12,0.7761362733203006,0.11104545093281201,11.104545093281201,111045.45093281202,30,3702,37.02,"Increase tree canopy, shaded streets and connected green corridors"
8410_1438,12.920157074216108,77.5356622586988,5,3,35.243552066000014,36.17193756830002,43.662682209200014,1,0,0.3434880672986071,0.1481882098431584,0.0524427890777587,0.6350262111518532,10688.779163215975,0.1450923525,0.2,0.0,True,0.4172224467040607,0.2,0.0,0.9492446756456502,0.8270021590394755,0.5614080295568806,0.46747521435704165,45.16978134577094,Low,1000000,100.0,0.01,0.03,0.7000227696307202,0.024000455392614403,2.4000455392614404,24000.455392614404,30,801,8.01,Maintain existing vegetation and monitor future heat
8410_1439,12.93096547935827,77.53658195008336,9,6,39.01316669330004,38.333949152300015,44.01190131260002,3,1,0.2108641664832919,0.1893491124260355,0.0317035152111202,0.7214731434360147,13695.254652615991,0.14662743,0.3333333333333333,0.1111111111111111,True,0.6157220880830747,0.3333333333333333,0.1111111111111111,0.9860045460086554,0.9440242166204205,0.7193175021581732,0.46014990114875554,58.04375445980538,High,1000000,100.0,0.08,0.12,0.7818071163284118,0.11127228465313646,11.127228465313646,111272.28465313646,30,3710,37.1,"Increase tree canopy, shaded streets and connected green corridors"
8410_1440,12.940235150373294,77.53375563588806,5,4,33.633459564800056,35.240643330980035,43.54811017880001,1,0,0.2494536418884532,0.2124299541518084,0.0289460876956582,0.7029559484217316,15339.491516996251,0.1592084875,0.2,0.0,True,0.3324385057248882,0.2,0.0,0.9908920207898636,0.9189577370595716,0.8056779521273513,0.40011372272847656,45.055071228469465,Low,1000000,100.0,0.01,0.03,0.7392375578068462,0.024784751156136924,2.4784751156136924,24784.751156136925,30,827,8.27,Maintain existing vegetation and monitor future heat
8410_1441,12.948404482406808,77.53572411514328,7,5,35.431457715500024,35.74003656110001,44.033725370300026,1,1,0.2495401594114041,0.2256297918948521,0.0355201009660959,0.6968030789867043,15261.06156202772,0.135583155,0.14285714285714285,0.14285714285714285,True,0.42711714622287017,0.14285714285714285,0.14285714285714285,0.9792397384033186,0.9106286798878608,0.8015585661989147,0.5128526301858516,48.18045324353832,Moderate,1000000,100.0,0.04,0.07,0.7146027480363744,0.06143808244109124,6.143808244109124,61438.08244109124,30,2048,20.48,Targeted tree planting and protection of existing vegetation
8410_1442,12.958696983758045,77.53466205246593,6,4,42.86561703530003,41.03092074320002,43.52719189640001,4,0,0.255702186547931,0.220228105868709,0.03118698776233935,0.7313385487068444,14072.069367982773,0.15641945124999995,0.6666666666666666,0.0,True,0.8185836765805646,0.6666666666666666,0.0,0.9869200786438969,0.9573788839655556,0.7391089866328561,0.41342286450178367,71.36442623907082,Very High,1000000,100.0,0.12,0.18,0.8849358161150596,0.17309614896690356,17.309614896690356,173096.14896690357,30,5770,57.7,"Urgent urban greening: street trees, shaded corridors, pocket parks, institutional planting and suitable green roofs"
8410_1443,12.969516994680898,77.53350260676038,6,3,31.932029024150033,35.13300475415002,43.36640823560002,2,0,0.17434152782880846,0.15517151694362524,0.027040098095312652,0.7442275632638484,13691.961416672872,0.11950620124999994,0.3333333333333333,0.0,True,0.2428449038472789,0.3333333333333333,0.0,0.994270342088501,0.9748265708157193,0.7191445311318792,0.5895710510172942,46.82457919898228,Moderate,1000000,100.0,0.04,0.07,0.7921004852073944,0.06376301455622184,6.376301455622184,63763.01455622184,30,2126,21.26,Targeted tree planting and protection of existing vegetation
8410_1444,12.977087932126482,77.53362098394574,6,4,35.74538576240002,36.82387646135002,44.68212376430003,2,1,0.23521687803423896,0.1441061064163016,0.0293957424582913,0.7250138475792482,14259.641588479339,0.1266079525,0.3333333333333333,0.16666666666666666,True,0.44364790888417066,0.3333333333333333,0.16666666666666666,0.9900950184025674,0.9488172205267312,0.7489608648596022,0.555681848528438,54.172248314771146,High,1000000,100.0,0.08,0.12,0.78481095330663,0.1113924381322652,11.13924381322652,111392.43813226519,30,3714,37.14,"Increase tree canopy, shaded streets and connected green corridors"
8410_1445,12.98747012607694,77.53431942599161,4,4,38.96389593500002,39.04206605240002,46.23117042830002,2,1,0.2097080017516996,0.15295847394613632,0.027924353256821598,0.7409038069890812,15752.53124005214,0.14689508749999997,0.5,0.25,True,0.6131275979773229,0.5,0.25,0.9927030208161215,0.9703272463412278,0.8273720870242087,0.45887265291858703,64.41886941468778,Very High,1000000,100.0,0.12,0.18,0.8404169596763063,0.17042501758057838,17.04250175805784,170425.01758057837,30,5681,56.81,"Urgent urban greening: street trees, shaded corridors, pocket parks, institutional planting and suitable green roofs"
8410_1446,12.99303882791774,77.53382743292754,5,4,32.47907458010003,33.85964362028002,41.592763477399984,1,0,0.2845550242439976,0.165806081468732,0.0333880598191171,0.7409138886723667,14875.8193051677,0.12575471,0.2,0.0,True,0.2716511234241151,0.2,0.0,0.9830187306995535,0.9703408937812327,0.7813244409519341,0.5597534791497722,44.30361320153761,Low,1000000,100.0,0.01,0.03,0.7455775441060233,0.024911550882120465,2.4911550882120466,24911.550882120464,30,831,8.31,Maintain existing vegetation and monitor future heat
8410_1447,13.000876795073342,77.53517476008327,8,6,35.66437014335001,37.142202360650025,43.55332265930002,3,0,0.21978075658665944,0.10305472515976385,0.03179900546092535,0.7278541742125526,13814.66680249538,0.13808968375,0.375,0.0,True,0.43938180401205446,0.375,0.0,0.9858352918088054,0.9526621327526349,0.7255894008236116,0.500891600101492,53.003009829645585,High,1000000,100.0,0.08,0.12,0.7959500724549298,0.11183800289819719,11.183800289819718,111838.00289819718,30,3728,37.28,"Increase tree canopy, shaded streets and connected green corridors"
8410_1451,13.037126306389972,77.53137140389192,7,5,35.889335674700014,35.4962365188286,43.958973272900046,1,1,0.2434106316923273,0.1958917835671342,0.0334103687200695,0.6667184978723526,13946.325680981354,0.1388584325,0.14285714285714285,0.14285714285714285,True,0.4512279956551506,0.14285714285714285,0.14285714285714285,0.9829791887024603,0.8699035842663091,0.7325045358840163,0.4972231694377449,48.129202069463325,Moderate,1000000,100.0,0.04,0.07,0.7083274540616349,0.06124982362184905,6.124982362184905,61249.82362184906,30,2042,20.42,Targeted tree planting and protection of existing vegetation
8410_1452,13.04911104056871,77.53270293122723,7,3,32.06171724800002,35.76969765037145,43.79092631960002,3,0,0.4864610055032997,0.4056787242318164,0.1111280659679323,0.4857113296166062,14761.097520171052,0.12489022,0.42857142857142855,0.0,True,0.24967400137328846,0.42857142857142855,0.0,0.8452264161553769,0.6248765982703166,0.775298894883599,0.5638787822796996,43.82755636633468,Low,1000000,100.0,0.01,0.03,0.6761599563031804,0.023523199126063606,2.3523199126063608,23523.199126063606,30,785,7.85,Maintain existing vegetation and monitor future heat
8410_1453,13.055646350930925,77.53134827827022,6,3,42.86838563150003,42.345719103200025,47.08762369970003,5,1,0.278700291198288,0.17551935073587305,0.047762327129021204,0.6442504564183764,12415.676110966295,0.15265213,0.8333333333333334,0.16666666666666666,True,0.8187294647862988,0.8333333333333334,0.16666666666666666,0.9575406832870429,0.8394888966506101,0.6521100449957142,0.4314003334650649,75.2374350517046,Very High,1000000,100.0,0.12,0.18,0.8966681209736435,0.1738000872584186,17.38000872584186,173800.0872584186,30,5794,57.94,"Urgent urban greening: street trees, shaded corridors, pocket parks, institutional planting and suitable green roofs"
8410_1455,13.072947727876066,77.53125582482213,6,4,34.951892419400025,35.78479553300003,42.94375297250004,1,0,0.24914809203924132,0.18591398425303252,0.034346821368671954,0.7155323378974572,8738.016718988685,0.15903574625,0.16666666666666666,0.0,True,0.4018642891790051,0.16666666666666666,0.0,0.9813193486239176,0.9359822275128712,0.45894789980547707,0.400938035351286,44.60163752230811,Low,1000000,100.0,0.01,0.03,0.727856119814533,0.02455712239629066,2.455712239629066,24557.122396290662,30,819,8.19,Maintain existing vegetation and monitor future heat
8410_1456,13.085314393484865,77.53492053466961,3,3,33.1404956303,35.18950747310003,40.2785006072,0,0,0.2677548452235496,0.2164468580294802,0.0275662543717771,0.7321296824375167,9806.12053770501,0.1520687725,0.0,0.0,True,0.30648010575944257,0.0,0.0,0.9933377425848786,0.9584498311297723,0.5150480447398303,0.43418408633741346,38.4251282782404,Low,1000000,100.0,0.01,0.03,0.6883588375183938,0.023767176750367873,2.376717675036787,23767.176750367875,30,793,7.93,Maintain existing vegetation and monitor future heat
8410_1457,13.091836926222872,77.53512038324985,4,3,39.30395474480001,39.50887358885001,44.06012957479997,2,1,0.22867217111985985,0.1631203366859262,0.02642444765660905,0.723289959714748,10637.025045443132,0.17118514999999995,0.5,0.25,True,0.6310343493211388,0.5,0.25,0.995361567869172,0.9464836165501376,0.5586897418238628,0.3429616870804826,62.83454730769484,High,1000000,100.0,0.08,0.12,0.8369775072446135,0.11347910028978453,11.347910028978452,113479.10028978453,30,3783,37.83,"Increase tree canopy, shaded streets and connected green corridors"
8410_1458,13.105096895758953,77.53744172882995,3,3,41.07578795240002,38.122510435100025,41.58934545740003,2,0,0.2313809751527975,0.2022103970528039,0.0660352597478777,0.6084218996111304,12416.923934694936,0.1747200825,0.6666666666666666,0.0,True,0.7243352012822156,0.6666666666666666,0.0,0.9251523442091922,0.7909882578545717,0.6521755845910256,0.3260931656327709,65.07523419793571,Very High,1000000,100.0,0.12,0.18,0.8207738236755104,0.16924642942053061,16.92464294205306,169246.42942053062,30,5642,56.42,"Urgent urban greening: street trees, shaded corridors, pocket parks, institutional planting and suitable green roofs"
8410_1459,13.107300444923244,77.53088479288655,5,5,42.217782614600026,41.127919593440026,46.42432273850004,3,2,0.2265050879121788,0.1920498084291187,0.0383618511259555,0.6462210996542126,13865.785228395833,0.176627895,0.6,0.4,True,0.7844701363659676,0.6,0.4,0.9742028037376104,0.8421565300775254,0.7282743000361974,0.31698917960914463,70.79502884604516,Very High,1000000,100.0,0.12,0.18,0.8355327078843102,0.17013196247305862,17.013196247305864,170131.9624730586,30,5672,56.72,"Urgent urban greening: street trees, shaded corridors, pocket parks, institutional planting and suitable green roofs"
8410_1461,13.131157375931107,77.53347789442226,6,3,33.461909141000035,33.20348689055003,35.62640448620003,0,0,0.42349097517813006,0.46014906430542013,0.1597772336099296,0.3517049456131644,16386.327113428815,0.1472476925,0.0,0.0,True,0.32340503653254477,0.0,0.0,0.7589969219460991,0.4434739461378229,0.8606610236726693,0.4571900394584797,32.111099702201805,Low,1000000,100.0,0.01,0.03,0.46819325020061414,0.01936386500401228,1.9363865004012282,19363.86500401228,30,646,6.46,Maintain existing vegetation and monitor future heat
8410_1462,13.137658770324798,77.53054583100968,5,4,36.75730767349999,37.73019579620001,48.3424472021,1,1,0.309163261172602,0.2375162831089882,0.0343201404903084,0.3234314362052828,14827.339613025662,0.176825565,0.2,0.2,True,0.496933498080003,0.2,0.2,0.981366639847136,0.40520047409524473,0.7787781362689213,0.3160459082356265,46.15462950358232,Moderate,1000000,100.0,0.04,0.07,0.631723414742617,0.058951702442278514,5.8951702442278515,58951.70244227851,30,1966,19.66,Targeted tree planting and protection of existing vegetation
8411_1426,12.811464352847526,77.54043172645203,6,5,40.42697939600002,40.13123521550002,46.66749777140004,2,2,0.39101008462435394,0.3288584561012555,0.23033625038806343,0.03590738365892315,3425.2737116907897,0.13576692375,0.3333333333333333,0.3333333333333333,True,0.6901703652174533,0.3333333333333333,0.3333333333333333,0.6339327405102371,0.015983004556983663,0.1799060618438987,0.511975694883468,45.500007560050484,Moderate,1000000,100.0,0.04,0.07,0.42016297116651524,0.05260488913499546,5.260488913499546,52604.889134995465,30,1754,17.54,Targeted tree planting and protection of existing vegetation
8411_1427,12.823834682168009,77.54245656451334,4,4,36.37190028335,38.02267576759999,45.90439062619996,1,1,0.4616592657439524,0.4438207307008692,0.4877098709112033,0.0331770497723482,3380.129129372346,0.1227291875,0.25,0.25,True,0.47663878992189374,0.25,0.25,0.17774411085396669,0.012286988043179401,0.17753492753402486,0.5741911215041267,29.596825486088857,Low,1000000,100.0,0.01,0.03,0.16632945303561925,0.013326589060712385,1.3326589060712384,13326.589060712384,30,445,4.45,Maintain existing vegetation and monitor future heat
8411_1428,12.83206903644646,77.54197729051417,7,4,41.071190715500045,39.987675934057165,44.806864404200034,4,2,0.3770515047321967,0.2822771941714673,0.380769744515419,0.0405684113502502,3000.0,0.132293,0.5714285714285714,0.2857142857142857,True,0.7240931208665226,0.5714285714285714,0.2857142857142857,0.3672929450219776,0.02229257548644031,0.15756935969513497,0.5285530856213645,48.02858292562939,Moderate,1000000,100.0,0.04,0.07,0.3595335590368483,0.05078600677110545,5.078600677110545,50786.00677110545,30,1693,16.93,Targeted tree planting and protection of existing vegetation
8411_1431,12.861526047541023,77.54114831259226,3,3,33.19038163220003,35.86201430150003,42.37272146120003,1,0,0.2281305224087897,0.1728571428571428,0.0300519915763288,0.742411945015192,7596.051605933177,0.17807907,0.3333333333333333,0.0,True,0.30910699324424645,0.3333333333333333,0.0,0.9889318324270111,0.9723687926433154,0.39896832925269743,0.31006424494295703,45.709371414477324,Moderate,1000000,100.0,0.04,0.07,0.7889396747421686,0.06366819024226507,6.366819024226507,63668.19024226507,30,2123,21.23,Targeted tree planting and protection of existing vegetation
8411_1432,12.868480758890838,77.54519988964367,5,3,42.56654028530004,40.41225456584003,43.82230374320002,4,0,0.5101685960582897,0.4438687392055268,0.0382125659380108,0.7410189660731703,8820.430828479977,0.1568179675,0.8,0.0,True,0.8028349506524928,0.8,0.0,0.9744674081876625,0.9704831356552054,0.46327654595960627,0.41152116484828616,72.78087955298123,Very High,1000000,100.0,0.12,0.18,0.9213303312248724,0.17527981987349234,17.527981987349232,175279.81987349235,30,5843,58.43,"Urgent urban greening: street trees, shaded corridors, pocket parks, institutional planting and suitable green roofs"
8411_1433,12.880317153090619,77.54293845094949,4,4,34.7602782182,36.706409083175004,44.27944682809999,1,1,0.2311427322468198,0.2465906169750968,0.030002318439073798,0.7324301220942289,8076.914579217291,0.14663821,0.25,0.25,True,0.39177430545868674,0.25,0.25,0.9890198768830397,0.958856532280159,0.42422475285318967,0.4600984595268275,49.34870870170787,Moderate,1000000,100.0,0.04,0.07,0.7612812448975517,0.06283843734692655,6.283843734692655,62838.437346926556,30,2095,20.95,Targeted tree planting and protection of existing vegetation
8411_1435,12.89330364643714,77.54104738916848,3,3,33.86113387700003,35.88894260240002,43.06886959460003,1,0,0.4265505341002465,0.3987898789878988,0.0307543782982975,0.7354077885393053,5069.51674225463,0.1397345825,0.3333333333333333,0.0,True,0.34442733582853136,0.3333333333333333,0.0,0.9876868686442724,0.9628873595748417,0.2662668356802762,0.49304222536981357,46.90687533885223,Moderate,1000000,100.0,0.04,0.07,0.7864209062371045,0.06359262718711314,6.359262718711315,63592.62718711315,30,2120,21.2,Targeted tree planting and protection of existing vegetation
8411_1437,12.913483445956668,77.54386099482687,6,3,36.38335919540002,36.61142657990002,39.231885793100034,0,0,0.1880582622244765,0.1454860886611527,0.02893738658167415,0.7333063526311889,6395.310292233821,0.14286325749999995,0.0,0.0,True,0.47724219110673877,0.0,0.0,0.9909074433077456,0.9600426738544288,0.3359016492663299,0.4781123444342036,42.85137408986531,Low,1000000,100.0,0.01,0.03,0.6874622564247586,0.023749245128495168,2.3749245128495167,23749.245128495168,30,792,7.92,Maintain existing vegetation and monitor future heat
8411_1438,12.92250101628298,77.54541500404689,3,3,34.04982567110003,36.30682403090003,43.30939566200004,1,0,0.1646599801132678,0.0734620744574955,0.0269916581455618,0.7401260456535965,9527.32911156112,0.14298456,0.3333333333333333,0.0,True,0.35436343199835135,0.3333333333333333,0.0,0.9943562007489672,0.9692744012097645,0.5004050492378349,0.47753349495888486,48.462016037599625,Moderate,1000000,100.0,0.04,0.07,0.7910329806164365,0.0637309894184931,6.37309894184931,63730.9894184931,30,2125,21.25,Targeted tree planting and protection of existing vegetation
8411_1440,12.939587337700871,77.54222315208678,3,3,36.00503565169999,36.22349840000002,39.362813049200014,0,0,0.2722654465909728,0.2354430379746835,0.0314269969239831,0.7295833164826035,12445.882853377658,0.1366831,0.0,0.0,True,0.4573205027713237,0.0,0.0,0.9864946681051918,0.9550028495478405,0.6536965973491257,0.507603747548403,43.87356532468364,Low,1000000,100.0,0.01,0.03,0.6842479039621641,0.023684958079243278,2.3684958079243277,23684.95807924328,30,790,7.9,Maintain existing vegetation and monitor future heat
8411_1441,12.950155641956798,77.54606608641294,3,3,38.25993762590005,38.07538163600004,44.069785481300045,1,1,0.2549757688439149,0.147075208913649,0.0257136023137718,0.7286082460777834,12847.178678604883,0.1488702474999999,0.3333333333333333,0.3333333333333333,True,0.5760586968514257,0.3333333333333333,0.3333333333333333,0.9966215243565048,0.9536829097646304,0.6747739060922539,0.44944728798653777,59.055685505597275,High,1000000,100.0,0.08,0.12,0.7890473441311785,0.11156189376524714,11.156189376524713,111561.89376524714,30,3719,37.19,"Increase tree canopy, shaded streets and connected green corridors"
8411_1442,12.95402949464639,77.5404581690439,3,3,36.366115284500005,36.54686018210001,43.00040665400002,1,0,0.203922501086395,0.2437606837606837,0.0356731200590729,0.6938511738553643,15211.837495845137,0.1331132975,0.3333333333333333,0.0,True,0.4763341645660852,0.3333333333333333,0.0,0.9789685156952782,0.906632725339495,0.7989731646689212,0.5246386668956167,52.992272416962706,High,1000000,100.0,0.08,0.12,0.7708108029155382,0.11083243211662153,11.083243211662152,110832.43211662152,30,3695,36.95,"Increase tree canopy, shaded streets and connected green corridors"
8411_1448,13.009493125309348,77.54101497534423,5,4,36.0173747039,34.94786257382002,42.2391794198,1,0,0.2538703333277302,0.1723243243243243,0.0317850746214389,0.7277077147737145,11600.0,0.141944345,0.2,0.0,True,0.4579702502067568,0.2,0.0,0.9858599838909323,0.9524638725665053,0.6092681908211885,0.48249734901769126,48.510473689426135,Moderate,1000000,100.0,0.04,0.07,0.7434227664587673,0.06230268299376302,6.230268299376302,62302.682993763025,30,2077,20.77,Targeted tree planting and protection of existing vegetation
8411_1449,13.020307710375338,77.54133847216059,6,5,39.11627126660001,38.64062530010001,46.68568163780006,3,2,0.20185704367595514,0.18734292024158525,0.028710875776596298,0.7160441396990791,12100.768877319453,0.1467330025,0.5,0.3333333333333333,True,0.6211513488558763,0.5,0.3333333333333333,0.9913089283300286,0.9366750467757059,0.6355701346060145,0.4596461144482915,64.18033943698863,Very High,1000000,100.0,0.12,0.18,0.8329894735201555,0.1699793684112093,16.997936841120932,169979.36841120932,30,5666,56.66,"Urgent urban greening: street trees, shaded corridors, pocket parks, institutional planting and suitable green roofs"
8411_1451,13.041603316418659,77.54468543973897,4,3,34.90152789470001,35.624353674200016,44.094634486700016,1,1,0.459914812966119,0.3985456988290812,0.0956643709214404,0.4632556224241853,13962.12448427856,0.14667617374999997,0.25,0.25,True,0.39921220373271693,0.25,0.25,0.8726354483566678,0.594478607379739,0.7333343383238464,0.45991729840674667,45.72694209478188,Moderate,1000000,100.0,0.04,0.07,0.6302134456542817,0.058906403369628456,5.8906403369628455,58906.40336962845,30,1964,19.64,Targeted tree planting and protection of existing vegetation
8411_1452,13.050557631625644,77.54408423176726,4,4,35.97766585655001,35.67865319442503,41.86183001180004,2,0,0.5516175185176,0.49371421740716975,0.1488450865144841,0.31394562567584217,14374.449131969111,0.13192366124999994,0.5,0.0,True,0.45587926936710715,0.5,0.0,0.778373893030141,0.39235965908136694,0.7549909152315538,0.530315551701225,48.20211540194289,Moderate,1000000,100.0,0.04,0.07,0.6176588783313439,0.058529766349940324,5.852976634994032,58529.76634994032,30,1951,19.51,Targeted tree planting and protection of existing vegetation
8411_1454,13.064506147446108,77.54038190082383,5,5,31.22683168280001,33.65400528302001,43.33697908340002,1,0,0.4516838442854329,0.3917251391241229,0.0761344304773956,0.6298646666109562,13433.167906342867,0.1249571825,0.2,0.0,True,0.2057107579996768,0.2,0.0,0.9072518039502527,0.8200150451360464,0.7055518885598941,0.5635592405720595,39.32580589626433,Low,1000000,100.0,0.01,0.03,0.6776289110023357,0.02355257822004671,2.355257822004671,23552.57822004671,30,786,7.86,Maintain existing vegetation and monitor future heat
8411_1456,13.081879498218274,77.54381360463144,3,3,39.79726048130001,37.63455959660002,43.18145917340003,1,0,0.4830438635082132,0.3645116918844566,0.0524917209986597,0.6579017846379429,12955.307792561316,0.1744170324999999,0.3333333333333333,0.0,True,0.6570107478304992,0.3333333333333333,0.0,0.9491579449780048,0.8579685173237335,0.680453184509093,0.3275393051063621,55.90067256423299,High,1000000,100.0,0.08,0.12,0.746172675953749,0.10984690703814996,10.984690703814996,109846.90703814996,30,3662,36.62,"Increase tree canopy, shaded streets and connected green corridors"
8411_1457,13.094314017419102,77.54348996809254,3,3,36.68766551600004,35.15725845440003,38.856604287200014,0,0,0.173282133171115,0.1267605633802817,0.0263784863054752,0.6726622814312577,13612.494260788506,0.17516682,0.0,0.0,True,0.49326629475675454,0.0,0.0,0.9954430332724572,0.8779496046802262,0.7149706681753815,0.3239613565811843,43.703790512374574,Low,1000000,100.0,0.01,0.03,0.6733114375722739,0.023466228751445474,2.3466228751445475,23466.228751445473,30,783,7.83,Maintain existing vegetation and monitor future heat
8411_1459,13.110321067598242,77.54319054833256,4,4,32.93273982965002,33.77173983642502,36.59753232860002,0,0,0.42790449284008003,0.41382080806228355,0.24523626884911204,0.04908848518971345,15760.040739692848,0.13747186875,0.0,0.0,True,0.2955401408026084,0.0,0.0,0.6075228116691118,0.03382608564222225,0.8277665093742145,0.5038397824439322,24.97533871462789,Low,1000000,100.0,0.01,0.03,0.3105266229630004,0.016210532459260005,1.6210532459260005,16210.532459260005,30,541,5.41,Maintain existing vegetation and monitor future heat
8411_1460,13.123088137380073,77.54011288945117,3,3,45.23503976960001,41.248557470000016,45.62069496620003,2,2,0.4580228033837281,0.4389885327844751,0.0530174234881997,0.3347933292388916,17415.223225672416,0.1411309225,0.6666666666666666,0.6666666666666666,True,0.9433522828003201,0.6666666666666666,0.6666666666666666,0.9482261498009285,0.4205809169366052,0.9147018575390152,0.486378960586597,77.06850732435096,Very High,1000000,100.0,0.12,0.18,0.7582292582877853,0.1654937554972671,16.54937554972671,165493.75549726712,30,5517,55.17,Major tree-canopy expansion and restoration of open green areas
8412_1425,12.807564991800282,77.55438774465196,7,5,41.28522712790004,40.637512337900034,45.99496815620003,4,3,0.2754485876999685,0.2702915681639086,0.0368586564436554,0.4738529140595346,3764.306044943742,0.1641015075,0.5714285714285714,0.42857142857142855,True,0.735363809067847,0.5714285714285714,0.42857142857142855,0.976867180610544,0.6088240195208836,0.19771309773277046,0.3767644755182169,64.24597861408591,Very High,1000000,100.0,0.12,0.18,0.7816269656380201,0.1668976179382812,16.68976179382812,166897.6179382812,30,5564,55.64,Major tree-canopy expansion and restoration of open green areas
8412_1427,12.821959974779944,77.54932009391706,5,4,44.12649043310002,41.091869736500016,46.769662389199965,3,3,0.3265377646207878,0.2407084060863058,0.0616484284400939,0.0599304039496928,1984.9433241279207,0.162793305,0.6,0.6,True,0.8849785052389253,0.6,0.6,0.9329278985133335,0.04850264625454933,0.1042554162046564,0.38300715255072015,64.46461294119014,Very High,1000000,100.0,0.12,0.18,0.6561644785075766,0.1593698687104546,15.93698687104546,159369.8687104546,30,5313,53.13,Major tree-canopy expansion and restoration of open green areas
8412_1431,12.860635619161169,77.54918872604205,5,3,41.68763062250004,40.68863224502003,44.26973965130004,4,1,0.4481049428255257,0.5117126496616345,0.0424145276192575,0.7488681862596422,5738.46669416143,0.1204947299999999,0.8,0.2,True,0.7565534948222692,0.8,0.2,0.9670195309058346,0.9811085201813735,0.3014021742102915,0.5848538411636255,73.44426308693892,Very High,1000000,100.0,0.12,0.18,0.9197314694891919,0.17518388816935151,17.51838881693515,175183.88816935153,30,5840,58.4,"Urgent urban greening: street trees, shaded corridors, pocket parks, institutional planting and suitable green roofs"
8412_1434,12.885578574322423,77.55320479935742,3,3,31.89059407670004,32.49649508870002,33.9151215029,0,0,0.1730899491116243,0.0922118380062305,0.0322492236737161,0.7460450837388635,4617.358552246078,0.1405408275,0.0,0.0,True,0.24066303036084433,0.0,0.0,0.9850372907194869,0.9772869240065372,0.2425180768534233,0.4891948644726507,35.426884218313376,Low,1000000,100.0,0.01,0.03,0.6879760301610509,0.023759520603221014,2.3759520603221014,23759.520603221015,30,792,7.92,Maintain existing vegetation and monitor future heat
8412_1435,12.8946176319444,77.55322925910468,6,4,35.24832020390001,36.28208326280001,42.20105140670001,1,0,0.29949060021118473,0.19612145081712812,0.0331289729219861,0.7310087356017902,1059.0169943749474,0.15929364125,0.16666666666666666,0.0,True,0.4174735263917137,0.16666666666666666,0.0,0.9834779560713063,0.9569324203704828,0.05562287656997561,0.39970737328383277,43.289017252461534,Low,1000000,100.0,0.01,0.03,0.7331254621097497,0.024662509242194992,2.466250924219499,24662.509242194992,30,823,8.23,Maintain existing vegetation and monitor future heat
8412_1436,12.904986242537904,77.55397318252216,3,3,42.38770947890002,41.806298580200014,43.55906493290004,2,0,0.1961655999864428,0.1119117315919837,0.0305620136205106,0.7085962893906981,2941.088233970549,0.16859872,0.6666666666666666,0.0,True,0.7934181124747002,0.6666666666666666,0.0,0.9880278304669157,0.9265929912925027,0.1544751299445449,0.3553040019416587,67.10445307026744,Very High,1000000,100.0,0.12,0.18,0.8793325134919583,0.1727599508095175,17.275995080951752,172759.9508095175,30,5759,57.59,"Urgent urban greening: street trees, shaded corridors, pocket parks, institutional planting and suitable green roofs"
8412_1438,12.923883614184891,77.55175050618915,7,4,38.31214788140003,38.360793630328594,43.63673943740004,2,0,0.1770161778638951,0.175303197353914,0.0287542978767305,0.7194785682950169,8905.054744357274,0.1451316224999999,0.2857142857142857,0.0,True,0.5788079744348681,0.2857142857142857,0.0,0.991231963688832,0.9413241868931408,0.4677212580394998,0.46728781987716117,53.463863089750376,High,1000000,100.0,0.08,0.12,0.76959510493733,0.1107838041974932,11.07838041974932,110783.8041974932,30,3693,36.93,"Increase tree canopy, shaded streets and connected green corridors"
8412_1439,12.930684302283543,77.54807142664612,5,3,42.3571011098,41.585035334180006,43.6960249943,3,0,0.2355660955442904,0.1133603238866396,0.0296512676868587,0.7237820012960583,10171.037311896953,0.1617063125,0.6,0.0,True,0.7918063428668602,0.6,0.0,0.9896421060037527,0.9471496866666692,0.5342146122236432,0.3881942265046787,67.6823629363704,Very High,1000000,100.0,0.12,0.18,0.8642509903352102,0.17185505942011262,17.18550594201126,171855.0594201126,30,5729,57.29,"Urgent urban greening: street trees, shaded corridors, pocket parks, institutional planting and suitable green roofs"
8412_1441,12.948347064796524,77.55007461960726,3,3,35.57468984360001,34.93933119590002,39.14448702170003,0,0,0.1797950587791538,0.0773532152842497,0.0284806825220584,0.6655229479074478,10387.011119662864,0.12533528,0.0,0.0,True,0.43465943605162244,0.0,0.0,0.99171694040652,0.868285184247508,0.5455582304238414,0.5617549781743827,42.13495507311267,Low,1000000,100.0,0.01,0.03,0.6695155070527616,0.02339031014105523,2.3390310141055233,23390.31014105523,30,780,7.8,Maintain existing vegetation and monitor future heat
8412_1442,12.960389845241226,77.55146122247626,5,3,41.5859957978,39.017087162240024,44.28645376910001,3,1,0.2381820590137366,0.1291816778178075,0.0314378179609775,0.7188056989107281,11303.096920755834,0.1457760575,0.6,0.2,True,0.7512016277883103,0.6,0.2,0.9864754880741229,0.9404133325949933,0.5936739147918495,0.4642126082234287,69.02674709578747,Very High,1000000,100.0,0.12,0.18,0.86132041055606,0.1716792246333636,17.16792246333636,171679.2246333636,30,5723,57.23,"Urgent urban greening: street trees, shaded corridors, pocket parks, institutional planting and suitable green roofs"
8412_1443,12.96799000817539,77.55349010882294,5,3,42.06258741650001,39.92442791540002,43.88987799860002,3,0,0.148190416223945,0.0827728918779099,0.0292427951935678,0.6703615570440888,12682.66533501535,0.160421265,0.6,0.0,True,0.7762978975000909,0.6,0.0,0.9903661137967343,0.874835144807571,0.6661331520220177,0.3943264090329387,67.19507788530423,Very High,1000000,100.0,0.12,0.18,0.8501500858598814,0.17100900515159287,17.100900515159285,171009.00515159286,30,5701,57.01,"Urgent urban greening: street trees, shaded corridors, pocket parks, institutional planting and suitable green roofs"
8412_1444,12.977958708052807,77.5517079545635,6,4,32.335500650000014,33.36066169190001,40.43938680860002,0,0,0.22731585077144806,0.17140824532292,0.03127814142499115,0.7345836446620524,13540.35690546951,0.13283690874999998,0.0,0.0,True,0.2640908350514435,0.0,0.0,0.9867585109417806,0.9617717270161078,0.7111817892128101,0.5259575802149747,38.52751683297002,Low,1000000,100.0,0.01,0.03,0.6857336008741118,0.023714672017482237,2.371467201748224,23714.672017482237,30,791,7.91,Maintain existing vegetation and monitor future heat
8412_1445,12.985011455080558,77.55231824012701,3,3,32.51875779230004,32.143162967900054,33.08474772410007,0,0,0.1953533001950544,0.1756817165847116,0.0282288810703903,0.7262505823746324,11269.871339105874,0.14104515,0.0,0.0,True,0.2737407543729719,0.0,0.0,0.9921632524992219,0.9504913719004557,0.5919288035831552,0.48678826267535646,37.993170468974604,Low,1000000,100.0,0.01,0.03,0.6861799006297021,0.023723598012594042,2.372359801259404,23723.598012594044,30,791,7.91,Maintain existing vegetation and monitor future heat
8412_1446,12.991999887311163,77.55092997090775,6,6,34.62281399885005,35.89864693085003,44.23767862369999,1,1,0.17426549206559638,0.111012073193737,0.028352939058095203,0.7380809248425066,9350.26280617484,0.1368389425,0.16666666666666666,0.16666666666666666,True,0.3845357410585493,0.16666666666666666,0.16666666666666666,0.9919433626624391,0.9665059484840083,0.4911049744500685,0.5068600749171108,46.90344073670237,Moderate,1000000,100.0,0.04,0.07,0.7392728710280212,0.06217818613084064,6.217818613084064,62178.18613084064,30,2073,20.73,Targeted tree planting and protection of existing vegetation
8412_1447,13.002343646367178,77.55536177981263,5,4,32.43956226890003,36.01242882896002,43.09742715170004,2,0,0.178344403971145,0.1673573477845075,0.0288890025112777,0.7305220225825906,6835.202996254025,0.139893505,0.4,0.0,True,0.2695704917472178,0.4,0.0,0.9909932029233832,0.956273563457308,0.3590061865020049,0.49228385513225625,46.77119863901167,Moderate,1000000,100.0,0.04,0.07,0.8067513141531533,0.0642025394245946,6.42025394245946,64202.5394245946,30,2141,21.41,Targeted tree planting and protection of existing vegetation
8412_1448,13.011935823926791,77.55319179654819,6,4,34.846275601400016,35.28799202270002,42.08639392580002,1,0,0.2967799183518082,0.29784828966835697,0.053084699902683455,0.6448809598223306,7263.209633175202,0.12596819249999996,0.16666666666666666,0.0,True,0.39630273910840536,0.16666666666666666,0.0,0.9481069039540964,0.8403424006870515,0.38148643041031755,0.5587347513155178,43.38188231472996,Low,1000000,100.0,0.01,0.03,0.6921219321144585,0.023842438642289167,2.3842438642289165,23842.438642289166,30,795,7.95,Maintain existing vegetation and monitor future heat
8412_1450,13.028597567637505,77.55259661597941,4,4,32.90089242830005,33.35069104272504,36.55731932330004,0,0,0.15211975932780905,0.0809397520563717,0.02549341937992715,0.7355841683456674,10151.342353418368,0.1364024625,0.0,0.0,True,0.29386312647306917,0.0,0.0,0.9970117933773163,0.9631261225628489,0.533180171558079,0.5089429356906893,38.61294745672415,Low,1000000,100.0,0.01,0.03,0.6911311212012279,0.023822622424024553,2.3822622424024553,23822.622424024554,30,795,7.95,Maintain existing vegetation and monitor future heat
8412_1451,13.040793673258731,77.5510752606179,3,3,35.449351050200015,36.435569450900026,41.39610769670002,1,0,0.2327718328831707,0.0932603829893061,0.0306741530075669,0.7287494176998734,11921.828718783036,0.1594732575,0.3333333333333333,0.0,True,0.42805936999696637,0.3333333333333333,0.0,0.9878290660667113,0.9538740119038562,0.6261716392045714,0.3988502535041816,50.65640000682532,Moderate,1000000,100.0,0.04,0.07,0.7846893354141269,0.0635406800624238,6.354068006242381,63540.6800624238,30,2119,21.19,Targeted tree planting and protection of existing vegetation
8412_1452,13.04674727532345,77.55054655566147,4,4,37.01041205450002,36.65072099232503,41.77802016140004,1,0,0.3191272808776434,0.2720518341430585,0.05206975300097835,0.7084970213472843,11950.0,0.14556080124999998,0.25,0.0,True,0.5102614198511336,0.25,0.0,0.9499058732319952,0.9264586134680344,0.627651282785621,0.46523980030414847,50.53547224414312,Moderate,1000000,100.0,0.04,0.07,0.7352446593096045,0.06205733977928814,6.205733977928814,62057.33977928814,30,2069,20.69,Targeted tree planting and protection of existing vegetation
8412_1454,13.065350750842894,77.55372033830731,7,3,32.21248611020005,34.307783640500034,39.055481780900045,0,0,0.2556908680647731,0.1289949942241047,0.0313945449888706,0.7449120676610619,12592.458060283543,0.148319065,0.0,0.0,True,0.25761315909543003,0.0,0.0,0.9865521883894329,0.9757531752754567,0.6613951845155731,0.45207750336486585,37.851572790861155,Low,1000000,100.0,0.01,0.03,0.6884267292498079,0.023768534584996157,2.3768534584996157,23768.534584996156,30,793,7.93,Maintain existing vegetation and monitor future heat
8412_1457,13.093526673911356,77.55269767532832,6,4,33.91474552070002,34.889356895150016,43.88439207649999,1,0,0.2320365170823601,0.18457034432563374,0.02616110467351965,0.7480778770986944,14979.094218320555,0.15284117875,0.16666666666666666,0.0,True,0.34725040744203756,0.16666666666666666,0.0,0.9958283370522023,0.9800386892261792,0.786748761597956,0.43049820226622637,45.408225657293535,Moderate,1000000,100.0,0.04,0.07,0.743921906371337,0.062317657191140116,6.231765719114011,62317.65719114012,30,2078,20.78,Targeted tree planting and protection of existing vegetation
8412_1458,13.102601128011559,77.55084548806951,4,3,42.24072607385001,42.598464592100015,46.19095742300004,2,2,0.15891064401414084,0.12115615296634624,0.02751797740347675,0.6553292690659873,14605.47101944575,0.18169871624999995,0.5,0.5,True,0.7856782886264491,0.5,0.5,0.9934233123645947,0.8544861373544859,0.767124905526639,0.2927914737086398,69.81614161398365,Very High,1000000,100.0,0.12,0.18,0.8176088836531945,0.16905653301919166,16.905653301919166,169056.53301919164,30,5636,56.36,"Urgent urban greening: street trees, shaded corridors, pocket parks, institutional planting and suitable green roofs"
8412_1459,13.109980315453114,77.54986531815815,3,3,36.682230864200015,37.87501160690001,44.0668801643,1,1,0.2462424048608889,0.2436040044493882,0.028869041474536,0.7432028893381357,14212.670403551894,0.1642789925,0.3333333333333333,0.3333333333333333,True,0.49298011790846036,0.3333333333333333,0.3333333333333333,0.9910285833869258,0.9734394834088199,0.7464937916818892,0.3759175259571863,56.667950377007934,High,1000000,100.0,0.08,0.12,0.7902021883752269,0.11160808753500907,11.160808753500907,111608.08753500908,30,3721,37.21,"Increase tree canopy, shaded streets and connected green corridors"
8412_1460,13.120011263320812,77.55351946173789,6,5,42.27631620710002,41.53838847590003,48.32549382290004,3,3,0.2935632722741059,0.24047028177148488,0.030799205473158498,0.49480113247409463,12576.106471941664,0.16560699499999998,0.5,0.5,True,0.7875523870118899,0.5,0.5,0.9876074135414936,0.6371813429880576,0.6605363480805636,0.36958036431297836,67.46307980532738,Very High,1000000,100.0,0.12,0.18,0.7712399753683583,0.1662743985221015,16.62743985221015,166274.3985221015,30,5543,55.43,Major tree-canopy expansion and restoration of open green areas
8412_1461,13.129118080771962,77.55018294205733,5,5,38.08247402750001,37.84896515516002,42.74596924520004,1,0,0.548979097732225,0.4895146794487717,0.4879471010062843,0.0577052237931638,14261.837188805654,0.1391358525,0.2,0.0,True,0.5667138528493034,0.2,0.0,0.1773236261447403,0.045490449597884154,0.7490761846387902,0.4958993350448607,31.341052072047297,Low,1000000,100.0,0.01,0.03,0.15775990299194698,0.01315519805983894,1.315519805983894,13155.19805983894,30,439,4.39,Maintain existing vegetation and monitor future heat
8412_1462,13.136832530787432,77.55109313088208,4,4,32.110201861700034,32.62569909305003,36.77244950210002,0,0,0.40731757902156673,0.4277133521644398,0.5312589026289061,0.04749368887860325,15661.92888849115,0.11857303,0.0,0.0,True,0.2522270948280286,0.0,0.0,0.1005544864403407,0.031667231177206046,0.8226133688500958,0.594024097644072,16.47498978568887,Low,1000000,100.0,0.01,0.03,0.05661068945561156,0.01113221378911223,1.113221378911223,11132.213789112231,30,372,3.72,Maintain existing vegetation and monitor future heat
8413_1426,12.815104697521228,77.55742709025542,5,5,34.73262643640003,36.203622613700034,44.05281501200007,1,1,0.4687394240814584,0.4837138508371385,0.5841972960624844,0.0447073134128004,2912.043955712207,0.13272211,0.2,0.2,True,0.39031822325573867,0.2,0.2,0.0067224413862232435,0.027895351926135674,0.15294963383522014,0.5265053941199206,22.486611977502573,Low,1000000,100.0,0.01,0.03,0.06894029107833875,0.011378805821566775,1.1378805821566775,11378.805821566775,30,380,3.8,Maintain existing vegetation and monitor future heat
8413_1428,12.832466955381202,77.56146363525058,5,5,37.19809553270004,37.59217956662003,43.27054986470005,2,0,0.4207874603470798,0.2934343434343434,0.0682333859149366,0.4355242708697915,728.0109889280518,0.1411576249999999,0.4,0.0,True,0.5201444203163967,0.4,0.0,0.9212562177844096,0.5569390471819474,0.038237408458805036,0.48625153758942363,47.615011078318666,Moderate,1000000,100.0,0.04,0.07,0.6920159183285942,0.06076047754985783,6.076047754985783,60760.47754985783,30,2026,20.26,Targeted tree planting and protection of existing vegetation
8413_1429,12.84141405196995,77.56400942647879,5,3,32.678191335200026,33.796235931260014,35.76900428060002,0,0,0.4420949446856183,0.392380009896091,0.3086143668042496,0.120254473760724,1941.64878389476,0.1281004875,0.0,0.0,True,0.28213617518342743,0.0,0.0,0.49518663829746823,0.13016253382278414,0.10198145187704495,0.5485595460066897,20.44621515761136,Low,1000000,100.0,0.01,0.03,0.27362582591329093,0.015472516518265818,1.5472516518265818,15472.516518265818,30,516,5.16,Maintain existing vegetation and monitor future heat
8413_1431,12.85891795491034,77.5582945487687,3,3,33.4121085896,36.088053660800036,42.407568175100025,1,0,0.2502628085602694,0.2089066800100075,0.027637236053124,0.7302872894797474,4085.339643163099,0.1633282625,0.3333333333333333,0.0,True,0.32078264868372,0.3333333333333333,0.0,0.993211929240533,0.9559558083912661,0.21457478390345358,0.3804543620625386,45.389695546195554,Moderate,1000000,100.0,0.04,0.07,0.7877971262985197,0.0636339137889556,6.363391378895559,63633.91378895559,30,2122,21.22,Targeted tree planting and protection of existing vegetation
8413_1432,12.869597176648632,77.56130078055975,6,4,41.88407277695002,39.34176374270003,42.45967589000003,4,0,0.4027777417807846,0.2631878621839365,0.0437678244197741,0.7275312324054539,6220.075338389232,0.14223243499999993,0.6666666666666666,0.0,True,0.7668977079754241,0.6666666666666666,0.0,0.9646208444682307,0.952224970741826,0.3266977627751637,0.48112259791738876,67.70426208383388,Very High,1000000,100.0,0.12,0.18,0.8727554163824806,0.17236532498294882,17.23653249829488,172365.32498294883,30,5746,57.46,"Urgent urban greening: street trees, shaded corridors, pocket parks, institutional planting and suitable green roofs"
8413_1433,12.876063506961636,77.56065471309414,3,3,34.8896331851,37.16427422480002,44.14583642630005,1,1,0.4514609439945812,0.3565962656871748,0.0375118686351925,0.7021118411794305,6718.63081289633,0.1457934374999999,0.3333333333333333,0.3333333333333333,True,0.3985858544043772,0.3333333333333333,0.3333333333333333,0.9757093775150816,0.9178150803602181,0.35288345173869295,0.4641296717309328,51.52309938247451,Moderate,1000000,100.0,0.04,0.07,0.7714177048295844,0.06314253114488753,6.3142531144887535,63142.531144887536,30,2105,21.05,Targeted tree planting and protection of existing vegetation
8413_1434,12.88984841124855,77.56149076401373,5,3,38.72772784309999,37.818715678160025,39.19541551970004,0,0,0.190624931420671,0.1173498034811903,0.0258655287325382,0.6966757124755532,4220.189569201838,0.15036182,0.0,0.0,True,0.6006915040573196,0.0,0.0,0.9963522383875514,0.910456265542921,0.2216575227370737,0.4423295784667468,45.390526858981175,Moderate,1000000,100.0,0.04,0.07,0.6802673723023599,0.060408021169070805,6.040802116907081,60408.0211690708,30,2014,20.14,Targeted tree planting and protection of existing vegetation
8413_1435,12.896225267192795,77.56300288865194,4,3,40.24527745280003,38.256882770525024,42.36574870040001,2,0,0.2620021220880795,0.2348099662735622,0.03248468274250625,0.7166083465563133,2912.077013859466,0.17799437,0.5,0.0,True,0.680602339270753,0.5,0.0,0.9846199451122984,0.9374388060623605,0.15295137015225227,0.3104684291152491,59.378856411768176,High,1000000,100.0,0.08,0.12,0.8297977337686213,0.11319190935074486,11.319190935074486,113191.90935074486,30,3774,37.74,"Increase tree canopy, shaded streets and connected green corridors"
8413_1437,12.911124390452418,77.55990688845327,3,3,32.94946249250003,34.065098523800025,39.618822747200014,0,0,0.2049311255555029,0.2552021047596269,0.0336730564013123,0.7415707446634769,5981.638571495272,0.1332226375,0.0,0.0,True,0.2964207195637874,0.0,0.0,0.9825135810263893,0.9712300709629216,0.31417431987941064,0.5241169018732033,37.534082120701754,Low,1000000,100.0,0.01,0.03,0.685502804705779,0.023710056094115577,2.3710056094115575,23710.056094115578,30,791,7.91,Maintain existing vegetation and monitor future heat
8413_1439,12.932957464572349,77.56244314951675,3,3,42.32580913670004,39.63943340780002,43.46826523160001,2,0,0.2866969018593485,0.2064466615502686,0.0314324072096496,0.7213944090763107,5000.999900019995,0.146087055,0.6666666666666666,0.0,True,0.790158576171188,0.6666666666666666,0.0,0.9864850785023442,0.9439176349693262,0.2626681173605282,0.4627285436765286,68.23485978421601,Very High,1000000,100.0,0.12,0.18,0.8820260662450373,0.17292156397470224,17.292156397470222,172921.56397470224,30,5765,57.65,"Urgent urban greening: street trees, shaded corridors, pocket parks, institutional planting and suitable green roofs"
8413_1440,12.936228790912615,77.56091436809061,5,4,35.72950905950004,36.97781097974003,43.016761879700034,1,0,0.2588898652606912,0.2161230442853354,0.0374705055728554,0.7071071027312428,5544.366510251645,0.1285577575,0.2,0.0,True,0.44281187651919,0.2,0.0,0.9757826925606856,0.9245770992023276,0.29120742697850055,0.5463774763908215,46.35479219285587,Moderate,1000000,100.0,0.04,0.07,0.7328067661208083,0.061984202983624254,6.198420298362425,61984.20298362425,30,2067,20.67,Targeted tree planting and protection of existing vegetation
8413_1441,12.948488200186237,77.5601609617934,7,4,32.755370226800025,34.6533991742429,45.48035106500004,1,1,0.2755602182589244,0.2104425342247692,0.0315569723024964,0.731122067430988,7102.816342831905,0.137013265,0.14285714285714285,0.14285714285714285,True,0.2862002464000659,0.14285714285714285,0.14285714285714285,0.9862642898337415,0.9570858361539201,0.3730620743907212,0.5060282166482278,42.34628155624205,Low,1000000,100.0,0.01,0.03,0.7274064550047976,0.02454812910009595,2.4548129100095952,24548.12910009595,30,819,8.19,Maintain existing vegetation and monitor future heat
8413_1442,12.959589469890478,77.56038785995199,4,3,41.81400336695003,41.08922504352502,47.53750349209999,3,1,0.17130396273157816,0.06454486668261256,0.02691444940865035,0.7241509362356737,9195.763667711033,0.14762902124999994,0.75,0.25,True,0.7632080064722764,0.75,0.25,0.994493051401406,0.9476491089666461,0.4829901976763378,0.45537035769708734,73.23192983172298,Very High,1000000,100.0,0.12,0.18,0.9117763474940321,0.1747065808496419,17.470658084964192,174706.5808496419,30,5824,58.24,"Urgent urban greening: street trees, shaded corridors, pocket parks, institutional planting and suitable green roofs"
8413_1443,12.966222607647298,77.5581420637438,3,3,33.768676436000035,36.42349814360003,42.68232571280003,1,0,0.2561148892017105,0.2983220745260405,0.0316220605745911,0.7221472598612309,10901.834707974616,0.163729625,0.3333333333333333,0.0,True,0.3395587296987676,0.3333333333333333,0.0,0.9861489224173247,0.944936759021215,0.572598371479253,0.3785390802461086,47.517383909395186,Moderate,1000000,100.0,0.04,0.07,0.7820618130129053,0.06346185439038717,6.346185439038717,63461.85439038717,30,2116,21.16,Targeted tree planting and protection of existing vegetation
8413_1444,12.978409590033428,77.56331417075059,5,4,36.708139455800016,37.42372245092002,43.78848243530001,1,0,0.3217242143607435,0.28,0.050607148790732,0.5746036032214761,11182.57573191436,0.1239117425,0.2,0.0,True,0.49434440753742936,0.2,0.0,0.9524983044572527,0.7452088817352335,0.5873437659400337,0.5685480280700657,47.349354580384514,Moderate,1000000,100.0,0.04,0.07,0.6852909285756731,0.0605587278572702,6.05587278572702,60558.7278572702,30,2019,20.19,Targeted tree planting and protection of existing vegetation
8413_1445,12.988520141329287,77.56348920756999,5,4,33.92286331820004,35.94542196488002,42.05029963460001,1,0,0.2888581268710858,0.2103825136612022,0.033455008873716,0.7286712641362101,7872.10264160726,0.1369390975,0.2,0.0,True,0.34767787286008595,0.2,0.0,0.9829000650903423,0.9537682164686047,0.41346739089747886,0.5063821402562382,44.31076698261234,Low,1000000,100.0,0.01,0.03,0.7422036758388921,0.02484407351677784,2.4844073516777843,24844.07351677784,30,829,8.29,Maintain existing vegetation and monitor future heat
8413_1447,13.0041914965582,77.56035786555901,4,3,37.064929473500015,37.729234478075014,42.604941740000015,1,0,0.310580692526194,0.36524031159869097,0.038301769294775995,0.7257324951933697,4648.139376923101,0.13742250625000002,0.25,0.0,True,0.5131321876060219,0.25,0.0,0.9743092973564097,0.9497900442031538,0.24413478179850553,0.504075337830057,49.49755612870115,Moderate,1000000,100.0,0.04,0.07,0.7521126575188356,0.06256337972556507,6.256337972556507,62563.37972556507,30,2086,20.86,Targeted tree planting and protection of existing vegetation
8413_1449,13.019483767667541,77.56165070251325,4,4,35.80252651175002,35.75550310160002,41.482976675000025,1,0,0.24309793465691176,0.13672116273449494,0.030248708324506803,0.7067068491596729,5136.573303052803,0.14053855875,0.25,0.0,True,0.44665681546362823,0.25,0.0,0.9885831566629629,0.9240352812885898,0.26978885546305154,0.48920569083440857,47.51377735822649,Moderate,1000000,100.0,0.04,0.07,0.7540986345891995,0.062622959037676,6.262295903767599,62622.959037675995,30,2088,20.88,Targeted tree planting and protection of existing vegetation
8413_1450,13.029962452685764,77.56025569064853,5,4,32.71922466530002,35.246498399240025,43.24944359120003,1,0,0.2518842176427873,0.2243462975170292,0.0304447545204311,0.7220175976399332,8021.22185206219,0.1509415474999999,0.2,0.0,True,0.28429690038075855,0.2,0.0,0.9882356694368585,0.9447612370041133,0.42129959706735465,0.43956314777321126,42.1043681472196,Low,1000000,100.0,0.01,0.03,0.743070082119252,0.02486140164238504,2.486140164238504,24861.40164238504,30,829,8.29,Maintain existing vegetation and monitor future heat
8413_1451,13.041008714618396,77.5645507774366,4,4,32.53171208810003,34.495027048625026,41.942529464000025,1,0,0.5318357464276666,0.5531003777085425,0.0535947962198406,0.6934134278562851,7256.4105279891355,0.1383162425,0.25,0.0,True,0.27442289918745566,0.25,0.0,0.947202770346916,0.9060401544274158,0.3811293201934281,0.4998104730549242,42.15582904134334,Low,1000000,100.0,0.01,0.03,0.7298094160589412,0.024596188321178825,2.4596188321178825,24596.188321178826,30,820,8.2,Maintain existing vegetation and monitor future heat
8413_1452,13.049045078615473,77.55920006973138,5,4,34.17195152570002,34.793344143680024,41.34533300960005,1,0,0.4411909448818898,0.4205059920106525,0.1160337068140506,0.4621825451031327,8914.033879226621,0.1430643925,0.2,0.0,True,0.36079431174017945,0.2,0.0,0.8365312842664607,0.5930259969430813,0.46819287021682626,0.4771525382536368,39.02878562798542,Low,1000000,100.0,0.01,0.03,0.5968708415218467,0.021937416830436932,2.1937416830436933,21937.41683043693,30,732,7.32,Maintain existing vegetation and monitor future heat
8413_1453,13.0543703172189,77.55881628576591,5,4,38.3670925529,37.44034086416001,43.9337141051,1,1,0.3718381375967662,0.2928974069898534,0.0368469394743442,0.710009896196425,9535.197952848172,0.1554377425,0.2,0.2,True,0.5817012403696523,0.2,0.2,0.9768879486603657,0.9285065719441888,0.500818345332216,0.4181075296558652,52.984051535377354,High,1000000,100.0,0.08,0.12,0.7341452887190205,0.10936581154876082,10.936581154876082,109365.81154876082,30,3646,36.46,"Increase tree canopy, shaded streets and connected green corridors"
8413_1454,13.067574807328809,77.55999705860606,5,4,34.83101414210001,33.38058419114002,37.33476506240001,0,0,0.1970271133477777,0.1778058007566204,0.0291228890419006,0.7457024531904608,11510.86443322134,0.1098395524999999,0.0,0.0,True,0.39549910412247535,0.0,0.0,0.9905786446027479,0.9768231096096033,0.6045865127600631,0.6356998163520977,42.693315534372324,Low,1000000,100.0,0.01,0.03,0.6906539442232946,0.02381307888446589,2.3813078884465892,23813.07888446589,30,794,7.94,Maintain existing vegetation and monitor future heat
8413_1455,13.073310986113462,77.56054289872331,7,4,32.10198152360002,32.60755551045715,37.808297553200006,0,0,0.3378308775260812,0.2427272727272727,0.0304021707270294,0.7511939855758101,12599.206324209474,0.1374515325,0.0,0.0,True,0.25179422984680466,0.0,0.0,0.9883111481992818,0.9842569236504944,0.6617496243908606,0.5039368260138706,38.049495606921965,Low,1000000,100.0,0.01,0.03,0.6910069588297398,0.023820139176594795,2.3820139176594797,23820.139176594796,30,795,7.95,Maintain existing vegetation and monitor future heat
8413_1461,13.126877941680469,77.56120770051169,10,7,36.10704645860001,36.48253646372002,42.21549254120004,3,0,0.36364518011210833,0.2745951654870481,0.05492362799122925,0.5978507801191881,10508.423661391054,0.15739273125,0.3,0.0,True,0.4626921682035912,0.3,0.0,0.9448474475923877,0.7766782745943819,0.5519351959101981,0.4087784209219899,48.12382759009831,Moderate,1000000,100.0,0.04,0.07,0.7177593787150702,0.06153278136145211,6.153278136145211,61532.781361452115,30,2052,20.52,Targeted tree planting and protection of existing vegetation
8413_1462,13.137681042068523,77.55753363369517,3,3,39.1943388434,38.335948694,39.232996649600025,0,0,0.3484951894498139,0.312679288582903,0.096837812103331,0.1673031682148575,12714.16532848303,0.15634461,0.0,0.0,True,0.6252622162867005,0.0,0.0,0.8705555517314394,0.19385172308657292,0.6677876299557188,0.41378000321116437,39.16255516127275,Low,1000000,100.0,0.01,0.03,0.4740481204830343,0.019480962409660685,1.9480962409660685,19480.962409660686,30,650,6.5,Maintain existing vegetation and monitor future heat
8414_1425,12.804452395733492,77.57229361661625,4,3,42.07170498485003,41.48134884297502,45.59637575390001,3,1,0.4097448892587864,0.3181998211286974,0.10262394102755931,0.10871883691288531,4043.668350351367,0.14977800875,0.75,0.25,True,0.7767780086590993,0.75,0.25,0.8602997756359988,0.1145468963007575,0.21238607759478254,0.445115496611447,61.89081372835169,High,1000000,100.0,0.08,0.12,0.6780592670781508,0.10712237068312602,10.712237068312602,107122.37068312602,30,3571,35.71,"Increase tree canopy, shaded streets and connected green corridors"
8414_1431,12.85796720491249,77.57418134672308,3,3,36.30623157410004,36.28144523240004,41.49728108870005,1,0,0.4820245195493703,0.4008514452162223,0.0387773590628057,0.7270049864891917,5632.051136131489,0.1637126575,0.3333333333333333,0.0,True,0.47318081967168896,0.3333333333333333,0.0,0.9734663257880143,0.9515125986739295,0.29581289709683206,0.3786200483091945,50.01804352407364,Moderate,1000000,100.0,0.04,0.07,0.777035682628793,0.06331107047886379,6.33110704788638,63311.070478863796,30,2111,21.11,Targeted tree planting and protection of existing vegetation
8414_1432,12.865651034831098,77.56745687700035,4,4,33.53088478460001,33.39503130717503,36.11256656090006,0,0,0.14746366150185256,-0.0880642573574828,0.035129580297507304,0.335293892363552,5087.670758000959,0.09416957125,0.0,0.0,True,0.327037142695155,0.0,0.0,0.979931927013378,0.42125852255254953,0.26722034122595767,0.7104761847271266,33.611161041346236,Low,1000000,100.0,0.01,0.03,0.5742176680171989,0.021484353360343975,2.1484353360343973,21484.353360343976,30,717,7.17,Maintain existing vegetation and monitor future heat
8414_1433,12.8740094671534,77.5712652709997,4,3,36.18888240245001,36.72102111867502,43.33074119690004,1,0,0.24078753743665976,0.080976196927756,0.031214329530484947,0.7208451345795766,2854.9168598011483,0.1368876725,0.25,0.0,True,0.4670014695811099,0.25,0.0,0.9868716160092361,0.9431740894196324,0.14994914052723746,0.5066275377894156,47.777742613351435,Moderate,1000000,100.0,0.04,0.07,0.7570706258885445,0.06271211877665633,6.271211877665634,62712.11877665633,30,2091,20.91,Targeted tree planting and protection of existing vegetation
8414_1435,12.894875575005356,77.5724739496437,7,5,42.13892889320001,39.69852853215716,43.4054932943,4,0,0.2670378415266438,0.1769119769119769,0.0318231715355068,0.6981793791055679,6300.0,0.1599383925,0.5714285714285714,0.0,True,0.7803178722841311,0.5714285714285714,0.0,0.9857924580155631,0.912491758975837,0.33089565535978344,0.39663065250088625,65.24468645353339,Very High,1000000,100.0,0.12,0.18,0.8468231522315204,0.1708093891338912,17.080938913389122,170809.3891338912,30,5694,56.94,"Urgent urban greening: street trees, shaded corridors, pocket parks, institutional planting and suitable green roofs"
8414_1436,12.9049945190109,77.57053310716697,4,3,38.2641076103,38.15352184572501,44.911626717200015,2,1,0.24115943677717244,0.17529965624868615,0.02741383388638495,0.6807712041772902,6096.295339227136,0.15000862375000001,0.5,0.25,True,0.5762782790872203,0.5,0.25,0.993607904275192,0.888926545092483,0.3201964510381518,0.4440150133423424,59.9027897095718,High,1000000,100.0,0.08,0.12,0.8245892611560927,0.1129835704462437,11.29835704462437,112983.5704462437,30,3767,37.67,"Increase tree canopy, shaded streets and connected green corridors"
8414_1438,12.922241994994316,77.57161196532167,4,4,40.86658803830002,39.19571032392502,43.94536955330002,2,1,0.22513713587301204,0.1414960322500223,0.03059736138675355,0.7203220506198704,4127.360283018329,0.1410543075,0.5,0.25,True,0.7133191924773281,0.5,0.25,0.9879651773907728,0.9424659976500924,0.2167818390087764,0.4867445635424431,64.16134542443847,Very High,1000000,100.0,0.12,0.18,0.8324757882254049,0.1699485472935243,16.99485472935243,169948.5472935243,30,5665,56.65,"Urgent urban greening: street trees, shaded corridors, pocket parks, institutional planting and suitable green roofs"
8414_1440,12.941573516301895,77.5709684775115,9,4,33.87044798150002,34.48529471140002,42.767502771200014,2,0,0.251452321352666,0.1628721541155867,0.0321725441608578,0.7404936535749584,3252.6911934581185,0.146547075,0.2222222222222222,0.0,True,0.34491779615029095,0.2222222222222222,0.0,0.9851732033348607,0.9697720271428563,0.17084148954640005,0.4605333511979236,43.535281965237374,Low,1000000,100.0,0.01,0.03,0.7532076737626683,0.025064153475253363,2.506415347525336,25064.153475253363,30,836,8.36,Maintain existing vegetation and monitor future heat
8414_1446,12.99354926280866,77.57286877751055,6,5,36.66308140715001,36.93685341575002,43.09371860000001,1,0,0.2903952802111467,0.18346793566714104,0.0386129303369671,0.6960890986956656,5273.879267483347,0.1355042025,0.16666666666666666,0.0,True,0.49197174948546546,0.16666666666666666,0.0,0.9737577717993187,0.9096621743043549,0.2770005930955995,0.513229387575024,46.579957374617074,Moderate,1000000,100.0,0.04,0.07,0.7188113207605303,0.06156433962281592,6.156433962281592,61564.33962281592,30,2053,20.53,Targeted tree planting and protection of existing vegetation
8414_1448,13.0103902963908,77.5693231459084,3,3,37.1744086541,36.811095914900015,42.71016548570002,1,0,0.2759460399675313,0.1277989337395278,0.0294676283374428,0.6906011709943414,1300.0,0.1539779325,0.3333333333333333,0.0,True,0.5188971212228913,0.3333333333333333,0.0,0.9899676023890882,0.9022332398760815,0.06828005586789182,0.42507367011104613,50.2388620345119,Moderate,1000000,100.0,0.04,0.07,0.7754304491697603,0.06326291347509282,6.326291347509281,63262.91347509281,30,2109,21.09,Targeted tree planting and protection of existing vegetation
8414_1451,13.041620636609384,77.56728102788811,7,6,37.15930100570005,36.515848974928595,42.45489066199999,1,0,0.3145073743457126,0.3075268817204301,0.0332877619657665,0.7516437033191323,6053.098380168623,0.139147925,0.14285714285714285,0.0,True,0.5181015855817275,0.14285714285714285,0.0,0.9831965062625054,0.9848657005528516,0.31792761197827624,0.4958417256774462,47.77992742662509,Moderate,1000000,100.0,0.04,0.07,0.7314285360989659,0.06194285608296898,6.194285608296898,61942.85608296898,30,2065,20.65,Targeted tree planting and protection of existing vegetation
8414_1453,13.055744686635636,77.57296516617376,3,3,31.655297579900022,34.76738200310002,42.944163134900016,1,0,0.4073429798898288,0.2858986175115207,0.0361705422401428,0.7475219303742051,4860.041152089147,0.122353785,0.3333333333333333,0.0,True,0.2282728327278319,0.3333333333333333,0.0,0.978086846693297,0.9792861115708927,0.255264524142231,0.5759825234963215,43.801917369469436,Low,1000000,100.0,0.01,0.03,0.7849006456608271,0.025698012913216536,2.5698012913216535,25698.012913216535,30,857,8.57,Maintain existing vegetation and monitor future heat
8414_1454,13.06812527332355,77.57183578264633,8,6,32.733306907700026,34.45631797212503,42.179381159900025,1,0,0.2144681339623695,0.21129165602755165,0.029764524253550848,0.7502893315977417,8662.232092318147,0.14930136500000002,0.125,0.0,True,0.2850384403901722,0.125,0.0,0.9894413614291772,0.9830323056436419,0.4549674547724066,0.44739001679529566,40.85988404741776,Low,1000000,100.0,0.01,0.03,0.728827141843317,0.02457654283686634,2.457654283686634,24576.54283686634,30,820,8.2,Maintain existing vegetation and monitor future heat
8414_1455,13.074205809343074,77.5694122108396,5,3,34.865057621300025,33.93184245674003,36.21124479830003,0,0,0.3321778548096795,0.2833710407239819,0.0977993535343557,0.3149316841736436,10965.856099730654,0.131350795,0.0,0.0,True,0.39729175909668873,0.0,0.0,0.8688512423819215,0.39369447329928037,0.5759609747145165,0.5330492408522327,34.433517219456036,Low,1000000,100.0,0.01,0.03,0.5131645158508168,0.020263290317016333,2.0263290317016334,20263.290317016334,30,676,6.76,Maintain existing vegetation and monitor future heat
8414_1456,13.083920163593843,77.5669126547157,3,3,36.59261037980002,37.192341865700016,45.837978497600005,1,1,0.3582532069325287,0.2917377528637582,0.0956166128162294,0.0563135147094726,13612.494260788506,0.1476220775,0.3333333333333333,0.3333333333333333,True,0.4882608996932143,0.3333333333333333,0.3333333333333333,0.8727200984638813,0.043606511600034877,0.7149706681753815,0.4554034929254973,45.693231055926056,Moderate,1000000,100.0,0.04,0.07,0.5450813515519477,0.056352440546558434,5.6352440546558435,56352.440546558435,30,1879,18.79,Targeted tree planting and protection of existing vegetation
8414_1457,13.092737878300468,77.57174359711327,5,4,32.437289285600016,34.634197714460015,46.75925451830004,1,1,0.334935544384584,0.3260958623514953,0.0394089380279183,0.5418420957867056,9708.2439194738,0.15576172,0.2,0.2,True,0.26945080143016353,0.2,0.2,0.9723468670725919,0.7008600667088305,0.5099072593852247,0.41656152519684775,41.30967163899245,Low,1000000,100.0,0.01,0.03,0.6863454468780621,0.023726908937561242,2.372690893756124,23726.908937561242,30,791,7.91,Maintain existing vegetation and monitor future heat
8414_1459,13.109780666971073,77.57026269816653,5,4,33.9221968043,36.58103012804002,43.970457820100016,1,1,0.559174282610085,0.5414525139664804,0.0766236057970672,0.2691522240638733,6985.699678629191,0.16314624,0.2,0.2,True,0.3476427756994443,0.2,0.2,0.906384752314234,0.3317234296145799,0.36691074179470395,0.38132296434708457,38.083457382551586,Low,1000000,100.0,0.01,0.03,0.579537062080033,0.02159074124160066,2.159074124160066,21590.74124160066,30,720,7.2,Maintain existing vegetation and monitor future heat
8414_1461,13.127955858238607,77.57368521944393,3,3,35.667728348000026,38.76864723920002,45.839926769,1,1,0.3604065317757877,0.2828601472134595,0.0756636096630245,0.4176067190710455,6280.127387243033,0.1306975875,0.3333333333333333,0.3333333333333333,True,0.43955863970604747,0.3333333333333333,0.3333333333333333,0.9080863226615528,0.5326842966326722,0.3298518837372552,0.536166314438095,48.13165465497485,Moderate,1000000,100.0,0.04,0.07,0.6605800206573108,0.059817400619719324,5.981740061971933,59817.40061971932,30,1994,19.94,Targeted tree planting and protection of existing vegetation
8414_1462,13.137326234752845,77.56859967695348,10,5,35.69636281055001,36.768334206020015,43.61137772900001,4,0,0.39522155625706346,0.31838606279319764,0.0421633926453068,0.6949118674965575,9920.255465582806,0.17036131874999993,0.4,0.0,True,0.4410664677227603,0.4,0.0,0.9674646616826115,0.9080685721541332,0.5210427672413486,0.3468929686848471,51.16432835809429,Moderate,1000000,100.0,0.04,0.07,0.7853460452721324,0.06356038135816397,6.356038135816397,63560.38135816397,30,2119,21.19,Targeted tree planting and protection of existing vegetation
8414_1463,13.14503968879859,77.56835246421886,7,4,41.447053284800056,38.917452367528604,46.69162899260004,4,1,0.3461743821872285,0.2862828336428761,0.0434324527159333,0.6499308058992028,12682.271089990152,0.166987825,0.5714285714285714,0.14285714285714285,True,0.7438852196857286,0.5714285714285714,0.14285714285714285,0.9652152828480834,0.8471783098716614,0.6661124450432899,0.3629911124755971,66.12637243388987,Very High,1000000,100.0,0.12,0.18,0.8234718748269454,0.1694083124896167,16.940831248961672,169408.3124896167,30,5647,56.47,"Urgent urban greening: street trees, shaded corridors, pocket parks, institutional planting and suitable green roofs"
8415_1427,12.824582482039755,77.58000816357594,8,5,38.61933388385002,37.684806626862525,44.61292594940006,3,1,0.3189060758448725,0.25659983500412487,0.09084657812491055,0.44420999207068235,3120.830480335965,0.14478717125,0.375,0.125,True,0.5949837158173896,0.375,0.125,0.8811748716641129,0.5686967919583795,0.16391575350119952,0.4689315240492533,50.54333885681944,Moderate,1000000,100.0,0.04,0.07,0.6668267942237324,0.06000480382671197,6.000480382671197,60004.80382671197,30,2001,20.01,Targeted tree planting and protection of existing vegetation
8415_1428,12.832237355691774,77.58172457127301,5,5,35.0892797333,37.38499628432001,45.4167929831,1,1,0.3252071472859477,0.3451692815854665,0.0872761758510023,0.2892902123276144,2147.091055358389,0.1347076374999999,0.2,0.2,True,0.40909880390676245,0.2,0.2,0.8875033248962085,0.3589839553486513,0.11277192093332432,0.5170305559953541,39.3243659287759,Low,1000000,100.0,0.01,0.03,0.5755484535178345,0.021510969070356687,2.1510969070356687,21510.96907035669,30,718,7.18,Maintain existing vegetation and monitor future heat
8415_1432,12.866857185147936,77.5801117976996,6,3,34.06122476780001,36.437728500200016,42.9039159494,2,0,0.2393789707618978,0.1238186758270252,0.0332719554426148,0.74101348844124,2569.739371157746,0.12968841999999994,0.3333333333333333,0.0,True,0.35496368343800894,0.3333333333333333,0.0,0.9832245229493809,0.9704757206580249,0.13497072909890162,0.5409820113766035,46.81513258967209,Moderate,1000000,100.0,0.04,0.07,0.7857074056062955,0.06357122216818886,6.357122216818886,63571.22216818886,30,2120,21.2,Targeted tree planting and protection of existing vegetation
8415_1433,12.875795224386383,77.5812427214711,5,4,39.314960769200034,37.931148028040035,42.71879598620003,2,0,0.2893859778214463,0.1348610829446359,0.0288786294404417,0.7369002709165215,1300.0,0.145517255,0.4,0.0,True,0.6316139024352931,0.4,0.0,0.9910115889450757,0.9649077130341297,0.06828005586789182,0.4654476008355849,56.13130632109361,High,1000000,100.0,0.08,0.12,0.8084873370793638,0.11233949348317454,11.233949348317454,112339.49348317453,30,3745,37.45,"Increase tree canopy, shaded streets and connected green corridors"
8415_1434,12.88582223918229,77.57775300647484,4,3,38.498147984750005,38.116555959425014,44.83320024830002,2,1,0.2635858668149878,0.2671548503768628,0.0309239622438326,0.7277857691515237,4162.9857024027315,0.1704790875,0.5,0.25,True,0.5886023320713341,0.5,0.25,0.9873862851284944,0.9525695337351909,0.21865299718253337,0.3463309820881454,59.81947947277274,High,1000000,100.0,0.08,0.12,0.8342070493112853,0.11336828197245141,11.336828197245142,113368.28197245141,30,3779,37.79,"Increase tree canopy, shaded streets and connected green corridors"
8415_1436,12.902131228370804,77.57980625435553,5,3,39.12565373150002,39.10936686620002,43.69206009110003,1,0,0.2074882362485803,0.1449240414757656,0.0280241577420383,0.700884954072535,9300.537618869135,0.152082,0.2,0.0,True,0.6216454088864206,0.2,0.0,0.9925261197364692,0.9161542596708674,0.4884932524752416,0.43412096536764966,52.31186774856279,Moderate,1000000,100.0,0.04,0.07,0.739493911802408,0.06218481735407225,6.218481735407225,62184.81735407225,30,2073,20.73,Targeted tree planting and protection of existing vegetation
8415_1439,12.929547875212704,77.57664423806436,7,5,34.505311016300006,35.47782071535716,41.800032210200015,1,0,0.4632811312148396,0.3322475570032573,0.0409812873695045,0.7030198716092855,1649.2422502470642,0.13586899,0.14285714285714285,0.0,True,0.3783482916232063,0.14285714285714285,0.0,0.9695599152085229,0.9190442690247557,0.08662334845119782,0.511488639832993,41.64627867992112,Low,1000000,100.0,0.01,0.03,0.7114459542663555,0.024228919085327108,2.4228919085327107,24228.919085327107,30,808,8.08,Maintain existing vegetation and monitor future heat
8415_1440,12.939168674502644,77.58010261561468,5,3,34.43684807570003,35.25199457540002,43.25446808060003,1,0,0.2479383009713827,0.2377131394182547,0.028008833527565,0.7361931169871241,1500.0,0.1498622,0.2,0.0,True,0.3747431832764727,0.2,0.0,0.9925532815426672,0.9639504482051995,0.07878467984756748,0.4447137401687612,43.38759130356783,Low,1000000,100.0,0.01,0.03,0.7490667304123735,0.024981334608247467,2.4981334608247465,24981.334608247467,30,833,8.33,Maintain existing vegetation and monitor future heat
8415_1443,12.965429302808705,77.58249693524752,3,3,41.99834573060002,39.91061341790003,44.485109091500014,2,1,0.1592268353991507,0.099236641221374,0.0258293250808492,0.7184176482260227,6500.0,0.1363576375,0.6666666666666666,0.3333333333333333,True,0.7729150711707418,0.6666666666666666,0.3333333333333333,0.9964164085003197,0.9398880335662129,0.3414002793394591,0.5091568383532985,71.78536418675296,Very High,1000000,100.0,0.12,0.18,0.8861858109634024,0.17317114865780414,17.317114865780415,173171.14865780415,30,5773,57.73,"Urgent urban greening: street trees, shaded corridors, pocket parks, institutional planting and suitable green roofs"
8415_1444,12.979861957855992,77.58302106799434,3,3,31.13644214390001,34.08446160710002,40.327549194200046,0,0,0.3760357583728005,0.2169977369876791,0.0303117791190743,0.7189091967884451,7963.039620647381,0.149170135,0.0,0.0,True,0.2009510430606153,0.0,0.0,0.9884713651775473,0.940553436289661,0.4182436847507994,0.44801623980509375,34.592435755157744,Low,1000000,100.0,0.01,0.03,0.6823463698467058,0.023646927396934116,2.3646927396934116,23646.927396934116,30,789,7.89,Maintain existing vegetation and monitor future heat
8415_1445,12.986545274437836,77.57822744646506,5,3,39.21201000680001,36.972547228940016,43.08452412620002,1,0,0.31246329253172,0.1718963165075034,0.0442246729508042,0.7106789061799645,6041.522986797286,0.15602011,0.2,0.0,True,0.6261927410072512,0.2,0.0,0.9638110912973055,0.9294122018230913,0.31731963620436254,0.4153285010141019,51.20031130400036,Moderate,1000000,100.0,0.04,0.07,0.727787986013271,0.061833639580398135,6.183363958039814,61833.639580398136,30,2062,20.62,Targeted tree planting and protection of existing vegetation
8415_1449,13.01981178452132,77.57862612276674,6,5,37.61135124080003,37.137907048850025,42.21477475700001,2,0,0.3361315375370031,0.4401350357768914,0.0579492264660075,0.6369250894058496,3133.8269398971925,0.13084309,0.3333333333333333,0.0,True,0.541905559840209,0.3333333333333333,0.0,0.9394846461549533,0.8295726451690231,0.1645983681049883,0.535471983770693,50.47884803193254,Moderate,1000000,100.0,0.04,0.07,0.7356568521112813,0.06206970556333845,6.206970556333845,62069.70556333845,30,2069,20.69,Targeted tree planting and protection of existing vegetation
8415_1452,13.047364813232504,77.5787708145701,5,4,41.53923728420003,37.15522672586001,43.59941465900001,3,0,0.289603484722311,0.1883656509695291,0.0303117791190743,0.7232109291944653,2109.5023109728986,0.145523745,0.6,0.0,True,0.748739426980357,0.6,0.0,0.9884713651775473,0.9463766339904237,0.11079764280513571,0.4654166308795262,64.63409099540146,Very High,1000000,100.0,0.12,0.18,0.8635110093868584,0.1718106605632115,17.18106605632115,171810.6605632115,30,5728,57.28,"Urgent urban greening: street trees, shaded corridors, pocket parks, institutional planting and suitable green roofs"
8415_1453,13.056375585453283,77.58018162147593,3,3,39.18579379340002,39.205846177400026,42.99457892990004,1,0,0.2120794806216801,0.1253153910849453,0.0312756979838013,0.7306002753321081,3360.0595232822884,0.1549077625,0.3333333333333333,0.0,True,0.6248122526887571,0.3333333333333333,0.0,0.9867628418832569,0.9563794931591255,0.17648080920704354,0.42063656776249336,54.428525358683835,High,1000000,100.0,0.08,0.12,0.7846573195734536,0.11138629278293814,11.138629278293815,111386.29278293814,30,3713,37.13,"Increase tree canopy, shaded streets and connected green corridors"
8415_1457,13.09123567340635,77.58259548954565,3,3,35.3102205461,37.150904069900015,43.526798824100034,1,0,0.2996102153738678,0.2772166105499439,0.0336562583688646,0.7420964390039444,7823.042886243178,0.1518835875,0.3333333333333333,0.0,True,0.4207330626952262,0.3333333333333333,0.0,0.9825433551399432,0.971941696370032,0.41089061948430605,0.4350677799141067,49.642684501981655,Moderate,1000000,100.0,0.04,0.07,0.785660016843978,0.06356980050531935,6.356980050531935,63569.80050531935,30,2119,21.19,Targeted tree planting and protection of existing vegetation
8415_1460,13.118682136923441,77.57874742348102,8,5,31.752728240000017,32.89017479933752,37.202248427,0,0,0.3994011381125002,0.4495028430194081,0.06346713856328276,0.6455355688231066,3400.1018858345537,0.1354147175,0.0,0.0,True,0.2334033176715997,0.0,0.0,0.9297042780150356,0.8412285361479376,0.17858395901639051,0.5136564055284782,32.82115088457724,Low,1000000,100.0,0.01,0.03,0.6330978462371053,0.022661956924742106,2.2661956924742106,22661.956924742106,30,756,7.56,Maintain existing vegetation and monitor future heat
8415_1463,13.144824270014606,77.57943544845588,6,5,37.145056407350026,37.22544823775002,41.85740367590002,1,0,0.2872142418354014,0.2364661904590765,0.033025566604919704,0.7126611964777112,10619.871637938342,0.17486284875000002,0.16666666666666666,0.0,True,0.5173514962639519,0.16666666666666666,0.0,0.9836612413123672,0.9320956017221478,0.557788791344823,0.32541189221379185,48.179089609285285,Moderate,1000000,100.0,0.04,0.07,0.7282497410006131,0.0618474922300184,6.184749223001839,61847.4922300184,30,2062,20.62,Targeted tree planting and protection of existing vegetation
8416_1426,12.815841641906344,77.58776064507529,4,3,34.90816739855002,35.329852798475024,41.604914538500026,1,0,0.38756344854085995,0.25305965750223525,0.0336452715564519,0.6687914986396208,6938.68326003222,0.17707038375,0.25,0.0,True,0.39956182544832064,0.25,0.0,0.9825628290040037,0.8727097777163577,0.36444129280354287,0.31487764538048635,45.098989666593404,Low,1000000,100.0,0.01,0.03,0.7408233700452734,0.024816467400905467,2.4816467400905466,24816.467400905465,30,828,8.28,Maintain existing vegetation and monitor future heat
8416_1427,12.82332952578154,77.58809315315737,6,3,31.383795706250012,34.048264775300034,41.08650344510004,1,0,0.3097565360148068,0.2989106753812636,0.05140068719629195,0.557423132006079,4764.035531938066,0.15616374249999998,0.16666666666666666,0.0,True,0.21397613933032722,0.16666666666666666,0.0,0.9510917764802355,0.7219519073266191,0.2502220094441176,0.41464309389336107,35.3961720837336,Low,1000000,100.0,0.01,0.03,0.6699362697054415,0.023398725394108828,2.339872539410883,23398.725394108827,30,780,7.8,Maintain existing vegetation and monitor future heat
8416_1432,12.865098951352183,77.5904926285359,4,3,36.51990054935004,36.73762415082504,38.453602639100026,0,0,0.24038481493619407,0.07749954129072095,0.0421674945391714,0.6776007456937805,4273.9602359088285,0.1300354425,0.0,0.0,True,0.4844321594383019,0.0,0.0,0.967457391173158,0.8846347377904529,0.2244817259115407,0.5393260373278517,41.71021184484792,Low,1000000,100.0,0.01,0.03,0.6606556431446695,0.02321311286289339,2.321311286289339,23213.11286289339,30,774,7.74,Maintain existing vegetation and monitor future heat
8416_1433,12.876432439488852,77.58754286390433,4,3,38.456832668000004,37.82325566322501,43.69604208440001,2,0,0.21324732311187125,0.12353241561037659,0.040086860070005045,0.5904753456125036,2757.9990596781718,0.18457257625,0.5,0.0,True,0.5864267580752702,0.5,0.0,0.9711452663538984,0.7666942474146937,0.1448587152910913,0.27907755723421734,54.44660557434007,High,1000000,100.0,0.08,0.12,0.788911482659888,0.11155645930639552,11.155645930639551,111556.45930639551,30,3719,37.19,"Increase tree canopy, shaded streets and connected green corridors"
8416_1434,12.884777564440991,77.59030935001577,6,4,35.54397038885002,35.664825879350026,40.19706628070002,0,0,0.28156669275840573,0.29701960476514394,0.03331332327798005,0.7373719187453389,5187.060689941947,0.15101911125,0.0,0.0,True,0.4330418169170108,0.0,0.0,0.9831511994436978,0.9655461764003064,0.2724406105379859,0.4391930174297205,40.95215240300739,Low,1000000,100.0,0.01,0.03,0.6846848350019101,0.0236936967000382,2.3693696700038203,23693.696700038203,30,790,7.9,Maintain existing vegetation and monitor future heat
8416_1435,12.896436626862798,77.58696908438962,3,3,34.51802605070004,33.53760689060003,34.76277337280001,0,0,0.2279309526231898,0.1170868347338935,0.0270067015662789,0.734701351262629,8393.449827097318,0.1348121649999999,0.0,0.0,True,0.37901783745695006,0.0,0.0,0.994329536643033,0.9619310648691279,0.44085017162965523,0.5165317559827298,40.691698460107204,Low,1000000,100.0,0.01,0.03,0.6895509812953421,0.02379101962590684,2.379101962590684,23791.01962590684,30,794,7.94,Maintain existing vegetation and monitor future heat
8416_1438,12.922870291062967,77.58883250494398,3,3,34.72331233190002,35.18772440600002,39.43240393640001,0,0,0.3022450157932276,0.507265968232511,0.0425655024591833,0.704363920725882,6087.69250208977,0.1233918825,0.0,0.0,True,0.389827762933978,0.0,0.0,0.9667519315877757,0.9208636903617324,0.3197446031917197,0.5710287740418225,39.85861565162101,Low,1000000,100.0,0.01,0.03,0.6675487038662343,0.023350974077324685,2.3350974077324684,23350.974077324685,30,779,7.79,Maintain existing vegetation and monitor future heat
8416_1440,12.940853195640992,77.5879764716747,3,3,33.8553403331,36.220353821600014,41.05603179680004,1,0,0.3896651046816559,0.4287343215507411,0.0502781535033136,0.6903475858271122,2529.822128134704,0.1220504325,0.3333333333333333,0.0,True,0.3441222605091233,0.3333333333333333,0.0,0.9530814407904391,0.9018899650222831,0.13287415095758967,0.5774301064848133,45.523643697898464,Moderate,1000000,100.0,0.04,0.07,0.7569187133996762,0.0627075614019903,6.27075614019903,62707.5614019903,30,2091,20.91,Targeted tree planting and protection of existing vegetation
8416_1442,12.958914900798945,77.59107851385758,3,3,42.03045802849999,39.34887322430002,44.7377691299,2,1,0.1425848265345025,0.0733167082294264,0.0261756612453609,0.725054744631052,5053.711507397311,0.1546895774999999,0.6666666666666666,0.3333333333333333,True,0.7746060343718172,0.6666666666666666,0.3333333333333333,0.9958025358743378,0.9488725823195053,0.2654366954348432,0.42167773569202827,71.09951704809899,Very High,1000000,100.0,0.12,0.18,0.88767578440107,0.17326054706406419,17.326054706406417,173260.5470640642,30,5776,57.76,"Urgent urban greening: street trees, shaded corridors, pocket parks, institutional planting and suitable green roofs"
8416_1443,12.969544066113524,77.58706773568602,3,3,32.873941340600034,34.45108982570003,39.267860453600015,0,0,0.5510951625440567,0.5858668857847165,0.1262712627649307,0.5666274167597294,8256.512580987206,0.1310092725,0.0,0.0,True,0.2924439412851502,0.0,0.0,0.8183854594893583,0.7344116246580857,0.4336578002336601,0.5346789691755107,33.23490022452159,Low,1000000,100.0,0.01,0.03,0.5560750546762963,0.021121501093525924,2.1121501093525925,21121.501093525923,30,705,7.05,Maintain existing vegetation and monitor future heat
8416_1446,12.997165629238864,77.58948034046455,3,3,40.22533330610004,38.72543776970002,43.18844902430001,1,0,0.320593205410096,0.2946236559139785,0.0390643740538507,0.6015619495883584,2343.074902771996,0.1687924574999999,0.3333333333333333,0.0,True,0.6795521242331499,0.3333333333333333,0.0,0.9729575985331018,0.7817020351355464,0.12306560404917469,0.3543794962618545,53.51850689123496,High,1000000,100.0,0.08,0.12,0.7428192062936602,0.1097127682517464,10.971276825174641,109712.7682517464,30,3658,36.58,"Increase tree canopy, shaded streets and connected green corridors"
8416_1447,13.003537509013972,77.58997101897529,5,4,40.62647213330002,37.04762745626003,42.44439734060002,2,0,0.4933842494891634,0.4216142270861833,0.0642052004113793,0.5373362451791763,1769.1806012954132,0.162537775,0.4,0.0,True,0.7006752153750755,0.4,0.0,0.9283960809185331,0.6947605569250457,0.09292288484372405,0.3842265289562198,54.279550313280446,High,1000000,100.0,0.08,0.12,0.7231501518442758,0.10892600607377104,10.892600607377103,108926.00607377103,30,3631,36.31,"Increase tree canopy, shaded streets and connected green corridors"
8416_1448,13.012210880802758,77.589080309716,8,3,36.48662612465,36.316103243112515,44.47321438190002,1,1,0.49366878292450217,0.38266026546173393,0.17141583620104933,0.3579141248483211,4061.2942388103293,0.14497755375,0.125,0.125,True,0.48268000118790233,0.125,0.125,0.7383677752745603,0.4518792291338517,0.21331184424762806,0.4680230282619876,37.856383318642074,Low,1000000,100.0,0.01,0.03,0.49705973346405047,0.019941194669281008,1.9941194669281008,19941.19466928101,30,665,6.65,Maintain existing vegetation and monitor future heat
8416_1449,13.022892686533392,77.5876767104775,6,5,36.10107346865002,36.73837753940001,42.72047081599999,2,0,0.14543520859087034,0.07157492916397826,0.02715934754814945,0.744657643372193,6266.162763918015,0.13695023499999998,0.3333333333333333,0.0,True,0.4623776436486283,0.3333333333333333,0.0,0.9940589752655674,0.9754087645139026,0.3291184181520196,0.5063289926621544,51.0468719709856,Moderate,1000000,100.0,0.04,0.07,0.7921112405355643,0.06376333721606693,6.376333721606693,63763.33721606693,30,2126,21.26,Targeted tree planting and protection of existing vegetation
8416_1451,13.040520607702447,77.58807913258904,5,3,37.24885312970002,36.494755885220016,41.89777049210002,1,0,0.3179810761320022,0.2373540856031128,0.0450111031532287,0.6306884149089456,1500.0,0.15450024,0.2,0.0,True,0.5228172040881884,0.2,0.0,0.9624171624415233,0.8211301422044149,0.07878467984756748,0.42258124479145354,45.83890460450776,Moderate,1000000,100.0,0.04,0.07,0.7054346096616446,0.06116303828984934,6.116303828984934,61163.03828984934,30,2039,20.39,Targeted tree planting and protection of existing vegetation
8416_1452,13.048937324481948,77.58914393528467,6,4,33.24730875530002,34.32513294035001,43.31594117030005,2,0,0.34108357902671926,0.35753788694965166,0.06300051521975544,0.24498747347388417,570.1562118716424,0.14628911125,0.3333333333333333,0.0,True,0.312104650733755,0.3333333333333333,0.0,0.9305313568089566,0.2990119295040204,0.02994638307693947,0.4617643413369453,37.10311612458996,Low,1000000,100.0,0.01,0.03,0.6250680643052824,0.022501361286105644,2.2501361286105643,22501.361286105643,30,751,7.51,Maintain existing vegetation and monitor future heat
8416_1453,13.057918500972203,77.58968909809393,3,3,34.71240884810001,34.10575017500002,38.27371224650001,0,0,0.4127626509534756,0.3387815750371471,0.0399621671531349,0.7169698514044285,3300.0,0.0964880275,0.0,0.0,True,0.3892536093829999,0.0,0.0,0.9713662815875468,0.9379281703467155,0.17332629566464847,0.6994126272253338,39.99107882322027,Low,1000000,100.0,0.01,0.03,0.6732687748631165,0.02346537549726233,2.346537549726233,23465.37549726233,30,783,7.83,Maintain existing vegetation and monitor future heat
8416_1461,13.1310936559634,77.59050631133736,5,4,33.86450062670001,36.991175437940036,46.64536609190005,1,1,0.3070134501661246,0.3192643955381368,0.0394756069872528,0.4631997107062489,5048.762224545735,0.1607174125,0.2,0.2,True,0.34460462148612053,0.2,0.2,0.9722286979255845,0.5944029204339687,0.2651767436582189,0.3929132079448171,41.15604807582225,Low,1000000,100.0,0.01,0.03,0.6649949330495859,0.023299898660991716,2.3299898660991714,23299.898660991716,30,777,7.77,Maintain existing vegetation and monitor future heat
8416_1462,13.136448541322522,77.5898981002428,5,4,41.752043209400014,40.08849287540003,46.47853253570004,3,1,0.300991905141945,0.2576702419555999,0.0496505780611187,0.1067766512278467,7045.565981523414,0.1683945875,0.6,0.2,True,0.7599453204235768,0.6,0.2,0.9541938033565751,0.1119177854802557,0.37005510679948983,0.3562781120426083,58.86211061206896,High,1000000,100.0,0.08,0.12,0.6794804587743386,0.10717921835097355,10.717921835097355,107179.21835097355,30,3573,35.73,"Increase tree canopy, shaded streets and connected green corridors"
8417_1427,12.82322170753479,77.59529636069557,3,3,32.64305408960005,32.47614077960004,34.73913776450002,0,0,0.3047933057702261,0.2551239508100722,0.0568870829883962,0.5064616783056408,4123.105625617661,0.19237929,0.0,0.0,True,0.2802859248686791,0.0,0.0,0.9413672702427093,0.6529660681329481,0.21655837112799456,0.2418243088827935,31.350660881084437,Low,1000000,100.0,0.01,0.03,0.6012768487479443,0.022025536974958883,2.202553697495888,22025.536974958883,30,735,7.35,Maintain existing vegetation and monitor future heat
8417_1428,12.829156956789898,77.59648989860213,4,4,33.004227717950016,33.95305725237502,40.55573620940002,0,0,0.5320197844937415,0.6056466302367942,0.18207018100656566,0.40320028783753514,3899.280215562185,0.153261475,0.0,0.0,True,0.29930453626301556,0.0,0.0,0.7194832021515083,0.5131825030953132,0.20480236227934712,0.4284925695398538,28.069683810212226,Low,1000000,100.0,0.01,0.03,0.4623781016948168,0.019247562033896333,1.9247562033896333,19247.562033896334,30,642,6.42,Maintain existing vegetation and monitor future heat
8417_1429,12.841505471020962,77.59792961099318,4,3,34.618242397100026,35.55383137655003,43.31231806910005,1,0,0.3045586261660577,0.2861543560109834,0.0497276301030069,0.5910166219109669,4376.478024826369,0.17560339625,0.25,0.0,True,0.38429501053364756,0.25,0.0,0.9540572304423434,0.7674269659102185,0.2298662800305733,0.3218780365074103,42.52270001443668,Low,1000000,100.0,0.01,0.03,0.7055140084032153,0.024110280168064303,2.4110280168064304,24110.280168064302,30,804,8.04,Maintain existing vegetation and monitor future heat
8417_1430,12.848741401619531,77.59810396832901,4,3,36.210065581400045,38.058936687275036,43.86615693980002,1,0,0.24601216622108213,0.1237522455674451,0.02843389997724435,0.7330686377827078,2894.8632432007807,0.14791245,0.25,0.0,True,0.46811692934041704,0.25,0.0,0.9917998613560998,0.9597208824391433,0.15204724921204293,0.45401784984912297,47.79804012025127,Moderate,1000000,100.0,0.04,0.07,0.7628441071658786,0.06288532321497636,6.2885323214976365,62885.323214976364,30,2097,20.97,Targeted tree planting and protection of existing vegetation
8417_1433,12.879230879425325,77.59743886616286,8,5,36.361090795100026,36.77400470120003,42.46550361410004,1,0,0.22282113100710438,0.2013528103613659,0.026977357687428552,0.725254085904453,3121.431010159126,0.1462978837499999,0.125,0.0,True,0.4760695859704947,0.125,0.0,0.9943815479713671,0.9491424279387519,0.16394729520110393,0.4617224794048155,44.94258395110246,Low,1000000,100.0,0.01,0.03,0.724519259573434,0.024490385191468678,2.4490385191468675,24490.38519146868,30,817,8.17,Maintain existing vegetation and monitor future heat
8417_1434,12.885612415163603,77.5995457113232,7,4,35.448411094700035,37.91512532685716,47.37853138189999,3,1,0.1826936207684084,0.1043313310148593,0.0306420922279357,0.7336815411690623,5011.985634456667,0.1335560199999999,0.42857142857142855,0.14285714285714285,True,0.4280098740011935,0.42857142857142855,0.14285714285714285,0.9878858930371519,0.9605505615668394,0.2632451224075173,0.5225260172236266,53.33580307227434,High,1000000,100.0,0.08,0.12,0.8146244874033723,0.11258497949613488,11.258497949613488,112584.97949613488,30,3753,37.53,"Increase tree canopy, shaded streets and connected green corridors"
8417_1435,12.895255955578605,77.59978401633145,6,5,31.350358925600013,33.135479685950024,39.2251693838,0,0,0.34201370588263635,0.3024680595325532,0.04024649044731625,0.7179683797294274,6492.369278331271,0.1390039624999999,0.0,0.0,True,0.21221543177156874,0.0,0.0,0.9708623253013963,0.9392798648031495,0.3409994900303413,0.4965287075417161,34.50983746855979,Low,1000000,100.0,0.01,0.03,0.673287135611328,0.02346574271222656,2.346574271222656,23465.74271222656,30,783,7.83,Maintain existing vegetation and monitor future heat
8417_1436,12.904420230935862,77.60066796243018,4,4,38.73408536030003,37.71390465837503,42.38442817970002,2,0,0.24686913210053704,0.11386694892209465,0.03114535217173395,0.7147165156202391,5050.0,0.11343611249999995,0.5,0.0,True,0.6010262769741926,0.5,0.0,0.9869938767393839,0.9348778597929548,0.26524175548681056,0.6185372115504552,59.10336989343242,High,1000000,100.0,0.08,0.12,0.8304725103282828,0.11321890041313132,11.321890041313132,113218.90041313131,30,3774,37.74,"Increase tree canopy, shaded streets and connected green corridors"
8417_1437,12.91195593218193,77.60009629209006,5,4,43.12661704250005,40.515841079960026,44.31417391130001,3,1,0.1721663770848135,0.0820388349514563,0.027404353255406,0.7244052460882813,5860.034129593445,0.1502842975,0.6,0.2,True,0.8323273647161954,0.6,0.2,0.9936247084684335,0.9479933648173617,0.3077872751972256,0.44269951196729607,70.10655915250861,Very High,1000000,100.0,0.12,0.18,0.8664110271976891,0.17198466163186135,17.198466163186136,171984.66163186135,30,5733,57.33,"Urgent urban greening: street trees, shaded corridors, pocket parks, institutional planting and suitable green roofs"
8417_1438,12.92296797808353,77.59548096289664,5,3,33.757790042300016,35.44144858796002,41.55460128410004,1,0,0.3252302155735101,0.1760893050054015,0.0446944090072065,0.7253146255388856,7256.031973468695,0.117228225,0.2,0.0,True,0.33898547607498475,0.2,0.0,0.9629784952937417,0.9492243796332691,0.3811094373289629,0.6004414399796016,44.01423989453118,Low,1000000,100.0,0.01,0.03,0.7313341235735247,0.02462668247147049,2.4626682471470493,24626.682471470493,30,821,8.21,Maintain existing vegetation and monitor future heat
8417_1441,12.94506543143314,77.59874140428263,4,3,31.662381426350038,31.771194093050035,33.670100739200024,0,0,0.21415532185655678,0.1496650881524632,0.02937008469598365,0.7394616135861725,4925.612615375587,0.12239121250000001,0.0,0.0,True,0.22864585255052905,0.0,0.0,0.9901404961768762,0.9683749683947613,0.25870854197033677,0.5758039213344741,35.567795019640684,Low,1000000,100.0,0.01,0.03,0.6887452417673904,0.023774904835347804,2.3774904835347805,23774.904835347803,30,793,7.93,Maintain existing vegetation and monitor future heat
8417_1442,12.957433506748826,77.59921967015562,3,3,35.05672309280001,35.63717694590002,41.77784926040001,1,0,0.1830926051019711,0.1038718291054739,0.0288890025112777,0.7217323817312717,6407.027391856539,0.141952925,0.3333333333333333,0.0,True,0.4073844425985928,0.3333333333333333,0.0,0.9909932029233832,0.9443751440381227,0.33651706789467517,0.4824564056859525,48.95838346342622,Moderate,1000000,100.0,0.04,0.07,0.7843716302693161,0.06353114890807948,6.353114890807948,63531.148908079485,30,2118,21.18,Targeted tree planting and protection of existing vegetation
8417_1443,12.965204552491558,77.5936330949966,3,3,35.31057943820004,35.93035761140003,42.64922218910003,1,0,0.2402217305761239,0.1203025289529662,0.0333434643689543,0.7079285292420536,7602.631123499284,0.136184525,0.3333333333333333,0.0,True,0.42075196116634195,0.3333333333333333,0.0,0.9830977750758082,0.925689053298404,0.39931390604269557,0.5099829225625774,49.50573347047112,Moderate,1000000,100.0,0.04,0.07,0.776686698197585,0.06330060094592756,6.330060094592755,63300.60094592756,30,2111,21.11,Targeted tree planting and protection of existing vegetation
8417_1445,12.98715903910955,77.59988694040456,9,4,35.53051193509999,36.61992985410002,42.65534044490004,1,0,0.2485389454859005,0.1624869383490073,0.0336934291990473,0.7275775542948395,6258.59409132754,0.14063034,0.1111111111111111,0.0,True,0.43233312425024584,0.1111111111111111,0.0,0.9824774707262657,0.9522876760647763,0.3287208878540785,0.4887677152905693,44.09525334255014,Low,1000000,100.0,0.01,0.03,0.7150296039094215,0.024300592078188427,2.4300592078188425,24300.592078188427,30,811,8.11,Maintain existing vegetation and monitor future heat
8417_1446,12.995509545404516,77.60191600183381,3,3,39.98935320530001,37.262878405100025,41.77096195010003,1,0,0.4718424185576679,0.3063487662877738,0.0500935651361942,0.6519005158916116,5846.3663928973865,0.149804835,0.3333333333333333,0.0,True,0.6671259295123014,0.3333333333333333,0.0,0.9534086192871146,0.8498446799794142,0.30706940302399904,0.44498748308545,54.906971738350485,High,1000000,100.0,0.08,0.12,0.7466732456394402,0.10986692982557761,10.986692982557761,109866.92982557761,30,3663,36.63,"Increase tree canopy, shaded streets and connected green corridors"
8417_1447,13.003459947855125,77.59736402266098,6,3,34.7830422314,35.80564830335001,42.30952227140003,1,0,0.3018597811383642,0.3387158052239534,0.03431122959591445,0.7305836910381913,4162.655492433027,0.1387955125,0.16666666666666666,0.0,True,0.3929730084836122,0.16666666666666666,0.0,0.9813824341958122,0.956357043221963,0.21863565352470293,0.4975234205371619,43.820959236641166,Low,1000000,100.0,0.01,0.03,0.7319626257422988,0.024639252514845972,2.4639252514845973,24639.25251484597,30,822,8.22,Maintain existing vegetation and monitor future heat
8417_1449,13.023040264015371,77.60009293804768,5,5,38.49364474340001,38.036029971740014,42.740466233000014,2,0,0.2424023307241392,0.1517063378262116,0.0320467688143253,0.6951736668124795,7409.453421137081,0.1422904325,0.4,0.0,True,0.5883652012552174,0.4,0.0,0.9853961371493775,0.9084229663913025,0.3891676104198324,0.4808458367422701,55.86619499462071,High,1000000,100.0,0.08,0.12,0.7943826618529493,0.11177530647411796,11.177530647411796,111775.30647411796,30,3726,37.26,"Increase tree canopy, shaded streets and connected green corridors"
8417_1450,13.03262992247474,77.60044476859784,6,4,33.319488792650034,35.07528578975003,41.55853200710003,1,0,0.22623956762240216,0.12227257106051945,0.0307145138503983,0.7174562482396141,4765.931536538517,0.15415444124999994,0.16666666666666666,0.0,True,0.31590549324559664,0.16666666666666666,0.0,0.9877575274313779,0.9385865992458137,0.25032159352107497,0.4242313791662876,41.21882523140018,Low,1000000,100.0,0.01,0.03,0.7315960835648517,0.024631921671297033,2.4631921671297032,24631.921671297034,30,822,8.22,Maintain existing vegetation and monitor future heat
8417_1451,13.036121466778242,77.59608529703873,3,3,35.048844556700026,35.37386407850003,37.81151049200002,0,0,0.2190606622089744,0.1621764395139989,0.030004397034645,0.7422804760280997,3224.90309931942,0.1391829875,0.0,0.0,True,0.40696957616128826,0.0,0.0,0.9890161926217572,0.9721908248314901,0.16938197214620576,0.4956744091775527,40.09152032909869,Low,1000000,100.0,0.01,0.03,0.6889462612771766,0.02377892522554353,2.3778925225543532,23778.92522554353,30,793,7.93,Maintain existing vegetation and monitor future heat
8417_1452,13.049937608569358,77.59700530283222,4,4,34.126261143350035,34.556649676700026,39.7736077829,0,0,0.17187279348780832,0.08235483728159021,0.02831621677614745,0.7434299198212102,2330.2320879541758,0.18649004125000002,0.0,0.0,True,0.3583883563819689,0.0,0.0,0.9920084520350234,0.973746811541363,0.12239105934666564,0.269927509962385,37.330838433943306,Low,1000000,100.0,0.01,0.03,0.6907535883257843,0.023815071766515684,2.3815071766515685,23815.071766515684,30,794,7.94,Maintain existing vegetation and monitor future heat
8417_1454,13.065895294317285,77.59956541261948,5,3,33.21729853970001,35.38550585462002,44.42712238220004,1,1,0.2447607878028067,0.249430894308943,0.0290851696627214,0.7303785408148542,4300.0,0.1432105,0.2,0.2,True,0.310524378577772,0.2,0.2,0.9906455013064934,0.9560793341047767,0.2258494155630268,0.4764553205564329,44.247730898575625,Low,1000000,100.0,0.01,0.03,0.7465386174742021,0.024930772349484043,2.4930772349484043,24930.772349484043,30,832,8.32,Maintain existing vegetation and monitor future heat
8417_1455,13.071506260971375,77.60229359903553,3,3,35.97476908460003,36.737705328800025,43.74235625540005,1,0,0.3706781862860183,0.3443132380360472,0.0461679679574444,0.5883638458326459,4104.875150354758,0.1369702,0.3333333333333333,0.0,True,0.45572673170740463,0.3333333333333333,0.0,0.9603666470520283,0.7638359383655254,0.21560084968995671,0.5062337206786856,47.65816722583437,Moderate,1000000,100.0,0.04,0.07,0.7329505111991192,0.06198851533597358,6.198851533597359,61988.515335973585,30,2067,20.67,Targeted tree planting and protection of existing vegetation
8417_1456,13.083418038746782,77.59516564361195,3,3,35.34122198750003,35.426985806000026,38.64159373910002,0,0,0.3720717721312753,0.3579498484430973,0.0388715977314859,0.6966247691307217,5700.0,0.1354224175,0.0,0.0,True,0.42236553062857196,0.0,0.0,0.9732992899859827,0.9103873042174615,0.29938178342075644,0.5136196615128152,40.43933553548938,Low,1000000,100.0,0.01,0.03,0.6687271058364836,0.023374542116729673,2.3374542116729673,23374.542116729674,30,780,7.8,Maintain existing vegetation and monitor future heat
8417_1458,13.099768171877734,77.59606327683386,8,4,33.05526730160001,34.34013092727503,39.18555453200001,0,0,0.23661651519313803,0.26807906510692586,0.0299713791464455,0.7260335913160816,3544.276354251241,0.11881740874999999,0.0,0.0,True,0.30199216883354035,0.0,0.0,0.9890747160444034,0.950197634002796,0.18615645190732516,0.59285793444697,37.2929340774717,Low,1000000,100.0,0.01,0.03,0.6845768848227609,0.02369153769645522,2.369153769645522,23691.53769645522,30,790,7.9,Maintain existing vegetation and monitor future heat
8417_1460,13.120108187517754,77.59659586961567,9,5,34.72589293700005,36.85641316340003,43.45343102480002,2,0,0.3351750743780037,0.3224115334207077,0.0801211246289312,0.2024423258844763,1640.1219466856726,0.1397818,0.2222222222222222,0.0,True,0.3899636519405589,0.2222222222222222,0.0,0.9001854832521523,0.24141913147815366,0.08614432165373324,0.4928169058166234,36.06624481468793,Low,1000000,100.0,0.01,0.03,0.5650432345883736,0.021300864691767472,2.130086469176747,21300.864691767474,30,711,7.11,Maintain existing vegetation and monitor future heat
8417_1461,13.128603461062008,77.5983237438426,7,4,35.532306395600024,36.045605107657174,46.929318103400064,1,1,0.2812955533034388,0.3220901299419408,0.0771058732643723,0.3340571509907022,4792.702786528704,0.1704668774999999,0.14285714285714285,0.14285714285714285,True,0.4324276166058162,0.14285714285714285,0.14285714285714285,0.9055299446824707,0.41958436227499757,0.251727703094139,0.3463892475986968,38.742206044625696,Low,1000000,100.0,0.01,0.03,0.5795389876533777,0.021590779753067554,2.1590779753067553,21590.779753067553,30,720,7.2,Maintain existing vegetation and monitor future heat
8417_1462,13.137607346341127,77.59664259451898,5,4,41.354527483400034,39.75401569226003,46.01882593580002,3,1,0.3502779630865021,0.3121248499399759,0.0311516898218542,0.2115079201757908,6264.18390534633,0.1595248474999999,0.6,0.2,True,0.7390130138471799,0.6,0.2,0.9869826434050673,0.2536911053832133,0.32901448232599706,0.39860406859924036,60.15013387494973,High,1000000,100.0,0.08,0.12,0.7242295427791763,0.10896918171116704,10.896918171116704,108969.18171116704,30,3633,36.33,"Increase tree canopy, shaded streets and connected green corridors"
8417_1463,13.14648363254777,77.59864997294514,5,4,33.89011868660002,34.952094082580025,39.12350037890002,0,0,0.3827292338580492,0.4428948360346777,0.147860879660584,0.0416263102088123,6324.555320336758,0.1133123625,0.0,0.0,True,0.34595361235276,0.0,0.0,0.7801183763033933,0.023724639041160015,0.3321853773939741,0.6191277403736091,27.074195994383217,Low,1000000,100.0,0.01,0.03,0.39480411595992865,0.01789608231919857,1.7896082319198572,17896.082319198573,30,597,5.97,Maintain existing vegetation and monitor future heat
8418_1425,12.80678790931396,77.60608164884985,6,5,34.46748207995003,35.193492314750024,40.561375942400026,0,0,0.3344379018771688,0.34687886898369263,0.034319248283281895,0.6978781714569777,2201.0412149464314,0.15852859125000002,0.0,0.0,True,0.3763563027751055,0.0,0.0,0.9813682212629002,0.9120840182051029,0.11560555163390371,0.40335815369719896,37.72687111090321,Low,1000000,100.0,0.01,0.03,0.6731009142724707,0.023462018285449412,2.3462018285449413,23462.018285449412,30,783,7.83,Maintain existing vegetation and monitor future heat
8418_1426,12.812144417878175,77.60677074465985,4,3,33.261784070000004,33.03615202475002,33.67857742880002,0,0,0.2944487590643202,0.2149804755799044,0.040311015793122296,0.27439175156177953,3317.75930624487,0.12981461749999995,0.0,0.0,True,0.31286688906867294,0.0,0.0,0.9707479556584565,0.33881610800531176,0.1742590698358598,0.5403798032056136,30.908581452197513,Low,1000000,100.0,0.01,0.03,0.5531371994302906,0.02106274398860581,2.106274398860581,21062.74398860581,30,703,7.03,Maintain existing vegetation and monitor future heat
8418_1431,12.86022228107849,77.60633704773099,3,3,35.89095923420004,35.01592902410004,39.41721083750004,0,0,0.1788258906171599,0.1332518337408313,0.0287284292280673,0.633478611940518,2121.3203435596424,0.1504172875,0.0,0.0,True,0.4513134887387615,0.0,0.0,0.9912778152541974,0.8249071946580238,0.1114183627476522,0.44206489032534646,39.42506010292103,Low,1000000,100.0,0.01,0.03,0.6606203465587035,0.023212406931174066,2.3212406931174066,23212.406931174068,30,774,7.74,Maintain existing vegetation and monitor future heat
8418_1432,12.869443977446686,77.60334717477119,3,3,39.12893503069998,40.10615264540002,46.17048348320008,1,1,0.2454826691748659,0.1916200108361928,0.0316763520240783,0.0527227073907852,400.0,0.2025790125,0.3333333333333333,0.3333333333333333,True,0.6218181949080291,0.3333333333333333,0.3333333333333333,0.9860526921125511,0.038745683694329035,0.02100924795935133,0.19315174222078324,46.57026468343977,Moderate,1000000,100.0,0.04,0.07,0.6007754827951414,0.058023264483854246,5.802326448385425,58023.26448385425,30,1935,19.35,Targeted tree planting and protection of existing vegetation
8418_1437,12.911713394966505,77.60720526721104,4,3,42.85469646140001,40.44727388975001,43.14830437940002,3,0,0.2930772907160132,0.236992381455454,0.030156615772284498,0.7473335071699694,3041.6822028017223,0.1105505374999999,0.75,0.0,True,0.8180086231023899,0.75,0.0,0.9887463885245439,0.9790310455960449,0.15975863903051835,0.6323070314201361,71.87209332915357,Very High,1000000,100.0,0.12,0.18,0.9151794033814808,0.17491076420288884,17.491076420288884,174910.76420288885,30,5831,58.31,"Urgent urban greening: street trees, shaded corridors, pocket parks, institutional planting and suitable green roofs"
8418_1439,12.932545728193029,77.60495057089523,3,3,31.76016243350001,35.273374290500016,43.76491518740004,1,0,0.4610631099180717,0.4478155339805825,0.0814969374332577,0.6186527220997959,8363.013810822029,0.116108975,0.3333333333333333,0.0,True,0.2337947860018114,0.3333333333333333,0.0,0.897746887732559,0.804837585606696,0.43925157709759927,0.6057824451134624,42.086926196498325,Low,1000000,100.0,0.01,0.03,0.7098409609876186,0.02419681921975237,2.4196819219752372,24196.81921975237,30,807,8.07,Maintain existing vegetation and monitor future heat
8418_1440,12.941283868568547,77.61108051660403,3,3,33.75373968860004,35.68164538610003,42.399980170700026,1,0,0.3049401640076711,0.18421667055802,0.0318667388055473,0.7380533972755075,7840.918313565064,0.1514256575,0.3333333333333333,0.0,True,0.33877219332956027,0.3333333333333333,0.0,0.9857152360641556,0.966468684784241,0.4118294926967682,0.43725299901703174,47.192326980593876,Moderate,1000000,100.0,0.04,0.07,0.7861513549889261,0.06358454064966779,6.358454064966779,63584.54064966779,30,2120,21.2,Targeted tree planting and protection of existing vegetation
8418_1441,12.95099336266304,77.60767207907023,3,3,33.35116529300002,36.29072515670003,42.44820843290002,1,0,0.3769980126556042,0.2851041110517885,0.0392153123393654,0.6587436611298472,8015.6097709406995,0.1436586399999999,0.3333333333333333,0.0,True,0.3175735083031778,0.3333333333333333,0.0,0.9726900640068684,0.8591081542860703,0.4210048330577312,0.4743168188448512,45.518579344905305,Moderate,1000000,100.0,0.04,0.07,0.7581666628606483,0.06274499988581946,6.274499988581946,62744.99988581945,30,2092,20.92,Targeted tree planting and protection of existing vegetation
8418_1442,12.95773111564773,77.60767519400224,7,3,30.8813894915,31.241731808557166,33.15989289380003,0,0,0.4774049217002236,0.3727693324520819,0.0896451259031891,0.6305185670498759,7803.204469959762,0.1170406475,0.0,0.0,True,0.18752052958915455,0.0,0.0,0.8833044171921687,0.8209002214262117,0.40984864396725823,0.601336550446876,32.14011033188996,Low,1000000,100.0,0.01,0.03,0.6058322528813267,0.022116645057626533,2.2116645057626534,22116.645057626534,30,738,7.38,Maintain existing vegetation and monitor future heat
8418_1446,12.991850332291504,77.60378431909056,7,5,34.358045624600024,37.0335813472143,44.787689312000005,1,1,0.1763178317712375,0.1632131705932444,0.0314702922478318,0.7356704717967659,5554.277630799526,0.1342267175,0.14285714285714285,0.14285714285714285,True,0.37059361897622445,0.14285714285714285,0.14285714285714285,0.9864179281719503,0.9632429503918652,0.29172798995136423,0.5193254822307578,44.60177435669526,Low,1000000,100.0,0.01,0.03,0.728714697021491,0.02457429394042982,2.457429394042982,24574.293940429823,30,820,8.2,Maintain existing vegetation and monitor future heat
8418_1447,12.999935818784426,77.60612310993626,3,3,32.97246576710003,35.79982912430003,42.88867158020003,1,0,0.2322903230096145,0.1212771026923993,0.0333156073465943,0.7350414453539997,6794.115100585212,0.1298647225,0.3333333333333333,0.0,True,0.2976320215694552,0.3333333333333333,0.0,0.9831471509863264,0.9623914456980566,0.3568481220314198,0.5401407046465496,46.1183598355823,Moderate,1000000,100.0,0.04,0.07,0.7840518646327745,0.06352155593898325,6.352155593898325,63521.55593898325,30,2118,21.18,Targeted tree planting and protection of existing vegetation
8418_1449,13.022128114585065,77.60514136727699,6,5,34.16520948125003,36.51330946745003,45.34745844740003,1,1,0.2280744313886571,0.2725715232071598,0.03204724157694725,0.7278128967154771,8026.001644580964,0.1394668425,0.16666666666666666,0.16666666666666666,True,0.36043929046140166,0.16666666666666666,0.16666666666666666,0.9853952991888583,0.952606255956178,0.4215506466829076,0.4943198672858644,45.5328566644139,Moderate,1000000,100.0,0.04,0.07,0.7332189007856648,0.06199656702356995,6.199656702356995,61996.56702356994,30,2067,20.67,Targeted tree planting and protection of existing vegetation
8418_1450,13.028622549942757,77.60457397111765,4,4,36.11252383565004,37.00514830370003,44.82737252420001,1,1,0.17470820122516184,0.10094781628445279,0.02694277476985,0.7219823086052202,5679.280844865014,0.14405117499999995,0.25,0.25,True,0.46298059486987536,0.25,0.25,0.9944428453714177,0.9447134667091699,0.29829354875140845,0.472443661417806,50.85688124460529,Moderate,1000000,100.0,0.04,0.07,0.7611641160275429,0.06283492348082628,6.283492348082628,62834.923480826285,30,2095,20.95,Targeted tree planting and protection of existing vegetation
8418_1451,13.04200341861731,77.60869917576368,4,4,34.38859417835003,36.34033914117502,44.602193366600005,1,1,0.3995903618071336,0.2940593665898277,0.0398376353550702,0.7019086057553068,600.0,0.13201669375,0.25,0.25,True,0.37220223883887804,0.25,0.25,0.971587011241939,0.9175399632811514,0.031513871939026994,0.5298716052548402,46.472199352576276,Moderate,1000000,100.0,0.04,0.07,0.7443014982771998,0.062329044948315995,6.232904494831599,62329.044948316,30,2078,20.78,Targeted tree planting and protection of existing vegetation
8418_1452,13.046671771708601,77.6075856635305,6,4,37.40197188065001,38.66914298030001,43.313138393900026,2,0,0.22997150643522413,0.17756479400880865,0.037385926872957456,0.6255113569786772,653.5533905932738,0.14673302999999996,0.3333333333333333,0.0,True,0.5308801017997632,0.3333333333333333,0.0,0.9759326062974786,0.8141220280330026,0.034326663094122196,0.4596459832196642,49.509808993687365,Moderate,1000000,100.0,0.04,0.07,0.7507907087553398,0.0625237212626602,6.25237212626602,62523.721262660205,30,2085,20.85,Targeted tree planting and protection of existing vegetation
8418_1454,13.067657293120812,77.6072016430686,3,3,38.89592860730002,40.64431419770003,47.42224785770004,1,1,0.1828669683710046,0.1049468331021729,0.0279322753194719,0.7238339281175286,1749.28556845359,0.15999683,0.3333333333333333,0.3333333333333333,True,0.6095485875192691,0.3333333333333333,0.3333333333333333,0.9926889791482257,0.9472199793113187,0.0918779356483908,0.39635179166773005,56.756807409161915,High,1000000,100.0,0.08,0.12,0.7857884854363767,0.11143153941745507,11.143153941745506,111431.53941745506,30,3715,37.15,"Increase tree canopy, shaded streets and connected green corridors"
8418_1459,13.112745605225298,77.60577232309373,5,5,34.901049371900015,36.92498889866003,42.203290209800045,2,0,0.2372811359714875,0.1535676251331203,0.0421509670559316,0.4085647175088525,2570.992026436488,0.1516545675,0.4,0.0,True,0.3991870057712323,0.4,0.0,0.9674866857446666,0.5204442598899016,0.1350365224622983,0.43616065192282405,44.5483389301316,Low,1000000,100.0,0.01,0.03,0.7078321948503137,0.024156643897006273,2.4156643897006274,24156.643897006274,30,806,8.06,Maintain existing vegetation and monitor future heat
8418_1462,13.13784379098478,77.60671603754929,6,3,39.40783691765002,39.520264140500025,47.2334193428,3,2,0.2933851744205504,0.22360411992106186,0.0425276143942028,0.18828273285180325,3515.2058405868047,0.15334917250000002,0.5,0.3333333333333333,True,0.636504556781356,0.5,0.3333333333333333,0.9668190872830978,0.22225147951630608,0.18462957783262052,0.4280740814471785,54.716789437582534,High,1000000,100.0,0.08,0.12,0.6778598395448101,0.1071143935817924,10.71143935817924,107114.39358179239,30,3571,35.71,"Increase tree canopy, shaded streets and connected green corridors"
8419_1428,12.832686165742782,77.61908230974765,9,3,33.92106885770002,34.710718827100024,37.48984062980003,0,0,0.278681803401524,0.2487529819995662,0.0349962152540683,0.5467051754239947,3162.277660168379,0.1637467575,0.0,0.0,True,0.3475833805045167,0.0,0.0,0.9801683133854033,0.7074431526587738,0.16609268869698704,0.3784573248112586,34.927207710045515,Low,1000000,100.0,0.01,0.03,0.6315727872244564,0.022631455744489125,2.2631455744489126,22631.455744489125,30,755,7.55,Maintain existing vegetation and monitor future heat
8419_1430,12.851142505468335,77.61509039241244,4,3,41.34180390395001,40.51587355115002,46.49967298940006,2,2,0.38042925534435634,0.3550536059830145,0.0346462384331971,0.5523375817574561,3164.5410960019035,0.1601585575,0.5,0.5,True,0.7383430180498385,0.5,0.5,0.9807886389883155,0.7150676658816029,0.16621157140865353,0.39558003611018133,64.3217548227301,Very High,1000000,100.0,0.12,0.18,0.7834078526704783,0.1670044711602287,16.700447116022872,167004.4711602287,30,5567,55.67,"Urgent urban greening: street trees, shaded corridors, pocket parks, institutional planting and suitable green roofs"
8419_1431,12.860615993609594,77.61463628070626,5,3,34.50020107640002,34.07424400598002,37.33131286220002,0,0,0.3609398756046992,0.4026766846677624,0.0481803069123998,0.5557909989729524,3000.0,0.1494725525,0.0,0.0,True,0.3780792133916359,0.0,0.0,0.9567998240481825,0.7197425106397074,0.15756935969513497,0.44657311858993254,35.912511260294224,Low,1000000,100.0,0.01,0.03,0.6223484141520328,0.022446968283040655,2.2446968283040656,22446.968283040656,30,749,7.49,Maintain existing vegetation and monitor future heat
8419_1433,12.876206666665002,77.61376966614493,3,3,34.0822626809,33.94662995060001,34.82460535460001,0,0,0.1898336381229693,0.1547049441786284,0.0271272838581353,0.7353031097445637,2801.78514522438,0.1239697125,0.0,0.0,True,0.3560714938161487,0.0,0.0,0.9941158073945927,0.962745657288571,0.14715849711211543,0.5682713981235747,38.79848797446751,Low,1000000,100.0,0.01,0.03,0.6896070351550105,0.023792140703100206,2.3792140703100206,23792.140703100205,30,794,7.94,Maintain existing vegetation and monitor future heat
8419_1436,12.906230347750013,77.61844033144045,5,4,29.606211680000023,29.88138279812003,33.71262090800005,0,0,0.1211458986952852,0.1948998178506375,0.0360571222845464,0.0283983387053012,0.0,0.0481196799999999,0.0,0.0,True,0.1203724618678345,0.0,0.0,0.9782878808708249,0.005818110699880893,0.0,0.9302239672421854,22.994793012307145,Low,1000000,100.0,0.01,0.03,0.4903075625753886,0.01980615125150777,1.980615125150777,19806.15125150777,30,661,6.61,Maintain existing vegetation and monitor future heat
8419_1438,12.921287105365153,77.61451942554905,4,3,32.68861629620002,32.863725733325026,34.88079760340004,0,0,0.1727385403907168,0.10985487460094034,0.0305221818853169,0.7384862831095234,3274.5115358673074,0.13428739625,0.0,0.0,True,0.28268513077291973,0.0,0.0,0.9880984312715276,0.96705467655579,0.17198756200698154,0.5190359262644713,36.427694599175666,Low,1000000,100.0,0.01,0.03,0.6874601509469218,0.023749203018938434,2.3749203018938436,23749.203018938435,30,792,7.92,Maintain existing vegetation and monitor future heat
8419_1442,12.958164472736298,77.61731165472392,5,3,32.750277377000025,32.450985291740025,34.80066212450002,0,0,0.3634412222736646,0.3606138107416879,0.0405138139612972,0.7337212335551158,5053.711507397311,0.113443785,0.0,0.0,True,0.2859320680956907,0.0,0.0,0.9703885007218997,0.9606042926196778,0.2654366954348432,0.6185005987634193,37.1595189508873,Low,1000000,100.0,0.01,0.03,0.6773151088848854,0.02354630217769771,2.354630217769771,23546.302177697708,30,785,7.85,Maintain existing vegetation and monitor future heat
8419_1444,12.975916758056403,77.61561457429764,13,6,34.41172562870002,34.34915877260002,41.46506625020002,1,0,0.4472381223502139,0.3970177073625349,0.0428177232388407,0.7217064558062702,1802.7756377319947,0.135093325,0.07692307692307693,0.0,True,0.3734202902985142,0.07692307692307693,0.0,0.9663048762461721,0.9443400484597348,0.094687400970473,0.5151900744965232,40.11304663765726,Low,1000000,100.0,0.01,0.03,0.6950973708919561,0.02390194741783912,2.3901947417839122,23901.94741783912,30,797,7.97,Maintain existing vegetation and monitor future heat
8419_1445,12.985952583916236,77.6162321617617,8,5,36.41226709955003,36.71700067265002,41.93781259640004,2,0,0.30215946940087834,0.3182866780305078,0.03950517124030735,0.7230427499162033,1033.3586434002043,0.1305517825,0.25,0.0,True,0.478764417958587,0.25,0.0,0.9721762959892075,0.946148971947773,0.0542752199253345,0.5368620886203979,47.61275324080212,Moderate,1000000,100.0,0.04,0.07,0.7503179423841584,0.06250953827152475,6.250953827152475,62509.53827152475,30,2084,20.84,Targeted tree planting and protection of existing vegetation
8419_1446,12.995456630596667,77.61810813822163,7,4,32.67571327070004,35.06268021337145,43.05253145900003,1,0,0.2647519305104685,0.1307466579719595,0.0280650428030639,0.7367430962622166,3811.823710509184,0.126111495,0.14285714285714285,0.0,True,0.28200568574002394,0.14285714285714285,0.0,0.992453651936837,0.9646949478039434,0.2002088737785552,0.5580509189383052,40.35665236430558,Low,1000000,100.0,0.01,0.03,0.73202295838635,0.024640459167727,2.4640459167727,24640.459167727,30,822,8.22,Maintain existing vegetation and monitor future heat
8419_1447,13.005274390322551,77.61528438328023,4,4,36.337950799699996,36.39905645225,42.0897435854,1,0,0.33472966421525374,0.22691986756723698,0.037240297649986945,0.7347144373925403,7490.6374918090705,0.1478695225,0.25,0.0,True,0.4748510845472583,0.25,0.0,0.9761907306364446,0.9619487793884003,0.39343165109757566,0.45422269773644386,48.99615303401851,Moderate,1000000,100.0,0.04,0.07,0.7554851211959023,0.06266455363587707,6.266455363587707,62664.55363587707,30,2089,20.89,Targeted tree planting and protection of existing vegetation
8419_1448,13.008258315461374,77.61938613028141,5,4,36.42649460780004,37.23452137184003,44.92786231220002,1,1,0.1757143865095604,0.1165105386416861,0.0267565250396728,0.718029702315107,8500.0,0.1639724225,0.2,0.2,True,0.4795136073491658,0.2,0.2,0.9947729685946551,0.9393628763683121,0.44644651913621575,0.3773804626950802,49.8197664222344,Moderate,1000000,100.0,0.04,0.07,0.7452590595709899,0.0623577717871297,6.23577717871297,62357.7717871297,30,2079,20.79,Targeted tree planting and protection of existing vegetation
8419_1450,13.030863944110951,77.6190497368797,4,4,35.23398161,36.19225769720002,42.37460137220003,1,0,0.1622270360266443,0.12264168823104055,0.03058661206159735,0.6293807451147586,5231.913419881972,0.15533927875,0.25,0.0,True,0.41671848747436174,0.25,0.0,0.9879842303143117,0.8193599670702737,0.2747964158503954,0.4185773937561549,45.23178679768102,Low,1000000,100.0,0.01,0.03,0.7328641085712106,0.02465728217142421,2.465728217142421,24657.28217142421,30,822,8.22,Maintain existing vegetation and monitor future heat
8419_1451,13.03981007705936,77.61632789429538,4,3,35.719015738100026,37.40936762142501,44.14452048860001,1,1,0.20217771289324354,0.1499560742971887,0.02698178956052285,0.718074792646803,2309.2072920076453,0.1736048475,0.25,0.25,True,0.44225932122091294,0.25,0.25,0.994373692581566,0.9394239145480675,0.12128677146832707,0.3314150113870359,48.591133085108375,Moderate,1000000,100.0,0.04,0.07,0.7600716292003965,0.0628021488760119,6.280214887601191,62802.1488760119,30,2094,20.94,Targeted tree planting and protection of existing vegetation
8419_1452,13.050421657223673,77.6175403336591,5,4,40.57732100570004,38.87445318764002,43.27806950870003,2,0,0.3694359887427489,0.4274776690769885,0.0382901579141616,0.7000420915428549,2716.6155414412247,0.1515145925,0.4,0.0,True,0.6980870247596975,0.4,0.0,0.9743298782527741,0.9150132879223636,0.1426851238009154,0.43682860563612513,57.605260442991394,High,1000000,100.0,0.08,0.12,0.7901675967108598,0.11160670386843438,11.160670386843439,111606.70386843439,30,3721,37.21,"Increase tree canopy, shaded streets and connected green corridors"
8419_1456,13.083876680142017,77.6153974439342,4,3,34.04126353100004,35.47426414347504,41.99046719450004,1,0,0.2941515938969016,0.23760535952494444,0.03039896674454205,0.7157222508685663,1290.4013062234576,0.14505029125000002,0.25,0.0,True,0.35391256847321106,0.25,0.0,0.9883168271821449,0.9362393101652371,0.06777590252379867,0.4676759285426002,43.73178171891287,Low,1000000,100.0,0.01,0.03,0.7564062756241199,0.025128125512482398,2.5128125512482398,25128.1255124824,30,838,8.38,Maintain existing vegetation and monitor future heat
8419_1459,13.111083655876378,77.61502155869452,5,4,35.88776338550001,35.43639333638002,40.21337023610001,0,0,0.2852679384831327,0.2502722718362012,0.05652372748591,0.4039805942447856,1389.2443989449805,0.1674494949999999,0.0,0.0,True,0.45114520235312844,0.0,0.0,0.9420113092410353,0.514238793456432,0.07296745013393774,0.36078804627935046,34.975691125840136,Low,1000000,100.0,0.01,0.03,0.5738534133118041,0.02147706826623608,2.147706826623608,21477.06826623608,30,716,7.16,Maintain existing vegetation and monitor future heat
8419_1461,13.129965404711292,77.6160552279467,5,3,38.345371035800014,38.209706403980014,43.11882395690003,2,0,0.4337692809755532,0.5228738102548357,0.094684668816626,0.4856049923691898,3765.634076752546,0.135459405,0.4,0.0,True,0.5805574329036771,0.4,0.0,0.8743719470691552,0.6247326509588116,0.19778285010669314,0.5134431590090058,50.335758748314255,Moderate,1000000,100.0,0.04,0.07,0.6821325037263399,0.060463975111790205,6.046397511179021,60463.975111790205,30,2016,20.16,Targeted tree planting and protection of existing vegetation
8420_1425,12.807317232643463,77.62231274364021,4,3,40.902015815599995,41.194615417700014,46.34331566450003,2,2,0.30943791350793304,0.2648832175371907,0.02767530473647635,0.7324454468325712,4133.736814802198,0.1523933,0.5,0.5,True,0.7151847415544063,0.5,0.5,0.9931444534034367,0.9588772771737639,0.21711675435219635,0.4326354573058485,66.6902428777116,Very High,1000000,100.0,0.12,0.18,0.8383476821364712,0.17030086092818825,17.030086092818824,170300.86092818825,30,5677,56.77,"Urgent urban greening: street trees, shaded corridors, pocket parks, institutional planting and suitable green roofs"
8420_1426,12.812961402132355,77.62336676266355,7,4,36.54091282730001,38.20317652091431,45.65790011390006,2,1,0.3560676437429537,0.391175599644655,0.0470803119242191,0.4390869387425482,3780.21163428716,0.14460398,0.2857142857142857,0.14285714285714285,True,0.485538619925647,0.2857142857142857,0.14285714285714285,0.958749539039435,0.5617617830955491,0.19854850890890918,0.4698057035504626,46.47821914804185,Moderate,1000000,100.0,0.04,0.07,0.677441411853113,0.060323242355593394,6.032324235559339,60323.24235559339,30,2011,20.11,Targeted tree planting and protection of existing vegetation
8420_1428,12.835063392571518,77.62647355561585,7,5,34.157339490200044,35.384423318857166,46.27722824780001,1,1,0.3082578068423708,0.3567969002260251,0.049754642532207,0.2784355093026534,1523.1546211727818,0.14826643,0.14285714285714285,0.14285714285714285,True,0.3600248739876951,0.14285714285714285,0.14285714285714285,0.9540093515531416,0.344290088847575,0.08000083279162704,0.4523286749576474,36.2154349201501,Low,1000000,100.0,0.01,0.03,0.5887198364032287,0.021774396728064572,2.1774396728064573,21774.39672806457,30,726,7.26,Maintain existing vegetation and monitor future heat
8420_1430,12.850006656191898,77.6240846252366,6,4,35.01853526435002,36.275329824950035,46.27445965160005,1,1,0.21667478050355016,0.1544687369003599,0.025857919594272902,0.7108314617071301,3000.0,0.15265967875,0.16666666666666666,0.16666666666666666,True,0.40537355527937735,0.16666666666666666,0.16666666666666666,0.9963657254044066,0.9296187142025656,0.15756935969513497,0.4313643112068525,45.18088136931635,Low,1000000,100.0,0.01,0.03,0.7341066055427165,0.024682132110854328,2.4682132110854327,24682.132110854327,30,823,8.23,Maintain existing vegetation and monitor future heat
8420_1431,12.856763791347651,77.62659004325954,7,3,36.40873799390008,36.4162600793429,41.85302861030004,1,0,0.2426702528453756,0.2360229676639468,0.029362947680056,0.5778700022492558,1300.0,0.15875185,0.14285714285714285,0.0,True,0.4785785829926386,0.14285714285714285,0.0,0.990153146368101,0.7496305624705858,0.06828005586789182,0.40229277408591546,42.63025303120414,Low,1000000,100.0,0.01,0.03,0.6878598285353105,0.023757196570706206,2.3757196570706207,23757.196570706205,30,792,7.92,Maintain existing vegetation and monitor future heat
8420_1434,12.88881723406598,77.62600710586754,3,3,33.615839671700044,33.17542209800002,35.5247183912,0,0,0.1250939598942798,0.1096556095499683,0.028899377444759,0.7265887151006609,4019.950248448356,0.13337837,0.0,0.0,True,0.3315106807859251,0.0,0.0,0.9909748136001962,0.9509490976553182,0.21114032888476872,0.5233737541564205,37.992004019339824,Low,1000000,100.0,0.01,0.03,0.6856772263311618,0.023713544526623234,2.3713544526623234,23713.544526623235,30,791,7.91,Maintain existing vegetation and monitor future heat
8420_1441,12.947787141188831,77.62688861191958,4,3,32.422942146650016,32.66862087920002,35.21085870470002,0,0,0.23774293922194153,0.21873244360452965,0.03036952065303915,0.7436407851055264,1458.1460153501198,0.13821122,0.0,0.0,True,0.26869531254921397,0.0,0.0,0.9883690196799779,0.974032257060262,0.07658637799357694,0.500311635182841,35.5112073081608,Low,1000000,100.0,0.01,0.03,0.6889909612520414,0.023779819225040827,2.3779819225040826,23779.81922504083,30,793,7.93,Maintain existing vegetation and monitor future heat
8420_1442,12.955361387762053,77.62928846391773,4,3,31.544152114550023,32.30999367575003,36.95562119390004,0,0,0.48066311658488725,0.44312678846577147,0.5879899795399979,0.0380777870304882,1835.905180169729,0.09205484875,0.0,0.0,True,0.22242015620936229,0.0,0.0,0.0,0.018921050611484268,0.09642746790010853,0.7205675349430666,10.946790206611587,Low,1000000,100.0,0.01,0.03,0.0037842101222968537,0.010075684202445936,1.0075684202445936,10075.684202445937,30,336,3.36,Maintain existing vegetation and monitor future heat
8420_1444,12.977840859591943,77.62420719220557,6,4,34.15769838230001,35.41081857140002,43.284922638800026,1,0,0.24426974828507114,0.2326428464707263,0.0328268867451697,0.7183215627446771,1603.279923981056,0.12640134499999994,0.16666666666666666,0.0,True,0.3600437724588071,0.16666666666666666,0.0,0.9840133966450522,0.9397579639335073,0.0842092636779199,0.556667769205851,42.33014559386059,Low,1000000,100.0,0.01,0.03,0.7299582911092276,0.02459916582218455,2.459916582218455,24599.16582218455,30,820,8.2,Maintain existing vegetation and monitor future heat
8420_1446,12.993661407635866,77.62483007722045,5,3,33.33361376030001,32.869559438960025,35.03686439660004,0,0,0.3404026927972275,0.3005371783997738,0.0325308556202799,0.7034933716058731,3324.1540277189324,0.1428292125,0.0,0.0,True,0.31664928307299833,0.0,0.0,0.9845381047830679,0.919685239645704,0.1745949405585587,0.47827480547488443,36.728751190560224,Low,1000000,100.0,0.01,0.03,0.6762061003206747,0.023524122006413493,2.3524122006413495,23524.122006413494,30,785,7.85,Maintain existing vegetation and monitor future heat
8420_1448,13.015375249638865,77.62911167233202,3,3,35.23516082690001,34.99490820110001,36.833546609600006,0,0,0.3095009672396708,0.4522184300341297,0.0272378921508789,0.743543058866635,11700.427342623005,0.136486475,0.0,0.0,True,0.41678058245087846,0.0,0.0,0.9939197568226935,0.9738999663559819,0.6145429481788521,0.5085420322340812,42.76663839149125,Low,1000000,100.0,0.01,0.03,0.6917398716825431,0.023834797433650863,2.3834797433650863,23834.797433650863,30,795,7.95,Maintain existing vegetation and monitor future heat
8420_1449,13.021096323194108,77.6279805473815,5,4,33.22088746070001,34.84231411622004,43.075637274200034,1,0,0.2281372455318741,0.1182354449858938,0.0286147454753518,0.7287754698190838,9948.869282486326,0.1519583325,0.2,0.0,True,0.310713363288909,0.2,0.0,0.9914793170058535,0.9539092783096591,0.5225456541773225,0.4347111005049218,43.51896721026288,Low,1000000,100.0,0.01,0.03,0.7465215141648586,0.024930430283297167,2.4930430283297165,24930.430283297166,30,832,8.32,Maintain existing vegetation and monitor future heat
8420_1450,13.030401246293618,77.62561452895395,7,4,42.06007517180004,39.02325229374287,44.651019782300025,4,2,0.2410210955504343,0.2420718816067653,0.028008833527565,0.7369788645301014,7566.372975210778,0.161376725,0.5714285714285714,0.2857142857142857,True,0.7761656082022966,0.5714285714285714,0.2857142857142857,0.9925532815426672,0.9650141041590756,0.3974095149728452,0.3897670016036793,68.90214823653945,Very High,1000000,100.0,0.12,0.18,0.86070803303172,0.17164248198190318,17.164248198190318,171642.48198190317,30,5722,57.22,"Urgent urban greening: street trees, shaded corridors, pocket parks, institutional planting and suitable green roofs"
8420_1451,13.037689682207464,77.62370532978534,8,6,36.90135158135001,37.738781435187526,45.064617292400015,2,1,0.19718577746477564,0.1508905725170594,0.027599415392614852,0.7369157212087885,5150.342522058605,0.15144747874999998,0.25,0.125,True,0.504518534450562,0.25,0.125,0.9932789654630305,0.9649286278884054,0.27051205780380033,0.43714886910121575,50.72233142887145,Moderate,1000000,100.0,0.04,0.07,0.7646252083091963,0.06293875624927589,6.293875624927589,62938.75624927589,30,2098,20.98,Targeted tree planting and protection of existing vegetation
8420_1452,13.048079779832783,77.62296838794975,4,3,40.75892040830004,40.87682928072504,43.15285034600005,2,0,0.27052449309605536,0.13706566361054365,0.03121213440317655,0.6774194819154218,4096.312005020324,0.16229246125000002,0.5,0.0,True,0.7076496511432231,0.5,0.0,0.9868755068202552,0.884389363434788,0.215151086580849,0.3853971539266522,60.37925697348591,High,1000000,100.0,0.08,0.12,0.8203156260970852,0.1128126250438834,11.281262504388339,112812.6250438834,30,3761,37.61,"Increase tree canopy, shaded streets and connected green corridors"
8420_1455,13.074255968516262,77.62749096566742,6,5,33.32584630985002,34.73740311935002,42.99056275640002,1,0,0.2877381279354479,0.24691690873354089,0.032152218045666744,0.7410990539938211,5387.740125714421,0.14336176374999998,0.16666666666666666,0.0,True,0.316240266162467,0.16666666666666666,0.0,0.9852092308912839,0.9705915496036742,0.28298092060420243,0.47573349749159755,41.931500701425676,Low,1000000,100.0,0.01,0.03,0.7367229253663768,0.024734458507327535,2.4734458507327535,24734.458507327534,30,825,8.25,Maintain existing vegetation and monitor future heat
8420_1457,13.092819459825336,77.62704176631635,7,6,37.63066305380002,38.16076865848573,46.25078986310001,1,1,0.2357142857142856,0.2005389624971929,0.0284087006002664,0.6939782819245011,1612.4515496597098,0.1957204575,0.14285714285714285,0.14285714285714285,True,0.5429224775715639,0.14285714285714285,0.14285714285714285,0.9918445266532985,0.9068047898349317,0.08469098607310287,0.22588042434351385,46.7862471773788,Moderate,1000000,100.0,0.04,0.07,0.7201403641507784,0.06160421092452335,6.160421092452335,61604.21092452335,30,2054,20.54,Targeted tree planting and protection of existing vegetation
8420_1458,13.105370376126574,77.62481224911879,5,3,33.569542590800026,33.93651147206002,36.257627329700014,0,0,0.2493843309729907,0.2343821249430004,0.0273318439722061,0.730495939264074,1897.366596101028,0.1683407975,0.0,0.0,True,0.32907277801225854,0.0,0.0,0.9937532294507825,0.956238254817421,0.09965561321819226,0.35653479523773923,36.62181637258336,Low,1000000,100.0,0.01,0.03,0.6881242656888754,0.023762485313777504,2.37624853137775,23762.485313777503,30,793,7.93,Maintain existing vegetation and monitor future heat
8420_1459,13.10869784050986,77.62741105592657,7,5,32.73547735040007,34.36089478841432,40.37775990800005,0,0,0.1987595483105843,0.11060013796275,0.0317796340677887,0.2854783684015274,1726.2676501632068,0.150959945,0.0,0.0,True,0.2851527311440524,0.0,0.0,0.9858696271430621,0.35382391313984457,0.09066896276621392,0.4394753558215019,29.531587065804526,Low,1000000,100.0,0.01,0.03,0.5636995961994999,0.021273991923989998,2.127399192399,21273.991923989997,30,710,7.1,Maintain existing vegetation and monitor future heat
8420_1461,13.126909640574826,77.62470082684602,3,3,32.388941392700005,32.85559796660002,36.76694648990001,0,0,0.3894353685487716,0.3028495692511597,0.2147765792906284,0.4527086915913969,4648.655719667784,0.130291385,0.0,0.0,True,0.26690490739299055,0.0,0.0,0.6615118879823573,0.5802013679843633,0.2441619017303932,0.5381046924929416,27.643172192485377,Low,1000000,100.0,0.01,0.03,0.4467962175880513,0.018935924351761023,1.8935924351761022,18935.924351761023,30,632,6.32,Maintain existing vegetation and monitor future heat
8420_1462,13.140218446885353,77.62546921475396,4,3,33.796516208900016,33.16746380810002,35.046007600100026,0,0,0.47945681261288575,0.5295499996718237,0.1778156333020888,0.07480442343512544,3350.0,0.12774934,0.0,0.0,True,0.3410247111008712,0.0,0.0,0.7270242869105736,0.06863740776306503,0.17595245165956738,0.5502352043495464,25.453417994360954,Low,1000000,100.0,0.01,0.03,0.3772396250078998,0.017544792500157995,1.7544792500157995,17544.792500157993,30,585,5.85,Maintain existing vegetation and monitor future heat
8420_1463,13.146055391081772,77.62646461050028,3,3,39.9120205028,39.0746796599,44.8267401905,1,1,0.3349966031812965,0.3153072625698324,0.0312649048864841,0.5757376851979643,3982.461550347976,0.1890756599999999,0.3333333333333333,0.3333333333333333,True,0.663053758950899,0.3333333333333333,0.3333333333333333,0.9867819723919115,0.7467440733591292,0.20917130549960836,0.2575890663457169,56.16125161389023,High,1000000,100.0,0.08,0.12,0.7427398008677816,0.10970959203471126,10.970959203471125,109709.59203471126,30,3657,36.57,"Increase tree canopy, shaded streets and connected green corridors"
8421_1425,12.806616869867105,77.63545635409812,6,5,35.069506487600016,37.564077175850024,47.50140920090003,2,1,0.3571846983584698,0.31874283843919826,0.071388239681255,0.2980496491654776,4218.657991147242,0.15288715875,0.3333333333333333,0.16666666666666666,True,0.4080575881411186,0.3333333333333333,0.16666666666666666,0.9156643144125823,0.3708414879982498,0.22157707947927843,0.43027878800126773,42.94438657780752,Low,1000000,100.0,0.01,0.03,0.6320004548059411,0.02264000909611882,2.264000909611882,22640.00909611882,30,755,7.55,Maintain existing vegetation and monitor future heat
8421_1426,12.812173352861093,77.63571202594767,5,5,34.35681513740001,36.621465304640026,43.16577046160003,1,0,0.2804015888633795,0.2494004796163069,0.0436744689941406,0.3477176709566265,6203.224967708329,0.1431432625,0.2,0.0,True,0.3705288242181198,0.2,0.0,0.9647863147429393,0.4380764256923934,0.32581272873555855,0.4767761745503466,38.98136822104114,Low,1000000,100.0,0.01,0.03,0.6300084425099484,0.022600168850198964,2.2600168850198963,22600.168850198963,30,754,7.54,Maintain existing vegetation and monitor future heat
8421_1429,12.84350347250519,77.6331480126527,5,5,36.94148768120003,37.39791639992003,41.36351687600002,1,0,0.2442532701538083,0.1808321830013804,0.0297248831484466,0.7170473749283701,3300.0,0.1603402225,0.2,0.0,True,0.5066320134701102,0.2,0.0,0.9895116243464832,0.9380331129056111,0.17332629566464847,0.3947131397977911,47.262163075668866,Moderate,1000000,100.0,0.04,0.07,0.7423624347543639,0.062270873042630924,6.227087304263092,62270.87304263093,30,2076,20.76,Targeted tree planting and protection of existing vegetation
8421_1430,12.851582403319004,77.63373433163522,4,4,32.463847301000015,34.204931146175014,40.07550439940002,0,0,0.2636300577390123,0.26799356217486064,0.03311923105502495,0.6954946300247684,810.9772228646443,0.18090022625000002,0.0,0.0,True,0.2708492882925763,0.0,0.0,0.9834952232991219,0.9088574500047449,0.042595053911373595,0.2966018281328847,33.66246590853286,Low,1000000,100.0,0.01,0.03,0.67351910165051,0.023470382033010197,2.3470382033010195,23470.382033010195,30,783,7.83,Maintain existing vegetation and monitor future heat
8421_1434,12.887073558505762,77.63552022554259,4,3,32.16046384580001,32.203048102475016,34.64054497760004,0,0,0.3375988743737399,0.3561992544780017,0.05514530988875775,0.6039154723403044,3616.2790945591855,0.16433886,0.0,0.0,True,0.25487378071113936,0.0,0.0,0.9444545216940474,0.7848879674493845,0.1899382604695311,0.37563184123540716,32.48976142976343,Low,1000000,100.0,0.01,0.03,0.6292048543369007,0.02258409708673801,2.258409708673801,22584.09708673801,30,753,7.53,Maintain existing vegetation and monitor future heat
8421_1435,12.893395117326476,77.63099295493647,3,3,31.79355648890003,34.84497675380002,43.30778919260001,1,0,0.1452145214521452,0.118117875333495,0.02853202924598,0.6142439714167267,5700.0,0.1547870649999999,0.3333333333333333,0.0,True,0.23555324374258121,0.3333333333333333,0.0,0.9916259295578731,0.798869518693711,0.29938178342075644,0.4212125302080102,41.86598634405982,Low,1000000,100.0,0.01,0.03,0.7555868685176788,0.025111737370353573,2.511173737035357,25111.737370353574,30,838,8.38,Maintain existing vegetation and monitor future heat
8421_1436,12.905601800696312,77.63470929130749,7,5,35.697294221000035,36.94497406160003,44.06462427110005,2,1,0.1433024044123984,0.0872709739633558,0.0291385150048881,0.6909055346623063,5445.181356024793,0.15213018,0.2857142857142857,0.14285714285714285,True,0.44111551375493746,0.2857142857142857,0.14285714285714285,0.9905509479544751,0.902645252908089,0.28599791323090445,0.4338910528125016,49.28905556269174,Moderate,1000000,100.0,0.04,0.07,0.7615188102731411,0.06284556430819424,6.284556430819424,62845.56430819424,30,2095,20.95,Targeted tree planting and protection of existing vegetation
8421_1438,12.918879901003631,77.63260221532785,4,3,39.56927000225002,38.74127174735001,43.5230048219,2,0,0.24350577166203904,0.16416235743379493,0.02868942945497105,0.7429120058659464,3177.2174411928354,0.1587832825,0.5,0.0,True,0.6450052690737315,0.5,0.0,0.9913469414257511,0.973045718337782,0.16687737260699007,0.40214277976483415,59.29592013883514,High,1000000,100.0,0.08,0.12,0.840282614380432,0.11361130457521727,11.361130457521726,113611.30457521728,30,3788,37.88,"Increase tree canopy, shaded streets and connected green corridors"
8421_1444,12.977989137349622,77.63656481070926,5,4,33.05530148180002,32.992245848840014,35.30377757840004,0,0,0.3392296054928431,0.3403171007927519,0.0386165064992383,0.7361955870874226,5813.776741499453,0.1338760925,0.0,0.0,True,0.3019939686879327,0.0,0.0,0.9737514331366282,0.963953791946981,0.30535769285617903,0.5209986472296947,37.43741017758658,Low,1000000,100.0,0.01,0.03,0.6796664749577103,0.023593329499154204,2.3593329499154203,23593.329499154202,30,787,7.87,Maintain existing vegetation and monitor future heat
8421_1446,12.9976609782628,77.63660893000998,3,3,36.2402979683,37.478897269100024,42.34599254480004,1,0,0.3229111559763774,0.1885714285714285,0.0318994338158518,0.5499366670846939,7355.270219373317,0.19576245,0.3333333333333333,0.0,True,0.4697089005499438,0.3333333333333333,0.0,0.9856572849349097,0.711817579757559,0.38632173961711613,0.22568003822952365,47.38764431066407,Moderate,1000000,100.0,0.04,0.07,0.7351921584189667,0.062055764752569006,6.2055764752569,62055.764752569004,30,2069,20.69,Targeted tree planting and protection of existing vegetation
8421_1450,13.02784227780643,77.63266824009742,4,3,41.28040771970001,40.957635546050014,41.94213639170003,2,0,0.21865828455232159,0.0484912966892253,0.03114648628979915,0.7290602630237117,9470.849614235103,0.149360435,0.5,0.0,True,0.7351100295986042,0.5,0.0,0.986991866542049,0.9542947990668454,0.4974385698279804,0.44710813770371005,63.623860414415766,Very High,1000000,100.0,0.12,0.18,0.8343548930843936,0.1700612935850636,17.00612935850636,170061.2935850636,30,5669,56.69,"Urgent urban greening: street trees, shaded corridors, pocket parks, institutional planting and suitable green roofs"
8421_1452,13.050266215216316,77.63381077771399,3,3,33.419987125700025,36.51871278740001,43.259612200700005,1,0,0.2919888401753687,0.1863617111393477,0.027273159706965,0.7456761002540588,6879.680225126746,0.1597902225,0.3333333333333333,0.0,True,0.3211975151210264,0.3333333333333333,0.0,0.9938572459171487,0.9767874359915861,0.3613422693268345,0.3973377123451428,46.4383917439971,Moderate,1000000,100.0,0.04,0.07,0.7922861101568917,0.06376858330470675,6.376858330470675,63768.58330470675,30,2126,21.26,Targeted tree planting and protection of existing vegetation
8421_1453,13.058039405330364,77.63594249291233,7,4,34.712733560000004,36.89120616555716,43.05321506300003,2,0,0.3128935597342249,0.1935275080906149,0.0304447545204311,0.7535409987904131,7186.7934435323805,0.157621545,0.2857142857142857,0.0,True,0.3892707079997214,0.2857142857142857,0.0,0.9882356694368585,0.9874340440905779,0.37747281371953045,0.40768653312797787,47.44465059954498,Moderate,1000000,100.0,0.04,0.07,0.7773189292508305,0.06331956787752492,6.3319567877524925,63319.56787752492,30,2111,21.11,Targeted tree planting and protection of existing vegetation
8421_1454,13.067911353589205,77.6341400862505,5,4,38.85375024050002,37.82695994240004,43.186398212300034,1,0,0.2214956588216021,0.2469565217391304,0.0302586704492568,0.7333417618647218,6621.17814289874,0.1553050825,0.2,0.0,True,0.6073275671998128,0.2,0.0,0.9885654990334477,0.960090606860909,0.3477649334679924,0.41874057655428654,51.481743120216585,Moderate,1000000,100.0,0.04,0.07,0.7463008708889056,0.06238902612666718,6.238902612666718,62389.02612666718,30,2080,20.8,Targeted tree planting and protection of existing vegetation
8421_1455,13.073712301868067,77.63393836208692,6,5,41.59975332830003,38.713497486500025,44.360949515,3,1,0.2018881576075714,0.18261083250364946,0.0275308650452643,0.7370612700469792,7059.851798081665,0.171328315,0.5,0.16666666666666666,True,0.7519260691810032,0.5,0.16666666666666666,0.9934004693256127,0.9651256554066012,0.37080544245542507,0.3422785108464067,64.84213210255612,Very High,1000000,100.0,0.12,0.18,0.8397253657441266,0.1703835219446476,17.03835219446476,170383.5219446476,30,5680,56.8,"Urgent urban greening: street trees, shaded corridors, pocket parks, institutional planting and suitable green roofs"
8421_1459,13.110302022658914,77.63170304387556,4,3,39.70602498245002,38.52950831825003,43.05935040890003,2,0,0.339069138360409,0.3130412930535415,0.0328330054180696,0.6961617270717397,2162.06463964095,0.18478740625,0.5,0.0,True,0.6522064864952418,0.5,0.0,0.9840025514426579,0.9097604903669656,0.11355838029590574,0.2780523991972218,57.88189166763242,High,1000000,100.0,0.08,0.12,0.823953373794722,0.11295813495178889,11.295813495178889,112958.13495178889,30,3766,37.66,"Increase tree canopy, shaded streets and connected green corridors"
8421_1460,13.1221141755723,77.6369989729633,5,4,34.85787977930001,35.55643761680002,43.52247502880002,1,0,0.3283777251222391,0.3665879574970484,0.0553759941831231,0.6748061227845028,2844.2925306655784,0.1634310849999999,0.2,0.0,True,0.39691378967441443,0.2,0.0,0.9440456392611243,0.8808516940853099,0.1493911176142101,0.3799636982248117,42.523389299197504,Low,1000000,100.0,0.01,0.03,0.7081931584476241,0.024163863168952478,2.416386316895248,24163.863168952477,30,806,8.06,Maintain existing vegetation and monitor future heat
8421_1461,13.128517548354314,77.63250510583,6,4,34.76466182885001,34.29240539885003,37.771724739200046,0,0,0.3226251706196889,0.25045549574994547,0.037934955209493595,0.6458601743215695,5033.141056715382,0.1610012675,0.0,0.0,True,0.392005136784433,0.0,0.0,0.9749594666105993,0.8416679502755245,0.2643562711873126,0.39155866605312895,38.08080029164944,Low,1000000,100.0,0.01,0.03,0.6558133233604045,0.023116266467208088,2.311626646720809,23116.266467208086,30,771,7.71,Maintain existing vegetation and monitor future heat
8421_1462,13.139388960278072,77.63469256773675,6,3,35.09664556640003,35.25431313230002,39.64818353900002,0,0,0.3953438012293059,0.3992960407930348,0.2882110351929441,0.3166687536868267,6514.379569127304,0.15133926624999994,0.0,0.0,True,0.4094866725281923,0.0,0.0,0.5313510589916515,0.39604592109763165,0.34215553917281954,0.4376652537499074,28.11442923631049,Low,1000000,100.0,0.01,0.03,0.34488471371535206,0.01689769427430704,1.689769427430704,16897.69427430704,30,564,5.64,Maintain existing vegetation and monitor future heat
8421_1463,13.143277995280426,77.63332538677751,3,3,37.27865826410004,37.688917508000024,44.11613383250001,1,1,0.3661050356807846,0.1805362462760675,0.0555025102803483,0.4066477084998041,6067.124524847005,0.191925375,0.3333333333333333,0.3333333333333333,True,0.5243866771178215,0.3333333333333333,0.3333333333333333,0.9438213924835979,0.5178492303994086,0.31866430885693087,0.24399036860612278,49.547353558764634,Moderate,1000000,100.0,0.04,0.07,0.6754805423216806,0.06026441626965043,6.026441626965043,60264.41626965043,30,2009,20.09,Targeted tree planting and protection of existing vegetation
8422_1426,12.815618446833996,77.6439681066381,3,3,32.00241460100003,33.82026575120002,39.52501518830002,0,0,0.4217948001118257,0.3868003341687552,0.4609592782799154,0.0911498898640275,7156.116265125938,0.129562195,0.0,0.0,True,0.2465512540035509,0.0,0.0,0.22515890095621494,0.09076404734517118,0.3758615525999449,0.5415843507762205,16.26879112478229,Low,1000000,100.0,0.01,0.03,0.13073225994714172,0.012614645198942835,1.2614645198942835,12614.645198942835,30,421,4.21,Maintain existing vegetation and monitor future heat
8422_1429,12.841116650005944,77.64335593770446,3,3,38.51825448739999,36.8359734038,39.14855446549999,0,0,0.1816731131672785,0.1738329238329238,0.0238593502435833,0.7213435417506844,5060.6323715519975,0.1734708675,0.0,0.0,True,0.5896610964172978,0.0,0.0,0.9999081421117247,0.9438487765500493,0.2658002008126402,0.3320543572595709,45.116215580056355,Low,1000000,100.0,0.01,0.03,0.6887238263658723,0.023774476527317442,2.3774476527317443,23774.47652731744,30,793,7.93,Maintain existing vegetation and monitor future heat
8422_1431,12.859021791786827,77.64293912394542,4,3,39.96732406640002,39.02503149522502,46.47904523870002,2,1,0.32585786442345416,0.3272451013571987,0.1086673197569325,0.3716881169239059,3510.8842665422817,0.14884930624999998,0.5,0.25,True,0.6659659233567997,0.5,0.25,0.8495880303707192,0.4705248982304737,0.1844025952809303,0.4495472185862779,55.597796207905546,High,1000000,100.0,0.08,0.12,0.6688989948314543,0.10675595979325816,10.675595979325816,106755.95979325817,30,3559,35.59,"Increase tree canopy, shaded streets and connected green corridors"
8422_1432,12.867512281121417,77.64229894514105,4,3,35.69403001190001,37.205286192275025,44.99307813380001,1,1,0.2585336794426199,0.235906081809719,0.0289285724284127,0.6851635372731835,3500.0,0.16836520374999994,0.25,0.25,True,0.4409436276605212,0.25,0.25,0.990923066185062,0.894872387736994,0.18383091964432413,0.3564183298309508,48.492124947337885,Moderate,1000000,100.0,0.04,0.07,0.7494360106399298,0.0624830803191979,6.24830803191979,62483.0803191979,30,2083,20.83,Targeted tree planting and protection of existing vegetation
8422_1433,12.878530067139923,77.64456283909773,5,3,34.90590296029998,35.58326223776001,41.36119262240002,1,0,0.1976082402234636,0.1724448446645655,0.0285837799310684,0.740756286541,1204.1594578792296,0.1206655325,0.2,0.0,True,0.3994425850948633,0.2,0.0,0.9915342026976524,0.9701275498810575,0.06324621158295703,0.584038780159045,44.79399105083127,Low,1000000,100.0,0.01,0.03,0.7497926113250376,0.024995852226500748,2.499585222650075,24995.85222650075,30,834,8.34,Maintain existing vegetation and monitor future heat
8422_1434,12.886071817197761,77.64450273035308,8,4,35.625524346050014,35.672364037625016,44.00723571530001,1,1,0.26699560720913207,0.1840265083348807,0.0279203840764239,0.7347400414291769,3430.4493814764855,0.16477040375000002,0.125,0.125,True,0.4373362694957969,0.125,0.125,0.9927100560941068,0.961983439230808,0.1801779041686072,0.37357253600044116,44.77432551943883,Low,1000000,100.0,0.01,0.03,0.726251715893215,0.0245250343178643,2.45250343178643,24525.034317864298,30,818,8.18,Maintain existing vegetation and monitor future heat
8422_1435,12.894934625930386,77.64230721336997,6,4,35.83191293870003,37.516110961850025,44.49891789230001,2,1,0.2117091330655709,0.20536755047583588,0.029043542221188497,0.6672680349438451,6374.926065592087,0.163071385,0.3333333333333333,0.16666666666666666,True,0.4482042402769615,0.3333333333333333,0.16666666666666666,0.990719284957943,0.8706474852599462,0.3348310060863904,0.38168016867077903,50.5959472090633,Moderate,1000000,100.0,0.04,0.07,0.7694891395309608,0.06308467418592884,6.308467418592883,63084.67418592884,30,2103,21.03,Targeted tree planting and protection of existing vegetation
8422_1436,12.903332063556977,77.64702129811437,6,4,35.80245815135002,36.96643353050002,43.946856392000015,2,1,0.2792532439028371,0.17908290775262564,0.02910374943166965,0.7230577396694571,6619.453541551482,0.15196529,0.3333333333333333,0.16666666666666666,True,0.4466532157548447,0.3333333333333333,0.16666666666666666,0.9906125691073092,0.946169263376538,0.3476743520246535,0.4346778996621976,51.63223890145462,Moderate,1000000,100.0,0.04,0.07,0.7845401372289622,0.06353620411686887,6.3536204116868875,63536.204116868874,30,2118,21.18,Targeted tree planting and protection of existing vegetation
8422_1439,12.927922888668284,77.64461961723316,5,4,33.13365959030001,34.46090751848003,43.65818751290005,1,0,0.4109905977716884,0.2807991120976693,0.1207375861704349,0.0496301800012588,1843.9088914585773,0.1181320125,0.2,0.0,True,0.3061201348810872,0.2,0.0,0.8281937698261864,0.03455937067331611,0.09684784778776472,0.5961286111411659,30.41698659520322,Low,1000000,100.0,0.01,0.03,0.4810087590477564,0.01962017518095513,1.962017518095513,19620.175180955128,30,655,6.55,Maintain existing vegetation and monitor future heat
8422_1442,12.957255773131976,77.64300861711519,8,4,36.15801768185002,36.12431600465002,42.930969577700026,2,0,0.23795647291808394,0.14304587881877123,0.033224933140445445,0.6863589074928313,5375.116783174928,0.14153040124999994,0.25,0.0,True,0.4653762010653332,0.25,0.0,0.9833078688631786,0.8964905444370416,0.28231790327048234,0.4844726679311421,47.759762365286214,Moderate,1000000,100.0,0.04,0.07,0.7459520433189977,0.06237856129956994,6.2378561299569935,62378.561299569934,30,2080,20.8,Targeted tree planting and protection of existing vegetation
8422_1444,12.977239726624802,77.64201535455616,5,5,33.36546970670002,35.650450256900015,41.71820481140003,2,0,0.3063683177119993,0.1809187279151943,0.0334438460413366,0.7511939855758101,7368.174807915459,0.1302819525,0.4,0.0,True,0.3183267473661374,0.4,0.0,0.9829198509456133,0.9842569236504944,0.3869995288683543,0.5381497039121286,48.761915585575686,Moderate,1000000,100.0,0.04,0.07,0.8083113102029055,0.06424933930608717,6.424933930608717,64249.339306087175,30,2142,21.42,Targeted tree planting and protection of existing vegetation
8422_1446,12.991300374025665,77.64097526463318,3,3,39.804848485700056,38.265617235800015,43.58247836989997,1,0,0.3512132822477649,0.3455149501661129,0.3633659856859594,0.1147585923317819,7300.684899377592,0.179044595,0.3333333333333333,0.0,True,0.6574103155054769,0.3333333333333333,0.0,0.398140694201329,0.12272283253967058,0.38345474831028936,0.3054568078360812,38.69953931764613,Low,1000000,100.0,0.01,0.03,0.3236149136085986,0.016472298272171972,1.6472298272171972,16472.29827217197,30,550,5.5,Maintain existing vegetation and monitor future heat
8422_1447,13.00506414338329,77.64447389189634,3,3,31.20625520240006,31.66382553980004,32.83048121630004,0,0,0.3281344639612357,0.4192194712547209,0.0461381694767624,0.7146460944786668,11186.599125739687,0.1327880275,0.0,0.0,True,0.2046272456558281,0.0,0.0,0.960419464151312,0.9347825316342075,0.5875550871363198,0.5261908391001205,35.4616642794688,Low,1000000,100.0,0.01,0.03,0.6671662384024974,0.02334332476804995,2.334332476804995,23343.324768049948,30,779,7.79,Maintain existing vegetation and monitor future heat
8422_1451,13.037726361719985,77.64193615355818,3,3,34.74655486790002,34.79104039820003,37.32538259750001,0,0,0.2377213616445469,0.226042841037204,0.038799429545179,0.7251067170873284,10911.46186356347,0.1439351525,0.0,0.0,True,0.3910516639203881,0.0,0.0,0.9734272063821899,0.9489429367393823,0.5731040197265268,0.47299731499666964,41.0528940543543,Low,1000000,100.0,0.01,0.03,0.6765021905389714,0.023530043810779427,2.353004381077943,23530.043810779425,30,785,7.85,Maintain existing vegetation and monitor future heat
8422_1452,13.045811650529853,77.64401972983342,4,4,38.289845300900026,38.32260275007502,43.04367878719999,1,0,0.2500599082042594,0.20911309608377182,0.029547674697823753,0.7120613502338529,10882.899342508892,0.1617942575,0.25,0.0,True,0.5776335694442317,0.25,0.0,0.9898257221164444,0.9312835978738473,0.5716038270085771,0.3877745573543573,52.53612081562677,Moderate,1000000,100.0,0.04,0.07,0.7561695806329916,0.06268508741898976,6.268508741898976,62685.08741898976,30,2090,20.9,Targeted tree planting and protection of existing vegetation
8422_1455,13.075618727398592,77.64152969706315,5,5,35.192897009600024,36.802784429600024,42.63052561970004,2,0,0.2918595461217115,0.1444373537545203,0.0326339902821928,0.7326624393463135,7580.23746329889,0.14444745,0.4,0.0,True,0.41455506249544377,0.4,0.0,0.9843553010443147,0.9591710170412969,0.39813772114302676,0.47055265689743886,51.13714345114333,Moderate,1000000,100.0,0.04,0.07,0.8040118539304167,0.0641203556179125,6.41203556179125,64120.3556179125,30,2138,21.38,Targeted tree planting and protection of existing vegetation
8422_1456,13.085101851255498,77.64331422496008,6,3,39.742965233600046,40.59698031740003,43.78174893590003,2,0,0.28333356636648444,0.18084531626796446,0.03026907949242735,0.673968692892231,5463.510446458735,0.18839587375,0.3333333333333333,0.0,True,0.6541516791291592,0.3333333333333333,0.0,0.9885470492516467,0.8797180764255033,0.2869606142453946,0.2608329723999293,54.32223814346446,High,1000000,100.0,0.08,0.12,0.7702171399109241,0.11080868559643696,11.080868559643696,110808.68559643696,30,3694,36.94,"Increase tree canopy, shaded streets and connected green corridors"
8422_1457,13.092072894276262,77.64517307820813,4,3,33.55751116040002,34.14086036127502,39.7022566154,0,0,0.29716518584445306,0.33761179146801285,0.1024692116770893,0.1203312684083357,3333.553404474558,0.15460181125,0.0,0.0,True,0.3284392292663517,0.0,0.0,0.8605740297348262,0.13026648971152738,0.17508862515086449,0.4220965518562715,27.050378106163897,Low,1000000,100.0,0.01,0.03,0.4563403128097186,0.01912680625619437,1.912680625619437,19126.80625619437,30,638,6.38,Maintain existing vegetation and monitor future heat
8422_1462,13.134820744603047,77.64251045171721,7,4,32.352693290600044,35.4842002055429,46.36688291240006,1,1,0.2317145725653515,0.1686243280907824,0.0337178716436028,0.632216194877401,5375.872022286245,0.1769185975,0.14285714285714285,0.14285714285714285,True,0.2649961618105102,0.14285714285714285,0.14285714285714285,0.9824341470738084,0.8231982775415014,0.282357570784878,0.3156019617892418,38.90817749870804,Low,1000000,100.0,0.01,0.03,0.6987138719023473,0.023974277438046945,2.3974277438046943,23974.277438046945,30,800,8.0,Maintain existing vegetation and monitor future heat
8422_1463,13.148007898159085,77.64424045640436,4,3,37.23857343455004,37.63784944085003,41.69284310300003,1,0,0.3208776746346697,0.23442384681580997,0.0729323624982498,0.2952145860763266,7480.612733322494,0.1562914525,0.25,0.0,True,0.5222758978798621,0.25,0.0,0.912927393392961,0.3670037009617626,0.39290511950563295,0.4140336681478659,43.3169187851754,Low,1000000,100.0,0.01,0.03,0.6048644368888331,0.02209728873777666,2.209728873777666,22097.28873777666,30,737,7.37,Maintain existing vegetation and monitor future heat
8423_1429,12.838686443809436,77.65141089822741,3,3,39.32800051550001,40.52141359190002,43.85339063510002,1,0,0.1733160461813916,0.1812447434819175,0.0264975763857364,0.6906518936157227,7200.694410957877,0.16785017,0.3333333333333333,0.0,True,0.6323005468857557,0.3333333333333333,0.0,0.9952319489336288,0.9023019024111547,0.37820293589832327,0.3588760451786044,54.939242903406615,High,1000000,100.0,0.08,0.12,0.7780763549490453,0.11112305419796181,11.112305419796181,111123.05419796181,30,3705,37.05,"Increase tree canopy, shaded streets and connected green corridors"
8423_1436,12.901853533910517,77.6548250693004,3,3,31.72063303220004,35.843380395800025,45.426397619300026,1,1,0.3850633445260922,0.3345667591736047,0.1285478959325701,0.2255148449912667,4535.416188179427,0.13069206,0.3333333333333333,0.3333333333333333,True,0.23171325439771978,0.3333333333333333,0.3333333333333333,0.8143501812706176,0.272652092418596,0.23821420824079403,0.5361926913921958,37.43187244000843,Low,1000000,100.0,0.01,0.03,0.5617055091190281,0.02123411018238056,2.123411018238056,21234.11018238056,30,708,7.08,Maintain existing vegetation and monitor future heat
8423_1438,12.92148209600172,77.65202647174365,4,3,38.117295106250026,38.39453498097503,44.138470593200026,2,1,0.2271303456610165,0.20447121008222524,0.02998627314809705,0.742113727144897,3071.017714951184,0.14232537124999994,0.5,0.25,True,0.5685474545109298,0.5,0.25,0.9890483167802143,0.9719650990955258,0.16129943165242489,0.48067911077119996,59.82169209010449,High,1000000,100.0,0.08,0.12,0.8389171782092123,0.11355668712836849,11.355668712836849,113556.68712836849,30,3786,37.86,"Increase tree canopy, shaded streets and connected green corridors"
8423_1441,12.948780918437317,77.65604387961116,7,5,35.413735281800015,35.84000143888573,40.20511571780002,0,0,0.462331238483581,0.3743500866551126,0.0967238852754235,0.1780300177633762,6080.296045424105,0.1437385,0.0,0.0,True,0.42618392172073194,0.0,0.0,0.8707574843281001,0.20837251604429918,0.3193561182114458,0.4739357309109752,31.89706432259855,Low,1000000,100.0,0.01,0.03,0.4770532453729099,0.019541064907458196,1.9541064907458197,19541.064907458196,30,652,6.52,Maintain existing vegetation and monitor future heat
8423_1442,12.958892642926733,77.65289755945943,7,4,32.776339779500034,36.269675850199995,44.1593888756,2,1,0.1905730893643241,0.1691176470588235,0.0310010558459907,0.7223028698936105,8104.319835741924,0.1302144125,0.2857142857142857,0.14285714285714285,True,0.28730445706942326,0.2857142857142857,0.14285714285714285,0.9872496385496713,0.9451474062435993,0.4256641624274788,0.5384720014209434,46.27146174343444,Moderate,1000000,100.0,0.04,0.07,0.7683685862378412,0.06305105758713524,6.305105758713523,63051.057587135234,30,2102,21.02,Targeted tree planting and protection of existing vegetation
8423_1445,12.986113532291562,77.6536853016009,4,4,34.976570523800035,35.925741860225024,43.57680445670002,1,0,0.3882819547907888,0.34837467518436227,0.0350194212514907,0.7160149291157722,11419.605348693669,0.19227337375,0.25,0.0,True,0.4031637840498706,0.25,0.0,0.9801271813061233,0.9366355047992426,0.5997933009216,0.24232973594109974,46.623791473393894,Moderate,1000000,100.0,0.04,0.07,0.7523906916129102,0.06257172074838731,6.2571720748387305,62571.720748387306,30,2086,20.86,Targeted tree planting and protection of existing vegetation
8423_1447,13.00396421040473,77.65215587664575,6,4,36.23719611515002,35.385684731000026,39.89829715250001,0,0,0.3047146154448379,0.24525760289748944,0.05154975684126835,0.4707210698979907,13575.842305008766,0.13058916874999998,0.0,0.0,True,0.4695455637638909,0.0,0.0,0.9508275540749753,0.6045844839107358,0.7130455931074522,0.5366836833014916,40.64327144519344,Low,1000000,100.0,0.01,0.03,0.5963306738196348,0.021926613476392694,2.1926613476392696,21926.613476392693,30,731,7.31,Maintain existing vegetation and monitor future heat
8423_1448,13.012578170865925,77.65277971523379,4,3,42.395400023900024,40.16292453342503,44.4019486649,3,1,0.2357995567828746,0.2113485355900983,0.02731258282437915,0.7332267995225266,15383.854115974122,0.154305155,0.75,0.25,True,0.7938230797128508,0.75,0.25,0.9937873693778462,0.9599349838738054,0.8080080142324697,0.4235121806739993,75.72845374532363,Very High,1000000,100.0,0.12,0.18,0.9138806814636841,0.17483284088782103,17.483284088782103,174832.84088782102,30,5828,58.28,"Urgent urban greening: street trees, shaded corridors, pocket parks, institutional planting and suitable green roofs"
8423_1449,13.018045443282306,77.65138688265591,6,5,34.70454740210002,36.416183580800016,44.5011225152,2,1,0.2824455473150478,0.22679208465779616,0.031959748419467304,0.7363297395640984,15958.852935542604,0.14743520124999998,0.3333333333333333,0.16666666666666666,True,0.38883964287289097,0.3333333333333333,0.16666666666666666,0.9855503787324958,0.9641353923628128,0.838208746174091,0.45629525706277385,52.56231890698662,Moderate,1000000,100.0,0.04,0.07,0.7856022678388105,0.06356806803516432,6.356806803516432,63568.068035164324,30,2119,21.19,Targeted tree planting and protection of existing vegetation
8423_1450,13.031166445733527,77.65435934781769,6,5,36.904222718150024,37.72863490040003,44.28459094820001,2,1,0.1962529893378919,0.12170068489583144,0.02733884030021725,0.699044490349479,16194.55076875341,0.1770805175,0.3333333333333333,0.16666666666666666,True,0.504669722219472,0.3333333333333333,0.16666666666666666,0.9937408286255481,0.9136628485116242,0.8505883317276102,0.3148292876313016,55.009920677878185,High,1000000,100.0,0.08,0.12,0.779602984015099,0.11118411936060396,11.118411936060395,111184.11936060396,30,3707,37.07,"Increase tree canopy, shaded streets and connected green corridors"
8423_1454,13.064492738815288,77.65416136265702,7,5,38.48803919060002,37.26514976077146,43.53416465719999,2,0,0.33600616223861,0.3048523206751055,0.0305886948481202,0.7104992853710428,12192.620719107112,0.1546306175,0.2857142857142857,0.0,True,0.588070025134966,0.2857142857142857,0.0,0.9879805386246668,0.9291690515332084,0.6403944799051146,0.4219590898691038,54.2081243404793,High,1000000,100.0,0.08,0.12,0.7655383653332608,0.11062153461333044,11.062153461333043,110621.53461333044,30,3688,36.88,"Increase tree canopy, shaded streets and connected green corridors"
8423_1456,13.083249715384785,77.65489978684278,7,5,36.05263158020002,38.078199061057155,45.150170333,2,1,0.2952230724312356,0.2219307450157397,0.0329323692712932,0.6727373714093119,5608.921464952064,0.1558861575,0.2857142857142857,0.14285714285714285,True,0.45982680001187853,0.2857142857142857,0.14285714285714285,0.9838264313727482,0.8780512529805582,0.294598054604265,0.4159677156580094,49.456970423493104,Moderate,1000000,100.0,0.04,0.07,0.7532377519967715,0.06259713255990315,6.259713255990315,62597.13255990315,30,2087,20.87,Targeted tree planting and protection of existing vegetation
8423_1458,13.100006984040665,77.65350800762369,4,4,30.719913681650034,30.16816407567503,34.411007844500006,0,0,0.2937819456912298,0.6041437477081042,0.03602268407121295,0.3354862567503005,606.1552812808831,0.10253879749999995,0.0,0.0,True,0.1790175674787912,0.0,0.0,0.9783489217860377,0.4215189236535234,0.03183716651575106,0.6705386548028989,27.77282919428279,Low,1000000,100.0,0.01,0.03,0.5734782456237235,0.021469564912474468,2.1469564912474466,21469.564912474467,30,716,7.16,Maintain existing vegetation and monitor future heat
8423_1459,13.107627508495636,77.65513870526601,4,4,40.827579885050035,40.179211398725045,47.12999005760008,1,1,0.1861065154010923,0.09021751355171345,0.0292988071450963,0.26915342698339373,2750.845743015836,0.229744585,0.25,0.25,True,0.7112651086527102,0.25,0.25,0.9902668339429551,0.3317250579906676,0.14448300078236437,0.06351898619061458,49.2992162834972,Moderate,1000000,100.0,0.04,0.07,0.6364784285696111,0.059094352857088334,5.909435285708834,59094.352857088335,30,1970,19.7,Targeted tree planting and protection of existing vegetation
8423_1461,13.130819800577097,77.65476092793921,3,3,41.42348603690002,39.05858078570002,43.62113617610002,2,0,0.2777441319469992,0.2219426270759939,0.084743388928473,0.1049200035631656,2683.281572999748,0.1678270975,0.6666666666666666,0.0,True,0.7426442200825948,0.6666666666666666,0.0,0.8919926295617427,0.10940446633539987,0.14093431977977494,0.35898614599696577,55.919529704808355,High,1000000,100.0,0.08,0.12,0.6678772080479514,0.10671508832191805,10.671508832191805,106715.08832191805,30,3558,35.58,"Increase tree canopy, shaded streets and connected green corridors"
8424_1427,12.825054192997076,77.66005338121715,3,3,44.30716697030005,41.660656748000044,45.88000305350006,2,2,0.1202657544929982,0.0881755383990247,0.0405069673433899,0.44471575319767,9808.159868191384,0.17428143,0.6666666666666666,0.6666666666666666,True,0.8944925355538748,0.6666666666666666,0.6666666666666666,0.9704006361895307,0.5693814340406457,0.5151551567394785,0.32818639346791134,74.63464103423593,Very High,1000000,100.0,0.12,0.18,0.7990766049028944,0.16794459629417366,16.794459629417364,167944.59629417365,30,5599,55.99,Major tree-canopy expansion and restoration of open green areas
8424_1429,12.838942756930695,77.66130208261653,4,3,31.484208588800023,31.884416005550026,34.84723264700003,0,0,0.3535303810055441,0.3087721922408586,0.0434413577895611,0.7157880743616261,10424.183910740761,0.12953193125,0.0,0.0,True,0.2192636615697786,0.0,0.0,0.9651994988165771,0.9363284145486025,0.5475106613865832,0.5417287678806384,35.86538362116415,Low,1000000,100.0,0.01,0.03,0.6698654323180091,0.02339730864636018,2.3397308646360178,23397.30864636018,30,780,7.8,Maintain existing vegetation and monitor future heat
8424_1431,12.859432935122893,77.66197709435886,4,4,34.58699314925003,35.846755690550026,43.647232758800016,1,0,0.22211729252784576,0.2637651873286698,0.02760788076557215,0.7191931553534232,5922.381094431039,0.18809500999999995,0.25,0.0,True,0.382649493655963,0.25,0.0,0.9932639607905195,0.9409378272063016,0.3110619323066905,0.2622686791976446,44.90447555112138,Low,1000000,100.0,0.01,0.03,0.7598195458365201,0.0251963909167304,2.51963909167304,25196.390916730397,30,840,8.4,Maintain existing vegetation and monitor future heat
8424_1435,12.896285580352975,77.66352290794454,7,4,34.34548440110002,34.345608914685734,39.95520718550003,0,0,0.3675393202280023,0.3741496598639456,0.0385353865567594,0.7048506385181099,2200.0,0.15084087,0.0,0.0,True,0.36993217248724536,0.0,0.0,0.9738952163080427,0.9215225537360918,0.11555086377643231,0.44004357577800357,37.699591154371106,Low,1000000,100.0,0.01,0.03,0.6712521189012397,0.023425042378024792,2.3425042378024794,23425.04237802479,30,781,7.81,Maintain existing vegetation and monitor future heat
8424_1436,12.904170936171884,77.66183474955099,4,3,39.08250122900003,38.47526434085003,45.04593781310004,2,1,0.3902112580823299,0.3319240179899488,0.3476682450855151,0.1443745951401069,2136.2967223888445,0.12715914875,0.5,0.25,True,0.6193730927167991,0.5,0.25,0.42596456658833015,0.1628136199670483,0.11220496888854191,0.5530515675357959,44.9250801621211,Low,1000000,100.0,0.01,0.03,0.3955450072875747,0.017910900145751495,1.7910900145751494,17910.900145751493,30,598,5.98,Maintain existing vegetation and monitor future heat
8424_1440,12.93685512307183,77.66315853415679,3,3,31.50319568990002,31.40371421780002,32.058504309200025,0,0,0.3015867965798369,0.8392780403953588,0.1925963724497705,0.0466245228890329,1100.0,0.1401135875,0.0,0.0,True,0.22026348068441215,0.0,0.0,0.7008257778194624,0.030490652786378216,0.057775431888216155,0.49123363242743356,20.17024293726633,Low,1000000,100.0,0.01,0.03,0.35651101946700686,0.017130220389340138,1.7130220389340138,17130.22038934014,30,572,5.72,Maintain existing vegetation and monitor future heat
8424_1441,12.950910631883747,77.66002559610632,4,3,33.26847484415003,34.23168569772502,40.594291474999984,0,0,0.407300501624405,0.3948330069949597,0.0488934165332466,0.1088926692609675,5455.113052852574,0.14337262624999997,0.0,0.0,True,0.31321921056586505,0.0,0.0,0.9555358541818552,0.114782210828517,0.28651955693418435,0.4756816621837874,28.688442333578813,Low,1000000,100.0,0.01,0.03,0.500724369256631,0.020014487385132618,2.001448738513262,20014.48738513262,30,668,6.68,Maintain existing vegetation and monitor future heat
8424_1442,12.959647320300121,77.66233241267,4,3,31.59540532445002,31.503405043625023,32.81251952120002,0,0,0.3979789854580348,0.4026327315843495,0.07600381528027356,0.6582942289533094,8419.05657498265,0.11704393375,0.0,0.0,True,0.22511903786983578,0.0,0.0,0.9074833162849911,0.8584997639516551,0.44219511791904403,0.6013208686259055,34.168398452611235,Low,1000000,100.0,0.01,0.03,0.6254416109328266,0.02250883221865653,2.250883221865653,22508.83221865653,30,751,7.51,Maintain existing vegetation and monitor future heat
8424_1444,12.976062199603968,77.6593682555123,5,3,39.43667646140005,38.210390007980024,41.780190604100056,1,0,0.2415752950458066,0.2039493983338475,0.0324633121490478,0.6633338928222656,12184.00590938793,0.1336657174999999,0.2,0.0,True,0.6380231839244214,0.2,0.0,0.9846578239816438,0.8653218896174105,0.6399420032213322,0.5220025462290572,53.37350452088335,High,1000000,100.0,0.08,0.12,0.7253932899143041,0.10901573159657216,10.901573159657216,109015.73159657216,30,3634,36.34,"Increase tree canopy, shaded streets and connected green corridors"
8424_1447,13.00573422604155,77.66338479489623,5,3,43.95188088140003,40.57489762952002,45.82861312280004,3,3,0.2947421638018199,0.2192474674384949,0.0305815051542595,0.5966487536206841,12287.391912037314,0.1693993825,0.6,0.6,True,0.8757839490785194,0.6,0.6,0.987993282186277,0.7750511073785531,0.6453721586342999,0.3514832804558514,74.82820597438602,Very High,1000000,100.0,0.12,0.18,0.8290068625688491,0.16974041175413093,16.97404117541309,169740.41175413094,30,5659,56.59,"Urgent urban greening: street trees, shaded corridors, pocket parks, institutional planting and suitable green roofs"
8424_1449,13.019760251400172,77.66410102256165,5,4,35.70828315530003,37.931520592220025,43.21910866369999,2,0,0.1515821828400198,0.1041619797525309,0.0293961178977042,0.7011915752664208,12856.126943990555,0.17034376,0.4,0.0,True,0.44169416694189434,0.4,0.0,0.9900943529451248,0.9165693286855606,0.675243896907988,0.346976758163421,52.379036864646366,Moderate,1000000,100.0,0.04,0.07,0.7983610422096746,0.06395083126629024,6.395083126629024,63950.83126629024,30,2132,21.32,Targeted tree planting and protection of existing vegetation
8424_1450,13.029495483590658,77.66513475251938,4,4,38.218716304700024,38.64631487922503,45.776898480200025,2,2,0.19379228818478172,0.1402603273214947,0.02633445680839935,0.7236996024148539,13523.904754254836,0.17895637499999995,0.5,0.5,True,0.573888072454938,0.5,0.5,0.9955210745103069,0.947038144401766,0.7103176709019754,0.3058777892726765,64.20081703619367,Very High,1000000,100.0,0.12,0.18,0.8371681661355067,0.17023008996813038,17.02300899681304,170230.08996813037,30,5675,56.75,"Urgent urban greening: street trees, shaded corridors, pocket parks, institutional planting and suitable green roofs"
8424_1451,13.036840734460014,77.66530704361432,3,3,35.095568890100004,33.16090120970002,38.9517961442,0,0,0.206963498022869,0.1925090616190092,0.0274245648179203,0.6997431258205324,14699.659860010368,0.1551373875,0.0,0.0,True,0.40942997711485,0.0,0.0,0.9935888839539092,0.9146085820172732,0.7720719972927037,0.41954080872397403,42.29088242301026,Low,1000000,100.0,0.01,0.03,0.6797161583804092,0.023594323167608185,2.3594323167608184,23594.323167608185,30,787,7.87,Maintain existing vegetation and monitor future heat
8424_1453,13.058451566824251,77.66374623951974,3,3,31.9666108415,32.898477027500014,35.59998319160002,0,0,0.3087596652896938,0.2164786145368669,0.0371541759232059,0.7180300229229033,12847.178678604883,0.13778937,0.0,0.0,True,0.24466590652816025,0.0,0.0,0.9763433793517404,0.9393633103708037,0.6747739060922539,0.5023246823266598,37.26425393192353,Low,1000000,100.0,0.01,0.03,0.676044351750031,0.023520887035000618,2.352088703500062,23520.88703500062,30,785,7.85,Maintain existing vegetation and monitor future heat
8424_1455,13.076993270285222,77.66090258128001,5,4,35.086835849000025,36.405419096480024,42.402406964900045,1,0,0.316220186053018,0.4720555730975687,0.0461840666830539,0.6930633636657149,8184.130986244049,0.143953275,0.2,0.0,True,0.4089701143177514,0.2,0.0,0.9603381124432364,0.9055662772083691,0.42985609305452943,0.47291083533123435,45.24367253019359,Low,1000000,100.0,0.01,0.03,0.721282311663292,0.02442564623326584,2.442564623326584,24425.64623326584,30,815,8.15,Maintain existing vegetation and monitor future heat
8425_1425,12.804830555776386,77.66904276910321,3,3,31.839169965800007,32.9638352666,36.135945817699984,0,0,0.3567757257807239,0.4657334499854185,0.0726403056178242,0.588311351952143,4396.589587396122,0.12559664,0.0,0.0,True,0.23795514942841,0.0,0.0,0.9134450572770538,0.7637648781006375,0.23092260204276818,0.560507781299881,32.43513103972773,Low,1000000,100.0,0.01,0.03,0.6094755042586544,0.022189510085173086,2.2189510085173088,22189.510085173086,30,740,7.4,Maintain existing vegetation and monitor future heat
8425_1428,12.831216231859246,77.67234362813657,3,3,39.45046817210004,38.22505103510003,44.07993700070001,1,1,0.2415422402773409,0.1855182205395172,0.0252023376524448,0.7524376511573792,5536.244214266563,0.1668193325,0.3333333333333333,0.3333333333333333,True,0.6387494251715039,0.3333333333333333,0.3333333333333333,0.9975277288259775,0.9859404571369046,0.290780818652626,0.3637951502754784,58.924349770211,High,1000000,100.0,0.08,0.12,0.7959519558403697,0.11183807823361479,11.183807823361478,111838.07823361478,30,3728,37.28,"Increase tree canopy, shaded streets and connected green corridors"
8425_1429,12.842640276828934,77.67145605859723,5,3,33.270448750700055,34.96839461996003,44.48047767440004,1,1,0.3141994734901429,0.2795180722891566,0.0350876189768314,0.6497185543412343,7621.679604916491,0.1319607725,0.2,0.2,True,0.3133231521569918,0.2,0.2,0.9800063024576787,0.8468909877726354,0.4003143917160536,0.5301384586685922,44.220963231224516,Low,1000000,100.0,0.01,0.03,0.7193813487833665,0.024387626975667327,2.438762697566733,24387.62697566733,30,813,8.13,Maintain existing vegetation and monitor future heat
8425_1434,12.886060785501318,77.67219707990947,5,3,39.37706619260002,38.193997184060024,39.84642869900003,0,0,0.2549843560874232,0.2349180982820615,0.0303649343550205,0.6839978510979563,2000.0,0.1744748375,0.0,0.0,True,0.634884237865156,0.0,0.0,0.9883771487842896,0.8932944139313955,0.10504623979675665,0.3272634625316351,44.96667701867494,Low,1000000,100.0,0.01,0.03,0.672847457178424,0.023456949143568478,2.345694914356848,23456.94914356848,30,782,7.82,Maintain existing vegetation and monitor future heat
8425_1440,12.939999815779757,77.67489490897398,9,5,38.095479593600025,35.72025951760002,43.42988086700003,1,0,0.3851885203044209,0.3746365466338626,0.0615348222199827,0.0589433873537927,1063.014581273465,0.15487237,0.1111111111111111,0.0,True,0.5673986974453763,0.1111111111111111,0.0,0.9331292628402899,0.04716653507203684,0.055832842305950627,0.42080545900591537,36.65153450102311,Low,1000000,100.0,0.01,0.03,0.5093312717678856,0.02018662543535771,2.018662543535771,20186.62543535771,30,673,6.73,Maintain existing vegetation and monitor future heat
8425_1444,12.973011167593107,77.67011534236683,4,3,31.83386348975003,33.777405204575025,41.50748387840002,1,0,0.47626714824124755,0.4159680196008517,0.0954158242093399,0.45568156079389155,9018.100904372233,0.11909827999999995,0.25,0.0,True,0.2376757220340874,0.25,0.0,0.8730759915007874,0.5842257013158387,0.4736587950560168,0.5915176308613513,37.64455067627966,Low,1000000,100.0,0.01,0.03,0.6283831360135614,0.022567662720271227,2.256766272027123,22567.662720271226,30,753,7.53,Maintain existing vegetation and monitor future heat
8425_1445,12.987955344630093,77.67062612479883,3,3,36.56827407740004,38.54864068520003,43.56846448790001,1,0,0.2273723267500293,0.1531227393296358,0.0310709476470947,0.5752052217721939,7610.519036176179,0.15172318,0.3333333333333333,0.0,True,0.48697940336626816,0.3333333333333333,0.0,0.9871257569921713,0.7460232847316574,0.3997282038259721,0.4358332364975418,49.38764183813809,Moderate,1000000,100.0,0.04,0.07,0.7427675354424171,0.06228302606327252,6.228302606327252,62283.02606327252,30,2077,20.77,Targeted tree planting and protection of existing vegetation
8425_1447,13.004628998024504,77.6736964241195,6,5,32.95818698855002,33.669699121850016,39.36428279780003,0,0,0.1908265751333933,0.14039934565645218,0.0321776639320887,0.6705372231081128,9185.548081423698,0.14809043,0.0,0.0,True,0.2968801323972884,0.0,0.0,0.9851641286619505,0.8750729416121084,0.4824536432129359,0.4531685381728,37.11270622489767,Low,1000000,100.0,0.01,0.03,0.667596652653397,0.023351933053067937,2.335193305306794,23351.933053067936,30,779,7.79,Maintain existing vegetation and monitor future heat
8425_1448,13.009559266646338,77.66989327040672,4,3,32.50099263335001,32.489922521075016,34.67978384720003,0,0,0.2558123637687155,0.22648696948275485,0.02586046518990765,0.761136541259475,10832.811650977692,0.1318603425,0.0,0.0,True,0.2728052800528426,0.0,0.0,0.9963612133966029,0.997716028479004,0.568973065180851,0.5306177056157386,38.604690741307316,Low,1000000,100.0,0.01,0.03,0.6977238123941023,0.023954476247882044,2.395447624788204,23954.476247882045,30,799,7.99,Maintain existing vegetation and monitor future heat
8425_1450,13.0309457765225,77.67251115272131,6,3,43.774904350850015,41.56586366000002,44.851435385,4,3,0.17096454351218432,0.0777875549251457,0.026458692853339,0.7233408216852695,11375.393599002735,0.19885923874999994,0.6666666666666666,0.5,True,0.8664647530014813,0.6666666666666666,0.5,0.9953008690713046,0.9465524677202807,0.5974711618916659,0.2109023168873463,76.09751436387853,Very High,1000000,100.0,0.12,0.18,0.8869609280797084,0.1732176556847825,17.321765568478252,173217.6556847825,30,5774,57.74,"Urgent urban greening: street trees, shaded corridors, pocket parks, institutional planting and suitable green roofs"
8425_1451,13.037717577136005,77.67090839379003,4,3,32.368800709850035,33.76166522247503,38.73444425240002,0,0,0.1692751356404259,0.13654784597298425,0.02670764032518485,0.7310760235995986,12973.558048613158,0.14423161625,0.0,0.0,True,0.26584434319263595,0.0,0.0,0.9948596155900545,0.9570235072343654,0.6814117448958801,0.47158260477933334,38.23343135034962,Low,1000000,100.0,0.01,0.03,0.6888345092419004,0.023776690184838006,2.3776690184838007,23776.690184838004,30,793,7.93,Maintain existing vegetation and monitor future heat
8425_1453,13.057424772306295,77.67340697759394,8,7,40.62091785080004,39.37182380442503,47.79378663170003,4,2,0.28978961597037456,0.217045041124209,0.03529203706420955,0.7433498591417447,12079.113991383336,0.17940348375,0.5,0.25,True,0.7003827390364123,0.5,0.25,0.979643976252808,0.973638434468923,0.6344327524356062,0.3037442086346205,65.13341096492485,Very High,1000000,100.0,0.12,0.18,0.8345496750201886,0.1700729805012113,17.00729805012113,170072.9805012113,30,5670,56.7,"Urgent urban greening: street trees, shaded corridors, pocket parks, institutional planting and suitable green roofs"
8425_1455,13.071891896638496,77.66859282434491,3,3,32.14781717180002,34.36373093120002,41.413419968000014,1,0,0.2392776871209088,0.1906175771971496,0.0459744371473789,0.4798166491091251,8028.07573457052,0.0999504975,0.3333333333333333,0.0,True,0.2542078345861815,0.3333333333333333,0.0,0.9607096758164394,0.6168970480012539,0.42165958436010903,0.6828898932107359,42.06193137603213,Low,1000000,100.0,0.01,0.03,0.7037342475084705,0.024074684950169407,2.407468495016941,24074.68495016941,30,803,8.03,Maintain existing vegetation and monitor future heat
8425_1456,13.08187695915858,77.67028392191266,3,3,36.05705791609999,37.4171108609,44.12596063999997,1,1,0.3162335673490958,0.2319039451114923,0.028532207943499,0.7040454657981172,5053.711507397311,0.179685675,0.3333333333333333,0.3333333333333333,True,0.46005988115561247,0.3333333333333333,0.3333333333333333,0.9916256128207649,0.9204326021795476,0.2654366954348432,0.30239760607488797,52.38634482299065,Moderate,1000000,100.0,0.04,0.07,0.779899326846292,0.06339697980538876,6.339697980538876,63396.979805388764,30,2114,21.14,Targeted tree planting and protection of existing vegetation
8425_1458,13.103749386207978,77.6725844312896,3,3,32.43182045360003,35.33497270760003,44.25676826540001,1,1,0.423736652923142,0.4679007483261126,0.0742599091026932,0.0668612578883767,5905.92922409336,0.17492284,0.3333333333333333,0.3333333333333333,True,0.26916282472747965,0.3333333333333333,0.3333333333333333,0.9105743485663199,0.05788485065749709,0.310197828748392,0.32512561696318976,37.15563237211873,Low,1000000,100.0,0.01,0.03,0.5668641444146594,0.021337282888293188,2.1337282888293188,21337.28288829319,30,712,7.12,Maintain existing vegetation and monitor future heat
8425_1459,13.109531213530783,77.66928893090838,4,3,36.21676490060002,36.30945305795002,40.17524222300003,0,0,0.2888167166310379,0.1983827043169274,0.06577381782699375,0.3846457797335461,3596.309122980406,0.16744292249999998,0.0,0.0,True,0.46846970080120454,0.0,0.0,0.9256157438046143,0.4880655133033119,0.18888937525793165,0.3608194099212909,35.56752624003458,Low,1000000,100.0,0.01,0.03,0.5604209745629696,0.02120841949125939,2.120841949125939,21208.41949125939,30,707,7.07,Maintain existing vegetation and monitor future heat
8425_1461,13.129327912051975,77.67036243641196,3,3,41.2784423582,39.98971779410001,42.64517183540001,2,0,0.246106938711183,0.1413707306039357,0.0279016813728958,0.2621528750751167,4024.9223594996215,0.2017900925,0.6666666666666666,0.0,True,0.7350065379710766,0.6666666666666666,0.0,0.9927432061919141,0.32224850437722163,0.2114014796696624,0.19691642908270468,58.87208548621172,High,1000000,100.0,0.08,0.12,0.7608213039714014,0.11043285215885605,11.043285215885605,110432.85215885605,30,3682,36.82,"Increase tree canopy, shaded streets and connected green corridors"
8425_1463,13.146013301628985,77.67351616049324,3,3,33.725882825600024,34.16651687390004,36.06780758900005,0,0,0.1600453240460749,0.1491103202846975,0.0338218101533129,0.6637564974371344,4301.162633521314,0.1596658675,0.0,0.0,True,0.3373053120002588,0.0,0.0,0.9822499185339262,0.8658939638399241,0.22591048070286465,0.39793112819809884,36.631055820920714,Low,1000000,100.0,0.01,0.03,0.664303752034948,0.023286075040698958,2.328607504069896,23286.075040698957,30,777,7.77,Maintain existing vegetation and monitor future heat
8426_1427,12.820997479710012,77.67872479500508,3,3,35.95545727160001,34.900844290700014,39.24501098989999,0,0,0.156997786001977,0.1681762545899632,0.0253333153668791,0.7184952499810606,3300.0,0.14052694,0.0,0.0,True,0.45470981397604826,0.0,0.0,0.997295573937913,0.9399930820254986,0.17332629566464847,0.48926113492947143,41.31359600157573,Low,1000000,100.0,0.01,0.03,0.6866464033740562,0.023732928067481125,2.3732928067481125,23732.928067481123,30,792,7.92,Maintain existing vegetation and monitor future heat
8426_1429,12.840269051432886,77.68466290353994,4,4,33.799959864050024,36.650152746500034,47.25732839270003,1,1,0.27353899073701726,0.27539750716469413,0.0392325082793831,0.6760713441763073,5241.153096767077,0.12932706999999993,0.25,0.25,True,0.3412060464308434,0.25,0.25,0.9726595846115972,0.8825644073841197,0.27528171250725403,0.5427063555402136,46.491659576177796,Moderate,1000000,100.0,0.04,0.07,0.7378426737826226,0.06213528021347868,6.213528021347868,62135.28021347868,30,2072,20.72,Targeted tree planting and protection of existing vegetation
8426_1430,12.850607273311258,77.6796518692683,6,4,32.65291507730001,32.725550850650016,36.543852324500016,0,0,0.21266044631058145,0.1646656965677109,0.03224916575709355,0.704679915914312,6607.892980586612,0.13187121875000002,0.0,0.0,True,0.2808051828607054,0.0,0.0,0.9850373933753248,0.9212914488276338,0.34706715529500315,0.5305658046936147,36.80079567467046,Low,1000000,100.0,0.01,0.03,0.6767769864531892,0.023535539729063783,2.3535539729063784,23535.53972906378,30,785,7.85,Maintain existing vegetation and monitor future heat
8426_1432,12.869716730505857,77.68331118687038,4,4,36.65849271530002,37.870244893175034,46.43944747700006,1,1,0.2936898213868992,0.14835581493405445,0.04061022179666905,0.6082352598314174,1101.6648189186453,0.1633562025,0.25,0.25,True,0.49173011903336966,0.25,0.25,0.9702176201234258,0.7907356060776796,0.05786287337188925,0.3803210337771331,48.15344346937439,Moderate,1000000,100.0,0.04,0.07,0.7182559312772487,0.06154767793831747,6.154767793831747,61547.677938317465,30,2052,20.52,Targeted tree planting and protection of existing vegetation
8426_1433,12.879528427895863,77.68010561977157,4,4,38.636005276400034,38.20282678422503,42.93380653430004,2,0,0.23125126617891556,0.1486901258466288,0.03033337183296675,0.6651232071453705,1879.5419783636908,0.15682456749999996,0.5,0.0,True,0.5958615947969811,0.5,0.0,0.988433092605008,0.8677440605171309,0.09871940868363133,0.4114896699777181,56.4308302314626,High,1000000,100.0,0.08,0.12,0.8177653584059302,0.1127106143362372,11.271061433623721,112710.61433623721,30,3758,37.58,"Increase tree canopy, shaded streets and connected green corridors"
8426_1434,12.883786840084804,77.68158856116433,5,3,31.87864809680002,33.47252209310002,39.70287185900001,0,0,0.2606543349087913,0.188423645320197,0.0435782168060541,0.4501251878682524,3901.281840626232,0.134211785,0.0,0.0,True,0.24003398125091627,0.0,0.0,0.9649569194602967,0.5767041135016175,0.20490749387257767,0.5193967393754184,31.0639355306881,Low,1000000,100.0,0.01,0.03,0.5978192824304719,0.021956385648609435,2.1956385648609436,21956.385648609434,30,732,7.32,Maintain existing vegetation and monitor future heat
8426_1435,12.89340869960138,77.68150181474256,3,3,34.67793811640001,37.14990714740001,45.51765875330002,1,1,0.3164738245136407,0.5255454294393814,0.0358173644635826,0.6950973349157721,4561.797891182818,0.14819691,0.3333333333333333,0.3333333333333333,True,0.38743845622888984,0.3333333333333333,0.3333333333333333,0.9787128459141441,0.9083196369222776,0.23959985759076452,0.4526604209276328,50.51501080406028,Moderate,1000000,100.0,0.04,0.07,0.7710203503415276,0.06313061051024584,6.313061051024584,63130.61051024584,30,2105,21.05,Targeted tree planting and protection of existing vegetation
8426_1438,12.919049188054752,77.67923387523759,5,4,31.534846555100035,33.49098281912003,40.14075440120003,0,0,0.2295278581879149,0.2949208083014746,0.0359156168997287,0.3595572323538363,2831.9604517012594,0.12058977,0.0,0.0,True,0.22193014585120088,0.0,0.0,0.9785386958046077,0.4541034818174523,0.14874339835217087,0.5844003150274426,29.542738197677732,Low,1000000,100.0,0.01,0.03,0.5800900442657944,0.021601800885315887,2.1601800885315887,21601.800885315886,30,721,7.21,Maintain existing vegetation and monitor future heat
8426_1440,12.939089807959249,77.68089002630532,4,3,41.756614811150015,39.60691949255003,44.57146536680004,2,1,0.1430811378488783,0.11088746326080035,0.026216861442662748,0.400379202561453,2434.214657536046,0.24305549249999997,0.5,0.25,True,0.7601860509484774,0.5,0.25,0.9957295095031405,0.5093636376376789,0.1278525483161557,0.0,58.474423288959,High,1000000,100.0,0.08,0.12,0.7497374822791061,0.10998949929116424,10.998949929116424,109989.49929116423,30,3667,36.67,"Increase tree canopy, shaded streets and connected green corridors"
8426_1443,12.968386983812954,77.68000900079929,3,3,31.65529757990003,33.99103572710002,39.2668863179,0,0,0.155588903945438,0.1375645308229577,0.028239136794582,0.727785816648975,8621.484790916238,0.1453693875,0.0,0.0,True,0.22827283272783228,0.0,0.0,0.9921450744716694,0.9525695980318564,0.45282727937533873,0.4661532171649405,35.85095956192997,Low,1000000,100.0,0.01,0.03,0.686586456842206,0.02373172913684412,2.373172913684412,23731.72913684412,30,792,7.92,Maintain existing vegetation and monitor future heat
8426_1444,12.976469082599502,77.68346638005207,4,4,36.83500781315001,37.40178816207501,42.59015880350003,1,0,0.16910200701358902,0.19187761118566682,0.0272036010865122,0.7457131671253592,4821.791063214285,0.1581979175,0.25,0.0,True,0.5010250170761172,0.25,0.0,0.9939805369198578,0.9768376129201716,0.25325551013813297,0.40493611232698057,49.249792807608664,Moderate,1000000,100.0,0.04,0.07,0.7673577910439632,0.0630207337313189,6.302073373131891,63020.733731318905,30,2101,21.01,Targeted tree planting and protection of existing vegetation
8426_1445,12.985794084188145,77.68297131314459,5,4,38.50494129950004,37.796802751940014,43.66673256290003,2,0,0.4553685678230096,0.4422680412371134,0.0544677081052213,0.7322184371296316,3201.5621187164243,0.1428163149999999,0.4,0.0,True,0.5889600531317021,0.4,0.0,0.9456555547620668,0.9585699771710119,0.1681560310234489,0.4783363517011203,54.67179660071504,High,1000000,100.0,0.08,0.12,0.7845417728152357,0.11138167091260942,11.138167091260943,111381.67091260942,30,3713,37.13,"Increase tree canopy, shaded streets and connected green corridors"
8426_1446,12.996174194547445,77.6830392761174,3,3,31.901207028800023,35.62284404870004,43.31349728600005,1,0,0.278694464574391,0.2107229180399912,0.0343540704343467,0.6867769921664149,5044.799302251776,0.159587135,0.3333333333333333,0.0,True,0.24122188514949103,0.3333333333333333,0.0,0.9813064998271771,0.8970565000754092,0.2649685986154253,0.3983068357582523,42.5765295578482,Low,1000000,100.0,0.01,0.03,0.7700645499286705,0.025401290998573405,2.5401290998573405,25401.290998573404,30,847,8.47,Maintain existing vegetation and monitor future heat
8426_1447,13.004289872980795,77.6807885044437,5,5,33.8346613121,34.15542198098002,42.388222181900026,1,0,0.3312458102529725,0.2609271523178808,0.0469308742322027,0.4895983655005693,6797.793759742936,0.1310763449999999,0.2,0.0,True,0.34303334860209667,0.2,0.0,0.9590144137993324,0.6301384268281782,0.3570413366874262,0.5343589025533617,40.434602129538604,Low,1000000,100.0,0.01,0.03,0.6655348922653019,0.02331069784530604,2.331069784530604,23310.69784530604,30,778,7.78,Maintain existing vegetation and monitor future heat
8426_1450,13.028492992768069,77.67871764488903,7,6,34.876849790300014,36.06331533414288,43.8570650066,1,0,0.188784718999144,0.0897709923664122,0.0266318733338266,0.6787239902187139,8633.075929238663,0.181342165,0.14285714285714285,0.0,True,0.39791270886185215,0.14285714285714285,0.0,0.9949939107827422,0.8861552589009322,0.45343608212320613,0.29449291847677406,43.03491609103449,Low,1000000,100.0,0.01,0.03,0.7175851500287005,0.02435170300057401,2.435170300057401,24351.70300057401,30,812,8.12,Maintain existing vegetation and monitor future heat
8426_1452,13.046886923562326,77.67986187046408,8,5,37.70697889535003,38.88611888990002,46.03955622709999,3,3,0.23236813904339326,0.20309150806323994,0.0328975786687806,0.534415345871821,13419.383562244831,0.1730675525,0.375,0.375,True,0.5469411024648103,0.375,0.375,0.9838880968894118,0.6908065745464703,0.7048278918021125,0.3339789563085438,56.393654513303474,High,1000000,100.0,0.08,0.12,0.742605363354,0.10970421453415999,10.970421453415998,109704.21453415998,30,3657,36.57,"Increase tree canopy, shaded streets and connected green corridors"
8426_1453,13.058415061995014,77.68287576611034,6,3,34.54627598600001,34.75325703545003,39.90822650060005,0,0,0.35085244009037586,0.3542520777025317,0.14799296448472885,0.215867530205287,10982.928049865328,0.15329551999999996,0.0,0.0,True,0.3805054171117547,0.0,0.0,0.7798842590896612,0.2595926512498171,0.5768576467983391,0.42833010849917297,30.735291688683287,Low,1000000,100.0,0.01,0.03,0.44186065979479405,0.01883721319589588,1.883721319589588,18837.21319589588,30,628,6.28,Maintain existing vegetation and monitor future heat
8426_1454,13.065761457548764,77.6772047653,8,5,37.218501112100036,37.38465960935002,44.33710882550001,2,1,0.3497108450496831,0.25425351359386983,0.04083375679329035,0.7173456440214068,8321.630376723231,0.14709109375,0.25,0.125,True,0.5212189333882891,0.25,0.125,0.9698214096509554,0.938436875792942,0.43707799002662145,0.4579373208770243,51.543334458860656,Moderate,1000000,100.0,0.04,0.07,0.747598079984066,0.062427942399521985,6.2427942399521985,62427.942399521984,30,2081,20.81,Targeted tree planting and protection of existing vegetation
8426_1456,13.081979770670525,77.68263385888046,4,4,35.87511671150002,36.420901872575016,39.9800561909,0,0,0.22905297676402664,0.12271226739172314,0.02749236603267485,0.4221044559380971,2411.330448469618,0.18000048124999996,0.0,0.0,True,0.45047925622817053,0.0,0.0,0.9934687079110613,0.5387728229543458,0.12665059825958014,0.30089536636309766,35.941866358167886,Low,1000000,100.0,0.01,0.03,0.6044889185463999,0.022089778370927994,2.2089778370927995,22089.778370927994,30,737,7.37,Maintain existing vegetation and monitor future heat
8426_1457,13.0914787506605,77.68177501117034,4,3,38.78338175375003,38.67390257315003,42.02049450020003,1,0,0.3226395923482893,0.29943469879187445,0.071082996786572,0.1781310932710766,1778.9399585335968,0.14579671,0.25,0.0,True,0.6036221169707369,0.25,0.0,0.9162053501937736,0.2085093406090305,0.09343547673407628,0.46411405552427565,42.974584829410766,Low,1000000,100.0,0.01,0.03,0.5748045432186929,0.021496090864373856,2.1496090864373856,21496.090864373855,30,717,7.17,Maintain existing vegetation and monitor future heat
8426_1461,13.12888307204528,77.67738924090965,5,4,39.345876760100005,39.34652276588001,45.55060846610001,2,2,0.3647136162896539,0.3715248525695029,0.0895811768714338,0.1045052418485283,5544.366510251645,0.1615193125,0.4,0.4,True,0.6332418707326563,0.4,0.4,0.8834177653321412,0.10884300894217379,0.29120742697850055,0.3890865811707782,50.73842273212994,Moderate,1000000,100.0,0.04,0.07,0.5834774844545053,0.05750432453363516,5.750432453363516,57504.32453363516,30,1917,19.17,Targeted tree planting and protection of existing vegetation
8426_1463,13.144497671787684,77.67884834703787,5,3,32.13787073360002,32.65653476048002,35.15063319230002,0,0,0.2513344023608946,0.1544878211544878,0.036237733438611,0.6411528624594212,5724.508712544684,0.1376888575,0.0,0.0,True,0.2536840769581734,0.0,0.0,0.9779677518898287,0.8352957250822343,0.3006690574682958,0.5028043229596882,34.650362740054895,Low,1000000,100.0,0.01,0.03,0.6560430209613612,0.023120860419227222,2.312086041922722,23120.86041922722,30,771,7.71,Maintain existing vegetation and monitor future heat
8427_1428,12.832546802473036,77.68675873149327,4,4,35.03835978035001,34.60822759850001,37.242273441200005,0,0,0.2954970363431012,0.28873116545022315,0.03199211863102385,0.7162146881455556,2284.714966785909,0.1117386887499999,0.0,0.0,True,0.40641747082660884,0.0,0.0,0.9854930033013167,0.936905915929724,0.12000035813411575,0.626637232960406,40.07716628908787,Low,1000000,100.0,0.01,0.03,0.6801276848366031,0.02360255369673206,2.360255369673206,23602.55369673206,30,787,7.87,Maintain existing vegetation and monitor future heat
8427_1430,12.851394709427542,77.69052495479869,3,3,36.44445630290002,38.49712542710005,46.66638691490007,1,1,0.2371539217386279,0.1915103652517275,0.0295620001852512,0.5568835968151689,7324.616030891995,0.1515594175,0.3333333333333333,0.3333333333333333,True,0.4804594308320452,0.3333333333333333,0.3333333333333333,0.989800330530215,0.7212215457451336,0.38471168600012423,0.4366147029735159,52.24630195190079,Moderate,1000000,100.0,0.04,0.07,0.7391444744141342,0.062174334232424036,6.217433423242404,62174.33423242404,30,2073,20.73,Targeted tree planting and protection of existing vegetation
8427_1436,12.905285113357513,77.69048761733758,4,4,32.74407367070005,32.79984721205003,34.91561013710001,0,0,0.3425140743159249,0.2851964894714426,0.048156238743104,0.6738083481322974,6445.784543511329,0.14689778249999996,0.0,0.0,True,0.2856053945235839,0.0,0.0,0.9568424843066312,0.8795010198656699,0.3385527144179593,0.45885979251310505,35.70287183361901,Low,1000000,100.0,0.01,0.03,0.6543214461264496,0.02308642892252899,2.308642892252899,23086.42892252899,30,770,7.7,Maintain existing vegetation and monitor future heat
8427_1438,12.924712280578952,77.6895771873422,7,4,33.84597495830003,34.37838528504288,42.5028625727,1,0,0.2525127969832098,0.2075471698113207,0.0301261025015264,0.6972871778998524,1118.033988749895,0.1307877325,0.14285714285714285,0.0,True,0.34362910040577727,0.14285714285714285,0.0,0.9888004725722609,0.9112839981205896,0.05872263324157289,0.535736146997584,40.797442554587484,Low,1000000,100.0,0.01,0.03,0.7195141787673912,0.024390283575347824,2.439028357534782,24390.283575347825,30,814,8.14,Maintain existing vegetation and monitor future heat
8427_1442,12.958257319713612,77.69182095478095,4,4,34.488425997500016,36.15267275307502,45.1578779681,1,1,0.5274443166466093,0.5805934656741109,0.29317409958457574,0.29745184484636406,5923.761681351255,0.12324407000000001,0.25,0.25,True,0.3774591635536677,0.25,0.25,0.522554145232144,0.37003224827620285,0.31113444503903115,0.5717341279139232,36.02675243261899,Low,1000000,100.0,0.01,0.03,0.4102835222713126,0.01820567044542625,1.8205670445426252,18205.67044542625,30,607,6.07,Maintain existing vegetation and monitor future heat
8427_1444,12.977747906331809,77.69085501043168,4,3,38.21967335030005,37.07778122870005,40.38640749860004,0,0,0.2764156826068022,0.2807582425336933,0.03071889397688205,0.36491430236492306,3400.399703848764,0.11513609375,0.0,0.0,True,0.5739384683779091,0.0,0.0,0.9877497637612151,0.46135527593828785,0.1785996013476588,0.6104249858781592,40.59307620326747,Low,1000000,100.0,0.01,0.03,0.5861459370682651,0.021722918741365303,2.1722918741365302,21722.9187413653,30,725,7.25,Maintain existing vegetation and monitor future heat
8427_1445,12.983767315678987,77.68878557181661,7,5,34.44450444050003,35.630410893928605,43.76580387260001,2,0,0.3489165751151212,0.3434558153659277,0.0441669321153312,0.6298646666109562,1303.8404810405298,0.1472382875,0.2857142857142857,0.0,True,0.3751463506602317,0.2857142857142857,0.0,0.9639134355568146,0.8200150451360464,0.06848176991405101,0.4572349196490393,43.68468309519222,Low,1000000,100.0,0.01,0.03,0.7316740125199024,0.024633480250398045,2.4633480250398043,24633.480250398046,30,822,8.22,Maintain existing vegetation and monitor future heat
8427_1446,12.99405222021385,77.68900005058843,5,4,42.09225583010006,38.223508368740035,43.24301771360004,3,0,0.1618363634650003,0.0719118015534953,0.0267565250396728,0.7352507731411606,2915.4759474226503,0.1417036375,0.6,0.0,True,0.7778601711121583,0.6,0.0,0.9947729685946551,0.9626748099275924,0.153129892747318,0.4836459931930397,66.0680271912623,Very High,1000000,100.0,0.12,0.18,0.8699214462828461,0.17219528677697077,17.219528677697078,172195.28677697078,30,5740,57.4,"Urgent urban greening: street trees, shaded corridors, pocket parks, institutional planting and suitable green roofs"
8427_1449,13.019474060612538,77.69225510447036,5,4,38.27451548120003,38.134585160420016,43.16038708010003,2,0,0.1777042125300008,0.2151018380526577,0.0300096834544092,0.6965992981567979,3354.101966249684,0.1603981649999999,0.4,0.0,True,0.5768263347495185,0.4,0.0,0.9890068225682797,0.9103528245002709,0.17616789972471866,0.39443664107992804,54.09644333003569,High,1000000,100.0,0.08,0.12,0.7965739761841941,0.11186295904736776,11.186295904736776,111862.95904736777,30,3729,37.29,"Increase tree canopy, shaded streets and connected green corridors"
8427_1450,13.027339798167592,77.68896273457592,4,3,35.10067028495002,35.268926591975024,37.79011368680001,0,0,0.24148626244209315,0.19533380544268136,0.0282790838973596,0.6628205125452951,5594.5041972535555,0.1569083325,0.0,0.0,True,0.40969860538282393,0.0,0.0,0.9920742691807549,0.8646269335935798,0.29384081472432927,0.4110899475787563,39.342995346647264,Low,1000000,100.0,0.01,0.03,0.6689625213090934,0.023379250426181865,2.3379250426181866,23379.250426181865,30,780,7.8,Maintain existing vegetation and monitor future heat
8427_1452,13.048721119668103,77.69359169678556,6,4,32.65073608955005,32.662132337900026,36.4491731705,0,0,0.634202056632752,0.6131808868399282,0.24352486274437973,0.08012919907923785,11956.269303412146,0.17369481375,0.0,0.0,True,0.2806904421432317,0.0,0.0,0.6105562383432066,0.0758454854306759,0.6279805661604164,0.3309856969326027,23.132343009216903,Low,1000000,100.0,0.01,0.03,0.3204472162577385,0.01640894432515477,1.6408944325154768,16408.94432515477,30,547,5.47,Maintain existing vegetation and monitor future heat
8427_1457,13.094724721694522,77.69144131651787,3,3,39.423072741800034,38.99004948470002,44.11040864900002,1,1,0.3655771178140409,0.3015463917525773,0.0484206809196621,0.2347965575754642,3828.837943815329,0.15242344,0.3333333333333333,0.3333333333333333,True,0.6373068418764923,0.3333333333333333,0.3333333333333333,0.9563737668292838,0.28521662277008825,0.20110251439447285,0.43249163073025376,51.151615378725204,Moderate,1000000,100.0,0.04,0.07,0.6352302079686595,0.05905690623905979,5.905690623905979,59056.90623905979,30,1969,19.69,Targeted tree planting and protection of existing vegetation
8427_1460,13.121077125164911,77.68883530063869,6,4,33.43837607330002,33.780064139300016,37.21971450920001,0,0,0.37851349793425704,0.3394386870365525,0.1172754155704751,0.34334078821120784,8641.846878927605,0.1640698275,0.0,0.0,True,0.3221658367838036,0.0,0.0,0.8343303849867517,0.4321514979809532,0.4538967597653411,0.37691565089694423,30.65550791143634,Low,1000000,100.0,0.01,0.03,0.5035954920895664,0.02007190984179133,2.007190984179133,20071.90984179133,30,670,6.7,Maintain existing vegetation and monitor future heat
8427_1461,13.12651239054449,77.68923504104541,7,3,34.08846638720001,34.37142473145716,36.092554053800015,0,0,0.2885364365820468,0.2318399304045237,0.0675075978506356,0.2213890887796878,7912.016177940993,0.152077545,0.0,0.0,True,0.3563981673882571,0.0,0.0,0.9225426598906415,0.2670671113417743,0.4155637743519038,0.43414222440528316,31.44928602721101,Low,1000000,100.0,0.01,0.03,0.5146847522136756,0.02029369504427351,2.029369504427351,20293.69504427351,30,677,6.77,Maintain existing vegetation and monitor future heat
8427_1462,13.139406245785576,77.68830262977619,5,3,31.413079592600017,30.553457816660018,33.370306204999984,0,0,0.1470367004105681,0.1027582477014602,0.0385593532118946,0.0458501952234655,4468.780594300866,0.137528285,0.0,0.0,True,0.21551816458048473,0.0,0.0,0.9738527359810326,0.029442455768019144,0.23471429895401075,0.5035705669148877,25.059184864154716,Low,1000000,100.0,0.01,0.03,0.49281485914412015,0.019856297182882402,1.9856297182882403,19856.2971828824,30,662,6.62,Maintain existing vegetation and monitor future heat
8427_1463,13.148053276817924,77.68842710892187,4,3,36.10406423615002,36.84586429917501,43.65384662749999,1,0,0.230915951191837,0.15575419239230015,0.0445497336913831,0.20272756653139368,2236.0022573334672,0.16056617625000003,0.25,0.0,True,0.46253513090790915,0.25,0.0,0.9632349288549451,0.2418052579319909,0.11744181465497028,0.39363489978102506,39.548014011561335,Low,1000000,100.0,0.01,0.03,0.6049785160138706,0.02209957032027741,2.209957032027741,22099.570320277413,30,737,7.37,Maintain existing vegetation and monitor future heat
8428_1425,12.805556972182977,77.69897931520043,4,4,35.06900232965003,36.792820901300026,43.89138192740003,1,1,0.3181665525809325,0.2212788468155372,0.03421128180343655,0.6819099100539461,6944.925630677028,0.14153169375000002,0.25,0.25,True,0.40803104028884074,0.25,0.25,0.9815595892841813,0.8904679960282752,0.3647691615853702,0.4844665001856554,48.86518331706582,Moderate,1000000,100.0,0.04,0.07,0.7438733938477456,0.062316201815432376,6.231620181543238,62316.201815432374,30,2078,20.78,Targeted tree planting and protection of existing vegetation
8428_1428,12.828419736795766,77.69710330005248,3,3,37.27563331640003,36.538531606700026,39.64348376150002,0,0,0.5396079577351063,0.5792945952803857,0.2851523496210575,0.3126921618822962,1746.4249196572978,0.1409696625,0.0,0.0,True,0.5242273900041488,0.0,0.0,0.5367725065228794,0.3906628618862762,0.09172768544867599,0.48714848525748056,30.5794187703612,Low,1000000,100.0,0.01,0.03,0.34651882563869496,0.016930376512773897,1.6930376512773897,16930.376512773895,30,565,5.65,Maintain existing vegetation and monitor future heat
8428_1433,12.881357119301622,77.70047382423634,3,3,33.626708975300005,36.09507769190001,42.884997208700014,1,0,0.2242553062277958,0.1737655484357331,0.0364671519491821,0.7390762402210385,2828.42712474619,0.17320838,0.3333333333333333,0.0,True,0.33208303448250903,0.3333333333333333,0.0,0.9775611130286179,0.9678532936177243,0.14855781699686962,0.33330693450779436,45.047097756938435,Low,1000000,100.0,0.01,0.03,0.7823512152378538,0.02564702430475707,2.564702430475707,25647.024304757073,30,855,8.55,Maintain existing vegetation and monitor future heat
8428_1434,12.886172893165451,77.69873109013875,9,6,35.60423862650002,36.26511279350004,42.75514662890005,2,0,0.2912418005543641,0.2019038076152304,0.0283058444038033,0.6423507875297219,4178.516483155236,0.16444644,0.2222222222222222,0.0,True,0.4362154101733164,0.2222222222222222,0.0,0.9920268368186557,0.8369173402494862,0.21946872224211256,0.37511847484514527,44.86452980096603,Low,1000000,100.0,0.01,0.03,0.7300635531258918,0.024601271062517832,2.4601271062517833,24601.271062517833,30,821,8.21,Maintain existing vegetation and monitor future heat
8428_1435,12.89300412859033,77.69785507568028,5,3,33.967212127700016,35.616625530980016,44.05529307650002,1,1,0.2724582097558869,0.2226389362427548,0.0784994947025552,0.6459022173658013,6551.335741663679,0.1434666624999999,0.2,0.2,True,0.350013183933419,0.2,0.2,0.9030597837823287,0.8417248633829417,0.3440965926539327,0.4752329258925043,43.5601885012991,Low,1000000,100.0,0.01,0.03,0.6798748645677527,0.023597497291355053,2.359749729135505,23597.497291355052,30,787,7.87,Maintain existing vegetation and monitor future heat
8428_1436,12.906711594233336,77.69940048801335,3,3,31.94123204300001,32.86736734880002,35.28109901570002,0,0,0.2228890839708333,0.1852404025344763,0.0342128062620759,0.7313569346442819,7080.254232723569,0.1022276625,0.0,0.0,True,0.24332951464226438,0.0,0.0,0.9815568872174495,0.9574037727634879,0.37187704197634064,0.6720233754929356,36.81677856251093,Low,1000000,100.0,0.01,0.03,0.6822591981614223,0.023645183963228445,2.3645183963228447,23645.183963228446,30,789,7.89,Maintain existing vegetation and monitor future heat
8428_1437,12.915061592733508,77.69679027365396,5,4,39.26847569719999,38.69845250180002,43.36239206210004,2,0,0.2930391450152003,0.2689810894721987,0.0313945449888706,0.6270099515095353,5420.332093147061,0.1434699625,0.4,0.0,True,0.6291661004624703,0.4,0.0,0.9865521883894329,0.816150655433037,0.284692752417391,0.47521717845721967,55.634322048419016,High,1000000,100.0,0.08,0.12,0.7765062252813238,0.11106024901125294,11.106024901125295,111060.24901125295,30,3703,37.03,"Increase tree canopy, shaded streets and connected green corridors"
8428_1439,12.931672743535628,77.70066217606666,3,3,35.46956863850002,36.180511101800015,40.08372473749999,0,0,0.1133923472301541,0.0654165778819518,0.0256891399621963,0.3743379863444716,5060.6323715519975,0.2395417074999999,0.0,0.0,True,0.4291239838697044,0.0,0.0,0.9966648832936822,0.4741119910713869,0.2658002008126402,0.016767606633266374,33.97765171343977,Low,1000000,100.0,0.01,0.03,0.5931548398611185,0.02186309679722237,2.186309679722237,21863.09679722237,30,729,7.29,Maintain existing vegetation and monitor future heat
8428_1440,12.937463832050035,77.69918189729461,3,3,35.49974975510003,37.46954328770001,44.35250700559998,1,1,0.1526868061344661,0.1329059829059829,0.0276575332973152,0.7284889221191406,6640.030120413611,0.1685557925,0.3333333333333333,0.3333333333333333,True,0.4307132552976462,0.3333333333333333,0.3333333333333333,0.9931759528572714,0.9535213825155988,0.34875509814332756,0.35550884982897957,52.54223718347265,Moderate,1000000,100.0,0.04,0.07,0.7872922529317554,0.06361876758795267,6.361876758795266,63618.767587952665,30,2121,21.21,Targeted tree planting and protection of existing vegetation
8428_1441,12.951902164133138,77.70044728681054,5,5,33.278429827400025,35.67310831148002,43.9530600983,1,1,0.1577136591049277,0.1231945624468989,0.0268360461341217,0.7157816821709275,4384.062043356595,0.152463315,0.2,0.2,True,0.31374341815747075,0.2,0.2,0.9946320193434005,0.936319761525433,0.2302646163451479,0.43230134922057073,44.00781027795806,Low,1000000,100.0,0.01,0.03,0.7445799619767869,0.024891599239535735,2.4891599239535735,24891.599239535735,30,830,8.3,Maintain existing vegetation and monitor future heat
8428_1442,12.957971367447403,77.6994505000207,4,3,34.964496368150016,35.09243712927502,37.95069226640004,0,0,0.2230693061073126,0.15935325765104158,0.0273861355381086,0.7144930334761739,3386.4731787773935,0.13674278875,0.0,0.0,True,0.4025279854859734,0.0,0.0,0.9936569989396655,0.9345753349995342,0.1778681368015674,0.5073189158127016,39.752383161740866,Low,1000000,100.0,0.01,0.03,0.6837435664697395,0.02367487132939479,2.367487132939479,23674.871329394788,30,790,7.9,Maintain existing vegetation and monitor future heat
8428_1445,12.982478556686084,77.69940072393614,5,3,36.61250325620003,35.66389674758004,38.37960250610004,0,0,0.2063372730746004,0.1606382978723404,0.0515589865390211,0.5068216323852539,2505.992817228333,0.18598873,0.0,0.0,True,0.48930841494923044,0.0,0.0,0.9508111946549174,0.653453333162695,0.13162256120375862,0.27231974222498256,37.495665217071334,Low,1000000,100.0,0.01,0.03,0.6060962639599977,0.022121925279199952,2.212192527919995,22121.925279199953,30,738,7.38,Maintain existing vegetation and monitor future heat
8428_1447,13.002392065093092,77.69939015334963,4,4,36.17181793760001,38.03499345717501,46.43575601540001,1,1,0.29683894827485796,0.1458090218170498,0.03650589624885465,0.5494956966722384,4472.183447117757,0.13571175874999997,0.25,0.25,True,0.4661028922760138,0.25,0.25,0.9774924396776401,0.71122064400016,0.23489302740050882,0.5122389395099674,48.24333963799899,Moderate,1000000,100.0,0.04,0.07,0.705990348638852,0.061179710459165565,6.117971045916557,61179.710459165566,30,2040,20.4,Targeted tree planting and protection of existing vegetation
8428_1448,13.01345198098571,77.69893333005068,7,5,35.36193518870002,37.056184225185746,43.66163971310003,3,0,0.1897621083974786,0.1689355054675295,0.0296197461429983,0.7156267762184143,1000.0,0.15898483,0.42857142857142855,0.0,True,0.42345624238999025,0.42857142857142855,0.0,0.9896979771915966,0.9361100674065596,0.05252311989837832,0.40118100515485733,49.893063943191144,Moderate,1000000,100.0,0.04,0.07,0.8106424306485388,0.06431927291945617,6.431927291945618,64319.272919456176,30,2144,21.44,Targeted tree planting and protection of existing vegetation
8428_1449,13.020487015381963,77.69777670561317,4,3,41.03942021960002,39.740192364875014,44.95882957340002,2,1,0.3129552155407383,0.16127729966044307,0.03721361677162345,0.6968081158120185,1959.4810050208546,0.17212956875000002,0.5,0.25,True,0.722420156209362,0.5,0.25,0.9762380218596629,0.9106354981710129,0.1029180557653052,0.338454967945111,62.62939511443801,High,1000000,100.0,0.08,0.12,0.8202461105640341,0.11280984442256137,11.280984442256138,112809.84442256136,30,3761,37.61,"Increase tree canopy, shaded streets and connected green corridors"
8428_1450,13.02834302986328,77.70264235981142,6,4,35.12274214910002,36.438984622550024,44.017694856500015,1,1,0.246180649592107,0.2265851284647229,0.0295155786443501,0.6855242765741423,4216.1768192959,0.16062153375,0.16666666666666666,0.16666666666666666,True,0.41086086135631567,0.16666666666666666,0.16666666666666666,0.989882611608933,0.8953607157103886,0.2214467605926419,0.39337073655413424,45.03509299099456,Low,1000000,100.0,0.01,0.03,0.7240134489465443,0.024480268978930884,2.4480268978930884,24480.268978930882,30,817,8.17,Maintain existing vegetation and monitor future heat
8428_1452,13.045764567875334,77.70007964104309,4,3,38.60079967040004,38.44560019977505,44.13626597030004,2,1,0.3360240796050171,0.28405294903488565,0.04652677860576655,0.3089757733978331,10634.50093132096,0.16084461375,0.5,0.25,True,0.5940077447734484,0.5,0.25,0.9597306636997662,0.385632036433819,0.5585571674751867,0.3923062099289284,55.82682955005871,High,1000000,100.0,0.08,0.12,0.7069917391366469,0.10827966956546588,10.827966956546588,108279.66956546588,30,3610,36.1,"Increase tree canopy, shaded streets and connected green corridors"
8428_1453,13.056715317084349,77.70012933902416,3,3,41.039813291900025,40.83383201330002,47.19759849320001,2,1,0.1846817837734016,0.1202880135535789,0.0248306731227785,0.4601101661100983,12745.587471748802,0.1845715175,0.6666666666666666,0.3333333333333333,True,0.7224408545348677,0.6666666666666666,0.3333333333333333,0.9981864953776376,0.5902206451805081,0.669438018953931,0.279082609536371,67.2908326609672,Very High,1000000,100.0,0.12,0.18,0.8171373767249204,0.16902824260349522,16.902824260349522,169028.24260349522,30,5635,56.35,Major tree-canopy expansion and restoration of open green areas
8428_1454,13.062363135254447,77.69954810066501,5,4,35.267597836700006,38.364204326000014,44.42960044669999,2,2,0.3723256960035044,0.3910296904611497,0.1730055271182209,0.0706377262249589,10469.479452198184,0.1369815025,0.4,0.4,True,0.4184886442686773,0.4,0.4,0.7355500858796353,0.06299700540329489,0.5498897245414134,0.5061797857128374,43.498228221559046,Low,1000000,100.0,0.01,0.03,0.5003744440204766,0.02000748888040953,2.000748888040953,20007.48888040953,30,667,6.67,Maintain existing vegetation and monitor future heat
8428_1455,13.073252452896753,77.69787364556751,4,3,36.99989309795002,37.487255752175024,44.52412578980001,1,1,0.27722811252032775,0.30054076676542174,0.14970471349079162,0.2793249078094959,7833.069158070923,0.17454905999999995,0.25,0.25,True,0.5097075146620633,0.25,0.25,0.7768502246311024,0.3454940557267931,0.4114172305616484,0.32690927646637014,42.84055190173646,Low,1000000,100.0,0.01,0.03,0.5325239234609098,0.020650478469218195,2.0650478469218196,20650.478469218197,30,689,6.89,Maintain existing vegetation and monitor future heat
8428_1460,13.12287868892182,77.69921814662058,4,4,40.80698631455002,40.453054616075015,43.90202905969999,2,1,0.3561394042872976,0.38111515972069027,0.08567948732525105,0.24642076971940693,9702.981455599533,0.16609224625000002,0.5,0.25,True,0.7101806963816619,0.5,0.25,0.8903334173861452,0.30095216348737075,0.5096308583641956,0.3672647695687634,57.05442192678053,High,1000000,100.0,0.08,0.12,0.6553571413905468,0.10621428565562187,10.621428565562187,106214.28565562186,30,3541,35.41,"Increase tree canopy, shaded streets and connected green corridors"
8428_1463,13.143671689488523,77.6997328674343,4,3,41.20139164235003,41.10861803450004,47.29795156040008,3,1,0.228008779358671,0.16461359471010925,0.037549894012045046,0.15474437252851195,2444.3296575217837,0.203620465,0.75,0.25,True,0.7309492162084087,0.75,0.25,0.9756419784377275,0.17685104911096075,0.12838381967317866,0.18818198287374543,61.1644456666624,High,1000000,100.0,0.08,0.12,0.7481911990410559,0.10992764796164223,10.992764796164224,109927.64796164223,30,3665,36.65,"Increase tree canopy, shaded streets and connected green corridors"
8429_1426,12.813963554549137,77.70746151389692,3,3,33.79742198420002,36.24131767760002,41.64649475180002,1,0,0.2924726076189829,0.2282282282282282,0.0354291425319388,0.6375482364092022,5981.638571495272,0.1689582825,0.3333333333333333,0.0,True,0.3410724072422536,0.3333333333333333,0.0,0.9794009600675647,0.8304161909442279,0.31417431987941064,0.3535881876388274,44.89949439864788,Low,1000000,100.0,0.01,0.03,0.755783718222628,0.025115674364452556,2.5115674364452554,25115.674364452556,30,838,8.38,Maintain existing vegetation and monitor future heat
8429_1428,12.8301237528717,77.7095085329719,3,3,42.35074359260004,40.09245777860002,44.381286734000014,2,1,0.3089404671818983,0.190707173857544,0.0284549372736364,0.2779405858600512,5440.588203494178,0.160079495,0.6666666666666666,0.3333333333333333,True,0.7914715699499915,0.6666666666666666,0.3333333333333333,0.9917625732478886,0.343620117593905,0.28575666652982745,0.39595731841386317,65.46535679787557,Very High,1000000,100.0,0.12,0.18,0.7646053101427254,0.1658763186085635,16.58763186085635,165876.3186085635,30,5530,55.3,Major tree-canopy expansion and restoration of open green areas
8429_1430,12.85322050849571,77.71096855882695,4,4,38.137452879200026,37.38706504092502,40.566400431800005,0,0,0.25418693487660593,0.1556727004097927,0.028453142382204498,0.6349149451125413,9390.373309966899,0.1792581874999999,0.0,0.0,True,0.5696089186384818,0.0,0.0,0.9917657546503224,0.8268515396882143,0.49321170324992314,0.3044375550873176,44.22151556747764,Low,1000000,100.0,0.01,0.03,0.6612531852628041,0.02322506370525608,2.322506370525608,23225.06370525608,30,775,7.75,Maintain existing vegetation and monitor future heat
8429_1431,12.858620527814393,77.70908568474394,4,3,36.24487811510004,38.03063975420004,46.75933996880004,1,1,0.2272027730331297,0.16278328193674396,0.0267254501814022,0.6244987935060635,7219.527259371625,0.19242186,0.25,0.25,True,0.4699500810384446,0.25,0.25,0.9948280480429,0.8127513343847068,0.37919209585358654,0.24162116696762836,49.002502809749984,Moderate,1000000,100.0,0.04,0.07,0.7349642908983914,0.06204892872695175,6.204892872695175,62048.92872695175,30,2069,20.69,Targeted tree planting and protection of existing vegetation
8429_1432,12.869780904441754,77.70694381130374,4,3,38.119388643500024,38.368481123525015,42.30401925920001,1,0,0.2750025775610899,0.21365957990542125,0.05203561531379815,0.5354276916477829,4839.162147434508,0.18020051625,0.25,0.0,True,0.5686576955924262,0.25,0.0,0.9499663814717391,0.6921769735017164,0.2541678936773966,0.2999408093276257,47.251539839891144,Moderate,1000000,100.0,0.04,0.07,0.6884185854362128,0.06065255756308639,6.065255756308639,60652.55756308639,30,2022,20.22,Targeted tree planting and protection of existing vegetation
8429_1433,12.87905183860924,77.71186639967586,3,3,34.50129484280003,35.80760511980002,41.431979816600006,1,0,0.2164309340053551,0.1599747740172377,0.036938187899068,0.2200413877144456,6198.386886924694,0.1782478375,0.3333333333333333,0.0,True,0.3781368087321734,0.3333333333333333,0.0,0.9767262129947274,0.2652427464106943,0.3255586176384817,0.30925889485680214,40.15484581680281,Low,1000000,100.0,0.01,0.03,0.6414116557795025,0.022828233115590048,2.282823311559005,22828.233115590047,30,761,7.61,Maintain existing vegetation and monitor future heat
8429_1435,12.892635791676444,77.70476086019787,4,4,34.80026905220002,36.990309824375025,45.02823246950005,1,1,0.22421194100805425,0.1002320784678995,0.038467861188109895,0.5753892075736076,7115.393295355067,0.16919153749999993,0.25,0.25,True,0.3938801350970702,0.25,0.25,0.9740149034202208,0.7462723438535742,0.3737226551760514,0.3524751064214958,46.2703398507389,Moderate,1000000,100.0,0.04,0.07,0.7112619204808253,0.061337857614424764,6.133785761442477,61337.85761442476,30,2045,20.45,Targeted tree planting and protection of existing vegetation
8429_1445,12.984182920302823,77.70841372928511,6,5,34.9904135048,36.65563582025002,42.98943480980003,2,0,0.23716129789503632,0.1401651137569069,0.03260438388679175,0.7155127759324387,4821.534301048745,0.13130647875,0.3333333333333333,0.0,True,0.4038927250785397,0.3333333333333333,0.0,0.9844077776769998,0.9359557467421105,0.25324202418812697,0.5332607157852355,48.508302918132436,Moderate,1000000,100.0,0.04,0.07,0.779395038186922,0.06338185114560767,6.338185114560766,63381.85114560767,30,2113,21.13,Targeted tree planting and protection of existing vegetation
8429_1446,12.992474896930972,77.7099045441623,4,4,38.883837361550036,38.44125931437502,44.76914655349999,2,2,0.304218365617685,0.37855735935097656,0.0506705718580633,0.566929359221831,4715.026300602571,0.13312818875,0.5,0.5,True,0.6089118890281778,0.5,0.5,0.9523858885767299,0.7348203601360555,0.247647891710556,0.5245676065938972,61.26242609237911,High,1000000,100.0,0.08,0.12,0.773157016315576,0.11092628065262304,11.092628065262303,110926.28065262304,30,3698,36.98,"Increase tree canopy, shaded streets and connected green corridors"
8429_1447,13.006980919860093,77.70975351824326,3,3,35.52030914540005,37.426880701400044,43.45003009490005,1,0,0.1886631796618416,0.1630529054640069,0.0278049111366271,0.6538485290948302,1697.056274847714,0.1482392599999999,0.3333333333333333,0.0,True,0.43179586771430284,0.3333333333333333,0.0,0.9929147291373706,0.8524816794334393,0.08913469019812176,0.45245832884148707,47.413712191355415,Moderate,1000000,100.0,0.04,0.07,0.7669537004553731,0.0630086110136612,6.30086110136612,63008.611013661204,30,2101,21.01,Targeted tree planting and protection of existing vegetation
8429_1449,13.02024314786716,77.7105400407292,8,5,36.30807730490002,36.98402707636251,44.1975852491,1,1,0.2776634325978125,0.3259461085475711,0.03248736041132355,0.7203189344145358,3363.16568966087,0.13906950875000001,0.125,0.125,True,0.47327801180884393,0.125,0.125,0.9846151990079154,0.9424617792845533,0.17664395475617012,0.4962159241083849,46.13148552655236,Moderate,1000000,100.0,0.04,0.07,0.7182999553608684,0.061548998660826054,6.154899866082605,61548.99866082605,30,2052,20.52,Targeted tree planting and protection of existing vegetation
8429_1452,13.04780627690379,77.70667815304773,9,4,38.65497528740002,37.70120718880002,44.44286236430003,2,2,0.7377475396169362,0.6833667334669339,0.4439427414909005,0.0689206911483779,9774.456506629922,0.1619159725,0.2222222222222222,0.2222222222222222,True,0.5968605139844181,0.2222222222222222,0.2222222222222222,0.2553203082655482,0.06067267795417641,0.5133849510392076,0.3871937394496282,34.62301805327949,Low,1000000,100.0,0.01,0.03,0.20646135639027602,0.01412922712780552,1.4129227127805521,14129.227127805521,30,471,4.71,Maintain existing vegetation and monitor future heat
8429_1454,13.065217191316435,77.70633767401186,5,3,34.10449690100002,35.89007396702002,43.02875912990002,1,0,0.2584819643285611,0.180722891566265,0.0347568476572632,0.6395410979166627,12024.142381059864,0.1983923024999999,0.2,0.0,True,0.3572422990980023,0.2,0.0,0.9805925867656693,0.8331139009486767,0.6315454719555795,0.2131305133657344,42.980676710518445,Low,1000000,100.0,0.01,0.03,0.7169190735725699,0.024338381471451398,2.43383814714514,24338.381471451397,30,812,8.12,Maintain existing vegetation and monitor future heat
8429_1455,13.072511223284971,77.70938646958415,3,3,32.786252037500056,33.72783109700003,37.512177390500014,0,0,0.3641994563522125,0.3387778090678682,0.053312961012125,0.4769671058747917,10107.423014794622,0.1434817325,0.0,0.0,True,0.2878264148430405,0.0,0.0,0.947702316558899,0.6130396593856413,0.5308733908696864,0.47516101260470645,34.01089580490308,Low,1000000,100.0,0.01,0.03,0.5964590901565778,0.021929181803131553,2.192918180313155,21929.181803131552,30,731,7.31,Maintain existing vegetation and monitor future heat
8429_1456,13.083945354256045,77.71062921718587,5,3,34.149016611500016,34.395158485760014,41.17465418090003,1,0,0.216974150909694,0.1941723185129364,0.02816226426512,0.6636321879923344,9066.97303403953,0.1708775075,0.2,0.0,True,0.3595866094432953,0.2,0.0,0.9922813292043892,0.8657256878048715,0.47622571178222134,0.34442974173484375,43.43235236699874,Low,1000000,100.0,0.01,0.03,0.7292858021631689,0.024585716043263373,2.4585716043263375,24585.716043263372,30,820,8.2,Maintain existing vegetation and monitor future heat
8429_1457,13.091449390735445,77.7080850142382,7,5,37.35228241490001,39.44475275437146,48.55762865120004,3,3,0.2896368252967877,0.2123893805309734,0.0332376696169376,0.3842514569405466,9144.397191723465,0.18191422,0.42857142857142855,0.42857142857142855,True,0.5282635634777135,0.42857142857142855,0.42857142857142855,0.9832852937610924,0.48753172380530885,0.4802922700992856,0.29176310057027366,54.332780402148686,High,1000000,100.0,0.08,0.12,0.7177204202130365,0.10870881680852146,10.870881680852145,108708.81680852146,30,3624,36.24,"Increase tree canopy, shaded streets and connected green corridors"
8429_1458,13.10296387739549,77.709004316632,5,4,36.04929901070001,38.85744853814002,45.75069935690002,2,1,0.3470293017899541,0.3291744645456436,0.1955193035537377,0.0975799709558487,10410.09125800538,0.1539726525,0.4,0.2,True,0.45965131420867944,0.4,0.2,0.6956449518584016,0.09946836223403056,0.5467704712972765,0.4250988660075007,42.07824401300059,Low,1000000,100.0,0.01,0.03,0.4877161483760069,0.019754322967520138,1.9754322967520137,19754.322967520136,30,659,6.59,Maintain existing vegetation and monitor future heat
8429_1459,13.112114758477494,77.70902984224912,6,4,34.24743849740001,34.50413464775002,38.82591046760003,0,0,0.43344120920229734,0.5397210689683227,0.49531036749249324,0.04127736674854525,12846.477190504493,0.12470581875,0.0,0.0,True,0.36476929016442466,0.0,0.0,0.1642724111783036,0.023252278939755393,0.6747370617486498,0.564758735840513,19.837166649950664,Low,1000000,100.0,0.01,0.03,0.08678666137710288,0.011735733227542058,1.1735733227542058,11735.733227542058,30,392,3.92,Maintain existing vegetation and monitor future heat
8429_1462,13.137306759927295,77.7066700066899,4,3,39.54718104800002,39.829039522250014,45.969640628000015,1,1,0.3592163046487885,0.25026707725812225,0.0435106663499027,0.07569749327376485,5825.897999304557,0.1793081,0.25,0.25,True,0.6438421131730436,0.25,0.25,0.9650766510394762,0.06984634447509931,0.3059943391331956,0.30419937512864503,46.29084517684364,Moderate,1000000,100.0,0.04,0.07,0.5715075944147578,0.05714522783244274,5.7145227832442735,57145.22783244274,30,1905,19.05,Targeted tree planting and protection of existing vegetation
8430_1428,12.830518502877656,77.71597738799423,3,3,37.6493083529,40.14125571080004,46.58153456840006,1,1,0.2681617632108655,0.1988382484361036,0.0546245111618191,0.1376652754843235,5147.815070493501,0.1706074575,0.3333333333333333,0.3333333333333333,True,0.5439042981422787,0.3333333333333333,0.3333333333333333,0.9453776250683792,0.15373130356387965,0.270379308162209,0.3457184068555932,46.78226159768852,Moderate,1000000,100.0,0.04,0.07,0.6034350732469655,0.058103052197408966,5.810305219740897,58103.052197408964,30,1937,19.37,Targeted tree planting and protection of existing vegetation
8430_1434,12.885312230014584,77.71776867595102,4,3,32.69596503920003,33.29350756812504,35.90032460900002,0,0,0.2386395173565161,0.17139371756265637,0.0287609701626934,0.7246516032028012,9305.970091372606,0.157146675,0.0,0.0,True,0.2830720994671532,0.0,0.0,0.9912201372204321,0.9483268551527511,0.48877858287988607,0.40995258906536125,37.33738945357483,Low,1000000,100.0,0.01,0.03,0.6852754396407663,0.023705508792815324,2.370550879281532,23705.508792815323,30,791,7.91,Maintain existing vegetation and monitor future heat
8430_1435,12.894148201619236,77.71724157505001,3,3,33.677346941600014,33.52960872380003,35.519078658200016,0,0,0.2795461274175669,0.1947314049586777,0.0279628860298544,0.7239637533202767,10435.037134576953,0.16063681,0.0,0.0,True,0.3347495187639311,0.0,0.0,0.9926347223910887,0.947395721954233,0.5480807065634155,0.3932978390516316,39.112856346401834,Low,1000000,100.0,0.01,0.03,0.685796505586391,0.023715930111727818,2.3715930111727817,23715.93011172782,30,791,7.91,Maintain existing vegetation and monitor future heat
8430_1438,12.921150742521148,77.7177479666472,5,4,36.050409867200045,35.01791831174002,39.142966002800016,0,0,0.2972459091956672,0.2727907789032483,0.0980380922555923,0.4508741209283471,10846.197490365,0.1573378275,0.0,0.0,True,0.4597098094764141,0.0,0.0,0.8684280836686646,0.5777179341817383,0.569676131227931,0.4090404188765293,37.48847763166208,Low,1000000,100.0,0.01,0.03,0.54975762867068,0.020995152573413597,2.0995152573413596,20995.152573413598,30,700,7.0,Maintain existing vegetation and monitor future heat
8430_1439,12.932753558887423,77.71509994828759,4,3,33.47515396850003,33.918787329350025,35.91196296710001,0,0,0.18015668320961564,0.098568609721384,0.0321351511520333,0.4636608338332735,9567.028177929917,0.15852540125,0.0,0.0,True,0.32410248010935916,0.0,0.0,0.985239481554904,0.5950271366519047,0.5024901680605769,0.40337337621797376,34.98125571451613,Low,1000000,100.0,0.01,0.03,0.611625168107833,0.02223250336215666,2.223250336215666,22232.503362156658,30,742,7.42,Maintain existing vegetation and monitor future heat
8430_1441,12.952782603492617,77.71484940998934,3,3,40.46358639020004,41.115607885400046,46.29160102190004,1,1,0.1414249589288417,0.0786885245901639,0.024237951496616,0.6460493840277195,3482.8149534536,0.1891012075,0.3333333333333333,0.3333333333333333,True,0.6920980092710505,0.3333333333333333,0.3333333333333333,0.9992370803826475,0.8419240809275086,0.18292830738410837,0.2574671549508919,58.03938127148799,High,1000000,100.0,0.08,0.12,0.7680033563768255,0.11072013425507302,11.072013425507302,110720.13425507302,30,3691,36.91,"Increase tree canopy, shaded streets and connected green corridors"
8430_1442,12.957697144918136,77.71979161649283,6,4,38.13433393595001,38.23282418225002,46.06074795110004,3,1,0.2427549349856641,0.24186123514153623,0.0295243892469443,0.7202774711186066,1919.8039027185569,0.1567418475,0.5,0.16666666666666666,True,0.5694446819252311,0.5,0.16666666666666666,0.9898669950250899,0.9424056509746699,0.1008340905638614,0.41188440568883955,58.085661040810166,High,1000000,100.0,0.08,0.12,0.8334146277074789,0.11333658510829915,11.333658510829915,113336.58510829916,30,3778,37.78,"Increase tree canopy, shaded streets and connected green corridors"
8430_1443,12.964835493296793,77.71563130222314,4,4,31.989614116100014,33.336160185200015,38.90977158830004,0,0,0.3236120363655502,0.38531608547147767,0.03398993366863575,0.7451363919535652,1991.012800972981,0.13107347125,0.0,0.0,True,0.24587720853382877,0.0,0.0,0.9819519235960136,0.9760568400739696,0.10457420406470994,0.5343726159449211,35.06089761074293,Low,1000000,100.0,0.01,0.03,0.6861873298128007,0.023723746596256014,2.3723746596256015,23723.746596256013,30,791,7.91,Maintain existing vegetation and monitor future heat
8430_1444,12.974565162890723,77.72035249791764,4,3,38.38017502445004,38.17557234725003,42.78932682890004,1,0,0.1793329219987676,0.12792034657185244,0.03275188070256255,0.7003601610776968,1792.3659658795864,0.19313856499999998,0.25,0.0,True,0.5823901346381082,0.25,0.0,0.9841463430741514,0.9154438544032962,0.0941406525276662,0.23820108648117444,49.300046424332685,Moderate,1000000,100.0,0.04,0.07,0.7501619424177349,0.06250485827253205,6.250485827253205,62504.85827253205,30,2084,20.84,Targeted tree planting and protection of existing vegetation
8430_1446,12.993272906270592,77.71828214339361,6,5,38.26006580165003,38.18295527045003,45.00174281450004,3,1,0.17339082929443028,0.11708272373831399,0.02848554210504515,0.706790637341328,2416.1903789690605,0.15862110124999995,0.5,0.16666666666666666,True,0.5760654463053938,0.5,0.16666666666666666,0.991708326911093,0.9241487042309565,0.12690585697190013,0.4029167005947347,58.21485478963761,High,1000000,100.0,0.08,0.12,0.8306839043017378,0.1132273561720695,11.32273561720695,113227.3561720695,30,3775,37.75,"Increase tree canopy, shaded streets and connected green corridors"
8430_1448,13.01119445504756,77.71963822074227,8,4,35.72676609845002,37.25415319696252,44.22597190520002,3,1,0.23462184117451526,0.20199183855062564,0.03082595445448525,0.7251008475432172,2380.776406404415,0.1620258625,0.375,0.125,True,0.44266743820424875,0.375,0.125,0.9875600016073903,0.9489349912159172,0.12504580464480936,0.3866693498546674,50.76634885489487,Moderate,1000000,100.0,0.04,0.07,0.7960669990468786,0.06388200997140636,6.388200997140636,63882.00997140636,30,2130,21.3,Targeted tree planting and protection of existing vegetation
8430_1449,13.023007088441137,77.7163255109389,5,5,33.96750265940003,34.66331924486002,39.48704098609999,0,0,0.1903785937944776,0.0942610764198632,0.0283880541101098,0.6907026180997491,2900.0,0.156938005,0.0,0.0,True,0.35002848269575004,0.0,0.0,0.9918811220667391,0.9023705674676659,0.15231704770529714,0.4109483518898266,37.21910398452586,Low,1000000,100.0,0.01,0.03,0.6764146745269027,0.023528293490538053,2.3528293490538053,23528.293490538053,30,785,7.85,Maintain existing vegetation and monitor future heat
8430_1450,13.029170797356686,77.7171779609989,4,4,35.75662250315004,37.39284149472503,44.86768807010002,1,1,0.20879806893768849,0.1649184093870231,0.02972065319772805,0.6790058250771835,2768.2226450688977,0.17825727,0.25,0.25,True,0.4442396110154694,0.25,0.25,0.9895191218336689,0.8865367749844381,0.1453956898923597,0.30921388343761524,48.05839077446337,Moderate,1000000,100.0,0.04,0.07,0.7470669159137221,0.06241200747741167,6.241200747741167,62412.00747741167,30,2081,20.81,Targeted tree planting and protection of existing vegetation
8430_1451,13.03792681826748,77.72027828725459,4,4,33.70080310385002,34.60033624482502,39.461474196500056,0,0,0.42272015263396645,0.3617226968218661,0.036403701291419496,0.4918906755046919,4066.699015221323,0.1441366725,0.0,0.0,True,0.33598466884029027,0.0,0.0,0.977673577812525,0.6332414962628927,0.2135957199670866,0.4720356716153199,34.505215652937544,Low,1000000,100.0,0.01,0.03,0.6154850881588411,0.02230970176317682,2.2309701763176824,22309.70176317682,30,744,7.44,Maintain existing vegetation and monitor future heat
8430_1452,13.04545177216267,77.7136437409871,4,3,41.77892593670002,41.68699828880002,44.4601575455,2,1,0.29247371660108157,0.1353839675654727,0.032996186171658295,0.5138150743441656,7587.487871999116,0.1865274275,0.5,0.25,True,0.7613609059027118,0.5,0.25,0.9837133174325267,0.6629202621326512,0.39851853522850095,0.2697491046434788,62.567067759255664,High,1000000,100.0,0.08,0.12,0.7744407111427936,0.11097762844571174,11.097762844571173,110977.62844571174,30,3700,37.0,"Increase tree canopy, shaded streets and connected green corridors"
8430_1453,13.055824297150384,77.71505556534837,4,4,38.86743941060003,39.364180257200026,46.92942064400003,2,1,0.2590008271108227,0.23086057527704215,0.03637503605568775,0.7023074404569343,10668.906752517658,0.1573616975,0.5,0.25,True,0.6080484088837211,0.5,0.25,0.9777243862620493,0.9180798604895997,0.5603642685471031,0.4089265124279742,61.93457057021375,High,1000000,100.0,0.08,0.12,0.8224781652289446,0.11289912660915778,11.289912660915778,112899.12660915779,30,3764,37.64,"Increase tree canopy, shaded streets and connected green corridors"
8430_1454,13.064784273179733,77.71807591997741,7,5,39.96523907420004,38.4610441569286,43.60139711059998,2,0,0.2407305199838765,0.1561252363942004,0.025904910871759,0.7243361632572487,9908.58213873206,0.1745087725,0.2857142857142857,0.0,True,0.6658561322389024,0.2857142857142857,0.0,0.9962824344811232,0.9478998483117167,0.5204296476955539,0.3271015264054635,55.779431980863315,High,1000000,100.0,0.08,0.12,0.7734354726171907,0.11093741890468763,11.093741890468763,110937.41890468763,30,3698,36.98,"Increase tree canopy, shaded streets and connected green corridors"
8430_1457,13.093088918034448,77.71607466511905,3,3,39.92100989540003,38.56844811110002,40.27578328130002,0,0,0.3223292938471868,0.3248095756256801,0.055399676435627,0.5031133128795773,8207.92300158816,0.19252339,0.0,0.0,True,0.663527120655939,0.0,0.0,0.9440036630310236,0.6484334305790457,0.43110572392907226,0.24113667087538748,43.911414844956276,Low,1000000,100.0,0.01,0.03,0.6016885176313209,0.022033770352626415,2.2033770352626414,22033.770352626416,30,735,7.35,Maintain existing vegetation and monitor future heat
8430_1458,13.104009553335176,77.71843623976966,3,3,40.856573239700026,42.3043439711,48.28249513129998,1,1,0.303900723445795,0.2372166578808645,0.0861797297839075,0.0551464268937706,8940.357934669059,0.171760395,0.3333333333333333,0.3333333333333333,True,0.7127918351405368,0.3333333333333333,0.3333333333333333,0.8894467495091246,0.04202664041244709,0.46957549173704094,0.34021664665320717,50.861350059595345,Moderate,1000000,100.0,0.04,0.07,0.5531287028370517,0.05659386108511155,5.659386108511155,56593.86108511155,30,1887,18.87,Targeted tree planting and protection of existing vegetation
8431_1427,12.823847625008046,77.72903259723836,6,3,31.841485674350004,33.14775607445001,39.32548827080001,0,0,0.821433901414768,0.8617614775353377,0.2262504451209679,0.0425475412048399,191.4213562373095,0.179323335,0.0,0.0,True,0.23807708956345291,0.0,0.0,0.641174733306741,0.024971697135808504,0.010054046844762396,0.30412667446908337,18.580554264432017,Low,1000000,100.0,0.01,0.03,0.3255817060805322,0.016511634121610642,1.6511634121610643,16511.63412161064,30,551,5.51,Maintain existing vegetation and monitor future heat
8431_1429,12.84365591411681,77.72736761392652,5,5,35.043102283100026,34.57156591598002,38.82580792700002,0,0,0.2596308218248041,0.2665816326530612,0.0311463037505745,0.7266927717719227,6862.215385719105,0.1276387075,0.0,0.0,True,0.4066672006234693,0.0,0.0,0.9869921900884893,0.9510899577813439,0.36042496147262104,0.5507631371174462,41.07173894079519,Low,1000000,100.0,0.01,0.03,0.6837140866005134,0.023674281732010263,2.3674281732010263,23674.281732010262,30,790,7.9,Maintain existing vegetation and monitor future heat
8431_1434,12.889197685397267,77.72567788433443,6,4,34.99843730675003,36.57878164055003,43.71861810650001,2,0,0.3217590450723839,0.4222314123696772,0.07343398965895175,0.6461451733484864,11889.239256656743,0.13193573375,0.3333333333333333,0.0,True,0.4043152408970112,0.3333333333333333,0.0,0.9120382711644519,0.8420537496515944,0.6244599389778885,0.5302579423338104,48.33749153078489,Moderate,1000000,100.0,0.04,0.07,0.7244298855125448,0.06173289656537635,6.173289656537635,61732.89656537635,30,2058,20.58,Targeted tree planting and protection of existing vegetation
8431_1437,12.913187557609625,77.72847178220292,4,4,34.90708217720004,36.80240417487503,45.46797783259999,1,1,0.4244889727205655,0.3127174038246592,0.051356551353819654,0.5959117920137942,15054.876142732275,0.13436936,0.25,0.25,True,0.3995046800713826,0.25,0.25,0.9511700062127746,0.7740534922947357,0.7907290646999626,0.5186447993406023,49.29009473848328,Moderate,1000000,100.0,0.04,0.07,0.7053957015653344,0.06116187104696004,6.116187104696004,61161.87104696004,30,2039,20.39,Targeted tree planting and protection of existing vegetation
8431_1438,12.921917171228246,77.72476856833563,3,3,35.75343519950002,36.94724704490002,45.231143226800015,1,1,0.3458057326812357,0.3303916161059018,0.0661529451608657,0.2846799532417208,13101.526628603247,0.1765743524999999,0.3333333333333333,0.3333333333333333,True,0.44407177459343466,0.3333333333333333,0.3333333333333333,0.9249437496097441,0.3527431092022651,0.6881330539659247,0.3172446817466299,47.417295919201294,Moderate,1000000,100.0,0.04,0.07,0.633020496645325,0.05899061489935975,5.899061489935975,58990.61489935975,30,1967,19.67,Targeted tree planting and protection of existing vegetation
8431_1442,12.957706016160126,77.72463968508522,3,3,34.18340189270003,33.52544443610004,40.29171125450006,0,0,0.2388319215336603,0.0617184348527632,0.0370640049222856,0.172980141127482,200.0,0.1477330675,0.0,0.0,True,0.36139726296142655,0.0,0.0,0.9765032053092761,0.20153656549234938,0.010504623979675665,0.4548738541854417,29.83172401423102,Low,1000000,100.0,0.01,0.03,0.528558915753108,0.02057117831506216,2.0571178315062157,20571.17831506216,30,686,6.86,Maintain existing vegetation and monitor future heat
8431_1444,12.977727428722112,77.72622125992662,5,4,42.05747747660003,38.45233455368003,43.34778002660002,3,0,0.3364379482192779,0.2494061757719715,0.0373524511232972,0.7254705764353275,2012.4611797498108,0.12362159,0.6,0.0,True,0.776028819268521,0.6,0.0,0.9759919412686897,0.9494354882787818,0.1057007398348312,0.5699326213174211,65.79326538563505,Very High,1000000,100.0,0.12,0.18,0.8578830682901012,0.17147298409740608,17.147298409740607,171472.98409740606,30,5716,57.16,"Urgent urban greening: street trees, shaded corridors, pocket parks, institutional planting and suitable green roofs"
8431_1445,12.984402317513515,77.72902206619347,5,3,33.79460211770002,35.70389099960003,43.72733405750002,1,0,0.2323346437158887,0.1620338983050847,0.0346317924559116,0.6852098742965609,1676.3054614240211,0.1519336375,0.2,0.0,True,0.3409239192549319,0.2,0.0,0.9808142441399565,0.8949351135466268,0.08804479273668026,0.43482894381229775,41.503651057958464,Low,1000000,100.0,0.01,0.03,0.7293941447793035,0.02458788289558607,2.458788289558607,24587.88289558607,30,820,8.2,Maintain existing vegetation and monitor future heat
8431_1447,13.005713380129908,77.73014200582094,3,3,40.81104521330002,39.084033641300024,44.71529564840003,1,1,0.1381007267732785,0.0900552486187845,0.0293472616467624,0.6933428579941392,1749.28556845359,0.153014415,0.3333333333333333,0.3333333333333333,True,0.7103944290906858,0.3333333333333333,0.3333333333333333,0.9901809494895647,0.9059446249476146,0.0918779356483908,0.4296715275281243,59.49840734708942,High,1000000,100.0,0.08,0.12,0.7762793997343054,0.11105117598937221,11.105117598937222,111051.1759893722,30,3702,37.02,"Increase tree canopy, shaded streets and connected green corridors"
8431_1448,13.011543235611509,77.72921385529222,3,3,35.17818243350006,35.79457676690004,38.88350410460004,0,0,0.2166964415045145,0.0828213320226099,0.0266169346868991,0.7409682540455833,2302.172886644268,0.16548649,0.0,0.0,True,0.4137802251797846,0.0,0.0,0.9950203891796228,0.9704144874608099,0.12091730255201262,0.3701554081581031,39.49822102124656,Low,1000000,100.0,0.01,0.03,0.6915930920819734,0.023831861841639466,2.3831861841639466,23831.861841639467,30,795,7.95,Maintain existing vegetation and monitor future heat
8431_1449,13.020238258075132,77.7283251188432,10,4,34.188827999450055,33.816573150260034,44.38925072060003,2,1,0.17526711649569784,0.13133489763847325,0.0398875792161561,0.0343053725082427,0.0,0.10267757624999994,0.2,0.1,True,0.36168298984612274,0.2,0.1,0.9714984869343499,0.013814383460008173,0.0,0.6698764095348884,34.910492881673456,Low,1000000,100.0,0.01,0.03,0.5485121201591765,0.02097024240318353,2.097024240318353,20970.24240318353,30,700,7.0,Maintain existing vegetation and monitor future heat
8431_1450,13.031954829186642,77.72972550938108,5,5,34.08827839610001,34.140953502320016,41.33952237560001,1,0,0.7552834711807876,0.8145461674181533,0.1265968019142747,0.1009062686935067,1104.536101718726,0.1618934775,0.2,0.0,True,0.35638826818910235,0.2,0.0,0.8178084490788241,0.10397112705289156,0.058013682102660044,0.387301084466815,31.225059885231722,Low,1000000,100.0,0.01,0.03,0.48969844994999034,0.019793968998999805,1.9793968998999805,19793.968998999804,30,660,6.6,Maintain existing vegetation and monitor future heat
8431_1451,13.038609512966158,77.72589258254561,5,5,39.18526400030002,36.66156551528003,42.31468348160004,1,0,0.4732520442223729,0.5300519416275044,0.0825369693338871,0.0617469719145447,3401.4702703389903,0.1671831025,0.2,0.0,True,0.6247843549456844,0.2,0.0,0.895903455889845,0.050961710045081876,0.17865583083978412,0.3620592579926597,40.395275031331245,Low,1000000,100.0,0.01,0.03,0.5181440699539389,0.020362881399078776,2.0362881399078776,20362.881399078775,30,679,6.79,Maintain existing vegetation and monitor future heat
8431_1452,13.047864622906378,77.72479129483935,4,3,33.33921076805,35.899735000549995,43.92590392939994,1,1,0.3200997273794449,0.3007098562535403,0.054278805153444354,0.5689012561924756,6986.3022834112835,0.17127631249999994,0.25,0.25,True,0.3169440092296518,0.25,0.25,0.9459903807575747,0.7374896907270352,0.3669423924779251,0.3425266641807593,43.37041817881694,Low,1000000,100.0,0.01,0.03,0.6954931285241943,0.023909862570483886,2.3909862570483886,23909.862570483885,30,797,7.97,Maintain existing vegetation and monitor future heat
8431_1454,13.067405331756522,77.72908259540901,4,4,36.00078021680001,36.56201910080002,43.77366531860002,1,0,0.4098706186532186,0.41655836796674006,0.14708197308937085,0.34890756534878165,7042.654556089319,0.13254323625,0.25,0.0,True,0.4570964208995481,0.25,0.0,0.7814989697015425,0.43968716983790357,0.3699021896523397,0.5273589707266331,40.56855467278348,Low,1000000,100.0,0.01,0.03,0.553686918818352,0.021073738376367036,2.1073738376367035,21073.738376367037,30,703,7.03,Maintain existing vegetation and monitor future heat
8431_1455,13.078141481455859,77.72943729993139,6,5,37.61247918740002,38.16465747005002,46.39638042500003,2,1,0.36967965941522907,0.35589733542319746,0.2917261963011697,0.13310398050816724,4111.259255093177,0.15490642874999994,0.3333333333333333,0.16666666666666666,True,0.541964955035137,0.3333333333333333,0.16666666666666666,0.5251205194137297,0.14755673947884237,0.21593616278857647,0.420642932350921,38.79421931274597,Low,1000000,100.0,0.01,0.03,0.3920716076026333,0.017841432152052666,1.7841432152052668,17841.432152052665,30,595,5.95,Maintain existing vegetation and monitor future heat
8431_1456,13.082156877860095,77.72916724666767,3,3,43.03139100530002,39.51767783870003,46.34058124850003,2,1,0.2896477312973075,0.2041969330104923,0.4280844333115965,0.1300402658525854,2816.0255680657447,0.131468165,0.6666666666666666,0.3333333333333333,True,0.8273129703806957,0.6666666666666666,0.3333333333333333,0.28342878287253737,0.14340942987092503,0.14790644854841603,0.5324891570706278,53.90689318131341,High,1000000,100.0,0.08,0.12,0.3703962774104537,0.09481585109641814,9.481585109641815,94815.85109641815,30,3161,31.61,"Increase tree canopy, shaded streets and connected green corridors"
8431_1461,13.125579072660466,77.72937992960641,8,6,36.278596882400024,36.57068378150003,46.19584519160006,2,1,0.4127059953328323,0.3716116302314894,0.2755641630501486,0.04571924341144035,14823.952330063628,0.16650748250000003,0.25,0.125,True,0.47172563739593426,0.25,0.125,0.5537673394967518,0.029265188049174433,0.7786002255997767,0.3652832829098265,35.97034863736907,Low,1000000,100.0,0.01,0.03,0.35773670735821084,0.017154734147164216,1.7154734147164217,17154.734147164218,30,572,5.72,Maintain existing vegetation and monitor future heat
8431_1462,13.140945486582787,77.72828189553414,4,3,38.197080238100014,37.78303838540001,41.41089063320004,1,0,0.3455589305281436,0.26164975404167523,0.05580021010246125,0.43375175551045686,11626.104358332159,0.1721045025,0.25,0.0,True,0.572748764624941,0.25,0.0,0.9432937266193862,0.5545396168151029,0.6106392731637388,0.3385745828389567,47.87333428620353,Moderate,1000000,100.0,0.04,0.07,0.6575547866727136,0.059726643600181414,5.9726643600181415,59726.643600181415,30,1991,19.91,Targeted tree planting and protection of existing vegetation
8431_1463,13.146209064715508,77.7266349124616,5,4,37.547041194500025,37.19549100146003,44.4655067468,1,1,0.3640700883592563,0.3498131647025007,0.0704526277258992,0.0676193507388234,10096.03882718366,0.1758982375,0.2,0.2,True,0.5385191338020751,0.2,0.2,0.9173226643823121,0.058911070823472036,0.5302754578188502,0.3204710687790887,41.758257321021354,Low,1000000,100.0,0.01,0.03,0.5304435463558504,0.02060887092711701,2.060887092711701,20608.87092711701,30,687,6.87,Maintain existing vegetation and monitor future heat
8432_1429,12.843024790532702,77.73355993025201,3,3,33.60731171180002,34.28695650530002,35.66714728460001,0,0,0.25734141757969,0.2604501607717042,0.0272933228407055,0.6125469841063023,6600.0,0.159524105,0.0,0.0,True,0.33106161711517496,0.0,0.0,0.9938215072414758,0.7965723296378652,0.34665259132929693,0.39860761177217885,36.53119543396342,Low,1000000,100.0,0.01,0.03,0.6562252195483109,0.023124504390966215,2.3124504390966214,23124.504390966216,30,771,7.71,Maintain existing vegetation and monitor future heat
8432_1430,12.849201572359476,77.73950841839142,5,4,37.16878601120001,37.668435592820025,46.525359409700016,1,1,0.2928217969355511,0.2486371178004266,0.0354659194126725,0.1094659066293388,8500.588214941363,0.1499839975,0.2,0.2,True,0.5186010451754443,0.2,0.2,0.9793357739199291,0.11555819459747935,0.446477414020107,0.4441325285781502,42.85669962302835,Low,1000000,100.0,0.01,0.03,0.5727795258794603,0.021455590517589204,2.1455590517589203,21455.590517589204,30,716,7.16,Maintain existing vegetation and monitor future heat
8432_1431,12.858581540690054,77.73602156817108,6,3,38.85193868990004,39.925048855700034,46.65968759570007,2,2,0.2735710391392173,0.1808405074632275,0.05292412184644485,0.28662154974881554,12113.16640233984,0.18869202125,0.3333333333333333,0.3333333333333333,True,0.6072321749170495,0.3333333333333333,0.3333333333333333,0.9483915247449896,0.3553714224604538,0.6362212912991034,0.2594197713118077,52.14142432301209,Moderate,1000000,100.0,0.04,0.07,0.6452700468645856,0.05935810140593757,5.935810140593757,59358.101405937574,30,1979,19.79,Targeted tree planting and protection of existing vegetation
8432_1432,12.870810109881315,77.73484915682909,5,3,33.6031588175,32.859377157380024,36.096057524300015,0,0,0.3713069935620424,0.3653498579912212,0.0340662002563476,0.6356178785208613,14527.904184706063,0.159390675,0.0,0.0,True,0.3308429348065727,0.0,0.0,0.9818167428806547,0.8278030912541345,0.7630508533654687,0.39924433307216634,38.74204603213652,Low,1000000,100.0,0.01,0.03,0.6564689896911542,0.023129379793823082,2.3129379793823084,23129.379793823082,30,771,7.71,Maintain existing vegetation and monitor future heat
8432_1435,12.893562185205141,77.73886000342759,6,5,37.12600949090001,38.49373589060002,46.97664059030004,2,2,0.2922821105028073,0.1437753218773667,0.0431193603435531,0.38882540282793343,17145.185076912905,0.163941265,0.3333333333333333,0.3333333333333333,True,0.5163485274041318,0.3333333333333333,0.3333333333333333,0.9657702316420649,0.4937234132599036,0.9005186114745833,0.37752914472988763,52.97114887704297,High,1000000,100.0,0.08,0.12,0.6816297984730131,0.10726519193892052,10.726519193892052,107265.19193892051,30,3576,35.76,"Increase tree canopy, shaded streets and connected green corridors"
8432_1436,12.901134365696876,77.73655200391843,7,5,43.34094398660002,41.79141879980002,46.60600759160001,4,3,0.2931077458067104,0.225856396361525,0.0503055287990719,0.1366593709681183,17578.680269007684,0.1835346575,0.5714285714285714,0.42857142857142855,True,0.8436133516798483,0.5714285714285714,0.42857142857142855,0.9530329187288812,0.15236962405593182,0.9232871314243479,0.2840304537026386,65.7356070689515,Very High,1000000,100.0,0.12,0.18,0.6784189556041984,0.1607051373362519,16.07051373362519,160705.1373362519,30,5357,53.57,Major tree-canopy expansion and restoration of open green areas
8432_1437,12.912517338532886,77.737180896833,4,3,33.36973368665003,33.30209961590002,36.03349066820001,0,0,0.27016229882943404,0.3325391584296365,0.0688113516662269,0.4980311801773496,16990.75820844907,0.15108480875,0.0,0.0,True,0.31855127920151255,0.0,0.0,0.920231787217153,0.6415538154209371,0.8924076305467262,0.4388795122389394,36.43198905244037,Low,1000000,100.0,0.01,0.03,0.588426656692764,0.021768533133855277,2.1768533133855277,21768.53313385528,30,726,7.26,Maintain existing vegetation and monitor future heat
8432_1438,12.920651547244674,77.73618109734038,8,4,36.99405682880001,38.09381758137501,45.1005065024,3,2,0.2749483211888032,0.2745038267449146,0.03008417272940275,0.7006310531869531,14233.095924531013,0.16817050374999998,0.375,0.25,True,0.5094001895246665,0.375,0.25,0.9888747920975021,0.9158105574333517,0.7475666037692623,0.35734742851271306,56.672803302945916,High,1000000,100.0,0.08,0.12,0.7900995075354214,0.11160398030141686,11.160398030141685,111603.98030141686,30,3721,37.21,"Increase tree canopy, shaded streets and connected green corridors"
8432_1440,12.93993130558964,77.73543947948629,3,3,32.4127649921,32.95372932080003,36.64803357410003,0,0,0.3624688312732928,0.2821953327571305,0.0394877346698194,0.5027886712923646,6767.569726275453,0.1528690775,0.0,0.0,True,0.26815940590406084,0.0,0.0,0.9722072018962723,0.6479939675986001,0.355453876153801,0.43036507082376196,33.03692461643972,Low,1000000,100.0,0.01,0.03,0.6157023944678561,0.02231404788935712,2.231404788935712,22314.04788935712,30,744,7.44,Maintain existing vegetation and monitor future heat
8432_1441,12.948446705157174,77.73518979828125,4,4,27.32027408420003,29.704821557000027,39.00328861550005,0,0,-0.0041646260219755996,-0.13840083267309816,0.034239901346154455,0.02848763600923115,5001.441267494829,0.03349755874999995,0.0,0.0,True,0.0,0.0,0.0,0.9815088618244387,0.005938991267486972,0.26269129935732816,1.0,21.09547933682809,Low,1000000,100.0,0.01,0.03,0.4919422291657168,0.019838844583314336,1.9838844583314335,19838.844583314334,30,662,6.62,Maintain existing vegetation and monitor future heat
8432_1443,12.96550176792802,77.73566658969149,4,4,33.036852718850014,33.977867805050025,38.63805608840003,0,0,0.3498959117985073,0.36259849808971634,0.06746623676735905,0.5813549833837897,3395.132307101624,0.14136502999999995,0.0,0.0,True,0.30102249727996916,0.0,0.0,0.9226159714284079,0.7543481348842994,0.1783229412367564,0.485261811281817,33.731319601261056,Low,1000000,100.0,0.01,0.03,0.6121776126910639,0.022243552253821276,2.2243552253821277,22243.552253821275,30,742,7.42,Maintain existing vegetation and monitor future heat
8432_1445,12.984553935327838,77.73912645857772,3,3,34.11681886310002,36.85342809260002,44.45400510950001,1,1,0.1703256011917428,0.0568936877076411,0.0293891003821045,0.7045176029205322,3087.0698080866264,0.1358763875,0.3333333333333333,0.3333333333333333,True,0.3578911466062391,0.3333333333333333,0.3333333333333333,0.9901067913248567,0.9210717278959321,0.16214253766479764,0.5114533393322311,49.83369959867115,Moderate,1000000,100.0,0.04,0.07,0.7792677412416147,0.06337803223724844,6.337803223724844,63378.032237248444,30,2113,21.13,Targeted tree planting and protection of existing vegetation
8432_1447,13.003137516259295,77.73464515412915,3,3,36.07486580030002,37.414194150500016,44.2257497339,1,1,0.2012907336180654,0.1503881567069868,0.028137119137682,0.64369672909379,1649.2422502470642,0.1871647125,0.3333333333333333,0.3333333333333333,True,0.460997605293731,0.3333333333333333,0.3333333333333333,0.9923258983455666,0.8387393233673281,0.08662334845119782,0.26670801243286246,50.53553333875569,Moderate,1000000,100.0,0.04,0.07,0.7639108138462489,0.06291732441538747,6.2917324415387474,62917.32441538747,30,2098,20.98,Targeted tree planting and protection of existing vegetation
8432_1448,13.010353372423417,77.73310883656676,3,3,36.42613571570003,37.977626264000016,44.16668634829999,1,1,0.1946170969327281,0.1520983694199412,0.0272093137027695,0.6138852573931217,2800.0,0.15684159,0.3333333333333333,0.3333333333333333,True,0.47949470887805157,0.3333333333333333,0.3333333333333333,0.9939704114432185,0.7983839323112191,0.1470647357154593,0.4114084394573774,51.73726930363286,Moderate,1000000,100.0,0.04,0.07,0.7566619921838531,0.06269985976551559,6.269985976551559,62699.85976551559,30,2090,20.9,Targeted tree planting and protection of existing vegetation
8432_1449,13.022329544235369,77.7359878215858,11,7,34.78702422470002,35.47035167580911,44.16803646620002,1,1,0.3264731701199715,0.2485366951823503,0.0457718132529407,0.0799938854761421,447.21359549995793,0.1615372149999999,0.09090909090909091,0.09090909090909091,True,0.39318269152025537,0.09090909090909091,0.09090909090909091,0.9610688218569369,0.07566231321351838,0.023489053296629155,0.3890011513343625,32.212405410570035,Low,1000000,100.0,0.01,0.03,0.5229396008438993,0.020458792016877985,2.0458792016877987,20458.792016877986,30,682,6.82,Maintain existing vegetation and monitor future heat
8432_1450,13.030822487392411,77.73455268770681,6,3,38.624571999500034,38.09732532440001,44.32704275659998,3,2,0.2020052184082358,0.1527414178901306,0.0284596990095451,0.7202950405189767,1657.7747210701755,0.1633905775,0.5,0.3333333333333333,True,0.5952595435029308,0.5,0.3333333333333333,0.9917541331840835,0.9424294344372804,0.0870715004392695,0.3801569979929237,60.327868472716276,High,1000000,100.0,0.08,0.12,0.8343629534794978,0.11337451813917991,11.33745181391799,113374.51813917991,30,3780,37.8,"Increase tree canopy, shaded streets and connected green corridors"
8432_1452,13.048371694120616,77.7368937434205,5,4,35.61112593680004,37.604064022160024,45.16994357870003,2,1,0.1701081362694893,0.0684931506849315,0.028239136794582,0.7153428255114704,6407.027391856539,0.1744098,0.4,0.2,True,0.4365780808332612,0.4,0.2,0.9921450744716694,0.935725687127235,0.33651706789467517,0.32757381823535925,52.6572298439954,Moderate,1000000,100.0,0.04,0.07,0.8032176746612817,0.06409653023983845,6.409653023983846,64096.53023983845,30,2137,21.37,Targeted tree planting and protection of existing vegetation
8432_1453,13.059153886135396,77.73601566463915,5,4,36.61026445310001,37.13600378138002,47.38687135070001,1,1,0.2273354329888857,0.146366015703644,0.0391687146620824,0.6426687920466065,8927.485648266256,0.1703601775,0.2,0.2,True,0.4891905244865678,0.2,0.2,0.97277265728314,0.8373478187164785,0.46889939909494033,0.3468984146728826,48.719772849848034,Moderate,1000000,100.0,0.04,0.07,0.7138558923848657,0.061415676771545975,6.1415676771545975,61415.67677154597,30,2048,20.48,Targeted tree planting and protection of existing vegetation
8432_1456,13.08329598775804,77.73631847421946,5,3,40.48529081720002,41.190076287140016,48.86487446900001,2,2,0.3646556049621952,0.3112947658402203,0.0585070587694644,0.1554502921644598,1500.0,0.16870762,0.4,0.4,True,0.6932409168098292,0.4,0.4,0.9384959016458044,0.17780664309333444,0.07878467984756748,0.3547843365772829,52.82057754203955,Moderate,1000000,100.0,0.04,0.07,0.6248092794415692,0.058744278383247084,5.874427838324708,58744.27838324708,30,1959,19.59,Targeted tree planting and protection of existing vegetation
8432_1457,13.093332498636366,77.74080275802139,3,3,41.65661209100004,41.17747974410002,47.8423566959,2,1,0.301213361278165,0.1775405298536971,0.0253090346232056,0.4810011722147465,3478.5054261852174,0.1750455725,0.6666666666666666,0.3333333333333333,True,0.7549201269617293,0.6666666666666666,0.3333333333333333,0.9973386109793975,0.6185005211079263,0.18270195756668575,0.3245399435992482,66.32889769045178,Very High,1000000,100.0,0.12,0.18,0.822369409711284,0.16934216458267703,16.934216458267702,169342.16458267704,30,5645,56.45,Major tree-canopy expansion and restoration of open green areas
8432_1459,13.109558976555869,77.73790074556959,5,3,36.3615522278,38.09848061516001,44.19264621020002,2,2,0.390928576367282,0.375517890772128,0.4463450434850529,0.0929553902242332,9304.837451562496,0.1271571,0.4,0.4,True,0.4760938840047822,0.4,0.4,0.25106228503649564,0.09320812906712164,0.488719093103338,0.5530613440685348,38.18973427222148,Low,1000000,100.0,0.01,0.03,0.26417276833167214,0.015283455366633442,1.5283455366633443,15283.455366633441,30,510,5.1,Maintain existing vegetation and monitor future heat
8432_1460,13.121365748786356,77.73683451656784,3,3,33.72289205810001,36.347019946100026,43.59085251890003,1,0,0.4703568655255073,0.4284846644397206,0.4890622600214556,0.0499229526612907,13718.600511714012,0.1337466775,0.3333333333333333,0.0,True,0.33714782474097726,0.3333333333333333,0.0,0.17534703327579826,0.03495569311270308,0.7205436995147093,0.5216162091500864,27.638330049150632,Low,1000000,100.0,0.01,0.03,0.19466465526043972,0.013893293105208794,1.3893293105208795,13893.293105208793,30,464,4.64,Maintain existing vegetation and monitor future heat
8432_1461,13.127436737679556,77.74042494656436,4,3,32.487952887050014,35.51352437570002,45.12508206620002,1,1,0.4390604785154414,0.521486603312133,0.13606288674054665,0.2916015812661499,15523.00029638291,0.14362249124999993,0.25,0.25,True,0.27211863560237887,0.25,0.25,0.801030038547358,0.36211282460831457,0.8153164057494818,0.4744893188755257,38.99916651548992,Low,1000000,100.0,0.01,0.03,0.5479375841953419,0.02095875168390684,2.095875168390684,20958.751683906838,30,699,6.99,Maintain existing vegetation and monitor future heat
8432_1462,13.13923902456355,77.73279208574303,7,5,40.148701297700015,38.66845937630002,46.529375583200014,2,1,0.2811499155904155,0.2005510726234993,0.0441318900557234,0.2575172225479036,13782.960494755836,0.1591429825,0.2857142857142857,0.14285714285714285,True,0.6755168506867786,0.2857142857142857,0.14285714285714285,0.9639755467752074,0.31597328346849574,0.7239240866206726,0.40042630931886625,52.07805210804269,Moderate,1000000,100.0,0.04,0.07,0.6308967157955886,0.05892690147386766,5.892690147386766,58926.901473867656,30,1965,19.65,Targeted tree planting and protection of existing vegetation
8432_1463,13.14579743098964,77.7340595596665,5,4,40.049390726600016,37.73297806448002,43.72087399970002,1,0,0.3180209381170596,0.2411950449356327,0.0408763298764824,0.0575592835666611,10623.08806327049,0.17792408,0.2,0.0,True,0.6702873737514626,0.2,0.0,0.9697459498721244,0.045292892262558046,0.5579577280381876,0.31080384948680084,44.45154727087626,Low,1000000,100.0,0.01,0.03,0.5539315533885737,0.021078631067771473,2.107863106777147,21078.631067771472,30,703,7.03,Maintain existing vegetation and monitor future heat
8433_1427,12.825241613478877,77.74481995163285,4,3,35.41318839860004,35.068579349675026,37.91010327890002,0,0,0.41452983120588616,0.3282986941774928,0.0856596839148551,0.22220115846721455,4281.1512356802195,0.14509933749999998,0.0,0.0,True,0.42615512405046485,0.0,0.0,0.8903685184607336,0.2681663992311481,0.2248594196547227,0.4674418822856903,32.2833520004385,Low,1000000,100.0,0.01,0.03,0.49881753907659643,0.019976350781531926,1.9976350781531926,19976.350781531928,30,666,6.66,Maintain existing vegetation and monitor future heat
8433_1428,12.831140725722337,77.7425582175061,5,4,36.56941911410003,37.02367055408003,40.972991000900016,0,0,0.3407138821543764,0.2901960784313726,0.1186668110312894,0.0599105099681764,3605.551275463989,0.15878507,0.0,0.0,True,0.4870396984883922,0.0,0.0,0.8318641695786277,0.048475716037490006,0.189374801940946,0.40213424990405544,30.531455917931087,Low,1000000,100.0,0.01,0.03,0.42562722799681185,0.018512544559936235,1.8512544559936235,18512.544559936236,30,618,6.18,Maintain existing vegetation and monitor future heat
8433_1429,12.838733099132256,77.74383729424618,5,4,36.74272981820002,35.90954300894003,40.01968813280004,0,0,0.3976820326790352,0.3220530174844895,0.0604870552197098,0.1688169615808874,6942.621983083913,0.142559465,0.0,0.0,True,0.4961658601819106,0.0,0.0,0.9349864049634103,0.19590092494677197,0.3646481668266334,0.47956202708073303,35.08983209891303,Low,1000000,100.0,0.01,0.03,0.5066733874710596,0.02013346774942119,2.013346774942119,20133.46774942119,30,672,6.72,Maintain existing vegetation and monitor future heat
8433_1430,12.853597731536883,77.74410210927826,3,3,35.00748651470005,35.20495692350004,41.31458791970003,1,0,0.375661966439099,0.4363100026816841,0.2416180903092026,0.0567561408970505,10841.586599755592,0.13196366,0.3333333333333333,0.0,True,0.404791752347236,0.3333333333333333,0.0,0.6139359471979903,0.04420568875810119,0.5694339528676148,0.5301246796627186,35.62597516195295,Low,1000000,100.0,0.01,0.03,0.4158091113506154,0.018316182227012305,1.8316182227012305,18316.182227012305,30,611,6.11,Maintain existing vegetation and monitor future heat
8433_1432,12.869209336992894,77.74535606414153,5,5,35.39546596490003,36.65117815250003,45.70110388670003,1,1,0.3846106804873946,0.3187706375412751,0.0499638731125742,0.1450771102681756,16316.86244349691,0.141644595,0.2,0.2,True,0.4252218995483267,0.2,0.2,0.9536384953187463,0.16376460531257922,0.8570125224851345,0.4839277410559979,42.40358178706245,Low,1000000,100.0,0.01,0.03,0.569572168721889,0.02139144337443778,2.1391443374437777,21391.44337443778,30,714,7.14,Maintain existing vegetation and monitor future heat
8433_1433,12.87740815242199,77.7433054042688,4,3,38.34535394570002,39.820289391050025,46.38887787110006,1,1,0.28570887091811276,0.21196839472273676,0.058359083021059605,0.35006694588810205,17550.58477532385,0.17180799749999995,0.25,0.25,True,0.5805565329764816,0.25,0.25,0.9387581851453719,0.4412566077883979,0.9218114684409877,0.3399894898992343,50.969639636060116,Moderate,1000000,100.0,0.04,0.07,0.6326304141303655,0.05897891242391097,5.897891242391097,58978.91242391097,30,1966,19.66,Targeted tree planting and protection of existing vegetation
8433_1434,12.883712049478559,77.74693868902568,4,3,32.69027403590002,35.197511336600016,44.69777829590001,1,1,0.3066977413965559,0.19786783224042231,0.02411303867120295,0.6560423598857597,19039.234568220603,0.1665803575,0.25,0.25,True,0.2827724237109211,0.25,0.25,0.9994584853989652,0.8554514388726189,1.0,0.3649355270473026,47.60424201627481,Moderate,1000000,100.0,0.04,0.07,0.7458195304740063,0.062374585914220196,6.23745859142202,62374.585914220195,30,2080,20.8,Targeted tree planting and protection of existing vegetation
8433_1437,12.909658864405271,77.7454711076632,5,4,40.45712633240001,38.89567225580002,45.191904357200045,2,1,0.2846719277246938,0.2178533475026567,0.0582710839807987,0.2655859747901559,18439.36007566423,0.1655384375,0.4,0.2,True,0.6917578367910023,0.4,0.2,0.9389141613542238,0.32689584560633367,0.9684927201034828,0.3699075172810058,56.79740716702919,High,1000000,100.0,0.08,0.12,0.6548362497983786,0.10619344999193514,10.619344999193514,106193.44999193514,30,3540,35.4,"Increase tree canopy, shaded streets and connected green corridors"
8433_1439,12.930853505845812,77.74656897413666,5,4,35.40153295040002,36.501243287180024,43.992726220400016,1,1,0.2848228007264937,0.265034965034965,0.0302268275991082,0.7191420942544937,12831.601614763453,0.143159735,0.2,0.2,True,0.4255413737028667,0.2,0.2,0.9886219397290564,0.9408687064786923,0.6739557501004457,0.4766975686025534,49.75752396532377,Moderate,1000000,100.0,0.04,0.07,0.7424847111602667,0.062274541334808,6.2274541334808005,62274.541334808004,30,2076,20.76,Targeted tree planting and protection of existing vegetation
8433_1440,12.9386477835696,77.74743063155739,6,4,35.55245562350003,36.13861187330003,39.65443851560001,0,0,0.20213476650267237,0.14658410869569455,0.02428124763537195,0.7353835122194141,10191.53061689387,0.15071795874999994,0.0,0.0,True,0.4334886307697707,0.0,0.0,0.9991603390050022,0.9628544970448583,0.5352909845391103,0.4406301021280232,42.500214411952406,Low,1000000,100.0,0.01,0.03,0.6921510689114727,0.023843021378229454,2.3843021378229454,23843.021378229452,30,795,7.95,Maintain existing vegetation and monitor future heat
8433_1441,12.94749504509898,77.744316496848,5,4,30.723750409100024,31.012067232140037,37.76343604070002,0,0,0.0562237933461879,-0.1306122448979592,0.0315895080566406,0.0340831002686172,7256.031973468695,0.0657733875,0.0,0.0,True,0.1792196011342679,0.0,0.0,0.9862066209822573,0.013513496498067178,0.3811094373289629,0.845981356217681,26.44027628147579,Low,1000000,100.0,0.01,0.03,0.4958060097907421,0.01991612019581484,1.991612019581484,19916.120195814838,30,664,6.64,Maintain existing vegetation and monitor future heat
8433_1442,12.95810568223665,77.74670206367556,5,5,36.39051994730004,36.03904153268003,41.73831985910001,1,0,0.2808296998358857,0.1724780906209211,0.0385293960571289,0.6692875700537115,7100.704190430693,0.144405375,0.2,0.0,True,0.47761926060181786,0.2,0.0,0.973905834326361,0.8733813029636985,0.3729511375569087,0.4707534366973112,46.88950123385804,Moderate,1000000,100.0,0.04,0.07,0.7216291777559203,0.06164887533267761,6.164887533267762,61648.87533267761,30,2055,20.55,Targeted tree planting and protection of existing vegetation
8433_1447,13.002660850935326,77.74392278946043,3,3,38.78858568920003,38.64063099680002,45.84883071110004,1,1,0.4711859538257154,0.4153455928979074,0.0391851013991981,0.3995830959174782,5000.999900019995,0.1539930575,0.3333333333333333,0.3333333333333333,True,0.6038961448018856,0.3333333333333333,0.3333333333333333,0.9727436121807936,0.5082859587071467,0.2626681173605282,0.425001494365994,52.8959128391392,Moderate,1000000,100.0,0.04,0.07,0.6880289978318261,0.060640869934954794,6.064086993495479,60640.8699349548,30,2022,20.22,Targeted tree planting and protection of existing vegetation
8433_1450,13.030921622133253,77.74346423947647,6,4,35.36901903515002,37.12968955910002,45.77289939680002,2,1,0.2648891192899677,0.37155469322045176,0.0317581603303551,0.7186524929711595,1691.0795303214422,0.17249666624999993,0.3333333333333333,0.16666666666666666,True,0.4238292622126863,0.3333333333333333,0.16666666666666666,0.9859076888326538,0.9402059397609364,0.08882077292876642,0.33670319699838147,49.0331724461155,Moderate,1000000,100.0,0.04,0.07,0.7809950323685142,0.06342985097105543,6.342985097105543,63429.85097105543,30,2115,21.15,Targeted tree planting and protection of existing vegetation
8433_1451,13.039724053674194,77.74629680211918,3,3,39.66407733200006,41.34082122320003,45.41674171280001,1,1,0.3490940280904898,0.3312034078807241,0.0359387546777725,0.4885228434577584,2202.271554554524,0.165089665,0.3333333333333333,0.3333333333333333,True,0.6499976151929324,0.3333333333333333,0.3333333333333333,0.978497684642556,0.6286825070043298,0.11567017290865528,0.37204903725101723,54.56948151293464,High,1000000,100.0,0.08,0.12,0.7149853437221441,0.10859941374888576,10.859941374888576,108599.41374888577,30,3620,36.2,"Increase tree canopy, shaded streets and connected green corridors"
8433_1458,13.098205373785802,77.74555499495835,4,4,39.78373366715003,40.090804311425025,48.170264444600015,2,2,0.2557643680994167,0.22971400152775817,0.029596991953439948,0.0597882512956857,5691.576104391462,0.19000883125,0.5,0.5,True,0.6562984554549537,0.5,0.5,0.9897383084521681,0.04831021610552078,0.29893933414169777,0.2531360197189382,55.27850722078951,High,1000000,100.0,0.08,0.12,0.6545311974471882,0.10618124789788752,10.618124789788752,106181.24789788752,30,3540,35.4,"Increase tree canopy, shaded streets and connected green corridors"
8433_1459,13.110165257005892,77.74339178824502,3,3,38.24853852920004,37.928714397800036,45.86040070880007,1,1,0.342145356643454,0.384563073784427,0.2646274792496115,0.0459940696600824,10519.030373565804,0.15799076,0.3333333333333333,0.3333333333333333,True,0.5754584454117666,0.3333333333333333,0.3333333333333333,0.5731523517828201,0.029637216671169125,0.55249229352548,0.40592465757694063,42.61616222798576,Low,1000000,100.0,0.01,0.03,0.39250361922564386,0.017850072384512874,1.7850072384512874,17850.072384512874,30,596,5.96,Maintain existing vegetation and monitor future heat
8433_1460,13.116980051600065,77.74660483486593,6,4,41.958038729750044,40.61602153715003,47.8566269294,4,2,0.28297926490631775,0.2425321441809385,0.0537883561337366,0.2835410429397598,12507.95128985033,0.16720623,0.6666666666666666,0.3333333333333333,True,0.7707925928792366,0.6666666666666666,0.3333333333333333,0.9468596899966567,0.3512013815386678,0.6569566252798847,0.3619488947170436,65.93321455169827,Very High,1000000,100.0,0.12,0.18,0.7436701213060619,0.1646202072783637,16.46202072783637,164620.2072783637,30,5488,54.88,Major tree-canopy expansion and restoration of open green areas
8433_1461,13.12607211398738,77.74539241852442,3,3,40.08047761850002,40.613882426300016,44.43737644220001,1,1,0.2882154229879768,0.1850557133493554,0.0482797622680664,0.1389249993953853,15617.938404283712,0.1877015675,0.3333333333333333,0.3333333333333333,True,0.6719243413207865,0.3333333333333333,0.3333333333333333,0.9566235417923659,0.15543657499643662,0.8203028513736809,0.26414616716939243,53.150360875855476,High,1000000,100.0,0.08,0.12,0.6093990858954702,0.10437596343581881,10.437596343581882,104375.96343581882,30,3480,34.8,"Increase tree canopy, shaded streets and connected green corridors"
8433_1462,13.140769323162004,77.74781332229108,4,3,31.33596906140003,32.95920384950002,43.81538225269998,1,0,0.2868294514094367,0.034485485146278104,0.030944991158321448,0.3752239044406451,14696.865307917007,0.11951538625000001,0.25,0.0,True,0.21145769307263032,0.25,0.0,0.9873490118770075,0.4753112465651693,0.7719252186980419,0.5895272206557531,38.96434063275469,Low,1000000,100.0,0.01,0.03,0.6637367552515376,0.023274735105030753,2.3274735105030753,23274.73510503075,30,776,7.76,Maintain existing vegetation and monitor future heat
