Grid_ID,Grid_X,Grid_Y,Center_Latitude,Center_Longitude,South_Latitude,North_Latitude,West_Longitude,East_Longitude,Historical_Samples,Historical_Unique_Dates,Observation_Support,Prediction_Dates,Mean_Predicted_LST,Median_Predicted_LST,Minimum_Predicted_LST,Maximum_Predicted_LST,LST_StdDev,Hot_Frequency,Very_Hot_Frequency,Median_L_NDVI,Median_S2_NDVI,Median_NDBI,Median_NDWI,Median_Tree_Probability,Median_Built_Probability,Median_Albedo,Elevation,Distance_To_Water,Persistent_Heat_Score,Persistent_Cooling_Priority,Prediction_Source
8401_1424,8401,1424,12.796442687747035,77.4505814838062,12.79195113187208,12.80093424362199,77.44597215324119,77.4551908143712,1,1,Limited,7,39.542373847014304,38.0232910112,33.734889308300005,47.46285393530002,5.002269946825204,0.2857142857142857,0.14285714285714285,0.3642067720632946,0.2919091541395153,0.0995445656498743,-0.4662000788719663,0.2174207968885196,0.0899918687278114,0.1393756460894041,753.5899284146644,6042.669080967167,43.42324047691301,High,Limited historical support + V5
8401_1425,8401,1425,12.805425799496946,77.4505814838062,12.80093424362199,12.8099173553719,77.44597215324119,77.4551908143712,3,3,Moderate,7,38.11691302044289,38.07721027669999,32.29716755570003,45.592205769500076,5.016266142354031,0.2857142857142857,0.14285714285714285,0.4879159824076283,0.442990947857127,0.003318470630821,-0.549158517595705,0.2530133309866909,0.0964286428664251,0.1435752984152861,728.606466642083,7018.755383167377,43.70499690134053,High,Historical support + V5
8401_1426,8401,1426,12.814408911246856,77.4505814838062,12.8099173553719,12.81890046712181,77.44597215324119,77.4551908143712,2,2,Limited,7,38.72636307654289,37.43142666800003,32.89556031710002,45.348039510800064,4.567291132893971,0.2857142857142857,0.14285714285714285,0.442239703183348,0.3820972084965249,0.0462792869195587,-0.5257241978451939,0.1621212369032614,0.1836609708048842,0.1490550539316293,727.553315275582,5598.547150741541,41.97368589670404,Moderate,Limited historical support + V5
8401_1427,8401,1427,12.823392022996766,77.4505814838062,12.81890046712181,12.827883578871722,77.44597215324119,77.4551908143712,0,0,Prediction Only,7,38.34703121694288,37.99167432619998,32.56785764960002,45.249361273400034,4.696673622062758,0.2857142857142857,0.14285714285714285,0.4742449716585261,0.4195600928061594,0.0155364184685181,-0.533563300745004,0.1908608601700713,0.14823719360896,0.1456058777955465,729.6933230749603,5685.835997862472,43.87822334105667,High,V5 prediction only
8401_1428,8401,1428,12.832375134746677,77.4505814838062,12.827883578871722,12.836866690621632,77.44597215324119,77.4551908143712,0,0,Prediction Only,7,38.18138664341432,38.28273581929998,32.87494965650003,45.12299707400005,4.840056341670859,0.2857142857142857,0.14285714285714285,0.4584195370589583,0.4199701445258207,0.0002071321153656,-0.5237346032503071,0.161445720677193,0.244065156050253,0.1484212474154676,743.8025888934986,7392.916797876502,46.009988436429616,Very High,V5 prediction only
8401_1429,8401,1429,12.841358246496586,77.4505814838062,12.836866690621632,12.84584980237154,77.44597215324119,77.4551908143712,2,2,Limited,7,38.52432635578573,37.925279287699986,32.90126841050003,45.140035903700024,4.656976804057585,0.2857142857142857,0.14285714285714285,0.4112010797165323,0.3554586969496968,0.0294722170862368,-0.4917071822300972,0.1032155216397885,0.3658788148473891,0.1544629674791438,755.1063342480509,9948.568541391916,45.786951745638774,Very High,Limited historical support + V5
8401_1430,8401,1430,12.850341358246496,77.4505814838062,12.84584980237154,12.854832914121452,77.44597215324119,77.4551908143712,2,2,Limited,7,38.45553137895717,37.609932762499994,33.117150553700014,45.76406381510006,5.05683366117992,0.2857142857142857,0.14285714285714285,0.3861674672598762,0.3226566450945431,0.0534704475220884,-0.475591653976843,0.0842897837489644,0.4198261423982625,0.1592249072587537,768.2719703256097,12433.245946957732,45.05502851418059,Very High,Limited historical support + V5
8401_1431,8401,1431,12.859324469996409,77.4505814838062,12.854832914121452,12.863816025871362,77.44597215324119,77.4551908143712,5,4,Moderate,7,38.57007411204287,37.433238218599996,32.78820030890002,45.16970431730001,4.704879337631442,0.2857142857142857,0.14285714285714285,0.3838257057815465,0.3145041488084964,0.0293545607215931,-0.4464990860294894,0.0716153798147754,0.508697015261617,0.1636676040524983,770.0196933748985,12888.687205730706,45.23135004979815,Very High,Historical support + V5
8401_1432,8401,1432,12.868307581746317,77.4505814838062,12.863816025871362,12.872799137621271,77.44597215324119,77.4551908143712,2,2,Limited,7,38.07797688975716,37.88313510109998,32.68429250090003,44.834533276100025,4.927001764670939,0.2857142857142857,0.14285714285714285,0.3606682169316769,0.3110814363045003,0.0145581090735587,-0.4241945548611053,0.0647306366284763,0.5640486703511831,0.1486340233090501,760.4096456476475,13348.67451170104,47.59873572306015,Very High,Limited historical support + V5
8401_1433,8401,1433,12.877290693496228,77.4505814838062,12.872799137621271,12.881782249371184,77.44597215324119,77.4551908143712,3,2,Limited,7,38.491252129400024,37.3534445417,32.84129924960003,45.94632973160001,5.039723545711817,0.2857142857142857,0.14285714285714285,0.3170833317571587,0.2789701536412056,0.0559922750174478,-0.4051256979070787,0.0645134793797761,0.5525895666860274,0.1500156786402096,760.7685926377806,13059.505735621718,45.34856787430518,Very High,Limited historical support + V5
8401_1434,8401,1434,12.886273805246136,77.4505814838062,12.881782249371184,12.890765361121092,77.44597215324119,77.4551908143712,1,1,Limited,7,38.443441353928606,37.33179138500001,32.808520437800034,44.76673684940002,4.640049761794561,0.2857142857142857,0.14285714285714285,0.3151313682696669,0.2747994241004294,0.0429735378409632,-0.3935182126917723,0.0662735401421545,0.5276394449750628,0.1510781052999409,761.8207517058432,10401.215487858648,45.01176666942584,Very High,Limited historical support + V5
8401_1435,8401,1435,12.895256916996049,77.4505814838062,12.890765361121092,12.899748472871002,77.44597215324119,77.4551908143712,2,2,Limited,7,39.13430132210002,37.77541620079999,33.30821787170002,47.29297834130004,5.154934594205057,0.2857142857142857,0.2857142857142857,0.2725599618488119,0.2275780900866214,0.0805938264194099,-0.3724125172969047,0.0511932209464974,0.4903244735956257,0.1689456146294227,767.4567538717423,7718.411749874573,48.570055852653276,Very High,Limited historical support + V5
8401_1436,8401,1436,12.904240028745958,77.4505814838062,12.899748472871002,12.908731584620911,77.44597215324119,77.4551908143712,4,3,Moderate,7,39.01580589302859,37.4650428947,33.10098331910003,47.145217336700036,5.167322639455608,0.2857142857142857,0.2857142857142857,0.2929017612625231,0.2628492267689799,0.0781313655014384,-0.3926170771294449,0.0797508126877218,0.4995455330930117,0.1678083446277778,782.3788504230774,5739.527587347212,47.41092068765391,Very High,Historical support + V5
8401_1437,8401,1437,12.913223140495868,77.4505814838062,12.908731584620911,12.917714696370822,77.44597215324119,77.4551908143712,2,2,Limited,7,38.851299031871456,36.9094437437,33.133710860600026,47.33013221870003,5.321925305123669,0.2857142857142857,0.14285714285714285,0.2860271339576489,0.2465080905974394,0.0786796705390334,-0.3839949419599998,0.05804356097856,0.568152163032257,0.1621422044774747,792.2145000212788,5167.052199577486,43.71409621956885,High,Limited historical support + V5
8401_1438,8401,1438,12.922206252245775,77.4505814838062,12.917714696370822,12.926697808120734,77.44597215324119,77.4551908143712,3,2,Limited,7,39.3289868584143,37.6436686199,33.554605843400026,47.55452523170003,5.31060618419574,0.2857142857142857,0.2857142857142857,0.293774904191875,0.2416188606923269,0.0952708144148451,-0.406587612584889,0.0848480645571718,0.4825060020717739,0.1577691503683408,800.8237781388119,5400.402807166852,47.96069859935885,Very High,Limited historical support + V5
8401_1439,8401,1439,12.931189363995689,77.4505814838062,12.926697808120734,12.935680919870643,77.44597215324119,77.4551908143712,1,1,Limited,7,38.22537167792859,36.92285947219998,32.10570716540001,45.035427401600046,4.849219459184426,0.2857142857142857,0.14285714285714285,0.3847770143271251,0.3269544108752715,0.0412570447921668,-0.4539111454070615,0.1772327958438607,0.3187760109027088,0.1415818678437964,804.4818753946685,4915.648476777828,41.27442348311878,Moderate,Limited historical support + V5
8401_1440,8401,1440,12.940172475745598,77.4505814838062,12.935680919870643,12.944664031620553,77.44597215324119,77.4551908143712,1,1,Limited,7,38.641657216614306,37.06152854360001,32.665066138400036,46.142797521200045,5.1074433810285464,0.2857142857142857,0.14285714285714285,0.3460702756194704,0.3017123207215708,0.0638347117358625,-0.4386103411979699,0.1056450319608915,0.4210238917872539,0.1540124905601805,808.7707124104165,3742.0790446236806,42.85598050882593,High,Limited historical support + V5
8401_1441,8401,1441,12.94915558749551,77.4505814838062,12.944664031620553,12.953647143370464,77.44597215324119,77.4551908143712,4,3,Moderate,7,38.86264197538573,37.2028978508,32.566199909900064,47.28084437030002,5.399964330512806,0.2857142857142857,0.14285714285714285,0.3251390183975958,0.2862137115148008,0.0819898252595935,-0.4397899811410395,0.0861622222330011,0.385972699512678,0.1601408539802982,825.774186796462,2284.244914655661,43.07543346282142,High,Historical support + V5
8401_1442,8401,1442,12.95813869924542,77.4505814838062,12.953647143370464,12.962630255120374,77.44597215324119,77.4551908143712,0,0,Prediction Only,7,38.397373768657154,36.85309768399999,32.36699770430005,45.22174367180005,4.9695166562917485,0.2857142857142857,0.14285714285714285,0.3182977434251044,0.2815977449365175,0.0501465552119207,-0.4085001746163664,0.0713930180951562,0.4654213556572219,0.1594682733811183,830.533074854739,3649.249230779634,42.45961524946738,High,V5 prediction only
8401_1443,8401,1443,12.967121810995328,77.4505814838062,12.962630255120374,12.971613366870285,77.44597215324119,77.4551908143712,2,2,Limited,7,39.03889705957145,37.608138302,33.07345116800002,46.92943773410001,5.266044582101896,0.2857142857142857,0.2857142857142857,0.2934794139640181,0.2563548873835022,0.0873968911090944,-0.4064936599959861,0.0487720185271795,0.4540838723196448,0.1660046362252223,846.2484817741963,6174.149729357202,47.53322815063531,Very High,Limited historical support + V5
8401_1444,8401,1444,12.97610492274524,77.4505814838062,12.971613366870285,12.980596478620194,77.44597215324119,77.4551908143712,2,1,Limited,7,38.40359700650002,36.732783379999994,32.25297255710002,46.32666990710004,5.368835920075978,0.2857142857142857,0.2857142857142857,0.2956572073498814,0.2712855585469301,0.06456876643728,-0.3972264476894992,0.0458475670213671,0.5440694417261269,0.1573510354033259,849.6047654182598,8934.489397629544,44.903876762169915,Very High,Limited historical support + V5
8401_1445,8401,1445,12.98508803449515,77.4505814838062,12.980596478620194,12.989579590370104,77.44597215324119,77.4551908143712,2,2,Limited,7,38.69833775398574,37.02991185860004,32.715208491800055,47.05874143070002,5.5755428310494795,0.2857142857142857,0.2857142857142857,0.2231499136543031,0.1627741333964013,0.0873034199152204,-0.3011737510491615,0.0309600185032208,0.6846761721589623,0.1814833813385661,859.555452674897,9748.039570761088,47.50789007073253,Very High,Limited historical support + V5
8401_1446,8401,1446,12.99407114624506,77.4505814838062,12.989579590370104,12.998562702120015,77.44597215324119,77.4551908143712,2,2,Limited,7,37.666242200557164,36.141534280400016,32.149953434300045,44.583189175399994,5.054027010980554,0.2857142857142857,0.14285714285714285,0.284107508182351,0.2436481443801685,0.037698401968944,-0.3743103365576391,0.055038028725866,0.6586533278724963,0.1594656529680175,863.4257605274463,6609.6623031488525,41.52309338457949,Moderate,Limited historical support + V5
8401_1447,8401,1447,13.00305425799497,77.4505814838062,12.998562702120015,13.007545813869925,77.44597215324119,77.4551908143712,2,2,Limited,7,37.898391677514304,36.85925012000003,31.80492140540004,44.91072094190002,5.0253718748736524,0.2857142857142857,0.14285714285714285,0.3532113360506684,0.3101291033969541,0.0297461170785412,-0.4414427395119806,0.0579373677775587,0.6165167931062058,0.1598870741341359,849.3719445548489,3446.386906608265,43.995374671784596,High,Limited historical support + V5
8401_1448,8401,1448,13.01203736974488,77.4505814838062,13.007545813869925,13.016528925619834,77.44597215324119,77.4551908143712,5,4,Moderate,7,37.08824769422859,36.05015351570001,31.8369311627,44.33770697900007,4.902536453729123,0.14285714285714285,0.14285714285714285,0.4300125528829673,0.3959980159099097,-0.0157531209624394,-0.4819105126369281,0.1395309131313554,0.2929680681513777,0.1525939283325821,846.5725647040454,1444.221636997704,32.49781692422324,Low,Historical support + V5
8401_1449,8401,1449,13.021020481494787,77.4505814838062,13.016528925619834,13.025512037369744,77.44597215324119,77.4551908143712,2,2,Limited,7,38.188928260400026,36.56207037109999,32.33804707490003,45.195937620800066,4.966684620253712,0.2857142857142857,0.14285714285714285,0.3694265892529199,0.3133000784144429,0.0559454636239192,-0.4660020226617009,0.0918352410988435,0.4737144143176671,0.1561443728756384,858.3048626437967,3479.547873084878,41.36919817093309,Moderate,Limited historical support + V5
8401_1450,8401,1450,13.0300035932447,77.4505814838062,13.025512037369744,13.034495149119657,77.44597215324119,77.4551908143712,3,3,Moderate,7,37.717019329100026,36.70285861490001,31.84270761650002,44.97315107720004,5.157820241229877,0.2857142857142857,0.14285714285714285,0.4246739393764288,0.3931845305865567,0.0357349240129408,-0.512793098073708,0.2592366861334902,0.1804687368627855,0.1459071647213854,859.766655667557,6645.051050424926,39.00436357416419,Low,Historical support + V5
8401_1451,8401,1451,13.03898670499461,77.4505814838062,13.034495149119657,13.043478260869565,77.44597215324119,77.4551908143712,3,3,Moderate,7,37.34330767095717,36.624107434100026,31.70643115910004,44.68875472310004,5.012626278259861,0.14285714285714285,0.14285714285714285,0.4391503542581159,0.4039955276824301,0.0056554081530459,-0.5148402341423903,0.2538209523103525,0.2704991962460857,0.1494642479615509,849.9579184910266,9692.002909456489,34.58716355580868,Low,Historical support + V5
8401_1452,8401,1452,13.04796981674452,77.4505814838062,13.043478260869565,13.052461372619476,77.44597215324119,77.4551908143712,1,1,Limited,7,37.587737605485735,36.719008759400026,31.990690792400024,44.973937221800014,5.148293706037633,0.2857142857142857,0.14285714285714285,0.4134742075847151,0.3562552146585121,0.0129185658083291,-0.4891719553445525,0.1546898127899363,0.3740798522196749,0.162490472097724,844.8144156867199,10224.08872472942,41.005587978279635,Moderate,Limited historical support + V5
8401_1453,8401,1453,13.05695292849443,77.4505814838062,13.052461372619476,13.061444484369384,77.44597215324119,77.4551908143712,1,1,Limited,7,37.57898259140002,36.582390500000045,31.712908307000035,44.64739668110002,4.98311452004987,0.2857142857142857,0.14285714285714285,0.4093088623422625,0.364737071999684,0.0157065894144533,-0.4753417313195565,0.084366854325997,0.5380279558093826,0.1613632099037628,843.9838596341799,9728.496078750792,42.09425914659096,Moderate,Limited historical support + V5
8401_1454,8401,1454,13.06593604024434,77.4505814838062,13.061444484369384,13.070427596119297,77.44597215324119,77.4551908143712,1,1,Limited,7,37.98419130384288,36.54421121660002,32.217732770900035,44.879804951000025,4.89485543283542,0.2857142857142857,0.14285714285714285,0.2341927502728878,0.1880970162583833,0.0617704071326122,-0.3069063863113981,0.039508309954027,0.6566658352967336,0.1622027644083,847.4836751645264,8272.177720344278,43.126708839114265,High,Limited historical support + V5
8401_1455,8401,1455,13.074919151994251,77.4505814838062,13.070427596119297,13.079410707869206,77.44597215324119,77.4551908143712,1,1,Limited,7,38.29121983322859,36.72685311530002,32.413499866400024,44.89619435690003,5.0229619072959615,0.2857142857142857,0.2857142857142857,0.3372473167244331,0.2912117689637932,0.0703388859529924,-0.4074602707404529,0.083587390672219,0.4776602771462682,0.156378512330962,858.7863456295796,6829.967989119227,44.2158758063824,Very High,Limited historical support + V5
8401_1456,8401,1456,13.08390226374416,77.4505814838062,13.079410707869206,13.088393819619116,77.44597215324119,77.4551908143712,1,1,Limited,7,38.195180795557164,36.69790248590002,32.38972753730002,44.72678019559999,4.919435585282113,0.2857142857142857,0.14285714285714285,0.3292804187179084,0.2888511580148444,0.0593874379505331,-0.4082576360710513,0.0951706672445634,0.5041675983505008,0.169048986484612,867.3317288749266,6101.815200979144,42.22137034495835,Moderate,Limited historical support + V5
8401_1457,8401,1457,13.09288537549407,77.4505814838062,13.088393819619116,13.097376931369029,77.44597215324119,77.4551908143712,2,2,Limited,7,38.30281912824288,36.64806775430001,32.41507215560003,45.074392829600036,5.045932360906647,0.2857142857142857,0.2857142857142857,0.3409905980397941,0.302900594794782,0.0523725151741309,-0.4195972134142612,0.0809205422842457,0.3640797999969608,0.165130402423759,868.6705480691767,4439.678210762255,42.76242861687944,High,Limited historical support + V5
8401_1458,8401,1458,13.101868487243982,77.4505814838062,13.097376931369029,13.106360043118936,77.44597215324119,77.4551908143712,3,3,Moderate,7,38.241053065400024,36.6175448357,32.44282647800003,45.15705764330003,4.9816262092713375,0.2857142857142857,0.14285714285714285,0.3738844445360978,0.3394188010364245,0.0691073611897013,-0.4650889672192506,0.1181106406451543,0.2706491428531987,0.1601965631589958,869.4369325884969,4508.4819876665015,39.56220430419734,Low,Historical support + V5
8401_1459,8401,1459,13.110851598993891,77.4505814838062,13.106360043118936,13.115343154868846,77.44597215324119,77.4551908143712,0,0,Prediction Only,7,38.25892442711431,36.658800337100004,32.760719428100025,44.85129866420002,4.777854189148782,0.2857142857142857,0.14285714285714285,0.3837919733430362,0.3378195660713494,0.0700124184644657,-0.4760327431096323,0.1019788349305459,0.2951390032056643,0.1539143300273824,880.3426429719858,6504.00778596369,39.97343453398572,Low,V5 prediction only
8401_1460,8401,1460,13.119834710743802,77.4505814838062,13.115343154868846,13.124326266618755,77.44597215324119,77.4551908143712,6,4,Moderate,7,37.63420558738573,36.529445370200015,31.744559172200024,45.05802051380002,5.355815787044005,0.2857142857142857,0.14285714285714285,0.4452253222680443,0.4033763588677535,0.0096965456834953,-0.5194007308104083,0.2163165197253538,0.135785733953536,0.1417916380506245,871.9515635537568,9287.678367196666,37.85837571089691,Low,Historical support + V5
8401_1461,8401,1461,13.128817822493712,77.4505814838062,13.124326266618755,13.133309378368669,77.44597215324119,77.4551908143712,2,2,Limited,7,37.16069506957145,36.42933156440002,31.776141677000002,44.51153038610004,5.364260343648965,0.2857142857142857,0.14285714285714285,0.4654435554955454,0.4361466569357892,-0.0346965256299303,-0.5337832954395791,0.207168320657646,0.1909961569783267,0.1525528733726138,882.851830681895,12087.50971787682,38.00684669066726,Low,Limited historical support + V5
8401_1462,8401,1462,13.13780093424362,77.4505814838062,13.133309378368669,13.142292490118576,77.44597215324119,77.4551908143712,5,5,High,7,38.17820788481431,36.593071812500014,32.37019355300003,45.013637524100034,5.018181195965117,0.2857142857142857,0.2857142857142857,0.3836210115051255,0.3411836404045292,0.0412032438154315,-0.4826569443467651,0.0982235881209147,0.3329992221040124,0.1584517059880005,891.8609983773435,12669.402354833011,42.22989327153877,Moderate,Strong historical support + V5
8401_1463,8401,1463,13.146784045993533,77.4505814838062,13.142292490118576,13.151275601868488,77.44597215324119,77.4551908143712,1,1,Limited,7,38.77751862872858,36.98833164529999,32.84984429960003,45.65760958220001,5.304549096544912,0.2857142857142857,0.2857142857142857,0.3548519719209971,0.3119688089378255,0.0744581113504016,-0.4892075140463703,0.1158052620807465,0.200838437255851,0.1582866611541617,912.0687312921428,12543.37083123329,42.50187194013553,High,Limited historical support + V5
8402_1424,8402,1424,12.796442687747035,77.45980014493621,12.79195113187208,12.80093424362199,77.4551908143712,77.46440947550121,1,1,Limited,7,39.39777206947144,38.0428249955,34.3588830395,47.84941490720001,5.2066248469151954,0.2857142857142857,0.2857142857142857,0.3516919529161462,0.3091094734142137,0.0951271666217495,-0.4754240160294926,0.1726870993874066,0.1398795969809354,0.1469791845933293,764.1819255026119,3847.895208580443,46.14373092915284,Very High,Limited historical support + V5
8402_1425,8402,1425,12.805425799496946,77.45980014493621,12.80093424362199,12.8099173553719,77.4551908143712,77.46440947550121,3,3,Moderate,7,39.409293238314305,38.1422551973,33.84175370359999,47.347547030600005,4.955956108638689,0.2857142857142857,0.14285714285714285,0.3729438106188188,0.3220964503924849,0.1026406677038497,-0.4785341249019241,0.2552223028916046,0.0658511795730386,0.144865012162986,773.0226513695767,5055.840306995056,43.66146674626908,High,Historical support + V5
8402_1426,8402,1426,12.814408911246856,77.45980014493621,12.8099173553719,12.81890046712181,77.4551908143712,77.46440947550121,6,4,Moderate,7,39.197180682885744,37.801837495400015,33.303842806100036,47.14227783950007,5.0155238160464926,0.2857142857142857,0.14285714285714285,0.3934876592065194,0.3313534805393789,0.0739927605114657,-0.4936043216155341,0.1684177359291004,0.1945856122040178,0.1536489168724183,755.746343383342,2626.221373846377,43.576333995716,High,Historical support + V5
8402_1427,8402,1427,12.823392022996766,77.45980014493621,12.81890046712181,12.827883578871722,77.4551908143712,77.46440947550121,3,2,Limited,7,38.668979403628605,38.0402614805,32.78097119660002,45.189221211500055,4.581341453675901,0.2857142857142857,0.14285714285714285,0.4099193483670061,0.3571303714496981,0.02980172373117,-0.4982889583733323,0.173251003831773,0.2467550947134102,0.1524311122377958,735.8758044556637,2804.175034177556,45.05929332702577,Very High,Limited historical support + V5
8402_1428,8402,1428,12.832375134746677,77.45980014493621,12.827883578871722,12.836866690621632,77.4551908143712,77.46440947550121,1,1,Limited,7,38.3717776817429,38.0880624902,32.73057249170003,45.22630672850005,4.767044819213463,0.2857142857142857,0.14285714285714285,0.4357526586896111,0.3903591404713318,0.0125634093835231,-0.510210496096408,0.1984961024684098,0.1915086111535496,0.1481008110322553,738.8903572846934,5495.436460197868,44.699549932462645,Very High,Limited historical support + V5
8402_1429,8402,1429,12.841358246496586,77.45980014493621,12.836866690621632,12.84584980237154,77.4551908143712,77.46440947550121,2,2,Limited,7,39.07853388435717,37.712097380300015,33.04573102580004,46.995337159700014,4.988574646884461,0.2857142857142857,0.14285714285714285,0.3905323563403064,0.3418322813344676,0.059815516493735,-0.4768710652195396,0.1908798029387103,0.2528179948839189,0.1513452156721055,750.4613868126581,8609.959586015231,43.79684863879057,High,Limited historical support + V5
8402_1430,8402,1430,12.850341358246496,77.45980014493621,12.84584980237154,12.854832914121452,77.4551908143712,77.46440947550121,3,3,Moderate,7,38.727510554685736,37.46531633630001,32.943788579300026,45.28837797170003,4.646102189885001,0.2857142857142857,0.14285714285714285,0.3910562048160609,0.3344017705399253,0.0509222746053315,-0.474554591232701,0.0995343613976155,0.4424415892826664,0.1532922601157991,767.8913832046793,10373.94007441855,44.69812655326348,Very High,Historical support + V5
8402_1431,8402,1431,12.859324469996409,77.45980014493621,12.854832914121452,12.863816025871362,77.4551908143712,77.46440947550121,4,2,Limited,7,38.14121758408574,37.787481811400006,32.75080717010002,45.014321128100036,4.7474592835839555,0.2857142857142857,0.14285714285714285,0.401539504583235,0.338563143902969,0.0150693890625274,-0.4712346483366286,0.1009681263275181,0.4945775654235812,0.1563617203602434,775.7912599153941,10976.658126522329,46.518375082981386,Very High,Limited historical support + V5
8402_1432,8402,1432,12.868307581746317,77.45980014493621,12.863816025871362,12.872799137621271,77.4551908143712,77.46440947550121,4,3,Moderate,7,38.14012381768573,37.78226933089998,32.55478372310003,44.97390304160003,4.82947120067238,0.2857142857142857,0.14285714285714285,0.3825325587945185,0.3217194197039433,0.0180784216739957,-0.4516772029022605,0.0637634309178667,0.5596973054411186,0.156677344223623,763.3815297217369,11853.787919065904,47.14855709541414,Very High,Historical support + V5
8402_1433,8402,1433,12.877290693496228,77.45980014493621,12.872799137621271,12.881782249371184,77.4551908143712,77.46440947550121,1,1,Limited,7,38.523691580642875,37.38933375169999,32.49712172570003,45.95547293510001,5.060612646989579,0.2857142857142857,0.14285714285714285,0.3024183441878207,0.2412563784218018,0.058010517441666,-0.3959388943299158,0.0375149168261118,0.7081838924804819,0.1610834773411453,771.5569795770735,11310.39593252749,47.04920724457523,Very High,Limited historical support + V5
8402_1434,8402,1434,12.886273805246136,77.45980014493621,12.881782249371184,12.890765361121092,77.4551908143712,77.46440947550121,9,5,High,7,38.09682971150003,37.64881274,32.63556862580001,44.815067652200035,4.850724713820457,0.2857142857142857,0.14285714285714285,0.3731585674713469,0.3423817762166061,0.0235409259191383,-0.4509996770797145,0.0840034206414588,0.5347476836321277,0.1500849994055674,780.8595444646988,11031.45376550506,46.360998048205246,Very High,Strong historical support + V5
8402_1435,8402,1435,12.895256916996049,77.45980014493621,12.890765361121092,12.899748472871002,77.4551908143712,77.46440947550121,1,1,Limited,7,38.77466702347145,37.43123867690003,32.8813071737,46.250106259100015,4.937164027999206,0.2857142857142857,0.14285714285714285,0.2492285542435116,0.1822977225264495,0.0677629482239868,-0.3292354009822094,0.0523172849762043,0.5642137417826776,0.1559294080671603,768.4785737593276,10114.644408149315,45.778455674465036,Very High,Limited historical support + V5
8402_1436,8402,1436,12.904240028745958,77.45980014493621,12.899748472871002,12.908731584620911,77.4551908143712,77.46440947550121,6,4,Moderate,7,38.94313634638572,37.331517943399994,33.161396822600025,46.97522211200001,5.087857672704856,0.2857142857142857,0.2857142857142857,0.275583867326219,0.2410886800814555,0.0797635646806386,-0.3811775530771288,0.0392888664033301,0.6129052698452162,0.1704032268805272,777.1783062871336,8497.314616606705,48.00617961441436,Very High,Historical support + V5
8402_1437,8402,1437,12.913223140495868,77.45980014493621,12.908731584620911,12.917714696370822,77.4551908143712,77.46440947550121,6,3,Moderate,7,39.38078939295716,37.8661304516,33.33875788040006,47.934113442800005,5.361420603507755,0.2857142857142857,0.2857142857142857,0.3005337445107606,0.2596249616083673,0.0883324752601183,-0.4030878769226826,0.0938272387345781,0.3905716679213227,0.1659428966114259,786.3736779383303,6159.620152944141,47.93826444554072,Very High,Historical support + V5
8402_1438,8402,1438,12.922206252245775,77.45980014493621,12.917714696370822,12.926697808120734,77.4551908143712,77.46440947550121,6,4,Moderate,7,38.442601497585734,36.98643464419999,32.718882863300024,44.98393493030006,4.7879476440017825,0.2857142857142857,0.14285714285714285,0.3641415558836681,0.3331838282887778,0.0407844139148034,-0.4545565193000711,0.144104224459385,0.4037108824166667,0.1597386601583786,792.3681718385902,3469.9313935937616,42.38009102580646,High,Historical support + V5
8402_1439,8402,1439,12.931189363995689,77.45980014493621,12.926697808120734,12.935680919870643,77.4551908143712,77.46440947550121,1,1,Limited,7,38.43434453784288,36.8482611857,32.43829760150005,45.43108030670003,4.959621404293141,0.2857142857142857,0.14285714285714285,0.3467226779389313,0.3076575923534602,0.0501427290532503,-0.4410086465199671,0.1239042676036804,0.4284337424445579,0.1600209630070658,803.4103805541087,2516.086803682678,42.07023959363214,Moderate,Limited historical support + V5
8402_1440,8402,1440,12.940172475745598,77.45980014493621,12.935680919870643,12.944664031620553,77.4551908143712,77.46440947550121,6,5,High,7,38.643109875114305,37.01459912900001,32.475759100700046,46.61687689520005,5.26633662760127,0.2857142857142857,0.14285714285714285,0.3396260171335744,0.3014270595521611,0.0711750230369037,-0.4387707726862825,0.1054563377989996,0.4332704400064487,0.1489364226256856,811.0353132293375,2596.9487691258223,42.789238598424596,High,Strong historical support + V5
8402_1441,8402,1441,12.94915558749551,77.45980014493621,12.944664031620553,12.953647143370464,77.4551908143712,77.46440947550121,3,2,Limited,7,36.356654693428595,35.5786034765,30.81808776110006,43.25098170020001,5.15000014506221,0.2857142857142857,0.0,0.2631568776578216,0.1315438294320489,-0.0346594998048764,-0.2918252951674774,0.0838269438420951,0.2629394939483272,0.1210505487621995,814.4328950122199,554.6923462078712,33.15350492919941,Low,Limited historical support + V5
8402_1442,8402,1442,12.95813869924542,77.45980014493621,12.953647143370464,12.962630255120374,77.4551908143712,77.46440947550121,9,4,Moderate,7,38.473217191014314,36.84682561729999,32.57406135590005,45.619584109700064,5.0819434623387,0.2857142857142857,0.14285714285714285,0.3218219856637028,0.2762256841925636,0.0539148812597087,-0.4151169163053588,0.1290292035964086,0.2116326371763554,0.1558386181955912,820.4878156939673,1960.8525284997784,39.89644069645707,Low,Historical support + V5
8402_1443,8402,1443,12.967121810995328,77.45980014493621,12.962630255120374,12.971613366870285,77.4551908143712,77.46440947550121,6,4,Moderate,7,36.94670992747145,36.11231020940004,31.810851670100035,44.130985129399996,5.1332389195513555,0.2857142857142857,0.0,0.4266176404105237,0.4010743617033603,-0.0334662714547921,-0.4941275727124595,0.1237563404188835,0.3649100289351746,0.1606514110063386,829.4832964350599,5107.299362602988,36.32497927516987,Low,Historical support + V5
8402_1444,8402,1444,12.97610492274524,77.45980014493621,12.971613366870285,12.980596478620194,77.4551908143712,77.46440947550121,6,3,Moderate,7,38.39031067447144,36.753770022800005,32.328818420900035,46.31781723529999,5.3425900128655375,0.2857142857142857,0.2857142857142857,0.3464658877196653,0.3037202883627529,0.0563778917799877,-0.4294632727884049,0.0873798058583886,0.4629308514124822,0.1541932466448167,838.9122667584453,8383.715678091707,44.17710363328863,Very High,Historical support + V5
8402_1445,8402,1445,12.98508803449515,77.45980014493621,12.980596478620194,12.989579590370104,77.4551908143712,77.46440947550121,5,4,Moderate,7,38.51130125814287,36.66536293549999,32.283410025200055,46.72141703690003,5.488931233204628,0.2857142857142857,0.2857142857142857,0.2514716535485348,0.2110875285961869,0.071654823734926,-0.3529058141183196,0.0313513949395575,0.6824656448517114,0.1697477854102807,852.7144798274379,9656.503287857422,46.01601681098566,Very High,Historical support + V5
8402_1446,8402,1446,12.99407114624506,77.45980014493621,12.989579590370104,12.998562702120015,77.4551908143712,77.46440947550121,5,4,Moderate,7,37.730449706257176,36.50297280530004,32.00916519050004,44.68487527040003,5.077908255224886,0.2857142857142857,0.14285714285714285,0.336236185864752,0.303000586586769,0.0271288294977567,-0.396933726789951,0.1371390509273297,0.520861371473655,0.1565669513058613,868.1537642801406,6866.616844858471,41.602401477530464,Moderate,Historical support + V5
8402_1447,8402,1447,13.00305425799497,77.45980014493621,12.998562702120015,13.007545813869925,77.4551908143712,77.46440947550121,0,0,Prediction Only,7,38.30834899631431,36.55812255800001,32.34231959990003,44.95558245440003,4.976284373006126,0.2857142857142857,0.14285714285714285,0.3275601519691772,0.2829704590378665,0.0605550775113145,-0.4175001300597286,0.0756154349240943,0.5532880365601981,0.1683218169521543,856.3486800324995,3913.888479211469,42.14901782100266,Moderate,V5 prediction only
8402_1448,8402,1448,13.01203736974488,77.45980014493621,13.007545813869925,13.016528925619834,77.4551908143712,77.46440947550121,4,4,Moderate,7,37.45945931488575,36.21329561030002,31.809381921500016,44.68058565530005,4.940103684303639,0.2857142857142857,0.14285714285714285,0.3974246969320185,0.360936614799431,0.0062321444537615,-0.4724221395542716,0.1435501134736025,0.4636931282299698,0.1527529113872796,855.192174378878,2285.308421059142,39.862814709894664,Low,Historical support + V5
8402_1449,8402,1449,13.021020481494787,77.45980014493621,13.016528925619834,13.025512037369744,77.4551908143712,77.46440947550121,3,2,Limited,7,37.8775539627286,36.50348550830001,32.00620860320004,44.90791816550001,5.039655005724805,0.2857142857142857,0.14285714285714285,0.3592071892131008,0.3229679217392815,0.0361007110132886,-0.4596749951363285,0.070735406431625,0.5760903142993992,0.1665355085455098,861.024249779111,3637.5488075963126,42.15675799310672,Moderate,Limited historical support + V5
8402_1450,8402,1450,13.0300035932447,77.45980014493621,13.025512037369744,13.034495149119657,77.4551908143712,77.46440947550121,2,1,Limited,7,38.130143199285726,36.43606506379999,32.02671672320002,45.39754953050001,5.2246613849494805,0.2857142857142857,0.2857142857142857,0.3253928494976181,0.2706890869996737,0.0563413204672662,-0.42340258755067,0.0528834185686898,0.6594114374469637,0.1645452849166924,860.4912735196225,6041.478854058446,44.861004384999326,Very High,Limited historical support + V5
8402_1451,8402,1451,13.03898670499461,77.45980014493621,13.034495149119657,13.043478260869565,77.4551908143712,77.46440947550121,1,1,Limited,7,37.75208577285717,36.62438087570001,32.10343418210003,45.094148985200064,5.059839944583722,0.2857142857142857,0.14285714285714285,0.365506280316082,0.3167725617672024,0.0278796633175577,-0.4501607082120146,0.0901051081525966,0.5551405261110508,0.1595075007321563,859.7365921698502,7770.691755701154,42.434679301028375,High,Limited historical support + V5
8402_1452,8402,1452,13.04796981674452,77.45980014493621,13.043478260869565,13.052461372619476,77.4551908143712,77.46440947550121,4,4,Moderate,7,37.765184113785736,36.56964128540002,32.056658578400054,44.852973494,5.136778341387055,0.2857142857142857,0.14285714285714285,0.3291649750032581,0.2754849961898555,0.0318242857135593,-0.4077203825515574,0.0839954730348765,0.6017633843995678,0.1595506907830784,852.56414069182,6941.700176273591,42.68021186116182,High,Historical support + V5
8402_1453,8402,1453,13.05695292849443,77.45980014493621,13.052461372619476,13.061444484369384,77.4551908143712,77.46440947550121,4,3,Moderate,7,37.63789704898574,36.40960958900001,31.899104946500056,44.48121254870003,5.0896915128758415,0.2857142857142857,0.14285714285714285,0.3019639435961613,0.2324883813610824,0.0397827856451366,-0.3741045480442169,0.0493171638223505,0.6593631777118396,0.1561693583473663,851.7247156520057,7062.70307620041,42.61100293913395,High,Historical support + V5
8402_1454,8402,1454,13.06593604024434,77.45980014493621,13.061444484369384,13.070427596119297,77.4551908143712,77.46440947550121,6,4,Moderate,7,37.74422920974287,36.49341943940001,32.04857496110003,44.636681188400004,5.101909823859741,0.2857142857142857,0.14285714285714285,0.3063247991097946,0.2485346867918662,0.0384262867143643,-0.3849685376407473,0.0597878079225301,0.6346873374452736,0.1607906051246524,849.4939423834444,8371.669667080789,42.70214441020367,High,Historical support + V5
8402_1455,8402,1455,13.074919151994251,77.45980014493621,13.070427596119297,13.079410707869206,77.4551908143712,77.46440947550121,2,1,Limited,7,37.69283683760001,36.63984741620002,31.908265240100036,44.74834790180001,5.143843112468757,0.2857142857142857,0.14285714285714285,0.3917215813991683,0.3372168422102644,0.0182392873735884,-0.4561504298643501,0.0925958507454034,0.5253593580502828,0.1543049017759199,847.8658831294642,9584.466517710252,42.199224754541966,Moderate,Limited historical support + V5
8402_1456,8402,1456,13.08390226374416,77.45980014493621,13.079410707869206,13.088393819619116,77.4551908143712,77.46440947550121,4,4,Moderate,7,38.37022980697145,36.73131363140001,32.49098637980001,44.9273325191,4.976142554235506,0.2857142857142857,0.2857142857142857,0.3748744772141144,0.3238287274695272,0.0452657792892872,-0.4508269590373508,0.1050976925314311,0.4227384745476314,0.1607810384295922,850.8944325755365,8862.99066950579,43.684641440070756,High,Historical support + V5
8402_1457,8402,1457,13.09288537549407,77.45980014493621,13.088393819619116,13.097376931369029,77.4551908143712,77.46440947550121,3,3,Moderate,7,38.501039873814314,36.94012047319999,32.91784580750004,45.32031936860006,4.988924471901437,0.2857142857142857,0.2857142857142857,0.3824984094226242,0.333969454313549,0.0635894782796815,-0.4675195708161746,0.1271268124960055,0.2020765424409574,0.1554533014250941,856.3930844511981,7617.149811002276,42.319877881095955,Moderate,Historical support + V5
8402_1458,8402,1458,13.101868487243982,77.45980014493621,13.097376931369029,13.106360043118936,77.4551908143712,77.46440947550121,1,1,Limited,7,37.902512833057166,36.7931968835,32.06453711450004,44.93838981380003,5.127877335102635,0.2857142857142857,0.2857142857142857,0.4427393483223208,0.3932683225599691,0.0202384795301503,-0.5102889285004372,0.1793057075323783,0.1254889119146476,0.1520481989917236,860.047586760197,7656.870133795716,40.96164325313646,Moderate,Limited historical support + V5
8402_1459,8402,1459,13.110851598993891,77.45980014493621,13.106360043118936,13.115343154868846,77.4551908143712,77.46440947550121,6,3,Moderate,7,37.263081858671455,36.320706888800025,31.82122536080003,44.47217188580001,5.14361960679696,0.2857142857142857,0.14285714285714285,0.4509696014468423,0.4085777541371576,-0.0141124999782417,-0.5190813936370705,0.1684029378328701,0.3272892861989763,0.1504984608600695,863.9817342682184,8977.738104059508,38.931831082901844,Low,Historical support + V5
8402_1460,8402,1460,13.119834710743802,77.45980014493621,13.115343154868846,13.124326266618755,77.4551908143712,77.46440947550121,4,3,Moderate,7,37.904080239371446,36.40137216079999,32.53728346070002,44.872729649600025,4.917908050768673,0.2857142857142857,0.14285714285714285,0.4362234772374929,0.3800800352116035,0.0252270589543711,-0.5111692768811065,0.2523162647796424,0.1403266461985317,0.1417797883344041,870.4209390407988,10908.02034542798,37.38742642107652,Low,Historical support + V5
8402_1461,8402,1461,13.128817822493712,77.45980014493621,13.124326266618755,13.133309378368669,77.4551908143712,77.46440947550121,4,3,Moderate,7,38.19078375697146,36.5644288049,32.08383183740004,45.20371361630006,5.139209782153229,0.2857142857142857,0.2857142857142857,0.412938841226416,0.3620378321245232,0.0347175984876294,-0.4998996546746588,0.1401819146922757,0.2331280003322922,0.165271589310021,875.8121008820989,10616.965734564508,41.11569977560361,Moderate,Historical support + V5
8402_1462,8402,1462,13.13780093424362,77.45980014493621,13.133309378368669,13.142292490118576,77.4551908143712,77.46440947550121,6,3,Moderate,7,37.78506722441431,36.65898832820002,31.729998407000043,45.019003815500064,5.1839727516866585,0.2857142857142857,0.14285714285714285,0.448131205942284,0.4161678824243127,0.0033117649177809,-0.5291034435610268,0.1860293778362114,0.1760291689823871,0.1549482612020886,878.9030384779205,9423.265782157932,38.78309412376995,Low,Historical support + V5
8402_1463,8402,1463,13.146784045993533,77.45980014493621,13.142292490118576,13.151275601868488,77.4551908143712,77.46440947550121,3,1,Limited,7,38.319259804442886,36.86123257160001,32.38793307680004,44.91711263930002,5.075779858830342,0.2857142857142857,0.2857142857142857,0.3941141838001821,0.3501136407581225,0.0478282870700608,-0.498649545099269,0.1321525689677046,0.2376156940464693,0.1662019609921287,892.3090996219585,9229.252759737468,42.357213561677526,High,Limited historical support + V5
8403_1424,8403,1424,12.796442687747035,77.46901880606623,12.79195113187208,12.80093424362199,77.46440947550121,77.47362813663123,0,0,Prediction Only,7,39.80704334282859,38.20803499220004,34.6651718117,48.00563551130001,5.03566888381278,0.2857142857142857,0.2857142857142857,0.3391803439498504,0.2776668926170752,0.1278037130437514,-0.4713973763932479,0.1544613258718294,0.0789745064423789,0.1559145246682982,775.7583751989877,3725.261681983037,46.20076446083928,Very High,V5 prediction only
8403_1425,8403,1425,12.805425799496946,77.46901880606623,12.80093424362199,12.8099173553719,77.46440947550121,77.47362813663123,6,5,High,7,38.900496546885726,37.340199714200004,32.904259178000004,47.30776127780002,5.32492550403078,0.2857142857142857,0.14285714285714285,0.3844022590771446,0.3405662684486659,0.073116660391342,-0.498025143667942,0.238312846111194,0.0755984537181708,0.1450439520958934,788.8025791997953,4819.808135826687,40.525256988887456,Moderate,Strong historical support + V5
8403_1426,8403,1426,12.814408911246856,77.46901880606623,12.8099173553719,12.81890046712181,77.46440947550121,77.47362813663123,3,3,Moderate,7,39.398191997642876,38.17469220710002,33.8369684756,47.660637662599974,5.030232416358646,0.2857142857142857,0.14285714285714285,0.3617054505208068,0.303061332165525,0.0985604818123563,-0.4717549658303688,0.2013750175339606,0.0609516907769319,0.1497524168718272,763.2222143444603,2062.719423638367,43.74324958268612,High,Historical support + V5
8403_1427,8403,1427,12.823392022996766,77.46901880606623,12.81890046712181,12.827883578871722,77.46440947550121,77.47362813663123,3,2,Limited,7,39.13687216142859,38.086216759400024,33.37765494800001,46.471132522400005,4.867890089406939,0.2857142857142857,0.14285714285714285,0.3776133613150128,0.3178209981103245,0.0836408845756454,-0.4744057206067821,0.2306875783055743,0.0950464564715427,0.1440771302004061,756.0062751493466,2282.90247288048,43.727486871294495,High,Limited historical support + V5
8403_1428,8403,1428,12.832375134746677,77.46901880606623,12.827883578871722,12.836866690621632,77.46440947550121,77.47362813663123,2,2,Limited,7,38.69828648368573,37.61242791709999,33.17882872460002,45.50967767660004,4.728592896834647,0.2857142857142857,0.14285714285714285,0.3984205004958083,0.3451496902417091,0.0733276488098567,-0.4864343384028555,0.2730435020804612,0.1003569769109238,0.1358105379843022,757.1863033612264,5246.766090249445,41.87039668425936,Moderate,Limited historical support + V5
8403_1429,8403,1429,12.841358246496586,77.46901880606623,12.836866690621632,12.84584980237154,77.46440947550121,77.47362813663123,6,3,Moderate,7,37.40961481751431,37.91610190399999,32.30439666800002,44.560459342400044,4.913075252304163,0.14285714285714285,0.14285714285714285,0.4789674462619175,0.4452082841220658,-0.0283800354844099,-0.5307671764365788,0.1959770025647754,0.3443260035864477,0.147865931738891,746.8478082789301,7384.45812430443,40.53442277002041,Moderate,Historical support + V5
8403_1430,8403,1430,12.850341358246496,77.46901880606623,12.84584980237154,12.854832914121452,77.46440947550121,77.47362813663123,3,3,Moderate,7,38.18711670980003,37.82996779999999,32.86934410370001,44.99345411600004,4.755487551170543,0.2857142857142857,0.14285714285714285,0.4324793175202265,0.3845053185777231,0.0161867138181642,-0.5006301954709395,0.1184978056193882,0.3426947988119588,0.1502345888548415,760.0475150191163,7125.955313378203,45.170840052694274,Very High,Historical support + V5
8403_1431,8403,1431,12.859324469996409,77.46901880606623,12.854832914121452,12.863816025871362,77.46440947550121,77.47362813663123,6,6,Very High,7,37.79177142650002,37.637516183900004,32.6942047589,45.14430842870005,4.994636418117861,0.2857142857142857,0.14285714285714285,0.4348334098119114,0.3862116537097605,-0.0025837272742115,-0.5068339841031505,0.1408613252777691,0.3479506090793093,0.148506468843512,775.4086203778244,7883.561714481154,44.44748247874987,Very High,Strong historical support + V5
8403_1432,8403,1432,12.868307581746317,77.46901880606623,12.863816025871362,12.872799137621271,77.46440947550121,77.47362813663123,2,1,Limited,7,38.668415430328594,37.27467627080001,32.98111335770002,45.61351712420002,4.767266466865534,0.2857142857142857,0.14285714285714285,0.3814771773778561,0.3221846367926026,0.0552205692238579,-0.4819356978829096,0.1183779977312869,0.312348434008209,0.1509972262862819,785.4016872759255,8878.07984994017,42.62858303242783,High,Limited historical support + V5
8403_1433,8403,1433,12.877290693496228,77.46901880606623,12.872799137621271,12.881782249371184,77.46440947550121,77.47362813663123,1,1,Limited,7,36.7817074534143,37.38682150699999,32.05414633370001,43.78790137190004,4.703165792940999,0.14285714285714285,0.0,0.487009746401787,0.4512133534746487,-0.0819582803225963,-0.528764008156316,0.1935931108334458,0.4168084059102327,0.1417045200177724,773.8671446452572,8013.507186428255,36.982466508152804,Low,Limited historical support + V5
8403_1434,8403,1434,12.886273805246136,77.46901880606623,12.881782249371184,12.890765361121092,77.46440947550121,77.47362813663123,1,1,Limited,7,38.21333536464288,37.81417654760002,32.598363478100026,44.51867404790003,4.760047754474824,0.2857142857142857,0.14285714285714285,0.3412092475053783,0.2846232906967524,0.0309123848174993,-0.4211307525883267,0.0995304723064914,0.5447557991118211,0.1511744852146923,783.9572974180583,8101.93523313021,47.12778376626978,Very High,Limited historical support + V5
8403_1435,8403,1435,12.895256916996049,77.46901880606623,12.890765361121092,12.899748472871002,77.46440947550121,77.47362813663123,1,1,Limited,7,38.77459866307144,37.035637042099985,32.87336027720002,47.155249225399984,5.3248778757862025,0.2857142857142857,0.14285714285714285,0.320214306971113,0.2624137925948938,0.0677588402569035,-0.4130169548420557,0.1007791510303062,0.4390702175079521,0.1491796957522226,790.9245279673173,9328.927349214284,42.93205585642653,High,Limited historical support + V5
8403_1436,8403,1436,12.904240028745958,77.46901880606623,12.899748472871002,12.908731584620911,77.46440947550121,77.47362813663123,3,3,Moderate,7,38.21054479545717,37.30899319160002,32.72689812020002,44.953805084000024,4.9338553195238894,0.2857142857142857,0.14285714285714285,0.3096384948352952,0.2455711377547308,0.0369132026220482,-0.3909391115873042,0.0714076787745769,0.5055905295380347,0.1454777019703809,782.1137032649798,8944.601684213996,44.69936103227357,Very High,Historical support + V5
8403_1437,8403,1437,12.913223140495868,77.46901880606623,12.908731584620911,12.917714696370822,77.46440947550121,77.47362813663123,2,2,Limited,7,38.61664707598574,37.133375324000006,32.606276194400046,47.237418426200044,5.460956936792333,0.2857142857142857,0.14285714285714285,0.3073897728008928,0.2572368570371172,0.068907167612323,-0.4097157939737607,0.0785838118202677,0.382110358873843,0.1556405440365846,808.5551023014286,5715.2462189261805,42.75651301598538,High,Limited historical support + V5
8403_1438,8403,1438,12.922206252245775,77.46901880606623,12.917714696370822,12.926697808120734,77.46440947550121,77.47362813663123,0,0,Prediction Only,7,38.14700380365717,36.68616158720001,32.23936883750004,45.53076686000004,5.154887852829901,0.2857142857142857,0.14285714285714285,0.3475901923799254,0.2968474608655867,0.0496363734445472,-0.4344791381132863,0.1376273182432731,0.3427222873131977,0.1504910925865089,810.850209466243,2515.881368083681,40.55958093498164,Moderate,V5 prediction only
8403_1439,8403,1439,12.931189363995689,77.46901880606623,12.926697808120734,12.935680919870643,77.46440947550121,77.47362813663123,5,5,High,7,36.93950278815718,36.07257572690002,31.652016280700035,44.21406010550003,4.977370488060281,0.14285714285714285,0.14285714285714285,0.3740178469154168,0.3199295426298803,-0.025531606630714,-0.4248211017840884,0.0961045320214909,0.3961481884596833,0.1404495224760026,808.1235048313628,819.641818518446,33.62001874605447,Low,Strong historical support + V5
8403_1440,8403,1440,12.940172475745598,77.46901880606623,12.935680919870643,12.944664031620553,77.46440947550121,77.47362813663123,2,1,Limited,7,37.79435935592859,36.579980795900035,32.11206468260004,44.92675145569999,4.995426047736261,0.2857142857142857,0.14285714285714285,0.3583240869672847,0.3105205063859833,0.0153653852551769,-0.4226671352702403,0.0452861678715917,0.6776760794242196,0.1568588387851681,815.4563689116525,2930.3755586305183,43.48102507234029,High,Limited historical support + V5
8403_1441,8403,1441,12.94915558749551,77.46901880606623,12.944664031620553,12.953647143370464,77.46440947550121,77.47362813663123,5,3,Moderate,7,37.80449866811431,36.73659447230002,32.07984984410006,44.94922493720002,5.206857142997414,0.2857142857142857,0.14285714285714285,0.3363273254724336,0.2851954971165213,0.0173025892424764,-0.4105266654099639,0.0351895215657721,0.6927714183337323,0.1528809580313204,824.1205817149956,3020.628802890038,44.2634047344597,Very High,Historical support + V5
8403_1442,8403,1442,12.95813869924542,77.46901880606623,12.953647143370464,12.962630255120374,77.46440947550121,77.47362813663123,4,3,Moderate,7,38.50003888224288,36.77210770009999,32.46220665140006,46.64022197180001,5.335775678989936,0.2857142857142857,0.14285714285714285,0.2988518063884764,0.2462585257020416,0.0532773562301766,-0.3953070072085716,0.031145060984012,0.6351110981458243,0.1639164922366366,837.1233127942094,3554.491460477875,43.82998178087212,High,Historical support + V5
8403_1443,8403,1443,12.967121810995328,77.46901880606623,12.962630255120374,12.971613366870285,77.46440947550121,77.47362813663123,1,1,Limited,7,39.65713630995715,37.63982334740002,33.40221342170001,47.8422541553,5.364590664839896,0.2857142857142857,0.2857142857142857,0.2715172151155404,0.2106713373368176,0.1055247541111842,-0.3857889067377011,0.0576687335367011,0.4132517551390977,0.1590236809617883,851.0691690700962,5906.91178353679,47.25265297514016,Very High,Limited historical support + V5
8403_1444,8403,1444,12.97610492274524,77.46901880606623,12.971613366870285,12.980596478620194,77.46440947550121,77.47362813663123,2,1,Limited,7,38.36300069467144,36.60496652209999,32.37043281440004,46.52303515610002,5.447459470237958,0.2857142857142857,0.2857142857142857,0.2934598550324169,0.2534473426026998,0.0595806497702745,-0.3846754393294925,0.0563614946011371,0.4769712814813613,0.1563821083084881,848.4321241685152,8035.826910935271,43.7175702911115,High,Limited historical support + V5
8403_1445,8403,1445,12.98508803449515,77.46901880606623,12.980596478620194,12.989579590370104,77.46440947550121,77.47362813663123,6,4,Moderate,7,37.86769053358574,36.266719262900025,32.43532392410007,44.581924508,4.862724215660346,0.2857142857142857,0.14285714285714285,0.2590188025754395,0.2029409349650356,0.0551587670997889,-0.3303883594471747,0.0315296967361316,0.7166189748373749,0.1658575734905177,861.187052708146,7450.7869554858735,42.607463674601874,High,Historical support + V5
8403_1446,8403,1446,12.99407114624506,77.46901880606623,12.989579590370104,12.998562702120015,77.46440947550121,77.47362813663123,4,4,Moderate,7,37.586104280214315,36.37231899080003,32.027810489600036,44.26815027200003,4.993531712815043,0.2857142857142857,0.14285714285714285,0.2830298821452762,0.2398730360893807,0.0248229834110648,-0.3632462999877791,0.0504442737941074,0.6584604073438296,0.1632914898877557,867.8170202952026,7132.699120241425,42.45162908445664,High,Historical support + V5
8403_1447,8403,1447,13.00305425799497,77.46901880606623,12.998562702120015,13.007545813869925,77.46440947550121,77.47362813663123,5,5,High,7,37.307987317142874,36.24277603280004,31.66534655870004,44.6240003342,5.324857792665634,0.2857142857142857,0.14285714285714285,0.3352159084894011,0.2973700762698441,-0.0045458131757393,-0.3918703600730414,0.0799196399567251,0.6032821925671962,0.1826419461598434,867.4312827991442,5055.282490502256,41.37756287410581,Moderate,Strong historical support + V5
8403_1448,8403,1448,13.01203736974488,77.46901880606623,13.007545813869925,13.016528925619834,77.46440947550121,77.47362813663123,5,4,Moderate,7,38.28425683820002,36.323270403800024,32.373372311600036,46.76340741260004,5.505710896676849,0.2857142857142857,0.14285714285714285,0.2982779469662233,0.2603538368712343,0.0473923889987466,-0.3974937348809442,0.0654119496910974,0.5929593784468757,0.1617071470429793,868.7315163362983,2399.0140212808374,41.598867441975514,Moderate,Historical support + V5
8403_1449,8403,1449,13.021020481494787,77.46901880606623,13.016528925619834,13.025512037369744,77.46440947550121,77.47362813663123,4,2,Limited,7,37.774913263571456,36.27832344080002,32.24562381410003,44.85476795450004,4.992016175441598,0.2857142857142857,0.14285714285714285,0.3282446577250265,0.2810818413100668,0.0182239420994348,-0.4158274066360751,0.0502753195207358,0.678674139521334,0.1683553287031333,864.0123690270493,1805.4493954056272,42.27480039776003,Moderate,Limited historical support + V5
8403_1450,8403,1450,13.0300035932447,77.46901880606623,13.025512037369744,13.034495149119657,77.46440947550121,77.47362813663123,1,1,Limited,7,38.383127949585734,36.5199774548,32.42209618670002,46.7681926406,5.543537447534074,0.2857142857142857,0.14285714285714285,0.3086359470195182,0.2641167089804712,0.0519563847910848,-0.4101706555799652,0.0629876502087168,0.4504099294290212,0.1588739138203976,867.3216309527625,4307.024972131811,40.96644545316201,Moderate,Limited historical support + V5
8403_1451,8403,1451,13.03898670499461,77.46901880606623,13.034495149119657,13.043478260869565,77.46440947550121,77.47362813663123,4,4,Moderate,7,38.705999001671444,36.670934308100016,32.98612075700002,47.24577548510001,5.434911858674051,0.2857142857142857,0.14285714285714285,0.3468933782070542,0.3056094469905576,0.0741010004698269,-0.4461959531074327,0.1173614989297072,0.2950618604281285,0.1578975764666445,867.6395824166476,5449.76671881323,40.021584172758566,Moderate,Historical support + V5
8403_1452,8403,1452,13.04796981674452,77.46901880606623,13.043478260869565,13.052461372619476,77.46440947550121,77.47362813663123,4,4,Moderate,7,38.5052269483143,36.781080002600014,32.32584474350003,46.80871326769999,5.436582821855447,0.2857142857142857,0.14285714285714285,0.3195493060506874,0.2656400299465242,0.0694471823902138,-0.4274166197342242,0.0483366202585592,0.5369844184224375,0.1611776092798022,863.6679809074304,3720.369115993301,42.88488901171974,High,Historical support + V5
8403_1453,8403,1453,13.05695292849443,77.46901880606623,13.052461372619476,13.061444484369384,77.46440947550121,77.47362813663123,1,1,Limited,7,37.78593149518574,36.318826977800036,31.92221076170003,44.62453012730002,5.0156618292272785,0.2857142857142857,0.14285714285714285,0.3196617800864991,0.2747917432927947,0.0207164546470233,-0.3942072239174914,0.0645310323992785,0.5955842711272925,0.1594613058359565,854.7477419286143,3934.38622643422,41.60720161201563,Moderate,Limited historical support + V5
8403_1454,8403,1454,13.06593604024434,77.46901880606623,13.061444484369384,13.070427596119297,77.46440947550121,77.47362813663123,1,1,Limited,7,37.81753353152859,36.349008094400006,32.34153345530003,44.716338144500014,5.007122184116754,0.2857142857142857,0.14285714285714285,0.312662799450113,0.2592189029235953,0.0356124308562113,-0.3922540748169968,0.0445715109798553,0.6430872659650706,0.1674096938499223,864.0852729686176,6047.416249949133,42.203914100567985,Moderate,Limited historical support + V5
8403_1455,8403,1455,13.074919151994251,77.46901880606623,13.070427596119297,13.079410707869206,77.46440947550121,77.47362813663123,6,4,Moderate,7,37.70800063918574,36.51471370400006,31.88240791880004,44.73841855370002,5.174221421973268,0.2857142857142857,0.14285714285714285,0.3909757501062949,0.3525371948837282,0.0175513413058658,-0.4577626764164518,0.1305183161793598,0.4117362672564815,0.1593473496645122,854.569605383171,8924.451372218635,40.55848673496244,Moderate,Historical support + V5
8403_1456,8403,1456,13.08390226374416,77.46901880606623,13.079410707869206,13.088393819619116,77.46440947550121,77.47362813663123,2,2,Limited,7,37.760384237128605,36.56340339890001,32.03570611580003,45.194621683100024,5.408884505247468,0.2857142857142857,0.2857142857142857,0.3944108608155766,0.3351621159975241,0.0300472996968736,-0.4653461360277584,0.1529700235042693,0.3491615440953068,0.1549881551946955,849.5435648273034,11182.594729653736,42.27190103859593,Moderate,Limited historical support + V5
8403_1457,8403,1457,13.09288537549407,77.46901880606623,13.088393819619116,13.097376931369029,77.46440947550121,77.47362813663123,3,3,Moderate,7,37.868925903671446,36.672147705200004,32.115072540200025,45.04323757730003,5.3383445700704595,0.2857142857142857,0.2857142857142857,0.4205654045598376,0.3725056903439311,0.0367166019809074,-0.4925858989243535,0.1369011686303345,0.2849524597867581,0.1615645040084829,849.5607311446332,10883.74146198526,42.06823941585676,Moderate,Historical support + V5
8403_1458,8403,1458,13.101868487243982,77.46901880606623,13.097376931369029,13.106360043118936,77.46440947550121,77.47362813663123,2,2,Limited,7,37.66962359891432,36.63750607250003,31.840502993600058,45.19979998340004,5.274955279342356,0.2857142857142857,0.14285714285714285,0.4418119150223775,0.3966169146841714,0.011796899328707,-0.5131630109440497,0.2005459781758318,0.2580098465434993,0.1510071722942604,859.4276364591448,10916.45280090535,39.5162899407177,Low,Limited historical support + V5
8403_1459,8403,1459,13.110851598993891,77.46901880606623,13.106360043118936,13.115343154868846,77.46440947550121,77.47362813663123,4,4,Moderate,7,37.601509784642886,36.4838489834,32.05014725030002,45.06389950820004,5.2889385296840965,0.2857142857142857,0.14285714285714285,0.450064193301922,0.4034957967039891,0.0182578122063423,-0.5128427888678165,0.2314666653723984,0.2213773356617043,0.1386201096822757,865.4379192606116,11659.140544092348,38.53045876241448,Low,Historical support + V5
8403_1460,8403,1460,13.119834710743802,77.46901880606623,13.115343154868846,13.124326266618755,77.46440947550121,77.47362813663123,2,1,Limited,7,38.83369134598574,37.05758073050003,33.78349355270001,45.513779300600056,4.671955854023323,0.2857142857142857,0.2857142857142857,0.3825669039996524,0.3340861286372265,0.0896362128891621,-0.4807589266163459,0.1225912952099006,0.2602363163072864,0.162927803999886,868.109818135345,10444.812681670744,43.375045324527655,High,Limited historical support + V5
8403_1461,8403,1461,13.128817822493712,77.46901880606623,13.124326266618755,13.133309378368669,77.46440947550121,77.47362813663123,3,3,Moderate,7,37.85219469577146,36.46985219150001,32.04373846280003,44.80481359220003,5.1233138801742015,0.2857142857142857,0.14285714285714285,0.4253626363825617,0.3815169377539124,0.0249669408449927,-0.5088197460007939,0.1519342974985449,0.2625751105364845,0.1599872643441195,864.367930590118,7954.390745547065,38.886005027355374,Low,Historical support + V5
8403_1462,8403,1462,13.13780093424362,77.46901880606623,13.133309378368669,13.142292490118576,77.46440947550121,77.47362813663123,4,2,Limited,7,37.89162643935716,36.46665634280001,32.13703331870003,44.72014923680002,5.029817306278185,0.2857142857142857,0.14285714285714285,0.3930859882838541,0.3445875846543254,0.0235291475367022,-0.4867160837248087,0.0728375949273132,0.5194819380451057,0.1622208960823724,871.9303234601838,6236.36526882881,41.44218845815354,Moderate,Limited historical support + V5
8403_1463,8403,1463,13.146784045993533,77.46901880606623,13.142292490118576,13.151275601868488,77.46440947550121,77.47362813663123,3,3,Moderate,7,37.647902081814316,36.74927532650002,31.87570859960001,44.39688999530003,4.980161993283802,0.2857142857142857,0.14285714285714285,0.4483879203927086,0.4091827629038375,0.0044010994438307,-0.5321876450947294,0.1626283339056606,0.3094772332111106,0.1589497168652064,873.6664560332274,5937.130436193464,40.48158884292182,Moderate,Historical support + V5
8404_1424,8404,1424,12.796442687747035,77.47823746719624,12.79195113187208,12.80093424362199,77.47362813663123,77.48284679776124,1,1,Limited,7,39.126708434814304,37.89720025339999,33.52232264450003,46.09429581740001,4.74230743189547,0.2857142857142857,0.14285714285714285,0.3882848978747098,0.3361497214931596,0.0739958224521211,-0.490507012354508,0.1586496928577974,0.2099226157423198,0.1559019633642637,771.6033426677541,5772.207489303347,44.11418227242102,Very High,Limited historical support + V5
8404_1425,8404,1425,12.805425799496946,77.47823746719624,12.80093424362199,12.8099173553719,77.47362813663123,77.48284679776124,7,3,Moderate,7,38.88504221360001,37.2592439105,32.869702995800004,47.58768002570002,5.423389785164523,0.2857142857142857,0.2857142857142857,0.3953279760381992,0.3370795821301111,0.081875247052986,-0.5004732295316461,0.2441783263249494,0.0873250438929344,0.1428850996854613,793.130041981053,6480.542680927154,42.4589869458322,High,Historical support + V5
8404_1426,8404,1426,12.814408911246856,77.47823746719624,12.8099173553719,12.81890046712181,77.47362813663123,77.48284679776124,2,2,Limited,7,38.67696048032858,37.18543176859999,32.8804355786,47.37663438080003,5.4516217488964305,0.2857142857142857,0.14285714285714285,0.4027698894716583,0.3416648568557455,0.0701717407132194,-0.4944196952939897,0.2543001020061235,0.118537423013622,0.1387169406183092,793.5088453996478,4791.874594592829,40.33066192316574,Moderate,Limited historical support + V5
8404_1427,8404,1427,12.823392022996766,77.47823746719624,12.81890046712181,12.827883578871722,77.47362813663123,77.48284679776124,5,5,High,7,38.63428161774287,37.50928916359999,32.9778149684,45.66369365780003,4.938982868640425,0.2857142857142857,0.14285714285714285,0.3921294237716244,0.3347206452947854,0.085569661595708,-0.4885146259167962,0.320890145868994,0.0710401226898647,0.127972045938564,779.5669645390087,4891.2295049399545,41.161399076389436,Moderate,Strong historical support + V5
8404_1428,8404,1428,12.832375134746677,77.47823746719624,12.827883578871722,12.836866690621632,77.47362813663123,77.48284679776124,5,3,Moderate,7,38.99456045728573,37.68143774090001,32.852544535399986,46.6624049216,5.030244620830136,0.2857142857142857,0.2857142857142857,0.3844370634346635,0.3130178242475199,0.0742687519542358,-0.4694012854267985,0.1989369204311274,0.2640359513949714,0.1447593685551832,763.1349269946187,6301.524510228593,45.928273525085835,Very High,Historical support + V5
8404_1429,8404,1429,12.841358246496586,77.47823746719624,12.836866690621632,12.84584980237154,77.47362813663123,77.48284679776124,2,2,Limited,7,38.52346452645717,37.407859420099996,32.88995476430002,45.07808429120005,4.59671053979358,0.2857142857142857,0.14285714285714285,0.3830485027931331,0.3282671174542589,0.0438005857078043,-0.4688932719709327,0.1105879824319941,0.4603353719510961,0.1493095848616433,753.6236062412025,4932.870623042396,44.6454127944056,Very High,Limited historical support + V5
8404_1430,8404,1430,12.850341358246496,77.47823746719624,12.84584980237154,12.854832914121452,77.47362813663123,77.48284679776124,5,3,Moderate,7,38.806554708628596,37.1881149143,32.619982454600006,47.227830880100065,5.306722827515316,0.2857142857142857,0.14285714285714285,0.4033437138626589,0.3434331800502055,0.0536213706677931,-0.4744407615879665,0.2726038137199065,0.1776248800563842,0.136035531989057,773.9210762363628,3841.518712180939,40.932354250562504,Moderate,Historical support + V5
8404_1431,8404,1431,12.859324469996409,77.47823746719624,12.854832914121452,12.863816025871362,77.47362813663123,77.48284679776124,3,3,Moderate,7,38.60035288635716,37.336405711999994,32.92005043040001,46.38412682330003,4.977227985063802,0.2857142857142857,0.14285714285714285,0.3953190296586947,0.3440584094561181,0.0729542677897045,-0.4750520994547584,0.2113038867991593,0.2941784288994628,0.140676442699238,788.4889642139157,5086.954949985871,42.6957602945402,High,Historical support + V5
8404_1432,8404,1432,12.868307581746317,77.47823746719624,12.863816025871362,12.872799137621271,77.47362813663123,77.48284679776124,1,1,Limited,7,38.21040319177145,36.904111632500005,32.90065316690002,45.000307246100036,4.811720512564003,0.2857142857142857,0.14285714285714285,0.3720231325478532,0.3009763512852045,0.0462539394263253,-0.4570987251978848,0.0659870879681621,0.5221783393788503,0.1568124620372318,788.3485766159345,6216.05599939998,43.232860274917854,High,Limited historical support + V5
8404_1433,8404,1433,12.877290693496228,77.47823746719624,12.872799137621271,12.881782249371184,77.47362813663123,77.48284679776124,1,1,Limited,7,37.78881239775717,37.611556322000006,32.296125059600016,44.70574228250003,4.917356734660785,0.2857142857142857,0.14285714285714285,0.377524383359219,0.3214134450412199,-0.0014243051401344,-0.448157658236394,0.0907586070546618,0.5649978076999144,0.1532234804909839,780.0519580476633,4774.090424664434,46.51329094370712,Very High,Limited historical support + V5
8404_1434,8404,1434,12.886273805246136,77.47823746719624,12.881782249371184,12.890765361121092,77.47362813663123,77.48284679776124,4,4,Moderate,7,37.35640357044287,37.28129013949999,32.31101053670002,44.19059539820004,4.826022312691258,0.2857142857142857,0.14285714285714285,0.4188809610137275,0.3763854636592428,-0.0256549364153295,-0.4886779326676478,0.1242300068074432,0.4583326665813729,0.1482954762341101,780.8768186880632,4916.530225755225,44.115090784573646,Very High,Historical support + V5
8404_1435,8404,1435,12.895256916996049,77.47823746719624,12.890765361121092,12.899748472871002,77.47362813663123,77.48284679776124,4,3,Moderate,7,37.27115571020001,37.27170259339999,32.012907922400025,43.894663226600024,4.735316041140228,0.14285714285714285,0.0,0.430163056093929,0.3950800510422791,-0.0542175839255412,-0.4850913946598219,0.1536103363296571,0.414033900324933,0.1402388641361632,786.2155859172725,6763.781844871621,36.49059144628802,Low,Historical support + V5
8404_1436,8404,1436,12.904240028745958,77.47823746719624,12.899748472871002,12.908731584620911,77.47362813663123,77.48284679776124,3,3,Moderate,7,37.60943959104288,37.551946053200005,32.18676550970001,44.30103162440003,4.952883349504793,0.2857142857142857,0.14285714285714285,0.343312223131866,0.2913038133243114,-0.0061270871438869,-0.405249724704311,0.083672431201658,0.6187442473138691,0.1509606598158019,788.9286030916325,8782.6963098165,46.810421987565036,Very High,Historical support + V5
8404_1437,8404,1437,12.913223140495868,77.47823746719624,12.908731584620911,12.917714696370822,77.47362813663123,77.48284679776124,1,1,Limited,7,37.26892178998572,36.957193483100006,31.9780782986,44.046269503699996,4.931955930226125,0.2857142857142857,0.0,0.3213722289814471,0.2622997671304604,-0.0132042342194417,-0.3754353148032768,0.0456009105868224,0.6890324689993302,0.1470348915815845,796.6382370568431,6804.674545807288,42.97255686868604,High,Limited historical support + V5
8404_1438,8404,1438,12.922206252245775,77.47823746719624,12.917714696370822,12.926697808120734,77.47362813663123,77.48284679776124,4,4,Moderate,7,37.69399896440002,37.013026839800034,31.873538156900008,44.52385234820002,5.073238237717343,0.2857142857142857,0.14285714285714285,0.3219282125143506,0.2729389978478214,3.838366178572727e-05,-0.3811234538150327,0.035165709162432,0.6721990298104972,0.1552872088400314,806.4980122069294,4443.942658642217,45.172185428687094,Very High,Historical support + V5
8404_1439,8404,1439,12.931189363995689,77.47823746719624,12.926697808120734,12.935680919870643,77.47362813663123,77.48284679776124,3,3,Moderate,7,37.83508018134288,36.55082508530003,32.06927107220003,44.80078032860005,4.959902797262364,0.2857142857142857,0.14285714285714285,0.3613816631399731,0.3268227904989221,0.0163231835160563,-0.4375447645437416,0.0850405731038256,0.5878223105017419,0.1555728858267216,819.7308333451565,3457.9514156082496,42.46493901757867,High,Historical support + V5
8404_1440,8404,1440,12.940172475745598,77.47823746719624,12.935680919870643,12.944664031620553,77.47362813663123,77.48284679776124,8,5,High,7,37.820492560271454,36.77431232300003,32.08207155710004,44.69441154620003,5.142553532305458,0.2857142857142857,0.2857142857142857,0.2907593144454705,0.2277407280672243,0.0212705596470004,-0.3580203718715802,0.0319431613095666,0.7192386209063125,0.1545170509365865,824.956880037462,4688.936792052866,46.823002626805746,Very High,Strong historical support + V5
8404_1441,8404,1441,12.94915558749551,77.47823746719624,12.944664031620553,12.953647143370464,77.47362813663123,77.48284679776124,7,5,High,7,37.7757702100143,36.66100496000003,31.986059375300037,44.403589314499996,5.0008530701700495,0.2857142857142857,0.14285714285714285,0.3245573475001463,0.2727195503875132,0.0126109799581068,-0.3990530380887579,0.031632945078032,0.7328587487041982,0.1589168498050645,832.26589252897,6017.963016653853,44.35952046444258,Very High,Strong historical support + V5
8404_1442,8404,1442,12.95813869924542,77.47823746719624,12.953647143370464,12.962630255120374,77.47362813663123,77.48284679776124,1,1,Limited,7,37.071350468214305,36.36309033680003,31.377275833100025,44.19727762730004,5.295407894918277,0.2857142857142857,0.14285714285714285,0.3466905478462523,0.3112756192781504,-0.0222399000346222,-0.4006557617602965,0.0390206342421923,0.6869384366650801,0.1543447888044109,840.52894511834,5433.137076381839,42.69920180592828,High,Limited historical support + V5
8404_1443,8404,1443,12.967121810995328,77.47823746719624,12.962630255120374,12.971613366870285,77.47362813663123,77.48284679776124,3,2,Limited,7,37.856264581014315,36.358031667200024,31.989887557700055,44.2254079319,4.853273851117548,0.2857142857142857,0.14285714285714285,0.3166635899114861,0.2840742254652043,0.0385778427380528,-0.3966995691065488,0.0531273720078862,0.6473886614621205,0.1557563203141508,854.0183791837388,5585.425074109627,42.28330879235183,Moderate,Limited historical support + V5
8404_1444,8404,1444,12.97610492274524,77.47823746719624,12.971613366870285,12.980596478620194,77.47362813663123,77.48284679776124,4,3,Moderate,7,37.5181149795286,36.39691164470002,31.85029562090002,44.08759336550003,5.055253834758911,0.2857142857142857,0.0,0.2851349324713515,0.2384576555077132,0.0175669434684797,-0.3571568098556383,0.035768464058147,0.7100460277312877,0.1544814200918528,870.2600330592577,5877.276171892169,40.923779433872326,Moderate,Historical support + V5
8404_1445,8404,1445,12.98508803449515,77.47823746719624,12.980596478620194,12.989579590370104,77.47362813663123,77.48284679776124,6,5,High,7,37.36581289121432,36.25422639980004,31.16019738290001,43.90126000520002,5.072228158678178,0.2857142857142857,0.0,0.2465912770221694,0.1934376278956072,0.0164697627480634,-0.3125985815652206,0.0295759997045341,0.7368485113512846,0.1490931367734304,873.5686089492094,4265.988895800481,40.61653386921246,Moderate,Strong historical support + V5
8404_1446,8404,1446,12.99407114624506,77.47823746719624,12.989579590370104,12.998562702120015,77.47362813663123,77.48284679776124,3,3,Moderate,7,37.547690618300024,36.29566989230004,31.684590011300035,44.233218107600024,5.055489768629921,0.2857142857142857,0.14285714285714285,0.2864628089450897,0.2418093928143906,0.0107311320092254,-0.3619918718961278,0.0374518389222101,0.6880160328693247,0.1453377566859814,877.5894706967514,4416.309109621926,42.43815578553068,High,Historical support + V5
8404_1447,8404,1447,13.00305425799497,77.47823746719624,12.998562702120015,13.007545813869925,77.47362813663123,77.48284679776124,6,4,Moderate,7,37.68936998874289,36.65820218360003,31.881655954400046,44.38721699870003,5.004688279831836,0.2857142857142857,0.14285714285714285,0.2718636281894505,0.2192106592884491,0.0324988218319458,-0.3574688456491869,0.0363907249867005,0.7027013217282108,0.1591708324056783,876.5307677024289,4816.54359431567,44.04664611733921,High,Historical support + V5
8404_1448,8404,1448,13.01203736974488,77.47823746719624,13.007545813869925,13.016528925619834,77.47362813663123,77.48284679776124,0,0,Prediction Only,7,38.173918269714314,36.09939009380003,32.25722799200003,46.74117319250002,5.359632267969001,0.2857142857142857,0.14285714285714285,0.242879918138116,0.1852901456633141,0.0520976821102113,-0.3356771905894166,0.0409607394921684,0.6530305181974927,0.1652208638681798,875.2803090255477,2231.528312596491,41.29695071021297,Moderate,V5 prediction only
8404_1449,8404,1449,13.021020481494787,77.47823746719624,13.016528925619834,13.025512037369744,77.47362813663123,77.48284679776124,3,2,Limited,7,37.86020751122861,36.12859707470004,32.12207948120003,45.10630004630004,5.118428210713834,0.2857142857142857,0.14285714285714285,0.3049771658379748,0.2675279050569316,0.0302776350930457,-0.4020411488156986,0.0533902638976848,0.6554541963413612,0.1643168285275273,871.1307591033151,1968.4127415332223,41.43894256592041,Moderate,Limited historical support + V5
8404_1450,8404,1450,13.0300035932447,77.47823746719624,13.025512037369744,13.034495149119657,77.47362813663123,77.48284679776124,5,3,Moderate,7,37.8635962339143,36.25516635530002,32.00913101030003,45.0884579819,5.103008853104505,0.2857142857142857,0.14285714285714285,0.2972008423720271,0.2551895598008203,0.0427823285236833,-0.3980223940049031,0.0442218478610633,0.646959471682988,0.1643952190849311,877.2711884255469,4437.632608048572,41.864290275471284,Moderate,Historical support + V5
8404_1451,8404,1451,13.03898670499461,77.47823746719624,13.034495149119657,13.043478260869565,77.47362813663123,77.48284679776124,1,1,Limited,7,37.92823343355716,36.22395983270002,32.14877421740004,45.277149776000016,5.127366854026004,0.2857142857142857,0.14285714285714285,0.2968932149532498,0.2569009602607771,0.0463843559406455,-0.4019645305927513,0.0400297621171028,0.6436866472439545,0.1679640624433992,874.4005123401586,4299.032688575846,41.70574531626837,Moderate,Limited historical support + V5
8404_1452,8404,1452,13.04796981674452,77.47823746719624,13.043478260869565,13.052461372619476,77.47362813663123,77.48284679776124,3,1,Limited,7,36.76472233545717,36.06479973140002,31.84342540070002,43.69633261610004,4.837124829371435,0.14285714285714285,0.0,0.3829272250419444,0.3259143725449803,-0.0279268347084735,-0.4414682463390856,0.1075783259407681,0.35719974709067,0.1466343875247768,865.533011152153,1338.4049759680693,31.05632636517,Low,Limited historical support + V5
8404_1453,8404,1453,13.05695292849443,77.47823746719624,13.052461372619476,13.061444484369384,77.47362813663123,77.48284679776124,4,2,Limited,7,37.692514567142894,36.22255844450004,32.09036025560005,44.512880504000016,4.869184590875335,0.2857142857142857,0.14285714285714285,0.279130873248087,0.2162077961170518,0.0214087446316469,-0.3642969122471607,0.0571725308659543,0.553418040620413,0.1599309525683076,861.2920711974128,1779.9448996131766,40.79740921136127,Moderate,Limited historical support + V5
8404_1454,8404,1454,13.06593604024434,77.47823746719624,13.061444484369384,13.070427596119297,77.47362813663123,77.48284679776124,3,3,Moderate,7,38.105894788828586,36.3664399964,32.429205668300014,44.857399829900025,4.956511420695812,0.2857142857142857,0.14285714285714285,0.3161577500536738,0.2653137523923006,0.0556871733007186,-0.4111601057765643,0.073823287106814,0.5512781383560741,0.1682605510310436,870.4291605301923,4915.943130322421,41.35610379332181,Moderate,Historical support + V5
8404_1455,8404,1455,13.074919151994251,77.47823746719624,13.070427596119297,13.079410707869206,77.47362813663123,77.48284679776124,3,3,Moderate,7,37.77724240005716,36.31607547170002,32.192063440700025,44.88505161170002,5.110477501492574,0.2857142857142857,0.14285714285714285,0.3936682500471875,0.3417330090002297,0.0352744457975486,-0.4733163648906762,0.1147907085537861,0.5001862098525308,0.1567923578821486,866.1704042081956,8174.583901494673,40.642127630656304,Moderate,Historical support + V5
8404_1456,8404,1456,13.08390226374416,77.47823746719624,13.079410707869206,13.088393819619116,77.47362813663123,77.48284679776124,1,1,Limited,7,37.62988423352859,36.537751158800035,31.814423501000025,44.93705678600004,5.2244874742736345,0.2857142857142857,0.14285714285714285,0.3905591896488204,0.3460302469411613,0.0201917049600104,-0.4731402107799181,0.1645466843114528,0.4544890615192078,0.1545328988990856,866.6186896115992,10189.606601470545,41.078895801120474,Moderate,Limited historical support + V5
8404_1457,8404,1457,13.09288537549407,77.47823746719624,13.088393819619116,13.097376931369029,77.47362813663123,77.48284679776124,3,3,Moderate,7,37.8124748619286,36.58440713180002,32.00009034740003,45.05374798880001,5.424436579606688,0.2857142857142857,0.2857142857142857,0.3860625568270496,0.3283245406991505,0.0261936250004363,-0.4720723854586603,0.1086874242761001,0.4790840546028611,0.1648777579283183,857.6617149063951,11009.87074519817,43.65580782083727,High,Historical support + V5
8404_1458,8404,1458,13.101868487243982,77.47823746719624,13.097376931369029,13.106360043118936,77.47362813663123,77.48284679776124,1,1,Limited,7,37.034540834257164,36.24574971020003,31.802238259700008,43.94830905050002,5.081663371630366,0.2857142857142857,0.0,0.4082100356790595,0.3489026252156932,-0.0152268089228761,-0.4617089314504106,0.1145728577460311,0.5371818936679369,0.1555192170545402,851.9735762402654,12401.31686581138,38.58569184870587,Low,Limited historical support + V5
8404_1459,8404,1459,13.110851598993891,77.47823746719624,13.106360043118936,13.115343154868846,77.47362813663123,77.48284679776124,3,3,Moderate,7,36.84298766912859,36.25998576350002,31.616058710300013,44.213051789600016,5.1630898935657745,0.14285714285714285,0.14285714285714285,0.4566507624825983,0.4125491859781832,-0.0184820207414337,-0.5043336561833252,0.1932851190992172,0.3436137342304243,0.1405283520035035,851.9145868824536,12142.095384977823,33.85026352174364,Low,Historical support + V5
8404_1460,8404,1460,13.119834710743802,77.47823746719624,13.115343154868846,13.124326266618755,77.47362813663123,77.48284679776124,6,5,High,7,37.01777056327146,36.461067880100025,31.64618855660003,44.40333296300003,5.107149281361384,0.2857142857142857,0.14285714285714285,0.4701804109806069,0.4285942091858325,-0.0309763477560724,-0.5228099414480721,0.199464289115876,0.3028867501884894,0.1494279871122285,851.7494871121406,9022.468884891176,39.25370532781105,Low,Strong historical support + V5
8404_1461,8404,1461,13.128817822493712,77.47823746719624,13.124326266618755,13.133309378368669,77.47362813663123,77.48284679776124,4,4,Moderate,7,37.06196556187145,36.50252846270003,31.751976275600033,43.94900974460003,4.93111116295006,0.2857142857142857,0.0,0.4629329553131148,0.419029351616923,-0.033222582252653,-0.5171848816108645,0.1717293046365409,0.4367208046335388,0.1533728891434722,853.9463638525747,5962.285984277964,38.6163471905957,Low,Historical support + V5
8404_1462,8404,1462,13.13780093424362,77.47823746719624,13.133309378368669,13.142292490118576,77.47362813663123,77.48284679776124,1,1,Limited,7,37.12452021075717,36.19629096080003,31.626329860400023,43.86263637920003,4.884577022367425,0.2857142857142857,0.0,0.405558171327438,0.3393772799504118,-0.0241131890474715,-0.4665924788935813,0.1173936467941445,0.5763645065725489,0.1548178572702989,860.8757366201396,3347.14973896686,38.778112954385286,Low,Limited historical support + V5
8404_1463,8404,1463,13.146784045993533,77.47823746719624,13.142292490118576,13.151275601868488,77.47362813663123,77.48284679776124,4,4,Moderate,7,36.83141034710002,36.34200115340001,31.647948836900014,43.63732050080003,4.763612917031961,0.14285714285714285,0.0,0.4984415706513022,0.4330210438350266,-0.0357912004690713,-0.5481021595895806,0.20022471619968,0.2802998001403581,0.1448100008466008,865.8652192437431,2748.196157680735,31.404932106104944,Low,Historical support + V5
8405_1424,8405,1424,12.796442687747035,77.48745612832626,12.79195113187208,12.80093424362199,77.48284679776124,77.49206545889126,1,1,Limited,7,38.526301483057175,37.95455462899999,32.769913901900004,45.370666803200066,4.685583095239825,0.2857142857142857,0.14285714285714285,0.4371032177461435,0.396265656000892,0.0209063199554562,-0.5155447395194865,0.2466935861932673,0.2098288023112797,0.1498284321845934,758.4543156745427,6771.292933554754,44.344482306188965,Very High,Limited historical support + V5
8405_1425,8405,1425,12.805425799496946,77.48745612832626,12.80093424362199,12.8099173553719,77.48284679776124,77.49206545889126,2,2,Limited,7,39.16382324912859,37.92280122320001,33.21405142070003,47.17832086040002,5.148619493502799,0.2857142857142857,0.2857142857142857,0.3995029636464198,0.3406920123455194,0.0689452838885049,-0.4943667412849534,0.21769127150178,0.1167532642861514,0.1510756765078563,775.9756912932511,8573.13259722811,45.428562460842116,Very High,Limited historical support + V5
8405_1426,8405,1426,12.814408911246856,77.48745612832626,12.8099173553719,12.81890046712181,77.48284679776124,77.49206545889126,5,3,Moderate,7,38.954305947457165,37.217458616000016,33.04233009590001,47.12946026450006,5.196757975906521,0.2857142857142857,0.14285714285714285,0.390209563102551,0.3301459622830316,0.0633148081427335,-0.486466857037861,0.1852445711489801,0.2688132134882779,0.1466933962910235,792.8011677455505,7037.103185987357,41.96254388243528,Moderate,Historical support + V5
8405_1427,8405,1427,12.823392022996766,77.48745612832626,12.81890046712181,12.827883578871722,77.48284679776124,77.49206545889126,6,5,High,7,39.03462453457144,37.5207737108,33.064495955600016,47.48724150800002,5.267442958474786,0.2857142857142857,0.14285714285714285,0.375803237692806,0.3044385944639298,0.0843670800857287,-0.4720193151868305,0.1871820753994722,0.2560162515700443,0.1496877599487134,791.886915924294,6055.3938300864575,43.05746312113545,High,Strong historical support + V5
8405_1428,8405,1428,12.832375134746677,77.48745612832626,12.827883578871722,12.836866690621632,77.48284679776124,77.49206545889126,4,4,Moderate,7,38.90304053034288,37.56563522329999,33.07081929260004,46.87433925170003,5.114912207128736,0.2857142857142857,0.14285714285714285,0.3772612429835245,0.3144427380250219,0.0576331999604921,-0.4569887843270883,0.0964525019648428,0.3648832713568997,0.1488479533996766,775.0799310743394,5635.465175191739,44.32700345941089,Very High,Historical support + V5
8405_1429,8405,1429,12.841358246496586,77.48745612832626,12.836866690621632,12.84584980237154,77.48284679776124,77.49206545889126,2,2,Limited,7,38.30986757377145,37.70727797209998,32.538941200400046,45.056687486000015,4.753379420258541,0.2857142857142857,0.14285714285714285,0.4028264641957791,0.3476339283024494,0.0147197272703181,-0.4713999526843545,0.0979677222396309,0.5326439080997384,0.1478816661321947,761.2492890222202,3014.3364898477216,46.575677150150625,Very High,Limited historical support + V5
8405_1430,8405,1430,12.850341358246496,77.48745612832626,12.84584980237154,12.854832914121452,77.48284679776124,77.49206545889126,1,1,Limited,7,36.699169594742884,36.71432607199999,31.64864953100005,43.30659288560005,4.846865361509564,0.14285714285714285,0.0,0.3866455596922937,0.298574732159623,-0.0359711533594845,-0.4061889656529175,0.1726178421569995,0.2612760421171263,0.1261508541187324,770.2569835770255,998.4456381854636,32.71581333688392,Low,Limited historical support + V5
8405_1431,8405,1431,12.859324469996409,77.48745612832626,12.854832914121452,12.863816025871362,77.48284679776124,77.49206545889126,4,2,Limited,7,38.11325818048573,37.114012240700006,31.620450866000027,45.73096029139997,5.228269323798623,0.2857142857142857,0.14285714285714285,0.4105981302757404,0.33236213534686,0.0781281364972125,-0.4556715947189043,0.3837113299322964,0.0614728981187934,0.113464127997977,797.6133921542213,3033.723697476952,39.47207141068972,Low,Limited historical support + V5
8405_1432,8405,1432,12.868307581746317,77.48745612832626,12.863816025871362,12.872799137621271,77.48284679776124,77.49206545889126,4,3,Moderate,7,38.71053520250002,37.56852345019999,32.801154604700024,46.91362939160003,5.234545292631849,0.2857142857142857,0.14285714285714285,0.3637229088871321,0.3034327833660108,0.0858025124859437,-0.4535447021864035,0.2300793641602768,0.138970896418451,0.1406258198805762,803.1435952171568,4193.805417042388,42.07952430192306,Moderate,Historical support + V5
8405_1433,8405,1433,12.877290693496228,77.48745612832626,12.872799137621271,12.881782249371184,77.48284679776124,77.49206545889126,2,1,Limited,7,38.20488797235716,37.0156928954,32.56987428140003,45.19974871310004,4.806563417093175,0.2857142857142857,0.14285714285714285,0.3510232807052499,0.2946572773450597,0.028498562771304,-0.4319724338158043,0.0693303224174047,0.4131806263451971,0.1537824730694592,796.9479031108502,1916.8098270439552,42.59275024809243,High,Limited historical support + V5
8405_1434,8405,1434,12.886273805246136,77.48745612832626,12.881782249371184,12.890765361121092,77.48284679776124,77.49206545889126,4,4,Moderate,7,38.23604810754288,36.9615172784,32.588998103300035,45.32568566000005,4.892264810572357,0.2857142857142857,0.14285714285714285,0.3394340190531959,0.2788781581286403,0.0505849416973176,-0.428075441356216,0.0585024073440446,0.5284111325255125,0.1517265090640903,798.1939032044169,2235.882504073346,43.52663308319468,High,Historical support + V5
8405_1435,8405,1435,12.895256916996049,77.48745612832626,12.890765361121092,12.899748472871002,77.48284679776124,77.49206545889126,4,3,Moderate,7,37.77190540597145,37.192677971,32.25507463940003,44.67005815370004,4.975902822271362,0.2857142857142857,0.14285714285714285,0.3444351301823138,0.2900727907635611,-0.0026722358305389,-0.4043752382294857,0.0761507227804303,0.535659066924942,0.1441872293071817,796.1025730131485,5154.456871067373,44.53109319638662,Very High,Historical support + V5
8405_1436,8405,1436,12.904240028745958,77.48745612832626,12.899748472871002,12.908731584620911,77.48284679776124,77.49206545889126,2,2,Limited,7,37.52129862101431,37.056281882899995,31.94649579380002,44.49052665320004,5.142935363373278,0.2857142857142857,0.14285714285714285,0.341113404620032,0.2868226648000748,-0.0144749909146829,-0.4101071899739047,0.0978850602321543,0.6017751331994562,0.1514731156910597,796.9777181103319,8354.618560663692,44.6423397293841,Very High,Limited historical support + V5
8405_1437,8405,1437,12.913223140495868,77.48745612832626,12.908731584620911,12.917714696370822,77.48284679776124,77.49206545889126,2,2,Limited,7,36.956551383628586,36.9931510535,31.598267916200015,43.671586151300005,4.997536751965609,0.2857142857142857,0.0,0.3719967707652158,0.3340447327854078,-0.0548548939687818,-0.4096818870325784,0.0859969116238666,0.586286135180472,0.1462767700375736,791.8341101604747,9019.420102354568,42.09006525446547,Moderate,Limited historical support + V5
8405_1438,8405,1438,12.922206252245775,77.48745612832626,12.917714696370822,12.926697808120734,77.48284679776124,77.49206545889126,3,3,Moderate,7,36.90997109535716,36.497999586200024,31.54002485540003,43.45802826170001,4.940327372304338,0.2857142857142857,0.0,0.3137151643448073,0.2682643613882518,-0.0262442983714236,-0.3596939387098258,0.0387699358732382,0.7065468236605166,0.1470300520700479,803.9772186295003,7377.434516402551,41.29634810954819,Moderate,Historical support + V5
8405_1439,8405,1439,12.931189363995689,77.48745612832626,12.926697808120734,12.935680919870643,77.48284679776124,77.49206545889126,4,3,Moderate,7,37.30325091800002,36.529035207800014,31.86504437720003,43.69315385750001,4.906728653977349,0.2857142857142857,0.0,0.3200422641478681,0.2577613068194024,-0.0101869825278857,-0.3687896907988463,0.0332947989854382,0.7187178109912437,0.1540209860464785,816.5349455023976,6753.516429117131,41.543185668561684,Moderate,Historical support + V5
8405_1440,8405,1440,12.940172475745598,77.48745612832626,12.935680919870643,12.944664031620553,77.48284679776124,77.49206545889126,4,3,Moderate,7,37.37935801618574,36.617954998100025,31.66847404700005,43.87082253710004,5.008670657653491,0.2857142857142857,0.0,0.28436810038293,0.2408694066769684,-0.0008451751553029,-0.3392677251899428,0.0320731509897892,0.7306764610973663,0.1545555096468929,822.271951479038,7187.1132631533,42.021274013637104,Moderate,Historical support + V5
8405_1441,8405,1441,12.94915558749551,77.48745612832626,12.944664031620553,12.953647143370464,77.48284679776124,77.49206545889126,6,5,High,7,37.133678062914306,36.34526536250003,31.303805493200045,43.7215746938,5.108944375963633,0.2857142857142857,0.0,0.3041974642372072,0.2604076424128262,-0.0133862373995077,-0.3625277154432821,0.0335624349359223,0.7294386669616821,0.1549436192145835,828.6810488533263,5569.587945761376,40.909481230248815,Moderate,Strong historical support + V5
8405_1442,8405,1442,12.95813869924542,77.48745612832626,12.953647143370464,12.962630255120374,77.48284679776124,77.49206545889126,2,2,Limited,7,37.00420834820004,36.086418707900044,31.300438743500052,44.01133733930003,5.139150548558145,0.2857142857142857,0.0,0.3266983448573985,0.2746561148221181,-0.016623678887526,-0.3840945759000855,0.037182909508455,0.7317658836750041,0.1534000821942687,836.1300990639811,3044.4973365483306,39.889149912961905,Low,Limited historical support + V5
8405_1443,8405,1443,12.967121810995328,77.48745612832626,12.962630255120374,12.971613366870285,77.48284679776124,77.49206545889126,1,1,Limited,7,37.58695634377146,36.330533696300016,31.693801575200055,44.13975235070001,5.053935498919373,0.2857142857142857,0.0,0.2805168905223665,0.2290283876967556,0.0102065493753084,-0.3444983168069129,0.0300964929358985,0.7390594731194887,0.1566044242414325,857.7718976483823,2424.25029353076,40.94629498286273,Moderate,Limited historical support + V5
8405_1444,8405,1444,12.97610492274524,77.48745612832626,12.971613366870285,12.980596478620194,77.48284679776124,77.49206545889126,3,2,Limited,7,37.675009421857176,36.28980798800003,31.97486535980002,44.41712467370005,4.998430125375701,0.2857142857142857,0.14285714285714285,0.3318777490903751,0.2959928540427454,0.0092015501055662,-0.3972795256377552,0.0581327682239621,0.6022691044177113,0.1492341011941761,879.084266174672,3854.2797305184617,41.557052802668,Moderate,Limited historical support + V5
8405_1445,8405,1445,12.98508803449515,77.48745612832626,12.980596478620194,12.989579590370104,77.48284679776124,77.49206545889126,4,2,Limited,7,36.753350094628594,35.71664021420001,31.12972573460001,43.92282771140003,5.268015528137241,0.2857142857142857,0.0,0.2716166217802777,0.2261416039460835,-0.0158794967765413,-0.3254976374665746,0.0510221543081438,0.6325584992763966,0.1407782431499626,885.6108209378918,1796.1377923276211,37.40622379164837,Low,Limited historical support + V5
8405_1446,8405,1446,12.99407114624506,77.48745612832626,12.989579590370104,12.998562702120015,77.48284679776124,77.49206545889126,4,2,Limited,7,36.687470200571454,35.934607349600014,31.03130384870006,43.707458271200004,5.325657555337721,0.2857142857142857,0.0,0.2770846467329277,0.2352928937915141,-0.0084956368418772,-0.339099142095494,0.0331974574228162,0.7186360241263076,0.1508268534838374,897.0749411030082,2111.4404968771737,39.14578676233785,Low,Limited historical support + V5
8405_1447,8405,1447,13.00305425799497,77.48745612832626,12.998562702120015,13.007545813869925,77.48284679776124,77.49206545889126,4,3,Moderate,7,37.07281289248574,36.297652343900026,30.736004010800038,43.712807472500025,5.2452109748381,0.2857142857142857,0.0,0.2358755448315288,0.1970739035298049,0.004137080941161,-0.3057831927668354,0.0308589253895797,0.734993654825899,0.1527103213994197,902.134911343367,4917.638294601712,40.773067599872434,Moderate,Historical support + V5
8405_1448,8405,1448,13.01203736974488,77.48745612832626,13.007545813869925,13.016528925619834,77.48284679776124,77.49206545889126,2,2,Limited,7,37.634408227142885,36.552021392300034,31.982897706800046,44.67219441619999,4.970625590666873,0.2857142857142857,0.14285714285714285,0.2325947749582451,0.1863758083506541,0.0336176515710081,-0.3070899448619166,0.0340591978603861,0.6902176782319502,0.1560295794391889,889.6109240686408,3876.796380024239,43.49371589862495,High,Limited historical support + V5
8405_1449,8405,1449,13.021020481494787,77.48745612832626,13.016528925619834,13.025512037369744,77.48284679776124,77.49206545889126,2,2,Limited,7,37.71356468745717,36.430715862500044,31.937626031900027,44.48427167660002,4.932729994988247,0.2857142857142857,0.14285714285714285,0.2852617180369731,0.2470771763598623,0.0258974642692803,-0.3661432754790063,0.0450765152515141,0.6945875620302415,0.1565428797867233,880.445395651803,2698.2622675067087,43.048341876947624,High,Limited historical support + V5
8405_1450,8405,1450,13.0300035932447,77.48745612832626,13.025512037369744,13.034495149119657,77.48284679776124,77.49206545889126,1,1,Limited,7,37.84515113312859,36.65842435490002,32.00509774670003,44.47957189910002,4.951864935972029,0.2857142857142857,0.14285714285714285,0.2928172205371017,0.2488057853797391,0.0329323098737332,-0.379962734135097,0.0395518633679708,0.6582204566676132,0.1587764507779847,884.623792797588,3909.178294070703,43.602733204571386,High,Limited historical support + V5
8405_1451,8405,1451,13.03898670499461,77.48745612832626,13.034495149119657,13.043478260869565,77.48284679776124,77.49206545889126,2,2,Limited,7,37.635533732300026,36.40120125980004,31.95765562910003,44.49385922270003,5.009836850314079,0.2857142857142857,0.14285714285714285,0.2944845824353229,0.2433200822562685,0.0280919795485155,-0.3767843392479368,0.0343618396377376,0.7145901308232774,0.1557627748906114,871.9105085708219,4875.5633417526615,43.129372238217876,High,Limited historical support + V5
8405_1452,8405,1452,13.04796981674452,77.48745612832626,13.043478260869565,13.052461372619476,77.48284679776124,77.49206545889126,10,5,High,7,37.14289450970002,36.12972502130003,31.241665889600018,44.20066146710003,5.051443557295201,0.2857142857142857,0.14285714285714285,0.3268859770521383,0.2746562179079455,-0.0076603522404325,-0.3940464098547403,0.0699317064588601,0.6469725357225022,0.1439217312246232,877.5277689047905,2747.0441707511827,41.35867355183345,Moderate,Strong historical support + V5
8405_1453,8405,1453,13.05695292849443,77.48745612832626,13.052461372619476,13.061444484369384,77.48284679776124,77.49206545889126,2,2,Limited,7,37.523000306685745,36.23206054010002,31.88897051720004,44.399368059800025,4.968031883663984,0.2857142857142857,0.14285714285714285,0.2645298644232502,0.2017752898761491,0.0137532950294063,-0.3305604280528855,0.0324784413501071,0.7067654955303958,0.1571736566948906,872.3963266609902,3081.2894695710943,42.36919377877199,High,Limited historical support + V5
8405_1454,8405,1454,13.06593604024434,77.48745612832626,13.061444484369384,13.070427596119297,77.48284679776124,77.49206545889126,2,2,Limited,7,37.56015418408573,36.385597998500025,31.971994223000046,44.311388225000016,4.905465839989262,0.2857142857142857,0.14285714285714285,0.2894989584862608,0.2335487269224528,0.0130369781565247,-0.3720944552515359,0.0379117171727167,0.6945751789558703,0.1615072001800292,877.3826622948045,5556.955196085036,42.86631436213746,High,Limited historical support + V5
8405_1455,8405,1455,13.074919151994251,77.48745612832626,13.070427596119297,13.079410707869206,77.48284679776124,77.49206545889126,1,1,Limited,7,37.82571480654288,36.457290968,32.23108013900002,44.517665732000005,5.033334624500427,0.2857142857142857,0.2857142857142857,0.3618211189844187,0.319089879925962,0.044086776849462,-0.4470458001540744,0.0779133070826581,0.53417129405079,0.1539779675135639,883.3531505381303,7090.454681046731,43.69418036604161,High,Limited historical support + V5
8405_1456,8405,1456,13.08390226374416,77.48745612832626,13.079410707869206,13.088393819619116,77.48284679776124,77.49206545889126,3,2,Limited,7,37.77689815661431,36.39675783380001,32.179844019200026,44.630973095000016,5.028886757282266,0.2857142857142857,0.14285714285714285,0.3655425459027707,0.3066468738949326,0.0425516964945893,-0.4468647183988784,0.0598939727300223,0.5796006020868048,0.1583911782593292,877.2538094663546,7011.993359499891,41.761562194088924,Moderate,Limited historical support + V5
8405_1457,8405,1457,13.09288537549407,77.48745612832626,13.088393819619116,13.097376931369029,77.48284679776124,77.49206545889126,3,2,Limited,7,37.346825790114316,36.290884664300044,31.936515175400018,44.08048388390003,4.8725639793378805,0.2857142857142857,0.0,0.3848202571018135,0.3179037532412557,-0.00659469429732,-0.452810548457675,0.0946976940113866,0.5768463874500712,0.1540957234753295,865.2911340294005,8003.778080153697,39.16430937350428,Low,Limited historical support + V5
8405_1458,8405,1458,13.101868487243982,77.48745612832626,13.097376931369029,13.106360043118936,77.48284679776124,77.49206545889126,2,1,Limited,7,37.46301161424289,36.38987052350003,31.73013512780005,44.14865629280004,5.078661766661617,0.2857142857142857,0.0,0.3748587924178931,0.3141147250354303,0.004966366599113,-0.4437227091155441,0.0608603980022456,0.6628082874692459,0.1618244532498471,859.1066370393521,10039.529749238676,40.42301403207189,Moderate,Limited historical support + V5
8405_1459,8405,1459,13.110851598993891,77.48745612832626,13.106360043118936,13.115343154868846,77.48284679776124,77.49206545889126,1,1,Limited,7,37.58173165605717,36.16754541260001,31.964013146300044,44.673151461800025,5.2370045146503825,0.2857142857142857,0.14285714285714285,0.3791747543040025,0.3256262786737744,0.0218693602649363,-0.462586602212404,0.0568730454768647,0.6570578696529439,0.1626133687353739,864.4220113461294,11302.27249412422,41.61200903236464,Moderate,Limited historical support + V5
8405_1460,8405,1460,13.119834710743802,77.48745612832626,13.115343154868846,13.124326266618755,77.48284679776124,77.49206545889126,1,1,Limited,7,37.72634075792859,36.75934139540002,31.875161716400015,44.60010837440004,5.049911630884992,0.2857142857142857,0.14285714285714285,0.4200752508489361,0.3598860439389817,0.0025702366416732,-0.4922483434763015,0.0987224850813044,0.5127609581687322,0.1527201991864981,859.3480763017863,8380.2199373007,42.55500990685983,High,Limited historical support + V5
8405_1461,8405,1461,13.128817822493712,77.48745612832626,13.124326266618755,13.133309378368669,77.48284679776124,77.49206545889126,5,5,High,7,37.179733440971454,36.46246926830004,31.80948446210001,44.00445002900002,4.8515844229122225,0.2857142857142857,0.0,0.4598262660400987,0.3994915950941359,-0.0377213757530454,-0.5122045594568088,0.118803629561911,0.4654675067563126,0.1504240090445008,857.0430913614973,5093.5510090254165,38.74230578930395,Low,Strong historical support + V5
8405_1462,8405,1462,13.13780093424362,77.48745612832626,13.133309378368669,13.142292490118576,77.48284679776124,77.49206545889126,4,3,Moderate,7,35.29127739097145,34.425038816600015,30.481549511900006,42.85490154260002,4.660175272009864,0.14285714285714285,0.0,0.5770025265978539,0.5479500637801378,-0.1636647354172584,-0.5870030711095601,0.3250011931418936,0.237310680648035,0.1322244499833529,859.3496880035773,1865.0153154038733,23.24633923150102,Low,Historical support + V5
8405_1463,8405,1463,13.146784045993533,77.48745612832626,13.142292490118576,13.151275601868488,77.48284679776124,77.49206545889126,5,4,Moderate,7,31.04743690310003,30.487975389500026,27.21787020500004,35.92730987690007,3.0043433494492966,0.0,0.0,0.0875932349845288,-0.4085025660961598,-0.1544711978706222,0.0038160469219822,0.0602294878682879,0.0366714048132567,0.039402569162981,855.8426591794868,868.5787994896541,0.366714048132567,Low,Historical support + V5
8406_1424,8406,1424,12.796442687747035,77.49667478945626,12.79195113187208,12.80093424362199,77.49206545889126,77.50128412002127,2,2,Limited,7,38.74514265500003,37.592723031800006,32.9227677563,45.31447455440003,4.601949439021164,0.2857142857142857,0.14285714285714285,0.4156675821417152,0.3530331996283204,0.0472024142454756,-0.5008329159944503,0.1207468436410739,0.3504563986449917,0.1464417609368207,763.6438744216551,6600.290000623019,44.29194584564232,Very High,Limited historical support + V5
8406_1425,8406,1425,12.805425799496946,77.49667478945626,12.80093424362199,12.8099173553719,77.49206545889126,77.50128412002127,3,3,Moderate,7,39.017407479542875,37.81462089019998,33.08678144600002,46.57403201449999,4.9688016882358275,0.2857142857142857,0.2857142857142857,0.3687205774342891,0.2942708001676735,0.0663016018216703,-0.4683915193305089,0.1079007989061859,0.3473728368193168,0.1609413076508189,772.3324517210932,8004.685097948349,47.29860276187814,Very High,Historical support + V5
8406_1426,8406,1426,12.814408911246856,77.49667478945626,12.8099173553719,12.81890046712181,77.49206545889126,77.50128412002127,4,4,Moderate,7,38.93688381122859,37.42265944670001,33.07668119690005,46.94271674180002,5.172593376887102,0.2857142857142857,0.14285714285714285,0.3542009053271532,0.2845740324621503,0.0625605473954624,-0.4532375072564527,0.0939401913157517,0.4079974394014967,0.1570690591328552,787.227445168519,5282.913640596928,44.18170338951629,Very High,Historical support + V5
8406_1427,8406,1427,12.823392022996766,77.49667478945626,12.81890046712181,12.827883578871722,77.49206545889126,77.50128412002127,5,3,Moderate,7,38.824513962285735,37.14082660760001,32.68512991580003,47.07699365750004,5.205884853138841,0.2857142857142857,0.14285714285714285,0.3682105620461703,0.3116585784388364,0.0642981861158206,-0.4655745664902118,0.153641393205147,0.3604912193837309,0.1635514078034453,798.7286515001655,3104.2056016787787,42.570363290119474,High,Historical support + V5
8406_1428,8406,1428,12.832375134746677,77.49667478945626,12.827883578871722,12.836866690621632,77.49206545889126,77.50128412002127,3,3,Moderate,7,37.998119735342875,36.97655656640002,31.945880550200016,44.92599949130003,4.927626966177429,0.2857142857142857,0.14285714285714285,0.4352732285117896,0.3866884025164196,0.0086097584022779,-0.5048290211871754,0.1802585469945293,0.362049179046021,0.1471233146437005,799.9239378995188,3195.2474575084498,41.92364810975529,Moderate,Historical support + V5
8406_1429,8406,1429,12.841358246496586,77.49667478945626,12.836866690621632,12.84584980237154,77.49206545889126,77.50128412002127,5,5,High,7,38.31471383784287,36.81120984890002,32.54693936720003,45.43895884280004,4.966940289856753,0.2857142857142857,0.14285714285714285,0.3554485388611881,0.2901331649103477,0.0488740762790471,-0.4376601947937534,0.0980809110157442,0.5132345833453746,0.1545901463266421,797.7578241615654,3353.201885979504,42.76886649239195,High,Strong historical support + V5
8406_1430,8406,1430,12.850341358246496,77.49667478945626,12.84584980237154,12.854832914121452,77.49206545889126,77.50128412002127,4,3,Moderate,7,37.572146551400024,37.02541716230003,31.825395345200022,44.20283190980004,4.9652723718706415,0.2857142857142857,0.14285714285714285,0.4339641665367855,0.3868695270979789,0.0265073113884716,-0.4890324669710524,0.339191408022739,0.1022459437509133,0.1193144626984153,783.6101689506631,1833.604615777818,39.522609178298865,Low,Historical support + V5
8406_1431,8406,1431,12.859324469996409,77.49667478945626,12.854832914121452,12.863816025871362,77.49206545889126,77.50128412002127,3,2,Limited,7,37.04012441407145,36.47897830489999,30.821420330600027,43.48033084220005,5.060085437232368,0.2857142857142857,0.0,0.4578199504605167,0.3968370357315471,0.0263472943137257,-0.4987533097568121,0.3940477831452567,0.034175988892899,0.1108148481760367,794.2157793025196,3364.91001746039,34.495950822339346,Low,Limited historical support + V5
8406_1432,8406,1432,12.868307581746317,77.49667478945626,12.863816025871362,12.872799137621271,77.49206545889126,77.50128412002127,7,4,Moderate,7,37.93178329147145,36.69149369840001,31.839426317300035,46.11584643349998,5.233850301422032,0.2857142857142857,0.14285714285714285,0.3983978438888121,0.3157859927201425,0.0644075752900131,-0.4662352497368391,0.3672487884413011,0.0428256102441978,0.1271059274019678,818.4252673014523,2381.5028664172337,37.58211187240856,Low,Historical support + V5
8406_1433,8406,1433,12.877290693496228,77.49667478945626,12.872799137621271,12.881782249371184,77.49206545889126,77.50128412002127,8,4,Moderate,7,37.28466665497145,36.73698754460001,31.943590476800026,44.36934075410003,4.920552167412408,0.2857142857142857,0.14285714285714285,0.4210293432460016,0.3609947111778249,-0.0057815600723665,-0.4715429947126967,0.1789366129216826,0.3559984818233792,0.1358598998126611,808.9659333917314,1156.8221656552666,40.89726013630065,Moderate,Historical support + V5
8406_1434,8406,1434,12.886273805246136,77.49667478945626,12.881782249371184,12.890765361121092,77.49206545889126,77.50128412002127,2,2,Limited,7,37.86466558588574,36.61925384569998,32.223013611800035,44.71237324130003,4.8971182981712795,0.2857142857142857,0.14285714285714285,0.3738141528720502,0.317792397089177,0.0243562136648262,-0.4581175900611373,0.1014464261657362,0.5469053828578578,0.1453365591672253,818.5493471214482,2607.9790210504434,42.33165699530695,Moderate,Limited historical support + V5
8406_1435,8406,1435,12.895256916996049,77.49667478945626,12.890765361121092,12.899748472871002,77.49206545889126,77.50128412002127,2,2,Limited,7,37.79581445587145,36.725793529099995,31.88946613010002,44.94230344670005,5.095559791883394,0.2857142857142857,0.14285714285714285,0.4059801112842511,0.3573513731412324,0.0329822345369884,-0.465647634254779,0.2029203231707429,0.3011946180976904,0.1424887634211823,819.4830260540241,5368.938257748949,40.30409009258026,Moderate,Limited historical support + V5
8406_1436,8406,1436,12.904240028745958,77.49667478945626,12.899748472871002,12.908731584620911,77.49206545889126,77.50128412002127,3,3,Moderate,7,37.097254176928594,36.41101097720003,31.41270361040004,44.93738149790004,5.306265066226506,0.2857142857142857,0.14285714285714285,0.3985768535680878,0.3574673954201399,-0.0173968953782939,-0.4480756825208431,0.1283734945074085,0.3856389153155605,0.1361323385992888,823.5593057442093,8508.815339178598,39.87941035384298,Low,Historical support + V5
8406_1437,8406,1437,12.913223140495868,77.49667478945626,12.908731584620911,12.917714696370822,77.49206545889126,77.50128412002127,5,3,Moderate,7,36.94972999228573,36.24188734760001,31.967875508900043,43.771751227400024,4.987591262695638,0.2857142857142857,0.0,0.3688063624101592,0.3294318818529215,-0.0335312342471147,-0.4177518494661729,0.0902343234067772,0.564937221736958,0.1442435194488665,805.333093351682,11126.094153579812,38.84767307159337,Low,Historical support + V5
8406_1438,8406,1438,12.922206252245775,77.49667478945626,12.917714696370822,12.926697808120734,77.49206545889126,77.50128412002127,3,3,Moderate,7,37.22057877997145,36.761152946,31.81421841980002,44.221921551500024,5.208261341448241,0.2857142857142857,0.14285714285714285,0.3078097198559599,0.2585563217525997,-0.0175888328014859,-0.3704327768432811,0.0543806292233498,0.6358120861033354,0.1499261605959391,799.085349202578,10512.937546651874,43.792824894732696,High,Historical support + V5
8406_1439,8406,1439,12.931189363995689,77.49667478945626,12.926697808120734,12.935680919870643,77.49206545889126,77.50128412002127,9,5,High,7,36.78016202008574,35.98779174080004,31.289962512200045,43.41923373470001,5.0926781360630455,0.2857142857142857,0.0,0.3401823780915842,0.3001436804838593,-0.0347043289344361,-0.3863069145335447,0.055504760063724,0.6679579673615502,0.1492740731878782,817.6438949466856,9994.33882661496,38.85343205257469,Low,Strong historical support + V5
8406_1440,8406,1440,12.940172475745598,77.49667478945626,12.935680919870643,12.944664031620553,77.49206545889126,77.50128412002127,5,3,Moderate,7,36.659515679857165,36.03284124440003,31.104791278700045,43.694726146700035,5.039354730380841,0.14285714285714285,0.0,0.3787624637214765,0.34419550977005,-0.0467490719629397,-0.4316686372341761,0.1504695119378464,0.5228567214886735,0.1450717746074123,831.6639896703888,8246.445887996868,32.58404766626973,Low,Historical support + V5
8406_1441,8406,1441,12.94915558749551,77.49667478945626,12.944664031620553,12.953647143370464,77.49206545889126,77.50128412002127,2,2,Limited,7,37.202490129842886,36.32564592770004,31.36032245390004,44.23701210980002,5.1186884324543085,0.2857142857142857,0.14285714285714285,0.273440702583512,0.2166652954514002,-0.0022015425945306,-0.3305521216683685,0.0415722431052911,0.6934218438595174,0.1491171143791506,844.8843299466458,5018.361553130258,42.61306960067972,High,Limited historical support + V5
8406_1442,8406,1442,12.95813869924542,77.49667478945626,12.953647143370464,12.962630255120374,77.49206545889126,77.50128412002127,4,4,Moderate,7,37.137074109928605,36.23209472030004,31.03347429140003,43.92833072360003,5.103265375304269,0.2857142857142857,0.0,0.282238760076859,0.2242907975404217,-0.0082672829110846,-0.339239426684598,0.031311916502605,0.7366878434435497,0.154549262595322,844.1073447930943,1962.5124544219952,40.525697920867714,Moderate,Historical support + V5
8406_1443,8406,1443,12.967121810995328,77.49667478945626,12.962630255120374,12.971613366870285,77.49206545889126,77.50128412002127,1,1,Limited,7,37.095178950500035,36.02275808540002,31.599361682600023,44.21513678180004,5.084336493694122,0.2857142857142857,0.14285714285714285,0.2469170218920848,0.2019042630203804,-0.0138589181812857,-0.3103633993261019,0.0357052891718128,0.6274635031612513,0.1593964794840958,849.563945754392,1157.7928159746882,40.732319908580195,Moderate,Limited historical support + V5
8406_1444,8406,1444,12.97610492274524,77.49667478945626,12.971613366870285,12.980596478620194,77.49206545889126,77.50128412002127,2,2,Limited,7,37.026044613114315,35.97493998560003,31.206853355900037,43.78232999930001,5.111870899290758,0.2857142857142857,0.0,0.2969229212072331,0.2495889624015335,-0.0089950140561496,-0.3575958552549036,0.049479323007156,0.6987149998030693,0.1513293635355295,865.994022554659,3710.828929188972,39.109187388195174,Low,Limited historical support + V5
8406_1445,8406,1445,12.98508803449515,77.49667478945626,12.980596478620194,12.989579590370104,77.49206545889126,77.50128412002127,2,1,Limited,7,37.308399920985735,36.13618507910001,31.45124178590002,44.03757064279999,5.220726312912402,0.2857142857142857,0.0,0.374511405487853,0.3333549122680006,0.010831629126567,-0.4002607239566228,0.2030945272274091,0.2598954963351123,0.126778181230538,889.5736137667307,3037.5608649068404,35.37109131532091,Low,Limited historical support + V5
8406_1446,8406,1446,12.99407114624506,77.49667478945626,12.989579590370104,12.998562702120015,77.49206545889126,77.50128412002127,6,5,High,7,37.38650656087145,36.486292867700016,31.646171466500032,44.177128399400026,5.057207572693447,0.2857142857142857,0.0,0.1998351153007227,0.1463064059464056,0.0353878655782625,-0.2711341448349643,0.0296140083269667,0.6787562236794173,0.1484993293273036,902.389687151868,3242.371764244275,40.97124361595479,Moderate,Strong historical support + V5
8406_1447,8406,1447,13.00305425799497,77.49667478945626,12.998562702120015,13.007545813869925,77.49206545889126,77.50128412002127,3,3,Moderate,7,37.871982590128596,35.87636428880004,31.233103749500042,46.42980866060003,5.766463117607405,0.2857142857142857,0.2857142857142857,0.1957385939330526,0.1418345186467759,0.0578324559679384,-0.2583170202673656,0.027055028180584,0.7229672144049706,0.1551679662626713,909.849690780906,5293.982621234839,43.23999183140773,High,Historical support + V5
8406_1448,8406,1448,13.01203736974488,77.49667478945626,13.007545813869925,13.016528925619834,77.49206545889126,77.50128412002127,5,4,Moderate,7,37.97272140530002,35.782966892300045,31.262413271000025,46.64112774710003,5.7008596399821405,0.2857142857142857,0.14285714285714285,0.2035893970566623,0.1521147182747403,0.0637638349292047,-0.267899871356313,0.0285426820782635,0.7270094911869742,0.1504400120774333,905.237940627506,3256.440784082245,40.761003049771126,Moderate,Historical support + V5
8406_1449,8406,1449,13.021020481494787,77.49667478945626,13.016528925619834,13.025512037369744,77.49206545889126,77.50128412002127,0,0,Prediction Only,7,37.61715943335717,36.15028441160004,31.955895348800016,44.34900353509999,4.957984608483919,0.2857142857142857,0.14285714285714285,0.2716468762974783,0.2326147704509348,0.0271141871399857,-0.3475390607764602,0.0408520729468437,0.629851664993501,0.1609229529343436,890.5333562781208,936.1519130249542,41.270355046032805,Moderate,V5 prediction only
8406_1450,8406,1450,13.0300035932447,77.49667478945626,13.025512037369744,13.034495149119657,77.49206545889126,77.50128412002127,2,2,Limited,7,37.20738766421431,36.235529830400026,31.782225752600038,44.07990282050002,5.065145129354456,0.2857142857142857,0.0,0.2945880694463362,0.2549632511647938,-0.0011135201042852,-0.3624018796162894,0.0331550164520551,0.7265637858718227,0.1577431477900359,898.2524659731209,2766.063295207307,40.43830683018725,Moderate,Limited historical support + V5
8406_1451,8406,1451,13.03898670499461,77.49667478945626,13.034495149119657,13.043478260869565,77.49206545889126,77.50128412002127,7,3,Moderate,7,37.23595986997145,36.216850351100035,31.365808376000036,44.16236255300003,5.196830833945139,0.2857142857142857,0.0,0.2944697320059349,0.2348844982244429,0.0025306174101373,-0.3645851377712824,0.0401233072946346,0.6493681635325819,0.1533636875469711,885.1989589173322,5769.543863493896,39.591039725474985,Low,Historical support + V5
8406_1452,8406,1452,13.04796981674452,77.49667478945626,13.043478260869565,13.052461372619476,77.49206545889126,77.50128412002127,1,1,Limited,7,37.56628220565717,36.282168713300024,31.895857827500024,44.229680456900006,5.048984088413572,0.2857142857142857,0.14285714285714285,0.3174020164695065,0.2702934649083058,0.0081315441590652,-0.3800771744161235,0.0481598635377681,0.5690673853699223,0.1581145149937952,887.6984614729563,5818.231538636724,41.19423601113794,Moderate,Limited historical support + V5
8406_1453,8406,1453,13.05695292849443,77.49667478945626,13.052461372619476,13.061444484369384,77.49206545889126,77.50128412002127,5,4,Moderate,7,37.09590161758574,36.01564860380003,31.37633587760003,44.238276777200014,5.251780003538728,0.2857142857142857,0.14285714285714285,0.2861167492376547,0.2354889155552352,-0.0075867215883135,-0.3547411081110294,0.03350029266061,0.713713976603903,0.1461524720753331,880.2401752922999,6012.167381491551,41.56616103218418,Moderate,Historical support + V5
8406_1454,8406,1454,13.06593604024434,77.49667478945626,13.061444484369384,13.070427596119297,77.49206545889126,77.50128412002127,7,6,Very High,7,36.51828309345716,35.61476612810003,30.77107289600003,43.1558240234,5.100474727158795,0.2857142857142857,0.0,0.3197814118640811,0.2726474695839362,-0.0353225693459534,-0.3754599406657941,0.0475937470853279,0.7027842927554134,0.1460626775991164,883.8891661106456,6261.971218009073,37.69775147616601,Low,Strong historical support + V5
8406_1455,8406,1455,13.074919151994251,77.49667478945626,13.070427596119297,13.079410707869206,77.49206545889126,77.50128412002127,4,3,Moderate,7,37.40273483154289,36.37616426330003,31.626346950500047,43.64803599350001,4.79820785236233,0.2857142857142857,0.0,0.3456942001299927,0.3007478150058309,0.016433328298795,-0.4157373153068604,0.0525631036174888,0.6447894238020442,0.1544557121740125,899.2270607359872,4293.556463489951,40.18756526107367,Moderate,Historical support + V5
8406_1456,8406,1456,13.08390226374416,77.49667478945626,13.079410707869206,13.088393819619116,77.49206545889126,77.50128412002127,3,2,Limited,7,37.74196843365718,36.271043058200036,32.47184546780007,44.52653549390003,5.002704296014404,0.2857142857142857,0.14285714285714285,0.2885923980145741,0.2199883423577565,0.0324118884285495,-0.3653474830020694,0.0291678665616388,0.7164436273110364,0.1613943424726449,871.1653132497638,3753.618960610104,42.623142635728215,High,Limited historical support + V5
8406_1457,8406,1457,13.09288537549407,77.49667478945626,13.088393819619116,13.097376931369029,77.49206545889126,77.50128412002127,1,1,Limited,7,37.84987776650002,36.62646586790003,31.950255615800046,44.645653490899996,5.0949919962652475,0.2857142857142857,0.2857142857142857,0.3460224665008993,0.2936559175183708,0.0179087453709313,-0.427193148872961,0.0619597895688517,0.5833002200853505,0.1684402014356584,864.406848357297,5380.544265996501,44.867539538725595,Very High,Limited historical support + V5
8406_1458,8406,1458,13.101868487243982,77.49667478945626,13.097376931369029,13.106360043118936,77.49206545889126,77.50128412002127,8,4,Moderate,7,38.13984549320003,36.409148156300006,32.08237917890003,44.981439775700025,5.113601252215957,0.2857142857142857,0.2857142857142857,0.3619291331623191,0.3302669655738155,0.0300139537741088,-0.4491599956821926,0.1425473259857771,0.3295473814024617,0.1596983056156371,865.3564930985665,8104.531959584808,41.45384174031023,Moderate,Historical support + V5
8406_1459,8406,1459,13.110851598993891,77.49667478945626,13.106360043118936,13.115343154868846,77.49206545889126,77.50128412002127,1,1,Limited,7,38.09747181097145,36.35789494639999,32.130111828200015,44.97807302600002,5.092573560556226,0.2857142857142857,0.14285714285714285,0.3554719385122659,0.2979392118136671,0.0642474777743227,-0.4557871237874967,0.0751535035222476,0.5301482357971001,0.1639973796401258,874.699302238092,10694.18414269253,41.110353312416436,Moderate,Limited historical support + V5
8406_1460,8406,1460,13.119834710743802,77.49667478945626,13.115343154868846,13.124326266618755,77.49206545889126,77.50128412002127,6,4,Moderate,7,37.90597968191431,36.544501748300014,32.17748558540003,44.93809928210004,5.069836186145265,0.2857142857142857,0.14285714285714285,0.4270671388971768,0.3715051629844705,0.0248841760315303,-0.5082774839189061,0.1443298073896153,0.3729474125709525,0.1519785499464434,867.5383946507279,8779.344283941282,40.29069596133716,Moderate,Historical support + V5
8406_1461,8406,1461,13.128817822493712,77.49667478945626,13.124326266618755,13.133309378368669,77.49206545889126,77.50128412002127,1,1,Limited,7,36.665148088528596,36.08942656550003,31.50341786120002,44.24808649460004,5.046607343024006,0.14285714285714285,0.14285714285714285,0.5119157236962011,0.4694389615739056,-0.060850233112245,-0.551184579925673,0.2090295071220605,0.2480375147264082,0.1429849452599707,863.0978114627513,5728.275863246361,32.20685027860411,Low,Limited historical support + V5
8406_1462,8406,1462,13.13780093424362,77.49667478945626,13.133309378368669,13.142292490118576,77.49206545889126,77.50128412002127,4,3,Moderate,7,37.24479056878574,36.370763791700014,31.695510585199994,44.43853856900004,5.145150322020732,0.2857142857142857,0.14285714285714285,0.4559945883845701,0.3914238382448512,-0.0226523158349673,-0.5164267968673334,0.1577367066226089,0.3141672878174439,0.1438422218676935,864.7419046773779,3243.95066041997,39.00242772432527,Low,Historical support + V5
8406_1463,8406,1463,13.146784045993533,77.49667478945626,13.142292490118576,13.151275601868488,77.49206545889126,77.50128412002127,4,3,Moderate,7,36.780418371585746,36.28148510930001,31.438714742600027,43.60090149770005,4.734859933068261,0.14285714285714285,0.0,0.4896814985228342,0.4310882575549106,-0.0266803159117319,-0.5104619726309593,0.244174571072599,0.0871616331160362,0.1236625775794091,867.1906991770626,2977.779846881477,29.229565229316616,Low,Historical support + V5
8407_1424,8407,1424,12.796442687747035,77.50589345058627,12.79195113187208,12.80093424362199,77.50128412002127,77.51050278115129,0,0,Prediction Only,7,38.428221399157174,37.34592489769999,32.75603674070003,45.20719999670005,4.823746839644103,0.2857142857142857,0.14285714285714285,0.3543588607580344,0.2776915004895011,0.0455189277872258,-0.4352530606864996,0.0506203150728253,0.5578482082416077,0.1542243197374806,746.0842044072982,7349.170017393121,45.370837009183205,Very High,V5 prediction only
8407_1425,8407,1425,12.805425799496946,77.50589345058627,12.80093424362199,12.8099173553719,77.50128412002127,77.51050278115129,2,2,Limited,7,38.829040397342894,37.435118129600006,32.97514891280005,45.32720667890005,4.673173419785326,0.2857142857142857,0.14285714285714285,0.3516745313391002,0.2798907524752464,0.04742110712326,-0.4331866783182348,0.0831615384654706,0.5166188269318768,0.1585965243185806,754.4274801042214,7087.313164093916,45.31814748667022,Very High,Limited historical support + V5
8407_1426,8407,1426,12.814408911246856,77.50589345058627,12.8099173553719,12.81890046712181,77.50128412002127,77.51050278115129,1,1,Limited,7,38.45618080275716,37.89918270499997,32.715020500700014,44.913557898500045,4.675955573546271,0.2857142857142857,0.14285714285714285,0.3776861750112582,0.313964448005967,0.017964558635079,-0.4443354686763837,0.0877552371743103,0.4906277039265574,0.1628806273422922,761.666383051137,4350.940301076437,46.92922589189656,Very High,Limited historical support + V5
8407_1427,8407,1427,12.823392022996766,77.50589345058627,12.81890046712181,12.827883578871722,77.50128412002127,77.51050278115129,2,2,Limited,7,36.712751341357155,36.63261830389999,31.984128194000018,43.29386076110002,4.698514565488684,0.14285714285714285,0.0,0.4766013462227767,0.4348669246021489,-0.0625908674943364,-0.507595207113673,0.1904961818973839,0.3850564063389082,0.1419166358332746,773.8258296485691,1386.9559530636775,33.62419216337395,Low,Limited historical support + V5
8407_1428,8407,1428,12.832375134746677,77.50589345058627,12.827883578871722,12.836866690621632,77.50128412002127,77.51050278115129,3,3,Moderate,7,37.26338459758574,36.87217023560001,32.244376236800015,44.093882522300035,4.733636650224672,0.14285714285714285,0.0,0.4585148361493329,0.4161317514114239,-0.0186017876836384,-0.5131885756688375,0.2027287129732524,0.3512959587050835,0.1484312286098251,793.9441851888638,1830.8488025534264,34.252399785353354,Low,Historical support + V5
8407_1429,8407,1429,12.841358246496586,77.50589345058627,12.836866690621632,12.84584980237154,77.50128412002127,77.51050278115129,5,3,Moderate,7,38.47295839807144,36.7624176134,32.52764464430001,46.66537859900001,5.3170924635018455,0.2857142857142857,0.14285714285714285,0.3176320394425817,0.2450414411504248,0.0555441760341801,-0.4041668135401344,0.0928264185941036,0.6049422738834802,0.1563570973443073,816.5969100824778,4623.024774693622,43.48922558792083,High,Historical support + V5
8407_1430,8407,1430,12.850341358246496,77.50589345058627,12.84584980237154,12.854832914121452,77.50128412002127,77.51050278115129,6,4,Moderate,7,37.607720815271456,36.89712178159999,31.79842716740001,44.57616514430004,5.052723512288973,0.2857142857142857,0.14285714285714285,0.4474319090649879,0.3993491702840802,0.0200643691232193,-0.5030257127492515,0.3010470321313471,0.271337839950556,0.132177201974284,802.090174890006,5034.8085650026,40.696273990186704,Moderate,Historical support + V5
8407_1431,8407,1431,12.859324469996409,77.50589345058627,12.854832914121452,12.863816025871362,77.50128412002127,77.51050278115129,4,3,Moderate,7,38.6942605444143,37.36045148270001,32.51574993470003,47.611657435999994,5.477075223121325,0.2857142857142857,0.14285714285714285,0.4067989830637181,0.3285672965098137,0.0792321187569787,-0.4813015780596675,0.3282188135905851,0.0975319368233083,0.1426071668755651,817.9028132810982,5392.629261177429,40.82624176903681,Moderate,Historical support + V5
8407_1432,8407,1432,12.868307581746317,77.50589345058627,12.863816025871362,12.872799137621271,77.50128412002127,77.51050278115129,5,3,Moderate,7,37.219399563071455,36.60163395260004,31.11251600390002,44.11406593040003,5.120191322963969,0.2857142857142857,0.0,0.4681613735865448,0.4092468747373152,0.0074953893737519,-0.5257266197551065,0.4235587999710321,0.0951989562027601,0.1237333554209984,831.1581343564067,3472.8006565440355,35.6006966850383,Low,Historical support + V5
8407_1433,8407,1433,12.877290693496228,77.50589345058627,12.872799137621271,12.881782249371184,77.50128412002127,77.51050278115129,2,2,Limited,7,37.86177247610002,36.818080069099985,32.24239378520002,44.59537441670003,4.775734557395374,0.2857142857142857,0.14285714285714285,0.4265470940892823,0.3600594044762925,0.0203614597347368,-0.4877796543430951,0.1256204475284998,0.4832136453306831,0.1489963489353771,828.9345794061124,2947.431110648923,42.496356082318634,High,Limited historical support + V5
8407_1434,8407,1434,12.886273805246136,77.50589345058627,12.881782249371184,12.890765361121092,77.50128412002127,77.51050278115129,2,2,Limited,7,37.7030811318286,36.77473957549999,31.689648680900028,44.71493675630004,5.076835202269704,0.2857142857142857,0.14285714285714285,0.3988531999078179,0.3397715502789836,0.0290249212383857,-0.4796011309540839,0.231500263593003,0.2687499944539256,0.1382015668385576,838.9994183716553,4984.028158625226,40.17698179219036,Moderate,Limited historical support + V5
8407_1435,8407,1435,12.895256916996049,77.50589345058627,12.890765361121092,12.899748472871002,77.50128412002127,77.51050278115129,3,3,Moderate,7,37.505597702000024,36.65799710240001,31.63478945990002,44.78900524970005,5.297655790585714,0.2857142857142857,0.14285714285714285,0.4463320446106444,0.3751376870734083,0.0235205951339848,-0.4871097730414432,0.2835758782124253,0.2460719620826739,0.1331267630006297,840.1107185926096,7239.768002983734,39.47952568595617,Low,Historical support + V5
8407_1436,8407,1436,12.904240028745958,77.50589345058627,12.899748472871002,12.908731584620911,77.50128412002127,77.51050278115129,3,3,Moderate,7,37.67910128008574,36.89939476490001,31.863813890000028,44.55158958050004,5.1272960641512935,0.2857142857142857,0.14285714285714285,0.3387072771991877,0.2885061265173951,0.0123500318807815,-0.4103166928502339,0.1256868194458247,0.5234830634470948,0.1479105089191229,830.4135241540753,9817.065714749724,43.22689031226611,High,Historical support + V5
8407_1437,8407,1437,12.913223140495868,77.50589345058627,12.908731584620911,12.917714696370822,77.50128412002127,77.51050278115129,3,2,Limited,7,37.22617456700002,36.58762007060002,31.993237217300006,44.139735260600034,5.198848571055482,0.2857142857142857,0.0,0.346034582208164,0.305062000917255,-0.0261396789760618,-0.4176599541263417,0.1094115238141658,0.5693844341480133,0.1447503486456932,809.3124137759817,12701.363948109463,40.286051077773166,Moderate,Limited historical support + V5
8407_1438,8407,1438,12.922206252245775,77.50589345058627,12.917714696370822,12.926697808120734,77.50128412002127,77.51050278115129,4,3,Moderate,7,36.94601655770001,36.31549440830001,31.64880334190002,43.84484558510001,5.104139442236661,0.2857142857142857,0.0,0.3373755898010172,0.2792616777584905,-0.0286223958488158,-0.3820545207011835,0.0534591488941596,0.6813396973489079,0.1537122351052398,805.2098915167452,13710.626005585926,40.30846266380144,Moderate,Historical support + V5
8407_1439,8407,1439,12.931189363995689,77.50589345058627,12.926697808120734,12.935680919870643,77.50128412002127,77.51050278115129,9,4,Moderate,7,36.69760462987144,35.9724790112,31.404619993100038,43.720908179900015,5.116361615266447,0.2857142857142857,0.0,0.3785720118820674,0.3212743240285206,-0.0487203171756665,-0.4256182791840475,0.1257749370002891,0.5561557856756507,0.1400158025707457,808.0345969832713,12135.033925465726,37.67367322778997,Low,Historical support + V5
8407_1440,8407,1440,12.940172475745598,77.50589345058627,12.935680919870643,12.944664031620553,77.50128412002127,77.51050278115129,1,1,Limited,7,35.97229346154288,36.00785551820002,30.56120646800002,42.75234385250003,4.738663570303741,0.14285714285714285,0.0,0.5115041162081245,0.4897555856579901,-0.0792995262230678,-0.5387443142554817,0.2969400521598163,0.2446705685201551,0.1329287525203504,831.987004096689,9162.809642631655,29.701450081241667,Low,Limited historical support + V5
8407_1441,8407,1441,12.94915558749551,77.50589345058627,12.944664031620553,12.953647143370464,77.50128412002127,77.51050278115129,2,2,Limited,7,36.42244913698575,36.29737890230004,30.882124365800028,43.62306735740005,4.885077359995283,0.14285714285714285,0.0,0.4895957893399196,0.4585099357564993,-0.038459741310447,-0.5108875865494072,0.3545813487405058,0.1940720580522829,0.1226013211247392,842.6074680495614,6370.211010179381,30.362749185566237,Low,Limited historical support + V5
8407_1442,8407,1442,12.95813869924542,77.50589345058627,12.953647143370464,12.962630255120374,77.50128412002127,77.51050278115129,3,3,Moderate,7,37.31629066430003,36.50633955500003,31.57348727120003,44.16740413250003,5.05956969534712,0.2857142857142857,0.0,0.331294504314391,0.2892682090946355,-0.0040831726433907,-0.3914355336019556,0.0856109354894023,0.6006612407811444,0.1496358784312045,847.5638550369874,4279.7526648314215,40.271116901142534,Moderate,Historical support + V5
8407_1443,8407,1443,12.967121810995328,77.50589345058627,12.962630255120374,12.971613366870285,77.50128412002127,77.51050278115129,5,3,Moderate,7,37.24606256051431,36.17453526350004,31.501811391800047,43.9749866966,5.08296572623797,0.2857142857142857,0.0,0.2763651405941638,0.2346528919960035,-0.0048128980814076,-0.3357970168954993,0.0331317901563786,0.7168419510854026,0.1562508995762629,862.1978053946285,3787.515193689384,40.09517399428035,Moderate,Historical support + V5
8407_1444,8407,1444,12.97610492274524,77.50589345058627,12.971613366870285,12.980596478620194,77.50128412002127,77.51050278115129,3,2,Limited,7,36.90821325650002,35.97550395890003,30.68516096330002,43.53221638580004,5.1568556614830054,0.2857142857142857,0.0,0.2548673842642865,0.2117987383661731,-0.0125773480185062,-0.307065301348434,0.0307172484340322,0.7324693287554266,0.15313447734455,869.9457309891727,5502.031356249948,39.44900447376956,Low,Limited historical support + V5
8407_1445,8407,1445,12.98508803449515,77.50589345058627,12.980596478620194,12.989579590370104,77.50128412002127,77.51050278115129,2,2,Limited,7,37.407014680871455,35.85313884290003,31.767306095300047,43.997084195900015,5.016152372156578,0.2857142857142857,0.0,0.2345147193390547,0.1749772258940519,0.0448798260087039,-0.299786822649239,0.0336390653464585,0.6946256599576068,0.1526585178515551,896.2339253473524,6104.62033372896,38.577222945671956,Low,Limited historical support + V5
8407_1446,8407,1446,12.99407114624506,77.50589345058627,12.989579590370104,12.998562702120015,77.50128412002127,77.51050278115129,3,2,Limited,7,37.40116254234289,35.77811330390004,30.71253930350003,44.958607402100014,5.399343724320948,0.2857142857142857,0.14285714285714285,0.1909345615868347,0.1440111738985673,0.0458573994520103,-0.2548284388967002,0.0286041015433161,0.7048263055377414,0.1557160824708707,916.0980311469024,6210.675989962352,40.51960276665952,Moderate,Limited historical support + V5
8407_1447,8407,1447,13.00305425799497,77.50589345058627,12.998562702120015,13.007545813869925,77.50128412002127,77.51050278115129,1,1,Limited,7,37.081558140800034,36.51488460500004,30.40932674930002,43.506888857600025,5.165229542651825,0.2857142857142857,0.0,0.213152478592638,0.1664433365117386,0.0222345914841666,-0.2727136557246059,0.0303205641533369,0.716329156542718,0.1400282628500351,922.8922356447252,7012.270046977877,41.4622475140739,Moderate,Limited historical support + V5
8407_1448,8407,1448,13.01203736974488,77.50589345058627,13.007545813869925,13.016528925619834,77.50128412002127,77.51050278115129,2,2,Limited,7,37.44491075690002,36.543100360100034,31.52549827040004,44.102820644600015,5.096424679391688,0.2857142857142857,0.0,0.2567640099331488,0.2257115930674123,0.0327147560869304,-0.3058038302239464,0.0328494226935794,0.7093306469671329,0.1522703853170125,916.232077854806,4942.56425754568,41.50602112377014,Moderate,Limited historical support + V5
8407_1449,8407,1449,13.021020481494787,77.50589345058627,13.016528925619834,13.025512037369744,77.50128412002127,77.51050278115129,6,4,Moderate,7,37.50194042060003,36.29337981890003,31.83992193020004,44.208283651700015,5.067074610978568,0.2857142857142857,0.14285714285714285,0.2792805389207922,0.2374152132195218,0.0301036624585911,-0.3262793430905326,0.0354214397614539,0.6511549096620738,0.1528220377246876,909.268237723824,3497.4229092377595,42.060311563433544,Moderate,Historical support + V5
8407_1450,8407,1450,13.0300035932447,77.50589345058627,13.025512037369744,13.034495149119657,77.50128412002127,77.51050278115129,6,4,Moderate,7,37.46718159864288,36.402585557900025,31.73560395980006,43.93961018960002,5.027914953245253,0.2857142857142857,0.0,0.266251884926492,0.2143646346810183,0.0347662653221688,-0.3282255375067267,0.0376817120960909,0.6801973300432235,0.1494921222063833,904.193593947395,4380.2729582528,40.648168223321264,Moderate,Historical support + V5
8407_1451,8407,1451,13.03898670499461,77.50589345058627,13.034495149119657,13.043478260869565,77.50128412002127,77.51050278115129,3,3,Moderate,7,37.06058126377145,36.13481787110001,31.155805227200048,43.6976143736,5.081960321890275,0.2857142857142857,0.0,0.2728600571780115,0.2219263296269922,-0.0003033752150448,-0.3288328618347386,0.0328862772971879,0.72005129367964,0.1413617627171471,890.8234786897681,6908.201521768914,39.96713705591569,Low,Historical support + V5
8407_1452,8407,1452,13.04796981674452,77.50589345058627,13.043478260869565,13.052461372619476,77.50128412002127,77.51050278115129,4,3,Moderate,7,37.12307487658575,36.17070708110006,31.10629520750004,43.85048531810002,5.059817296472646,0.2857142857142857,0.0,0.2392071573523259,0.1951754627437992,0.0132305856512035,-0.3077704084760637,0.0312327330068343,0.714395447068286,0.149350751239118,897.5381241972457,8900.24188071369,40.05527470212789,Moderate,Historical support + V5
8407_1453,8407,1453,13.05695292849443,77.50589345058627,13.052461372619476,13.061444484369384,77.50128412002127,77.51050278115129,4,2,Limited,7,37.158673554885745,36.10757625170002,30.648297617600047,43.647967633100016,5.082237681112761,0.2857142857142857,0.0,0.22940036544596,0.1775753782352965,0.0126565804576607,-0.2962217827972705,0.0294934777430251,0.7268338677283792,0.1471355248263079,896.1688702008386,8369.753833061824,39.925131556856975,Low,Limited historical support + V5
8407_1454,8407,1454,13.06593604024434,77.50589345058627,13.061444484369384,13.070427596119297,77.50128412002127,77.51050278115129,6,4,Moderate,7,36.91072550120003,35.91250985030003,31.03706321240004,43.6094807279,5.023915877920847,0.2857142857142857,0.0,0.2851672985003214,0.2352441097336758,-0.0115355069674029,-0.3490095666840534,0.0360516216900732,0.7228339729868947,0.1475900696278094,892.2983889283195,5528.481405887117,39.09867478749765,Low,Historical support + V5
8407_1455,8407,1455,13.074919151994251,77.50589345058627,13.070427596119297,13.079410707869206,77.50128412002127,77.51050278115129,5,3,Moderate,7,37.64297280868574,36.241733536700025,32.269071431300056,44.39169460490001,4.829783772073005,0.2857142857142857,0.14285714285714285,0.2804555525039349,0.2258301329016332,0.0134704616374076,-0.3576277577206391,0.0335706475889098,0.7086782684103351,0.1633542010568609,880.3391983249645,2331.72914146845,42.427320554988654,High,Historical support + V5
8407_1456,8407,1456,13.08390226374416,77.50589345058627,13.079410707869206,13.088393819619116,77.50128412002127,77.51050278115129,4,3,Moderate,7,36.6912666442143,35.97476908460001,31.524028521800023,44.00656920140003,5.216082777745536,0.2857142857142857,0.0,0.1974612012517937,0.1266563699512419,-0.032309927680757,-0.2632310618340465,0.0357267168398266,0.445017694448849,0.1443185400075425,866.5222097996428,1222.9273193902172,36.57152530554658,Low,Historical support + V5
8407_1457,8407,1457,13.09288537549407,77.50589345058627,13.088393819619116,13.097376931369029,77.50128412002127,77.51050278115129,5,2,Limited,7,39.62927700551429,39.4203212357,33.23363667530002,47.6974326479,5.267076124880339,0.2857142857142857,0.2857142857142857,0.2350101074782172,0.1987759869645699,0.1057083103798404,-0.3593351302582347,0.0293112629527394,0.5506826665100962,0.1760324324818225,873.9883185614553,4002.410912200887,55.80547402714063,Very High,Limited historical support + V5
8407_1458,8407,1458,13.101868487243982,77.50589345058627,13.097376931369029,13.106360043118936,77.50128412002127,77.51050278115129,7,5,High,7,40.3774425204286,40.108932635000045,33.603295538300024,48.032073896,5.465615539395732,0.2857142857142857,0.2857142857142857,0.2422137949800999,0.1877192351919506,0.131887809769225,-0.3917427833294476,0.0470795359159612,0.4640360467030125,0.1751143378060743,879.3138902988323,7261.132730484916,57.715312807133,Very High,Strong historical support + V5
8407_1459,8407,1459,13.110851598993891,77.50589345058627,13.106360043118936,13.115343154868846,77.50128412002127,77.51050278115129,4,4,Moderate,7,37.93129744434288,36.2445021329,32.40874881860002,44.64256018279999,4.956920360969043,0.2857142857142857,0.14285714285714285,0.3712092216600687,0.3246411177449745,0.043373491336197,-0.4630174201467155,0.1101959344884589,0.4911834785559539,0.152196054026667,880.6741573033711,10509.802188494232,40.26353492796701,Moderate,Historical support + V5
8407_1460,8407,1460,13.119834710743802,77.50589345058627,13.115343154868846,13.124326266618755,77.50128412002127,77.51050278115129,4,4,Moderate,7,38.13859303301432,36.3886742165,32.26681553810002,44.84198455970002,4.985964521654561,0.2857142857142857,0.2857142857142857,0.3866721978085644,0.3336084824638335,0.045038502367016,-0.4874579589393379,0.0988103532871594,0.3702130780072067,0.1572183426340463,878.9469103815452,10266.55812974728,41.77795301942148,Moderate,Historical support + V5
8407_1461,8407,1461,13.128817822493712,77.50589345058627,13.124326266618755,13.133309378368669,77.50128412002127,77.51050278115129,3,3,Moderate,7,37.6951000551286,36.623270019200035,31.936156283300043,44.90019344030004,5.247312730801123,0.2857142857142857,0.14285714285714285,0.4279188023654951,0.3797594629731492,-0.0066152445947051,-0.5156318672631732,0.101865628964094,0.3166846683885097,0.1565998693788336,871.38029418864,7819.087919902136,40.04564203461203,Moderate,Historical support + V5
8407_1462,8407,1462,13.13780093424362,77.50589345058627,13.133309378368669,13.142292490118576,77.50128412002127,77.51050278115129,5,3,Moderate,7,37.56544479075717,36.38677721540002,32.02625529050003,44.745032422400044,5.280984191856166,0.2857142857142857,0.14285714285714285,0.4044480545966583,0.3541312512979014,0.0227919071958073,-0.4916345893098089,0.0996326858892902,0.2677993065096044,0.1544095776288196,867.2846062645547,6232.928906125527,38.60330993850835,Low,Historical support + V5
8407_1463,8407,1463,13.146784045993533,77.50589345058627,13.142292490118576,13.151275601868488,77.50128412002127,77.51050278115129,3,2,Limited,7,37.855930103342885,36.572666233100016,32.07675653600004,44.82679146080006,5.071786717236318,0.2857142857142857,0.14285714285714285,0.4040770250753111,0.3581801847713943,0.0351999942973615,-0.4945720796684049,0.1247153779918506,0.258159994390469,0.1538157941808342,871.8159333442205,6151.748571504454,39.25637377625255,Low,Limited historical support + V5
8408_1424,8408,1424,12.796442687747035,77.51511211171629,12.79195113187208,12.80093424362199,77.51050278115129,77.5197214422813,0,0,Prediction Only,7,38.361928901257166,37.95706687369998,32.77122983960003,44.56063024340003,4.590923409263739,0.2857142857142857,0.14285714285714285,0.4306523748590273,0.3776840561112153,0.0084474825010624,-0.4939110033029334,0.1131820880204421,0.4629443109671939,0.1515764934713174,740.1585607562125,5772.607209460746,46.88576612061083,Very High,V5 prediction only
8408_1425,8408,1425,12.805425799496946,77.51511211171629,12.80093424362199,12.8099173553719,77.51050278115129,77.5197214422813,4,3,Moderate,7,37.134556982342886,37.47201565550001,32.198967841100014,44.19722635700006,4.863855049064486,0.14285714285714285,0.14285714285714285,0.4936466907144533,0.4482491513067909,-0.0602528621068052,-0.5331744714598874,0.2427741244251224,0.3115149180634128,0.1458045965053745,742.4850380077149,4353.986586174587,38.41586978203836,Low,Historical support + V5
8408_1426,8408,1426,12.814408911246856,77.51511211171629,12.8099173553719,12.81890046712181,77.51050278115129,77.5197214422813,6,4,Moderate,7,38.380947741114305,37.83198443179996,32.55114353180004,45.12544095830004,4.731123016436078,0.2857142857142857,0.14285714285714285,0.3907375640324536,0.3083659562224081,0.0281197928488392,-0.4528927223573073,0.1309198548426633,0.4300981435124905,0.1450522742960221,758.2279725336862,4399.58779796818,46.05300404315395,Very High,Historical support + V5
8408_1427,8408,1427,12.823392022996766,77.51511211171629,12.81890046712181,12.827883578871722,77.51050278115129,77.5197214422813,2,2,Limited,7,37.54462904895717,37.0536670976,32.14537328750004,44.40169231340003,4.894185062144207,0.2857142857142857,0.14285714285714285,0.4406882276351197,0.3648530770792372,-0.0114510089065708,-0.4938570499031334,0.1715029701675619,0.4410626370995155,0.1439665336651003,784.0128572340109,3651.125272048728,43.02467262305814,High,Limited historical support + V5
8408_1428,8408,1428,12.832375134746677,77.51511211171629,12.827883578871722,12.836866690621632,77.51050278115129,77.5197214422813,4,4,Moderate,7,38.05553270557146,37.032953896400016,32.11073165480002,44.98731877010007,4.916664361321675,0.2857142857142857,0.14285714285714285,0.380788098318027,0.3046740894747005,0.0304369384305614,-0.4559254441754227,0.1316499183639765,0.410337735535454,0.1442286946110437,800.6326275227146,3928.609142598334,42.63391327973258,High,Historical support + V5
8408_1429,8408,1429,12.841358246496586,77.51511211171629,12.836866690621632,12.84584980237154,77.51050278115129,77.5197214422813,2,2,Limited,7,37.34036817375717,36.49324853840001,31.88883379640002,44.161251696500045,4.871892589440598,0.2857142857142857,0.0,0.4030765529324329,0.3367730828917595,-0.0088024263616627,-0.4472447449283883,0.1102310968775805,0.495011425962293,0.142324052745432,821.2325489056066,5293.09403693004,39.161839123410424,Low,Limited historical support + V5
8408_1430,8408,1430,12.850341358246496,77.51511211171629,12.84584980237154,12.854832914121452,77.51050278115129,77.5197214422813,2,1,Limited,7,37.634872101285744,36.66804608120004,31.94114659250002,44.37094722350003,4.973660306637504,0.2857142857142857,0.14285714285714285,0.386439355902208,0.3161081482153949,0.0145411287744145,-0.4486311912682316,0.1355288128877847,0.492537262859715,0.1524216142641327,826.5282052736837,6744.454185113253,41.984693605177846,Moderate,Limited historical support + V5
8408_1431,8408,1431,12.859324469996409,77.51511211171629,12.854832914121452,12.863816025871362,77.51050278115129,77.5197214422813,3,2,Limited,7,38.14264582815717,36.863693546,32.37819171980003,45.16069783460006,4.921778236011349,0.2857142857142857,0.14285714285714285,0.3996585450499847,0.3295769957455097,0.0524728492569491,-0.4782232587105647,0.175866252505949,0.2887152758506893,0.144122086351516,840.7099787565301,7680.9272972075505,40.73527425599344,Moderate,Limited historical support + V5
8408_1432,8408,1432,12.868307581746317,77.51511211171629,12.863816025871362,12.872799137621271,77.51050278115129,77.5197214422813,4,2,Limited,7,37.789947668685734,36.741054988400016,32.078961158900036,44.78743296050002,5.080086808547776,0.2857142857142857,0.14285714285714285,0.3722575525267126,0.2946811461823096,0.0365829232188443,-0.4526597142073103,0.0659558847587881,0.5793055492390621,0.1515658546412989,854.3302040367569,6363.490507728814,43.146729703187724,High,Limited historical support + V5
8408_1433,8408,1433,12.877290693496228,77.51511211171629,12.872799137621271,12.881782249371184,77.51050278115129,77.5197214422813,4,3,Moderate,7,37.62855364717144,36.310880081299985,32.01174579560004,44.69319814909999,5.084518128823571,0.2857142857142857,0.14285714285714285,0.3497799941180097,0.2708329370396183,0.0320483492154579,-0.425172223357702,0.0620891735523862,0.6735445609137835,0.1427291668054157,860.0897934145116,6089.412121336667,42.354764656436814,High,Historical support + V5
8408_1434,8408,1434,12.886273805246136,77.51511211171629,12.881782249371184,12.890765361121092,77.51050278115129,77.5197214422813,3,2,Limited,7,37.79296529205716,36.60139469120001,32.25227186300001,44.56056188300003,4.961234896830951,0.2857142857142857,0.14285714285714285,0.3753824990031255,0.3099040337696285,0.0274038408675022,-0.4502669387547134,0.1205468552109993,0.5608711212062618,0.1486111362880955,842.9396108800406,7401.595150637911,42.399310837181496,High,Limited historical support + V5
8408_1435,8408,1435,12.895256916996049,77.51511211171629,12.890765361121092,12.899748472871002,77.51050278115129,77.5197214422813,5,4,Moderate,7,37.226985126028595,36.50305825580005,31.67983896350001,44.081936542400015,5.114071629933901,0.2857142857142857,0.0,0.368867233882049,0.3256746305304329,-0.0043550408095297,-0.444862091495443,0.1388315465855316,0.4647030233693354,0.1487526547511214,827.3912770597308,9634.942693083218,38.898305368183316,Low,Historical support + V5
8408_1436,8408,1436,12.904240028745958,77.51511211171629,12.899748472871002,12.908731584620911,77.51050278115129,77.5197214422813,4,2,Limited,7,36.75648246581431,35.96025958970003,31.270736149700024,43.55007554030003,5.1491760502417785,0.2857142857142857,0.0,0.3440758776616157,0.2899871309303505,-0.0293711657174604,-0.3903231548359283,0.0879652121542929,0.6441369835879238,0.1482900082867287,823.8595177304963,11900.917015492125,38.504219625811515,Low,Limited historical support + V5
8408_1437,8408,1437,12.913223140495868,77.51511211171629,12.908731584620911,12.917714696370822,77.51050278115129,77.5197214422813,4,2,Limited,7,36.65714259740002,35.704437882800036,31.176501338300053,43.46177099360002,5.185646719777325,0.2857142857142857,0.0,0.3137832026939418,0.2736989607908489,-0.0411958764155468,-0.3653187181065239,0.0387940220342713,0.7279016845875071,0.1564625910628417,828.5610345206723,14135.785609510678,38.310458966568895,Low,Limited historical support + V5
8408_1438,8408,1438,12.922206252245775,77.51511211171629,12.917714696370822,12.926697808120734,77.51050278115129,77.5197214422813,5,5,High,7,36.66605142238571,35.96345543840002,31.035251661800007,43.192243026499995,5.113764141783526,0.2857142857142857,0.0,0.3278146990305908,0.2869234629626289,-0.0448148590212104,-0.3725462211854874,0.0386691210127569,0.7196661987266241,0.1501408077569959,819.384553716487,15722.219065024045,39.27239662148649,Low,Strong historical support + V5
8408_1439,8408,1439,12.931189363995689,77.51511211171629,12.926697808120734,12.935680919870643,77.51050278115129,77.5197214422813,2,2,Limited,7,36.8077356757143,35.87005804190001,31.582562114300018,43.404091906100014,5.077336917212735,0.2857142857142857,0.0,0.3335933021563901,0.2955335349714225,-0.0381119108318204,-0.3771363258102631,0.0426870145758694,0.7115977245126835,0.1504156446525162,811.8066365371384,13672.932206410427,38.815157472747536,Low,Limited historical support + V5
8408_1440,8408,1440,12.940172475745598,77.51511211171629,12.935680919870643,12.944664031620553,77.51050278115129,77.5197214422813,1,1,Limited,7,36.78626562722859,35.92156760330002,31.383787161200043,44.19030486650003,5.143375717334115,0.14285714285714285,0.14285714285714285,0.421846661511419,0.3737943280509409,-0.0485398428961705,-0.4625046650580908,0.1917585374034131,0.3990160931817315,0.1429697346048626,812.1696637582465,11027.2900893293,33.03987167493764,Low,Limited historical support + V5
8408_1441,8408,1441,12.94915558749551,77.51511211171629,12.944664031620553,12.953647143370464,77.51050278115129,77.5197214422813,3,2,Limited,7,36.341390792685736,35.844200720600035,30.52842765620003,43.33916661620004,4.995208578217267,0.14285714285714285,0.0,0.4555312059832406,0.4053762117263821,-0.0642363809918327,-0.4849591506195757,0.2457708065803454,0.4046875469384169,0.1338251468987008,824.858440443764,8836.795750492425,30.641805593219967,Low,Limited historical support + V5
8408_1442,8408,1442,12.95813869924542,77.51511211171629,12.953647143370464,12.962630255120374,77.51050278115129,77.5197214422813,2,1,Limited,7,36.533485958128594,35.63132643500003,30.380940093200035,43.036210413500015,5.0460237536272174,0.14285714285714285,0.0,0.333026212780097,0.2750601388693448,-0.0441482602459194,-0.3716760445800631,0.0617049026999702,0.6879733086804132,0.1378757947326153,834.7889440998197,7328.452415067519,32.616408555817635,Low,Limited historical support + V5
8408_1443,8408,1443,12.967121810995328,77.51511211171629,12.962630255120374,12.971613366870285,77.51050278115129,77.5197214422813,2,2,Limited,7,36.65067033238574,35.697140410100026,30.738106093100047,43.50868331810001,5.1182456495174184,0.2857142857142857,0.0,0.2949704369470821,0.2509059281049491,-0.0339768189113074,-0.3385729982480638,0.0350671080345537,0.7177176052002316,0.1439480333413133,851.2255464950892,7016.162366350581,38.17919662985658,Low,Limited historical support + V5
8408_1444,8408,1444,12.97610492274524,77.51511211171629,12.971613366870285,12.980596478620194,77.51050278115129,77.5197214422813,4,3,Moderate,7,37.10263999987145,36.15442021580004,31.093614353300037,43.79087504930003,5.147776170442662,0.2857142857142857,0.0,0.2650693500720591,0.2203971090850406,-0.0040400374445435,-0.3143774048331954,0.0351921799821496,0.7163300299164546,0.1473375815724303,861.006938827636,8114.521599622685,40.00895605677793,Moderate,Historical support + V5
8408_1445,8408,1445,12.98508803449515,77.51511211171629,12.980596478620194,12.989579590370104,77.51050278115129,77.5197214422813,1,1,Limited,7,37.04224602791431,36.01402504430001,31.17060525380004,44.21756357600004,5.308836308883756,0.2857142857142857,0.14285714285714285,0.303655860117602,0.2713731085412075,-0.0100537647490079,-0.3561699709361716,0.0638849819012041,0.6420203429511645,0.1427717258440905,869.9765993684135,9284.66325635528,40.842678919146756,Moderate,Limited historical support + V5
8408_1446,8408,1446,12.99407114624506,77.51511211171629,12.989579590370104,12.998562702120015,77.51050278115129,77.5197214422813,1,1,Limited,7,37.235857329371456,36.16334124800003,31.663637548700038,43.99617842060002,5.259178333525053,0.2857142857142857,0.0,0.3382642487453279,0.321839191789757,-0.0034272195585343,-0.4029723905519746,0.0591290993930861,0.5796993924676983,0.158908274738176,894.9574268773445,9427.840605943147,38.67861700163983,Low,Limited historical support + V5
8408_1447,8408,1447,13.00305425799497,77.51511211171629,12.998562702120015,13.007545813869925,77.51050278115129,77.5197214422813,7,4,Moderate,7,37.31165192287147,36.378009994100054,31.631815782500052,43.90937780270001,5.093477248703926,0.2857142857142857,0.0,0.2389196757464384,0.1898919255259222,0.0345882504164803,-0.2952675509844724,0.0294787389593965,0.7244898904060225,0.1611170581210974,898.6517717764591,9481.770306636456,40.992011441461706,Moderate,Historical support + V5
8408_1448,8408,1448,13.01203736974488,77.51511211171629,13.007545813869925,13.016528925619834,77.51050278115129,77.5197214422813,3,3,Moderate,7,37.271651323100016,36.448814278400036,31.467477380900046,43.641695566399996,5.009542529377045,0.2857142857142857,0.0,0.229068217746463,0.1799637118647262,0.0239267476142354,-0.2827167027142659,0.0328439784020273,0.689634580413935,0.1522300199946166,906.4675232990044,7691.968102229126,40.92892310028582,Moderate,Historical support + V5
8408_1449,8408,1449,13.021020481494787,77.51511211171629,13.016528925619834,13.025512037369744,77.51050278115129,77.5197214422813,1,1,Limited,7,37.209804692642884,36.24809105390004,31.366748331500027,43.56191897960002,5.009660168252704,0.2857142857142857,0.0,0.258776865633946,0.211343048862863,0.034719466973617,-0.3055393473027075,0.0309554038554403,0.7216751634155422,0.1471579850711735,920.9044916117084,6760.583976745249,40.44006424493845,Moderate,Limited historical support + V5
8408_1450,8408,1450,13.0300035932447,77.51511211171629,13.025512037369744,13.034495149119657,77.51050278115129,77.5197214422813,6,4,Moderate,7,37.181208072457174,36.10470511490003,31.47810742310004,43.596030819200024,4.9797054265391045,0.2857142857142857,0.0,0.2732586022840415,0.2432726512223528,0.016219254733433,-0.3149995303387732,0.0375513906245621,0.6924255971706451,0.1521319232618622,914.8742150414032,7257.644973923093,39.56947316229364,Low,Historical support + V5
8408_1451,8408,1451,13.03898670499461,77.51511211171629,13.034495149119657,13.043478260869565,77.51050278115129,77.5197214422813,9,6,Very High,7,36.478846466985736,35.95875566090004,30.406558153100047,43.533651954199996,5.542419556394918,0.2857142857142857,0.0,0.2678865045924658,0.2329407342356427,-0.0087858084824935,-0.3086047080115416,0.0347785276289407,0.6862454366525673,0.1371885899584303,900.9118072853468,9012.04116904999,38.91924070032243,Low,Strong historical support + V5
8408_1452,8408,1452,13.04796981674452,77.51511211171629,13.043478260869565,13.052461372619476,77.51050278115129,77.5197214422813,1,1,Limited,7,36.95825795218575,36.165135708500024,30.673778956700026,43.672679917700016,5.268935686615842,0.2857142857142857,0.0,0.2065351955082964,0.1485361035149948,0.0237517689811106,-0.2642431851644398,0.0301444567257361,0.7127358449575731,0.1462546204076996,908.710012634688,11092.232585912172,40.01621633215483,Moderate,Limited historical support + V5
8408_1453,8408,1453,13.05695292849443,77.51511211171629,13.052461372619476,13.061444484369384,77.51050278115129,77.5197214422813,4,3,Moderate,7,37.30303118814289,36.32222790770005,31.702124453900066,43.942703497699995,5.064635145244481,0.2857142857142857,0.0,0.2963181299803755,0.2333514023687903,0.0165481624620516,-0.3589761271468583,0.0431629241137519,0.6675773647032183,0.1611915519713014,905.1741005355804,9162.271772200167,40.19798708413339,Moderate,Historical support + V5
8408_1454,8408,1454,13.06593604024434,77.51511211171629,13.061444484369384,13.070427596119297,77.51050278115129,77.5197214422813,4,3,Moderate,7,37.08921938848574,36.02265554480004,31.313119597700023,43.61503501040002,5.044831237376717,0.2857142857142857,0.0,0.3171173381238066,0.2610819650934761,-0.0091221602379161,-0.3811552362320625,0.0406667788050426,0.7095108503468781,0.1558953758814936,886.4055673059189,6067.682110953192,39.409522820115605,Low,Historical support + V5
8408_1455,8408,1455,13.074919151994251,77.51511211171629,13.070427596119297,13.079410707869206,77.51050278115129,77.5197214422813,5,3,Moderate,7,37.37248291310003,36.002437956500025,31.75043816660001,44.063086162100014,4.8112805401014125,0.2857142857142857,0.0,0.3152262938798736,0.2776229047997088,-0.0035972592075455,-0.3889193503340871,0.0614267774226612,0.6692740181164821,0.1592010258990069,878.9105464300543,3412.012414324339,38.92564235453487,Low,Historical support + V5
8408_1456,8408,1456,13.08390226374416,77.51511211171629,13.079410707869206,13.088393819619116,77.51050278115129,77.5197214422813,3,3,Moderate,7,38.91403190608573,37.04141349590002,32.88667346510002,46.870032546500006,5.301534583887335,0.2857142857142857,0.2857142857142857,0.2479642953146326,0.2056165700633176,0.0862012406679435,-0.3647006111729175,0.029891703426931,0.6131433371613112,0.1703704578598229,876.3039619595103,2825.2983106220927,46.83893337961073,Very High,Historical support + V5
8408_1457,8408,1457,13.09288537549407,77.51511211171629,13.088393819619116,13.097376931369029,77.51050278115129,77.5197214422813,6,3,Moderate,7,40.01872620431431,39.74906639930001,32.95211145800003,48.135110108900044,5.716727591860228,0.2857142857142857,0.2857142857142857,0.1870480155065377,0.1506247082286899,0.1222436118499812,-0.3143597139384854,0.0276138730098032,0.4788501640519418,0.1742444387960698,877.1633237517307,4918.547392748234,56.41256539146094,Very High,Historical support + V5
8408_1458,8408,1458,13.101868487243982,77.51511211171629,13.097376931369029,13.106360043118936,77.51050278115129,77.5197214422813,2,2,Limited,7,40.13150133277146,40.409239872200025,32.890057304900026,47.958757367000025,5.5762170450885975,0.2857142857142857,0.2857142857142857,0.1813380279706647,0.1397638557631507,0.1463538273275371,-0.3452611947232011,0.0246151163087493,0.6323306559109986,0.1769387262622621,883.3678522756323,7811.479743108576,60.60902084482427,Very High,Limited historical support + V5
8408_1459,8408,1459,13.110851598993891,77.51511211171629,13.106360043118936,13.115343154868846,77.51050278115129,77.5197214422813,4,3,Moderate,7,39.722005446671446,39.70061596580002,33.388968594199994,46.974692318900004,5.190677027432207,0.2857142857142857,0.2857142857142857,0.286842390849614,0.2425551919914745,0.1125097083237229,-0.4152405767127546,0.047929295936018,0.471966614964351,0.1723408638692091,892.7954027477027,10942.18832188734,56.148390148945595,Very High,Historical support + V5
8408_1460,8408,1460,13.119834710743802,77.51511211171629,13.115343154868846,13.124326266618755,77.51050278115129,77.5197214422813,5,3,Moderate,7,38.293050915371445,36.62162936960001,32.19083295350001,44.92586277050002,5.203686224771096,0.2857142857142857,0.2857142857142857,0.3495242256586309,0.2973684384029283,0.0613862942805667,-0.453426349901664,0.0892234296239435,0.5059775510402275,0.1609995355009324,887.2870065322363,12362.74394345076,44.07481332456564,High,Historical support + V5
8408_1461,8408,1461,13.128817822493712,77.51511211171629,13.124326266618755,13.133309378368669,77.51050278115129,77.5197214422813,9,4,Moderate,7,37.54364758892859,36.39687746450005,31.861250375000022,44.566235796200004,5.156856791711553,0.2857142857142857,0.14285714285714285,0.4111156171195615,0.3626665539409145,-0.005059443447296,-0.48842472396997,0.0907487625041524,0.4923227183238746,0.1617468326730704,873.8344958309834,10569.094548222933,40.8892656768342,Moderate,Historical support + V5
8408_1462,8408,1462,13.13780093424362,77.51511211171629,13.133309378368669,13.142292490118576,77.51050278115129,77.5197214422813,4,3,Moderate,7,38.21971729627145,36.43235651209999,32.32770756440002,44.8925712557,5.0231591040543275,0.2857142857142857,0.2857142857142857,0.3541225918911925,0.3030074241324009,0.0429679633977223,-0.46401399566634,0.0727589979882669,0.4819837735611824,0.162847279887769,880.1602754312482,9455.223015022942,43.07177581453456,High,Historical support + V5
8408_1463,8408,1463,13.146784045993533,77.51511211171629,13.142292490118576,13.151275601868488,77.51050278115129,77.5197214422813,3,3,Moderate,7,38.22992252741431,36.58134800390002,32.10071685620002,44.8551439367,5.058564555482643,0.2857142857142857,0.2857142857142857,0.3879828309617036,0.3431354181771712,0.0387123914408855,-0.4834161355990457,0.099127761465583,0.4245129423344668,0.1616236963150964,883.6633408581088,9403.829723428307,43.09776307715033,High,Historical support + V5
8409_1424,8409,1424,12.796442687747035,77.5243307728463,12.79195113187208,12.80093424362199,77.5197214422813,77.52894010341132,0,0,Prediction Only,7,38.50179427965717,37.778577869299994,32.63415014750002,44.95042124420004,4.575047858958568,0.2857142857142857,0.14285714285714285,0.3864398578026294,0.3227787157543102,0.0332530688131032,-0.4672465145959134,0.0928535395005394,0.4914296055657592,0.1563813192476473,756.4850078868545,3766.1421811083583,46.450997067964266,Very High,V5 prediction only
8409_1425,8409,1425,12.805425799496946,77.5243307728463,12.80093424362199,12.8099173553719,77.5197214422813,77.52894010341132,2,2,Limited,7,37.09262520127146,36.9232183643,32.35869191570004,43.61541099260005,4.7627657721174605,0.2857142857142857,0.0,0.4535644304342444,0.3634516249634016,-0.030479618355101,-0.4895778370408676,0.1744116458384125,0.2177483013046013,0.1374160583336519,750.6205212188223,1379.2240109331983,38.12273620540388,Low,Limited historical support + V5
8409_1426,8409,1426,12.814408911246856,77.5243307728463,12.8099173553719,12.81890046712181,77.5197214422813,77.52894010341132,3,3,Moderate,7,37.17466012271431,37.314051861199985,32.45613966590002,44.05202886740006,4.7958894552772335,0.14285714285714285,0.0,0.5110155243254517,0.4595589055340585,-0.0522290792268192,-0.5443055607564692,0.2173103004023101,0.1664087079865975,0.1527005944594865,753.4415187055041,2578.707336507256,34.18508093544875,Low,Historical support + V5
8409_1427,8409,1427,12.823392022996766,77.5243307728463,12.81890046712181,12.827883578871722,77.5197214422813,77.52894010341132,4,3,Moderate,7,36.806951972557165,37.02476773850002,32.07166368620001,44.16658380770007,4.9202048941005945,0.14285714285714285,0.0,0.5117925410720428,0.4565274657478418,-0.0448320114483492,-0.5435859050057185,0.2625410450303723,0.2746397936751996,0.1407608663102176,772.0687843256844,4647.6805891380445,34.101072224080546,Low,Historical support + V5
8409_1428,8409,1428,12.832375134746677,77.5243307728463,12.827883578871722,12.836866690621632,77.5197214422813,77.52894010341132,1,1,Limited,7,38.26807495494289,37.063357184300024,32.59747479290001,45.44798241560007,4.904436612238257,0.2857142857142857,0.14285714285714285,0.414711497171866,0.3480196634383574,0.0353183749436969,-0.4843609976962338,0.1968327284856603,0.2755767054555806,0.1485302717334503,785.8171661767898,2870.46236910773,41.40888125694678,Moderate,Limited historical support + V5
8409_1429,8409,1429,12.841358246496586,77.5243307728463,12.836866690621632,12.84584980237154,77.5197214422813,77.52894010341132,3,2,Limited,7,37.43650242770002,36.615237672199996,31.426580771600047,44.46354138530005,4.946863533984834,0.2857142857142857,0.14285714285714285,0.454914672028313,0.3923279912205062,0.0270286849131784,-0.5056191045407084,0.3005199393328926,0.1037585212805984,0.1225358537306068,818.052131491619,2640.752225139834,37.88399619553609,Low,Limited historical support + V5
8409_1430,8409,1430,12.850341358246496,77.5243307728463,12.84584980237154,12.854832914121452,77.5197214422813,77.52894010341132,4,3,Moderate,7,36.69926481101431,36.434424414200016,31.260994792700007,43.65764062970006,4.807242122165977,0.14285714285714285,0.0,0.4813783370892229,0.4172788880527818,-0.006249997120029,-0.5259599252130631,0.3617732730320185,0.1131345675422663,0.1167288749129471,839.0563180530509,4655.583704140118,30.105906720817583,Low,Historical support + V5
8409_1431,8409,1431,12.859324469996409,77.5243307728463,12.854832914121452,12.863816025871362,77.5197214422813,77.52894010341132,2,1,Limited,7,37.17202092298574,36.54598858700003,31.40667080510002,44.10223958120004,4.983536777351655,0.2857142857142857,0.0,0.4110603246604335,0.3389621891848086,-0.0129155618031835,-0.4651323727337605,0.1782146721579662,0.4219264102097166,0.1446972940313649,856.0248285789263,7503.727488430771,38.64362334809264,Low,Limited historical support + V5
8409_1432,8409,1432,12.868307581746317,77.5243307728463,12.863816025871362,12.872799137621271,77.5197214422813,77.52894010341132,2,2,Limited,7,37.64759934290002,36.18519948590003,31.927047260000016,44.421072486799986,5.010328993675146,0.2857142857142857,0.14285714285714285,0.3716492431592678,0.2934224859214915,0.0175649444726375,-0.446394005460376,0.1078566889329745,0.5443158120661742,0.1568043027185952,880.8893533438992,9249.365332307296,40.55576516317904,Moderate,Limited historical support + V5
8409_1433,8409,1433,12.877290693496228,77.5243307728463,12.872799137621271,12.881782249371184,77.5197214422813,77.52894010341132,3,2,Limited,7,35.8342957869286,35.88099570590002,30.26718838760003,43.317633090200026,5.245193035239226,0.14285714285714285,0.0,0.5180309149327899,0.4601385010324325,-0.0349427496769334,-0.5382658588200614,0.4589339959381788,0.1561457698686437,0.1191656169634247,897.0110286816645,9366.877957491548,28.30473578911115,Low,Limited historical support + V5
8409_1434,8409,1434,12.886273805246136,77.5243307728463,12.881782249371184,12.890765361121092,77.5197214422813,77.52894010341132,2,2,Limited,7,36.05280248120002,36.04793180270001,29.73582299840003,43.0920266801,5.030938021465041,0.14285714285714285,0.0,0.5105148745505406,0.4422069360509547,-0.0317827444947731,-0.5315474207833424,0.5329243203584162,0.07589912285155,0.1125053009874065,875.8537660569015,9987.145804712458,28.17531294998577,Low,Limited historical support + V5
8409_1435,8409,1435,12.895256916996049,77.5243307728463,12.890765361121092,12.899748472871002,77.5197214422813,77.52894010341132,3,3,Moderate,7,37.336769486985744,36.46470807140004,31.589432334500046,44.619847439900035,5.306521209169811,0.2857142857142857,0.14285714285714285,0.3390855569344354,0.2708889491336296,-0.0046609655958724,-0.4001274979262892,0.0566424064351166,0.6623292755118555,0.1540966205694538,837.6060881191956,10635.892983668571,42.86280690100921,High,Historical support + V5
8409_1436,8409,1436,12.904240028745958,77.5243307728463,12.899748472871002,12.908731584620911,77.5197214422813,77.52894010341132,1,1,Limited,7,36.64443000444288,35.808260240300044,30.973009517600055,43.3593842045,5.179492444334352,0.2857142857142857,0.0,0.3394356665648368,0.2834147091075301,-0.0345696907980476,-0.3892874302200522,0.0606663903096621,0.683820070524109,0.1439844766488021,845.9859246334885,11172.289462240751,38.2882280080195,Low,Limited historical support + V5
8409_1437,8409,1437,12.913223140495868,77.5243307728463,12.908731584620911,12.917714696370822,77.5197214422813,77.52894010341132,5,3,Moderate,7,36.566320923114304,35.611860811100044,31.065210607100017,43.12191726500001,5.135677933122289,0.2857142857142857,0.0,0.3434669161043089,0.2987527752411107,-0.0563814691344679,-0.3938976918442244,0.0382520380886466,0.7299354121987472,0.1485093336749046,841.6659904813937,12253.667424357704,37.95754917579211,Low,Historical support + V5
8409_1438,8409,1438,12.922206252245775,77.5243307728463,12.917714696370822,12.926697808120734,77.5197214422813,77.52894010341132,7,6,Very High,7,36.718969696314296,35.84512358600002,31.345402796600048,43.4987710601,5.203949104857045,0.2857142857142857,0.0,0.3185278570819025,0.2750870988294951,-0.0345316335939823,-0.371217621467333,0.0395717722376935,0.7129486175855066,0.157736304197538,847.8109023462996,14049.591849751943,38.728137056864895,Low,Strong historical support + V5
8409_1439,8409,1439,12.931189363995689,77.5243307728463,12.926697808120734,12.935680919870643,77.5197214422813,77.52894010341132,4,3,Moderate,7,37.38019298964287,36.633284817799996,31.960971108500022,44.58826493510002,5.312719374181921,0.2857142857142857,0.14285714285714285,0.3065670736721366,0.2591947773871521,-0.0056257625774566,-0.3680360960439877,0.0419178358970977,0.6308210823689434,0.1603414455595763,820.367163035807,15197.729140000552,43.22738328004609,High,Historical support + V5
8409_1440,8409,1440,12.940172475745598,77.5243307728463,12.935680919870643,12.944664031620553,77.5197214422813,77.52894010341132,7,4,Moderate,7,37.27184419708574,36.47222771540003,31.734595643900015,44.09926590380003,5.120550656710954,0.2857142857142857,0.0,0.2758453181782653,0.2162675024274637,-0.0010735302551867,-0.3111374976087253,0.0370306659799537,0.6783222215031421,0.1457414296961844,818.5764354932535,13471.610023512903,40.91019649874262,Moderate,Historical support + V5
8409_1441,8409,1441,12.94915558749551,77.5243307728463,12.944664031620553,12.953647143370464,77.5197214422813,77.52894010341132,7,5,High,7,37.36306626800002,36.50876634920003,31.160146112600035,44.334015517400005,5.2466176001401905,0.2857142857142857,0.14285714285714285,0.225089501303447,0.1709798707328023,0.0230087807421651,-0.2723451595935557,0.0305202704439172,0.7143205812535022,0.1498650488908239,833.3579121378111,11691.576162134315,43.56035166203288,High,Strong historical support + V5
8409_1442,8409,1442,12.95813869924542,77.5243307728463,12.953647143370464,12.962630255120374,77.5197214422813,77.52894010341132,4,4,Moderate,7,36.571887412828595,35.83245982190003,30.522275220200008,43.300372089200025,5.150529589182726,0.2857142857142857,0.0,0.2629305307157708,0.2209012343444918,-0.0289625208649996,-0.3097557023882853,0.0336365042413591,0.7258840111659881,0.149150374636264,857.0469301528643,10529.878773252376,38.80643393589203,Low,Historical support + V5
8409_1443,8409,1443,12.967121810995328,77.5243307728463,12.962630255120374,12.971613366870285,77.5197214422813,77.52894010341132,6,4,Moderate,7,36.58922409855716,35.969642054600016,30.40908748790002,43.42422404390002,5.245112225620618,0.2857142857142857,0.0,0.2446404701228824,0.1943133693803663,-0.0168899952529522,-0.2911799300664285,0.0316190559999009,0.7276129432971726,0.1484923137235825,870.3896215840418,10314.788008232406,39.37680692084047,Low,Historical support + V5
8409_1444,8409,1444,12.97610492274524,77.5243307728463,12.971613366870285,12.980596478620194,77.5197214422813,77.52894010341132,0,0,Prediction Only,7,37.21016602618574,36.13907330600002,31.60426654130004,44.2233400298,5.152977906104364,0.2857142857142857,0.14285714285714285,0.2217626856275015,0.1809638968341579,0.0195900826428042,-0.2775684694478835,0.045939501806791,0.657681560400454,0.1378856970522284,868.5038115406877,11090.59908257682,41.50345369072819,Moderate,V5 prediction only
8409_1445,8409,1445,12.98508803449515,77.5243307728463,12.980596478620194,12.989579590370104,77.5197214422813,77.52894010341132,0,0,Prediction Only,7,37.85180894780002,35.80620942830005,31.76638322990003,44.74416082730002,5.26972998824913,0.2857142857142857,0.2857142857142857,0.1999927436920449,0.1451574253926323,0.0606515013867994,-0.2508178250902632,0.0327752225212138,0.6784471713706302,0.1468954102473737,881.6777992586162,12387.280188211556,42.51194495292328,High,V5 prediction only
8409_1446,8409,1446,12.99407114624506,77.5243307728463,12.989579590370104,12.998562702120015,77.5197214422813,77.52894010341132,3,3,Moderate,7,37.1893698159286,36.24684347660003,31.503229870100032,44.103008635700014,5.18727791398246,0.2857142857142857,0.0,0.2345306787234005,0.1844903713824615,0.0241198594609244,-0.2816414831476159,0.0385409110785287,0.6605127896089386,0.1412607130664425,872.2256901952014,12706.500381064354,39.82341059439627,Low,Historical support + V5
8409_1447,8409,1447,13.00305425799497,77.5243307728463,12.998562702120015,13.007545813869925,77.5197214422813,77.52894010341132,3,2,Limited,7,37.163422161242885,36.23672613740003,30.777122791400032,43.852758301400016,5.229669003585405,0.2857142857142857,0.0,0.2024554378076594,0.1547039797524802,0.0234706756444352,-0.2516632045192804,0.0289383077435928,0.7204963827274805,0.1454745252658598,882.9848896079241,12235.69705329943,40.38245600248803,Moderate,Limited historical support + V5
8409_1448,8409,1448,13.01203736974488,77.5243307728463,13.007545813869925,13.016528925619834,77.5197214422813,77.52894010341132,2,2,Limited,7,37.23153353407146,36.27140195030004,31.23889729340004,43.91699998730002,5.168782032468878,0.2857142857142857,0.0,0.2314870657535928,0.1860008952735075,0.0315710179583053,-0.2842489241288838,0.0294733717925032,0.720081916254003,0.1470124340811432,894.7027815330897,10723.818907401892,40.518115343424,Moderate,Limited historical support + V5
8409_1449,8409,1449,13.021020481494787,77.5243307728463,13.016528925619834,13.025512037369744,77.5197214422813,77.52894010341132,6,4,Moderate,7,37.090886893957176,35.732995439900044,31.590765362300058,43.875949567100015,5.131335987396119,0.2857142857142857,0.0,0.2448138594890898,0.2061865486162595,0.0385449993358622,-0.2905786677144558,0.033994794186214,0.7124772089389301,0.1472962820800823,906.7940117168248,10072.44695433578,38.2713509737479,Low,Historical support + V5
8409_1450,8409,1450,13.0300035932447,77.5243307728463,13.025512037369744,13.034495149119657,77.5197214422813,77.52894010341132,6,5,High,7,37.24886533691432,36.137295935600044,31.485507436400052,44.06486353250001,5.143729842251712,0.2857142857142857,0.0,0.2771492241084572,0.23759544550161,0.0342417720276054,-0.3259796321500123,0.040654519583904,0.6648090378302126,0.1513717251152847,915.756920544135,10411.895430030385,39.42470541946308,Low,Strong historical support + V5
8409_1451,8409,1451,13.03898670499461,77.5243307728463,13.034495149119657,13.043478260869565,77.5197214422813,77.52894010341132,6,4,Moderate,7,36.72275149130002,35.958260048000035,31.041335737400022,43.30684923710004,5.13183046454407,0.2857142857142857,0.0,0.2935754173402874,0.2557030327838964,0.0035432190520993,-0.3365260074064555,0.0417478548169916,0.6900139256399436,0.140146401709828,917.2026817489924,11702.13120664949,38.95492740578787,Low,Historical support + V5
8409_1452,8409,1452,13.04796981674452,77.5243307728463,13.043478260869565,13.052461372619476,77.5197214422813,77.52894010341132,2,2,Limited,7,36.45441983120003,35.773516067000045,31.37912156390001,43.162454982200046,5.174592128803724,0.2857142857142857,0.0,0.3972733103593232,0.3737548448782461,-0.0241052405873081,-0.4395783986530784,0.0978814126668631,0.5796104470585548,0.1455404753930478,924.360153990811,12898.478866455387,37.10605215605073,Low,Limited historical support + V5
8409_1453,8409,1453,13.05695292849443,77.5243307728463,13.052461372619476,13.061444484369384,77.5197214422813,77.52894010341132,6,5,High,7,35.502833297428595,35.873236800500045,29.80061156750001,42.446584873400035,4.89485224569433,0.0,0.0,0.5178859426242439,0.49015866443509,-0.0715652840326372,-0.5266305029859893,0.2461707569720592,0.3965289900973116,0.1394471295715823,914.9182984853262,10562.518853832376,25.677286069971363,Low,Strong historical support + V5
8409_1454,8409,1454,13.06593604024434,77.5243307728463,13.061444484369384,13.070427596119297,77.5197214422813,77.52894010341132,5,4,Moderate,7,37.112554699314316,36.26853081350004,31.40489343470001,43.94487394040006,5.098661797938005,0.2857142857142857,0.0,0.3824400254201129,0.3324571615935092,-0.0192902429268719,-0.4372847874186705,0.1388330611407545,0.4909774751563676,0.1490660804790377,893.8556924561914,8026.539946081094,38.215495243461625,Low,Historical support + V5
8409_1455,8409,1455,13.074919151994251,77.5243307728463,13.070427596119297,13.079410707869206,77.5197214422813,77.52894010341132,6,5,High,7,37.140089291857166,36.193898346800026,31.212681080000035,43.70419406210002,5.075118635629972,0.2857142857142857,0.0,0.2752616897198028,0.2434332856981395,-0.0051773618484894,-0.3422369153744705,0.0368731853195614,0.7001154930978862,0.1486930595298303,890.652924182088,6266.6870872261725,40.00597641215028,Moderate,Strong historical support + V5
8409_1456,8409,1456,13.08390226374416,77.5243307728463,13.079410707869206,13.088393819619116,77.5197214422813,77.52894010341132,5,4,Moderate,7,38.37757854997144,36.64540169870002,32.540906561900044,45.0436648298,5.082441999351735,0.2857142857142857,0.2857142857142857,0.2842078422712893,0.2413657712301374,0.0635615185992137,-0.3806791073421015,0.030548060133564,0.6412626161366063,0.1704172600251732,881.5728624667277,5967.30393566964,45.523507924217476,Very High,Historical support + V5
8409_1457,8409,1457,13.09288537549407,77.5243307728463,13.088393819619116,13.097376931369029,77.5197214422813,77.52894010341132,1,1,Limited,7,39.24432738590002,38.06312803430003,33.08808029360003,46.9993362431,5.262633020978669,0.2857142857142857,0.2857142857142857,0.226660144430399,0.1856699107826995,0.1043139885791945,-0.3514163060740623,0.0305647334653125,0.6142780637030708,0.1794769541108975,892.9994215140024,7281.4880333301,50.96957225420419,Very High,Limited historical support + V5
8409_1458,8409,1458,13.101868487243982,77.5243307728463,13.097376931369029,13.106360043118936,77.5197214422813,77.52894010341132,5,4,Moderate,7,39.69640447687146,39.78811727780001,33.13169422880004,47.41288248290004,5.705294789862449,0.2857142857142857,0.2857142857142857,0.2159535484582617,0.1716776237049888,0.1074753743251448,-0.3302431827110369,0.0279416649251517,0.5476832000912546,0.170100759116458,886.9299860163694,9549.476203641354,57.25833890264636,Very High,Historical support + V5
8409_1459,8409,1459,13.110851598993891,77.5243307728463,13.106360043118936,13.115343154868846,77.5197214422813,77.52894010341132,4,4,Moderate,7,38.69013450598573,36.89558367260004,32.58593897540003,46.05820152620003,5.342312812422636,0.2857142857142857,0.2857142857142857,0.2511100828939341,0.2119253507715444,0.0842219947481849,-0.3746686514019515,0.0404068540670339,0.6519227310279323,0.1745636288457938,893.0551594413794,12246.506145819105,46.63877878186099,Very High,Historical support + V5
8409_1460,8409,1460,13.119834710743802,77.5243307728463,13.115343154868846,13.124326266618755,77.5197214422813,77.52894010341132,2,2,Limited,7,38.844958604771435,37.31003568769998,33.03634856090002,46.12810003519998,5.3997000433711015,0.2857142857142857,0.2857142857142857,0.3250136061094223,0.2889313275594627,0.0793012996163846,-0.4431660223557718,0.0694829609324597,0.4208180058958327,0.1703039003119154,885.6567092668753,14532.057566965226,45.998696016257036,Very High,Limited historical support + V5
8409_1461,8409,1461,13.128817822493712,77.5243307728463,13.124326266618755,13.133309378368669,77.5197214422813,77.52894010341132,4,3,Moderate,7,37.63095114405717,36.42463178690004,32.05689783980004,44.844342993500014,5.439270837549985,0.2857142857142857,0.2857142857142857,0.3166632248968078,0.2641504979949028,0.0080385877829897,-0.3876349958461703,0.0845648893876275,0.3336756613895484,0.1533687362635949,878.1885071914353,13582.37257839235,41.55755057721312,Moderate,Historical support + V5
8409_1462,8409,1462,13.13780093424362,77.5243307728463,13.133309378368669,13.142292490118576,77.5197214422813,77.52894010341132,5,4,Moderate,7,38.09242046570002,36.432100160600015,32.277343039700014,44.7591830252,5.063561440018233,0.2857142857142857,0.2857142857142857,0.352770959264851,0.3094597599580871,0.0432591192620077,-0.4509675311946652,0.0709733014234723,0.5443624016252058,0.1643288932392922,883.9284697445738,12734.87510474584,43.69452855151542,High,Historical support + V5
8409_1463,8409,1463,13.146784045993533,77.5243307728463,13.142292490118576,13.151275601868488,77.5197214422813,77.52894010341132,1,1,Limited,7,38.945309230528586,36.907102400000014,32.26804602530003,47.035960327400026,5.8041111460163,0.2857142857142857,0.2857142857142857,0.3574361551996391,0.3242089640293011,0.0701762185604522,-0.4814525682638229,0.0843145180170739,0.3077751868654914,0.1655524561494377,895.5540739636249,12696.016325787024,43.24374390200191,High,Limited historical support + V5
8410_1424,8410,1424,12.796442687747035,77.53354943397632,12.79195113187208,12.80093424362199,77.52894010341132,77.53815876454132,0,0,Prediction Only,7,38.256241281414304,37.24418753240001,32.598790730600015,43.85009224580003,4.532584890891466,0.2857142857142857,0.0,0.4140113658307885,0.3414902861049899,0.0549857535910045,-0.4893429040473184,0.2325496386561263,0.2726744976382968,0.1321922995076613,780.1155539329671,2306.329132973027,39.9660637333055,Low,V5 prediction only
8410_1425,8410,1425,12.805425799496946,77.53354943397632,12.80093424362199,12.8099173553719,77.52894010341132,77.53815876454132,5,4,Moderate,7,36.256606806585744,36.698893711700016,30.73779847130004,42.25941409820003,4.693577502357481,0.0,0.0,0.45690156751208,0.350150267819513,-0.0545137292147499,-0.4838382749464497,0.2312046119695882,0.0771648926156367,0.1144578597496573,766.054329293582,1113.856022890954,25.812482513569147,Low,Historical support + V5
8410_1426,8410,1426,12.814408911246856,77.53354943397632,12.8099173553719,12.81890046712181,77.52894010341132,77.53815876454132,4,3,Moderate,7,38.06292783598575,37.13252081900001,31.965072732500015,44.759388106400074,4.902830430677661,0.2857142857142857,0.14285714285714285,0.4302377384758294,0.3706083648937389,0.0518713840335021,-0.5002186833647433,0.3331265698869168,0.0710326256587843,0.1271044864653955,776.2802088724729,2897.3460375085483,39.64229053830323,Low,Historical support + V5
8410_1427,8410,1427,12.823392022996766,77.53354943397632,12.81890046712181,12.827883578871722,77.52894010341132,77.53815876454132,4,3,Moderate,7,36.76207581140001,36.926841465500004,30.291473419700033,43.7619073298,5.417598955768742,0.2857142857142857,0.0,0.4999743432122102,0.4617716507428704,-0.009118911277413,-0.5264988248311626,0.4749416428815887,0.0396272796688043,0.113875229296959,786.4563283712274,3980.934153410036,36.35613340609975,Low,Historical support + V5
8410_1428,8410,1428,12.832375134746677,77.53354943397632,12.827883578871722,12.836866690621632,77.52894010341132,77.53815876454132,1,1,Limited,7,35.7072650736286,36.40044929540002,30.413855625800032,41.98390459610004,4.585129720619856,0.0,0.0,0.4988110174169205,0.4455472200959695,-0.0699133858079999,-0.4953501524105098,0.3730372144704774,0.0952839592327663,0.1133617972875392,790.6053609417119,1164.1500010641312,24.790421651387785,Low,Limited historical support + V5
8410_1429,8410,1429,12.841358246496586,77.53354943397632,12.836866690621632,12.84584980237154,77.52894010341132,77.53815876454132,4,4,Moderate,7,35.13413880435716,35.3306261255,30.003829946600018,41.710514266400025,4.791944388601487,0.0,0.0,0.3743137209512729,0.3079404399409786,-0.118027086124255,-0.3473926056850998,0.2472699380349074,0.0368108442775335,0.1005248109575262,797.7638721939153,696.7325970130953,19.892437199232713,Low,Historical support + V5
8410_1430,8410,1430,12.850341358246496,77.53354943397632,12.84584980237154,12.854832914121452,77.52894010341132,77.53815876454132,4,4,Moderate,7,37.41735174992859,36.6835980722,31.572718216700018,44.57655821660005,4.8174717313928594,0.14285714285714285,0.14285714285714285,0.4666249658143436,0.3786057706172502,0.0198235531126234,-0.5131127015984446,0.2721516583901839,0.2056405359438433,0.1304559566427077,830.8626920499385,3356.7103752029034,34.178427984693364,Low,Historical support + V5
8410_1431,8410,1431,12.859324469996409,77.53354943397632,12.854832914121452,12.863816025871362,77.52894010341132,77.53815876454132,2,2,Limited,7,37.77912231105716,36.40535415409999,32.06930525240003,44.65814635400001,5.084754439640643,0.2857142857142857,0.14285714285714285,0.3411513746949526,0.2725775237709107,0.025496028931127,-0.4193066521496355,0.0783766479755949,0.5262954143073867,0.1497094041606836,864.3638168577651,6590.035835041077,41.26316848034215,Moderate,Limited historical support + V5
8410_1432,8410,1432,12.868307581746317,77.53354943397632,12.863816025871362,12.872799137621271,77.52894010341132,77.53815876454132,2,2,Limited,7,37.47253812427146,36.27326477120005,31.717249192400036,44.2380546059,5.059521138720955,0.2857142857142857,0.14285714285714285,0.2965594367545446,0.2346736521933259,0.0100237701899041,-0.360520322322398,0.0433172253697635,0.6639467131010112,0.1560762828324592,877.3720367888471,9864.394303305084,42.10713087201007,Moderate,Limited historical support + V5
8410_1433,8410,1433,12.877290693496228,77.53354943397632,12.872799137621271,12.881782249371184,77.52894010341132,77.53815876454132,1,1,Limited,7,37.51060998418574,36.032089280000015,32.031672852200046,44.32123212260002,5.152688686242203,0.2857142857142857,0.14285714285714285,0.3154921770503712,0.2420243567633105,0.0292796706116366,-0.3893410626362665,0.0571287247296417,0.631655825602245,0.1613161937314861,891.3061956818523,10404.691985749829,40.81186412219475,Moderate,Limited historical support + V5
8410_1434,8410,1434,12.886273805246136,77.53354943397632,12.881782249371184,12.890765361121092,77.52894010341132,77.53815876454132,3,2,Limited,7,36.731963055200026,35.77951469210004,31.034431337000044,43.881811471400034,5.008425998477767,0.14285714285714285,0.0,0.4458493501208885,0.3959055850442839,-0.046711594878122,-0.4856812011297123,0.2183831406316413,0.4877734659646185,0.1396057160058759,873.3992262630863,8567.08685447131,31.21186726674289,Low,Limited historical support + V5
8410_1435,8410,1435,12.895256916996049,77.53354943397632,12.890765361121092,12.899748472871002,77.52894010341132,77.53815876454132,1,1,Limited,7,37.12447138190003,36.45385585790004,31.24091392520005,44.41710758360004,5.222646350646338,0.2857142857142857,0.14285714285714285,0.351733696642617,0.2846243492445314,-0.0124068988405935,-0.4056241292856813,0.0464073324941929,0.6814720892861181,0.1513548469130583,848.4678665153573,7655.256006004428,43.01048169050102,High,Limited historical support + V5
8410_1436,8410,1436,12.904240028745958,77.53354943397632,12.899748472871002,12.908731584620911,77.52894010341132,77.53815876454132,6,4,Moderate,7,36.80614873785716,36.04839323540004,31.108038397700042,43.38613021100001,5.094996142457229,0.2857142857142857,0.0,0.337454140787549,0.30115287356872,-0.0309391863597904,-0.3920591241769041,0.0424717862011722,0.6815819471674371,0.1511262751068004,858.2596115650898,7945.417500549253,39.234001571731795,Low,Historical support + V5
8410_1437,8410,1437,12.913223140495868,77.53354943397632,12.908731584620911,12.917714696370822,77.52894010341132,77.53815876454132,5,5,High,7,37.464813399071446,36.236862858200034,31.834470188300035,44.32068523940002,5.111032027099911,0.2857142857142857,0.14285714285714285,0.3319629735699476,0.2840082610560263,-0.001539024116538,-0.3957999481135517,0.0630589985727475,0.606752242286982,0.1543031129811826,867.2902328814725,9402.034797962231,41.38842296422526,Moderate,Strong historical support + V5
8410_1438,8410,1438,12.922206252245775,77.53354943397632,12.917714696370822,12.926697808120734,77.52894010341132,77.53815876454132,5,3,Moderate,7,37.387534408314316,36.37652315540003,31.694280098000046,44.75602135670003,5.48029570695358,0.2857142857142857,0.14285714285714285,0.3383286853087973,0.2875109494056236,-0.0032571809190385,-0.4049331313461411,0.0864969433880555,0.5137360071448668,0.1580393539512356,858.6377934605292,11646.338251204385,41.02133519848228,Moderate,Historical support + V5
8410_1439,8410,1439,12.931189363995689,77.53354943397632,12.926697808120734,12.935680919870643,77.52894010341132,77.53815876454132,9,6,Very High,7,37.10839203924288,36.20639120990003,31.42799924990004,44.17535102900002,5.304471535566281,0.2857142857142857,0.0,0.2892351676902144,0.2408069285751567,-0.0133123412214352,-0.34491028220712,0.0528079994579526,0.6428334920733008,0.1500150684275431,833.4180680762339,14255.524759572125,39.483524429575866,Low,Strong historical support + V5
8410_1440,8410,1440,12.940172475745598,77.53354943397632,12.935680919870643,12.944664031620553,77.52894010341132,77.53815876454132,5,4,Moderate,7,37.4806876605286,36.565659292100015,32.078123744000024,44.435342720300014,5.132659915661075,0.2857142857142857,0.14285714285714285,0.2667171098208488,0.2162438215642414,0.0212989717490806,-0.3280886121367316,0.0364608885421004,0.6467693434484755,0.1542255344165324,840.3498269184392,15081.86023516464,43.11421707347383,High,Historical support + V5
8410_1441,8410,1441,12.94915558749551,77.53354943397632,12.944664031620553,12.953647143370464,77.52894010341132,77.53815876454132,7,5,High,7,37.191183807971456,36.33639560060002,31.49820538070005,44.095711163000026,5.216085242704528,0.2857142857142857,0.0,0.2765424994102964,0.2395956420490283,0.0014417638220963,-0.3145592440369821,0.0366097043851625,0.6985899621141428,0.1453490373774905,835.8836619528491,14508.767009935722,40.565233571155794,Moderate,Strong historical support + V5
8410_1442,8410,1442,12.95813869924542,77.53354943397632,12.953647143370464,12.962630255120374,77.52894010341132,77.53815876454132,6,4,Moderate,7,36.491566384271444,35.62789132490003,30.625123442000017,43.2046846193,5.195037033935905,0.2857142857142857,0.0,0.2762914523622153,0.2387608849334604,-0.0357382393873411,-0.3197835704209736,0.0353486607136958,0.7220915986049009,0.1458976515593863,863.5901985336127,13794.885419161128,37.94374197002564,Low,Historical support + V5
8410_1443,8410,1443,12.967121810995328,77.53354943397632,12.962630255120374,12.971613366870285,77.52894010341132,77.53815876454132,6,3,Moderate,7,36.4298052043143,35.66101193870003,30.38078628230002,43.09580359219999,5.165286261585481,0.2857142857142857,0.0,0.2531522294613095,0.2138312150431506,-0.033557848178504,-0.2863908515257725,0.033700344572931,0.7214140126478081,0.1520093544612853,880.7715421974835,13630.95435531788,38.070499951257986,Low,Historical support + V5
8410_1444,8410,1444,12.97610492274524,77.53354943397632,12.971613366870285,12.980596478620194,77.52894010341132,77.53815876454132,6,4,Moderate,7,36.47292108517145,35.881610949500015,30.192726821900028,42.97965927260001,5.156711744713918,0.2857142857142857,0.0,0.2352157388885847,0.2099381809510656,-0.018094733185175,-0.2915674881905626,0.0322560438319696,0.731401335547327,0.1490461796823799,892.9665458105977,14227.244107668976,39.05977195068069,Low,Historical support + V5
8410_1445,8410,1445,12.98508803449515,77.53354943397632,12.980596478620194,12.989579590370104,77.52894010341132,77.53815876454132,4,4,Moderate,7,36.6784612764286,36.10215869000002,30.25423409180004,43.43141897600001,5.226909480320035,0.2857142857142857,0.0,0.2386442972711598,0.2049103677952946,0.0031541697823413,-0.2832008154853198,0.0325539802508987,0.7197884158191118,0.1477993472368527,902.4905327080926,15102.497385230798,39.8328348150942,Low,Historical support + V5
8410_1446,8410,1446,12.99407114624506,77.53354943397632,12.989579590370104,12.998562702120015,77.52894010341132,77.53815876454132,5,4,Moderate,7,36.26852593061431,35.84816562380001,29.833339109000036,43.00768703660004,5.36618628940122,0.2857142857142857,0.0,0.2483572992857307,0.2150467671782779,-0.0183272528323876,-0.305907837729757,0.0333060088998432,0.7249050515248429,0.140486049067593,908.2821380555596,14718.506448270946,38.85996611435055,Low,Historical support + V5
8410_1447,8410,1447,13.00305425799497,77.53354943397632,12.998562702120015,13.007545813869925,77.52894010341132,77.53815876454132,8,6,Very High,7,36.746289441885736,35.91908953880002,30.286876182800032,43.50880294880001,5.243524484951779,0.2857142857142857,0.0,0.2128186353746603,0.1583321795891369,0.0033679032913068,-0.2557825403663465,0.0300039646902723,0.7249903118889971,0.1382246205513979,890.9053033393775,13938.562910632269,39.14676579711164,Low,Strong historical support + V5
8410_1448,8410,1448,13.01203736974488,77.53354943397632,13.007545813869925,13.016528925619834,77.52894010341132,77.53815876454132,2,2,Limited,7,36.3007017060286,35.551378947200035,30.426997912700017,42.96649989560001,5.2919336730199475,0.2857142857142857,0.0,0.3239108185501685,0.2939906579681993,-0.0522071394596674,-0.3614390324541621,0.0464035846255353,0.6916906948987287,0.1405204696635127,889.2396228021627,13266.349118308472,37.331254602068064,Low,Limited historical support + V5
8410_1449,8410,1449,13.021020481494787,77.53354943397632,13.016528925619834,13.025512037369744,77.52894010341132,77.53815876454132,2,2,Limited,7,36.6840668292286,35.96878754960003,31.068150104300035,43.31272823150004,5.1835228551236145,0.2857142857142857,0.0,0.2798396076896083,0.2455132166651425,-0.0067928535208447,-0.3156532049581873,0.0548943750829288,0.6718543990903745,0.1383630303277944,902.6145199860932,13095.730408661586,38.81577633324098,Low,Limited historical support + V5
8410_1450,8410,1450,13.0300035932447,77.53354943397632,13.025512037369744,13.034495149119657,77.52894010341132,77.53815876454132,1,1,Limited,7,36.823529369557164,36.053725346600025,31.235581814000042,43.4563534319,5.185539998546654,0.2857142857142857,0.0,0.3073936852161281,0.2742019743043465,0.0028081617956865,-0.3491141288541826,0.056311446845597,0.6779526890916244,0.1425731234663421,917.9894466031478,13567.388592688758,39.21920669909054,Low,Limited historical support + V5
8410_1451,8410,1451,13.03898670499461,77.53354943397632,13.034495149119657,13.043478260869565,77.52894010341132,77.53815876454132,7,5,High,7,36.37255581075716,36.19572698750003,30.554387518100015,43.338961534999996,5.5020280573931455,0.2857142857142857,0.0,0.3918235377336826,0.3528130113244834,-0.026672847360348,-0.4163790351956355,0.1181603406471926,0.5242954680390941,0.1389634232982654,929.84869646678,14654.40322243545,38.25514877299992,Low,Strong historical support + V5
8410_1452,8410,1452,13.04796981674452,77.53354943397632,13.043478260869565,13.052461372619476,77.52894010341132,77.53815876454132,7,3,Moderate,7,36.10877988302859,35.81261821580004,30.482779999100007,42.778269534200035,5.201006686091964,0.14285714285714285,0.0,0.436114981018479,0.4110447793744416,-0.0333345273261526,-0.4759787542769384,0.1212644372734776,0.4835311210984084,0.1424773629850486,926.3213114870432,15024.603736809491,31.30290875597345,Low,Historical support + V5
8410_1453,8410,1453,13.05695292849443,77.53354943397632,13.052461372619476,13.061444484369384,77.52894010341132,77.53815876454132,6,3,Moderate,7,36.27466127651432,36.02231374280004,31.000900560800048,43.06447743890003,5.1669800391597205,0.14285714285714285,0.0,0.4216411047810665,0.3643695028453211,-0.0216321315292794,-0.4569644239300625,0.1586262478968399,0.4588001007055368,0.1315925584319157,916.9926019756456,12706.252298672764,31.901037265489563,Low,Historical support + V5
8410_1454,8410,1454,13.06593604024434,77.53354943397632,13.061444484369384,13.070427596119297,77.52894010341132,77.53815876454132,1,1,Limited,7,36.80937876675717,36.374557793900046,31.539597602900045,42.80925388550001,4.772918472600027,0.2857142857142857,0.0,0.4017745467245066,0.3441415379874965,-0.0089929432265599,-0.4453613588196242,0.1386534296038201,0.4740899077737723,0.1289355673548931,906.20276144481,10691.148088140251,38.47409322719166,Low,Limited historical support + V5
8410_1455,8410,1455,13.074919151994251,77.53354943397632,13.070427596119297,13.079410707869206,77.52894010341132,77.53815876454132,6,4,Moderate,7,36.76989086998575,36.18407153930004,31.15160106260003,43.12902674660005,4.867760154511007,0.2857142857142857,0.0,0.3371114894600973,0.3068748159460876,-0.006351152681119,-0.3910532290172865,0.0717698513635908,0.6345794832456962,0.1518262871453201,898.3980177008732,9440.835416615855,39.3109971400155,Low,Historical support + V5
8410_1456,8410,1456,13.08390226374416,77.53354943397632,13.079410707869206,13.088393819619116,77.52894010341132,77.53815876454132,3,3,Moderate,7,37.64090734802859,36.418701522200024,32.098409692700024,44.44248638209999,5.062879016793452,0.2857142857142857,0.14285714285714285,0.2558502294089958,0.2204375497003354,0.0144584637557792,-0.337334424171412,0.0346429168139738,0.6025752685147046,0.1644756982261089,891.6009511134777,9244.348104456552,42.07978019561844,Moderate,Historical support + V5
8410_1457,8410,1457,13.09288537549407,77.53354943397632,13.088393819619116,13.097376931369029,77.52894010341132,77.53815876454132,4,3,Moderate,7,37.700261265328606,36.093784541000026,31.92438120440004,44.00810731040002,4.85449737472136,0.2857142857142857,0.0,0.3056214411258498,0.271036325005289,0.0392801869880113,-0.3976253698097227,0.0551875453577088,0.6472049744114707,0.164306212971376,903.9266448734476,10144.778700257915,39.07323797480855,Low,Historical support + V5
8410_1458,8410,1458,13.101868487243982,77.53354943397632,13.097376931369029,13.106360043118936,77.52894010341132,77.53815876454132,3,3,Moderate,7,39.015703352428595,37.31083892240002,32.345840160500046,47.016409253000035,5.745607606894657,0.2857142857142857,0.2857142857142857,0.2586992995548725,0.2091507071952351,0.0801190133900794,-0.3795152086516226,0.0410746724538462,0.5110349430359452,0.1731014694039209,898.6103706648394,11928.08562395869,46.904103824458005,Very High,Historical support + V5
8410_1459,8410,1459,13.110851598993891,77.53354943397632,13.106360043118936,13.115343154868846,77.52894010341132,77.53815876454132,5,5,High,7,39.69810860398574,39.91352443160001,33.397889626400016,46.933351367000014,5.3987340375169195,0.2857142857142857,0.2857142857142857,0.3100843809173352,0.2700695486001609,0.0856392560254159,-0.4234102901376004,0.1192718790170804,0.3180721388261617,0.1601685654866456,901.7011437960688,14226.721940699888,55.46783784820718,Very High,Strong historical support + V5
8410_1460,8410,1460,13.119834710743802,77.53354943397632,13.115343154868846,13.124326266618755,77.52894010341132,77.53815876454132,3,2,Limited,7,39.409813265642875,37.40394578720002,33.72764310590001,47.20894631960005,5.522542379506687,0.2857142857142857,0.2857142857142857,0.3434521975378432,0.3071906246756892,0.089529331767751,-0.469595935297263,0.1478359726945481,0.1327304057907505,0.1609380916948263,903.98904737737,16696.86500246014,43.49644150912485,High,Limited historical support + V5
8410_1461,8410,1461,13.128817822493712,77.53354943397632,13.124326266618755,13.133309378368669,77.52894010341132,77.53815876454132,6,3,Moderate,7,38.11128305321431,36.718769498,32.32447753550001,44.80546301600001,5.124512327876442,0.2857142857142857,0.2857142857142857,0.3423582436365299,0.3053661162285647,0.0376058166254396,-0.4369880959711035,0.0692498669189326,0.5154490144385764,0.1673152663159976,886.8470761531242,16714.242338972672,44.56117210257685,Very High,Historical support + V5
8410_1462,8410,1462,13.13780093424362,77.53354943397632,13.133309378368669,13.142292490118576,77.52894010341132,77.53815876454132,5,4,Moderate,7,38.275719112528584,36.751650850400004,32.31106180700001,45.15005070229999,5.281911507505082,0.2857142857142857,0.2857142857142857,0.3154568609133636,0.2725347155856706,0.0538023886059333,-0.4233228382114417,0.0729105346413413,0.4289479640702937,0.1657978429156638,892.8746858627612,16036.988268812383,43.82873079894848,High,Historical support + V5
8410_1463,8410,1463,13.146784045993533,77.53354943397632,13.142292490118576,13.151275601868488,77.52894010341132,77.53815876454132,2,2,Limited,7,39.48036363988573,37.29347538079999,33.507078275300024,47.788283619500035,5.696056947756448,0.2857142857142857,0.2857142857142857,0.3279659612640431,0.2859696079764845,0.0981568695467865,-0.4492911779465193,0.0718863745669779,0.3049694223292307,0.1707736124278572,894.6416636196794,16005.638779020594,44.77344326018942,Very High,Limited historical support + V5
8411_1424,8411,1424,12.796442687747035,77.54276809510633,12.79195113187208,12.80093424362199,77.53815876454132,77.54737742567134,0,0,Prediction Only,7,37.4421885481143,36.63266957419999,31.290030872600028,43.26439742870006,4.8443979709525316,0.2857142857142857,0.0,0.4103155082415365,0.3294628312863721,0.0407973710693133,-0.4809430319570729,0.3639509264804642,0.0747462388368053,0.1116214372692866,797.5712756151169,1153.0543872579972,35.521297197084806,Low,V5 prediction only
8411_1425,8411,1425,12.805425799496946,77.54276809510633,12.80093424362199,12.8099173553719,77.53815876454132,77.54737742567134,1,1,Limited,7,37.89731744265715,36.966610128199996,31.998449697799998,43.73572529660005,4.700751029752923,0.2857142857142857,0.0,0.4043299186501055,0.3437248880926203,0.0658949001532385,-0.4803411097145393,0.3288395137906655,0.0918263633392447,0.1263163212511789,808.7954326275353,3164.047956532499,37.03846131584293,Low,Limited historical support + V5
8411_1426,8411,1426,12.814408911246856,77.54276809510633,12.8099173553719,12.81890046712181,77.53815876454132,77.54737742567134,6,5,High,7,38.723924075128586,37.30427632400002,33.15587672030005,46.86030827960001,5.115861838158695,0.2857142857142857,0.14285714285714285,0.3954291668800969,0.3403566804925638,0.086206701393791,-0.4676202354831278,0.2662310633354889,0.0567552068637138,0.1374703361958753,813.9485919512738,2623.790999372766,40.191990602196164,Moderate,Strong historical support + V5
8411_1427,8411,1427,12.823392022996766,77.54276809510633,12.81890046712181,12.827883578871722,77.53815876454132,77.54737742567134,4,4,Moderate,7,38.76894916430002,39.6646413053,32.14231415960003,46.563316521799976,5.297598767521112,0.14285714285714285,0.14285714285714285,0.3952514771165763,0.3259257299898134,0.1157507899497371,-0.4563459521266848,0.3789649306779067,0.0356914613352505,0.1204018950764791,822.9414681871517,3022.725209003288,44.4977408429187,Very High,Historical support + V5
8411_1428,8411,1428,12.832375134746677,77.54276809510633,12.827883578871722,12.836866690621632,77.53815876454132,77.54737742567134,7,4,Moderate,7,37.823756769371435,36.582612671300005,31.619715991700023,45.36536887219999,5.042014254478769,0.2857142857142857,0.14285714285714285,0.4548125265664136,0.3976723945788912,0.0654114982679648,-0.5031100324218746,0.4250603137871857,0.0537414024018678,0.1261772100390106,842.0568803371834,3029.2847988397857,37.25228935035386,Low,Historical support + V5
8411_1429,8411,1429,12.841358246496586,77.54276809510633,12.836866690621632,12.84584980237154,77.53815876454132,77.54737742567134,4,2,Limited,7,37.269475997514306,36.461785664299995,31.12116359450005,44.10782804390003,5.127937869461061,0.2857142857142857,0.0,0.4613361124908978,0.3935715567391666,0.0288848908049418,-0.4978058442090411,0.4334955961898357,0.1026872420007116,0.1193998043690162,831.6966683682878,2833.48884564471,35.11174702532251,Low,Limited historical support + V5
8411_1430,8411,1430,12.850341358246496,77.54276809510633,12.84584980237154,12.854832914121452,77.53815876454132,77.54737742567134,2,2,Limited,7,37.7227005666286,36.626858940199995,31.807792542200033,44.58824784500005,5.057329704070784,0.2857142857142857,0.14285714285714285,0.3879699153941972,0.3235658805918319,0.0426643023381992,-0.4546142652013367,0.2664786164389857,0.2323429091954608,0.1426896305677899,846.2052981071618,4230.689426372374,39.216694053913926,Low,Limited historical support + V5
8411_1431,8411,1431,12.859324469996409,77.54276809510633,12.854832914121452,12.863816025871362,77.53815876454132,77.54737742567134,3,3,Moderate,7,37.77180774825717,36.32304823249999,32.081763935300046,44.53410640820004,5.0922490355788605,0.2857142857142857,0.14285714285714285,0.3390623755062779,0.2755368694382978,0.0266570627867849,-0.4071269414630473,0.078951480336823,0.5750302669373155,0.1692214554597667,866.0107131078663,6679.152018470153,41.41868058904158,Moderate,Historical support + V5
8411_1432,8411,1432,12.868307581746317,77.54276809510633,12.863816025871362,12.872799137621271,77.53815876454132,77.54737742567134,5,3,Moderate,7,37.35055875624288,36.57090595280002,31.583672970800038,43.86393522680004,4.823000160111362,0.2857142857142857,0.0,0.3447612064625214,0.3003493397528412,0.005702871130134,-0.40585545471709,0.0480657804492381,0.6819512286887182,0.1549977226209113,882.4811489043284,9303.387211511485,41.34433197658289,Moderate,Historical support + V5
8411_1433,8411,1433,12.877290693496228,77.54276809510633,12.872799137621271,12.881782249371184,77.53815876454132,77.54737742567134,4,4,Moderate,7,37.52345197361432,36.41422391600004,31.965602525600065,43.981908187100046,4.92730560339522,0.2857142857142857,0.0,0.2750398478135688,0.2200895560572933,0.0211383725845947,-0.3385298896852213,0.031989828090204,0.7227399152638663,0.1575129866866735,887.2112437807426,8402.765955518109,41.1205169576676,Moderate,Historical support + V5
8411_1434,8411,1434,12.886273805246136,77.54276809510633,12.881782249371184,12.890765361121092,77.53815876454132,77.54737742567134,2,2,Limited,7,37.373300796457166,36.15257448500004,31.595345509100028,43.96418575340003,4.991754868858915,0.2857142857142857,0.0,0.3188639001458796,0.2519414799859671,0.0064466440870743,-0.3791251378350525,0.0404062856200273,0.6790840404503681,0.1554844700745211,879.3343864015914,5825.778118829104,39.6290546477689,Low,Limited historical support + V5
8411_1435,8411,1435,12.895256916996049,77.54276809510633,12.890765361121092,12.899748472871002,77.53815876454132,77.54737742567134,3,3,Moderate,7,37.273851063114314,36.39694582490004,31.548860437100032,44.21959729790004,5.132483342249783,0.2857142857142857,0.14285714285714285,0.3212131579771396,0.2613566813691745,-0.0119101759138858,-0.3668593351006465,0.0384541367119156,0.6322981611058228,0.1564220740577954,860.938244158422,4376.835252755789,42.28929571629615,Moderate,Historical support + V5
8411_1436,8411,1436,12.904240028745958,77.54276809510633,12.899748472871002,12.908731584620911,77.53815876454132,77.54737742567134,2,2,Limited,7,37.392817690657175,36.41371121300004,31.620365415500032,44.20847164280002,5.087193588104786,0.2857142857142857,0.14285714285714285,0.2552164810975231,0.2007134968386702,0.0004424113208163,-0.3069640093291241,0.0359815472111145,0.6841804020779083,0.1511113594543122,854.994468300883,4862.135875287144,42.875711881346234,High,Limited historical support + V5
8411_1437,8411,1437,12.913223140495868,77.54276809510633,12.908731584620911,12.917714696370822,77.53815876454132,77.54737742567134,6,3,Moderate,7,36.9957951361143,36.22436999510001,30.734175370100033,43.813451071399996,5.132788010883309,0.2857142857142857,0.0,0.2445398365967156,0.2011859575718212,-0.0077036553447231,-0.2934881749461345,0.0312767692791245,0.7265907261170684,0.1502206465992739,866.5881478907211,6994.1395648611415,40.39358263199749,Moderate,Historical support + V5
8411_1438,8411,1438,12.922206252245775,77.54276809510633,12.917714696370822,12.926697808120734,77.53815876454132,77.54737742567134,3,3,Moderate,7,37.1062142722143,36.20996304080003,30.544150548200022,43.78041590810001,5.21210660222971,0.2857142857142857,0.0,0.2062505486098423,0.1553027369015448,0.0104697835480008,-0.2571797580913109,0.0299083262090454,0.7149129377602035,0.1489254654697125,862.8180815329023,9806.551726119733,40.21871959476679,Moderate,Historical support + V5
8411_1439,8411,1439,12.931189363995689,77.54276809510633,12.926697808120734,12.935680919870643,77.53815876454132,77.54737742567134,3,2,Limited,7,36.38295879877145,35.537194164200024,30.29405402480003,43.0476436904,5.21793433725032,0.2857142857142857,0.0,0.2784367500810403,0.2311506408868566,-0.0306821954223154,-0.316252132369522,0.0347779190872752,0.7247472249293571,0.1392656842027467,868.0732671160001,11938.425519952632,37.6046304865504,Low,Limited historical support + V5
8411_1440,8411,1440,12.940172475745598,77.54276809510633,12.935680919870643,12.944664031620553,77.53815876454132,77.54737742567134,3,3,Moderate,7,36.31144161315716,35.256728533100016,30.45547001930002,42.845570348,5.085123660929164,0.2857142857142857,0.0,0.2981182479562624,0.2673214127761117,-0.0556529428922063,-0.3326985908682389,0.0360625936115383,0.7297311935735816,0.1463091777300409,867.2814867625771,12315.93035365254,36.52370450662396,Low,Historical support + V5
8411_1441,8411,1441,12.94915558749551,77.54276809510633,12.944664031620553,12.953647143370464,77.53815876454132,77.54737742567134,3,3,Moderate,7,37.19609599100003,36.37956519320002,31.154044946900022,43.89174081950002,5.213101681994938,0.2857142857142857,0.0,0.2262883467767843,0.1780664984235942,0.030693084364274,-0.261921119615192,0.0306816840336693,0.7183943474718022,0.1453628946520682,853.8408030954851,13311.173989897588,40.93732617698681,Moderate,Historical support + V5
8411_1442,8411,1442,12.95813869924542,77.54276809510633,12.953647143370464,12.962630255120374,77.53815876454132,77.54737742567134,3,3,Moderate,7,37.128267825542885,36.37090051250002,31.01858881430001,44.02422327470001,5.295444809102896,0.2857142857142857,0.0,0.2173261436176798,0.1629558933314509,0.0269533668150647,-0.2441045053278745,0.0309274627649469,0.6912447516743858,0.1352742150276593,853.5704603489849,14578.94119280386,40.63089644332263,Moderate,Historical support + V5
8411_1443,8411,1443,12.967121810995328,77.54276809510633,12.962630255120374,12.971613366870285,77.53815876454132,77.54737742567134,2,2,Limited,7,36.632762349028596,36.02952576500003,30.39970502300004,43.1872868975,5.097932013005262,0.2857142857142857,0.0,0.2658062153259681,0.2220102238280278,-0.0246739218256803,-0.2986553988869563,0.033205821124826,0.7211236375149401,0.1458567931793323,873.2262631851501,15518.964047738818,39.553349661869944,Low,Limited historical support + V5
8411_1444,8411,1444,12.97610492274524,77.54276809510633,12.971613366870285,12.980596478620194,77.53815876454132,77.54737742567134,2,2,Limited,7,36.91746388348573,36.16609275410002,31.072422629300014,43.470128052499994,5.074669333714644,0.2857142857142857,0.0,0.2478836054518472,0.213135781128271,-0.0111312814097321,-0.2940245794495477,0.03614073266226,0.7145956847036665,0.1471872804914749,882.3819141464674,15750.768388355078,40.0386732926111,Moderate,Limited historical support + V5
8411_1445,8411,1445,12.98508803449515,77.54276809510633,12.980596478620194,12.989579590370104,77.53815876454132,77.54737742567134,2,2,Limited,7,36.728989377800026,35.84532866720002,30.446053374200023,43.269592819100005,5.13632734512982,0.2857142857142857,0.0,0.2312683659458809,0.2114890477588739,-0.005993539124421,-0.2852048668519493,0.0318150260227363,0.7263955185085637,0.1546794067112177,895.4553785892459,13804.179786165154,38.86343290102303,Low,Limited historical support + V5
8411_1446,8411,1446,12.99407114624506,77.54276809510633,12.989579590370104,12.998562702120015,77.53815876454132,77.54737742567134,2,2,Limited,7,36.18562429695717,35.67353898200004,30.10866062000002,42.76223902040006,5.24409724234229,0.2857142857142857,0.0,0.2583072803414701,0.2167570715174957,-0.0172772772364571,-0.3004036238020203,0.0348185792085509,0.7169481088338,0.1445521361745411,914.0883353735358,12091.615420165264,38.07634674661063,Low,Limited historical support + V5
8411_1447,8411,1447,13.00305425799497,77.54276809510633,12.998562702120015,13.007545813869925,77.53815876454132,77.54737742567134,2,1,Limited,7,35.84097313314289,35.46813307010003,29.947227535400025,42.743217739100025,5.515881264326839,0.14285714285714285,0.0,0.2787376505535612,0.2261845474720181,-0.0371647149609118,-0.3128432404931242,0.0335232835416127,0.7294622808732861,0.1382318945292402,915.3221410553436,11127.55950944651,32.37334438412903,Low,Limited historical support + V5
8411_1448,8411,1448,13.01203736974488,77.54276809510633,13.007545813869925,13.016528925619834,77.53815876454132,77.54737742567134,5,4,Moderate,7,35.99724012465717,35.84917393970004,29.963326409600032,42.934934480900026,5.458635213199727,0.14285714285714285,0.0,0.2759252787880713,0.2401563549386574,-0.0251514981168013,-0.318056824851968,0.0354365398624803,0.7262239364780156,0.1409186001739406,902.6242838543976,10983.72740441475,33.87722023560964,Low,Historical support + V5
8411_1449,8411,1449,13.021020481494787,77.54276809510633,13.016528925619834,13.025512037369744,77.53815876454132,77.54737742567134,6,5,High,7,37.13062381790002,36.220200010700026,31.815517267400054,44.048713388,5.0742489164849784,0.2857142857142857,0.0,0.2660083329668577,0.2192569654053336,0.0166148874735944,-0.3019088891508835,0.0335127280990477,0.7081587187173204,0.1497940822654501,903.2188619674336,11496.207399427069,40.19245024780604,Moderate,Strong historical support + V5
8411_1450,8411,1450,13.0300035932447,77.54276809510633,13.025512037369744,13.034495149119657,77.53815876454132,77.54737742567134,1,1,Limited,7,36.61380698668575,35.979451772000026,31.390418120000028,43.09317171680004,5.0835788321676105,0.2857142857142857,0.0,0.3188545766103423,0.2854928727837085,-0.0103400644268802,-0.3607496262674327,0.0877379631792076,0.5910809281284477,0.1400289991162186,915.2969312094236,12849.036899695948,38.05103703985557,Low,Limited historical support + V5
8411_1451,8411,1451,13.03898670499461,77.54276809510633,13.034495149119657,13.043478260869565,77.53815876454132,77.54737742567134,4,3,Moderate,7,36.46677841494289,36.31033319810004,31.037968987700015,43.27258358660003,5.4034896454886,0.2857142857142857,0.0,0.3972244505612413,0.3304597896266094,-0.0345184534427387,-0.4403407624969099,0.1744468378661395,0.4214437254764008,0.1353413658482995,917.1759323320824,14564.014474845257,37.688694266065866,Low,Historical support + V5
8411_1452,8411,1452,13.04796981674452,77.54276809510633,13.043478260869565,13.052461372619476,77.53815876454132,77.54737742567134,4,4,Moderate,7,35.75550310160002,35.75372573120003,30.235981864999996,42.27105245630002,5.173131342268641,0.0,0.0,0.4555044375793577,0.4432659755345784,-0.0741727328424596,-0.4792330243596493,0.1678271052051268,0.4739674463236196,0.1375520615625264,924.7669957696908,14773.18755869822,25.969832578190378,Low,Historical support + V5
8411_1453,8411,1453,13.05695292849443,77.54276809510633,13.052461372619476,13.061444484369384,77.53815876454132,77.54737742567134,3,2,Limited,7,34.63842336375718,35.471944162400014,28.863732285500042,42.00420763490004,5.047963283871332,0.0,0.0,0.5367306764990338,0.493742564316723,-0.1251426954769764,-0.5447413241846777,0.3840015164007269,0.2166198512436442,0.1192180047294224,934.1448431289052,14443.467123822647,22.260285436903303,Low,Limited historical support + V5
8411_1454,8411,1454,13.06593604024434,77.54276809510633,13.061444484369384,13.070427596119297,77.53815876454132,77.54737742567134,5,5,High,7,35.17556520675717,35.682511284500016,29.47473754070004,42.132622646300035,4.93156682402923,0.0,0.0,0.5401444004731627,0.4998374932549103,-0.0943477232991609,-0.5436983929572359,0.280446313100117,0.3716412963922762,0.123412184193841,926.233790751564,13594.109734276324,24.65945265027668,Low,Strong historical support + V5
8411_1455,8411,1455,13.074919151994251,77.54276809510633,13.070427596119297,13.079410707869206,77.53815876454132,77.54737742567134,2,2,Limited,7,35.743708491157165,35.558710600100014,30.264641962699997,41.93160889010005,4.97559387446091,0.0,0.0,0.395845906975272,0.3813877597585486,-0.0771670598973227,-0.4385511700452759,0.1516262570666208,0.5816391075080223,0.1370361226118336,924.1136166060496,12698.119205518224,26.260298076821698,Low,Limited historical support + V5
8411_1456,8411,1456,13.08390226374416,77.54276809510633,13.079410707869206,13.088393819619116,77.53815876454132,77.54737742567134,3,3,Moderate,7,36.4005200972429,36.060920278700046,31.100621294300023,43.174281331400046,5.115452823076851,0.14285714285714285,0.0,0.3341798496923587,0.2999048023884796,-0.0193878115319034,-0.3876531905375924,0.0759128793513333,0.6321760083500345,0.1454641054709974,912.0112023050408,12551.447356806022,33.79044801705046,Low,Historical support + V5
8411_1457,8411,1457,13.09288537549407,77.54276809510633,13.088393819619116,13.097376931369029,77.53815876454132,77.54737742567134,3,3,Moderate,7,37.010861279985754,36.06160388270002,31.677976142600063,43.67168869189999,4.957884350422316,0.2857142857142857,0.0,0.2660721017458359,0.2327232069590706,0.0128191210710079,-0.3350365669687039,0.0319900230221779,0.7114830540071873,0.1511656708234562,915.9091341376874,13228.899518345435,39.58627459004713,Low,Historical support + V5
8411_1458,8411,1458,13.101868487243982,77.54276809510633,13.097376931369029,13.106360043118936,77.53815876454132,77.54737742567134,2,2,Limited,7,38.29144932885716,36.48800187770003,32.44342463150005,44.90861885959998,5.0632404347807665,0.2857142857142857,0.2857142857142857,0.2616465134212701,0.216828253173885,0.0769418387619358,-0.3635320528987691,0.0324368675904226,0.6516413343532229,0.1743802612527993,916.6549802861108,14593.102864050195,44.9926992994703,Very High,Limited historical support + V5
8411_1459,8411,1459,13.110851598993891,77.54276809510633,13.106360043118936,13.115343154868846,77.53815876454132,77.54737742567134,4,4,Moderate,7,36.438743326614315,36.47598753740003,30.726843717200005,42.85575604760003,4.764273127005801,0.14285714285714285,0.0,0.5334125765470353,0.5254110494473105,-0.0393779889416868,-0.5545990213154187,0.3788080032311691,0.0619386533115302,0.1322629627796103,920.0049450471442,15798.802689278731,29.761519457165367,Low,Historical support + V5
8411_1460,8411,1460,13.119834710743802,77.54276809510633,13.115343154868846,13.124326266618755,77.53815876454132,77.54737742567134,3,3,Moderate,7,38.10090203818573,36.76821115730003,32.285272846100014,44.908089066500004,5.137184420658994,0.2857142857142857,0.2857142857142857,0.3992525940861741,0.3630060287262565,0.0351270789671572,-0.4809499975825078,0.1562396601652471,0.2629450359731905,0.1491591018149997,918.4580709290368,16366.467488314678,42.23546843837918,Moderate,Historical support + V5
8411_1461,8411,1461,13.128817822493712,77.54276809510633,13.124326266618755,13.133309378368669,77.53815876454132,77.54737742567134,2,1,Limited,7,38.18287104067145,36.78834329510001,32.23126813010002,45.039255584,5.253439674126939,0.2857142857142857,0.2857142857142857,0.3858469802113702,0.3442533764813927,0.0312883544775722,-0.4824747183400847,0.1854498876095194,0.2495603635316985,0.1520833373382046,911.3236803623154,16883.391931492188,42.18278934268775,Moderate,Limited historical support + V5
8411_1462,8411,1462,13.13780093424362,77.54276809510633,13.133309378368669,13.142292490118576,77.53815876454132,77.54737742567134,4,2,Limited,7,37.848849919057166,36.76889476130003,31.906248608300004,45.60505752470003,5.918358373247486,0.2857142857142857,0.2857142857142857,0.423862664391554,0.4024353291301615,0.0030053284259286,-0.4946916013011949,0.2677533384564926,0.195201378693097,0.1519564143257588,906.0529831410822,17720.662219314196,41.560787982003504,Moderate,Limited historical support + V5
8411_1463,8411,1463,13.146784045993533,77.54276809510633,13.142292490118576,13.151275601868488,77.53815876454132,77.54737742567134,1,1,Limited,7,38.488949848785744,37.01811968960001,32.21193922700003,45.520632430700026,5.492383930435916,0.2857142857142857,0.2857142857142857,0.4019718494793901,0.3623526405348747,0.0372483320211758,-0.4907106854025969,0.1762356406164572,0.2108518711117153,0.1598469681876938,910.8828909727202,18678.592152954105,42.72210405192443,High,Limited historical support + V5
8412_1424,8412,1424,12.796442687747035,77.55198675623635,12.79195113187208,12.80093424362199,77.54737742567134,77.55659608680135,0,0,Prediction Only,7,40.20584082632859,40.12728740240002,34.19645872910002,48.201727318700016,5.118577958261514,0.2857142857142857,0.2857142857142857,0.3254213796518282,0.2478159713038689,0.1342791291609262,-0.4398131910457532,0.2089887837053833,0.0792735730505627,0.1459952790196416,852.7987091011563,2917.588512552532,53.94168979662633,Very High,V5 prediction only
8412_1425,8412,1425,12.805425799496946,77.55198675623635,12.80093424362199,12.8099173553719,77.54737742567134,77.55659608680135,7,5,High,7,38.38006638024287,36.91120402400003,32.35920461870003,44.79110733200002,4.852653809103648,0.2857142857142857,0.14285714285714285,0.3658040761506974,0.314960465231331,0.0817711432518007,-0.467571854648465,0.1803023613195578,0.2280494573052781,0.1531624274444134,860.8052876521022,3798.0656145286766,40.320166162094175,Moderate,Strong historical support + V5
8412_1426,8412,1426,12.814408911246856,77.55198675623635,12.8099173553719,12.81890046712181,77.54737742567134,77.55659608680135,2,2,Limited,7,38.07725178122859,36.97048958089999,32.147560820300036,44.02065144380001,4.69357543850764,0.2857142857142857,0.0,0.3550473632469752,0.301222974149636,0.0598864590001566,-0.4438284235370064,0.11675781614157,0.322450960858722,0.1494894707018635,836.1330102869131,1701.0750139578197,39.36034825175094,Low,Limited historical support + V5
8412_1427,8412,1427,12.823392022996766,77.55198675623635,12.81890046712181,12.827883578871722,77.54737742567134,77.55659608680135,5,4,Moderate,7,38.95578790327146,37.73383598750002,32.60234547140007,47.99572325329998,5.705762670157801,0.2857142857142857,0.2857142857142857,0.3490738978616481,0.2761129837048597,0.0903502072037149,-0.4329494479015335,0.1333078311183852,0.3836999150271769,0.1503679370585523,841.5801323188423,2350.010815999961,47.336169485403204,Very High,Historical support + V5
8412_1428,8412,1428,12.832375134746677,77.55198675623635,12.827883578871722,12.836866690621632,77.54737742567134,77.55659608680135,2,2,Limited,7,38.03684101905716,36.58867965680001,32.033142600800026,45.63728945330002,5.2439265411482365,0.2857142857142857,0.14285714285714285,0.412047026322655,0.3493516972242049,0.0689719422970641,-0.4663981266438008,0.2965864371619867,0.2051500509107701,0.1302180544032005,865.2460100488985,3709.421806427216,38.79083636871698,Low,Limited historical support + V5
8412_1429,8412,1429,12.841358246496586,77.55198675623635,12.836866690621632,12.84584980237154,77.54737742567134,77.55659608680135,2,2,Limited,7,37.600406252471444,36.4618540247,32.126676718100015,43.52392768730006,4.720850254104807,0.2857142857142857,0.0,0.4049839331818889,0.3422064049435004,0.041515284199533,-0.463907742725919,0.2372917112912172,0.2210622581563068,0.1312756086421259,865.5383846298407,3516.9981816660047,36.295772798521014,Low,Limited historical support + V5
8412_1430,8412,1430,12.850341358246496,77.55198675623635,12.84584980237154,12.854832914121452,77.54737742567134,77.55659608680135,4,2,Limited,7,37.13271857587146,36.27473451980002,31.534026230300004,43.36727983070002,4.4672311567098415,0.14285714285714285,0.0,0.4060919659241676,0.3622571754289387,0.0215783450966962,-0.457532663790357,0.1711103861813793,0.400448359263252,0.1321119029968982,875.4353193526106,2949.4946614956075,32.33521584108951,Low,Limited historical support + V5
8412_1431,8412,1431,12.859324469996409,77.55198675623635,12.854832914121452,12.863816025871362,77.54737742567134,77.55659608680135,5,3,Moderate,7,37.26335041738572,36.37288296409999,31.78619065580001,43.27699283240001,4.540427312985591,0.2857142857142857,0.0,0.4104094709006492,0.3542575746283941,0.0050277523223956,-0.4743832534061079,0.1233842396744427,0.5246131576102477,0.1296048764912323,875.683478871293,4859.828479111805,38.972573240314354,Low,Historical support + V5
8412_1432,8412,1432,12.868307581746317,77.55198675623635,12.863816025871362,12.872799137621271,77.54737742567134,77.55659608680135,2,2,Limited,7,37.04000966625716,36.48673721030003,31.913990423600026,43.06064925650003,4.654034956380483,0.2857142857142857,0.0,0.4212737664527982,0.3380580215933593,-0.0189059367147406,-0.476478577683501,0.1085632965512634,0.5358827108670329,0.1397477276543367,880.9726159496846,7754.508191846354,39.54429996350741,Low,Limited historical support + V5
8412_1433,8412,1433,12.877290693496228,77.55198675623635,12.872799137621271,12.881782249371184,77.54737742567134,77.55659608680135,2,2,Limited,7,36.643548643571435,35.98497187430003,30.969711128300023,43.21524630110002,4.969492615924165,0.14285714285714285,0.0,0.377804009765438,0.3398419564337963,-0.0351419361037945,-0.427032002700721,0.0433804774563391,0.710675025371543,0.1513171547217383,883.071016008651,7301.599329777809,34.26923365242042,Low,Limited historical support + V5
8412_1434,8412,1434,12.886273805246136,77.55198675623635,12.881782249371184,12.890765361121092,77.54737742567134,77.55659608680135,3,3,Moderate,7,37.45278196867145,36.16983548600003,31.84041754310005,44.0935236302,4.889939392959778,0.2857142857142857,0.0,0.2919877467176941,0.2538190512842448,0.0040711707536101,-0.3488034256825939,0.035394869980462,0.6977873516750325,0.1611396082667554,894.5431706469401,4092.860341387016,39.88567969975304,Low,Historical support + V5
8412_1435,8412,1435,12.895256916996049,77.55198675623635,12.890765361121092,12.899748472871002,77.54737742567134,77.55659608680135,6,4,Moderate,7,37.001959779328594,35.76078394250004,31.49019012380003,44.01123479870002,4.941545987557698,0.2857142857142857,0.0,0.29273735493447,0.2500628291132137,-0.0161286700980684,-0.3407906834345422,0.0351410527559392,0.7052084793580978,0.1547848887676921,882.2510072636494,1481.7012091103234,38.3106998106259,Low,Historical support + V5
8412_1436,8412,1436,12.904240028745958,77.55198675623635,12.899748472871002,12.908731584620911,77.54737742567134,77.55659608680135,3,3,Moderate,7,36.42730028394288,35.441011081400035,31.101988502300024,43.79427597920002,5.214944629361576,0.14285714285714285,0.0,0.2760049239358714,0.2589497129274277,-0.0640959610214431,-0.3154691917609304,0.034870874396751,0.6525873829387112,0.1542685991954263,866.0766380129667,2539.158819768126,31.49524648561158,Low,Historical support + V5
8412_1437,8412,1437,12.913223140495868,77.55198675623635,12.908731584620911,12.917714696370822,77.54737742567134,77.55659608680135,2,2,Limited,7,37.130538367400035,36.06550042550002,30.726860807300042,43.546606250000025,5.012799342088729,0.2857142857142857,0.0,0.2154061757636779,0.1741909046839162,0.0079345792414223,-0.271288933385179,0.0298436911725451,0.7330180951525119,0.1550592592801734,879.6580620680135,5628.543936967384,39.817334865124295,Low,Limited historical support + V5
8412_1438,8412,1438,12.922206252245775,77.55198675623635,12.917714696370822,12.926697808120734,77.54737742567134,77.55659608680135,7,4,Moderate,7,36.858307723057166,35.999874441500026,30.35270724800002,43.40424571699999,5.017126148745518,0.2857142857142857,0.0,0.2404520242817354,0.1963311140906445,-0.0110935698074922,-0.2808966285375371,0.0324567387518475,0.7247020042750217,0.1412765246209221,876.4151438531301,8552.149954180733,39.4695867795256,Low,Historical support + V5
8412_1439,8412,1439,12.931189363995689,77.55198675623635,12.926697808120734,12.935680919870643,77.54737742567134,77.55659608680135,5,3,Moderate,7,36.84887398785717,36.082419624500034,30.35798808890002,43.204411177699974,5.029951368252106,0.2857142857142857,0.0,0.2416419907626451,0.1893874779467073,-0.0112183179741883,-0.2852295540235018,0.0311889659321859,0.7289277803736695,0.1436506721100003,889.1964112202556,8810.89651942233,39.844645598860815,Low,Historical support + V5
8412_1440,8412,1440,12.940172475745598,77.55198675623635,12.935680919870643,12.944664031620553,77.54737742567134,77.55659608680135,0,0,Prediction Only,7,36.9168510813286,36.017733596000014,30.204074648300022,43.500240808700035,5.1981975152413815,0.2857142857142857,0.0,0.2182200241073999,0.1619728860130872,0.0022212218029285,-0.2629460661606407,0.029789232852205,0.7314811490409207,0.1408181674694888,891.7689972407632,9066.692119141891,39.609381768794144,Low,V5 prediction only
8412_1441,8412,1441,12.94915558749551,77.55198675623635,12.944664031620553,12.953647143370464,77.54737742567134,77.55659608680135,3,3,Moderate,7,36.98827060922859,36.09927046310003,31.05350388860003,44.05156743470002,5.134819858318937,0.2857142857142857,0.0,0.2387732299765872,0.1943896501001361,0.0021155904231274,-0.2750291215809924,0.0389903556286927,0.7021447100379357,0.1422676642082028,869.8031648847503,10336.004525477932,39.644753165385815,Low,Historical support + V5
8412_1442,8412,1442,12.95813869924542,77.55198675623635,12.953647143370464,12.962630255120374,77.54737742567134,77.55659608680135,5,3,Moderate,7,37.24818417435717,36.26208784580002,31.54834773410003,44.16120042620002,5.0856220846901845,0.2857142857142857,0.0,0.2335268416192168,0.1931489355935692,0.0177891953494174,-0.2724391762451155,0.0444643779707274,0.6641204260647243,0.1461644737435835,877.632761587174,11498.146217587297,39.92094835523712,Low,Historical support + V5
8412_1443,8412,1443,12.967121810995328,77.55198675623635,12.962630255120374,12.971613366870285,77.54737742567134,77.55659608680135,5,3,Moderate,7,37.18694302172861,36.30988885550003,31.07970301190004,44.23600379390001,5.264068866918887,0.2857142857142857,0.14285714285714285,0.1933539953996987,0.1419477396385998,0.0410830903133165,-0.2361441869378285,0.0316285248816756,0.6570734170605282,0.1409389769414218,873.3643325612502,12986.052651207174,42.18605684908783,Moderate,Historical support + V5
8412_1444,8412,1444,12.97610492274524,77.55198675623635,12.971613366870285,12.980596478620194,77.54737742567134,77.55659608680135,6,4,Moderate,7,36.95957877277146,36.11810375330003,30.52909417010002,44.12264516060002,5.311653153737332,0.2857142857142857,0.0,0.2369397740781689,0.1984284016855053,0.0078285957277043,-0.2770584620494943,0.033199829284413,0.7007714241659327,0.1334963234099142,876.4595373057053,13757.106871833825,39.706951314181396,Low,Historical support + V5
8412_1445,8412,1445,12.98508803449515,77.55198675623635,12.980596478620194,12.989579590370104,77.54737742567134,77.55659608680135,3,3,Moderate,7,36.077920045314315,35.565990982700015,30.01934775740004,42.95735669210005,5.4385993924837,0.2857142857142857,0.0,0.2586149947902281,0.2242742720689419,-0.0263921242534948,-0.2992841161126159,0.0336762156915473,0.7272352397361607,0.1416011486940971,898.1191418720482,11341.657398077024,37.74561203903198,Low,Historical support + V5
8412_1446,8412,1446,12.99407114624506,77.55198675623635,12.989579590370104,12.998562702120015,77.54737742567134,77.55659608680135,6,6,Very High,7,36.02317068924288,35.51678858480004,30.23864792060001,42.79612868870003,5.367417969425681,0.14285714285714285,0.0,0.2955987676887148,0.2639543654566473,-0.0338304459899899,-0.3215953850861748,0.0509461945734499,0.6969496887533725,0.1422926800775985,909.7885626316862,9179.882352228327,32.24438504949697,Low,Strong historical support + V5
8412_1447,8412,1447,13.00305425799497,77.55198675623635,12.998562702120015,13.007545813869925,77.54737742567134,77.55659608680135,5,4,Moderate,7,36.402876089600035,35.83717668950002,30.25308905510004,42.87252143570006,5.074272100855459,0.14285714285714285,0.0,0.2476814588260186,0.2165510809703842,-0.0103232101785645,-0.2996521976727669,0.035193623296871,0.7303902563807844,0.147163809246566,917.7052851152592,7867.104300124584,33.87051359137415,Low,Historical support + V5
8412_1448,8412,1448,13.01203736974488,77.55198675623635,13.007545813869925,13.016528925619834,77.54737742567134,77.55659608680135,6,4,Moderate,7,36.41053733728574,35.98307487320004,30.67998266300002,42.58462161110002,4.924260567870316,0.0,0.0,0.2949716387804922,0.2529536617913189,-0.0138162833400357,-0.3293216621491241,0.0429516826552278,0.6882639152280572,0.1383395060330658,920.21548298277,7658.331056810385,29.03747432790553,Low,Historical support + V5
8412_1449,8412,1449,13.021020481494787,77.55198675623635,13.016528925619834,13.025512037369744,77.54737742567134,77.55659608680135,3,2,Limited,7,37.11989367654288,36.46101660980003,31.21960257050003,43.46257422830001,4.963140286106709,0.2857142857142857,0.0,0.2311436357687703,0.1843751915859444,0.0321606311577172,-0.2733231604924203,0.0363491805732863,0.696711997323468,0.1439555968843101,916.1571891876564,8374.214023315517,41.04889394757182,Moderate,Limited historical support + V5
8412_1450,8412,1450,13.0300035932447,77.55198675623635,13.025512037369744,13.034495149119657,77.54737742567134,77.55659608680135,4,4,Moderate,7,37.06817170961432,36.16400776190004,31.41019136570004,43.52919143810004,5.017601903097342,0.2857142857142857,0.0,0.2599487148857051,0.2184037531874428,0.0060775135596549,-0.3190927088671174,0.062098620793851,0.6405919354971652,0.1500429931819463,911.7521988256382,10151.339782098938,39.290229645449145,Low,Historical support + V5
8412_1451,8412,1451,13.03898670499461,77.55198675623635,13.034495149119657,13.043478260869565,77.54737742567134,77.55659608680135,3,3,Moderate,7,36.44249582428575,36.059689791500034,30.837091952300042,43.23380614970002,5.3314832099419425,0.2857142857142857,0.0,0.276517296092393,0.2312598581148466,-0.0181830503129475,-0.3286198750709633,0.0540260756506803,0.6627378657832391,0.1449754905214786,910.1631404718238,11625.307789929911,39.09110558181702,Low,Historical support + V5
8412_1452,8412,1452,13.04796981674452,77.55198675623635,13.043478260869565,13.052461372619476,77.54737742567134,77.55659608680135,4,4,Moderate,7,35.45945618218574,35.49896361050002,29.840585311400034,42.10056161870002,5.17440926856517,0.0,0.0,0.4579251650821791,0.4377938393606819,-0.1044603148459473,-0.4648317543368777,0.1139198013163158,0.581476596726386,0.1328092213683892,929.112856357218,11484.048562595726,26.01778839343868,Low,Historical support + V5
8412_1453,8412,1453,13.05695292849443,77.55198675623635,13.052461372619476,13.061444484369384,77.54737742567134,77.55659608680135,1,1,Limited,7,35.63071363284288,35.5794238013,29.990790200300022,42.14337231920003,5.136167192570772,0.0,0.0,0.4206428303397209,0.3953320938705924,-0.0848399976484714,-0.4474705102704345,0.1329894508207705,0.5850351025184066,0.1371637606749354,927.17256158352,11971.67323461344,26.377768354610513,Low,Limited historical support + V5
8412_1454,8412,1454,13.06593604024434,77.55198675623635,13.061444484369384,13.070427596119297,77.54737742567134,77.55659608680135,7,3,Moderate,7,35.9352518905143,35.51813870270003,30.33585640940001,43.106484904700025,5.249061793140998,0.14285714285714285,0.0,0.3916477944901628,0.3612885716356233,-0.061396896222641,-0.4411407402733182,0.1410512204082917,0.5850743574235503,0.145113877241295,918.2048453147288,13267.82187110103,31.131075066138557,Low,Historical support + V5
8412_1455,8412,1455,13.074919151994251,77.55198675623635,13.070427596119297,13.079410707869206,77.54737742567134,77.55659608680135,5,2,Limited,7,35.62786446902858,35.56595680250002,30.354775150099996,42.00979609760001,4.946659033196919,0.0,0.0,0.4073930286811035,0.3757203231758321,-0.0757562472356246,-0.4462481559945045,0.1044555932331928,0.6185892373869618,0.1354999019315082,923.073893461387,14765.25095212499,26.659014209718748,Low,Limited historical support + V5
8412_1456,8412,1456,13.08390226374416,77.55198675623635,13.079410707869206,13.088393819619116,77.54737742567134,77.55659608680135,2,2,Limited,7,36.782991652357175,36.05476784270004,31.268770788200055,43.5610302944,5.051498940451101,0.2857142857142857,0.0,0.2794847971121549,0.2325243883089049,0.0068600108799827,-0.3423070056346561,0.0361323395089487,0.7259552013981209,0.142626145591403,927.9034832756654,15575.342934766908,39.70343489970406,Low,Limited historical support + V5
8412_1457,8412,1457,13.09288537549407,77.55198675623635,13.088393819619116,13.097376931369029,77.54737742567134,77.55659608680135,6,4,Moderate,7,37.11629254832861,36.14840450060004,32.22675634370007,44.0422875104,4.924460367324873,0.14285714285714285,0.0,0.2649181674780028,0.2224804079243386,0.0382648461110755,-0.3477763551983798,0.0298818925933081,0.6859144477867185,0.1576840344601975,924.4032770362594,15149.456918254898,34.68054641093839,Low,Historical support + V5
8412_1458,8412,1458,13.101868487243982,77.55198675623635,13.097376931369029,13.106360043118936,77.54737742567134,77.55659608680135,4,3,Moderate,7,38.602603896671454,36.49735016240004,32.35257365990006,46.49753672690004,5.587902963892943,0.2857142857142857,0.2857142857142857,0.2117122704309467,0.1770350023686472,0.0794981696183906,-0.3219552983183604,0.0299111507859221,0.598920611780407,0.1765235926193622,918.4947351236642,14170.795911805915,44.503181965857465,Very High,Historical support + V5
8412_1459,8412,1459,13.110851598993891,77.55198675623635,13.106360043118936,13.115343154868846,77.54737742567134,77.55659608680135,3,3,Moderate,7,38.77549223115716,36.72011961590002,32.81385254900002,46.195742651000025,5.2960862999489535,0.2857142857142857,0.2857142857142857,0.2599060628497919,0.2165311427190631,0.087301001021723,-0.3778653476281481,0.0547434100923144,0.5672350502059406,0.1750954987703483,921.3681298597144,13258.043147294698,45.084475790190425,Very High,Historical support + V5
8412_1460,8412,1460,13.119834710743802,77.55198675623635,13.115343154868846,13.124326266618755,77.54737742567134,77.55659608680135,6,5,High,7,38.565069154185736,36.46005956420003,32.23637807000002,46.3875790235,5.652268928497959,0.2857142857142857,0.2857142857142857,0.2912312008793268,0.2482804273065162,0.0538254886982336,-0.3802228648676578,0.0530707124052498,0.445594733888528,0.1741077634629175,915.396569652102,13084.893179487768,42.81957703594135,High,Strong historical support + V5
8412_1461,8412,1461,13.128817822493712,77.55198675623635,13.124326266618755,13.133309378368669,77.54737742567134,77.55659608680135,5,5,High,7,36.495931684100015,36.30462510470002,30.797374559900007,43.844144891000006,5.075193233473554,0.14285714285714285,0.0,0.5199569082780704,0.4926190350319437,-0.0425210553315464,-0.5580815459643004,0.4004097101125035,0.1220378724827021,0.1342605997890959,928.1656490934128,13699.904081228404,29.67162216397799,Low,Strong historical support + V5
8412_1462,8412,1462,13.13780093424362,77.55198675623635,13.133309378368669,13.142292490118576,77.54737742567134,77.55659608680135,4,4,Moderate,7,38.61552889515714,36.8453558687,32.22272308010001,46.68687794480001,5.610366919983772,0.2857142857142857,0.2857142857142857,0.4054626613945549,0.3603944279848018,0.065352740710084,-0.4960459597882187,0.2919502189949498,0.1093910251601702,0.149821415242128,931.6890766445396,15036.697515905738,41.01095606883809,Moderate,Historical support + V5
8412_1463,8412,1463,13.146784045993533,77.55198675623635,13.142292490118576,13.151275601868488,77.54737742567134,77.55659608680135,3,2,Limited,7,38.66641344718574,36.947913558800025,32.32538331080001,46.61610784070004,5.602527724069954,0.2857142857142857,0.2857142857142857,0.3640129112117247,0.316826312561777,0.0674830597063414,-0.4623302696262102,0.2162955291253706,0.2528940312812675,0.1538422006311053,926.5826707369024,16925.762183323433,42.85947249674702,High,Limited historical support + V5
8413_1424,8413,1424,12.796442687747035,77.56120541736635,12.79195113187208,12.80093424362199,77.55659608680135,77.56581474793137,1,1,Limited,7,38.226555777714296,36.5895170717,31.925526241100005,47.248526991200016,5.457456787434128,0.2857142857142857,0.14285714285714285,0.3988886962008259,0.3752021319188152,0.0634460162231272,-0.4824896843775908,0.2619342384495534,0.1101043309871483,0.1379259702665683,892.1598098573581,974.0347782194816,37.84375541210166,Low,Limited historical support + V5
8413_1425,8413,1425,12.805425799496946,77.56120541736635,12.80093424362199,12.8099173553719,77.55659608680135,77.56581474793137,1,1,Limited,7,37.34965298094288,36.5389645559,31.451019614600018,43.57201922870002,4.853248553483744,0.2857142857142857,0.0,0.4299760921657941,0.3584202732168133,0.0274751611896391,-0.4853416173618648,0.2932139757770572,0.1235093581485292,0.1300411731125319,901.9385084361272,3176.2320118173343,35.63113373121123,Low,Limited historical support + V5
8413_1426,8413,1426,12.814408911246856,77.56120541736635,12.8099173553719,12.81890046712181,77.55659608680135,77.56581474793137,5,5,High,7,37.113033222114304,36.35859564050001,31.340429577500014,43.51567316900004,4.934070432025462,0.2857142857142857,0.0,0.451934485520176,0.4104289789003861,0.0016850093538087,-0.5024087213270868,0.2963614513683607,0.153225783272049,0.1365021663631912,862.9602942219084,4313.406294270539,35.201096663644755,Low,Strong historical support + V5
8413_1427,8413,1427,12.823392022996766,77.56120541736635,12.81890046712181,12.827883578871722,77.55659608680135,77.56581474793137,1,1,Limited,7,38.10113397525718,36.629764257200016,32.01704372660004,44.61856568240001,4.992344884563285,0.2857142857142857,0.14285714285714285,0.310686982441533,0.2497473211897223,0.0681749366543925,-0.4003924444022649,0.0523848199772008,0.6631145992035732,0.1588993367284972,866.8279585520897,3699.6517845515054,43.53612444880244,High,Limited historical support + V5
8413_1428,8413,1428,12.832375134746677,77.56120541736635,12.827883578871722,12.836866690621632,77.55659608680135,77.56581474793137,5,5,High,7,38.24712493378574,36.79535023610001,32.48428706060005,44.19550025690005,4.776695284457667,0.2857142857142857,0.14285714285714285,0.3288207459280232,0.2802356997517864,0.0610775112344825,-0.4123587869511885,0.1287721809257317,0.3657143071865371,0.1467499372004211,865.7741625572992,1292.104701981552,41.22972182973779,Moderate,Strong historical support + V5
8413_1429,8413,1429,12.841358246496586,77.56120541736635,12.836866690621632,12.84584980237154,77.55659608680135,77.56581474793137,5,3,Moderate,7,37.64400309757146,36.29683201910005,32.425035683900056,44.01448191770003,4.438750018826528,0.14285714285714285,0.0,0.3101924306902158,0.2325985579756344,0.0469766885475398,-0.3670798213234371,0.1279891560351443,0.2950381293768791,0.1398324859573301,890.3621510652862,1566.7714728514957,31.370205005672048,Low,Historical support + V5
8413_1430,8413,1430,12.850341358246496,77.56120541736635,12.84584980237154,12.854832914121452,77.55659608680135,77.56581474793137,2,2,Limited,7,36.67237964227147,36.198837385700045,32.419977014300024,43.74069851570002,3.959722908949455,0.14285714285714285,0.0,0.31375928581054,0.2344561316990585,0.0324560402179398,-0.3772116331133884,0.0644911220955258,0.4926057844152357,0.1402242594263752,900.0189234516768,1324.354222320206,32.95079226649628,Low,Limited historical support + V5
8413_1431,8413,1431,12.859324469996409,77.56120541736635,12.854832914121452,12.863816025871362,77.55659608680135,77.56581474793137,3,3,Moderate,7,37.12978396155718,36.01892990300004,31.719556355900053,43.8339762815,4.522020623743833,0.14285714285714285,0.0,0.3178369074089625,0.2485895098414824,0.0180439416080271,-0.3791333789026556,0.0421265554372532,0.7074633747687572,0.1436059728675897,902.787469862431,4035.4662602346207,34.37402722981681,Low,Historical support + V5
8413_1432,8413,1432,12.868307581746317,77.56120541736635,12.863816025871362,12.872799137621271,77.55659608680135,77.56581474793137,6,4,Moderate,7,36.117671617914304,36.166520006600024,30.73113333230001,42.676771430300015,5.126498896235856,0.14285714285714285,0.0,0.3729629929393922,0.3142728565776074,-0.0274152193733448,-0.4225028450072303,0.0444035574599549,0.6805140937163782,0.1402735563120769,910.7804455191044,6378.11008467652,34.69957995550401,Low,Historical support + V5
8413_1433,8413,1433,12.877290693496228,77.56120541736635,12.872799137621271,12.881782249371184,77.55659608680135,77.56581474793137,3,3,Moderate,7,36.77274247524288,36.28936364540003,31.246023865100014,43.01139558830002,4.918248571879359,0.2857142857142857,0.0,0.355724129329584,0.3052808083498386,-0.0121766768170594,-0.4100017795220786,0.050263794828649,0.6504953177601881,0.1569250274249022,903.6080040846596,6341.522654853733,39.89466631755922,Low,Historical support + V5
8413_1434,8413,1434,12.886273805246136,77.56120541736635,12.881782249371184,12.890765361121092,77.55659608680135,77.56581474793137,5,3,Moderate,7,36.208686166185736,36.120633088100014,30.43849954999999,42.83627333360001,5.383370216269676,0.2857142857142857,0.0,0.3261461895102742,0.2751904755353132,-0.027519408014246,-0.3704893911560432,0.0755854583670972,0.6396850585924353,0.1480755452543498,902.756613193766,4555.028109172604,39.10628528921976,Low,Historical support + V5
8413_1435,8413,1435,12.895256916996049,77.56120541736635,12.890765361121092,12.899748472871002,77.55659608680135,77.56581474793137,4,3,Moderate,7,36.30807974634288,35.45540094560003,30.82911087560003,43.28813557759999,5.168414153269807,0.14285714285714285,0.0,0.3011871960999699,0.2618483436051299,-0.0349435027280711,-0.3373627249457724,0.03811216494082,0.7125120672032297,0.1474913900453689,895.4985550106563,2477.223154829326,32.15250957900823,Low,Historical support + V5
8413_1436,8413,1436,12.904240028745958,77.56120541736635,12.899748472871002,12.908731584620911,77.55659608680135,77.56581474793137,1,1,Limited,7,36.478353295528585,35.49851926790002,30.631480959200033,43.544914330100006,5.141309611576062,0.14285714285714285,0.0,0.272503083603283,0.2287305864215069,-0.0426193187083342,-0.3098185138398741,0.0376812117836679,0.6847314182904166,0.1346185749581664,884.0224921532816,3245.6407417811142,32.048545133402584,Low,Limited historical support + V5
8413_1437,8413,1437,12.913223140495868,77.56120541736635,12.908731584620911,12.917714696370822,77.55659608680135,77.56581474793137,3,3,Moderate,7,36.89023935418574,35.936863242800015,30.51759253280003,43.54264134680001,5.155901901668877,0.2857142857142857,0.0,0.2386606394285712,0.2098038831738687,-0.0009440096010521,-0.2897153158796149,0.0341809349329082,0.7253283848333212,0.1411271560084774,895.4964356393494,5962.246340565762,39.221805553611304,Low,Historical support + V5
8413_1438,8413,1438,12.922206252245775,77.56120541736635,12.917714696370822,12.926697808120734,77.55659608680135,77.56581474793137,1,1,Limited,7,36.19023129962859,35.38035831650002,30.476234490800042,42.75704363000002,5.039167652847067,0.14285714285714285,0.0,0.2814958927878644,0.2888948992591956,-0.0503026907485846,-0.3392149698020583,0.0378857703791243,0.7245536958240361,0.1497520883798611,894.4046314520281,6688.001363470049,31.970373184634642,Low,Limited historical support + V5
8413_1439,8413,1439,12.931189363995689,77.56120541736635,12.926697808120734,12.935680919870643,77.55659608680135,77.56581474793137,3,3,Moderate,7,36.5778518577286,35.91184333640002,30.383332707200026,43.027562822900016,5.087708987640022,0.2857142857142857,0.0,0.2536846810878586,0.2082174405415468,-0.0147686089556915,-0.2937778716026631,0.0323722299967012,0.7211069379609288,0.1510347149805758,901.4749614341196,5517.195840818854,39.07871722372332,Low,Historical support + V5
8413_1440,8413,1440,12.940172475745598,77.56120541736635,12.935680919870643,12.944664031620553,77.55659608680135,77.56581474793137,5,4,Moderate,7,36.5754128563143,35.96483973650001,30.326422674200025,43.2059321966,5.1948421781659775,0.2857142857142857,0.0,0.2412286722414963,0.1991158976016824,-0.0066694602565046,-0.2870740124529797,0.0316570986346998,0.7357199448843268,0.141585214590108,912.9690734080956,5915.352453472994,39.43851521882462,Low,Historical support + V5
8413_1441,8413,1441,12.94915558749551,77.56120541736635,12.944664031620553,12.953647143370464,77.55659608680135,77.56581474793137,7,4,Moderate,7,35.95674391198573,35.468765403800035,30.020714965400007,42.56720679920003,5.173443771900863,0.0,0.0,0.3301454407544594,0.3158469273578028,-0.0785950991144456,-0.3487441295439407,0.0576077268891979,0.6294541574374228,0.1347148289162996,894.0079483023414,7359.658644798469,26.375812557463767,Low,Historical support + V5
8413_1442,8413,1442,12.95813869924542,77.56120541736635,12.953647143370464,12.962630255120374,77.55659608680135,77.56581474793137,4,3,Moderate,7,36.778333379385735,35.91830339420003,30.763655792600026,43.48403939390001,5.21522440892059,0.2857142857142857,0.0,0.2529798955704597,0.2105504155672433,-0.0089471512851426,-0.2879825928489747,0.0393062986554154,0.6954950566499084,0.1422831028527499,897.3799504862726,8444.804479614102,38.84864371083176,Low,Historical support + V5
8413_1443,8413,1443,12.967121810995328,77.56120541736635,12.962630255120374,12.971613366870285,77.55659608680135,77.56581474793137,3,3,Moderate,7,37.21379645171431,36.20939906750003,31.396553465900016,43.993016752100004,5.104257752040909,0.2857142857142857,0.0,0.2462144942024977,0.2160411125483152,0.0132527349370491,-0.2906895560120992,0.0481942271135232,0.6453021150423143,0.1455723907619869,889.0250349432044,10380.80757368945,39.520337571537084,Low,Historical support + V5
8413_1444,8413,1444,12.97610492274524,77.56120541736635,12.971613366870285,12.980596478620194,77.55659608680135,77.56581474793137,5,4,Moderate,7,36.947640117200024,35.885592942800024,31.08318939230003,43.64188355750002,5.084921810272885,0.2857142857142857,0.0,0.2721800413910704,0.2533347679069899,-0.0130083954180845,-0.3138475738423868,0.0568685165047614,0.6430453302204537,0.1396198597660978,886.2767633839077,11930.323410636993,38.19226627558906,Low,Historical support + V5
8413_1445,8413,1445,12.98508803449515,77.56120541736635,12.980596478620194,12.989579590370104,77.55659608680135,77.56581474793137,5,4,Moderate,7,36.81831933050004,35.72607394940004,30.521574526100036,43.46059177670002,5.123379697074594,0.2857142857142857,0.0,0.2702885676789775,0.2269717993590901,-0.0152553280543083,-0.3018059104803868,0.0402833887787876,0.7042308590288622,0.1363764150319164,892.550220973703,9431.496995337802,38.16098179584156,Low,Historical support + V5
8413_1446,8413,1446,12.99407114624506,77.56120541736635,12.989579590370104,12.998562702120015,77.55659608680135,77.56581474793137,2,2,Limited,7,36.80633184607145,36.017699415800024,30.267854901500037,43.30710558860002,5.151895996930079,0.2857142857142857,0.0,0.2288003443451781,0.1765259640697062,0.0060398669875427,-0.2668257215813322,0.0377247953567835,0.7168117551520056,0.1378381357527899,901.5921825560124,6677.7906797018,39.46255002408377,Low,Limited historical support + V5
8413_1447,8413,1447,13.00305425799497,77.56120541736635,12.998562702120015,13.007545813869925,77.55659608680135,77.56581474793137,4,3,Moderate,7,36.465355053757165,35.75736592250001,30.12064078010003,43.13024014370003,5.089199788871059,0.14285714285714285,0.0,0.2454747414889203,0.2197620177725954,-0.0126276847153802,-0.3014218276727438,0.0348777217439015,0.7303016015774412,0.1464514060335363,921.1291434896148,4713.670499962207,33.547850450692955,Low,Historical support + V5
8413_1448,8413,1448,13.01203736974488,77.56120541736635,13.007545813869925,13.016528925619834,77.55659608680135,77.56581474793137,4,1,Limited,7,35.823880591700025,35.32155128240002,30.306085455200034,42.71616411080006,5.309738570539416,0.14285714285714285,0.0,0.4104815394758223,0.3829556897339039,-0.0404118051819424,-0.4303315089226551,0.0925425465454929,0.5835717557008891,0.1414671238608774,935.1335227776648,4347.316296686203,30.323458867921207,Low,Limited historical support + V5
8413_1449,8413,1449,13.021020481494787,77.56120541736635,13.016528925619834,13.025512037369744,77.55659608680135,77.56581474793137,4,4,Moderate,7,35.94703429374289,35.416196256200024,30.16069997450003,42.45620659970005,5.146103780567107,0.0,0.0,0.3232404101435498,0.2970638989180377,-0.0337256503933954,-0.3598987396746122,0.1160525564981889,0.6223958687171303,0.1354175757004364,932.4231718999474,5509.07983539681,26.093284317159224,Low,Historical support + V5
8413_1450,8413,1450,13.0300035932447,77.56120541736635,13.025512037369744,13.034495149119657,77.55659608680135,77.56581474793137,5,4,Moderate,7,36.689203625000026,35.967625422800026,30.67285609130005,43.11313295360004,4.985813121502616,0.2857142857142857,0.0,0.2465874806675599,0.2095634244111492,0.0006427302206416,-0.2923724394458142,0.034950614879956,0.7207397586226273,0.1440940184360913,923.891943296134,7930.592730272837,39.29994453064057,Low,Historical support + V5
8413_1451,8413,1451,13.03898670499461,77.56120541736635,13.034495149119657,13.043478260869565,77.55659608680135,77.56581474793137,4,4,Moderate,7,35.95469554142859,35.563324927100034,30.28687618280001,42.61687062980001,5.3562777458588275,0.0,0.0,0.3042358659667185,0.2576291965581977,-0.0321311263785211,-0.3468911861912505,0.0569720989388842,0.6891387182763437,0.1393075559583189,907.755925515909,8527.767048228841,27.353897970375417,Low,Historical support + V5
8413_1452,8413,1452,13.04796981674452,77.56120541736635,13.043478260869565,13.052461372619476,77.55659608680135,77.56581474793137,5,4,Moderate,7,36.25603795040002,35.81219096330004,30.360346522699988,43.228388588000016,5.3766467639180435,0.2857142857142857,0.0,0.3704552765400809,0.3392439198252517,-0.0498372068301366,-0.3963497716398543,0.083603301024474,0.5832311113191466,0.1604190558192141,921.5592468681598,8158.442492495939,37.29818608541504,Low,Historical support + V5
8413_1453,8413,1453,13.05695292849443,77.56120541736635,13.052461372619476,13.061444484369384,77.55659608680135,77.56581474793137,5,4,Moderate,7,35.9423613721143,35.512447699400035,30.224599858400012,42.77529585680003,5.304928465042967,0.14285714285714285,0.0,0.3950756152515021,0.3707966666424006,-0.0604239094051611,-0.4244279290958976,0.1116314894757018,0.5468129070880284,0.1484335772271834,921.0718175979916,8829.883673491226,30.72551589354318,Low,Historical support + V5
8413_1454,8413,1454,13.06593604024434,77.56120541736635,13.061444484369384,13.070427596119297,77.55659608680135,77.56581474793137,5,4,Moderate,7,35.202643249485725,34.052149924700004,29.63627316590004,42.348863681599994,5.2805283138125185,0.0,0.0,0.2697551199693767,0.2743482736948355,-0.1648425669974901,-0.2626091860449623,0.0458362749243888,0.484777365817865,0.1229822542061468,905.3781753536858,10529.664830605065,19.21761347613707,Low,Historical support + V5
8413_1455,8413,1455,13.074919151994251,77.56120541736635,13.070427596119297,13.079410707869206,77.55659608680135,77.56581474793137,7,4,Moderate,7,36.145396643000026,35.87527052240003,30.797801812400035,42.693553908500014,5.254696674918614,0.2857142857142857,0.0,0.2914295078411456,0.2580276835805266,-0.036337320338968,-0.3459410466995269,0.0441719516283721,0.6645737756930166,0.1454746094409368,912.8763253892774,12874.883851042729,38.36593337229346,Low,Historical support + V5
8413_1456,8413,1456,13.08390226374416,77.56120541736635,13.079410707869206,13.088393819619116,77.55659608680135,77.56581474793137,1,1,Limited,7,36.0426460789143,35.62158507800004,30.084102146300015,42.98546990660001,5.2938164681911095,0.14285714285714285,0.0,0.3472792628500354,0.3306711458617771,-0.0493336388683181,-0.4216819764375374,0.1228531625314968,0.5624899319785511,0.1337634459419519,934.297001767424,14617.812901151408,31.32230012973928,Low,Limited historical support + V5
8413_1457,8413,1457,13.09288537549407,77.56120541736635,13.088393819619116,13.097376931369029,77.55659608680135,77.56581474793137,1,1,Limited,7,37.21162845045718,36.23265869360003,31.92535534010004,43.69144484750004,5.0166443087308314,0.2857142857142857,0.0,0.3398282471127046,0.3284056501244776,0.0060671895096032,-0.4325753618213022,0.1084652742838038,0.4732018114912981,0.1534705775808486,934.8180098386492,12833.653583602018,37.893111397395984,Low,Limited historical support + V5
8413_1458,8413,1458,13.101868487243982,77.56120541736635,13.097376931369029,13.106360043118936,77.55659608680135,77.56581474793137,3,2,Limited,7,37.23906782672861,36.49471828700004,31.738816898600067,43.77899742980001,4.9886329106314795,0.2857142857142857,0.0,0.2525669779323544,0.217164754162704,0.0197381670180397,-0.3277629503741107,0.0387418739527506,0.6561813613906786,0.1565369133257722,917.7976506494416,11117.913306803854,40.779464128008684,Moderate,Limited historical support + V5
8413_1459,8413,1459,13.110851598993891,77.56120541736635,13.106360043118936,13.115343154868846,77.55659608680135,77.56581474793137,1,1,Limited,7,35.95293770257145,35.735695675700036,29.947449706700013,42.72060753680001,5.362176873700277,0.14285714285714285,0.0,0.2128993500878062,0.177672178169658,-0.0789558019497362,-0.2588350876195012,0.037977331088971,0.4714691196652814,0.1382754967702748,907.164717822784,10002.42653299102,30.872156740891114,Low,Limited historical support + V5
8413_1460,8413,1460,13.119834710743802,77.56120541736635,13.115343154868846,13.124326266618755,77.55659608680135,77.56581474793137,1,1,Limited,7,38.04139919287145,36.3364810511,32.296603582400046,44.54854754270001,4.8722620786792366,0.2857142857142857,0.14285714285714285,0.2580254905202558,0.2131635212602884,0.0727882754542267,-0.3665802703196841,0.0455454040779431,0.6327623033363357,0.1732895362820518,920.0515237442916,9771.328595487774,42.05015864078795,Moderate,Limited historical support + V5
8413_1461,8413,1461,13.128817822493712,77.56120541736635,13.124326266618755,13.133309378368669,77.55659608680135,77.56581474793137,10,7,Very High,7,37.36219955578574,36.41407010510003,31.92289436570003,43.87470198980003,5.050042510710789,0.2857142857142857,0.0,0.3773982893893987,0.3539163851587897,0.0261780045219534,-0.4610738977601971,0.1286914422694769,0.43016898833967,0.1550074256303219,929.6690269570016,10581.519551483903,38.194187562229914,Low,Strong historical support + V5
8413_1462,8413,1462,13.13780093424362,77.56120541736635,13.133309378368669,13.142292490118576,77.55659608680135,77.56581474793137,3,3,Moderate,7,37.82855420458575,36.30884635940001,32.02458046070003,44.39774450030004,5.01046226843054,0.2857142857142857,0.14285714285714285,0.3849554263766231,0.3374461327080735,0.0208623591403153,-0.4652109218719327,0.0963469898069017,0.4799887967302604,0.1576999237991254,917.4891030419204,12263.068653369692,40.41100756823656,Moderate,Historical support + V5
8413_1463,8413,1463,13.146784045993533,77.56120541736635,13.142292490118576,13.151275601868488,77.55659608680135,77.56581474793137,0,0,Prediction Only,7,37.57254450658575,36.5180975438,32.11433766590006,44.56527875060001,5.317833041979275,0.2857142857142857,0.2857142857142857,0.3520671785002552,0.3129196373218828,0.0196456505113145,-0.4372312549605069,0.060400141699128,0.5840934851181364,0.1669684451001846,924.137826611758,14517.857109757051,44.43855883274089,Very High,V5 prediction only
8414_1424,8414,1424,12.796442687747035,77.57042407849637,12.79195113187208,12.80093424362199,77.56581474793137,77.57503340906138,0,0,Prediction Only,7,36.54843491274288,35.992491518299985,30.973282959200024,43.73287124990001,4.500570472690541,0.14285714285714285,0.0,0.4910527543857877,0.4629280464892239,0.0122848674174701,-0.5332254051930757,0.3640109155292464,0.0780741526893968,0.1312945915193144,919.4462451923928,2405.707924278323,27.97354220627651,Low,V5 prediction only
8414_1425,8414,1425,12.805425799496946,77.57042407849637,12.80093424362199,12.8099173553719,77.56581474793137,77.57503340906138,4,3,Moderate,7,36.906658057400016,35.94077687570001,30.68811755060002,43.33672273190001,4.982492035240658,0.2857142857142857,0.0,0.4810837831796316,0.4284501140751834,0.0151042050373742,-0.5087973194918511,0.4014876546277049,0.0545035546838529,0.1237069851157328,948.219187310098,3888.910165880061,32.52933601865114,Low,Historical support + V5
8414_1426,8414,1426,12.814408911246856,77.57042407849637,12.8099173553719,12.81890046712181,77.56581474793137,77.57503340906138,1,1,Limited,7,36.676840158371455,36.22001201960001,30.530085395900024,43.49350730930004,4.790542351757446,0.14285714285714285,0.0,0.4473439978602221,0.404027242684115,0.0219443639688459,-0.4894137295771383,0.3865852265005417,0.1246276879016314,0.1179971687836554,930.3279146531286,5868.369960315199,29.356382007632156,Low,Limited historical support + V5
8414_1427,8414,1427,12.823392022996766,77.57042407849637,12.81890046712181,12.827883578871722,77.56581474793137,77.57503340906138,1,1,Limited,7,38.49585913207144,36.7763460449,32.28882758690003,45.5009788157,5.204547282940293,0.2857142857142857,0.2857142857142857,0.3522655729945231,0.2939338487284607,0.0683104407871185,-0.4340366515399064,0.1794622138279706,0.2346083251212802,0.1453409679976707,905.996462360293,3538.288376009398,41.98489911532042,Moderate,Limited historical support + V5
8414_1428,8414,1428,12.832375134746677,77.57042407849637,12.827883578871722,12.836866690621632,77.56581474793137,77.57503340906138,2,2,Limited,7,37.90279115754288,36.4616318534,32.077252148900016,46.12871527880006,5.379946379688526,0.2857142857142857,0.14285714285714285,0.3687665118239956,0.3439380441554659,0.0412146083269811,-0.4480715543228421,0.1638385156992335,0.3946142713375733,0.1423850318418626,898.5362073793638,1503.736063712392,40.17325433535261,Moderate,Limited historical support + V5
8414_1429,8414,1429,12.841358246496586,77.57042407849637,12.836866690621632,12.84584980237154,77.56581474793137,77.57503340906138,4,2,Limited,7,39.1848953424286,37.27426610840001,33.020403497600036,47.69664650330001,5.730793118513561,0.2857142857142857,0.2857142857142857,0.2813877771133795,0.2251233578770494,0.0961804367779167,-0.3783260959538051,0.1163011041253161,0.3095158578987271,0.1545796774556707,898.8285884442378,2826.512131304415,44.741460744335015,Very High,Limited historical support + V5
8414_1430,8414,1430,12.850341358246496,77.57042407849637,12.84584980237154,12.854832914121452,77.56581474793137,77.57503340906138,1,1,Limited,7,37.67535610674288,36.18436207100003,32.21279373200002,44.148417031399994,4.962177403668046,0.2857142857142857,0.0,0.3346181696217689,0.2816479192804118,0.0336947546296007,-0.4085687286341071,0.0825677500641484,0.5191954931734106,0.1431184384645706,923.4290606653632,3902.743209991638,38.15832858877334,Low,Limited historical support + V5
8414_1431,8414,1431,12.859324469996409,77.57042407849637,12.854832914121452,12.863816025871362,77.56581474793137,77.57503340906138,3,3,Moderate,7,37.13800429965717,36.36896933120003,31.623458723600056,43.548417800600035,4.912163566921218,0.2857142857142857,0.0,0.317688816141409,0.2598196068120341,0.0043986298901587,-0.3695614649092605,0.0329421494032647,0.7321900940454869,0.150873106701194,923.6562230740057,4982.270043626265,41.032563838132326,Moderate,Historical support + V5
8414_1432,8414,1432,12.868307581746317,77.57042407849637,12.863816025871362,12.872799137621271,77.56581474793137,77.57503340906138,4,4,Moderate,7,36.08057633514289,35.92493435300004,30.153641763199992,42.942847197200045,5.445166885615443,0.2857142857142857,0.0,0.3350399097050653,0.3048816801290604,-0.0284912333214256,-0.377894471671466,0.0486328357912807,0.6505061751246576,0.1392999968521897,923.8724204822304,3758.685202839437,38.4254892249042,Low,Historical support + V5
8414_1433,8414,1433,12.877290693496228,77.57042407849637,12.872799137621271,12.881782249371184,77.56581474793137,77.57503340906138,4,3,Moderate,7,36.811273326414316,35.869750420100026,31.260755531300035,43.141570879999996,4.955582171137913,0.2857142857142857,0.0,0.2819156741516486,0.2304049009426238,-0.0029668705347947,-0.3354295785641298,0.0364284090813536,0.7087699964456265,0.1438662517636367,925.682706015022,3443.821903295318,38.785639939685666,Low,Historical support + V5
8414_1434,8414,1434,12.886273805246136,77.57042407849637,12.881782249371184,12.890765361121092,77.56581474793137,77.57503340906138,2,2,Limited,7,36.779668848628596,35.92295190140003,30.914834817200017,43.44580884020001,5.109481628232283,0.2857142857142857,0.0,0.2474319848083411,0.1940876131339984,0.0011323357221489,-0.3000658388974099,0.0430255257860581,0.7000821057726943,0.1480938870387526,914.761339502561,5176.6558600690605,38.91325579375131,Low,Limited historical support + V5
8414_1435,8414,1435,12.895256916996049,77.57042407849637,12.890765361121092,12.899748472871002,77.56581474793137,77.57503340906138,7,5,High,7,37.249927364557166,36.35143488860003,31.356818983400032,43.737212135300005,5.040965403627652,0.2857142857142857,0.0,0.2278635778177905,0.1772419937723238,0.0235816070602551,-0.2739212624506898,0.0348803104047364,0.6844098919671852,0.1495073354561864,905.8042178713498,5636.792906764596,40.48406743104172,Moderate,Strong historical support + V5
8414_1436,8414,1436,12.904240028745958,77.57042407849637,12.899748472871002,12.908731584620911,77.56581474793137,77.57503340906138,4,3,Moderate,7,37.25940748717145,36.34941825680003,31.291278449900023,43.74198027320003,5.102603803181876,0.2857142857142857,0.0,0.213490317371312,0.1638531170064473,0.0280080556727044,-0.2653792354459213,0.0308498718845811,0.6896002907811265,0.1530577191427677,898.8548193219658,6041.9053421817325,40.52784087572664,Moderate,Historical support + V5
8414_1437,8414,1437,12.913223140495868,77.57042407849637,12.908731584620911,12.917714696370822,77.56581474793137,77.57503340906138,3,2,Limited,7,36.67062180341431,36.03675487730002,30.518344497200033,43.43100881360004,5.2124238730535595,0.2857142857142857,0.0,0.2689857788491847,0.2283309940737662,-0.0051868310557354,-0.3135380132468918,0.0440391481740471,0.6798795648102067,0.1389387201837094,911.9728652482286,6958.356147572401,39.170054866019555,Low,Limited historical support + V5
8414_1438,8414,1438,12.922206252245775,77.57042407849637,12.917714696370822,12.926697808120734,77.56581474793137,77.57503340906138,4,4,Moderate,7,35.804053634257166,35.35969638560002,29.920378988300037,42.66456909890001,5.48475173768065,0.14285714285714285,0.0,0.2815363915569118,0.2450768796113748,-0.041097359814004,-0.3189035221391849,0.0370111091171015,0.7240218100566069,0.1467423145252054,914.4651715442004,4551.44894082329,31.881750708007203,Low,Historical support + V5
8414_1439,8414,1439,12.931189363995689,77.57042407849637,12.926697808120734,12.935680919870643,77.56581474793137,77.57503340906138,2,2,Limited,7,36.6582265980286,35.86002615320002,30.308802781100027,43.28138498810001,5.083273586620458,0.2857142857142857,0.0,0.2460457605245821,0.1758485342253086,-0.0072824530743928,-0.2827046078195777,0.0311430182440542,0.7262969396093465,0.1436612908988033,907.8393180826585,2358.813171263274,38.92170361517368,Low,Limited historical support + V5
8414_1440,8414,1440,12.940172475745598,77.57042407849637,12.935680919870643,12.944664031620553,77.56581474793137,77.57503340906138,9,4,Moderate,7,35.65715445898574,35.07348848090001,29.947278805700016,42.371730235400015,5.348246797682157,0.0,0.0,0.3307845859448147,0.2825055784988209,-0.0558654613102202,-0.3525562605736563,0.0634811485814729,0.6866267335280362,0.1365569072005077,921.4036404392366,3113.232791636545,25.353882898380725,Low,Historical support + V5
8414_1441,8414,1441,12.94915558749551,77.57042407849637,12.944664031620553,12.953647143370464,77.56581474793137,77.57503340906138,3,1,Limited,7,36.04626918011431,35.55286578590003,30.087144184100012,42.76493925620002,5.363631923676726,0.2857142857142857,0.0,0.2880108708901743,0.2432737873765416,-0.0364801212232372,-0.320608890610069,0.0399051277373381,0.7121544972796633,0.1428932387166093,908.9248007773848,4244.533022245045,37.54188717910231,Low,Limited historical support + V5
8414_1442,8414,1442,12.95813869924542,77.57042407849637,12.953647143370464,12.962630255120374,77.56581474793137,77.57503340906138,1,1,Limited,7,36.51714293964288,35.720895649100044,30.865051355900032,43.65200089670001,5.308576624458898,0.2857142857142857,0.0,0.2805719198461694,0.2512264289080598,-0.0215309342893687,-0.3092062678843065,0.0378443315478862,0.7170899514402793,0.1404005209078551,906.7477887718532,5716.117625714702,38.2686951380345,Low,Limited historical support + V5
8414_1443,8414,1443,12.967121810995328,77.57042407849637,12.962630255120374,12.971613366870285,77.56581474793137,77.57503340906138,0,0,Prediction Only,7,37.27202242241431,36.35293881740003,31.38770079410004,43.970457820100016,5.170955186149955,0.2857142857142857,0.0,0.2097950630502117,0.1632401660126159,0.036909052050147,-0.2551027327879092,0.0328745511367171,0.6705329200124088,0.1448448139980299,903.1614288703602,8314.683592859119,40.3513611676295,Moderate,V5 prediction only
8414_1444,8414,1444,12.97610492274524,77.57042407849637,12.971613366870285,12.980596478620194,77.56581474793137,77.57503340906138,1,1,Limited,7,36.827635876442876,36.003531722900036,31.140389957000004,43.49931794330005,5.169213341742861,0.2857142857142857,0.0,0.2503370635124589,0.2182077544279609,-0.0029442714654727,-0.283836699348249,0.0425964059030477,0.6379561679447832,0.1436606283942959,905.9219126869292,10354.834159467033,38.61687363909833,Low,Limited historical support + V5
8414_1445,8414,1445,12.98508803449515,77.57042407849637,12.980596478620194,12.989579590370104,77.56581474793137,77.57503340906138,3,2,Limited,7,36.673551534842886,35.97697370750004,30.612374227400036,43.34504561060002,5.155351312117488,0.2857142857142857,0.0,0.2718644674203485,0.2372812058629239,-0.0093195315504381,-0.3155218128041085,0.038921361237989,0.6877735293166063,0.135774464579076,898.3989909741159,8104.718853912948,39.0079721296957,Low,Limited historical support + V5
8414_1446,8414,1446,12.99407114624506,77.57042407849637,12.989579590370104,12.998562702120015,77.56581474793137,77.57503340906138,6,5,High,7,36.80626592711432,35.93286415940002,30.938966038400025,43.2796759781,5.019191149654981,0.2857142857142857,0.0,0.2578669438503175,0.2257015739546854,-0.0104471524735289,-0.2998422966165226,0.0383249202160501,0.7073502862479163,0.1450171383140348,906.9521856372417,5174.730326186333,39.025901286669566,Low,Strong historical support + V5
8414_1447,8414,1447,13.00305425799497,77.57042407849637,12.998562702120015,13.007545813869925,77.56581474793137,77.57503340906138,4,2,Limited,7,35.81268901764288,35.186642033000005,29.87681632340002,42.92266378910001,5.485485959970171,0.14285714285714285,0.0,0.2963016334243305,0.2594762906261904,-0.0397081102687425,-0.3328513209466249,0.0351469374230825,0.7309202414682492,0.1436524411364252,922.3937551437416,2190.9175227125247,31.253024149072026,Low,Limited historical support + V5
8414_1448,8414,1448,13.01203736974488,77.57042407849637,13.007545813869925,13.016528925619834,77.56581474793137,77.57503340906138,3,3,Moderate,7,35.03875895625717,34.96720514900003,29.255471557700048,41.76704831720002,5.042593050228059,0.0,0.0,0.4197907739515681,0.3794117607875624,-0.1391998889082246,-0.4100299874464099,0.1365012023699279,0.471623348509367,0.1291954858625808,939.3911296044045,1258.6800576287708,22.775341846978666,Low,Historical support + V5
8414_1449,8414,1449,13.021020481494787,77.57042407849637,13.016528925619834,13.025512037369744,77.56581474793137,77.57503340906138,2,2,Limited,7,34.19056508604289,33.29070051920003,28.75454363660006,41.92528555310003,4.929675290378698,0.0,0.0,0.5744303702295159,0.5779081698904482,-0.1559707473628886,-0.5657436885358573,0.3677496523294011,0.276491250944692,0.130745000985926,934.6620420789,3579.7126462793226,14.064783144232228,Low,Limited historical support + V5
8414_1450,8414,1450,13.0300035932447,77.57042407849637,13.025512037369744,13.034495149119657,77.56581474793137,77.57503340906138,5,2,Limited,7,35.853868834314305,35.495596860800035,30.0475806026,42.53781182720001,5.34397230428868,0.0,0.0,0.334280008984456,0.310850306979076,-0.0534096630207685,-0.3701230343812392,0.0671384374500072,0.6644540048877278,0.1442651836925911,919.3926004498346,6345.021472292555,26.833988601657808,Low,Limited historical support + V5
8414_1451,8414,1451,13.03898670499461,77.57042407849637,13.034495149119657,13.043478260869565,77.56581474793137,77.57503340906138,7,6,Very High,7,35.71978235115716,35.28959279540001,30.009640580600013,42.44665323380001,5.363429807453235,0.0,0.0,0.3214393072889554,0.2829948638586975,-0.0578522629964316,-0.3595580405560877,0.0415264657902555,0.7263618333979157,0.1433505251517423,909.6292177886912,5450.698840897293,26.62251120201108,Low,Strong historical support + V5
8414_1452,8414,1452,13.04796981674452,77.57042407849637,13.043478260869565,13.052461372619476,77.56581474793137,77.57503340906138,2,2,Limited,7,36.76444401097145,36.09658731740003,30.962533286300022,43.25200710620002,5.074495884361931,0.2857142857142857,0.0,0.2735287744253478,0.2244675237532732,-0.0081535710124956,-0.3277558625190388,0.0368296672647416,0.6976679127501959,0.1470501755915542,902.9515968187844,4845.809434224026,39.58916743553932,Low,Limited historical support + V5
8414_1453,8414,1453,13.05695292849443,77.57042407849637,13.052461372619476,13.061444484369384,77.56581474793137,77.57503340906138,3,3,Moderate,7,36.62792096784288,36.17767984190003,31.226165168900028,43.11015927620001,5.075776275571044,0.2857142857142857,0.0,0.3423481823812646,0.3015297172910386,-0.029595211687591,-0.396955314566364,0.048328431834712,0.6371535309883029,0.1597252279199361,902.7322232750282,5904.295053302029,39.31096792886546,Low,Historical support + V5
8414_1454,8414,1454,13.06593604024434,77.57042407849637,13.061444484369384,13.070427596119297,77.56581474793137,77.57503340906138,8,6,Very High,7,36.415522763600016,36.09222934190002,30.777139881500048,43.228063876099995,5.10042062721068,0.14285714285714285,0.0,0.2748709782292314,0.2297536331144623,-0.0217859394390496,-0.333140196353299,0.0340767821888531,0.7040690370069949,0.1494268242928007,911.3081811440196,8229.17355234692,34.63560843589634,Low,Strong historical support + V5
8414_1455,8414,1455,13.074919151994251,77.57042407849637,13.070427596119297,13.079410707869206,77.56581474793137,77.57503340906138,5,3,Moderate,7,37.27299899955717,36.38048805860003,31.87343561630003,43.91691453680001,5.043454722232355,0.2857142857142857,0.0,0.3261290999188341,0.2908858987699665,0.0198797357231178,-0.4154502486931123,0.1481114803410585,0.3742021507579018,0.1457781325166253,922.4766495408676,11035.072527215234,37.49912496702192,Low,Historical support + V5
8414_1456,8414,1456,13.08390226374416,77.57042407849637,13.079410707869206,13.088393819619116,77.56581474793137,77.57503340906138,3,3,Moderate,7,37.76149265218574,36.63683955860002,31.868325676400037,45.06559142810001,5.610374365981747,0.2857142857142857,0.2857142857142857,0.4082638872479031,0.3735655709236556,0.0134934379574577,-0.5005217271400957,0.2122557048603167,0.1777605385307282,0.1556974846255521,925.6247742393324,12592.942193959489,40.85396678993248,Moderate,Historical support + V5
8414_1457,8414,1457,13.09288537549407,77.57042407849637,13.088393819619116,13.097376931369029,77.56581474793137,77.57503340906138,5,4,Moderate,7,36.728557242414304,36.07223392490003,31.587210621500013,43.99616133050003,5.352112035781122,0.2857142857142857,0.0,0.4142444444641187,0.389813245258531,-0.0170942665052189,-0.4864417312373756,0.2030061165158087,0.2668850180570191,0.1475342136815974,932.6471320899348,10331.668476045175,35.183151840958104,Low,Historical support + V5
8414_1458,8414,1458,13.101868487243982,77.57042407849637,13.097376931369029,13.106360043118936,77.56581474793137,77.57503340906138,1,1,Limited,7,35.90146232137145,35.40695051210002,30.330900280400037,42.36245031110003,5.096881742427303,0.0,0.0,0.3026438127700903,0.2843898041129106,-0.0410456738928896,-0.367848765429324,0.0480398106059647,0.7006602253772819,0.1361798153836902,919.4924367182977,8210.374332497351,26.838651409109232,Low,Limited historical support + V5
8414_1459,8414,1459,13.110851598993891,77.57042407849637,13.106360043118936,13.115343154868846,77.56581474793137,77.57503340906138,5,4,Moderate,7,36.086203860928585,35.859598900700036,30.770936175199992,42.90608639210001,5.266687969481809,0.14285714285714285,0.0,0.3786228042582227,0.3446527958653327,-0.0610906118926663,-0.4282069585884271,0.0923646681091704,0.55206856928927,0.1513365996976143,905.5210841128136,6802.214247720291,32.177697339207214,Low,Historical support + V5
8414_1460,8414,1460,13.119834710743802,77.57042407849637,13.115343154868846,13.124326266618755,77.56581474793137,77.57503340906138,2,2,Limited,7,37.09860673627146,36.47065542620004,31.92323616770003,42.99883436480005,4.574142235341685,0.2857142857142857,0.0,0.3846097283456347,0.3624795786929067,0.0034348724271522,-0.4477929966967947,0.1341974446914344,0.480980848795,0.1526333681529649,922.1671411027284,6479.339517017687,38.930443703883164,Low,Limited historical support + V5
8414_1461,8414,1461,13.128817822493712,77.57042407849637,13.124326266618755,13.133309378368669,77.56581474793137,77.57503340906138,3,3,Moderate,7,37.770552846628604,36.31058954960001,32.18748329390003,44.12831907380003,4.895955552233798,0.2857142857142857,0.0,0.3169970611167172,0.2711943106676589,0.0444964696321655,-0.4078065810258522,0.0761038174074209,0.5562658336493147,0.1561203886587437,925.1439867689764,7645.616623680791,39.03794889145435,Low,Historical support + V5
8414_1462,8414,1462,13.13780093424362,77.57042407849637,13.133309378368669,13.142292490118576,77.56581474793137,77.57503340906138,10,5,High,7,36.05086397557143,35.73036356450004,30.265205936000008,43.172435600600004,5.450265277240512,0.14285714285714285,0.0,0.4218408079899207,0.3741268377369758,-0.0719658293624653,-0.4666284206971686,0.1267090194331339,0.5065197525500387,0.1551829267365691,908.3318166815128,9842.706044511113,31.201165361621754,Low,Strong historical support + V5
8414_1463,8414,1463,13.146784045993533,77.57042407849637,13.142292490118576,13.151275601868488,77.56581474793137,77.57503340906138,7,4,Moderate,7,37.58945393981433,36.530316965300024,31.92205695080007,44.46096078020004,5.222141017156112,0.2857142857142857,0.14285714285714285,0.3476413367941848,0.29546849364335,0.008294948684591,-0.4157759654306567,0.0602874385040074,0.5931127822601808,0.1685322155011606,911.7403285111944,12540.947336304833,42.43516024240559,High,Historical support + V5
8415_1424,8415,1424,12.796442687747035,77.57964273962638,12.79195113187208,12.80093424362199,77.57503340906138,77.5842520701914,2,2,Limited,7,35.47713711135716,36.0120596828,30.187480161200025,42.77963674220002,4.853664593480823,0.14285714285714285,0.0,0.5282892542636051,0.4860012407985745,-0.0497873397210238,-0.5575247469574901,0.3419432570792001,0.1923593987528026,0.126569573394368,931.9514599238668,5637.104119942195,29.195288499583352,Low,Limited historical support + V5
8415_1425,8415,1425,12.805425799496946,77.57964273962638,12.80093424362199,12.8099173553719,77.57503340906138,77.5842520701914,1,1,Limited,7,36.15296755730002,35.88514860020003,30.420760026199996,43.126053069200054,5.347591768859113,0.14285714285714285,0.0,0.4238764524438138,0.3899901203847572,-0.0400109390451117,-0.4684023847423358,0.0891121415244408,0.5113127590305185,0.1541879564700376,929.0902604744458,6415.814209761588,31.87314908801334,Low,Limited historical support + V5
8415_1426,8415,1426,12.814408911246856,77.57964273962638,12.8099173553719,12.81890046712181,77.57503340906138,77.5842520701914,1,1,Limited,7,38.03345717925718,36.13411717699999,32.19519092900004,46.12958687390005,5.3703220950339805,0.2857142857142857,0.14285714285714285,0.3102915005331131,0.2472202412759863,0.0498603342234154,-0.3797464946387489,0.0569459728790387,0.582144316543834,0.1498408144201401,942.9031421128174,6397.651377210394,40.728099408078826,Moderate,Limited historical support + V5
8415_1427,8415,1427,12.823392022996766,77.57964273962638,12.81890046712181,12.827883578871722,77.57503340906138,77.5842520701914,8,5,High,7,37.7247001083286,36.412002203000014,31.754898682700045,44.88382112450003,5.30644112583785,0.2857142857142857,0.14285714285714285,0.3602849644201545,0.29212410167634,0.0411047051485062,-0.431552140201782,0.170921152114132,0.3164025920885392,0.1390458224094784,932.0073601622372,3350.254462362523,39.19104349038932,Low,Strong historical support + V5
8415_1428,8415,1428,12.832375134746677,77.57964273962638,12.827883578871722,12.836866690621632,77.57503340906138,77.5842520701914,5,5,High,7,36.992255043971454,35.87357860250001,30.878825976500025,43.503607558400034,5.166697605813293,0.2857142857142857,0.0,0.4139174300916524,0.3558713483900302,0.0155058901739553,-0.4607663431443575,0.2415192933955005,0.243719247486735,0.1287574643399296,920.9613094921532,1523.2474883190414,34.15056670207809,Low,Strong historical support + V5
8415_1429,8415,1429,12.841358246496586,77.57964273962638,12.836866690621632,12.84584980237154,77.57503340906138,77.5842520701914,3,2,Limited,7,38.22579648898574,36.19070249810002,32.23832634140003,46.139892204200066,5.353850759947813,0.2857142857142857,0.14285714285714285,0.2966136843250874,0.2393607957815637,0.048940014628648,-0.3581059881813256,0.1264921295935915,0.493434973654196,0.1458654994809471,925.2608338030972,3656.064943106872,40.06914351628248,Moderate,Limited historical support + V5
8415_1430,8415,1430,12.850341358246496,77.57964273962638,12.84584980237154,12.854832914121452,77.57503340906138,77.5842520701914,1,1,Limited,7,37.28038436420003,36.023390419100025,32.123720130800024,43.53804410990003,4.8051554272139185,0.2857142857142857,0.0,0.3067524057317881,0.2718301170002767,0.0334612715487294,-0.3714532162588738,0.0863064537269024,0.5589673953796332,0.1494337302789797,937.503906914744,6389.5476799087055,37.907051095600245,Low,Limited historical support + V5
8415_1431,8415,1431,12.859324469996409,77.57964273962638,12.854832914121452,12.863816025871362,77.57503340906138,77.5842520701914,1,1,Limited,7,36.750010200800034,35.93194129400003,31.271043771500036,43.03530463820004,4.913254574959795,0.2857142857142857,0.0,0.3150193732593067,0.2763911005428736,-0.0050331256901708,-0.3748798741441482,0.0381420125266607,0.6999027584115831,0.1494195155326567,938.6913867371009,5191.093160935991,38.94770525113221,Low,Limited historical support + V5
8415_1432,8415,1432,12.868307581746317,77.57964273962638,12.863816025871362,12.872799137621271,77.57503340906138,77.5842520701914,6,3,Moderate,7,35.88534147418574,35.355013698200025,30.469928243900025,42.356161154300025,5.173559133493981,0.0,0.0,0.303814210893651,0.2721522430160991,-0.0264872669262414,-0.3504159787755821,0.0364920368508664,0.7332353892260465,0.1378288676158045,935.6857659446238,2041.738563663301,26.955007102188684,Low,Historical support + V5
8415_1433,8415,1433,12.877290693496228,77.57964273962638,12.872799137621271,12.881782249371184,77.57503340906138,77.5842520701914,5,4,Moderate,7,36.50498455421431,35.698729789400026,31.294440118400015,43.13593114700002,4.940988820276238,0.14285714285714285,0.0,0.2693934454830886,0.2076458807142585,-0.0156794134638389,-0.3175947523803881,0.0328749487675114,0.6893897251683208,0.1475063662863852,925.6734821947724,1359.748811247328,32.90232580022617,Low,Historical support + V5
8415_1434,8415,1434,12.886273805246136,77.57964273962638,12.881782249371184,12.890765361121092,77.57503340906138,77.5842520701914,4,3,Moderate,7,35.90165519535716,35.61486866870002,30.071096580200035,42.60750525500001,5.33631252985425,0.0,0.0,0.287046084397323,0.2551155793121092,-0.0451052131785216,-0.3286017967794976,0.0345956400537535,0.7109705674527179,0.1475512896021271,919.3795082025364,4382.121038067425,27.78002764060281,Low,Historical support + V5
8415_1435,8415,1435,12.895256916996049,77.57964273962638,12.890765361121092,12.899748472871002,77.57503340906138,77.5842520701914,3,2,Limited,7,36.076892197871445,35.99590953830001,30.588841159700017,42.86512142240002,5.282081420058559,0.14285714285714285,0.0,0.2113699600663127,0.1582128830796576,-0.0494166431832664,-0.2454144442688923,0.0351785002255683,0.6012532587787324,0.13605941792892,910.0420508710226,7527.760177671507,33.21911384929621,Low,Limited historical support + V5
8415_1436,8415,1436,12.904240028745958,77.57964273962638,12.899748472871002,12.908731584620911,77.57503340906138,77.5842520701914,5,3,Moderate,7,36.259299718057164,35.58796885130003,30.525419798600026,43.143604601900016,5.346943745760787,0.2857142857142857,0.0,0.217839719537887,0.1598676800316757,-0.0252186070703965,-0.2497436643281758,0.0351514339169468,0.6562249906252331,0.1357309144265464,909.807068744194,9048.141729468774,37.12411869099451,Low,Historical support + V5
8415_1437,8415,1437,12.913223140495868,77.57964273962638,12.908731584620911,12.917714696370822,77.57503340906138,77.5842520701914,1,1,Limited,7,35.622827772414304,35.45345267420002,29.888899024100045,42.3203061245,5.343479119797004,0.0,0.0,0.322441799774782,0.3123296067880844,-0.0502535982379766,-0.3707415275731019,0.0930881781754618,0.6484693964752815,0.1436300536445721,922.1629443388472,7343.54475657519,26.504227939916753,Low,Limited historical support + V5
8415_1438,8415,1438,12.922206252245775,77.57964273962638,12.917714696370822,12.926697808120734,77.57503340906138,77.5842520701914,1,1,Limited,7,35.44875777958573,35.336112047600025,29.78649514490002,42.21205743110003,5.219649650680275,0.0,0.0,0.3510420643448307,0.3227807171500292,-0.0875123330642535,-0.3756775477867261,0.0483260219581093,0.7005562089288464,0.1355897196220719,924.6627174660816,4117.527084056241,26.552008680058577,Low,Limited historical support + V5
8415_1439,8415,1439,12.931189363995689,77.57964273962638,12.926697808120734,12.935680919870643,77.57503340906138,77.5842520701914,7,5,High,7,35.215253301842885,35.11609410020002,29.505209189000016,41.840552837300045,5.116750945785952,0.0,0.0,0.3611051002173919,0.3388470640722498,-0.1039317250026422,-0.3719427709371505,0.0505148314835158,0.6718633922440801,0.1290955776030142,923.500122339991,1421.10377478602,25.378024441744802,Low,Strong historical support + V5
8415_1440,8415,1440,12.940172475745598,77.57964273962638,12.935680919870643,12.944664031620553,77.57503340906138,77.5842520701914,5,3,Moderate,7,35.31129722240003,35.07982890800002,29.8450458275,41.949707306000036,5.0352591543418335,0.0,0.0,0.3222203182444069,0.2844718670872782,-0.0742188050706529,-0.3438013580551123,0.0675320303748682,0.6773663269452549,0.1329355052191006,921.453688466449,1492.410478478202,25.286841812397117,Low,Historical support + V5
8415_1441,8415,1441,12.94915558749551,77.57964273962638,12.944664031620553,12.953647143370464,77.57503340906138,77.5842520701914,2,2,Limited,7,35.2864555413286,35.186436951800026,29.594761313000017,41.87018707070005,5.00271994373254,0.0,0.0,0.3269336375293237,0.285052632922472,-0.0918837452787687,-0.3303755915386235,0.1171433085064525,0.5437678601120881,0.1272484019592588,911.32544082749,1373.7221580969867,24.380673500582922,Low,Limited historical support + V5
8415_1442,8415,1442,12.95813869924542,77.57964273962638,12.953647143370464,12.962630255120374,77.57503340906138,77.5842520701914,1,1,Limited,7,37.20933837705717,36.041881907300066,31.108927082900017,43.7285645447,5.095139751410011,0.2857142857142857,0.0,0.2061555822948654,0.1498536130559633,0.0432597454789161,-0.2477594228268618,0.0301154750750135,0.7157253834149114,0.1348223996856745,902.086520691969,4037.3471557871712,39.54918392525616,Low,Limited historical support + V5
8415_1443,8415,1443,12.967121810995328,77.57964273962638,12.962630255120374,12.971613366870285,77.57503340906138,77.5842520701914,3,3,Moderate,7,37.72281043155717,35.71086376040004,30.97459889690002,46.11981133670004,5.716993423742499,0.2857142857142857,0.2857142857142857,0.1752015083977852,0.1162360152092177,0.0629804241061063,-0.2148418576758703,0.0324993701455911,0.6717392513920095,0.1389022153555732,909.6139543792324,7261.536334009101,42.06045641472554,Moderate,Historical support + V5
8415_1444,8415,1444,12.97610492274524,77.57964273962638,12.971613366870285,12.980596478620194,77.57503340906138,77.5842520701914,3,3,Moderate,7,36.77934169528574,35.90035878920003,30.83299032830004,43.60454168899997,4.999140394488259,0.2857142857142857,0.0,0.2831037640809868,0.2606648842263354,-0.0007467964772503,-0.3234584819023459,0.0487906291599894,0.6866137022383388,0.1444484069516529,921.6893972177102,9214.77939856522,38.68748211055328,Low,Historical support + V5
8415_1445,8415,1445,12.98508803449515,77.57964273962638,12.980596478620194,12.989579590370104,77.57503340906138,77.5842520701914,5,3,Moderate,7,36.27330871717145,35.697379671500045,30.3135880091,43.20543658370003,5.442728071496311,0.2857142857142857,0.0,0.3331156359039796,0.3025166600059463,-0.0318861259845607,-0.3829049201782016,0.0617554239918733,0.5665855202377746,0.1530493493266211,921.166917325237,6494.286651876031,36.66884042098092,Low,Historical support + V5
8415_1446,8415,1446,12.99407114624506,77.57964273962638,12.989579590370104,12.998562702120015,77.57503340906138,77.5842520701914,2,2,Limited,7,35.748606025528595,35.14494218900002,30.044692375700034,42.71551468700003,5.431981955065994,0.14285714285714285,0.0,0.3161536600191817,0.2888919985975197,-0.0519326494936074,-0.3544380855911268,0.0619225743759382,0.6660286075620095,0.1365968926088056,917.9855320748816,3648.4819706471,30.435984708069554,Low,Limited historical support + V5
8415_1447,8415,1447,13.00305425799497,77.57964273962638,12.998562702120015,13.007545813869925,77.57503340906138,77.5842520701914,1,1,Limited,7,35.686686151785736,35.01575812310001,29.882062984100013,42.74725100270001,5.407333472111601,0.14285714285714285,0.0,0.3196333674367019,0.2690272882938127,-0.0528862341765779,-0.3457577071464663,0.0736911469979284,0.6731673648073367,0.1389157480586175,926.7902302826466,1687.1449422608068,29.986535179061516,Low,Limited historical support + V5
8415_1448,8415,1448,13.01203736974488,77.57964273962638,13.007545813869925,13.016528925619834,77.57503340906138,77.5842520701914,1,1,Limited,7,35.108828366257164,34.88643733640003,29.45590425050003,41.33378010200002,5.003820043470998,0.0,0.0,0.41541912934499,0.3937690809069861,-0.1268178723713903,-0.4186699108271292,0.0916670776620593,0.6277212603356742,0.1328979393422942,944.3782336724162,1676.4319226083353,24.01068580959867,Low,Limited historical support + V5
8415_1449,8415,1449,13.021020481494787,77.57964273962638,13.016528925619834,13.025512037369744,77.57503340906138,77.5842520701914,6,5,High,7,35.465017789014304,35.213832382100016,30.001915855400025,42.50928845030002,5.185763264075799,0.0,0.0,0.4842154391166238,0.4677180053774372,-0.1161794495677367,-0.4978732937925001,0.144817961571418,0.5210171148259625,0.1399459110497902,933.866416438436,3883.991061848951,24.263617413463443,Low,Strong historical support + V5
8415_1450,8415,1450,13.0300035932447,77.57964273962638,13.025512037369744,13.034495149119657,77.57503340906138,77.5842520701914,1,1,Limited,7,36.043791115614304,35.61341601020002,30.198776717300007,42.82584837260001,5.3963556282361,0.2857142857142857,0.0,0.3479184153257333,0.2949243561995105,-0.0361802794477415,-0.3950832538222434,0.0683739144746334,0.6287339882579244,0.145791991291735,922.826223005886,5447.701546387945,36.951805101251225,Low,Limited historical support + V5
8415_1451,8415,1451,13.03898670499461,77.57964273962638,13.034495149119657,13.043478260869565,77.57503340906138,77.5842520701914,4,2,Limited,7,36.3910057944286,35.79005928380004,30.957918959300038,43.59551811620002,5.40158595809406,0.2857142857142857,0.0,0.3197935825678729,0.2776813314958446,-0.0247144983178839,-0.3745323020823951,0.0444203759579928,0.6451741498079374,0.150141454746529,910.3078096616722,2885.362194628453,37.82838720103554,Low,Limited historical support + V5
8415_1452,8415,1452,13.04796981674452,77.57964273962638,13.043478260869565,13.052461372619476,77.57503340906138,77.5842520701914,5,4,Moderate,7,36.604019242271455,35.939888190500014,30.501715829900032,43.716362213300016,5.4216061492931225,0.2857142857142857,0.0,0.3059132627267522,0.2640250926461986,-0.0127981381011794,-0.3665696850660051,0.066236371140754,0.5335989514988703,0.1439298678108086,898.5678588787938,1656.272622395394,37.316707035448516,Low,Historical support + V5
8415_1453,8415,1453,13.05695292849443,77.57964273962638,13.052461372619476,13.061444484369384,77.57503340906138,77.5842520701914,3,3,Moderate,7,36.88181149344289,35.99766981860004,31.37944627580004,43.4262406757,4.939428806392374,0.2857142857142857,0.0,0.2768216738289543,0.237424137484265,-0.0039896954535637,-0.3346311138535423,0.0462237980939805,0.7064503490374153,0.153455224076549,903.600457698379,3661.978051606599,39.27818175167816,Low,Historical support + V5
8415_1454,8415,1454,13.06593604024434,77.57964273962638,13.061444484369384,13.070427596119297,77.57503340906138,77.5842520701914,3,2,Limited,7,36.19161315628573,36.03371283950002,30.627157163900023,42.9542121137,5.3082735735055495,0.14285714285714285,0.0,0.2931345895739216,0.2649428857943544,-0.0264327940803953,-0.3595100115334093,0.0345966420719342,0.7343891393248626,0.1603033197118406,916.6856726131962,6663.088233939168,34.702885893073756,Low,Limited historical support + V5
8415_1455,8415,1455,13.074919151994251,77.57964273962638,13.070427596119297,13.079410707869206,77.57503340906138,77.5842520701914,1,1,Limited,7,35.493145652171435,35.35357812980001,29.73144793280001,42.115395825500016,4.898779211513444,0.0,0.0,0.4582797228015753,0.4407746478893237,-0.0799858988679717,-0.5022288646045109,0.2317486288732675,0.3964476602190376,0.1468088542833646,937.9862063336602,9776.73980893542,23.581341967625526,Low,Limited historical support + V5
8415_1456,8415,1456,13.08390226374416,77.57964273962638,13.079410707869206,13.088393819619116,77.57503340906138,77.5842520701914,4,2,Limited,7,36.09101838624287,36.00520655270004,29.343536843000035,43.380934820600025,5.53287734582953,0.14285714285714285,0.0,0.4431645027576624,0.4091485736117471,-0.0472954616347896,-0.5021626520477784,0.2226805549365768,0.3088387102817405,0.1456232994120556,930.2504063078868,10628.040775912796,30.332451547709766,Low,Limited historical support + V5
8415_1457,8415,1457,13.09288537549407,77.57964273962638,13.088393819619116,13.097376931369029,77.57503340906138,77.5842520701914,3,3,Moderate,7,36.78367769780003,36.164623005500026,31.375190840900032,43.421164916000016,5.0777253353917775,0.2857142857142857,0.0,0.2924505201652544,0.2395872865362026,-0.0087596735547524,-0.3549590367240421,0.0489253528290497,0.6211837757545413,0.1517613917225077,912.2903463914752,8167.327469009017,39.09862855280558,Low,Historical support + V5
8415_1458,8415,1458,13.101868487243982,77.57964273962638,13.097376931369029,13.106360043118936,77.57503340906138,77.5842520701914,1,1,Limited,7,35.55904996065716,35.32671249260003,30.029755628299995,42.37562677820003,5.273231719028715,0.0,0.0,0.3852405360724027,0.3554149531260057,-0.0691174204561662,-0.4192877386686454,0.0672301277525081,0.6479746687628891,0.1352798600267723,918.4213916382472,5648.840925176452,25.98829667755186,Low,Limited historical support + V5
8415_1459,8415,1459,13.110851598993891,77.57964273962638,13.106360043118936,13.115343154868846,77.57503340906138,77.5842520701914,3,2,Limited,7,35.425571396771446,35.289678245900014,29.891223277700018,42.01112912540004,5.051676297863675,0.0,0.0,0.4460804978245765,0.4106375978526053,-0.1147531167634459,-0.4675050897612446,0.1460159059957654,0.5246886270939304,0.1312348418230979,906.6492151984986,3710.5188037407206,24.606123653524392,Low,Limited historical support + V5
8415_1460,8415,1460,13.119834710743802,77.57964273962638,13.115343154868846,13.124326266618755,77.57503340906138,77.5842520701914,8,5,High,7,35.89573469642859,35.59576193690005,30.35875714340001,42.33375603320005,5.023859693078495,0.0,0.0,0.3889532954808163,0.34819556610092,-0.0347812956241661,-0.4334409315932614,0.0704943468051707,0.592295245915551,0.1402694710786607,912.3333037558644,3278.510817830224,26.516240971145564,Low,Strong historical support + V5
8415_1461,8415,1461,13.128817822493712,77.57964273962638,13.124326266618755,13.133309378368669,77.57503340906138,77.5842520701914,2,1,Limited,7,37.209799809757165,36.29737890230003,31.81254359000002,43.49907868190003,4.681055159135744,0.2857142857142857,0.0,0.39759209923671,0.3468731084481775,0.0041081490316791,-0.4596025232076285,0.0811050315857902,0.5528109271071512,0.1463567866628033,910.0878567371856,5214.437551731548,38.95013787611489,Low,Limited historical support + V5
8415_1462,8415,1462,13.13780093424362,77.57964273962638,13.133309378368669,13.142292490118576,77.57503340906138,77.5842520701914,3,2,Limited,7,35.668429042100016,35.737165424300024,29.90105008520001,42.44367955640004,5.439497534553625,0.0,0.0,0.3961950856865842,0.3416224175282952,-0.0886339047920224,-0.4109587450368455,0.1018216311892624,0.387116012438726,0.1343607599931058,903.222536910848,8099.975977556796,25.03455131893979,Low,Limited historical support + V5
8415_1463,8415,1463,13.146784045993533,77.57964273962638,13.142292490118576,13.151275601868488,77.57503340906138,77.5842520701914,6,5,High,7,38.15912556744289,36.60190739420001,32.33555192030005,44.64948167330002,4.954429112281276,0.2857142857142857,0.2857142857142857,0.3349189059564348,0.2865500227313527,0.0558378189042055,-0.4241524523012933,0.0640058661742969,0.5360089802443867,0.172809499116578,914.9012579241412,11215.318221186457,44.29561365773884,Very High,Strong historical support + V5
8416_1424,8416,1424,12.796442687747035,77.5888614007564,12.79195113187208,12.80093424362199,77.5842520701914,77.5934707313214,0,0,Prediction Only,7,38.32814665644287,36.350597473700006,32.08296024230002,46.6203632756,5.429136950933903,0.2857142857142857,0.14285714285714285,0.4102151536883993,0.3455127057472894,0.0546518574340434,-0.4714522928810997,0.2729824466698494,0.1124636108655642,0.139910045226635,916.4782514683938,7352.813029931871,36.904085520261624,Low,V5 prediction only
8416_1425,8416,1425,12.805425799496946,77.5888614007564,12.80093424362199,12.8099173553719,77.5842520701914,77.5934707313214,3,1,Limited,7,37.45238645492861,36.32610736040005,31.930824172100042,43.92327205400002,5.07513402727606,0.2857142857142857,0.0,0.3809724820113411,0.3337038544279859,0.0084161819778077,-0.4424215542937771,0.1033202792160637,0.5325255732631258,0.1592118321460863,925.7509986495638,7612.283502488271,38.86311013044576,Low,Limited historical support + V5
8416_1426,8416,1426,12.814408911246856,77.5888614007564,12.8099173553719,12.81890046712181,77.5842520701914,77.5934707313214,4,3,Moderate,7,37.56667527795717,36.87950188849999,31.93058491070005,44.05895035790004,5.015014440435124,0.2857142857142857,0.0,0.3304541959866115,0.2675961808047366,0.0380908329284774,-0.4072784395516431,0.0460192889268767,0.6130551867088306,0.1611444534083734,938.0207330473924,7102.489652634479,41.899551414051516,Moderate,Historical support + V5
8416_1427,8416,1427,12.823392022996766,77.5888614007564,12.81890046712181,12.827883578871722,77.5842520701914,77.5934707313214,6,3,Moderate,7,37.21095705367146,35.98709104670003,31.811637814700017,43.69388873180004,4.973721861001262,0.2857142857142857,0.0,0.3769299342030126,0.3272329429278178,0.0092193109256825,-0.4463699457993786,0.074957611598291,0.521902560062171,0.1535023396921071,938.9007476098813,5111.665224819573,37.39005296024497,Low,Historical support + V5
8416_1428,8416,1428,12.832375134746677,77.5888614007564,12.827883578871722,12.836866690621632,77.5842520701914,77.5934707313214,1,1,Limited,7,35.748125061285734,35.33471065940001,29.906877809300017,42.59849877230002,5.1639097008358865,0.0,0.0,0.4580015729745611,0.4209263553074902,-0.0428377530486712,-0.4895901235278899,0.3030557015469894,0.3287025289520194,0.1325163613520067,941.3432285555268,4468.9507920625765,22.827821841618483,Low,Limited historical support + V5
8416_1429,8416,1429,12.841358246496586,77.5888614007564,12.836866690621632,12.84584980237154,77.5842520701914,77.5934707313214,1,1,Limited,7,35.584455615028595,35.317911091100015,30.146549371700043,42.12026650400001,5.131956313396507,0.0,0.0,0.4400279556695331,0.4039145072567714,-0.0434286251862304,-0.4680389700248885,0.3167693649433792,0.3768195181932954,0.1250557240851261,940.0755929799676,5460.762205784439,23.241260172880793,Low,Limited historical support + V5
8416_1430,8416,1430,12.850341358246496,77.5888614007564,12.84584980237154,12.854832914121452,77.5842520701914,77.5934707313214,2,2,Limited,7,36.73924099635717,35.853241383500034,31.168759523000016,43.535771126600004,5.228362248285973,0.2857142857142857,0.0,0.2493836250347595,0.2071398211690307,-0.0064254452997177,-0.2942025235609772,0.0449483980093253,0.5968880862006485,0.1382757239892108,926.6833830902216,5657.768758874426,37.600260625566186,Low,Limited historical support + V5
8416_1431,8416,1431,12.859324469996409,77.5888614007564,12.854832914121452,12.863816025871362,77.5842520701914,77.5934707313214,2,2,Limited,7,37.034626284757174,36.06666255230004,31.37925828470004,43.60069641650002,4.890011534972493,0.2857142857142857,0.0,0.2790338274785814,0.2402733057524648,0.0077878382782538,-0.3401486532811625,0.0390329032851825,0.6979689298115805,0.1488256087671032,922.9056039877051,5118.304176391862,39.47152860963797,Low,Limited historical support + V5
8416_1432,8416,1432,12.868307581746317,77.5888614007564,12.863816025871362,12.872799137621271,77.5842520701914,77.5934707313214,4,3,Moderate,7,35.902028736114296,35.18310438230002,30.256301993899992,43.47698118259999,5.36855266310683,0.14285714285714285,0.0,0.3567884676187638,0.3649216215046096,-0.0454428570821237,-0.4125411976114259,0.0862831286036558,0.5853046289773108,0.151275904608147,928.4652435803348,3549.2677285408954,29.782605121662055,Low,Historical support + V5
8416_1433,8416,1433,12.877290693496228,77.5888614007564,12.872799137621271,12.881782249371184,77.5842520701914,77.5934707313214,4,3,Moderate,7,36.22333238188574,35.62079893340003,31.020383274800025,43.187098906400024,5.295248541961645,0.2857142857142857,0.0,0.3308436028812252,0.3078128511671931,-0.040711857011989,-0.3854918706965066,0.0590899333327482,0.6090131826422969,0.1574014385781216,924.8617637986237,3172.8980057849635,36.784363102487674,Low,Historical support + V5
8416_1434,8416,1434,12.886273805246136,77.5888614007564,12.881782249371184,12.890765361121092,77.5842520701914,77.5934707313214,6,4,Moderate,7,35.79403883565716,35.48768414450001,30.077368646900013,42.36084384170001,5.251566794984514,0.0,0.0,0.3124465732300276,0.2722334014936676,-0.0412716037971461,-0.3536976034497819,0.0506651612739582,0.6881639380027811,0.1458090376018334,921.832926159028,5283.065716303266,27.039185885185987,Low,Historical support + V5
8416_1435,8416,1435,12.895256916996049,77.5888614007564,12.890765361121092,12.899748472871002,77.5842520701914,77.5934707313214,3,3,Moderate,7,35.671683485428595,35.34098272610003,30.085947877100025,42.60991495910003,5.365376684996538,0.0,0.0,0.3553408263367842,0.315451856974154,-0.0620113556330372,-0.3866677358127426,0.1852699304507265,0.5327013376452413,0.1329412740801102,911.2264579794836,8058.748670359899,24.893097296752437,Low,Historical support + V5
8416_1436,8416,1436,12.904240028745958,77.5888614007564,12.899748472871002,12.908731584620911,77.5842520701914,77.5934707313214,6,2,Limited,7,36.79707877764288,36.055895789300024,30.66444776210004,43.246093931600036,5.083587255266043,0.2857142857142857,0.0,0.2348604566218888,0.183713738188653,-0.0051365867159486,-0.2852397894632704,0.0329125985527273,0.7217918476165339,0.1453718939830761,903.8033216535212,9187.412067603933,39.66634895398979,Low,Limited historical support + V5
8416_1437,8416,1437,12.913223140495868,77.5888614007564,12.908731584620911,12.917714696370822,77.5842520701914,77.5934707313214,2,2,Limited,7,35.9227077571143,35.56807597490002,30.163280579600023,42.56278046330001,5.344719362133802,0.0,0.0,0.2918779802049471,0.2482513731569295,-0.0438305719912977,-0.3284582016188934,0.0369312250349157,0.7195406293348103,0.1465947438147173,913.9574108159296,8114.226455552543,27.677072090115498,Low,Limited historical support + V5
8416_1438,8416,1438,12.922206252245775,77.5888614007564,12.917714696370822,12.926697808120734,77.5842520701914,77.5934707313214,3,3,Moderate,7,35.513853970485734,35.271511469600036,29.80273073990004,42.40637186810002,5.207579205788146,0.0,0.0,0.3184857610133105,0.3052250712124916,-0.0593228559654638,-0.3576142321056261,0.0427126955638877,0.708219862528341,0.1323540627043385,920.3410905764212,5765.930584235476,26.36819221386762,Low,Historical support + V5
8416_1439,8416,1439,12.931189363995689,77.5888614007564,12.926697808120734,12.935680919870643,77.5842520701914,77.5934707313214,3,2,Limited,7,35.97862412287145,35.506790876300016,30.374531305700046,42.52678871270002,5.238166552042663,0.0,0.0,0.2874886904991754,0.2301415979166697,-0.0260616894736354,-0.3218380346888809,0.0399597915160676,0.7084130023368527,0.1356911630902801,921.2305231764356,4178.532087370007,27.318709982612422,Low,Limited historical support + V5
8416_1440,8416,1440,12.940172475745598,77.5888614007564,12.935680919870643,12.944664031620553,77.5842520701914,77.5934707313214,3,3,Moderate,7,35.59376483664288,35.22415480250003,30.001796224700012,42.39027299390006,5.091712730920587,0.0,0.0,0.359701503922984,0.3129823362626678,-0.0683568538166158,-0.3843505282341047,0.0735434520970582,0.6710784850618089,0.1377941000164822,918.4316132921942,2471.4473531608355,25.805848473843216,Low,Historical support + V5
8416_1441,8416,1441,12.94915558749551,77.5888614007564,12.944664031620553,12.953647143370464,77.5842520701914,77.5934707313214,1,1,Limited,7,35.19419097431431,35.4231348368,29.584387622300028,41.447224185800025,4.960095377050685,0.0,0.0,0.4145262626826676,0.4043766174292121,-0.1031039515139268,-0.4164358776721018,0.1610984950571029,0.4326364640924575,0.1285795619676843,907.778093035793,1879.5861389974364,24.22366485262868,Low,Limited historical support + V5
8416_1442,8416,1442,12.95813869924542,77.5888614007564,12.953647143370464,12.962630255120374,77.5842520701914,77.5934707313214,3,3,Moderate,7,37.28156113965718,36.51090261170005,31.230933306800033,43.79002054430002,4.994642192394313,0.2857142857142857,0.0,0.2230262646885226,0.1662405932603873,0.0316789787565127,-0.2603277605835105,0.033252474504326,0.7136007860290382,0.137159783211628,897.4537002880209,4434.6285476345165,41.41890943076006,Moderate,Historical support + V5
8416_1443,8416,1443,12.967121810995328,77.5888614007564,12.962630255120374,12.971613366870285,77.5842520701914,77.5934707313214,3,3,Moderate,7,35.80448332820003,35.56223116070003,30.05672380610001,42.632439710900044,5.314025786502616,0.0,0.0,0.3433268098129851,0.3457021275709214,-0.0629375022282784,-0.3651935175070748,0.1158043395333532,0.6097512571053003,0.1376914571400344,910.5878394437648,7561.988576898444,26.555613572384573,Low,Historical support + V5
8416_1444,8416,1444,12.97610492274524,77.5888614007564,12.971613366870285,12.980596478620194,77.5842520701914,77.5934707313214,2,2,Limited,7,35.429648606342866,34.907731601000016,29.472259476200023,42.61500780890002,5.268548452802824,0.0,0.0,0.4523968224941399,0.4601394652177794,-0.100693281082276,-0.4772878386125982,0.203337873507017,0.5263480276937226,0.147495507956697,922.5383035625612,9036.598440345077,23.08280650982558,Low,Limited historical support + V5
8416_1445,8416,1445,12.98508803449515,77.5888614007564,12.980596478620194,12.989579590370104,77.5842520701914,77.5934707313214,3,2,Limited,7,35.19293363124287,33.436615792999994,30.110608891400023,42.40121065790003,5.055422317648397,0.0,0.0,0.4745771892703214,0.4695039997235154,-0.1290792417574599,-0.4842065701231861,0.1456559632411476,0.5345971279353248,0.1383629826008407,937.0352195101186,6133.926891512995,17.234134965107618,Low,Limited historical support + V5
8416_1446,8416,1446,12.99407114624506,77.5888614007564,12.989579590370104,12.998562702120015,77.5842520701914,77.5934707313214,3,3,Moderate,7,35.72906227545717,35.231264284100014,30.145917038000007,42.47861172080005,5.289301302954039,0.0,0.0,0.3877048022738082,0.3461239819753307,-0.0764355406848414,-0.4124182214990214,0.0995326365404487,0.5856098843634112,0.1436077811496849,932.0830347831636,2979.4115031344104,24.97982607768175,Low,Historical support + V5
8416_1447,8416,1447,13.00305425799497,77.5888614007564,12.998562702120015,13.007545813869925,77.5842520701914,77.5934707313214,5,4,Moderate,7,35.51797268458573,35.308135553900016,29.589070309700006,42.10623553190001,5.009082490070385,0.0,0.0,0.4202187274416056,0.4239488394890706,-0.0823515574549944,-0.4631308950509269,0.1967040508244443,0.3867522226951473,0.1531015132840376,931.6499169906632,1451.327224018494,23.301174753018266,Low,Historical support + V5
8416_1448,8416,1448,13.01203736974488,77.5888614007564,13.007545813869925,13.016528925619834,77.5842520701914,77.5934707313214,8,3,Moderate,7,36.23441164957144,35.61746636390003,29.80582404800002,43.288306478600035,5.4466674595360525,0.2857142857142857,0.0,0.3841445160294778,0.3759960250716672,-0.047565990377802,-0.4246110433230547,0.1429468124466232,0.4471499430665639,0.1665263428933019,938.7803568071118,3835.340725865221,35.15229463915725,Low,Historical support + V5
8416_1449,8416,1449,13.021020481494787,77.5888614007564,13.016528925619834,13.025512037369744,77.5842520701914,77.5934707313214,6,5,High,7,36.49941562305717,35.84095360160002,29.98349272760004,43.19514834350003,5.259098447778116,0.2857142857142857,0.0,0.2688970656176666,0.2083948978197251,-0.0098580320991922,-0.3084431303879703,0.0398472494250431,0.7125034729553764,0.1429301918744232,923.9255492789828,6075.946773498044,38.706873300369566,Low,Strong historical support + V5
8416_1450,8416,1450,13.0300035932447,77.5888614007564,13.025512037369744,13.034495149119657,77.5842520701914,77.5934707313214,1,1,Limited,7,35.92806428274288,35.47030351280002,30.10848971900002,42.68386382180003,5.412723797975073,0.14285714285714285,0.0,0.3378829588397522,0.3187735664236393,-0.0426025909501926,-0.3831945449588743,0.0637046059393341,0.6599677093084656,0.1450671375563809,916.0187522398012,5187.448794704238,31.687149338130958,Low,Limited historical support + V5
8416_1451,8416,1451,13.03898670499461,77.5888614007564,13.034495149119657,13.043478260869565,77.5842520701914,77.5934707313214,5,3,Moderate,7,37.083462466228596,36.001532181200034,31.605462848300018,43.79073832850005,5.105111663525093,0.2857142857142857,0.0,0.3234892661384052,0.2808578721987154,-0.0033182852359021,-0.3765882438849302,0.0912247619418119,0.5021310206838249,0.1536560013363149,906.0719538541764,1979.4806814118288,37.25056052594489,Low,Historical support + V5
8416_1452,8416,1452,13.04796981674452,77.5888614007564,13.043478260869565,13.052461372619476,77.5842520701914,77.5934707313214,6,4,Moderate,7,35.3327745952143,35.22364209950001,29.51802676400001,42.487857464900046,5.188690432036063,0.0,0.0,0.3956808668972615,0.389431188125632,-0.1070208546110047,-0.4124202312775703,0.1725823786214483,0.2433293560627448,0.1312726334879588,895.8996838957105,516.9970773325964,21.52629009653356,Low,Historical support + V5
8416_1453,8416,1453,13.05695292849443,77.5888614007564,13.052461372619476,13.061444484369384,77.5842520701914,77.5934707313214,3,3,Moderate,7,36.29250578235716,35.85662522330003,30.87185321570001,43.10713432850002,5.302971520117201,0.2857142857142857,0.0,0.3432472327468622,0.2944637015755266,-0.033021524102955,-0.3902826020785833,0.0661868246026374,0.6378671213965587,0.1497165922190693,915.2570418912252,3126.860930647871,38.023693753830244,Low,Historical support + V5
8416_1454,8416,1454,13.06593604024434,77.5888614007564,13.061444484369384,13.070427596119297,77.5842520701914,77.5934707313214,2,2,Limited,7,36.42358440791431,36.07677989150003,30.802296508700053,43.0324335014,5.0928073804910285,0.14285714285714285,0.0,0.2840570934574035,0.2315177998601779,-0.0223844359788048,-0.343082761284353,0.0379111559208344,0.7127487507046382,0.1487045689111126,912.6771943270562,6289.023244791583,34.6601173416622,Low,Limited historical support + V5
8416_1455,8416,1455,13.074919151994251,77.5888614007564,13.070427596119297,13.079410707869206,77.5842520701914,77.5934707313214,2,2,Limited,7,36.11816234792859,35.73400375580004,30.227402634799997,43.48098026600002,5.418330445456176,0.14285714285714285,0.0,0.3696141633603502,0.3414630862350197,-0.0329566554603552,-0.434859898161641,0.1753423077871349,0.4968635201087691,0.1447686296329004,924.53017893011,8151.680385868592,31.11927935717351,Low,Limited historical support + V5
8416_1456,8416,1456,13.08390226374416,77.5888614007564,13.079410707869206,13.088393819619116,77.5842520701914,77.5934707313214,2,1,Limited,7,36.19450138318573,36.21594457580002,30.09939778580001,42.893422628000025,5.384238206819889,0.14285714285714285,0.0,0.329236013863065,0.2955484663216485,-0.030756600947076,-0.3995864829208317,0.0502988256564715,0.6596578679178601,0.1386361818113925,912.131876985324,7929.860308971949,34.69028491506426,Low,Limited historical support + V5
8416_1457,8416,1457,13.09288537549407,77.5888614007564,13.088393819619116,13.097376931369029,77.5842520701914,77.5934707313214,2,1,Limited,7,35.48942977614288,35.55346393940003,29.714477463500025,42.19710359360002,5.295931332386909,0.0,0.0,0.3334028849609894,0.3136770060435877,-0.1077360553796892,-0.3526571743413675,0.0714870580028844,0.5249825382961616,0.1368771122440348,907.581915671287,6389.505434751127,25.672579191139388,Low,Limited historical support + V5
8416_1458,8416,1458,13.101868487243982,77.5888614007564,13.097376931369029,13.106360043118936,77.5842520701914,77.5934707313214,1,1,Limited,7,35.701666845157156,35.37680357570003,30.1830538253,42.56930888150001,5.153632172583608,0.0,0.0,0.3779515036493077,0.382994695538555,-0.0620884347347002,-0.4245726901339206,0.1135287391627643,0.5696059859994731,0.1363377152526231,919.1692363375712,3539.700115702125,25.406564280977754,Low,Limited historical support + V5
8416_1459,8416,1459,13.110851598993891,77.5888614007564,13.106360043118936,13.115343154868846,77.5842520701914,77.5934707313214,3,2,Limited,7,35.04435718472858,34.19088735650002,29.698788751700004,41.93078856529999,5.30393748459536,0.0,0.0,0.2545197646146665,0.2229478500965246,-0.1315757937177529,-0.2620421039824112,0.0546814243787175,0.4277608973922554,0.1248714248824388,904.148797547188,1100.7527847287834,19.206802620385147,Low,Limited historical support + V5
8416_1460,8416,1460,13.119834710743802,77.5888614007564,13.115343154868846,13.124326266618755,77.5842520701914,77.5934707313214,1,1,Limited,7,34.92242420411431,33.85335788150002,30.015570845300022,41.813482118900026,5.095287464293011,0.0,0.0,0.3762218228492273,0.3647869243963982,-0.1750970771820963,-0.3578025490145406,0.1342777482183201,0.2591884195397235,0.1378354750436091,900.265757916665,1138.4249603075675,16.160245356893565,Low,Limited historical support + V5
8416_1461,8416,1461,13.128817822493712,77.5888614007564,13.124326266618755,13.133309378368669,77.5842520701914,77.5934707313214,5,4,Moderate,7,37.75114825880003,36.898916242100015,32.077440140000064,44.46619035080002,4.933527824671213,0.2857142857142857,0.14285714285714285,0.3213560061710073,0.2812562940070646,0.0219077888868733,-0.3982984697192062,0.0567601574241169,0.4645225853701016,0.1658295201027585,906.615815980664,4189.792059697679,42.63535624999852,High,Historical support + V5
8416_1462,8416,1462,13.13780093424362,77.5888614007564,13.133309378368669,13.142292490118576,77.5842520701914,77.5934707313214,5,4,Moderate,7,37.625562879671456,36.638497298299974,32.04167056070002,44.33299011140004,5.144207150780842,0.2857142857142857,0.14285714285714285,0.3603962722994707,0.3342911042123676,0.0269041035152259,-0.4306386100205432,0.0856700933735238,0.2753750506301254,0.1533273065389035,908.0735652260342,7446.640845912457,39.69393835040034,Low,Historical support + V5
8416_1463,8416,1463,13.146784045993533,77.5888614007564,13.142292490118576,13.151275601868488,77.5842520701914,77.5934707313214,0,0,Prediction Only,7,38.09615343182859,36.5161492724,32.26690098860002,44.5434888731,5.019898141613269,0.2857142857142857,0.2857142857142857,0.3109286741099371,0.2767145594206828,0.0490645858722104,-0.4094453777255102,0.0587501510207803,0.5674043528580068,0.1672147448269993,919.658829835572,9633.346977161762,44.263812578327624,Very High,V5 prediction only
8417_1424,8417,1424,12.796442687747035,77.5980800618864,12.79195113187208,12.80093424362199,77.5934707313214,77.60268939245141,0,0,Prediction Only,7,38.818368850614284,36.82765052509999,32.38783053620002,47.2988060654,5.686446116074768,0.2857142857142857,0.2857142857142857,0.366769344895547,0.3211739833512456,0.0724498301964998,-0.4405405566139296,0.1040714976758201,0.2994244959834831,0.1616991848932747,914.6774365063892,4443.700999019055,42.83990736165727,High,V5 prediction only
8417_1425,8417,1425,12.805425799496946,77.5980800618864,12.80093424362199,12.8099173553719,77.5934707313214,77.60268939245141,0,0,Prediction Only,7,37.78835096505718,36.64164187670003,31.957672719200033,44.35467744830001,5.147441320094169,0.2857142857142857,0.2857142857142857,0.2966579052111916,0.2135094184279821,0.0365540148249645,-0.3626771981835266,0.0444682519317807,0.5261226225151434,0.1592538367994482,917.8145613892048,4677.280228434751,44.35694934766402,Very High,V5 prediction only
8417_1426,8417,1426,12.814408911246856,77.5980800618864,12.8099173553719,12.81890046712181,77.5934707313214,77.60268939245141,2,2,Limited,7,37.793343715700026,36.58782515180002,32.149782533300026,44.570627951900036,5.303068520160679,0.2857142857142857,0.2857142857142857,0.3423831947678549,0.2864583740734992,0.030717511502695,-0.4145449789220122,0.0876542169600009,0.2990539774321417,0.162441348691669,921.6626144666736,5073.206167797801,41.869287631256306,Moderate,Limited historical support + V5
8417_1427,8417,1427,12.823392022996766,77.5980800618864,12.81890046712181,12.827883578871722,77.5934707313214,77.60268939245141,3,3,Moderate,7,36.877204490771454,35.93607709820002,31.586014314500012,43.449243950300044,5.140770385941731,0.2857142857142857,0.0,0.4283185884283463,0.4002269945708058,-0.0226108555150524,-0.4730890904071161,0.1402281218494154,0.4130812304824459,0.151489962435857,931.5109987097868,3235.974355136435,36.09616447621355,Low,Historical support + V5
8417_1428,8417,1428,12.832375134746677,77.5980800618864,12.827883578871722,12.836866690621632,77.5934707313214,77.60268939245141,4,4,Moderate,7,36.46158058310002,35.73725087480003,30.922371551300017,43.21297331780002,5.399699580350211,0.2857142857142857,0.0,0.4418231776650634,0.4109289601359223,-0.0200961013066951,-0.4890415538613064,0.2414160522058643,0.3030025319086633,0.1418717393512799,937.5320308096929,3696.432221266343,34.193761028192355,Low,Historical support + V5
8417_1429,8417,1429,12.841358246496586,77.5980800618864,12.836866690621632,12.84584980237154,77.5934707313214,77.60268939245141,4,3,Moderate,7,38.392925459771455,36.6217831805,32.44405696520006,46.531358034800036,5.281929366428635,0.2857142857142857,0.14285714285714285,0.2580244703567702,0.2011930771641027,0.0686278109469121,-0.3369535293885598,0.0340517796543663,0.66262959956458,0.1715998350208895,937.221407707796,4382.955199880745,43.499096793147686,High,Historical support + V5
8417_1430,8417,1430,12.850341358246496,77.5980800618864,12.84584980237154,12.854832914121452,77.5934707313214,77.60268939245141,4,3,Moderate,7,37.613336133842886,36.31484498450003,31.849287305000065,44.09326727870004,5.064336439057824,0.2857142857142857,0.0,0.3038738570930603,0.2539247052214443,0.0305364972266634,-0.3751593827689279,0.0379715546332026,0.6577379717353005,0.1540430246948594,926.6803954864369,2818.301850866488,40.06982709706145,Moderate,Historical support + V5
8417_1431,8417,1431,12.859324469996409,77.5980800618864,12.854832914121452,12.863816025871362,77.5934707313214,77.60268939245141,2,2,Limited,7,37.43320647984289,36.09827923730004,31.94227453910007,43.93046698610003,4.936521429449469,0.2857142857142857,0.0,0.2790639802273208,0.2360634210244235,0.0166059532809922,-0.3446178015112362,0.0333640705176449,0.6925369399189574,0.1553291980830488,918.8715312989774,2469.5271566378933,39.54467909537948,Low,Limited historical support + V5
8417_1432,8417,1432,12.868307581746317,77.5980800618864,12.863816025871362,12.872799137621271,77.5934707313214,77.60268939245141,2,2,Limited,7,36.7910801525429,35.87762895620003,31.430169692600053,43.55200672160003,4.9676088929593964,0.2857142857142857,0.0,0.3088795586772135,0.2791745327019997,-0.0099274716873551,-0.3737696813556742,0.0394767640261622,0.6602178523728378,0.1569511428752351,909.9616261627224,2096.207224352752,38.33188274075877,Low,Limited historical support + V5
8417_1433,8417,1433,12.877290693496228,77.5980800618864,12.872799137621271,12.881782249371184,77.5934707313214,77.60268939245141,8,5,High,7,37.26310139021432,36.009239816300024,31.66791007370003,43.59145067240002,4.794609304942772,0.2857142857142857,0.0,0.2825052321657343,0.242607767642828,0.0113239726962785,-0.3344322566027579,0.0418565527713323,0.6652018989431524,0.1560529836480537,915.796691120418,2501.391773176787,38.9123445212328,Low,Strong historical support + V5
8417_1434,8417,1434,12.886273805246136,77.5980800618864,12.881782249371184,12.890765361121092,77.5934707313214,77.60268939245141,7,4,Moderate,7,36.850851556571456,36.24151136540001,30.94217897720003,43.44298897370002,5.086656960159928,0.2857142857142857,0.0,0.2224978806716738,0.1773299761465257,-0.0033801582853137,-0.2689892527100718,0.0314752561265133,0.6781155794178148,0.151064616051652,912.9283784550364,5142.096459988593,39.97794078436802,Low,Historical support + V5
8417_1435,8417,1435,12.895256916996049,77.5980800618864,12.890765361121092,12.899748472871002,77.5934707313214,77.60268939245141,6,5,High,7,35.754980632828584,35.46233952620002,30.022133443700014,42.45041305580003,5.314168536144978,0.0,0.0,0.3669068447238177,0.3344308122383091,-0.0688455284288051,-0.4067334929854479,0.1123925017743843,0.6161863671562274,0.1409961077091027,908.2312001418176,6638.812128968121,26.217227160254417,Low,Strong historical support + V5
8417_1436,8417,1436,12.904240028745958,77.5980800618864,12.899748472871002,12.908731584620911,77.5934707313214,77.60268939245141,4,4,Moderate,7,36.14023299135717,35.75083750430002,30.418435772600038,42.831214664000036,5.351062017606212,0.2857142857142857,0.0,0.2731932239789912,0.2295163138360523,-0.024245401353188,-0.3110779782184176,0.035641664760888,0.7184712530488032,0.1344011706464273,898.9036963497452,5978.757193740347,38.40322605354552,Low,Historical support + V5
8417_1437,8417,1437,12.913223140495868,77.5980800618864,12.908731584620911,12.917714696370822,77.5934707313214,77.60268939245141,5,4,Moderate,7,36.02291189630002,35.670770385800026,30.345102153500036,42.80639983880003,5.379757131905373,0.2857142857142857,0.0,0.2743924662832637,0.2319478979304076,-0.0273496390776059,-0.3232734876421748,0.0369227018247338,0.7116602391653352,0.1340457143406212,912.9738586195298,6357.19765196649,38.01230577840367,Low,Historical support + V5
8417_1438,8417,1438,12.922206252245775,77.5980800618864,12.917714696370822,12.926697808120734,77.5934707313214,77.60268939245141,5,3,Moderate,7,36.03039980154288,35.56824687590003,30.30960601580003,42.709396431200005,5.335787961977105,0.2857142857142857,0.0,0.2636632406870304,0.2303483796419103,-0.0311111724704365,-0.2979294957106949,0.0369685373680019,0.7092800823287834,0.1326381733187198,905.807837462048,7252.745334157051,37.57515564916159,Low,Historical support + V5
8417_1439,8417,1439,12.931189363995689,77.5980800618864,12.926697808120734,12.935680919870643,77.5934707313214,77.60268939245141,4,2,Limited,7,35.7590871397143,35.512362248900004,30.074292428899998,42.66673954160003,5.161236053952786,0.14285714285714285,0.0,0.3263456881820119,0.302060145373931,-0.0528853021870344,-0.3526779713865338,0.0618541565374291,0.6498717918132157,0.1370627076332509,904.4402070010052,6901.521851142791,31.755760226241776,Low,Limited historical support + V5
8417_1440,8417,1440,12.940172475745598,77.5980800618864,12.935680919870643,12.944664031620553,77.5934707313214,77.60268939245141,1,1,Limited,7,35.76679965770003,35.37955508180002,30.02510712110001,42.597387915800034,5.361234671011967,0.0,0.0,0.3295013583773225,0.3088494370105909,-0.0531911180798848,-0.35597181993659,0.0785600355883363,0.6471927461674213,0.1345903197758057,910.830581384628,5256.781167288245,26.193525251268824,Low,Limited historical support + V5
8417_1441,8417,1441,12.94915558749551,77.5980800618864,12.944664031620553,12.953647143370464,77.5934707313214,77.60268939245141,4,3,Moderate,7,36.97017951765718,35.96263511360003,31.064321921900035,43.633509408500025,4.883260800929797,0.2857142857142857,0.0,0.2570574360302856,0.2125849146424235,-0.0054481700719919,-0.2927382871465686,0.0366277654236731,0.7002797477459513,0.137554928868367,896.5218045059447,4858.222433852254,39.075224771969516,Low,Historical support + V5
8417_1442,8417,1442,12.95813869924542,77.5980800618864,12.953647143370464,12.962630255120374,77.5934707313214,77.60268939245141,3,3,Moderate,7,36.34682544448575,36.04101031220004,30.21595226780002,43.24527360680005,5.298183931307966,0.2857142857142857,0.0,0.2638558035911468,0.2337075980402945,-0.0048354982464164,-0.3051182854913153,0.0468850905607553,0.7027304791758286,0.1364848721095939,898.725595960025,6337.172521654935,39.41572083442301,Low,Historical support + V5
8417_1443,8417,1443,12.967121810995328,77.5980800618864,12.962630255120374,12.971613366870285,77.5934707313214,77.60268939245141,3,3,Moderate,7,35.80284023715716,35.42368172000002,30.088819013900007,42.586621152800035,5.212841049000937,0.0,0.0,0.3290306624074278,0.2826628968978067,-0.0464962242393033,-0.3569733735716064,0.0452271585685979,0.697289327794161,0.1352958967069789,912.4066349130924,7988.211950002276,26.872398382785974,Low,Historical support + V5
8417_1444,8417,1444,12.97610492274524,77.5980800618864,12.971613366870285,12.980596478620194,77.5934707313214,77.60268939245141,3,2,Limited,7,35.3754143947143,33.9759109886,29.927488469900023,42.47290362740002,5.054504721207819,0.0,0.0,0.4623845009027794,0.4636626726178474,-0.1218904979967152,-0.4657658006069068,0.2073770517418376,0.5089438091855523,0.1425965053208138,920.9887797887226,7163.8041688465,19.151902025488134,Low,Limited historical support + V5
8417_1445,8417,1445,12.98508803449515,77.5980800618864,12.980596478620194,12.989579590370104,77.5934707313214,77.60268939245141,9,4,Moderate,7,35.74744145728574,35.34339243020001,30.05057137010001,42.66479127020003,5.31463548635057,0.14285714285714285,0.0,0.334380313749699,0.3065638702412354,-0.0448367425572582,-0.3655417633898892,0.0466321724640525,0.6982131844150787,0.149159656020589,923.1007567667298,6406.510035623969,31.557931074849733,Low,Historical support + V5
8417_1446,8417,1446,12.99407114624506,77.5980800618864,12.989579590370104,12.998562702120015,77.5934707313214,77.60268939245141,3,3,Moderate,7,35.69698415775716,35.44335242510002,30.1575895763,42.021024293300016,5.077391943975335,0.0,0.0,0.3731793791319078,0.386587784658245,-0.0667735494863738,-0.3946745797158219,0.090823881443484,0.6336674109672094,0.1493715127625667,927.2310819439532,5023.008976193924,26.315486464652963,Low,Historical support + V5
8417_1447,8417,1447,13.00305425799497,77.5980800618864,12.998562702120015,13.007545813869925,77.5934707313214,77.60268939245141,6,3,Moderate,7,35.9132569318143,35.44366004690002,30.13838030390001,42.766545725600025,5.328482770631316,0.14285714285714285,0.0,0.3374115550691407,0.3104752026429263,-0.0377085871775642,-0.3772713515274148,0.0647339450483557,0.6676806767269896,0.1465452633128454,927.0232413775988,4307.315081960348,31.656859374642146,Low,Historical support + V5
8417_1448,8417,1448,13.01203736974488,77.5980800618864,13.007545813869925,13.016528925619834,77.5934707313214,77.60268939245141,1,1,Limited,7,36.04000199630002,35.58132080240004,30.092561745800012,42.88079304410004,5.283246115828374,0.14285714285714285,0.0,0.3580264164180015,0.3511712071111895,-0.0372854177486773,-0.3994554376165412,0.1114942388925228,0.5720967016904301,0.1491006096334635,923.1044566466604,5695.476317563094,31.256032569410976,Low,Limited historical support + V5
8417_1449,8417,1449,13.021020481494787,77.5980800618864,13.016528925619834,13.025512037369744,77.5934707313214,77.60268939245141,5,5,High,7,36.25872353754288,35.61695366090003,30.61647585140002,42.497633002100045,4.887790546083423,0.0,0.0,0.2847716699225612,0.2858086239828654,-0.0228011216445339,-0.3437105583651119,0.0538848149876162,0.6945586131534877,0.1429641865932223,915.9768294845863,7714.170437338013,27.624314252707556,Low,Strong historical support + V5
8417_1450,8417,1450,13.0300035932447,77.5980800618864,13.025512037369744,13.034495149119657,77.5934707313214,77.60268939245141,6,4,Moderate,7,37.098411420842886,36.21633764810003,30.59094324200004,43.73369157470002,5.216042556069585,0.2857142857142857,0.0,0.2045121505355949,0.1533128263293924,0.0280688432198203,-0.2568353183402523,0.0293720072436254,0.7114417236570187,0.1472562263030985,903.5584038711248,5643.689400668819,40.2097082394004,Moderate,Historical support + V5
8417_1451,8417,1451,13.03898670499461,77.5980800618864,13.034495149119657,13.043478260869565,77.5934707313214,77.60268939245141,3,3,Moderate,7,37.28044051738574,36.131895464000046,31.692895799900047,43.85506546490001,4.851251749068954,0.2857142857142857,0.0,0.2404144862230536,0.1889841015227157,0.021191914229036,-0.3007868723869247,0.035776021204312,0.6939318078231083,0.160140321556438,897.3208330524097,2877.894090622857,39.69415979963258,Low,Historical support + V5
8417_1452,8417,1452,13.04796981674452,77.5980800618864,13.043478260869565,13.052461372619476,77.5934707313214,77.60268939245141,4,4,Moderate,7,37.31299471644288,35.88733613300001,31.756881134300038,44.28660758,4.909088192261145,0.2857142857142857,0.14285714285714285,0.2760079181812784,0.2250528966469906,0.004397173396015,-0.3393940004611407,0.0423151064952161,0.6594694245895152,0.1588045747263251,896.7936916285812,2104.295592375704,40.50639245902116,Moderate,Historical support + V5
8417_1453,8417,1453,13.05695292849443,77.5980800618864,13.052461372619476,13.061444484369384,77.5934707313214,77.60268939245141,4,2,Limited,7,36.49640044112859,35.86913517650003,30.76206641330003,43.2075728462,5.062203626166244,0.14285714285714285,0.0,0.2819500852404324,0.2392819151147824,-0.0266716725409621,-0.3384396069165567,0.0454448091110248,0.6888826370677015,0.1460274762310872,907.5019284196202,4008.66283533329,33.584285841123716,Low,Limited historical support + V5
8417_1454,8417,1454,13.06593604024434,77.5980800618864,13.061444484369384,13.070427596119297,77.5934707313214,77.60268939245141,5,3,Moderate,7,36.77333574585716,36.16698143930001,31.13129802380003,43.331578611800005,5.18261457594545,0.2857142857142857,0.0,0.2591688616869271,0.2207889951702829,-0.0085419895983033,-0.3281014345541511,0.0403261489488267,0.6615844705510474,0.147997553797061,906.415298588222,4906.130992922193,39.51214410243769,Low,Historical support + V5
8417_1455,8417,1455,13.074919151994251,77.5980800618864,13.070427596119297,13.079410707869206,77.5934707313214,77.60268939245141,3,3,Moderate,7,38.007653569700025,36.35979194750004,32.191465287200025,44.446605096200045,4.987211380485361,0.2857142857142857,0.2857142857142857,0.314952392268847,0.2787737661603036,0.0406560472389519,-0.4102249167344537,0.0981552282912603,0.3495093298050333,0.1465592537219929,915.8244130722476,5192.324640987001,41.45446961843319,Moderate,Historical support + V5
8417_1456,8417,1456,13.08390226374416,77.5980800618864,13.079410707869206,13.088393819619116,77.5934707313214,77.60268939245141,3,3,Moderate,7,36.75960262978573,36.33735264620002,31.29507245210003,43.55081041460003,5.076429426988546,0.2857142857142857,0.0,0.3745991902664152,0.3489917698596134,-0.0187417220343473,-0.4503812826419756,0.1547704980302247,0.4292749713438544,0.1420504644926676,913.3724351309444,4637.2796340729465,37.875942226448245,Low,Historical support + V5
8417_1457,8417,1457,13.09288537549407,77.5980800618864,13.088393819619116,13.097376931369029,77.5934707313214,77.60268939245141,1,1,Limited,7,37.419583228700034,36.38746081940002,31.77475737890005,43.69438434470001,4.881655419836955,0.2857142857142857,0.0,0.258441253739005,0.2160950430363848,0.0176506123998932,-0.3388879982856045,0.0383182789476608,0.653561386508097,0.1525295821221646,899.8761281164061,4864.880138391827,40.32082971206136,Moderate,Limited historical support + V5
8417_1458,8417,1458,13.101868487243982,77.5980800618864,13.097376931369029,13.106360043118936,77.5934707313214,77.60268939245141,8,4,Moderate,7,37.44068217787146,36.31684452620005,32.068570378100056,44.00862001340002,4.791471215444345,0.2857142857142857,0.0,0.2278372985690886,0.1894739589120253,0.0317222793803071,-0.3006165194680692,0.0392617682875857,0.631569181768469,0.1521633916944541,899.469626358963,2688.656933588232,39.816200837937075,Low,Historical support + V5
8417_1459,8417,1459,13.110851598993891,77.5980800618864,13.106360043118936,13.115343154868846,77.5934707313214,77.60268939245141,2,2,Limited,7,35.116765496985735,33.33289597610002,29.39403808850001,41.94052992230002,4.926492510631059,0.0,0.0,0.2160275576454792,0.2775136224392205,-0.2459064538317051,-0.1781638082838014,0.0680315329007313,0.2315733767823811,0.117270516835462,897.2515162807208,514.041554057287,13.785725688957514,Low,Limited historical support + V5
8417_1460,8417,1460,13.119834710743802,77.5980800618864,13.115343154868846,13.124326266618755,77.5934707313214,77.60268939245141,9,5,High,7,37.09802078998574,36.02231374280002,31.634516018300022,44.07462197960002,4.8838959523923045,0.2857142857142857,0.0,0.3601298193877362,0.3506076050183938,-0.0053306721303944,-0.4272202381476867,0.1829052300388507,0.2905123930604852,0.1499379596330491,905.3475696317548,1890.787707345908,35.21816018903899,Low,Strong historical support + V5
8417_1461,8417,1461,13.128817822493712,77.5980800618864,13.124326266618755,13.133309378368669,77.5934707313214,77.60268939245141,7,4,Moderate,7,38.706138163914304,36.955894635500016,32.400938642900016,47.45810288750002,5.648912612193163,0.2857142857142857,0.2857142857142857,0.3076562703645721,0.2992396875122914,0.0703018199950931,-0.4165730017635968,0.1170889541311882,0.2990094467000803,0.1609312907916719,919.7484934734932,4808.581732524456,43.352804310199886,High,Historical support + V5
8417_1462,8417,1462,13.13780093424362,77.5980800618864,13.133309378368669,13.142292490118576,77.5934707313214,77.60268939245141,5,4,Moderate,7,39.490351582614316,40.317500215400024,33.749877326000025,46.651227996200014,4.832609752911835,0.2857142857142857,0.14285714285714285,0.3520878339666339,0.3035281744395184,0.1092434213033025,-0.4303434367953883,0.1008965608264348,0.1421453698485415,0.1520887872316358,919.0050927700398,6148.708133026792,53.19444001707426,Very High,Historical support + V5
8417_1463,8417,1463,13.146784045993533,77.5980800618864,13.142292490118576,13.151275601868488,77.5934707313214,77.60268939245141,5,4,Moderate,7,38.21265420208574,36.527086936399996,32.33958518390003,44.76258395510004,5.038021640332648,0.2857142857142857,0.2857142857142857,0.3677708315002254,0.3450678571337919,0.050049446471371,-0.4499021326837853,0.164038175463106,0.2308988680876555,0.1498214494094169,916.341540460058,6586.749529505674,40.94285559342806,Moderate,Historical support + V5
8418_1424,8418,1424,12.796442687747035,77.60729872301643,12.79195113187208,12.80093424362199,77.60268939245141,77.61190805358143,0,0,Prediction Only,7,37.70339607795717,35.93575238630003,31.975241342000015,44.87112318020002,5.247297851406691,0.2857142857142857,0.2857142857142857,0.2470121955147807,0.1761948490672158,0.0302559341082981,-0.3066544353493983,0.0433548546537759,0.4786592496601423,0.1518735220928598,911.8982615321906,1781.9041093979258,41.03634979840284,Moderate,V5 prediction only
8418_1425,8418,1425,12.805425799496946,77.60729872301643,12.80093424362199,12.8099173553719,77.60268939245141,77.61190805358143,6,5,High,7,37.78446174658574,36.423777281900016,32.07475699430002,44.59607511080002,5.130050701127429,0.2857142857142857,0.14285714285714285,0.336724697414394,0.2824519843848908,0.0423022058035853,-0.406521028417763,0.0742794271300372,0.5096278392382294,0.1455209388084184,916.2722797367356,2047.6621834249163,41.170770067311125,Moderate,Strong historical support + V5
8418_1426,8418,1426,12.814408911246856,77.60729872301643,12.8099173553719,12.81890046712181,77.60268939245141,77.61190805358143,4,3,Moderate,7,37.70345955547146,36.314691173600025,31.977138343100055,44.413638293300025,5.108037469277696,0.2857142857142857,0.14285714285714285,0.3749996190924602,0.3284245909650647,0.0259362995234574,-0.4451659713165338,0.1266500110538414,0.4136119283508203,0.156323927347724,920.6634459976748,2779.541374910445,39.7708036798781,Low,Historical support + V5
8418_1427,8418,1427,12.823392022996766,77.60729872301643,12.81890046712181,12.827883578871722,77.60268939245141,77.61190805358143,3,2,Limited,7,37.026808784728594,35.725373255300035,31.748267723900025,44.03444315450004,5.422262543842212,0.2857142857142857,0.0,0.3684626590516315,0.3144387925754535,-0.0067910561143375,-0.4180358721700279,0.1193410864592333,0.3483607657509877,0.1514066430247187,920.6446715804632,1155.2576203059923,34.59945584372692,Low,Limited historical support + V5
8418_1428,8418,1428,12.832375134746677,77.60729872301643,12.827883578871722,12.836866690621632,77.60268939245141,77.61190805358143,2,2,Limited,7,38.69310574194288,36.65533104680001,32.55760358960004,46.95278281070004,5.797827544548326,0.2857142857142857,0.2857142857142857,0.2826986021638781,0.218037775260802,0.0684880639512733,-0.3537085986911039,0.0548074565528874,0.5016484338738494,0.1714843323766061,926.02887390358,1479.2084336648936,44.16739869266659,Very High,Limited historical support + V5
8418_1429,8418,1429,12.841358246496586,77.60729872301643,12.836866690621632,12.84584980237154,77.60268939245141,77.61190805358143,2,2,Limited,7,38.553716444900026,36.166280745200034,32.23034526470002,46.63977762920002,5.746397725429612,0.2857142857142857,0.2857142857142857,0.2940103687951747,0.22636938886829,0.0585810769491144,-0.3691905139134143,0.048882774765886,0.5474845441899874,0.1505115361613591,933.867569953312,1812.201096846465,42.65403410520559,High,Limited historical support + V5
8418_1430,8418,1430,12.850341358246496,77.60729872301643,12.84584980237154,12.854832914121452,77.60268939245141,77.61190805358143,0,0,Prediction Only,7,37.60029394610003,36.19704292520002,31.92704726000004,43.93622634980002,4.975490124490926,0.2857142857142857,0.0,0.3450306159148856,0.2992351141358271,0.0276887742590689,-0.4124160703749507,0.0622359159485959,0.5133595947677441,0.1523537681312949,925.2262660639911,2155.8597673466866,38.15109556440499,Low,V5 prediction only
8418_1431,8418,1431,12.859324469996409,77.60729872301643,12.854832914121452,12.863816025871362,77.60268939245141,77.61190805358143,3,3,Moderate,7,36.839069153342884,35.922336657800024,31.61387117750003,43.39901614640003,5.0346547223198925,0.2857142857142857,0.0,0.3136339665917526,0.2638862824028652,-0.0100027869183096,-0.3685158394651852,0.05112910443682,0.5952702337623428,0.1502197273137666,917.455534206366,1713.025266309607,37.862656568865035,Low,Historical support + V5
8418_1432,8418,1432,12.868307581746317,77.60729872301643,12.863816025871362,12.872799137621271,77.60268939245141,77.61190805358143,3,3,Moderate,7,36.79869745425718,36.09638223620002,31.203452426000027,43.437793583300035,5.104033318395341,0.2857142857142857,0.0,0.317101658099963,0.2898168289856445,-0.0279143277219476,-0.3849075864288374,0.0774892337539176,0.4381146988010299,0.1640076094997302,908.05959593453,918.5835718473372,36.99280846112006,Low,Historical support + V5
8418_1433,8418,1433,12.877290693496228,77.60729872301643,12.872799137621271,12.881782249371184,77.60268939245141,77.61190805358143,3,2,Limited,7,36.6592690941286,35.716298412200025,31.462863053900033,43.47002551190004,4.857910499904096,0.14285714285714285,0.0,0.273921035283694,0.2443820248155722,-0.0077634092002869,-0.3236709449580521,0.0430830586627382,0.6925699431064486,0.1539841139809072,899.1771098520032,1594.0643117226075,33.00496017173633,Low,Limited historical support + V5
8418_1434,8418,1434,12.886273805246136,77.60729872301643,12.881782249371184,12.890765361121092,77.60268939245141,77.61190805358143,2,2,Limited,7,36.68208681907145,36.103337906900016,30.699157755200012,42.8882614178,4.994393612192235,0.2857142857142857,0.0,0.2629083989489328,0.2344156351691076,-0.0105365651949846,-0.3125275542893945,0.0314514920643411,0.7340384837924192,0.1471946251942014,900.3841309243081,4663.901024124413,39.98008979566083,Moderate,Limited historical support + V5
8418_1435,8418,1435,12.895256916996049,77.60729872301643,12.890765361121092,12.899748472871002,77.60268939245141,77.61190805358143,2,2,Limited,7,35.897700057928596,35.49561395090002,30.20645017220001,42.54644232770005,5.256513530541442,0.0,0.0,0.3292073379498884,0.2958503249720607,-0.0361000576496785,-0.362483770822692,0.0530641665842459,0.6877520491426028,0.1375462660215183,899.715750655984,4117.035376973218,27.06703794711714,Low,Limited historical support + V5
8418_1436,8418,1436,12.904240028745958,77.60729872301643,12.899748472871002,12.908731584620911,77.60268939245141,77.61190805358143,1,1,Limited,7,36.82745765111431,36.01245275510003,31.15942832840005,42.9918786941,4.659402860173104,0.14285714285714285,0.0,0.2532466867291765,0.1999011261457852,-0.0128674390732971,-0.3069684441203305,0.0485271364259081,0.6733678874226138,0.1413488452407418,892.8182430659479,2677.3411163081964,34.006958153226094,Low,Limited historical support + V5
8418_1437,8418,1437,12.913223140495868,77.60729872301643,12.908731584620911,12.917714696370822,77.60268939245141,77.61190805358143,4,3,Moderate,7,35.877555712914315,35.32760117780002,30.12062369000003,42.83789689310002,5.45939952922475,0.2857142857142857,0.0,0.2710716066569317,0.2319945754134964,-0.0292255408548378,-0.314617039241394,0.0369641672257054,0.723603992956686,0.1312352410517065,907.4986737870838,3266.420350279009,36.74817287084261,Low,Historical support + V5
8418_1438,8418,1438,12.922206252245775,77.60729872301643,12.917714696370822,12.926697808120734,77.60268939245141,77.61190805358143,3,2,Limited,7,37.119732541314306,36.223310408900005,31.072576440200013,43.56436286390003,4.913505978642463,0.2857142857142857,0.0,0.1831705691787754,0.1342939250694666,0.0262276479350407,-0.2277611772521566,0.0306076148692422,0.639377245184944,0.1353855552011972,898.3931570287793,5018.865826849861,39.51717584221707,Low,Limited historical support + V5
8418_1439,8418,1439,12.931189363995689,77.60729872301643,12.926697808120734,12.935680919870643,77.60268939245141,77.61190805358143,3,3,Moderate,7,36.99338299057145,36.129605390600034,31.194753565100008,43.2668584031,4.935886841330892,0.2857142857142857,0.0,0.2375857252944644,0.1989565100960703,0.0106629788587882,-0.2799222840032883,0.0405713431614958,0.6911893813043674,0.1392060567824626,905.0910812372992,7510.496398319144,39.657502544420545,Low,Historical support + V5
8418_1440,8418,1440,12.940172475745598,77.60729872301643,12.935680919870643,12.944664031620553,77.60268939245141,77.61190805358143,3,3,Moderate,7,35.9483258170143,35.52191561480003,30.1892746217,42.61651173770003,5.291816505936551,0.0,0.0,0.3001927283684316,0.2593683893084281,-0.0364939532158784,-0.335260922425192,0.0557715232750973,0.6821460085389656,0.1415647746642849,906.6208737227026,7868.310327451722,27.117019120542217,Low,Historical support + V5
8418_1441,8418,1441,12.94915558749551,77.60729872301643,12.944664031620553,12.953647143370464,77.60268939245141,77.61190805358143,3,3,Moderate,7,36.27412415908573,35.63464191440003,31.109012533400005,43.00095353720005,4.999992563127525,0.14285714285714285,0.0,0.3473483206400224,0.3350862085326605,-0.0513916389719927,-0.3765347558989169,0.0949664849334907,0.5859194979357722,0.1513549572589514,892.8165989820722,7308.820412116831,31.60923761303369,Low,Historical support + V5
8418_1442,8418,1442,12.95813869924542,77.60729872301643,12.953647143370464,12.962630255120374,77.60268939245141,77.61190805358143,7,3,Moderate,7,35.71185986908572,35.800244983400006,29.68031435360001,42.347650284500034,5.137224366639304,0.0,0.0,0.4095841240815125,0.407305983849161,-0.0800123352506735,-0.438177840470386,0.1143991421433725,0.5249053998582223,0.1442674816818795,907.7779783585568,7827.312033313952,26.666765836274447,Low,Historical support + V5
8418_1443,8418,1443,12.967121810995328,77.60729872301643,12.962630255120374,12.971613366870285,77.60268939245141,77.61190805358143,2,1,Limited,7,36.250515406657165,35.512618600400025,30.43429538540001,43.625528331800005,5.31878864168394,0.14285714285714285,0.0,0.3044280778550947,0.2651478196560325,-0.0221610363124675,-0.3447637257829374,0.0516831055765854,0.6856884931618088,0.1381545201172756,911.2880997644932,6215.633275911343,32.114960783387254,Low,Limited historical support + V5
8418_1444,8418,1444,12.97610492274524,77.60729872301643,12.971613366870285,12.980596478620194,77.60268939245141,77.61190805358143,2,2,Limited,7,35.768669802928585,35.29841128700003,30.162494435,42.82601927360004,5.18804749163258,0.14285714285714285,0.0,0.3587043368268061,0.3625897498283764,-0.0601950691890823,-0.4014432808233856,0.092454673345781,0.6071991242443127,0.1474987376358393,919.6080237499036,4099.026564239566,30.46643801236082,Low,Limited historical support + V5
8418_1445,8418,1445,12.98508803449515,77.60729872301643,12.980596478620194,12.989579590370104,77.60268939245141,77.61190805358143,3,2,Limited,7,37.45726934064288,35.64335786540004,30.914749366700043,44.090925935000016,5.18071374522525,0.2857142857142857,0.0,0.2009982429516528,0.1273231221004813,0.0599821381227322,-0.2485460810861739,0.0312036703954543,0.72328358363257,0.1448161582544015,908.2127033219592,3660.808634280526,38.01801895442363,Low,Limited historical support + V5
8418_1446,8418,1446,12.99407114624506,77.60729872301643,12.989579590370104,12.998562702120015,77.60268939245141,77.61190805358143,7,5,High,7,36.77061841995717,35.868143950700045,30.803937158300023,43.37814913429998,5.073447019779711,0.2857142857142857,0.0,0.2672148583772177,0.2227999268671684,-0.0094633763664927,-0.3056262132729141,0.0441216395784063,0.7080292381634716,0.1501804098376669,920.1440495785672,5221.105805060815,38.77175548326487,Low,Strong historical support + V5
8418_1447,8418,1447,13.00305425799497,77.60729872301643,12.998562702120015,13.007545813869925,77.60268939245141,77.61190805358143,3,3,Moderate,7,35.8860494926143,35.60006864210002,30.116898048199985,42.82005482870003,5.317836995456718,0.14285714285714285,0.0,0.3859748544358784,0.3798060443002425,-0.0563616880783255,-0.4218639774817146,0.1564497948934201,0.4996187299114643,0.1469034060053919,914.7973385743528,7019.5255756354645,30.606839344583655,Low,Historical support + V5
8418_1448,8418,1448,13.01203736974488,77.60729872301643,13.007545813869925,13.016528925619834,77.60268939245141,77.61190805358143,1,1,Limited,7,37.92093840230003,36.26465136080003,32.15935298930002,46.26647857490004,5.5926441441392765,0.2857142857142857,0.14285714285714285,0.2601855935673381,0.1947540994395216,0.0533225102861062,-0.3185917329415136,0.0648387374861457,0.5308268870960601,0.1621964261455969,910.010205312296,8440.693571092777,40.741205545002366,Moderate,Limited historical support + V5
8418_1449,8418,1449,13.021020481494787,77.60729872301643,13.016528925619834,13.025512037369744,77.60268939245141,77.61190805358143,6,5,High,7,36.80895151425717,36.144952300400035,31.098758473400043,43.434324293,5.1224656096968255,0.2857142857142857,0.0,0.2936392122222254,0.2842225795223582,-0.0120783945300403,-0.3357658656400011,0.0485612934590599,0.6621232818751898,0.1512398612494906,906.927181073537,8281.651743290187,39.428716363875594,Low,Strong historical support + V5
8418_1450,8418,1450,13.0300035932447,77.60729872301643,13.025512037369744,13.034495149119657,77.60268939245141,77.61190805358143,4,4,Moderate,7,37.188327319828595,36.19371035570001,30.659491633100032,43.74283477820001,5.169294871800038,0.2857142857142857,0.0,0.197422450126272,0.1561721499071286,0.0260523073568185,-0.2561328936784423,0.0284210431502869,0.7216735070160492,0.1540478820383649,909.8932391538044,5104.0217701125885,40.22079861931492,Moderate,Historical support + V5
8418_1451,8418,1451,13.03898670499461,77.60729872301643,13.034495149119657,13.043478260869565,77.60268939245141,77.61190805358143,4,4,Moderate,7,37.28511832190003,35.91869646650002,31.882185747500042,43.8156386042,4.917353802302851,0.2857142857142857,0.0,0.245033786642078,0.2006196776322212,0.0176771730445867,-0.3012747207927198,0.0326302758973694,0.7026117999089806,0.1563425490541851,898.81446634595,1871.4477947673029,38.92139591036696,Low,Historical support + V5
8418_1452,8418,1452,13.04796981674452,77.60729872301643,13.043478260869565,13.052461372619476,77.60268939245141,77.61190805358143,6,4,Moderate,7,36.672806894771455,35.57638176350002,30.920645451200027,44.21371830350003,5.257525834502442,0.14285714285714285,0.14285714285714285,0.2899072059651326,0.2506357193480311,-0.0178245321787369,-0.3555412212626294,0.0573190067791434,0.5246614795953067,0.1511070010626246,895.5715537673327,934.437848203515,32.90462455014436,Low,Historical support + V5
8418_1453,8418,1453,13.05695292849443,77.60729872301643,13.052461372619476,13.061444484369384,77.60268939245141,77.61190805358143,2,2,Limited,7,37.24891660721431,36.037780283300016,30.956141588900028,44.03772445370001,5.146140940650375,0.2857142857142857,0.0,0.2592078461969572,0.204560340466333,0.0076017567221669,-0.3239516621503545,0.0297748071022039,0.7404652844084104,0.1599790920800668,904.617986459056,2387.699243761777,39.78004623663945,Low,Limited historical support + V5
8418_1454,8418,1454,13.06593604024434,77.60729872301643,13.061444484369384,13.070427596119297,77.60268939245141,77.61190805358143,3,3,Moderate,7,36.70070770374288,35.747761286300026,31.369089675200026,43.71437976170002,4.94704490188594,0.14285714285714285,0.0,0.2998289822122887,0.2533109895872708,-0.0301454812274939,-0.3476738432605752,0.042079538788792,0.6600118194318496,0.1552608835778171,893.246316289929,1792.287086186813,32.80622919346238,Low,Historical support + V5
8418_1455,8418,1455,13.074919151994251,77.60729872301643,13.070427596119297,13.079410707869206,77.60268939245141,77.61190805358143,2,2,Limited,7,37.52746814711433,36.34897391420006,32.177553945800064,43.80049677560001,4.890308083135906,0.2857142857142857,0.0,0.274766053825731,0.2360326979001277,0.0121516435649751,-0.3537967646000428,0.0331270162812515,0.7081638325041892,0.1605753262491131,897.5172865263025,2668.597269345804,40.711684817280975,Moderate,Limited historical support + V5
8418_1456,8418,1456,13.08390226374416,77.60729872301643,13.079410707869206,13.088393819619116,77.60268939245141,77.61190805358143,3,2,Limited,7,35.33379267688573,35.19173488280003,29.4711657098,42.08348860880002,5.38094053234761,0.0,0.0,0.2853165839095907,0.2874415285933306,-0.10253897769919,-0.3080995152343818,0.0468294762092408,0.4812349814126884,0.136457776559797,898.1673994116759,1366.8625413720215,23.776704615884604,Low,Limited historical support + V5
8418_1457,8418,1457,13.09288537549407,77.60729872301643,13.088393819619116,13.097376931369029,77.60268939245141,77.61190805358143,3,2,Limited,7,35.99837539558573,35.53369069370003,30.545825378000007,43.088865011600035,5.217495629170497,0.14285714285714285,0.0,0.3262217658465256,0.3268429230625331,-0.0757500137901641,-0.3652816877973723,0.075337511373752,0.4354167260417412,0.144927007278048,893.9013236337846,2791.490391543656,29.697200400994873,Low,Limited historical support + V5
8418_1458,8418,1458,13.101868487243982,77.60729872301643,13.097376931369029,13.106360043118936,77.60268939245141,77.61190805358143,1,1,Limited,7,37.85276843484288,36.47427852740002,32.12361759020004,44.53646484200003,4.9240916314548295,0.2857142857142857,0.14285714285714285,0.2712436021508182,0.2453238911665762,0.0338270154047257,-0.3623458382862887,0.0697939152787994,0.5453066359658103,0.1699924357906008,894.6720382409732,3729.089496388989,41.731166135502136,Moderate,Limited historical support + V5
8418_1459,8418,1459,13.110851598993891,77.60729872301643,13.106360043118936,13.115343154868846,77.60268939245141,77.61190805358143,5,5,High,7,37.29132691108574,36.06818357120003,31.780362931700033,43.84498230590002,4.771598664184055,0.2857142857142857,0.0,0.2749477524934612,0.2563691204488185,0.0094503199563651,-0.3482584304766388,0.0626635587712379,0.6114278131446625,0.151451586762923,909.079725139578,2829.842940672356,38.612249802014944,Low,Strong historical support + V5
8418_1460,8418,1460,13.119834710743802,77.60729872301643,13.115343154868846,13.124326266618755,77.60268939245141,77.61190805358143,3,2,Limited,7,37.24152391824289,36.262822720100026,31.713079208000018,44.03625470510005,4.819954538231346,0.2857142857142857,0.0,0.3228408422778716,0.294471865182046,0.0039296671066905,-0.3883366610782534,0.1001887899933077,0.4775028102299414,0.1520111979309216,914.544466960758,4061.603354157646,38.05773502204647,Low,Limited historical support + V5
8418_1461,8418,1461,13.128817822493712,77.60729872301643,13.124326266618755,13.133309378368669,77.60268939245141,77.61190805358143,2,2,Limited,7,36.88446778327146,36.29893410140004,31.610077175300034,44.153937133700055,5.156310011161999,0.2857142857142857,0.0,0.397783088374159,0.39929247606886,-0.0090805210191684,-0.458325024870359,0.1561207691027224,0.4157210043596746,0.1522519396198445,923.4650266514308,4821.959175156729,37.58550881350761,Low,Limited historical support + V5
8418_1462,8418,1462,13.13780093424362,77.60729872301643,13.133309378368669,13.142292490118576,77.60268939245141,77.61190805358143,6,3,Moderate,7,39.40214957651431,40.27007518790001,33.73541910140004,46.29095159810003,4.52611907076751,0.2857142857142857,0.14285714285714285,0.2938194658160393,0.2453175761056384,0.1045544534473506,-0.3814744875822523,0.0530395076840905,0.2945796773228935,0.1546567586630944,925.2284984206992,3087.213855748375,54.52757751481615,Very High,Historical support + V5
8418_1463,8418,1463,13.146784045993533,77.60729872301643,13.142292490118576,13.151275601868488,77.60268939245141,77.61190805358143,2,2,Limited,7,37.69235099047146,36.81936182660001,32.01133563320004,44.129002677800024,4.939298653226484,0.2857142857142857,0.0,0.3497769527401242,0.3167330845189454,0.0119148089500913,-0.4226557710555247,0.0820601127561975,0.5440242928872311,0.1673454074625608,929.1894434959768,3678.988898265165,40.9667731333244,Moderate,Limited historical support + V5
8419_1424,8419,1424,12.796442687747035,77.61651738414643,12.79195113187208,12.80093424362199,77.61190805358143,77.62112671471144,1,1,Limited,7,37.62929340435718,36.11577949970004,32.13894740990003,43.88714358260005,4.954041888397822,0.2857142857142857,0.0,0.3027649327382512,0.2647605242140978,0.0377951992171024,-0.3822571933197343,0.0524082000016155,0.5405935662273224,0.1650097517636576,917.1881920127028,2156.438414741124,38.09580193894947,Low,Limited historical support + V5
8419_1425,8419,1425,12.805425799496946,77.61651738414643,12.80093424362199,12.8099173553719,77.61190805358143,77.62112671471144,2,2,Limited,7,38.63724797081431,36.5820828782,32.18326203920004,47.117685185600024,5.649608999759117,0.2857142857142857,0.2857142857142857,0.3469844957549388,0.3009574577648615,0.0513216747377582,-0.4191483574292968,0.0973844580382682,0.3262414742007947,0.1535223815124142,905.70827913505,1975.8157472817013,42.118011220970665,Moderate,Limited historical support + V5
8419_1426,8419,1426,12.814408911246856,77.61651738414643,12.8099173553719,12.81890046712181,77.61190805358143,77.62112671471144,2,2,Limited,7,38.925731300257155,36.6687296852,32.35429976000002,47.812842093200004,5.976808073579811,0.2857142857142857,0.2857142857142857,0.3276226884129003,0.298082516074514,0.0651920912935632,-0.410404353137084,0.1393719147719392,0.2883531638325739,0.1515884008752718,911.5995016322794,2138.505887859894,42.088465874188664,Moderate,Limited historical support + V5
8419_1427,8419,1427,12.823392022996766,77.61651738414643,12.81890046712181,12.827883578871722,77.61190805358143,77.62112671471144,1,1,Limited,7,36.073132375871445,35.24842274450003,30.038112687200012,43.702006529300014,5.717234889839699,0.2857142857142857,0.0,0.3204685150631864,0.2872828513802711,-0.0423186490429675,-0.3595474749700323,0.0616389233411916,0.4686675438692001,0.1499204925790404,917.3345338277112,1234.3891555143066,33.87958119501344,Low,Limited historical support + V5
8419_1428,8419,1428,12.832375134746677,77.61651738414643,12.827883578871722,12.836866690621632,77.61190805358143,77.62112671471144,9,3,Moderate,7,37.91346270427146,36.69585167390003,32.00217533960004,44.46265270010002,5.190186659305233,0.2857142857142857,0.2857142857142857,0.3221740416419029,0.2657831391099777,0.037463051234037,-0.3955761018472289,0.0604761039319188,0.5006784762643572,0.1633612733045116,925.625352721808,2491.026110365336,44.321067917678334,Very High,Historical support + V5
8419_1429,8419,1429,12.841358246496586,77.61651738414643,12.836866690621632,12.84584980237154,77.61190805358143,77.62112671471144,0,0,Prediction Only,7,38.180170804871466,36.01043612330004,32.21118726260006,46.45325627780003,5.479567199062488,0.2857142857142857,0.14285714285714285,0.2917881424998008,0.250166280556952,0.0531663591486146,-0.3686365388548202,0.0336558399151006,0.657316532784597,0.1605450861551093,939.3276711765373,2566.225668667505,40.98117120624863,Moderate,V5 prediction only
8419_1430,8419,1430,12.850341358246496,77.61651738414643,12.84584980237154,12.854832914121452,77.61190805358143,77.62112671471144,4,3,Moderate,7,38.74546004257145,36.455581958000025,32.38104576650004,46.91979891770001,5.788308304284412,0.2857142857142857,0.2857142857142857,0.2710799770569078,0.2148766947637174,0.0693400997434967,-0.3490492546961858,0.0577423138364141,0.5380893395953581,0.1657333468357188,922.0627610167684,3412.0119869948485,43.72647053042425,High,Historical support + V5
8419_1431,8419,1431,12.859324469996409,77.61651738414643,12.854832914121452,12.863816025871362,77.61190805358143,77.62112671471144,5,3,Moderate,7,37.55685335334289,36.11600167100003,31.869692884400028,44.02430872520003,5.0307745700143816,0.2857142857142857,0.0,0.319709295925019,0.2863898891083921,0.01366979960097,-0.3784471374562692,0.0745124473902109,0.4763013926562628,0.1501479913922875,917.983785661619,2454.991627936088,37.45377594107703,Low,Historical support + V5
8419_1432,8419,1432,12.868307581746317,77.61651738414643,12.863816025871362,12.872799137621271,77.61190805358143,77.62112671471144,2,2,Limited,7,36.79276474811432,36.161204985500035,31.34475337280004,43.06049544560002,4.934451642754256,0.2857142857142857,0.0,0.3111767458608566,0.2763720999757618,-0.0105347872728316,-0.3609051577614647,0.0363556379955934,0.6754807965193151,0.1549085510979936,913.390666212882,3092.548127517199,39.62781817832712,Low,Limited historical support + V5
8419_1433,8419,1433,12.877290693496228,77.61651738414643,12.872799137621271,12.881782249371184,77.61190805358143,77.62112671471144,3,3,Moderate,7,37.253611501828594,36.05832258350002,31.863335367200047,43.48038211250003,4.686057784842277,0.2857142857142857,0.0,0.229806990569281,0.1946921200944641,0.0122683614353124,-0.2837786457252431,0.0299888595210671,0.7155672281747006,0.1540140787709108,906.5778727176044,3291.925064409493,39.61388697288108,Low,Historical support + V5
8419_1434,8419,1434,12.886273805246136,77.61651738414643,12.881782249371184,12.890765361121092,77.61190805358143,77.62112671471144,1,1,Limited,7,37.26984221394288,36.21596166590003,31.544399921000036,43.63350940850001,4.885636502305798,0.2857142857142857,0.0,0.2446675684872711,0.2086657934333587,0.011438332476161,-0.2995670134275005,0.0304682923286485,0.7142031034642253,0.1448293019485443,901.9350796701168,4773.522701179105,40.235806173438576,Moderate,Limited historical support + V5
8419_1435,8419,1435,12.895256916996049,77.61651738414643,12.890765361121092,12.899748472871002,77.61190805358143,77.62112671471144,2,2,Limited,7,36.54530010011432,35.77534470770004,30.97719659210004,43.04272174160003,4.954712207941091,0.14285714285714285,0.0,0.2661830171818358,0.2167917412935619,-0.0171253469013716,-0.3127780432103708,0.0374035948739234,0.7063738516770045,0.1409355203574945,897.7933378726302,2865.2265924355,33.38105881367275,Low,Limited historical support + V5
8419_1436,8419,1436,12.904240028745958,77.61651738414643,12.899748472871002,12.908731584620911,77.61190805358143,77.62112671471144,5,4,Moderate,7,34.65993491677145,33.31363543340003,29.64107548400003,40.90401535729998,4.580478662614992,0.0,0.0,0.3287570700855304,0.3276931674729629,-0.2291372083746705,-0.2850493640537568,0.1025379668274776,0.3169409981868627,0.1068950070732498,888.846627420385,436.717207421504,14.56174832272101,Low,Historical support + V5
8419_1437,8419,1437,12.913223140495868,77.61651738414643,12.908731584620911,12.917714696370822,77.61190805358143,77.62112671471144,1,1,Limited,7,35.18018441664288,33.93691138040001,29.727961552400014,41.51754994730005,4.824708425958052,0.0,0.0,0.320701408184064,0.2106710757499401,-0.1309902271122379,-0.3159973048051879,0.0359227965566367,0.5548345623043434,0.115950434962936,890.9059442976924,813.5749470413716,19.453573114615693,Low,Limited historical support + V5
8419_1438,8419,1438,12.922206252245775,77.61651738414643,12.917714696370822,12.926697808120734,77.61190805358143,77.62112671471144,4,3,Moderate,7,37.10587491165716,35.832391461500016,30.73492733450001,43.606848852500015,5.040438104031341,0.2857142857142857,0.0,0.2079202609323066,0.1545349078217144,0.0138176528152269,-0.2495226480351674,0.03337705244659,0.710160611351328,0.1329621816267706,892.5763425228272,3459.8219478377305,38.64892432610284,Low,Historical support + V5
8419_1439,8419,1439,12.931189363995689,77.61651738414643,12.926697808120734,12.935680919870643,77.61190805358143,77.62112671471144,1,1,Limited,7,35.88707734005716,35.53618584830001,30.069661011799997,42.689178842900034,5.325232175514054,0.14285714285714285,0.0,0.3327458367090341,0.3048174286363302,-0.0458710505754855,-0.3635280876431322,0.068590290450916,0.6384346395969883,0.1387161185456362,902.9579578940666,6563.897019433708,31.737439361499412,Low,Limited historical support + V5
8419_1440,8419,1440,12.940172475745598,77.61651738414643,12.935680919870643,12.944664031620553,77.61190805358143,77.62112671471144,2,2,Limited,7,35.970433082085734,35.62631903570003,30.125989981399997,42.66704716340003,5.318766412589595,0.14285714285714285,0.0,0.3349451270161393,0.2992049477994857,-0.0444752862972871,-0.3678860785788734,0.0781848314373117,0.6265553286855317,0.1411903829088505,898.261640979083,6105.839381703779,31.98204020305389,Low,Limited historical support + V5
8419_1441,8419,1441,12.94915558749551,77.61651738414643,12.944664031620553,12.953647143370464,77.61190805358143,77.62112671471144,3,2,Limited,7,37.15188390230002,36.284680958000024,31.452318462200022,43.94490812060002,5.141764360421687,0.2857142857142857,0.0,0.3071491338900599,0.2451524522879085,-0.0019981837120706,-0.3498285297461099,0.0851395419126483,0.5485374101757257,0.1441583850500906,886.7039263673142,4855.579621358167,38.85620784420162,Low,Limited historical support + V5
8419_1442,8419,1442,12.95813869924542,77.61651738414643,12.953647143370464,12.962630255120374,77.61190805358143,77.62112671471144,5,3,Moderate,7,36.40599625357145,35.31963719120003,30.885012592700033,42.905317337600025,4.9939791042907355,0.14285714285714285,0.0,0.3258856462256124,0.2806741710483519,-0.0393561553647004,-0.3555333999006771,0.0534076840455155,0.6821692757233513,0.1445418349914201,896.4635391355258,5489.111659005851,31.301716942155164,Low,Historical support + V5
8419_1443,8419,1443,12.967121810995328,77.61651738414643,12.962630255120374,12.971613366870285,77.61190805358143,77.62112671471144,3,2,Limited,7,35.508912490142876,35.493306787400016,29.858632457000013,42.11517365420003,5.221416255143867,0.0,0.0,0.4062862815238087,0.413447606111864,-0.0905403915426951,-0.4309920510080146,0.1053754712612885,0.6226750652442588,0.1330721760844458,906.9034771629402,4676.43607276854,26.40696621519846,Low,Limited historical support + V5
8419_1444,8419,1444,12.97610492274524,77.61651738414643,12.971613366870285,12.980596478620194,77.61190805358143,77.62112671471144,13,6,Very High,7,35.409055035842876,35.290789102400005,29.70176242910002,42.04370285600004,5.312580709917744,0.0,0.0,0.3631546472042086,0.3673478801283854,-0.0858002993411416,-0.3987029550842625,0.0699272519377418,0.6439106080776142,0.1418153668038445,911.176183737812,1700.012661717693,25.802822152552224,Low,Strong historical support + V5
8419_1445,8419,1445,12.98508803449515,77.61651738414643,12.980596478620194,12.989579590370104,77.61190805358143,77.62112671471144,8,5,High,7,35.47152667567144,35.44195103690002,29.848549298,42.746857930400026,5.500634213441511,0.14285714285714285,0.0,0.3226928014566968,0.2871943997892149,-0.0665738204134439,-0.3494520746072269,0.0613216015108631,0.5131014906745754,0.1346233383389179,901.9874446269038,921.257403013212,30.104177223054887,Low,Strong historical support + V5
8419_1446,8419,1446,12.99407114624506,77.61651738414643,12.989579590370104,12.998562702120015,77.61190805358143,77.62112671471144,7,4,Moderate,7,35.842325692485744,35.40519023180001,29.946270489800018,42.56859109730005,5.301731657696247,0.0,0.0,0.3570320818921509,0.3239081559300892,-0.0655221381243199,-0.3792844687487838,0.0788738629071882,0.6457730010867901,0.1420980973263028,908.1695929457184,3491.740675634891,26.282682166409284,Low,Historical support + V5
8419_1447,8419,1447,13.00305425799497,77.61651738414643,12.998562702120015,13.007545813869925,77.61190805358143,77.62112671471144,4,4,Moderate,7,36.239699814800026,35.69288497520004,30.35614235810002,42.820704252500015,5.185471817968222,0.14285714285714285,0.0,0.2999675200979965,0.2836774141085518,-0.0293346907756443,-0.3392470187472655,0.0407834208289829,0.6985338335762319,0.1486989244086141,915.4707340953116,6679.665878975337,32.97020208886946,Low,Historical support + V5
8419_1448,8419,1448,13.01203736974488,77.61651738414643,13.007545813869925,13.016528925619834,77.61190805358143,77.62112671471144,5,4,Moderate,7,37.80855146325717,35.83555313000004,31.460897692400035,46.01576680790001,5.46414493499868,0.2857142857142857,0.14285714285714285,0.1861029224192792,0.1356311422495856,0.0608991384212621,-0.2384303230300578,0.0292646951323551,0.6444016094074821,0.1554343027891079,913.3829856688182,9784.698284929524,40.14693848798838,Moderate,Historical support + V5
8419_1449,8419,1449,13.021020481494787,77.61651738414643,13.016528925619834,13.025512037369744,77.61190805358143,77.62112671471144,1,1,Limited,7,37.93931270124288,35.878363830500035,31.811244742400046,46.2307944461,5.370225923654835,0.2857142857142857,0.14285714285714285,0.1844353168387174,0.146347134283647,0.0564957898523977,-0.2399099238885457,0.0306784469953189,0.617858544286387,0.1627675392127779,900.4933195206239,8572.800362228802,40.05410962790859,Moderate,Limited historical support + V5
8419_1450,8419,1450,13.0300035932447,77.61651738414643,13.025512037369744,13.034495149119657,77.61190805358143,77.62112671471144,4,4,Moderate,7,37.7704844862286,35.927890940300045,31.791078424400062,44.64996019609999,4.900497573328153,0.2857142857142857,0.14285714285714285,0.1848559376021239,0.1407025906692756,0.0564686097009514,-0.2454434698588487,0.029783609472978,0.6293998136099787,0.1547243847028102,896.4942905083026,5398.912790938864,40.369202956153764,Moderate,Historical support + V5
8419_1451,8419,1451,13.03898670499461,77.61651738414643,13.034495149119657,13.043478260869565,77.61190805358143,77.62112671471144,4,3,Moderate,7,37.54191660594289,35.947168573100036,31.95842468360006,44.596485273199995,4.930753309972554,0.2857142857142857,0.14285714285714285,0.2101786073645726,0.1621382765464576,0.0445338553938627,-0.2725459931297427,0.0301477838758701,0.6924838324780658,0.1649804642522892,893.6537966264023,2601.486219114768,41.0777656280266,Moderate,Historical support + V5
8419_1452,8419,1452,13.04796981674452,77.61651738414643,13.043478260869565,13.052461372619476,77.61190805358143,77.62112671471144,5,4,Moderate,7,37.35930400455717,35.950569503000025,31.666303604300037,44.44445174360001,5.062939245665176,0.2857142857142857,0.14285714285714285,0.25062305324794,0.2034011054600838,0.009204773431393,-0.3106038377290527,0.0351809088430437,0.6363381739583882,0.1610135437305546,884.9685643028706,2007.30511055272,40.53002072204538,Moderate,Historical support + V5
8419_1453,8419,1453,13.05695292849443,77.61651738414643,13.052461372619476,13.061444484369384,77.61190805358143,77.62112671471144,0,0,Prediction Only,7,36.347841084714304,35.43311545520002,30.848901211400012,43.65044569760002,5.347030483848215,0.2857142857142857,0.0,0.3303683509904585,0.3112260875609105,-0.0413413758560761,-0.3669809017874783,0.0670896535963504,0.453533294604718,0.1388085415301836,888.2562788931994,1094.4884876364206,34.47287245755996,Low,V5 prediction only
8419_1454,8419,1454,13.06593604024434,77.61651738414643,13.061444484369384,13.070427596119297,77.61190805358143,77.62112671471144,1,1,Limited,7,35.50511604650003,35.13521792210004,29.824281356000018,42.3767034545,5.205569426242968,0.0,0.0,0.3158205510504447,0.292696240045651,-0.1124327456970803,-0.3249819515588402,0.0395289073163649,0.5767573207474932,0.1311844104427387,892.6427679160784,1089.7460398373605,24.504066083775317,Low,Limited historical support + V5
8419_1455,8419,1455,13.074919151994251,77.61651738414643,13.070427596119297,13.079410707869206,77.61190805358143,77.62112671471144,1,1,Limited,7,37.481825372900026,36.27160703150004,31.723469988800044,43.822286653099994,4.89100700635944,0.2857142857142857,0.0,0.301595561252462,0.2774709843698156,0.0030158435844315,-0.3891700448726831,0.0402702704146616,0.6916169687288319,0.1508296885349777,894.7812647500343,2639.153905029954,40.23429270309987,Moderate,Limited historical support + V5
8419_1456,8419,1456,13.08390226374416,77.61651738414643,13.079410707869206,13.088393819619116,77.61190805358143,77.62112671471144,4,3,Moderate,7,37.32714531924289,36.01525553150002,31.99099841420002,43.830917153600005,4.961960479803256,0.2857142857142857,0.0,0.2713211397949558,0.2560759943736441,0.0106969657019943,-0.3354138271071621,0.0425627957592228,0.5761507927146582,0.1493084925657636,897.9590845382784,1359.9594857452626,38.04608728349001,Low,Historical support + V5
8419_1457,8419,1457,13.09288537549407,77.61651738414643,13.088393819619116,13.097376931369029,77.61190805358143,77.62112671471144,3,2,Limited,7,37.911900180842885,36.154300585100025,32.38412198450006,45.358737913400006,5.174445446192323,0.2857142857142857,0.14285714285714285,0.2706035952595235,0.2468791269538148,0.0458127664637457,-0.3618711063799894,0.0347462655601857,0.7025205583789436,0.1655077687341928,905.3047996849168,2828.580103795279,42.0132361638855,Moderate,Limited historical support + V5
8419_1458,8419,1458,13.101868487243982,77.61651738414643,13.097376931369029,13.106360043118936,77.61190805358143,77.62112671471144,0,0,Prediction Only,7,37.49036554001432,36.28510821050003,31.955023753700058,43.78313323400002,4.826306813524064,0.2857142857142857,0.0,0.2942781692754918,0.275710526364286,0.0197974371901792,-0.3753160392853063,0.0393795738789052,0.6805330864612362,0.1558885130119754,905.7477512640816,2380.9155846710523,40.17788717982252,Moderate,V5 prediction only
8419_1459,8419,1459,13.110851598993891,77.61651738414643,13.106360043118936,13.115343154868846,77.61190805358143,77.62112671471144,5,4,Moderate,7,36.938208823442885,35.982579260300014,31.677155817800035,44.130181894700044,5.297267964054114,0.2857142857142857,0.0,0.2697327211061849,0.24245328935401,-0.017442937554682,-0.3218662083975608,0.0516613424882358,0.4197624627815297,0.1572282577966246,899.5942045442462,1521.467951782322,36.35046161903185,Low,Historical support + V5
8419_1460,8419,1460,13.119834710743802,77.61651738414643,13.115343154868846,13.124326266618755,77.61190805358143,77.62112671471144,0,0,Prediction Only,7,36.5772024339286,36.03654979610003,30.906870830600013,43.313428925600036,5.04394672093403,0.14285714285714285,0.0,0.281024978186504,0.251426071925426,-0.0202184600836897,-0.3242382996934509,0.0580134349660176,0.6188928746771581,0.1429425466035904,910.196496956578,4167.932826860212,33.559361129761555,Low,V5 prediction only
8419_1461,8419,1461,13.128817822493712,77.61651738414643,13.124326266618755,13.133309378368669,77.61190805358143,77.62112671471144,5,3,Moderate,7,36.608841091914314,36.05702373590003,31.35929704790002,43.25991982250006,4.998554714973834,0.2857142857142857,0.0,0.3911570714019321,0.3837848856684371,-0.0205585939816239,-0.4462649212794347,0.1562896658390126,0.4744582372799842,0.1410199320517802,925.843077534736,4174.465882618911,37.19756044272599,Low,Historical support + V5
8419_1462,8419,1462,13.13780093424362,77.61651738414643,13.133309378368669,13.142292490118576,77.61190805358143,77.62112671471144,1,1,Limited,7,38.63960152172859,36.54034885400004,32.04560128370004,47.421017370500024,5.899923049761923,0.2857142857142857,0.2857142857142857,0.2871674439676823,0.2356169633741484,0.0589812706206996,-0.3598381365489648,0.0617558064550026,0.3278281439968019,0.1474477730695772,920.1788765337024,1276.852599017814,41.9656170111695,Moderate,Limited historical support + V5
8419_1463,8419,1463,13.146784045993533,77.61651738414643,13.142292490118576,13.151275601868488,77.61190805358143,77.62112671471144,2,2,Limited,7,37.7538216387286,36.25557651770002,32.43628096970004,43.867148165600014,4.645135274215419,0.2857142857142857,0.0,0.2420466995461175,0.2033667966887268,0.0455130386211783,-0.3241691580511331,0.049826583492845,0.5582084132839722,0.1742717618256471,927.3221334544776,2288.145943253782,38.83557621847913,Low,Limited historical support + V5
8420_1424,8420,1424,12.796442687747035,77.62573604527645,12.79195113187208,12.80093424362199,77.62112671471144,77.63034537584146,2,2,Limited,7,36.78888773685717,36.05416968920002,31.574871569299994,43.777356780200044,5.211961561759744,0.2857142857142857,0.0,0.3903556356115645,0.3567742828129713,-0.0232433713964836,-0.436799994938653,0.153446526569029,0.363682357566982,0.1472771458641345,901.7770006558072,3062.8157401080234,36.078294859520526,Low,Limited historical support + V5
8420_1425,8420,1425,12.805425799496946,77.62573604527645,12.80093424362199,12.8099173553719,77.62112671471144,77.63034537584146,4,3,Moderate,7,37.62527478941431,36.595276435399995,31.96698682370005,44.164481725400016,4.800306741214285,0.2857142857142857,0.0,0.3405912764602257,0.2857478507239279,0.0357423341778256,-0.4127868965113327,0.0679619164047443,0.5784112684944571,0.1589218558017953,905.2888569027936,4177.52781135566,40.40718792520029,Moderate,Historical support + V5
8420_1426,8420,1426,12.814408911246856,77.62573604527645,12.8099173553719,12.81890046712181,77.62112671471144,77.63034537584146,7,4,Moderate,7,38.70684618234288,36.65447654180002,32.456994170900025,46.64292220760004,5.662346089253023,0.2857142857142857,0.2857142857142857,0.2894313405141914,0.2387548992865942,0.0712486140597841,-0.3796897617233197,0.0585332439372936,0.4773914392780603,0.1679700230957698,915.4880427886347,4397.240190156874,43.9213836011772,High,Historical support + V5
8420_1427,8420,1427,12.823392022996766,77.62573604527645,12.81890046712181,12.827883578871722,77.62112671471144,77.63034537584146,1,1,Limited,7,38.66925528667145,36.315648219200014,32.35144571330004,46.80835437560001,5.687221657574214,0.2857142857142857,0.2857142857142857,0.2781559518363072,0.2189903520387238,0.0712289666377342,-0.3610613996048033,0.0487020821574341,0.5818383084178886,0.1667000306685209,921.0502385391328,3267.682041772192,43.599783186401226,High,Limited historical support + V5
8420_1428,8420,1428,12.832375134746677,77.62573604527645,12.827883578871722,12.836866690621632,77.62112671471144,77.63034537584146,7,5,High,7,38.67356443331431,36.4938125117,32.17464862880004,46.88156836400004,5.869977239331926,0.2857142857142857,0.2857142857142857,0.2784289457395826,0.2254126441520971,0.0580103554353088,-0.3604305046692035,0.0443328941799395,0.4893896113393378,0.1653318242134373,928.8196846821294,1936.460019245387,43.39360905894594,High,Strong historical support + V5
8420_1429,8420,1429,12.841358246496586,77.62573604527645,12.836866690621632,12.84584980237154,77.62112671471144,77.63034537584146,2,2,Limited,7,38.87670956912859,36.73206559580002,32.60714778950003,47.124760486999996,5.804888162127885,0.2857142857142857,0.2857142857142857,0.2590618725029231,0.2029650504383965,0.0684400254374938,-0.3412592346869865,0.0330513630946077,0.5637613444611186,0.1704092735145554,936.7935380961674,3299.55521529538,45.097901867273436,Very High,Limited historical support + V5
8420_1430,8420,1430,12.850341358246496,77.62573604527645,12.84584980237154,12.854832914121452,77.62112671471144,77.63034537584146,6,4,Moderate,7,38.86565471587146,36.621219207200014,32.45586622430004,47.10555121460003,5.844766537089648,0.2857142857142857,0.2857142857142857,0.2301967242138886,0.1789538738260688,0.077053809391478,-0.3196309816400218,0.0333296746963318,0.5362508133269847,0.1746755772965114,923.6660757905056,2345.0889510376883,44.37589227757809,Very High,Historical support + V5
8420_1431,8420,1431,12.859324469996409,77.62573604527645,12.854832914121452,12.863816025871362,77.62112671471144,77.63034537584146,7,3,Moderate,7,37.71090595618575,36.16843409780003,31.94683759580003,44.41654361030003,5.174101577077591,0.2857142857142857,0.2857142857142857,0.3277439657973987,0.2898441884854146,0.031357875732951,-0.3862882594210788,0.0705742079672086,0.3820951645673692,0.1514242143285564,906.309122436244,1246.0898105911986,41.00882207571893,Moderate,Historical support + V5
8420_1432,8420,1432,12.868307581746317,77.62573604527645,12.863816025871362,12.872799137621271,77.62112671471144,77.63034537584146,3,2,Limited,7,37.33692329788574,35.98280143160003,32.01302755310003,43.844281611800035,4.755776479202925,0.14285714285714285,0.0,0.3113702364083694,0.2591369031256903,0.0164394400510674,-0.3720943316658832,0.0535044487271753,0.6225042656028638,0.1567289699187267,908.884575837298,2119.71037300104,33.378775385083465,Low,Limited historical support + V5
8420_1433,8420,1433,12.877290693496228,77.62573604527645,12.872799137621271,12.881782249371184,77.62112671471144,77.63034537584146,2,2,Limited,7,36.72901623367146,35.670394403600014,31.245288990800024,43.570634930600036,5.208040529974961,0.2857142857142857,0.0,0.2381221926742961,0.1737815671793578,-0.0116197527929122,-0.2794514954059794,0.0343555149134139,0.6157487064428001,0.153056646239825,900.4263606841012,1362.3546735810305,37.05167458714438,Low,Limited historical support + V5
8420_1434,8420,1434,12.886273805246136,77.62573604527645,12.881782249371184,12.890765361121092,77.62112671471144,77.63034537584146,3,3,Moderate,7,37.161359142028594,36.28961999690001,31.652580254000046,43.49403710240001,4.945096864591534,0.2857142857142857,0.0,0.2073578715883989,0.1746335270971547,0.0246636863438252,-0.2662502426871512,0.0281960146993524,0.7146860865147779,0.1435173336511552,895.6934536365732,3436.692040893067,40.53760754876449,Moderate,Historical support + V5
8420_1435,8420,1435,12.895256916996049,77.62573604527645,12.890765361121092,12.899748472871002,77.62112671471144,77.63034537584146,3,2,Limited,7,37.616356198657165,36.473099310500054,31.324399063700042,43.6518470858,4.774725750487964,0.2857142857142857,0.0,0.1637712503087723,0.1092944155529981,0.0425148481160428,-0.2144942247862931,0.0297957692445175,0.6009870530213199,0.1428601909285524,896.0003793519106,4025.788536101405,40.14035886236668,Moderate,Limited historical support + V5
8420_1436,8420,1436,12.904240028745958,77.62573604527645,12.899748472871002,12.908731584620911,77.62112671471144,77.63034537584146,2,2,Limited,7,37.11650251241432,36.03308050580005,31.221038138900038,43.345045610600025,4.915157609162915,0.2857142857142857,0.0,0.183147745032951,0.1391806455623576,0.0387942024197416,-0.2254039813011213,0.0287149250820008,0.6995138468216696,0.1347322283885487,897.9766307257562,2349.8401193502823,39.3515835603486,Low,Limited historical support + V5
8420_1437,8420,1437,12.913223140495868,77.62573604527645,12.908731584620911,12.917714696370822,77.62112671471144,77.63034537584146,2,2,Limited,7,37.189128113085744,35.860590126500036,31.30559995370003,43.74027126320002,4.933057180478565,0.2857142857142857,0.0,0.2271178447124318,0.1791133291709519,0.0122533688953296,-0.2712532047563754,0.0329486003391864,0.7064037758868658,0.1353390494398121,887.3385197033612,2168.885039091252,38.725045773999774,Low,Limited historical support + V5
8420_1438,8420,1438,12.922206252245775,77.62573604527645,12.917714696370822,12.926697808120734,77.62112671471144,77.63034537584146,4,2,Limited,7,36.14057967624287,35.51972808200002,31.031406389300013,43.06382801510005,4.890689767607901,0.14285714285714285,0.0,0.3821785913186641,0.3872307669305669,-0.0632346258003446,-0.4155637383081921,0.1331749721803132,0.5029672534784855,0.1433949058482855,895.9192403177769,4059.134253173485,30.316411997376587,Low,Limited historical support + V5
8420_1439,8420,1439,12.931189363995689,77.62573604527645,12.926697808120734,12.935680919870643,77.62112671471144,77.63034537584146,3,2,Limited,7,35.984005062928595,35.32525983410001,30.506569418300046,42.390478075100035,4.948680425971895,0.0,0.0,0.3425976239060894,0.3275776388181568,-0.0672300459667175,-0.3777829856794997,0.0510668803638199,0.7015245121206324,0.1409052635951775,894.1981403727775,5835.081349488955,26.51793836372556,Low,Limited historical support + V5
8420_1440,8420,1440,12.940172475745598,77.62573604527645,12.935680919870643,12.944664031620553,77.62112671471144,77.63034537584146,1,1,Limited,7,37.159257059728596,36.021305426900035,31.29809739980005,43.82230374320001,4.89593677339762,0.2857142857142857,0.0,0.2515274670708883,0.2025925386313624,-0.0022311716399231,-0.2944751825989741,0.035128492594291,0.7145640672592661,0.1427686525476165,887.6108683934293,4090.1402935790575,39.45461165929961,Low,Limited historical support + V5
8420_1441,8420,1441,12.94915558749551,77.62573604527645,12.944664031620553,12.953647143370464,77.62112671471144,77.63034537584146,4,3,Moderate,7,36.77688560377146,35.62481510690002,31.584800917400038,43.63318469660004,4.817066683909835,0.14285714285714285,0.0,0.3373240140294347,0.2969914932318229,-0.0249901564902804,-0.3775690915251437,0.1145446831196301,0.5227622261322993,0.1414238257143613,891.2560390927524,1777.395103005159,30.938045721385997,Low,Historical support + V5
8420_1442,8420,1442,12.95813869924542,77.62573604527645,12.953647143370464,12.962630255120374,77.62112671471144,77.63034537584146,4,3,Moderate,7,35.54724558444288,35.8101743315,29.50902028130002,42.630423079100055,5.060821877482369,0.0,0.0,0.465448431400161,0.4723929466035861,-0.0921851418499204,-0.4976887478464635,0.2009806757076646,0.383705611576146,0.1443783095835266,902.7150005319324,3134.3882588694582,25.294800544530393,Low,Historical support + V5
8420_1443,8420,1443,12.967121810995328,77.62573604527645,12.962630255120374,12.971613366870285,77.62112671471144,77.63034537584146,3,2,Limited,7,35.7870465433143,35.67319718000001,29.9735975597,42.486336446000024,5.1537194233335395,0.0,0.0,0.3990424751133063,0.4099777871481265,-0.0824100317868902,-0.4348263640224821,0.0829746367321213,0.6245533184749774,0.1448814773408721,904.1036946127336,4654.653293842363,27.151020784809656,Low,Limited historical support + V5
8420_1444,8420,1444,12.97610492274524,77.62573604527645,12.971613366870285,12.980596478620194,77.62112671471144,77.63034537584146,6,4,Moderate,7,37.11559917855717,35.759057842400026,31.29637129970004,43.56128664590001,4.948407819658266,0.2857142857142857,0.0,0.259495945743308,0.2013842547989684,0.0053896730257275,-0.2929135134223746,0.0393465296929501,0.7098135505051986,0.1432326325483827,897.2319199429602,2276.2038427873144,38.34979132812309,Low,Historical support + V5
8420_1445,8420,1445,12.98508803449515,77.62573604527645,12.980596478620194,12.989579590370104,77.62112671471144,77.63034537584146,2,1,Limited,7,35.474251325900006,35.57263903160001,29.691081116600014,42.28134069650001,5.309716698715409,0.0,0.0,0.4218216735020201,0.4181006504642821,-0.0901254688484926,-0.4492630565942809,0.1275813905411689,0.4852510210000961,0.1476681123110615,905.5481750789212,1626.7305565289769,25.35257308390686,Low,Limited historical support + V5
8420_1446,8420,1446,12.99407114624506,77.62573604527645,12.989579590370104,12.998562702120015,77.62112671471144,77.63034537584146,5,3,Moderate,7,36.42811572585716,36.033917920700034,30.226001246600013,43.28746906370003,5.347757557305765,0.2857142857142857,0.0,0.3522525237951754,0.3083388481597228,-0.0367096549070197,-0.3841303253649746,0.0728548151016717,0.5756845496278422,0.1570800517488652,909.6221162031792,3943.033903833889,38.11666683103119,Low,Historical support + V5
8420_1447,8420,1447,13.00305425799497,77.62573604527645,12.998562702120015,13.007545813869925,77.62112671471144,77.63034537584146,2,1,Limited,7,36.320050140671455,35.918474295200035,30.299027243900028,42.92553492590002,5.210038822214799,0.2857142857142857,0.0,0.2689858365572051,0.2529386939468646,-0.0174895189029653,-0.3264390315800665,0.0339576505545637,0.7271630633384258,0.1458700206146426,918.626358073956,6987.149939303363,39.16601280682326,Low,Limited historical support + V5
8420_1448,8420,1448,13.01203736974488,77.62573604527645,13.007545813869925,13.016528925619834,77.62112671471144,77.63034537584146,3,3,Moderate,7,37.028005091728595,36.26986384130003,31.077566749400052,43.571164723699994,5.058888801330449,0.2857142857142857,0.0,0.2295481877352826,0.2022765287706947,0.0208129136844458,-0.2843104201745807,0.0321817465744463,0.6918269494317192,0.1488404443599053,903.8281647376808,10138.443649814924,40.22936441324432,Moderate,Historical support + V5
8420_1449,8420,1449,13.021020481494787,77.62573604527645,13.016528925619834,13.025512037369744,77.62112671471144,77.63034537584146,5,4,Moderate,7,37.35058317067146,36.54087864710005,31.973720323100057,43.82447418590002,4.797659668196844,0.2857142857142857,0.0,0.225615311836261,0.1938205371087566,0.0338080949429949,-0.2871238732038359,0.0310647009895124,0.6758900912496236,0.1639865909523869,894.3291827634275,9792.843611855176,41.162658188213065,Moderate,Historical support + V5
8420_1450,8420,1450,13.0300035932447,77.62573604527645,13.025512037369744,13.034495149119657,77.62112671471144,77.63034537584146,7,4,Moderate,7,37.04298578510002,36.188959307900035,31.127486931500016,43.591501942700006,5.0595453263704435,0.2857142857142857,0.0,0.2828043645670914,0.2603212002197546,-0.0074697015856018,-0.3268497385097513,0.0433325825112013,0.6880122065189715,0.151301348382476,887.8758684066739,7179.461710586999,39.86503060518876,Low,Historical support + V5
8420_1451,8420,1451,13.03898670499461,77.62573604527645,13.034495149119657,13.043478260869565,77.62112671471144,77.63034537584146,8,6,Very High,7,37.37222900304289,36.18157638470004,31.305275241800032,44.12373892700003,4.988086449479385,0.2857142857142857,0.0,0.2513253938115571,0.2193117949399979,0.0114568167787754,-0.3009596187147572,0.0444735900206383,0.6639583695075425,0.1523620305044972,884.7918233549526,5402.167480719195,39.59472617768179,Low,Strong historical support + V5
8420_1452,8420,1452,13.04796981674452,77.62573604527645,13.043478260869565,13.052461372619476,77.62112671471144,77.63034537584146,4,3,Moderate,7,37.603733939085735,36.51567074960005,32.19397753190004,44.197192176800016,4.723866058644145,0.2857142857142857,0.14285714285714285,0.2236558669931672,0.1634842476713695,0.0323906925274658,-0.2818782905899438,0.0317365693914609,0.6702664438533438,0.1644009647320934,883.3121077410512,4795.927465918289,43.14764706392637,High,Historical support + V5
8420_1453,8420,1453,13.05695292849443,77.62573604527645,13.052461372619476,13.061444484369384,77.62112671471144,77.63034537584146,2,2,Limited,7,37.59616546622859,36.35856146030004,31.84532240180005,44.18471640379998,4.938648890272417,0.2857142857142857,0.0,0.2715066372488373,0.220289804223534,0.0187860310550251,-0.3398749253879509,0.0326937021661326,0.7181034285231452,0.1591533510867192,895.2942420339697,3291.77829158185,40.84973531033456,Moderate,Limited historical support + V5
8420_1454,8420,1454,13.06593604024434,77.62573604527645,13.061444484369384,13.070427596119297,77.62112671471144,77.63034537584146,1,1,Limited,7,37.43644627451431,36.284680958000045,32.06428076300006,43.95210305270001,4.957422219059726,0.2857142857142857,0.0,0.2916255445513068,0.2423564225869484,0.0029864575758404,-0.362646592352284,0.0318852387247487,0.7249366025717094,0.1570953699101666,905.3040889819242,3654.164010658484,40.62019976816154,Moderate,Limited historical support + V5
8420_1455,8420,1455,13.074919151994251,77.62573604527645,13.070427596119297,13.079410707869206,77.62112671471144,77.63034537584146,6,5,High,7,37.244639199328596,36.20167434230002,31.671345183800053,43.699101212299986,4.919821272968405,0.2857142857142857,0.0,0.2824823273658973,0.2671894792139875,-0.0043577524516511,-0.3689460967561482,0.0375475428419724,0.6592802878825099,0.1570801935869992,911.2842306941756,4833.819424216456,39.62897518433368,Low,Strong historical support + V5
8420_1456,8420,1456,13.08390226374416,77.62573604527645,13.079410707869206,13.088393819619116,77.62112671471144,77.63034537584146,0,0,Prediction Only,7,37.77197620781431,36.14799433820001,32.17071790580002,43.94068686590003,4.665236984603506,0.2857142857142857,0.0,0.3098448767485771,0.2625500207955921,0.0315370753228732,-0.3924535481254879,0.0477088156002857,0.5890301373097178,0.1637566225804603,909.1407314086982,3163.7763501106865,38.710049636313116,Low,V5 prediction only
8420_1457,8420,1457,13.09288537549407,77.62573604527645,13.088393819619116,13.097376931369029,77.62112671471144,77.63034537584146,7,6,Very High,7,37.438667987514314,35.98008410570002,32.08456671170004,43.881760201100036,4.853472800371716,0.2857142857142857,0.0,0.2900174022654622,0.267815540024003,0.0132609562954922,-0.3504846553073319,0.0560121746965752,0.5169506426779596,0.1556160036128785,906.9093041327662,1442.7427717285873,37.312283593044036,Low,Strong historical support + V5
8420_1458,8420,1458,13.101868487243982,77.62573604527645,13.097376931369029,13.106360043118936,77.62112671471144,77.63034537584146,5,3,Moderate,7,38.12356839367146,36.11654855420003,32.32475097710006,46.389954547400045,5.340893228317821,0.2857142857142857,0.14285714285714285,0.2352479591038178,0.2067481550194997,0.0519680763093334,-0.3159427954080709,0.0313766656629092,0.6720505144094072,0.1632217392983168,915.228932464658,2579.038597185331,41.55632919460584,Moderate,Historical support + V5
8420_1459,8420,1459,13.110851598993891,77.62573604527645,13.106360043118936,13.115343154868846,77.62112671471144,77.63034537584146,7,5,High,7,37.62061407500004,36.44741289020004,32.31070291490005,43.971192694400045,4.905169844857708,0.2857142857142857,0.0,0.2772949998209997,0.2573063832521308,0.0226214546838833,-0.3461950114047302,0.0581653671722004,0.5003203537908223,0.1677713464663144,908.1832628321604,1529.913110110703,39.03013079538296,Low,Strong historical support + V5
8420_1460,8420,1460,13.119834710743802,77.62573604527645,13.115343154868846,13.124326266618755,77.62112671471144,77.63034537584146,3,1,Limited,7,37.431194730928596,36.07250736650003,31.914827838500056,43.70024624900002,4.895705249656477,0.2857142857142857,0.0,0.2482729828674615,0.2222278377680732,0.0243263264205045,-0.3171347248183498,0.0335339621361557,0.7120091562825923,0.1598351294757679,917.2994133742168,2209.06497925511,39.63549566978392,Low,Limited historical support + V5
8420_1461,8420,1461,13.128817822493712,77.62573604527645,13.124326266618755,13.133309378368669,77.62112671471144,77.63034537584146,3,3,Moderate,7,35.747856502571445,35.46597971750001,29.964300545300013,42.687640733900054,5.229663994196905,0.14285714285714285,0.0,0.4523966648683438,0.4447571173016947,-0.0694521311125689,-0.4951146143393745,0.2661911883102055,0.419102639619986,0.1375749569276071,930.253600300942,4500.359919053008,29.261066204856423,Low,Historical support + V5
8420_1462,8420,1462,13.13780093424362,77.62573604527645,13.133309378368669,13.142292490118576,77.62112671471144,77.63034537584146,4,3,Moderate,7,35.65656118837144,35.60008573220002,29.508695569400007,42.610068770000034,5.440409537133397,0.0,0.0,0.4420660958417499,0.4623750517025962,-0.0858655537987713,-0.4697183746801275,0.2002067359123484,0.2105258857856129,0.1382678390576182,911.4391922590896,3498.740444049597,22.715979806235776,Low,Historical support + V5
8420_1463,8420,1463,13.146784045993533,77.62573604527645,13.142292490118576,13.151275601868488,77.62112671471144,77.63034537584146,3,3,Moderate,7,38.2721643717286,36.604146197300004,32.488679216300014,44.79037245770005,4.987761453189448,0.2857142857142857,0.2857142857142857,0.3209680336736742,0.3183307539987955,0.0450615005693792,-0.4182069140828703,0.1279023374876482,0.4343243392107038,0.1559407940223417,917.596440232822,3653.907018198209,43.287793528694664,High,Historical support + V5
8421_1424,8421,1424,12.796442687747035,77.63495470640646,12.79195113187208,12.80093424362199,77.63034537584146,77.63956403697146,0,0,Prediction Only,7,34.74421596564288,33.60958469510002,29.63430780440001,41.13027119120005,4.573389299473367,0.0,0.0,0.4329376473999475,0.3341147864344385,-0.1616269469643477,-0.4210084968030496,0.1243620338644816,0.1335864774886333,0.1147760132813134,896.9141979224623,1092.788306671683,13.9213948191392,Low,V5 prediction only
8421_1425,8421,1425,12.805425799496946,77.63495470640646,12.80093424362199,12.8099173553719,77.63034537584146,77.63956403697146,6,5,High,7,38.22028126957144,36.661449302600005,32.26514070830002,45.656891798,5.017112254637477,0.2857142857142857,0.14285714285714285,0.3347271139379404,0.3128143574034174,0.0564399856299208,-0.4238727542936805,0.1478345073577724,0.3011043983379018,0.1456088420665006,902.0713381981328,3789.94626192841,40.043768436455935,Moderate,Strong historical support + V5
8421_1426,8421,1426,12.814408911246856,77.63495470640646,12.8099173553719,12.81890046712181,77.63034537584146,77.63956403697146,5,5,High,7,38.311163979928594,36.241340464400025,32.00349127730002,45.97854457010003,5.322999325924517,0.2857142857142857,0.14285714285714285,0.2737053450830581,0.2442944222913627,0.0589531986498997,-0.3574456376963026,0.0768638960500818,0.3758240735127692,0.1439549932034164,910.386063609551,6019.04550125269,39.097193839068474,Low,Strong historical support + V5
8421_1427,8421,1427,12.823392022996766,77.63495470640646,12.81890046712181,12.827883578871722,77.63034537584146,77.63956403697146,1,1,Limited,7,38.68011482450002,36.7309718294,32.245470003200026,46.42280171960001,5.671851219853091,0.2857142857142857,0.2857142857142857,0.295186623637918,0.2439597756944704,0.0741930059354277,-0.3783988059425974,0.0681634043282434,0.5009642585657105,0.1611682849321046,912.445789966253,3536.986338684296,44.46552122203886,Very High,Limited historical support + V5
8421_1428,8421,1428,12.832375134746677,77.63495470640646,12.827883578871722,12.836866690621632,77.63034537584146,77.63956403697146,3,2,Limited,7,37.96785560968574,36.43367244980004,31.799538023900045,45.2708093489,5.416436681912482,0.2857142857142857,0.2857142857142857,0.3032458673875911,0.2670149151408436,0.0389783734878671,-0.3771866179823265,0.051860169789846,0.5210398677976474,0.1556490794215514,919.9726381385872,1535.9444469676964,43.467642281018016,High,Limited historical support + V5
8421_1429,8421,1429,12.841358246496586,77.63495470640646,12.836866690621632,12.84584980237154,77.63034537584146,77.63956403697146,5,5,High,7,38.250501449257165,36.02207448140001,32.24846077070006,46.24417599440001,5.523535445884855,0.2857142857142857,0.2857142857142857,0.26383915222146,0.2227615970112071,0.0560885811987607,-0.3561248912637865,0.0361722446312717,0.6818969498724045,0.1641425758302862,932.6404174539432,3009.370046738918,43.41675540212358,High,Strong historical support + V5
8421_1430,8421,1430,12.850341358246496,77.63495470640646,12.84584980237154,12.854832914121452,77.63034537584146,77.63956403697146,4,4,Moderate,7,38.55696112245716,36.34237713560001,32.183005687700046,46.4983912319,5.715441254243075,0.2857142857142857,0.2857142857142857,0.2852938021065528,0.2418565620672877,0.0533984567444394,-0.3612790501032288,0.0510616911982018,0.5283847090400297,0.1663621451526642,923.2532915027132,1363.6778654787954,43.173011344849826,High,Historical support + V5
8421_1431,8421,1431,12.859324469996409,77.63495470640646,12.854832914121452,12.863816025871362,77.63034537584146,77.63956403697146,2,2,Limited,7,38.907430244600015,36.75221482370002,32.51954393690003,47.232291396200004,5.716187856362021,0.2857142857142857,0.2857142857142857,0.2892371666084339,0.234994589029092,0.0717319851184992,-0.3703585751592106,0.076342835596317,0.4351829218395658,0.1672208493737371,911.1333661836022,2111.954385434723,43.8933541726921,High,Limited historical support + V5
8421_1432,8421,1432,12.868307581746317,77.63495470640646,12.863816025871362,12.872799137621271,77.63034537584146,77.63956403697146,2,2,Limited,7,37.336420360657165,36.20998013090003,31.720069058900034,44.095728253100035,5.210736805888418,0.2857142857142857,0.0,0.3075274417726431,0.2539933149316636,0.0105441051935271,-0.3645373893623119,0.059694026424767,0.5257451708374578,0.1559017695446952,901.6235694127322,2216.076796974633,38.327110828449975,Low,Limited historical support + V5
8421_1433,8421,1433,12.877290693496228,77.63495470640646,12.872799137621271,12.881782249371184,77.63034537584146,77.63956403697146,3,2,Limited,7,36.13959577477145,35.52634195070003,30.047700233300006,43.18376633690005,5.504961053759729,0.2857142857142857,0.0,0.213405869935173,0.1524599122461174,-0.0272692365431202,-0.2522018643589074,0.0311717233319449,0.6033851917548451,0.1395578694802638,902.9349667582655,947.6646097170905,36.34725680655449,Low,Limited historical support + V5
8421_1434,8421,1434,12.886273805246136,77.63495470640646,12.881782249371184,12.890765361121092,77.63034537584146,77.63956403697146,4,3,Moderate,7,37.48234051734289,36.18272142140003,32.129376953900056,44.098001236400016,4.71481870965944,0.2857142857142857,0.0,0.2418522172778084,0.2049401422058176,0.0164979907081786,-0.303650321670119,0.0383821573845934,0.6523554281064287,0.1635478514862021,895.0922314952044,3287.782846364265,39.48331325868293,Low,Historical support + V5
8421_1435,8421,1435,12.895256916996049,77.63495470640646,12.890765361121092,12.899748472871002,77.63034537584146,77.63956403697146,3,3,Moderate,7,37.32893489685716,36.08657251880002,31.428409412300024,43.8879809975,4.9229533917756045,0.2857142857142857,0.0,0.1982125523333012,0.1631085310891726,0.0246608847699164,-0.2516253416809361,0.0394148845981705,0.6113253860940464,0.1448089618802699,891.6633266675192,5931.746225393677,38.6853650633479,Low,Historical support + V5
8421_1436,8421,1436,12.904240028745958,77.63495470640646,12.899748472871002,12.908731584620911,77.63034537584146,77.63956403697146,7,5,High,7,37.52592271378575,36.524625962000044,31.494616459700023,44.50177193900001,5.098110996335373,0.2857142857142857,0.14285714285714285,0.1737057991659463,0.131502292576192,0.0390312848513697,-0.2250689322235098,0.0311385328882237,0.5968101732033155,0.1451769897237804,888.271257716461,5377.465841310529,42.44918948259682,High,Strong historical support + V5
8421_1437,8421,1437,12.913223140495868,77.63495470640646,12.908731584620911,12.917714696370822,77.63034537584146,77.63956403697146,1,1,Limited,7,36.65749416517145,35.96106282440003,30.721306524800028,43.74490268030001,5.146408177129927,0.2857142857142857,0.0,0.2429660261767253,0.2111885749702952,-0.0201033003936188,-0.2848095784646661,0.0335795077788038,0.7236286635301618,0.1410220787692164,881.4986100178022,3670.048623142038,39.30237486203356,Low,Limited historical support + V5
8421_1438,8421,1438,12.922206252245775,77.63495470640646,12.917714696370822,12.926697808120734,77.63034537584146,77.63956403697146,4,3,Moderate,7,36.163978464585746,35.13456849830002,30.752547227600033,43.05547095620002,5.103146863471786,0.14285714285714285,0.0,0.2962939978968201,0.250044248131163,-0.0388979299227656,-0.3291306308957246,0.059201293445172,0.6490827480143606,0.1363892835768782,889.8970028156236,2187.424374221422,30.224702045839926,Low,Historical support + V5
8421_1439,8421,1439,12.931189363995689,77.63495470640646,12.926697808120734,12.935680919870643,77.63034537584146,77.63956403697146,2,2,Limited,7,36.575266369742884,35.62144835720002,31.194138321500034,43.26166301270002,5.035119488677322,0.2857142857142857,0.0,0.3092714298728808,0.2813762726214259,-0.032235469887437,-0.355611238003122,0.0483102950798419,0.6841233892842006,0.1499228568944653,884.0223469036708,3800.826324561784,37.53808347951066,Low,Limited historical support + V5
8421_1440,8421,1440,12.940172475745598,77.63495470640646,12.935680919870643,12.944664031620553,77.63034537584146,77.63956403697146,2,2,Limited,7,36.34819509392859,35.75099131520002,31.37524211119999,43.363400378000044,5.084884112471968,0.14285714285714285,0.0,0.3781019020477091,0.3421957714260613,-0.0435833410669341,-0.4280864943180453,0.2033865491034274,0.440844522221804,0.1458844423114862,890.0806235416769,4146.494891632161,30.627578871471194,Low,Limited historical support + V5
8421_1441,8421,1441,12.94915558749551,77.63495470640646,12.944664031620553,12.953647143370464,77.63034537584146,77.63956403697146,3,2,Limited,7,36.493761241400016,35.89418926310002,31.49441137850002,43.928843426600054,5.159897451085356,0.14285714285714285,0.0,0.4398662289576402,0.397948566583242,-0.0341856790065319,-0.4799185775827201,0.2099465368715477,0.210453065113539,0.1557265988495725,895.7778219085798,2013.4002935029248,28.901001788567385,Low,Limited historical support + V5
8421_1442,8421,1442,12.95813869924542,77.63495470640646,12.953647143370464,12.962630255120374,77.63034537584146,77.63956403697146,2,1,Limited,7,35.898349481728594,35.413735281800015,30.02544892310001,42.73040016410005,5.1952086511861255,0.14285714285714285,0.0,0.39909703914396,0.3681448538269101,-0.0526205145469731,-0.440704185920476,0.1136342469938473,0.5469969407451266,0.1415601402790512,899.6030854893359,3279.954101306218,30.329373018308257,Low,Limited historical support + V5
8421_1443,8421,1443,12.967121810995328,77.63495470640646,12.962630255120374,12.971613366870285,77.63034537584146,77.63956403697146,2,2,Limited,7,35.922676018357166,35.26493178110002,30.26387290820003,42.29839661630002,4.997404093909774,0.0,0.0,0.3710917019460338,0.3571411498967494,-0.0753833155506299,-0.3996734553536269,0.0557981838948791,0.6972159926864805,0.1382583942657409,892.626150888793,5845.115883153326,26.231625894855927,Low,Limited historical support + V5
8421_1444,8421,1444,12.97610492274524,77.63495470640646,12.971613366870285,12.980596478620194,77.63034537584146,77.63956403697146,5,4,Moderate,7,36.82966715690003,35.80086022700003,31.199453342600027,43.13311128050002,4.709289271871921,0.2857142857142857,0.0,0.2663520503498744,0.2262422557233396,-0.0121071371977652,-0.31147174757687,0.0402882532131624,0.7159118472143905,0.1350215875929089,895.2794069660229,5063.747150679351,38.57931081461895,Low,Historical support + V5
8421_1445,8421,1445,12.98508803449515,77.63495470640646,12.980596478620194,12.989579590370104,77.63034537584146,77.63956403697146,1,1,Limited,7,35.723341974842874,35.74037836310002,29.75966368789999,42.732963679100045,5.143198277760357,0.14285714285714285,0.0,0.4347072487028668,0.4367269043428093,-0.0783017524480581,-0.470003457941119,0.181642561494034,0.3960222614752519,0.1496585375218261,900.8110284544626,4711.369273021387,30.136567556503707,Low,Limited historical support + V5
8421_1446,8421,1446,12.99407114624506,77.63495470640646,12.989579590370104,12.998562702120015,77.63034537584146,77.63956403697146,3,3,Moderate,7,36.288699572942875,35.993482744100014,30.30899077220001,43.44994464440002,5.374507652397817,0.14285714285714285,0.0,0.4068675558508927,0.3584335102672427,-0.0368647039234238,-0.4482586553302199,0.1209521871823243,0.4462159402696405,0.160914817385833,907.9687338171336,6058.934881951865,31.658956450895666,Low,Historical support + V5
8421_1447,8421,1447,13.00305425799497,77.63495470640646,12.998562702120015,13.007545813869925,77.63034537584146,77.63956403697146,2,2,Limited,7,36.74454136880002,36.008453671700046,31.02803963960002,42.97222507910001,4.887833434429758,0.2857142857142857,0.0,0.2876292877558389,0.2527921077386698,-0.0013166632662727,-0.3354729377148895,0.0533847241529059,0.6796548985265792,0.1390185744029358,914.026367125154,8479.072332295733,39.053704983178115,Low,Limited historical support + V5
8421_1448,8421,1448,13.01203736974488,77.63495470640646,13.007545813869925,13.016528925619834,77.63034537584146,77.63956403697146,2,2,Limited,7,36.83334885272859,35.9872448576,30.287320525400013,43.770469469900014,5.3228888690374605,0.2857142857142857,0.0,0.2007606186515893,0.1504455238452518,0.0256949941800126,-0.2542594828839255,0.0287876044045707,0.7288917793073828,0.1450218748251983,908.4320106129786,11321.61086192152,39.46056527889263,Low,Limited historical support + V5
8421_1449,8421,1449,13.021020481494787,77.63495470640646,13.016528925619834,13.025512037369744,77.63034537584146,77.63956403697146,1,1,Limited,7,36.33423248222861,35.849396111000026,30.105174239600036,43.14806511800005,5.347077419784143,0.2857142857142857,0.0,0.2792061431890734,0.2465066581230993,-0.0167524377775674,-0.3283962215990701,0.0327383125533954,0.7333308854242484,0.1459446669830903,903.9037226759008,11845.622845837344,38.94918546291012,Low,Limited historical support + V5
8421_1450,8421,1450,13.0300035932447,77.63495470640646,13.025512037369744,13.034495149119657,77.63034537584146,77.63956403697146,4,3,Moderate,7,36.85512408157144,36.35642519780004,30.74060124770002,43.680917345899985,5.25146996316783,0.2857142857142857,0.0,0.2509657938131785,0.2118003592928752,0.0026970228418688,-0.2999994053942017,0.0319247825089881,0.7175249548149941,0.1504491687487939,900.7368882235256,9808.839644138678,40.83533770942417,Moderate,Historical support + V5
8421_1451,8421,1451,13.03898670499461,77.63495470640646,13.034495149119657,13.043478260869565,77.63034537584146,77.63956403697146,2,2,Limited,7,37.36448718774289,36.329867182400044,31.781285797100043,44.03816879629998,4.94141247426386,0.2857142857142857,0.0,0.255589028351123,0.2102853309901804,0.0196578764652686,-0.3219249799130597,0.0349904483614561,0.6584074909172803,0.1572543267541599,882.3339897807123,8592.852618301053,40.137087947326144,Moderate,Limited historical support + V5
8421_1452,8421,1452,13.04796981674452,77.63495470640646,13.043478260869565,13.052461372619476,77.63034537584146,77.63956403697146,3,3,Moderate,7,37.94908335555717,36.02952576500001,32.05397543270007,46.51917279350001,5.465457498877744,0.2857142857142857,0.14285714285714285,0.2175518108485475,0.1647319829321511,0.0543722256868741,-0.3005390145682306,0.0282379510595788,0.6918142922815238,0.1664872659132565,890.3874523689574,7686.719953952709,41.403113352392836,Moderate,Historical support + V5
8421_1453,8421,1453,13.05695292849443,77.63495470640646,13.052461372619476,13.061444484369384,77.63034537584146,77.63956403697146,7,4,Moderate,7,37.39459017817147,36.52970172170004,31.795966193000044,44.13030152540003,5.11091428345785,0.2857142857142857,0.0,0.2882212912728002,0.2484295209353092,0.0293124249229631,-0.3654286209485198,0.0382514776013279,0.6738651715520869,0.1590697327125629,897.961863339493,6463.207877366272,41.09734648768486,Moderate,Historical support + V5
8421_1454,8421,1454,13.06593604024434,77.63495470640646,13.061444484369384,13.070427596119297,77.63034537584146,77.63956403697146,5,4,Moderate,7,37.39705359401432,36.32492814350003,31.916365947500072,43.95548689250003,5.064490834694405,0.2857142857142857,0.0,0.2795979848954659,0.2269263540766941,0.0243385344094189,-0.3451494614673259,0.0326903727381472,0.6977175222093112,0.1587137676574536,905.0732336402187,6693.497728494669,40.51027531907398,Moderate,Historical support + V5
8421_1455,8421,1455,13.074919151994251,77.63495470640646,13.070427596119297,13.079410707869206,77.63034537584146,77.63956403697146,6,5,High,7,36.82751624574288,36.190582867400025,31.33559307920003,43.32604141940001,5.094638695256738,0.2857142857142857,0.0,0.3017494249016762,0.262148000357867,-0.0013155994629058,-0.3624853828379924,0.0472686291496873,0.6695320968629387,0.1566466690396958,918.7552999364896,6675.600487244129,39.68677528513835,Low,Strong historical support + V5
8421_1456,8421,1456,13.08390226374416,77.63495470640646,13.079410707869206,13.088393819619116,77.63034537584146,77.63956403697146,3,2,Limited,7,37.51489715784288,36.46111915040003,31.95133229210006,43.801522181600006,4.854287859652999,0.2857142857142857,0.0,0.2940072710184278,0.2576282809183338,0.02737460573542,-0.3734519275510533,0.0384651740855817,0.6639262869688801,0.1581149287345786,916.8517931085876,3894.841627534328,40.721450261489714,Moderate,Limited historical support + V5
8421_1457,8421,1457,13.09288537549407,77.63495470640646,13.088393819619116,13.097376931369029,77.63034537584146,77.63956403697146,4,2,Limited,7,37.97178389124288,36.44279856320004,32.450619563600036,43.98495022490002,4.733445363062156,0.2857142857142857,0.0,0.2580910254046149,0.2383240740595388,0.0475863301636066,-0.3523070362291046,0.0645998399522521,0.601035797267224,0.1703359562356658,914.8237793213124,2371.874113249187,40.01868144427656,Moderate,Limited historical support + V5
8421_1458,8421,1458,13.101868487243982,77.63495470640646,13.097376931369029,13.106360043118936,77.63034537584146,77.63956403697146,1,1,Limited,7,38.30355156110003,36.35611757600001,32.30771214740002,46.40912963960003,5.3131023580938646,0.2857142857142857,0.14285714285714285,0.2712076407966753,0.2509240423097761,0.0564186528216562,-0.3517711773006912,0.0644451662052101,0.5737107945486711,0.163441180756389,919.5324049428988,3790.711994083853,41.538812997226586,Moderate,Limited historical support + V5
8421_1459,8421,1459,13.110851598993891,77.63495470640646,13.106360043118936,13.115343154868846,77.63034537584146,77.63956403697146,4,3,Moderate,7,38.2989274683286,36.22489978820001,32.31042947330004,46.23055518470003,5.300928223062965,0.2857142857142857,0.14285714285714285,0.3041487369631222,0.2871470501625875,0.0501229437072465,-0.3782213456975782,0.0734775126606166,0.5495843023194964,0.1622808393867298,920.3300912307092,2718.0318332130464,40.76851152710848,Moderate,Historical support + V5
8421_1460,8421,1460,13.119834710743802,77.63495470640646,13.115343154868846,13.124326266618755,77.63034537584146,77.63956403697146,5,4,Moderate,7,37.567353999071464,36.05107638110004,31.801486295300048,44.085628004000036,5.06023660313686,0.2857142857142857,0.0,0.3073015162968157,0.2908936173145796,0.0175577503427778,-0.3856777274956303,0.0868285933393141,0.5678149882134059,0.1554709539715757,923.9232606250278,2837.5242241286446,38.10714973916057,Low,Historical support + V5
8421_1461,8421,1461,13.128817822493712,77.63495470640646,13.124326266618755,13.133309378368669,77.63034537584146,77.63956403697146,6,4,Moderate,7,38.36239277540002,36.408413282000026,32.14949200160002,46.36428521720001,5.44884745945512,0.2857142857142857,0.2857142857142857,0.297455373427651,0.2671089356493473,0.0527052347708942,-0.3903944273046177,0.0668067872002538,0.5224299692589913,0.1601947870599773,915.8534837010918,5125.348432087129,43.379704793718474,High,Historical support + V5
8421_1462,8421,1462,13.13780093424362,77.63495470640646,13.133309378368669,13.142292490118576,77.63034537584146,77.63956403697146,6,3,Moderate,7,37.04327387535717,36.255935409800024,31.65856178900003,44.22752710430007,5.447082589513681,0.2857142857142857,0.14285714285714285,0.4063467026227446,0.3956493358486795,-0.015893723372666,-0.4770060590429876,0.1693465511049122,0.3913320436697386,0.1626615588082606,904.9376024757448,6339.697113473031,39.311116626317215,Low,Historical support + V5
8421_1463,8421,1463,13.146784045993533,77.63495470640646,13.142292490118576,13.151275601868488,77.63034537584146,77.63956403697146,3,3,Moderate,7,38.00206998988574,36.71453115320001,32.265670501400045,44.50568557190003,4.873820806979718,0.2857142857142857,0.14285714285714285,0.321650110740228,0.2829857052721009,0.0341605928099264,-0.4227990525496162,0.0721714874477702,0.440086292781409,0.1707647846219385,917.0807064252748,6071.449438052023,41.64759982131152,Moderate,Historical support + V5
8422_1424,8422,1424,12.796442687747035,77.64417336753648,12.79195113187208,12.80093424362199,77.63956403697146,77.64878269810148,0,0,Prediction Only,7,37.930767651242874,36.56948747450001,32.04170474090003,45.40790613110002,4.797373034311348,0.14285714285714285,0.14285714285714285,0.3473202592784439,0.3034051013487249,0.0468846794766685,-0.42657750813218,0.1210438439972721,0.3435829244565663,0.1523428903465768,904.517581350514,3381.037175272253,35.09778713553609,Low,V5 prediction only
8422_1425,8422,1425,12.805425799496946,77.64417336753648,12.80093424362199,12.8099173553719,77.63956403697146,77.64878269810148,2,2,Limited,7,38.471945199285734,36.808321622,32.44186943240002,46.23190530260003,5.186756240887389,0.2857142857142857,0.14285714285714285,0.3086927178395839,0.2767433373897722,0.0972814134149856,-0.410021112626137,0.1923899514220356,0.2311583706253163,0.1388665222170232,913.275206271798,5008.578608105221,39.936459773294615,Low,Limited historical support + V5
8422_1426,8422,1426,12.814408911246856,77.64417336753648,12.8099173553719,12.81890046712181,77.63956403697146,77.64878269810148,3,3,Moderate,7,38.612203649985744,36.645538419500014,32.50170187250003,45.951166229900025,5.342714596088305,0.2857142857142857,0.2857142857142857,0.2784614420103711,0.2359868914957271,0.0889270898255336,-0.3779322662283106,0.0624134463549387,0.461129887718411,0.1513639727722436,919.3705055861184,7158.821618023622,43.72273186332055,High,Historical support + V5
8422_1427,8422,1427,12.823392022996766,77.64417336753648,12.81890046712181,12.827883578871722,77.63956403697146,77.64878269810148,2,2,Limited,7,38.52992214281431,36.519857824099994,32.15350817510002,46.10289213770004,5.697859443384023,0.2857142857142857,0.2857142857142857,0.2846326505250459,0.2482595620023857,0.0756962355045066,-0.3794319984022026,0.0707738689146701,0.5005091762246201,0.1544058606291478,922.7457533391956,5605.417185281907,43.6098127436007,High,Limited historical support + V5
8422_1428,8422,1428,12.832375134746677,77.64417336753648,12.827883578871722,12.836866690621632,77.63956403697146,77.64878269810148,1,1,Limited,7,38.8741973244286,36.740593555699995,32.508674633300046,47.01586236980003,5.746556764832009,0.2857142857142857,0.2857142857142857,0.2584042961141049,0.2140104172658841,0.0869770234001603,-0.3509536989723394,0.0494556867118251,0.5817733731888661,0.1668370191092102,927.4231828769772,4592.107232137733,45.312404706955775,Very High,Limited historical support + V5
8422_1429,8422,1429,12.841358246496586,77.64417336753648,12.836866690621632,12.84584980237154,77.63956403697146,77.64878269810148,3,3,Moderate,7,37.31856120615718,35.966001863300036,32.04913893440004,43.97025273890004,4.836672469716561,0.2857142857142857,0.0,0.2419260116314327,0.2008011398789396,0.0425485554825017,-0.3189410527021808,0.0413991565489154,0.6444339843682765,0.1596212115091038,934.5709348080396,5096.2152004007,38.53034101158714,Low,Historical support + V5
8422_1430,8422,1430,12.850341358246496,77.64417336753648,12.84584980237154,12.854832914121452,77.63956403697146,77.64878269810148,3,2,Limited,7,38.39409735234289,36.307291160300025,32.059974057800055,46.44563409320005,5.625814861777124,0.2857142857142857,0.2857142857142857,0.2708554460284758,0.2151155094689973,0.0550399059496266,-0.3540756251274671,0.0468476708096435,0.5959092328884145,0.1586423117291562,926.6263394265484,3936.6178800631055,43.70679890780787,High,Limited historical support + V5
8422_1431,8422,1431,12.859324469996409,77.64417336753648,12.854832914121452,12.863816025871362,77.63956403697146,77.64878269810148,4,3,Moderate,7,37.70691908000003,36.56538585050002,31.821447532100038,44.22744165380001,5.226341929997043,0.2857142857142857,0.2857142857142857,0.3219053023203311,0.2780579848051031,0.0364857022804344,-0.3996847166557041,0.0966958917028427,0.5122292154675183,0.1443846554443188,925.4801882980169,4250.5209460669375,43.91057048995132,High,Historical support + V5
8422_1432,8422,1432,12.868307581746317,77.64417336753648,12.863816025871362,12.872799137621271,77.63956403697146,77.64878269810148,4,3,Moderate,7,37.43167569517146,36.025953934100045,31.786737539000022,44.083748093000025,5.095436121561369,0.2857142857142857,0.0,0.2970559984387533,0.2501042314904707,0.0187750978576834,-0.3632391419914765,0.0532905281185182,0.5769275797241097,0.1461955043425044,913.822290288502,3369.9195984509133,38.09698837563977,Low,Historical support + V5
8422_1433,8422,1433,12.877290693496228,77.64417336753648,12.872799137621271,12.881782249371184,77.63956403697146,77.64878269810148,5,3,Moderate,7,37.322909415885746,35.71913536880002,31.730254758500042,43.72001949470001,4.9918344568166795,0.2857142857142857,0.0,0.2704384128816066,0.2245745733595155,0.0222051339396936,-0.3347077073903354,0.0372685708256628,0.6844526424676042,0.1468598993132437,913.1105099696524,1258.8432753642453,37.93522504851263,Low,Historical support + V5
8422_1434,8422,1434,12.886273805246136,77.64417336753648,12.881782249371184,12.890765361121092,77.63956403697146,77.64878269810148,8,4,Moderate,7,37.36665274755717,36.18742119890001,31.73657809550005,43.635748211600024,4.910189008114058,0.2857142857142857,0.0,0.227989531527693,0.1845276739127035,0.0226041643235313,-0.2853760077711381,0.0310296576611843,0.6826570958908263,0.1508116576086444,907.3379623883384,3352.5857935683184,39.8052782369504,Low,Historical support + V5
8422_1435,8422,1435,12.895256916996049,77.64417336753648,12.890765361121092,12.899748472871002,77.63956403697146,77.64878269810148,6,4,Moderate,7,37.42901208101432,36.32620990100004,31.801503385400014,44.28428332640003,5.057034252980179,0.2857142857142857,0.14285714285714285,0.2238420701519037,0.1828124125939418,0.0416050894219419,-0.2822591762437001,0.040695883639544,0.6073800970087683,0.1486140204825354,907.0967863183616,6496.55681444656,41.754925928223074,Moderate,Historical support + V5
8422_1436,8422,1436,12.904240028745958,77.64417336753648,12.899748472871002,12.908731584620911,77.63956403697146,77.64878269810148,6,4,Moderate,7,36.98482573335717,36.08857206050002,30.825402323900022,43.56181643900002,4.954339830695072,0.2857142857142857,0.0,0.2218794319929368,0.1829766024075249,0.0027500268752379,-0.2753911523409325,0.0310508209608243,0.7126268511005631,0.1473449774973825,896.7310261446711,6324.548269698037,39.70644135395693,Low,Historical support + V5
8422_1437,8422,1437,12.913223140495868,77.64417336753648,12.908731584620911,12.917714696370822,77.63956403697146,77.64878269810148,2,2,Limited,7,36.21611059391431,35.31823580300002,30.823095160400026,43.2062910887,5.172213161895922,0.14285714285714285,0.0,0.2977640333509446,0.263945672506096,-0.05401346120702,-0.3421310048701627,0.038296626779556,0.7136004038949606,0.1416637569548744,887.9019744796109,3116.2256759008246,31.610378185199465,Low,Limited historical support + V5
8422_1438,8422,1438,12.922206252245775,77.64417336753648,12.917714696370822,12.926697808120734,77.63956403697146,77.64878269810148,2,2,Limited,7,36.06986572532859,35.204808809300026,30.20081043920002,43.36936482290002,5.212087354205696,0.14285714285714285,0.0,0.2533838314626225,0.1675120395164165,-0.0608705608368678,-0.2641231608662302,0.0902663366647118,0.4200956570593018,0.1151077876525756,880.6371285426077,866.4448931414843,28.218022098983603,Low,Limited historical support + V5
8422_1439,8422,1439,12.931189363995689,77.64417336753648,12.926697808120734,12.935680919870643,77.63956403697146,77.64878269810148,5,4,Moderate,7,36.209020643857166,35.59718041520002,31.32557828060002,43.38329325440005,4.92510001351617,0.14285714285714285,0.0,0.4540263222254393,0.4252125711605101,-0.0744536441363635,-0.476611290530976,0.2915322011764365,0.1047011685345147,0.1506641446632066,877.1981454229546,2887.105770078157,26.64601913891749,Low,Historical support + V5
8422_1440,8422,1440,12.940172475745598,77.64417336753648,12.935680919870643,12.944664031620553,77.63956403697146,77.64878269810148,2,2,Limited,7,36.15723275797145,35.4747469388,30.877219507100026,43.50165928700004,5.197137427529831,0.14285714285714285,0.0,0.4622069096388148,0.4113186624544586,-0.0451221154505426,-0.5050517234227351,0.3782314518301549,0.1407716952273911,0.1469496227472104,889.7157759207767,5510.430491907274,26.513103954084244,Low,Limited historical support + V5
8422_1441,8422,1441,12.94915558749551,77.64417336753648,12.944664031620553,12.953647143370464,77.63956403697146,77.64878269810148,3,2,Limited,7,36.38829579285716,35.614919939,31.31981891690001,43.60495185140005,5.1546346166432535,0.14285714285714285,0.0,0.4001899179946629,0.3818725121112616,-0.0581382096081028,-0.4185474239590329,0.0930012006705651,0.4095590811572049,0.1535262739944183,886.6981357603463,5152.006464118297,29.766119486379505,Low,Limited historical support + V5
8422_1442,8422,1442,12.95813869924542,77.64417336753648,12.953647143370464,12.962630255120374,77.63956403697146,77.64878269810148,8,4,Moderate,7,36.39441160721431,35.512533149900044,30.902752116500043,43.114243810100014,5.194075748990387,0.2857142857142857,0.0,0.3055526432644755,0.269970836405461,-0.0330308326934237,-0.3504286496725619,0.0420643736429507,0.659578909060717,0.1377544852938787,888.5971919795178,5773.718372359534,36.853520427823256,Low,Historical support + V5
8422_1443,8422,1443,12.967121810995328,77.64417336753648,12.962630255120374,12.971613366870285,77.63956403697146,77.64878269810148,1,1,Limited,7,36.29333099004288,35.42670666770003,30.227744436800034,42.98593133930003,5.224846752384069,0.2857142857142857,0.0,0.2949032400556066,0.250558692473168,-0.0324100190342715,-0.3341111553798664,0.0343560080500079,0.7344904415879843,0.1382039776563219,894.0246824265377,7817.080642096244,37.25660533590598,Low,Limited historical support + V5
8422_1444,8422,1444,12.97610492274524,77.64417336753648,12.971613366870285,12.980596478620194,77.63956403697146,77.64878269810148,5,5,High,7,35.69003581138572,35.45552057630002,30.115257398600026,42.634746874400015,5.275193369505441,0.14285714285714285,0.0,0.3482837313341094,0.3336698758209264,-0.0741947449361851,-0.3841541355563406,0.0531906924474617,0.7057035496212927,0.1378093468687793,905.6593363335552,8214.920882285913,32.084906723563215,Low,Strong historical support + V5
8422_1445,8422,1445,12.98508803449515,77.64417336753648,12.980596478620194,12.989579590370104,77.63956403697146,77.64878269810148,3,2,Limited,7,36.009891681542875,35.48185642040001,30.117769643300004,42.71467727210003,5.231711114785256,0.14285714285714285,0.0,0.374167891605358,0.3452524243937112,-0.0502015916319884,-0.4135385287051312,0.1272890229813739,0.5405825029164772,0.1459133843082663,908.4126217379908,7998.196597396174,30.539875641797703,Low,Limited historical support + V5
8422_1446,8422,1446,12.99407114624506,77.64417336753648,12.989579590370104,12.998562702120015,77.63956403697146,77.64878269810148,3,3,Moderate,7,36.24330338445716,36.16752832250003,30.210141633800003,43.55016099080002,5.382910648432593,0.14285714285714285,0.0,0.381237008105174,0.3339812944376191,-0.0306150856814078,-0.4230349564069183,0.1826800176717271,0.4054043453889019,0.1444612918479224,912.2080029798344,8865.925908595864,31.952547743956522,Low,Historical support + V5
8422_1447,8422,1447,13.00305425799497,77.64417336753648,12.998562702120015,13.007545813869925,77.63956403697146,77.64878269810148,3,3,Moderate,7,36.40183115205717,36.13259615810005,30.431287527800006,43.655606907800035,5.465340363465859,0.2857142857142857,0.0,0.3763996281751565,0.3480449846569586,-0.0288415367092684,-0.4135398467285922,0.1762562156133069,0.426417748101378,0.1534833845065671,918.2258862178584,10722.621044990638,37.021844221751174,Low,Historical support + V5
8422_1448,8422,1448,13.01203736974488,77.64417336753648,13.007545813869925,13.016528925619834,77.63956403697146,77.64878269810148,1,1,Limited,7,36.60841872230003,36.17292879410004,30.320714580800026,43.262500427600024,5.2084854741742355,0.2857142857142857,0.0,0.2671823636534715,0.2184805257387864,-0.0088435973704949,-0.3170793389519897,0.0503250640565288,0.7003732968311925,0.1445691958236094,902.202504389778,13119.075907422295,39.924010578138905,Low,Limited historical support + V5
8422_1449,8422,1449,13.021020481494787,77.64417336753648,13.016528925619834,13.025512037369744,77.63956403697146,77.64878269810148,3,2,Limited,7,36.31960579807144,35.80132165970002,30.117256940300003,43.070288072900006,5.326180859806489,0.2857142857142857,0.0,0.2759906422849991,0.2532836681850346,-0.034018528414421,-0.3321594873865112,0.0366274761468428,0.7257031491296979,0.1406486454791026,894.8083658795274,14301.518060478296,38.67908421235904,Low,Limited historical support + V5
8422_1450,8422,1450,13.0300035932447,77.64417336753648,13.025512037369744,13.034495149119657,77.63956403697146,77.64878269810148,1,1,Limited,7,37.202526751485756,36.238469327600036,31.81080039980005,43.83994072640004,5.021826423226458,0.2857142857142857,0.0,0.2565529139998524,0.2070246474243852,0.0077297411643492,-0.3029998360913268,0.0338341299004987,0.6970825074282719,0.1541354314803945,889.3543646444115,12772.391219711011,40.155345346380365,Moderate,Limited historical support + V5
8422_1451,8422,1451,13.03898670499461,77.64417336753648,13.034495149119657,13.043478260869565,77.63956403697146,77.64878269810148,3,3,Moderate,7,37.16152516014289,36.086213626700015,31.66611561320005,44.147066913500026,5.171148800542962,0.2857142857142857,0.0,0.3037141213017269,0.2622213615187553,-0.0018904690739249,-0.3589545411846556,0.0383768647136609,0.6695178400901695,0.1566007941143481,882.2512433222421,11826.785469344624,39.265842642185866,Low,Historical support + V5
8422_1452,8422,1452,13.04796981674452,77.64417336753648,13.043478260869565,13.052461372619476,77.63956403697146,77.64878269810148,4,4,Moderate,7,37.35116911695718,36.278579792300036,31.76484512090006,44.29185424070002,5.15486600487714,0.2857142857142857,0.14285714285714285,0.2856580282853977,0.2434663511956575,0.01733010128994,-0.3585776143859608,0.0365915889617277,0.678259134153101,0.1576736151837218,886.2620479469801,10629.841686658465,42.271683887737225,Moderate,Historical support + V5
8422_1453,8422,1453,13.05695292849443,77.64417336753648,13.052461372619476,13.061444484369384,77.63956403697146,77.64878269810148,1,1,Limited,7,37.26027175794288,36.20613485840004,31.531958328200044,43.942703497700016,5.122034552969525,0.2857142857142857,0.0,0.2849090251190662,0.2332015038690973,0.0139718114314546,-0.3509096173508254,0.032290794176716,0.7230411406387443,0.1608094956253771,890.1085480093693,9742.44024596462,40.28456737157087,Moderate,Limited historical support + V5
8422_1454,8422,1454,13.06593604024434,77.64417336753648,13.061444484369384,13.070427596119297,77.63956403697146,77.64878269810148,3,2,Limited,7,37.47461335070003,36.35445983630005,32.03505669200006,44.116441454299995,5.0115373926355105,0.2857142857142857,0.0,0.2945684459454305,0.244537179600232,0.0223953176582435,-0.3658441015964791,0.0329364187410102,0.7192584204991117,0.1662564311655438,893.8715216797418,9831.408683704636,40.84474853154279,Moderate,Limited historical support + V5
8422_1455,8422,1455,13.074919151994251,77.64417336753648,13.070427596119297,13.079410707869206,77.63956403697146,77.64878269810148,5,5,High,7,37.24923155334288,36.24805687370004,31.829257707800046,43.5425900765,4.926396463459078,0.2857142857142857,0.0,0.3032574345430707,0.2632497291467192,0.0170758257494641,-0.3690299193138195,0.0517351523229389,0.6211976480533414,0.1591578374278138,902.3153338229704,8326.234411999492,39.43515128549516,Low,Strong historical support + V5
8422_1456,8422,1456,13.08390226374416,77.64417336753648,13.079410707869206,13.088393819619116,77.63956403697146,77.64878269810148,6,3,Moderate,7,37.41553775788574,36.34109537810003,31.996809048200042,43.810118501900014,4.857227240517213,0.2857142857142857,0.0,0.2824022821658728,0.2420507238623997,0.027056766040641,-0.3761528188587572,0.0454951492427107,0.5872357002891399,0.1718429733664644,917.953448600088,5603.791055821703,39.470639253329374,Low,Historical support + V5
8422_1457,8422,1457,13.09288537549407,77.64417336753648,13.088393819619116,13.097376931369029,77.63956403697146,77.64878269810148,4,3,Moderate,7,38.59093868270002,36.65828763409998,32.34165308600004,45.62599289720003,5.275356875978413,0.2857142857142857,0.2857142857142857,0.2810182525007303,0.2578820964816906,0.0742233209207547,-0.3963856055374543,0.0875868539845828,0.3418601221670294,0.1618967680761032,909.304733790792,3288.571959979942,42.581435779137465,High,Historical support + V5
8422_1458,8422,1458,13.101868487243982,77.64417336753648,13.097376931369029,13.106360043118936,77.63956403697146,77.64878269810148,3,2,Limited,7,37.80236728850004,36.32342421470003,32.14598853110007,44.72426795090003,5.142747269421033,0.2857142857142857,0.2857142857142857,0.2692901015575247,0.2662096614722721,0.0265445753602612,-0.3570011742113357,0.0583480737667574,0.442411914876318,0.1651682427341012,903.7520910145812,2613.776374779064,42.2368700753228,Moderate,Limited historical support + V5
8422_1459,8422,1459,13.110851598993891,77.64417336753648,13.106360043118936,13.115343154868846,77.63956403697146,77.64878269810148,3,2,Limited,7,38.9820871257286,36.86253141920002,32.62268269040004,47.341206603500034,5.721221740194733,0.2857142857142857,0.2857142857142857,0.2743964409613691,0.2365920808602115,0.0762198618440384,-0.3623401314060032,0.0483516800637323,0.4321916954507622,0.1686706233574563,916.1138702762566,4123.450230389962,44.30821019692846,Very High,Limited historical support + V5
8422_1460,8422,1460,13.119834710743802,77.64417336753648,13.115343154868846,13.124326266618755,77.63956403697146,77.64878269810148,2,2,Limited,7,38.42241320660003,36.33646396100003,32.335483559900034,46.536980677700015,5.366491859917664,0.2857142857142857,0.14285714285714285,0.2843371496666568,0.2602025184490704,0.0647084294918129,-0.3872118997121636,0.0573542742439395,0.5570209827684888,0.1674892104234996,922.4056964001834,2896.6927821623067,41.29267653219895,Moderate,Limited historical support + V5
8422_1461,8422,1461,13.128817822493712,77.64417336753648,13.124326266618755,13.133309378368669,77.63956403697146,77.64878269810148,3,2,Limited,7,38.333183353057166,36.29146572770001,32.32446044540005,46.28990910200004,5.291945452715324,0.2857142857142857,0.14285714285714285,0.280800228971961,0.2427486858992368,0.0534590882595377,-0.3761728849156325,0.0418229988110751,0.6028186714145192,0.1740530840494712,907.6594635455124,3092.570187867047,41.569232054967216,Moderate,Limited historical support + V5
8422_1462,8422,1462,13.13780093424362,77.64417336753648,13.133309378368669,13.142292490118576,77.63956403697146,77.64878269810148,7,4,Moderate,7,37.72974657071432,36.29765234390002,31.88992756280004,44.54911151600002,5.3046754518889365,0.2857142857142857,0.2857142857142857,0.3761390950765622,0.3507859978312536,0.0125513352534422,-0.4481208016863868,0.148067763079432,0.4240048512882088,0.1727691155974531,895.148353071865,5555.662206195367,41.9488938502098,Moderate,Historical support + V5
8422_1463,8422,1463,13.146784045993533,77.64417336753648,13.142292490118576,13.151275601868488,77.63956403697146,77.64878269810148,4,3,Moderate,7,38.08859228330004,36.63689082890004,32.07916624010005,46.20517638620004,5.547986738491938,0.2857142857142857,0.2857142857142857,0.3441440833499235,0.33228482478238,0.0174404166901137,-0.4486354149974979,0.0911716263801099,0.4194175256996204,0.169666798770007,900.870790982909,7062.213778947291,43.27074337035337,High,Historical support + V5
8423_1424,8423,1424,12.796442687747035,77.65339202866649,12.79195113187208,12.80093424362199,77.64878269810148,77.65800135923149,0,0,Prediction Only,7,37.8369478851286,36.38980216310006,32.12365177040003,44.42349928100004,5.151701580971522,0.2857142857142857,0.2857142857142857,0.2880740845761939,0.233537293437846,0.0427876439434884,-0.3637843341214238,0.0385552665893084,0.5884850864519887,0.1546165727953027,905.3509041216312,3785.133423750627,43.96522069597118,High,V5 prediction only
8423_1425,8423,1425,12.805425799496946,77.65339202866649,12.80093424362199,12.8099173553719,77.64878269810148,77.65800135923149,2,2,Limited,7,37.938060241057165,36.46857043400003,31.868257316000026,45.52452897349999,5.491940633212813,0.2857142857142857,0.2857142857142857,0.321871242808964,0.2720304458497368,0.034980715210442,-0.4004109350530694,0.06241239510214,0.4267521801388422,0.1506927262098646,915.4109582729342,5666.3088829608,42.66546514793882,High,Limited historical support + V5
8423_1426,8423,1426,12.814408911246856,77.65339202866649,12.8099173553719,12.81890046712181,77.64878269810148,77.65800135923149,3,2,Limited,7,38.60298720320003,36.3734298473,32.28180355580003,46.63425752690004,5.761589890728154,0.2857142857142857,0.2857142857142857,0.2825597881828301,0.2424218179131153,0.0701378146330191,-0.3743069323616795,0.060422926967897,0.4955252241267533,0.1598674144332706,927.3979046086564,8306.293634356258,42.96961308433393,High,Limited historical support + V5
8423_1427,8423,1427,12.823392022996766,77.65339202866649,12.81890046712181,12.827883578871722,77.64878269810148,77.65800135923149,3,2,Limited,7,37.96937662858574,36.143824353800035,31.86991505570006,44.7357866783,5.154738488626718,0.2857142857142857,0.2857142857142857,0.2435807738697483,0.2022711216347689,0.0660234793238141,-0.3408326501296813,0.0365512054288833,0.662457628179647,0.1570168318570328,932.4779280157354,8509.366119891223,43.71322652053279,High,Limited historical support + V5
8423_1428,8423,1428,12.832375134746677,77.65339202866649,12.827883578871722,12.836866690621632,77.64878269810148,77.65800135923149,4,2,Limited,7,37.38771507508575,36.11591622050007,32.030339824400045,43.954991279600044,4.955271826182416,0.2857142857142857,0.0,0.2587878390122776,0.2140966074017589,0.03397344773359,-0.3440665042069789,0.0388188152245968,0.6554371927807083,0.1580637109975967,923.7133120438916,7891.9584093234,39.244789427768495,Low,Limited historical support + V5
8423_1429,8423,1429,12.841358246496586,77.65339202866649,12.836866690621632,12.84584980237154,77.64878269810148,77.65800135923149,3,3,Moderate,7,36.745464234200035,36.01209386300004,31.376370057800045,43.32945943940003,5.01268807017324,0.2857142857142857,0.0,0.2896142770490736,0.249267161615249,0.001057680168809,-0.3521744431400495,0.0442789437783528,0.6339533342544428,0.1528553310111634,933.1287630634858,8012.588808084773,38.61136566042117,Low,Historical support + V5
8423_1430,8423,1430,12.850341358246496,77.65339202866649,12.84584980237154,12.854832914121452,77.64878269810148,77.65800135923149,0,0,Prediction Only,7,37.275269541414325,36.31807501340004,31.540007765300057,43.91329143560003,4.996950160705269,0.2857142857142857,0.0,0.2508182485749889,0.194497242190206,0.0337659542992961,-0.323345967848371,0.0428942840844805,0.6867470996301419,0.1503423480130171,924.3259183094616,7168.911157323438,40.372941026119214,Moderate,V5 prediction only
8423_1431,8423,1431,12.859324469996409,77.65339202866649,12.854832914121452,12.863816025871362,77.64878269810148,77.65800135923149,2,2,Limited,7,37.32941097821432,36.321903195800026,31.839563038100042,43.812271854500025,5.082219447185366,0.2857142857142857,0.0,0.2992698379570156,0.2413362709185536,0.0268705109957405,-0.3787753121276156,0.0463664368318522,0.6367271658143747,0.1533818417542525,925.8164427948004,6858.406693908418,39.888175939942876,Low,Limited historical support + V5
8423_1432,8423,1432,12.868307581746317,77.65339202866649,12.863816025871362,12.872799137621271,77.64878269810148,77.65800135923149,4,2,Limited,7,37.217265742014305,36.20504109200002,31.32533901920001,43.8972267416,5.085597623367807,0.2857142857142857,0.0,0.2459724388728321,0.1927698780570313,0.0151401138258956,-0.3090969695051931,0.0327679940613618,0.6636754757963492,0.138236371971676,924.8126059119232,5077.578261517688,39.68650093686645,Low,Limited historical support + V5
8423_1433,8423,1433,12.877290693496228,77.65339202866649,12.872799137621271,12.881782249371184,77.64878269810148,77.65800135923149,1,1,Limited,7,37.337277307100024,35.787649579700044,32.00361090800006,44.122098277400006,4.9161771878836475,0.2857142857142857,0.0,0.2160222950657442,0.1636392974076979,0.0409382294513018,-0.2835852180880152,0.0283943952507821,0.7106173024244495,0.1562103905994242,920.7169334396888,3353.738761027195,38.473103416801685,Low,Limited historical support + V5
8423_1434,8423,1434,12.886273805246136,77.65339202866649,12.881782249371184,12.890765361121092,77.64878269810148,77.65800135923149,1,1,Limited,7,37.32114181125718,36.17234773070003,31.61610998060005,43.65839259410002,4.956020445839616,0.2857142857142857,0.0,0.2534418247551346,0.2063700223215341,0.019442914536857,-0.3148584700028078,0.0343512685543587,0.7024850346712014,0.1497880182516267,916.2367225970204,3492.4678531660084,39.94278525757751,Low,Limited historical support + V5
8423_1435,8423,1435,12.895256916996049,77.65339202866649,12.890765361121092,12.899748472871002,77.64878269810148,77.65800135923149,1,1,Limited,7,37.30835841645717,36.34000161170004,31.42531610420001,43.897944525800014,5.040760178179541,0.2857142857142857,0.0,0.2430034607821042,0.2085833453273459,0.0160928182786602,-0.2941049705036337,0.0311222742898884,0.6754831922903286,0.1440628014078214,908.1663357490316,4958.099621986592,40.34870438706091,Moderate,Limited historical support + V5
8423_1436,8423,1436,12.904240028745958,77.65339202866649,12.899748472871002,12.908731584620911,77.64878269810148,77.65800135923149,3,3,Moderate,7,37.382766270414315,36.25203886700002,31.287706619000048,44.40676807310005,5.362202669794941,0.2857142857142857,0.14285714285714285,0.3397451091690504,0.2906954429187064,0.033888747339062,-0.3838104973841015,0.1232119409441808,0.3941493313361852,0.1230156042883677,908.6350766699312,4934.988986787164,39.32357963935773,Low,Historical support + V5
8423_1437,8423,1437,12.913223140495868,77.65339202866649,12.908731584620911,12.917714696370822,77.64878269810148,77.65800135923149,2,1,Limited,7,36.96892705747145,36.38494857470002,31.08464205080003,43.680028660700046,5.247502766279841,0.2857142857142857,0.0,0.3639020543002038,0.3182903445508015,0.0036885350261021,-0.4037092830315439,0.1126425754975284,0.4484359515618424,0.1218742650452921,899.8920706173539,4365.614035496342,38.25944663473602,Low,Limited historical support + V5
8423_1438,8423,1438,12.922206252245775,77.65339202866649,12.917714696370822,12.926697808120734,77.64878269810148,77.65800135923149,4,3,Moderate,7,37.10842621944288,36.29411469320003,31.387478622800028,43.65552145730001,5.0637218978330045,0.2857142857142857,0.0,0.3538889482951338,0.306337095143762,0.00410263398916,-0.400571646903725,0.190092525509512,0.4000695806762339,0.1264341550322828,888.7630739117488,3496.612567261396,37.40956395587514,Low,Historical support + V5
8423_1439,8423,1439,12.931189363995689,77.65339202866649,12.926697808120734,12.935680919870643,77.64878269810148,77.65800135923149,4,2,Limited,7,37.53437010607146,36.1666567274,31.612418519000016,44.66091495020005,5.317212859639014,0.2857142857142857,0.14285714285714285,0.3954850964306139,0.3255242829380406,0.0066431246126606,-0.4407288351366696,0.1850573812200721,0.0674634177049762,0.1519186573245521,876.7205880788528,3756.455805364382,35.7124815615321,Low,Limited historical support + V5
8423_1440,8423,1440,12.940172475745598,77.65339202866649,12.935680919870643,12.944664031620553,77.64878269810148,77.65800135923149,0,0,Prediction Only,7,36.69573204320002,35.63400958070003,31.56470295980002,43.51476739370004,4.758911946275138,0.14285714285714285,0.0,0.4147082494190505,0.3805525121021635,-0.0383696090341903,-0.4683094633938092,0.2552120517858097,0.3541878835455304,0.1503019446014269,884.48989737807,4791.220359880238,29.289372061437927,Low,V5 prediction only
8423_1441,8423,1441,12.94915558749551,77.65339202866649,12.944664031620553,12.953647143370464,77.64878269810148,77.65800135923149,7,5,High,7,37.523849928800026,36.30744497120002,31.805177756900015,44.47782870890001,5.293692935692838,0.2857142857142857,0.14285714285714285,0.3636950270735375,0.3148662386341298,-0.0005762519114956,-0.4170324905489381,0.0905612549987593,0.3249136053057919,0.1557437481102628,879.7947735920643,6392.649198342155,38.85460561532017,Low,Strong historical support + V5
8423_1442,8423,1442,12.95813869924542,77.65339202866649,12.953647143370464,12.962630255120374,77.64878269810148,77.65800135923149,7,4,Moderate,7,36.1537146388143,35.42761244300001,30.41758126760003,42.684273984200026,5.061475920906976,0.14285714285714285,0.0,0.3190125866083317,0.2949706645785299,-0.0470500869192445,-0.3558786099789451,0.0669237082224956,0.6877679442209972,0.1430467131298363,895.3308257075972,8322.326481479491,31.793032216499473,Low,Historical support + V5
8423_1443,8423,1443,12.967121810995328,77.65339202866649,12.962630255120374,12.971613366870285,77.64878269810148,77.65800135923149,5,2,Limited,7,35.87453076521431,35.52029205530002,30.121221843500006,42.629705294900035,5.357724138454465,0.0,0.0,0.3421795131247723,0.3187376566436428,-0.0475573857373823,-0.373933300610818,0.0735101006898649,0.6451468520689828,0.1376270470854992,901.69239444212,10290.7253267884,26.74048177933238,Low,Limited historical support + V5
8423_1444,8423,1444,12.97610492274524,77.65339202866649,12.971613366870285,12.980596478620194,77.64878269810148,77.65800135923149,2,2,Limited,7,35.73098124954288,35.53246020650001,29.918242725800006,42.35223043130003,5.2281688715118255,0.0,0.0,0.3777933947425508,0.3475507976150925,-0.0873161602056818,-0.3901503956324486,0.0660921990750561,0.6572014351049398,0.144320467409541,904.9180903471114,11416.998918221703,26.910086482061338,Low,Limited historical support + V5
8423_1445,8423,1445,12.98508803449515,77.65339202866649,12.980596478620194,12.989579590370104,77.64878269810148,77.65800135923149,4,4,Moderate,7,35.89013402651431,35.48708599100003,30.495101961200003,42.499632543800026,5.158593118366952,0.0,0.0,0.3942948663646284,0.3771724620536902,-0.0706816510718221,-0.4115797763715528,0.0854398715086104,0.6157310770372876,0.1533706943101551,913.8954607685278,11271.35046043335,26.312445673659045,Low,Historical support + V5
8423_1446,8423,1446,12.99407114624506,77.65339202866649,12.989579590370104,12.998562702120015,77.64878269810148,77.65800135923149,2,2,Limited,7,36.181664276642884,35.73265363790002,29.997489519500007,43.342242834200036,5.524933839594726,0.2857142857142857,0.0,0.3613317640740505,0.3128795885858454,-0.0388613767275991,-0.3937565036630495,0.1440941296093981,0.4963095680351704,0.138515218033461,912.5322683048822,11856.21366959753,36.10829650649759,Low,Limited historical support + V5
8423_1447,8423,1447,13.00305425799497,77.65339202866649,12.998562702120015,13.007545813869925,77.64878269810148,77.65800135923149,6,4,Moderate,7,36.833397681585744,36.18053388860004,31.35892106570002,43.62414403370004,5.295296117018165,0.2857142857142857,0.0,0.3691454907287791,0.3505200170157249,-0.0068519372819946,-0.4171573099822986,0.1572954818379068,0.4557885279124171,0.1484632062665339,916.1278265897184,13245.331244481258,37.508824684182045,Low,Historical support + V5
8423_1448,8423,1448,13.01203736974488,77.65339202866649,13.007545813869925,13.016528925619834,77.64878269810148,77.65800135923149,4,3,Moderate,7,36.62941024798574,36.25649938310003,30.15774338720002,43.389206429000005,5.3171578435286255,0.2857142857142857,0.0,0.2459554465540579,0.208024970119633,0.0005429653411698,-0.3028324678744408,0.0327743021696625,0.7318767407546942,0.1526976830709874,915.9657407407396,15108.85969435356,40.575980250360466,Moderate,Historical support + V5
8423_1449,8423,1449,13.021020481494787,77.65339202866649,13.016528925619834,13.025512037369744,77.64878269810148,77.65800135923149,6,5,High,7,36.563100659985736,36.330174804200034,30.20393792750001,43.32469130150002,5.378481292403605,0.2857142857142857,0.0,0.2605083614947804,0.2226085990126185,-0.0124202995258473,-0.3123624142285972,0.0324621091253618,0.7278617641682675,0.1435504959088858,906.9199133124308,16117.47520805174,40.83287093222734,Moderate,Strong historical support + V5
8423_1450,8423,1450,13.0300035932447,77.65339202866649,13.025512037369744,13.034495149119657,77.64878269810148,77.65800135923149,6,5,High,7,37.164093558028604,36.34854666170003,32.00265386240008,43.72919687840001,4.959518862418294,0.2857142857142857,0.0,0.2503946991717706,0.2002957388061979,0.0119501016756611,-0.3125286372767836,0.0311033588339307,0.7030373856906114,0.1621780516232611,895.3321674600763,15675.365520287036,40.65869777637929,Moderate,Strong historical support + V5
8423_1451,8423,1451,13.03898670499461,77.65339202866649,13.034495149119657,13.043478260869565,77.64878269810148,77.65800135923149,3,2,Limited,7,37.28784053068574,36.35492126900003,31.95950135990005,44.1069222686,5.04731409929921,0.2857142857142857,0.0,0.2693668489706309,0.2064225832874589,0.0181360824569992,-0.334330261024327,0.0379780413476027,0.6901805144883979,0.1679893498863461,887.6556728606616,14965.617830608076,40.555829850022604,Moderate,Limited historical support + V5
8423_1452,8423,1452,13.04796981674452,77.65339202866649,13.043478260869565,13.052461372619476,77.64878269810148,77.65800135923149,3,2,Limited,7,36.987608978214304,35.85276286070004,31.633644423200007,44.53114982090001,5.501456136329222,0.2857142857142857,0.14285714285714285,0.4140374838883547,0.3829611356479801,-0.0443614239230472,-0.4579945691275205,0.1505390427308368,0.3082736202572274,0.1548422435660451,878.96941487003,13726.035602843687,36.85504382749147,Low,Limited historical support + V5
8423_1453,8423,1453,13.05695292849443,77.65339202866649,13.052461372619476,13.061444484369384,77.64878269810148,77.65800135923149,2,2,Limited,7,37.31661537620003,36.41887242320004,32.01095965100007,43.84911811009999,5.00842555440116,0.2857142857142857,0.0,0.2643701999483869,0.2065151162317478,0.0318070056190209,-0.335042864557119,0.031352611214249,0.7255986221336507,0.1612118277442348,893.9131523860223,13017.67688517041,41.16784561805714,Moderate,Limited historical support + V5
8423_1454,8423,1454,13.06593604024434,77.65339202866649,13.061444484369384,13.070427596119297,77.64878269810148,77.65800135923149,7,5,High,7,36.66686198141431,35.97461527370004,31.20811802330003,43.2026850776,5.15395680829854,0.2857142857142857,0.0,0.3365887188010275,0.279684883244725,-0.008990578510294,-0.3917851567625494,0.0449809918912144,0.7000184606546324,0.1555284561473246,903.5093609169302,11792.075666639026,39.12091284140884,Low,Strong historical support + V5
8423_1455,8423,1455,13.074919151994251,77.65339202866649,13.070427596119297,13.079410707869206,77.64878269810148,77.65800135923149,2,2,Limited,7,37.506125053657165,36.44230295030004,31.939232501300044,43.9321247258,5.042442922595549,0.2857142857142857,0.0,0.3147599713985317,0.2659373460597974,0.025613391385138,-0.3894669371425394,0.0791425691111853,0.5907912971549271,0.1622466868641861,905.1559117468628,8668.2086151254,39.91423825874527,Low,Limited historical support + V5
8423_1456,8423,1456,13.08390226374416,77.65339202866649,13.079410707869206,13.088393819619116,77.64878269810148,77.65800135923149,7,5,High,7,37.400872010642885,36.04465050350004,31.81319301380003,43.77491289590002,4.950239705262655,0.2857142857142857,0.0,0.2999681154141694,0.294898090152197,0.0176897525371411,-0.3923044737507263,0.0744227065989,0.5918074553242146,0.1534000816242515,917.1648465883294,5390.0839433719375,38.321166915871316,Low,Strong historical support + V5
8423_1457,8423,1457,13.09288537549407,77.65339202866649,13.088393819619116,13.097376931369029,77.64878269810148,77.65800135923149,2,2,Limited,7,37.81325856508573,36.17894450930001,32.31735096380002,43.775152157300006,4.665741989697451,0.2857142857142857,0.0,0.2850309852554777,0.2617360377604029,0.0423042733283377,-0.3839339234069127,0.0599838390842147,0.5753051934409698,0.1655692261562611,906.023666497537,2232.301085642234,38.69758336877875,Low,Limited historical support + V5
8423_1458,8423,1458,13.101868487243982,77.65339202866649,13.097376931369029,13.106360043118936,77.64878269810148,77.65800135923149,4,4,Moderate,7,37.37274170604288,35.88473843780003,31.827617058200026,44.29183715060003,5.217452175052901,0.2857142857142857,0.2857142857142857,0.2596759510735144,0.2602788771231733,0.001304414616244,-0.3333356476202014,0.0389402060237599,0.3500596649210081,0.1601885895779442,899.7680229092153,1088.2027954792866,39.54467876277736,Low,Historical support + V5
8423_1459,8423,1459,13.110851598993891,77.65339202866649,13.106360043118936,13.115343154868846,77.64878269810148,77.65800135923149,4,4,Moderate,7,39.277887459414316,37.5595169675,32.854937149400044,47.41489911470001,5.64961184320679,0.2857142857142857,0.2857142857142857,0.1866773929900907,0.1395486889756456,0.0959471927664031,-0.2701007143485646,0.0331514092144262,0.3617931923294096,0.199879738152131,915.5759250189876,3353.172671484328,46.41429256998719,Very High,Historical support + V5
8423_1460,8423,1460,13.119834710743802,77.65339202866649,13.115343154868846,13.124326266618755,77.64878269810148,77.65800135923149,3,2,Limited,7,38.57728369280003,36.48747208460003,32.52670468880003,47.21344101590003,5.493208047427655,0.2857142857142857,0.2857142857142857,0.2917220581560361,0.250967152703699,0.0550215456055018,-0.3788600881606259,0.0654504728760087,0.3938451991090602,0.1655502328667007,911.0836580985444,1797.897048691455,42.412601956799115,High,Limited historical support + V5
8423_1461,8423,1461,13.128817822493712,77.65339202866649,13.124326266618755,13.133309378368669,77.64878269810148,77.65800135923149,3,3,Moderate,7,38.52154066948574,36.386657584700025,32.468700889400026,47.12821268720004,5.521529688646515,0.2857142857142857,0.2857142857142857,0.30231320891768,0.2682029851106532,0.050995338097515,-0.3858571656566808,0.0732501060317254,0.3567139281006707,0.1591180329932592,903.3921236036392,2056.9853222754323,41.63483097690174,Moderate,Historical support + V5
8423_1462,8423,1462,13.13780093424362,77.65339202866649,13.133309378368669,13.142292490118576,77.64878269810148,77.65800135923149,2,2,Limited,7,36.29288420600002,35.63482990550001,31.281024389900022,43.362562963100046,5.323599886326583,0.2857142857142857,0.0,0.3462933890410489,0.3175734145324363,-0.0439615103172104,-0.3815708580225964,0.1354067787075279,0.145381819241458,0.1401200535686084,893.0665663569832,3460.027423223259,32.20461875810743,Low,Limited historical support + V5
8423_1463,8423,1463,13.146784045993533,77.65339202866649,13.142292490118576,13.151275601868488,77.64878269810148,77.65800135923149,0,0,Prediction Only,7,40.22282838572859,39.922189112300025,33.92944300670003,47.93556610130001,5.329500847926595,0.2857142857142857,0.2857142857142857,0.2502593263873501,0.2182705443179447,0.1175400498077581,-0.4048642551690343,0.0585176103115007,0.2905040250283773,0.1772198093316423,906.1731468074836,4505.4205355876775,55.227090485919426,Very High,V5 prediction only
8424_1424,8424,1424,12.796442687747035,77.66261068979651,12.79195113187208,12.80093424362199,77.65800135923149,77.66722002036151,0,0,Prediction Only,7,38.13214274098574,36.12948575990003,32.586708029900024,46.49044433540004,5.307804437178038,0.2857142857142857,0.14285714285714285,0.2397636423189585,0.1966086627962099,0.0513467430552947,-0.3056871371927729,0.0348844008107677,0.6459161031629449,0.1658476464980984,911.0787204559068,1468.3850928987792,41.347144585489026,Moderate,V5 prediction only
8424_1425,8424,1425,12.805425799496946,77.66261068979651,12.80093424362199,12.8099173553719,77.65800135923149,77.66722002036151,2,2,Limited,7,38.28434473014289,36.08987090810007,32.09548728560006,46.21679765420006,5.466658746592944,0.2857142857142857,0.2857142857142857,0.2341367660774896,0.1916059584230122,0.0663080519144827,-0.3130785736390418,0.0314055589347698,0.6836766332317827,0.1534821212895274,917.0194461084732,4481.414892882266,43.707890082191575,High,Limited historical support + V5
8424_1426,8424,1426,12.814408911246856,77.66261068979651,12.8099173553719,12.81890046712181,77.65800135923149,77.66722002036151,2,2,Limited,7,38.51657233327145,36.377651102000016,32.39740099220005,46.527734933600044,5.561261094859103,0.2857142857142857,0.2857142857142857,0.2443295020407834,0.2027928517663097,0.0653339228893191,-0.318067057701514,0.0321531889729164,0.657034028168019,0.1673116974861374,920.5718766724676,7702.004841490025,44.601720143672544,Very High,Limited historical support + V5
8424_1427,8424,1427,12.823392022996766,77.66261068979651,12.81890046712181,12.827883578871722,77.65800135923149,77.66722002036151,3,3,Moderate,7,37.78758923488574,36.60320624180003,32.006755486400046,44.17001891780004,4.859877031125244,0.2857142857142857,0.0,0.2581509446493107,0.223016429035354,0.0364789578859544,-0.3384018746352389,0.048409281750458,0.5579246582207928,0.1624499714565452,921.5632695593014,8937.645744598738,40.23429277299667,Moderate,Historical support + V5
8424_1428,8424,1428,12.832375134746677,77.66261068979651,12.827883578871722,12.836866690621632,77.65800135923149,77.66722002036151,2,1,Limited,7,37.150018639957175,36.054819113000036,31.405713759500014,44.0853032921,5.282274432902849,0.2857142857142857,0.0,0.3117886715503964,0.2701593386370153,0.0092786159103783,-0.3849083252880617,0.0432917540849161,0.6255769307619983,0.1522365753121649,923.567381140584,9074.447074387675,38.69985890207472,Low,Limited historical support + V5
8424_1429,8424,1429,12.841358246496586,77.66261068979651,12.836866690621632,12.84584980237154,77.65800135923149,77.66722002036151,4,3,Moderate,7,36.163795356371445,35.86236749690005,30.74294259140002,42.875785644800004,5.2398608930221195,0.14285714285714285,0.0,0.3499875083219074,0.329025651911816,-0.024878971827273,-0.3908677800162186,0.0523214400231479,0.665161966133538,0.1438370963615216,935.2253250528172,9818.82183811736,33.3197935791722,Low,Historical support + V5
8424_1430,8424,1430,12.850341358246496,77.66261068979651,12.84584980237154,12.854832914121452,77.65800135923149,77.66722002036151,2,2,Limited,7,36.103501483571456,35.79580155740003,30.60425642990002,42.687726184400056,5.285487308926426,0.14285714285714285,0.0,0.3063181904544846,0.2853684126587203,-0.0234551219600084,-0.3530266074083169,0.0485012904079124,0.6788257855471211,0.1439564002497131,927.6402182235836,8060.470731117009,33.18805493639944,Low,Limited historical support + V5
8424_1431,8424,1431,12.859324469996409,77.66261068979651,12.854832914121452,12.863816025871362,77.65800135923149,77.66722002036151,4,4,Moderate,7,37.05329599828574,36.15293337710004,31.61395662800003,44.06276145020002,5.322511738434249,0.2857142857142857,0.0,0.2827539205679534,0.2448053712065454,0.002703429968538,-0.3429200668651198,0.0527923869310182,0.5716202050136043,0.1462914871710903,912.2259450720096,5672.268154191262,38.55586325452454,Low,Historical support + V5
8424_1432,8424,1432,12.868307581746317,77.66261068979651,12.863816025871362,12.872799137621271,77.65800135923149,77.66722002036151,2,1,Limited,7,37.16567561300003,36.09617715500002,31.613888267600046,43.791541563200035,4.99072453645829,0.2857142857142857,0.0,0.2812142316484654,0.2438794863860002,0.0074210447768559,-0.3449678356981738,0.0537190246399035,0.6355419186533551,0.1550636410978451,918.8412559424,4375.115768290274,38.966253824715736,Low,Limited historical support + V5
8424_1433,8424,1433,12.877290693496228,77.66261068979651,12.872799137621271,12.881782249371184,77.65800135923149,77.66722002036151,0,0,Prediction Only,7,37.48357588742861,36.07725841430002,31.95184499510006,43.95526472120001,5.0286588745698255,0.2857142857142857,0.0,0.3110349502969908,0.274926106723966,0.0184322118363678,-0.385193216453105,0.0729549946191378,0.5627980478409845,0.1616697225482464,912.4799303775708,2322.9020525723054,38.16253959452328,Low,V5 prediction only
8424_1434,8424,1434,12.886273805246136,77.66261068979651,12.881782249371184,12.890765361121092,77.65800135923149,77.66722002036151,5,2,Limited,7,37.193097899171455,36.01370033240003,31.14710636630002,44.08391899400003,5.359071444499799,0.2857142857142857,0.0,0.2754273175537213,0.2285343225832872,-0.006617501353888,-0.3207892996122339,0.0586447167328095,0.4153679200153274,0.1576118472350877,901.5140851561666,909.1364733598788,36.431988391629304,Low,Limited historical support + V5
8424_1435,8424,1435,12.895256916996049,77.66261068979651,12.890765361121092,12.899748472871002,77.65800135923149,77.66722002036151,7,4,Moderate,7,36.1124591374143,35.368087624700024,30.64361493019999,43.09351351880001,5.282707571401048,0.2857142857142857,0.0,0.3193430205412745,0.2819729379029959,-0.0583285693264035,-0.353485068455605,0.0391191407890395,0.6103701688571629,0.1410068627017682,893.7263212383788,2724.1413388431265,35.779065625132716,Low,Historical support + V5
8424_1436,8424,1436,12.904240028745958,77.66261068979651,12.899748472871002,12.908731584620911,77.65800135923149,77.66722002036151,4,3,Moderate,7,37.0562892072286,35.92625029070004,31.270274717000042,43.79041361660003,5.095440288271532,0.2857142857142857,0.0,0.3571976357552345,0.3044704380257026,-0.0073784779386505,-0.4003478832352525,0.1377975092402782,0.4159593905018441,0.1327375811650215,894.9368903638943,1785.443908099013,36.085326902794655,Low,Historical support + V5
8424_1437,8424,1437,12.913223140495868,77.66261068979651,12.908731584620911,12.917714696370822,77.65800135923149,77.66722002036151,0,0,Prediction Only,7,37.13411752262859,36.36242382290002,31.11716451110002,43.52444039030001,5.100431668661338,0.2857142857142857,0.0,0.3951587151453275,0.3537305366005728,0.0029036811556698,-0.4323095104912489,0.1880508442962331,0.3474406462331116,0.1206415622710407,894.9724823027049,3173.022552908076,37.1586795452368,Low,V5 prediction only
8424_1438,8424,1438,12.922206252245775,77.66261068979651,12.917714696370822,12.926697808120734,77.65800135923149,77.66722002036151,3,2,Limited,7,37.23502968024288,36.270479084900025,31.462709243000045,43.73283706970001,5.113962873368222,0.2857142857142857,0.0,0.360915210892485,0.3152529855211622,0.0024604626285889,-0.4101731416226002,0.1763340843127027,0.3547110338555083,0.1291262934547653,888.8342428787735,3651.143779236532,36.86068576226492,Low,Limited historical support + V5
8424_1439,8424,1439,12.931189363995689,77.66261068979651,12.926697808120734,12.935680919870643,77.65800135923149,77.66722002036151,2,2,Limited,7,35.116435902200024,33.34215881030003,29.82358066190004,42.06409134530004,4.963704825777458,0.0,0.0,0.4212322430966091,0.3686429786583032,-0.1994170400342015,-0.4021052024340427,0.1541076650317767,0.1702607106048368,0.1286798946217452,875.4654245040512,1504.863829836885,13.209944404744217,Low,Limited historical support + V5
8424_1440,8424,1440,12.940172475745598,77.66261068979651,12.935680919870643,12.944664031620553,77.65800135923149,77.66722002036151,3,3,Moderate,7,35.63105543484288,34.01812353560003,30.36786616670002,42.47553550280005,4.878052216402574,0.0,0.0,0.4142490897360857,0.3997915974790889,-0.1562712132733557,-0.4098846132632054,0.1339593198233098,0.2218343638888726,0.1467002675180432,876.6150038472313,1966.5970655780663,16.450997761780542,Low,Historical support + V5
8424_1441,8424,1441,12.94915558749551,77.66261068979651,12.944664031620553,12.953647143370464,77.65800135923149,77.66722002036151,4,3,Moderate,7,38.677351111185736,36.32227917800002,32.218706906600026,47.26228452170007,5.665344381467959,0.2857142857142857,0.2857142857142857,0.3075030907511548,0.2505085535326934,0.0521811891746465,-0.3672407042976678,0.0834565542034913,0.2904531451344793,0.1589941037869109,883.8701541865842,4657.882730462247,40.712665882892054,Moderate,Historical support + V5
8424_1442,8424,1442,12.95813869924542,77.66261068979651,12.953647143370464,12.962630255120374,77.65800135923149,77.66722002036151,4,3,Moderate,7,36.198656718928596,35.452017105800024,30.659013110300023,42.51388568720004,4.993418745502876,0.0,0.0,0.3536956208606471,0.3470081413559356,-0.0565208376523666,-0.3796809622902815,0.0684126163237544,0.6540849302637178,0.1396286383567736,895.7559499955664,7790.719597733624,26.5545954333081,Low,Historical support + V5
8424_1443,8424,1443,12.967121810995328,77.66261068979651,12.962630255120374,12.971613366870285,77.65800135923149,77.66722002036151,0,0,Prediction Only,7,36.49631254918573,36.00334373180002,30.836305807699997,43.11947338070001,5.280773690539117,0.2857142857142857,0.0,0.3192403148596205,0.292153954497044,-0.0168603587608152,-0.3529175169822834,0.0584901316273272,0.6661492729778836,0.1455830259331716,905.5156154664768,10907.43269854672,38.89804675741234,Low,V5 prediction only
8424_1444,8424,1444,12.97610492274524,77.66261068979651,12.971613366870285,12.980596478620194,77.65800135923149,77.66722002036151,5,3,Moderate,7,36.56333503850002,36.10950743300002,30.199101429200027,43.340790175700015,5.370749852951247,0.2857142857142857,0.0,0.2934987183378882,0.2627294106166872,-0.0089131818439275,-0.3224693131981812,0.0575069600182923,0.6332835759966816,0.1414037318523029,899.0854179745548,11255.25061254812,38.99741466844132,Low,Historical support + V5
8424_1445,8424,1445,12.98508803449515,77.66261068979651,12.980596478620194,12.989579590370104,77.65800135923149,77.66722002036151,4,2,Limited,7,35.590500627542866,34.94943144500001,30.071575103,42.656024048900015,5.222875635830229,0.14285714285714285,0.0,0.455091450401235,0.4579659138433758,-0.1392471151758357,-0.4709974971042827,0.0950069426192898,0.6424656997994317,0.1413976721419444,904.5301559042156,10570.9663478869,29.41210633282278,Low,Limited historical support + V5
8424_1446,8424,1446,12.99407114624506,77.66261068979651,12.989579590370104,12.998562702120015,77.65800135923149,77.66722002036151,2,1,Limited,7,36.29392181921432,35.77066202030003,30.595044866000045,43.219587186500036,5.469407826058295,0.2857142857142857,0.0,0.251920919755246,0.2012920724518491,-0.0207771629614766,-0.2938131380218829,0.0524888025112888,0.6214540757287641,0.1436048509343645,900.3849152025421,10852.11408150401,37.512981656677354,Low,Limited historical support + V5
8424_1447,8424,1447,13.00305425799497,77.66261068979651,12.998562702120015,13.007545813869925,77.65800135923149,77.66722002036151,5,3,Moderate,7,36.648514538342894,36.154710747500026,31.33916491010004,43.22158672820004,5.112694837707679,0.2857142857142857,0.0,0.2897351043686174,0.2565236626078651,-0.016226645747519,-0.3406869237244021,0.0526603001066878,0.6328920662328608,0.1411741312585465,903.8226085044352,12057.98053660444,39.17574776942268,Low,Historical support + V5
8424_1448,8424,1448,13.01203736974488,77.66261068979651,13.007545813869925,13.016528925619834,77.65800135923149,77.66722002036151,3,2,Limited,7,36.8888233173286,36.15865856060003,31.181115665300048,43.45449061100002,5.108894923870047,0.2857142857142857,0.0,0.2400526655794,0.2119071854618722,0.004511491025122,-0.293906146895631,0.0353250002187889,0.7002216500601294,0.152685048189605,915.2138618426884,13294.074154052769,39.86496018005119,Low,Limited historical support + V5
8424_1449,8424,1449,13.021020481494787,77.66261068979651,13.016528925619834,13.025512037369744,77.65800135923149,77.66722002036151,5,4,Moderate,7,37.04421871374289,36.293875431800025,31.720752662900075,43.42955615510001,5.021248178794318,0.2857142857142857,0.0,0.2188133309508983,0.1714692488105148,0.0258088241299012,-0.2830643982179783,0.0304573276487222,0.7075115550223844,0.1686349384052736,908.4894462519912,13518.770755865598,40.48301905858779,Moderate,Historical support + V5
8424_1450,8424,1450,13.0300035932447,77.66261068979651,13.025512037369744,13.034495149119657,77.65800135923149,77.66722002036151,4,4,Moderate,7,36.858520128585745,36.19338564380003,31.23129219890005,43.8494257319,5.179412845497671,0.2857142857142857,0.0,0.2454352484129962,0.2070045029377018,-0.0029005589603628,-0.2934929765731911,0.0322170695627987,0.6861715434029371,0.1585543788019897,895.8096224661375,14405.840646772427,39.86446982788186,Low,Historical support + V5
8424_1451,8424,1451,13.03898670499461,77.66261068979651,13.034495149119657,13.043478260869565,77.65800135923149,77.66722002036151,3,3,Moderate,7,37.03191140030003,36.487232823200024,31.42618769930004,43.94583098600001,5.155176740757992,0.2857142857142857,0.0,0.2332966939252595,0.1695632500970151,0.0013835847062254,-0.2855450486753684,0.0322797213219644,0.6421580534983956,0.1561018115800138,889.1367520761128,15775.703860898866,40.609051574229326,Moderate,Historical support + V5
8424_1452,8424,1452,13.04796981674452,77.66261068979651,13.043478260869565,13.052461372619476,77.65800135923149,77.66722002036151,2,2,Limited,7,35.91173591291432,34.42062957080003,30.632062022600042,43.70275849370001,5.10409166567413,0.14285714285714285,0.0,0.5068996092948308,0.5344634976255624,-0.1796119659752661,-0.5069957097824656,0.1691116456350641,0.2484459376118152,0.154646302066136,878.4816777699734,15932.890177199164,23.33991485019604,Low,Limited historical support + V5
8424_1453,8424,1453,13.05695292849443,77.66261068979651,13.052461372619476,13.061444484369384,77.65800135923149,77.66722002036151,3,3,Moderate,7,37.34894252107146,36.26352341420002,31.67925790010002,44.24651420540002,5.31127503745071,0.2857142857142857,0.14285714285714285,0.3385257933556066,0.2892968405991872,0.004129665339036,-0.4037958241384863,0.0684383885765367,0.620918722190686,0.1535383396442631,890.4013749751679,13577.67318554013,41.63757630384693,Moderate,Historical support + V5
8424_1454,8424,1454,13.06593604024434,77.66261068979651,13.061444484369384,13.070427596119297,77.65800135923149,77.66722002036151,2,1,Limited,7,37.40210005640002,36.17809000430002,31.870957551800032,44.028307808600005,5.156772427434515,0.2857142857142857,0.0,0.3245097536478751,0.2830818544830388,0.0254103482170495,-0.3999270880743658,0.0638034163550845,0.599377413941712,0.157906847905755,902.837640889917,10946.209955117178,38.934860428254645,Low,Limited historical support + V5
8424_1455,8424,1455,13.074919151994251,77.66261068979651,13.070427596119297,13.079410707869206,77.65800135923149,77.66722002036151,5,4,Moderate,7,37.6995434811286,36.56099369480005,32.038679793200025,44.31089261210001,4.967168522366948,0.2857142857142857,0.14285714285714285,0.3691588685745715,0.3401582351268155,0.0098402196541978,-0.4352623667801773,0.0999818403432622,0.499077254373989,0.1537580082350587,896.0028283774622,8532.644730745269,41.61848568812677,Moderate,Historical support + V5
8424_1456,8424,1456,13.08390226374416,77.66261068979651,13.079410707869206,13.088393819619116,77.65800135923149,77.66722002036151,2,2,Limited,7,37.89869685787146,36.34271893760002,32.25435685520001,44.35573703450001,4.839254683501035,0.2857142857142857,0.14285714285714285,0.2704842915566057,0.2402605496658332,0.0429588774309003,-0.3753728180004479,0.0588127963116047,0.510446411484614,0.1615830579310003,896.7516916406163,6270.519830551701,40.85214928465118,Moderate,Limited historical support + V5
8424_1457,8424,1457,13.09288537549407,77.66261068979651,13.088393819619116,13.097376931369029,77.65800135923149,77.66722002036151,0,0,Prediction Only,7,38.1395671687143,36.7603155311,32.13947720300005,44.34254347730004,4.836449847609894,0.2857142857142857,0.14285714285714285,0.3094791461907153,0.2884112091352049,0.0329574729453979,-0.4025829905597554,0.0650612829112646,0.4127694619484515,0.1741502347651196,893.8359685477462,4233.582570771738,41.55902241056291,Moderate,V5 prediction only
8424_1458,8424,1458,13.101868487243982,77.66261068979651,13.097376931369029,13.106360043118936,77.65800135923149,77.66722002036151,2,1,Limited,7,38.68726336918572,36.78323335520002,32.34249050090005,46.633351751600024,5.544317458911102,0.2857142857142857,0.2857142857142857,0.2558072606307439,0.2339718995237461,0.0681997819763527,-0.3615412112965119,0.0331528887905898,0.6231563286989835,0.1794506659821894,906.090019763898,3565.7675340026567,45.898147024081894,Very High,Limited historical support + V5
8424_1459,8424,1459,13.110851598993891,77.66261068979651,13.106360043118936,13.115343154868846,77.65800135923149,77.66722002036151,2,2,Limited,7,38.722490948171455,36.61552820389999,32.59344152930005,47.43967975970004,5.529141423483546,0.2857142857142857,0.2857142857142857,0.3027033320769155,0.2643550381765782,0.0763092870782835,-0.3910109194723695,0.0556061455157283,0.4363810302724479,0.1571814226453935,908.4663201220592,2789.706194348528,43.35424977779244,High,Limited historical support + V5
8424_1460,8424,1460,13.119834710743802,77.66261068979651,13.115343154868846,13.124326266618755,77.65800135923149,77.66722002036151,1,1,Limited,7,37.7604013272286,36.32808981200003,32.36573303690005,44.44428084260003,5.04614642957412,0.2857142857142857,0.14285714285714285,0.2992840434331723,0.3080810213368574,0.0268821389223911,-0.3828341551121135,0.0882408029223343,0.3386050953044816,0.1674772609143483,901.1324850166602,1254.4081441615392,39.0747552313496,Low,Limited historical support + V5
8424_1461,8424,1461,13.128817822493712,77.66261068979651,13.124326266618755,13.133309378368669,77.65800135923149,77.66722002036151,3,2,Limited,7,38.511069321071446,36.405644685800006,32.275463128700025,46.424903801900015,5.441858809724065,0.2857142857142857,0.2857142857142857,0.2786897563478779,0.2470694626850216,0.0707441968490256,-0.3789917339708114,0.0470219884370923,0.6070416969898806,0.1621952792622827,906.7570481899916,2849.732267627869,44.21465979950503,Very High,Limited historical support + V5
8424_1462,8424,1462,13.13780093424362,77.66261068979651,13.133309378368669,13.142292490118576,77.65800135923149,77.66722002036151,2,2,Limited,7,36.1487243296143,35.256284190500025,30.86467537370004,43.25732212730002,5.411802928260334,0.2857142857142857,0.0,0.2625270935114102,0.2095742062758188,-0.0486814252526987,-0.2969519474520364,0.0726577058667804,0.3038362626702181,0.1250512978062553,894.1206642014039,1188.333053572413,32.26296372191395,Low,Limited historical support + V5
8424_1463,8424,1463,13.146784045993533,77.66261068979651,13.142292490118576,13.151275601868488,77.65800135923149,77.66722002036151,2,2,Limited,7,38.44773341047145,36.756077186300004,32.47415263130003,45.29842695050001,5.095363553130578,0.2857142857142857,0.2857142857142857,0.2913791214318008,0.2489545865591663,0.0567562808060094,-0.3922313846912575,0.0496572439401248,0.5165557455654796,0.1659436118127249,900.4475010469978,2896.535779692071,44.72265446775381,Very High,Limited historical support + V5
8425_1424,8425,1424,12.796442687747035,77.67182935092652,12.79195113187208,12.80093424362199,77.66722002036151,77.67643868149152,0,0,Prediction Only,7,38.85118428405716,36.76065733310001,32.294313509000034,47.19804283580001,5.8499520062511365,0.2857142857142857,0.2857142857142857,0.3221937782389136,0.2974638733278871,0.0717437755308335,-0.4279732688952757,0.0761312817024087,0.4339010197694218,0.1554202022896784,910.587463365712,3038.9553352624207,43.91457318984243,High,V5 prediction only
8425_1425,8425,1425,12.805425799496946,77.67182935092652,12.80093424362199,12.8099173553719,77.66722002036151,77.67643868149152,3,3,Moderate,7,38.345410098885736,36.16175186870002,32.25697164050002,46.12087092290006,5.591804428912035,0.2857142857142857,0.2857142857142857,0.2903956813595051,0.2632551814502355,0.0600241639951091,-0.3813134810090439,0.0472363297847163,0.6050807795640298,0.1553555229282576,906.6568908200388,5235.457033212977,43.2117371876287,High,Historical support + V5
8425_1426,8425,1426,12.814408911246856,77.67182935092652,12.8099173553719,12.81890046712181,77.66722002036151,77.67643868149152,0,0,Prediction Only,7,38.23907305524288,36.00821441030004,31.888167282500046,46.411846965500054,5.658080638617699,0.2857142857142857,0.2857142857142857,0.2249847034031897,0.1869798525837131,0.065920127959942,-0.294384274837587,0.0345663386369513,0.6803381745568658,0.15546495258047,924.2240990591796,6780.735584444433,43.345287388446415,High,V5 prediction only
8425_1427,8425,1427,12.823392022996766,77.67182935092652,12.81890046712181,12.827883578871722,77.66722002036151,77.67643868149152,2,2,Limited,7,37.41682683971432,36.02144214770004,31.84605727610004,44.00385187550003,4.779546296614389,0.2857142857142857,0.0,0.2475906486419398,0.1974834641017868,0.0474150851834921,-0.3211129213155703,0.0337797288148727,0.6803845026812845,0.1423746925527103,915.5481262474268,5725.544924342967,39.11336723680487,Low,Limited historical support + V5
8425_1428,8425,1428,12.832375134746677,77.67182935092652,12.827883578871722,12.836866690621632,77.66722002036151,77.67643868149152,3,3,Moderate,7,38.105426031800015,36.18231125900002,32.28976754240004,45.00914282779997,5.063873130287231,0.2857142857142857,0.14285714285714285,0.2667092078596127,0.2179736149874459,0.050035961370521,-0.352086091232799,0.0323784389089076,0.6249931226013291,0.1653085563701123,910.091751378788,6031.024437085458,41.35089367663389,Moderate,Historical support + V5
8425_1429,8425,1429,12.841358246496586,77.67182935092652,12.836866690621632,12.84584980237154,77.66722002036151,77.67643868149152,5,3,Moderate,7,37.255418169542885,36.142166614100034,31.66432115270003,44.094292684700015,5.078009954065763,0.2857142857142857,0.0,0.3061463158260191,0.2598222177137718,0.0138334148860004,-0.3708386668280892,0.056184965366483,0.5448145191013773,0.142352250908834,917.1825357723887,7792.416736568084,38.24439756170458,Low,Historical support + V5
8425_1430,8425,1430,12.850341358246496,77.67182935092652,12.84584980237154,12.854832914121452,77.66722002036151,77.67643868149152,0,0,Prediction Only,7,37.049387248271444,36.18022626680003,31.174074544100026,43.46269385899999,5.007685766112493,0.2857142857142857,0.0,0.2415968158281701,0.1876131739072941,0.0121703881255212,-0.2964424835448156,0.0354142242079189,0.6701260478941224,0.1396536698901255,924.3578752981784,6847.938986224551,39.65095963160769,Low,V5 prediction only
8425_1431,8425,1431,12.859324469996409,77.67182935092652,12.854832914121452,12.863816025871362,77.66722002036151,77.67643868149152,2,2,Limited,7,37.494537965857184,36.08766628520003,31.999902356300048,44.01318307010004,5.000873901725121,0.2857142857142857,0.0,0.2954766856285505,0.2565576287896786,0.0142297079539067,-0.3640242857294184,0.0627995625849729,0.5651873982488795,0.1643070869830234,914.1316228833546,3683.764888574836,38.22839497117668,Low,Limited historical support + V5
8425_1432,8425,1432,12.868307581746317,77.67182935092652,12.863816025871362,12.872799137621271,77.66722002036151,77.67643868149152,2,1,Limited,7,36.95459578790003,35.93705123390002,31.380950204600015,43.61081375570006,5.243120347139484,0.2857142857142857,0.0,0.3141242037384453,0.2773935558120829,-0.0156723508004426,-0.3753408502661463,0.0525714036935391,0.6025350953042418,0.1630172714617584,908.001701831951,1445.7215517117822,37.99463059033748,Low,Limited historical support + V5
8425_1433,8425,1433,12.877290693496228,77.67182935092652,12.872799137621271,12.881782249371184,77.66722002036151,77.67643868149152,6,2,Limited,7,37.300511619114324,35.90975834420004,31.783216978400056,43.70398898090004,4.823418023085837,0.2857142857142857,0.0,0.2283038156607686,0.1661575405088407,0.0242185672760414,-0.2942518781106913,0.0314127317829921,0.6807717558515702,0.1559777324819349,916.8325308125444,2190.3395949996407,38.66695924753282,Low,Limited historical support + V5
8425_1434,8425,1434,12.886273805246136,77.67182935092652,12.881782249371184,12.890765361121092,77.66722002036151,77.67643868149152,5,3,Moderate,7,37.068205889814315,35.80113366860003,31.63355897270003,43.59796200050004,4.841256956211229,0.2857142857142857,0.0,0.2941917230604562,0.2647566252034871,0.0033776984976098,-0.3507994617899973,0.0553053030987078,0.6411868510452985,0.1544551688059391,910.1267943686356,2053.240709384295,37.833163299498125,Low,Historical support + V5
8425_1435,8425,1435,12.895256916996049,77.67182935092652,12.890765361121092,12.899748472871002,77.66722002036151,77.67643868149152,1,1,Limited,7,36.93899252660003,36.08368429190003,31.71706120130003,43.703237016500026,4.985227486407836,0.2857142857142857,0.0,0.3030496752700821,0.2598954495547113,0.002384764549601,-0.3628362474354271,0.0516248294046171,0.6119993525426046,0.1531335283310267,905.5197496942094,2715.4758882363503,38.68046013593685,Low,Limited historical support + V5
8425_1436,8425,1436,12.904240028745958,77.67182935092652,12.899748472871002,12.908731584620911,77.66722002036151,77.67643868149152,3,2,Limited,7,36.192638562285744,35.228598228500026,30.966976712300017,43.174127520500036,5.094952304290612,0.14285714285714285,0.0,0.2726431208604113,0.2136944347553084,-0.0356404796010948,-0.3107347912296651,0.0481972765217928,0.5904666267209363,0.1419411904528569,892.0657857884825,1061.5225857582634,30.017644647198583,Low,Limited historical support + V5
8425_1437,8425,1437,12.913223140495868,77.67182935092652,12.908731584620911,12.917714696370822,77.66722002036151,77.67643868149152,2,2,Limited,7,36.18089278070001,35.30951985200004,30.648331797799994,43.101272424200026,5.021045380188075,0.14285714285714285,0.0,0.2931783756567383,0.2610925874339823,-0.0749404674918539,-0.3126164396947796,0.039378586269196,0.5361521913609604,0.1407056135118797,885.7289789869629,1159.081762005629,29.80075557543761,Low,Limited historical support + V5
8425_1438,8425,1438,12.922206252245775,77.67182935092652,12.917714696370822,12.926697808120734,77.66722002036151,77.67643868149152,1,1,Limited,7,37.219253076500024,35.87257028660002,31.374541417100026,43.76423158340003,4.993124024781952,0.2857142857142857,0.0,0.2136095583041099,0.1671948557817775,0.010871016995803,-0.2699252172271463,0.0315313182642162,0.712557683558493,0.1449976127890639,888.4786487847446,2494.5470820541645,38.83488579106847,Low,Limited historical support + V5
8425_1439,8425,1439,12.931189363995689,77.67182935092652,12.926697808120734,12.935680919870643,77.66722002036151,77.67643868149152,3,2,Limited,7,37.20641841140003,35.92175559440003,31.355913208100013,43.88791263710005,5.2621317443055355,0.2857142857142857,0.0,0.279691633401291,0.2295819493837234,-0.0008958851153917,-0.3363984062901498,0.0546571371305539,0.3762366425396374,0.1530084591335867,878.9629230338231,472.3105765694615,35.66997795767655,Low,Limited historical support + V5
8425_1440,8425,1440,12.940172475745598,77.67182935092652,12.935680919870643,12.944664031620553,77.66722002036151,77.67643868149152,9,5,High,7,36.04596399975716,35.58728524730002,31.472433509900032,42.996424660700015,4.706289006660924,0.14285714285714285,0.0,0.4134444638738352,0.4146774997841809,-0.0803695563456508,-0.433590641739713,0.1557038243975092,0.1853813744678059,0.1511799921532036,877.217134751773,977.1657153706946,27.412926412994917,Low,Strong historical support + V5
8425_1441,8425,1441,12.94915558749551,77.67182935092652,12.944664031620553,12.953647143370464,77.66722002036151,77.67643868149152,0,0,Prediction Only,7,38.08859228330003,36.37042198970003,32.10746744570004,45.38040816020006,5.289501793288679,0.2857142857142857,0.2857142857142857,0.3096355827685839,0.2499105901960801,0.0443982993383363,-0.3733265997958868,0.0727069092535678,0.3412554853144373,0.1525454864461419,888.7964041278077,4167.81849150705,41.41478878393977,Moderate,V5 prediction only
8425_1442,8425,1442,12.95813869924542,77.67182935092652,12.953647143370464,12.962630255120374,77.66722002036151,77.67643868149152,3,2,Limited,7,37.00060721998574,36.24077649110003,31.79388120080006,43.48395394340001,4.852243174283084,0.2857142857142857,0.0,0.3382282622431406,0.3410197253781699,-0.007077713972921,-0.3627979791095731,0.0515416896612627,0.6339611717216962,0.1557335357779682,899.8893368937312,7479.310227371175,39.53343388224978,Low,Limited historical support + V5
8425_1443,8425,1443,12.967121810995328,77.67182935092652,12.962630255120374,12.971613366870285,77.66722002036151,77.67643868149152,2,2,Limited,7,37.25212710457146,36.30920525150004,31.428170150900055,43.7775447713,4.989383245995605,0.2857142857142857,0.0,0.2464158903284495,0.1892694640927584,0.0175797958071143,-0.3056861157558626,0.0499164227210268,0.6334676445373776,0.1471600777897389,891.16807625613,9736.706674739624,39.804385864573966,Low,Limited historical support + V5
8425_1444,8425,1444,12.97610492274524,77.67182935092652,12.971613366870285,12.980596478620194,77.66722002036151,77.67643868149152,4,3,Moderate,7,37.27358738728573,36.27463197920004,31.77002342120003,43.9767469769,4.974595235865714,0.2857142857142857,0.0,0.2887943392577684,0.2538179066812168,0.0090077996968014,-0.3457004008674529,0.0688061922670681,0.5364626165400295,0.1475006729742842,891.8875217688925,8233.049863179569,38.69494499639356,Low,Historical support + V5
8425_1445,8425,1445,12.98508803449515,77.67182935092652,12.980596478620194,12.989579590370104,77.66722002036151,77.67643868149152,3,3,Moderate,7,36.747363676742886,35.889626206400045,30.789684014900025,43.55286122659997,5.1025239465296455,0.2857142857142857,0.0,0.250914639833677,0.2137153723419918,-0.0256974673931336,-0.297605314989312,0.0344708178176792,0.6482504733518677,0.1512271042509347,891.9398019408677,7262.16140363489,38.26057879381226,Low,Historical support + V5
8425_1446,8425,1446,12.99407114624506,77.67182935092652,12.989579590370104,12.998562702120015,77.66722002036151,77.67643868149152,2,1,Limited,7,37.12503535520002,36.260054123900005,30.955577615600035,43.51451104220003,5.077057945697192,0.2857142857142857,0.0,0.2007354150756024,0.1375677180626091,0.0228867742874087,-0.2553792267706876,0.0299522712367589,0.6823038113038156,0.1454570644308152,899.0918364089722,7664.887827324144,40.09458276126288,Moderate,Limited historical support + V5
8425_1447,8425,1447,13.00305425799497,77.67182935092652,12.998562702120015,13.007545813869925,77.66722002036151,77.67643868149152,6,5,High,7,37.25290836628574,36.34965751820006,31.403474956400036,43.674081305899975,5.027292398192889,0.2857142857142857,0.0,0.2325736048261802,0.1834102526645965,0.0240782968032227,-0.2797556867431332,0.0392059655856689,0.624820010745137,0.1530129146561536,904.4781539967656,9285.658137028937,39.8810027161157,Low,Strong historical support + V5
8425_1448,8425,1448,13.01203736974488,77.67182935092652,13.007545813869925,13.016528925619834,77.66722002036151,77.67643868149152,4,3,Moderate,7,36.98036033437145,36.25195341650003,30.841586648600032,43.44075017059998,5.143077531605909,0.2857142857142857,0.0,0.2039321525892753,0.1535298430764974,0.0164110514885294,-0.264012431386729,0.0323196455510274,0.6978517654673307,0.1573245477023034,907.3766529511925,10068.774524133903,40.21740232325894,Moderate,Historical support + V5
8425_1449,8425,1449,13.021020481494787,77.67182935092652,13.016528925619834,13.025512037369744,77.66722002036151,77.67643868149152,2,2,Limited,7,37.09980304327146,36.44401196030002,31.533342626300044,43.52932815890001,4.950607417343384,0.2857142857142857,0.0,0.1977245387582911,0.1503352976674523,0.0280973206763932,-0.2602719504883873,0.0286754668562462,0.688570615744548,0.1571114944096921,904.6657870000888,10247.70432668233,40.89892173570451,Moderate,Limited historical support + V5
8425_1450,8425,1450,13.0300035932447,77.67182935092652,13.025512037369744,13.034495149119657,77.66722002036151,77.67643868149152,6,3,Moderate,7,37.157291698228605,36.376745326700004,31.909444457000067,43.711679525900024,4.945855206474275,0.2857142857142857,0.0,0.2275420297341658,0.1937897161739461,0.0239989398715752,-0.2929790989993505,0.0300328640270812,0.6983616288438843,0.1645906132322924,899.6785099778257,11372.37125822798,40.72563001045341,Moderate,Historical support + V5
8425_1451,8425,1451,13.03898670499461,77.67182935092652,13.034495149119657,13.043478260869565,77.66722002036151,77.67643868149152,4,3,Moderate,7,37.68197974121431,36.018946993100016,32.10965497850006,45.00933081889999,5.199994694630302,0.2857142857142857,0.14285714285714285,0.2179884469512291,0.1537339914429946,0.0491826106270056,-0.2879395039677996,0.0281572494717892,0.679048565821264,0.1750948010057026,886.846613100623,13143.262502808991,41.232805186109545,Moderate,Historical support + V5
8425_1452,8425,1452,13.04796981674452,77.67182935092652,13.043478260869565,13.052461372619476,77.66722002036151,77.67643868149152,2,2,Limited,7,37.05681655888572,36.03106387400004,31.6417622207,44.599202599099996,5.613919958747391,0.2857142857142857,0.14285714285714285,0.3735237658973379,0.3428536393573854,-0.0392705308214316,-0.3982302376823877,0.0880585729217205,0.3689395986305339,0.1669396431004111,876.7306479362894,14630.171829896495,38.18056767783986,Low,Limited historical support + V5
8425_1453,8425,1453,13.05695292849443,77.67182935092652,13.052461372619476,13.061444484369384,77.66722002036151,77.67643868149152,8,7,Very High,7,37.40740775317146,36.136646511800016,31.912486494800046,44.29147825850002,5.152647083992974,0.2857142857142857,0.14285714285714285,0.3098332472385608,0.2585744108579148,0.0194152612684627,-0.3842656700677239,0.0538509399502791,0.6509046113620457,0.1648432598106402,888.3443005640913,12129.981765187404,41.425899987034455,Moderate,Strong historical support + V5
8425_1454,8425,1454,13.06593604024434,77.67182935092652,13.061444484369384,13.070427596119297,77.66722002036151,77.67643868149152,2,2,Limited,7,37.66835160718574,36.61764737630004,31.89553311560002,44.484972370700014,5.220311423869382,0.2857142857142857,0.2857142857142857,0.356317673708589,0.3139550291852518,0.025117257714222,-0.4318868816102394,0.0749228437871959,0.5435457456432234,0.1538647780152985,892.6528358251338,9077.418379375737,44.43444089241866,Very High,Limited historical support + V5
8425_1455,8425,1455,13.074919151994251,77.67182935092652,13.070427596119297,13.079410707869206,77.66722002036151,77.67643868149152,3,3,Moderate,7,36.14659050855716,35.583457064900024,29.817701667500014,43.032296780600035,5.300232359170813,0.2857142857142857,0.0,0.2397252701752964,0.2095757305046338,-0.0782710528215837,-0.2672484323862766,0.0446477732956632,0.3652751421162448,0.1246282892145489,884.3891092551455,6296.236280651677,34.196429837497945,Low,Historical support + V5
8425_1456,8425,1456,13.08390226374416,77.67182935092652,13.079410707869206,13.088393819619116,77.66722002036151,77.67643868149152,3,3,Moderate,7,38.042229283442886,36.535409815099996,32.09858059370004,44.564441335700025,4.945432243876513,0.2857142857142857,0.2857142857142857,0.3394490037364311,0.3130110792110963,0.02862161064045,-0.432515476748149,0.1047244079869213,0.510285233808971,0.1602703942410726,893.6102876204332,4344.529749310816,43.77027496811861,High,Historical support + V5
8425_1457,8425,1457,13.09288537549407,77.67182935092652,13.088393819619116,13.097376931369029,77.66722002036151,77.67643868149152,2,2,Limited,7,38.16794650048573,36.498392658499995,32.04954909680001,44.75173174160003,5.118599275640647,0.2857142857142857,0.2857142857142857,0.3499384155904417,0.3230712660914382,0.0499278239198169,-0.4444631692273822,0.225506613355722,0.2375594720655587,0.152355344166968,907.8065880416104,4338.594931762927,40.893773646257294,Moderate,Limited historical support + V5
8425_1458,8425,1458,13.101868487243982,77.67182935092652,13.097376931369029,13.106360043118936,77.66722002036151,77.67643868149152,3,3,Moderate,7,38.96901319922859,36.9998332826,32.44337336120003,47.14612311200003,5.772183091870528,0.2857142857142857,0.2857142857142857,0.3227551813315137,0.2985242466400977,0.0626817363615531,-0.4308760659789548,0.1033040963277689,0.1482870646445267,0.180188589003362,909.4452447267122,5500.37979380477,42.02272987287711,Moderate,Historical support + V5
8425_1459,8425,1459,13.110851598993891,77.67182935092652,13.106360043118936,13.115343154868846,77.66722002036151,77.67643868149152,4,3,Moderate,7,38.8201804012143,36.793624136000005,32.44094656700003,47.49525676490001,5.659950151192687,0.2857142857142857,0.2857142857142857,0.323608664490025,0.2920528407517283,0.0743839031361731,-0.4270594001599932,0.0897800730017246,0.3756958525173679,0.1645990607140938,908.897809571461,3677.3202466620337,43.465435231929455,High,Historical support + V5
8425_1460,8425,1460,13.119834710743802,77.67182935092652,13.115343154868846,13.124326266618755,77.66722002036151,77.67643868149152,2,2,Limited,7,38.99592278240002,36.64550423930002,32.688684656600046,47.351409393199994,5.782716899837356,0.2857142857142857,0.2857142857142857,0.2385131688478627,0.1987104678915401,0.0816237758015715,-0.3559642547320542,0.0318074424073516,0.5867013582368915,0.1798936152687581,902.866226397017,2553.8243377171407,44.97830876268411,Very High,Limited historical support + V5
8425_1461,8425,1461,13.128817822493712,77.67182935092652,13.124326266618755,13.133309378368669,77.66722002036151,77.67643868149152,3,3,Moderate,7,38.853718501742875,36.871418271199985,32.28766546010004,47.212039627699994,5.746662665334908,0.2857142857142857,0.2857142857142857,0.3076725809818439,0.276227331156704,0.0691872623965651,-0.4112658488110546,0.0614352211381381,0.4518716256663427,0.1739613438306126,894.5023724097808,3869.292123490465,44.54083901261235,Very High,Historical support + V5
8425_1462,8425,1462,13.13780093424362,77.67182935092652,13.133309378368669,13.142292490118576,77.66722002036151,77.67643868149152,3,2,Limited,7,37.79279194961432,36.314178470600034,32.25575824340004,44.27132903060001,4.822655376803907,0.2857142857142857,0.14285714285714285,0.2822403302309003,0.2782729604251679,0.0290475573962234,-0.3825245536317678,0.0605993419724204,0.504187229984883,0.169265833713506,889.5848120316768,3101.509995077327,40.67448960889983,Moderate,Limited historical support + V5
8425_1463,8425,1463,13.146784045993533,77.67182935092652,13.142292490118576,13.151275601868488,77.66722002036151,77.67643868149152,3,3,Moderate,7,38.24246910225717,36.63427604360001,32.35283001140003,44.19269748050003,4.786468416654114,0.2857142857142857,0.14285714285714285,0.2586149642561327,0.2542446455776235,0.0760572369000701,-0.3757156365638986,0.085818922022505,0.464735179146353,0.1611664309228414,906.3806274175804,4134.079465485345,41.570520616636855,Moderate,Historical support + V5
8426_1424,8426,1424,12.796442687747035,77.68104801205654,12.79195113187208,12.80093424362199,77.67643868149152,77.68565734262154,0,0,Prediction Only,7,37.9560707650143,36.53768279840002,32.11538016200002,45.14037770569999,5.316153936678041,0.2857142857142857,0.2857142857142857,0.3315682164995169,0.293477334749824,0.0448588227687092,-0.4252286921713771,0.0602804957138945,0.5604943151716728,0.1509790291540867,894.4224032831974,6124.880176051555,44.28152986885968,Very High,V5 prediction only
8426_1425,8426,1425,12.805425799496946,77.68104801205654,12.80093424362199,12.8099173553719,77.67643868149152,77.68565734262154,2,2,Limited,7,38.45700112755717,36.149976789800014,32.102186604800046,46.113556360100056,5.586036432994807,0.2857142857142857,0.2857142857142857,0.2667406096860437,0.2269857580100232,0.0672340962475813,-0.3642769114680396,0.0377362912056915,0.6180947988522948,0.1534671010549588,905.0859217726628,6974.968571479501,43.294403275086424,High,Limited historical support + V5
8426_1426,8426,1426,12.814408911246856,77.68104801205654,12.8099173553719,12.81890046712181,77.67643868149152,77.68565734262154,2,2,Limited,7,37.9597573437286,35.96354088890004,31.985068149500048,46.22747896670003,5.421470433383239,0.2857142857142857,0.14285714285714285,0.2364512922891864,0.1999771771006402,0.0620435340154497,-0.298012695805549,0.0314050027015965,0.7041877146484605,0.1478067815611965,918.3985561434793,4935.06471195931,41.260813438115264,Moderate,Limited historical support + V5
8426_1427,8426,1427,12.823392022996766,77.68104801205654,12.81890046712181,12.827883578871722,77.67643868149152,77.68565734262154,3,3,Moderate,7,37.33789499214289,35.83163949710004,31.815107105000035,43.974115101500054,4.992708726069494,0.2857142857142857,0.0,0.2608626040167082,0.2192602161482389,0.0431105472372321,-0.3194892286593093,0.0340757586853792,0.688832025430855,0.1497275647142768,912.8268136822284,2618.838995056062,38.432606738830444,Low,Historical support + V5
8426_1428,8426,1428,12.832375134746677,77.68104801205654,12.827883578871722,12.836866690621632,77.67643868149152,77.68565734262154,2,2,Limited,7,37.42848961224289,36.15823130810005,31.712412694100024,44.047687982000014,4.987278251618315,0.2857142857142857,0.0,0.2685470197529346,0.2244212209129159,0.0378304887808749,-0.3462784776436521,0.0407519487441533,0.6673274869146134,0.1498564801445739,909.2301913948536,3225.676697230373,39.534295975830325,Low,Limited historical support + V5
8426_1429,8426,1429,12.841358246496586,77.68104801205654,12.836866690621632,12.84584980237154,77.67643868149152,77.68565734262154,4,4,Moderate,7,37.34737999764288,36.205656335600025,31.285348185200036,44.33620305020003,5.347493473366197,0.2857142857142857,0.2857142857142857,0.3125299844036615,0.2725510839497463,0.0298218230254914,-0.3668918080221794,0.0438944063245387,0.6414259020952413,0.1375235841616365,922.1209490761266,5959.367695456378,43.75219999035239,High,Historical support + V5
8426_1430,8426,1430,12.850341358246496,77.68104801205654,12.84584980237154,12.854832914121452,77.67643868149152,77.68565734262154,6,4,Moderate,7,37.397141485957164,36.29110683560003,31.89302087090006,44.17676950729999,5.053744626401376,0.2857142857142857,0.0,0.2475237235189733,0.2054582512187457,0.0296740410136039,-0.3200625097757164,0.0324790867362199,0.7095316244525824,0.1595032657240899,925.2668287806724,6737.792120522969,40.49205748136755,Moderate,Historical support + V5
8426_1431,8426,1431,12.859324469996409,77.68104801205654,12.854832914121452,12.863816025871362,77.67643868149152,77.68565734262154,1,1,Limited,7,38.60719869212859,36.74472935990003,32.33502212720005,46.36854065210001,5.504251871190088,0.2857142857142857,0.2857142857142857,0.2235324221240291,0.1713573693892888,0.0824668746313207,-0.3249870191689017,0.0297839587061216,0.665083643256514,0.1736800601518828,920.2386872414434,3630.11404379324,46.16218191200514,Very High,Limited historical support + V5
8426_1432,8426,1432,12.868307581746317,77.68104801205654,12.863816025871362,12.872799137621271,77.67643868149152,77.68565734262154,4,4,Moderate,7,36.17744790482859,35.423579179400015,30.099192704600014,43.28352125060005,5.7647531642890355,0.2857142857142857,0.0,0.3158068838817716,0.3138676185781476,-0.0440912536840831,-0.3698629439474838,0.0805589637648972,0.4330582337167797,0.1615296140833528,910.2139413362072,1012.0945376660222,34.22967402454836,Low,Historical support + V5
8426_1433,8426,1433,12.877290693496228,77.68104801205654,12.872799137621271,12.881782249371184,77.67643868149152,77.68565734262154,4,4,Moderate,7,37.69422113570003,36.219072064100025,32.16309572120004,44.26346758460002,5.121426259716056,0.2857142857142857,0.14285714285714285,0.3154095851804095,0.2821393912193137,0.0215778493648863,-0.392010148319974,0.1051553101871405,0.491530544598799,0.1696634648377682,907.5551750299578,1683.6374074839246,40.164478057376314,Moderate,Historical support + V5
8426_1434,8426,1434,12.886273805246136,77.68104801205654,12.881782249371184,12.890765361121092,77.67643868149152,77.68565734262154,5,3,Moderate,7,37.893923837085744,36.219413866100034,32.24222288420004,46.071446353700004,5.4019890612004025,0.2857142857142857,0.14285714285714285,0.2564666806181738,0.2076448343460202,0.0468469789238523,-0.3415739401606618,0.0409202272576039,0.5805019946125579,0.1721949241476602,904.2860090913592,3925.6630617503306,41.055570615726566,Moderate,Historical support + V5
8426_1435,8426,1435,12.895256916996049,77.68104801205654,12.890765361121092,12.899748472871002,77.67643868149152,77.68565734262154,3,3,Moderate,7,37.39867715351432,36.24116956340003,31.987665844700047,43.93315013180001,5.073214475717922,0.2857142857142857,0.0,0.2906230555991906,0.2467111308760791,0.0252300400351317,-0.3744123671917257,0.0600204211035941,0.6096175638634331,0.1636592549036494,905.5778071624566,4965.755578208144,39.291582570611666,Low,Historical support + V5
8426_1436,8426,1436,12.904240028745958,77.68104801205654,12.899748472871002,12.908731584620911,77.67643868149152,77.68565734262154,1,1,Limited,7,36.955403905485745,36.23541019970001,31.054495114400012,43.65697411580005,5.02505095949409,0.2857142857142857,0.0,0.2916807008220682,0.253148951556468,-0.0134885585409956,-0.3548094881460524,0.0740070446191391,0.6525163480603342,0.1535182021070448,893.3121908847577,3854.609116427827,39.6973501316979,Low,Limited historical support + V5
8426_1437,8426,1437,12.913223140495868,77.68104801205654,12.908731584620911,12.917714696370822,77.67643868149152,77.68565734262154,2,2,Limited,7,36.961290224214316,35.84698640690002,31.212048746300017,43.92701478590003,5.061354762836883,0.2857142857142857,0.0,0.2892228889491974,0.256702996831018,-0.0177871709564317,-0.3345229800874726,0.0633940942450893,0.6335188604127272,0.1458988681058342,883.0195365130709,2760.699086457953,37.941349902395906,Low,Limited historical support + V5
8426_1438,8426,1438,12.922206252245775,77.68104801205654,12.917714696370822,12.926697808120734,77.67643868149152,77.68565734262154,5,4,Moderate,7,36.274312150185736,35.298172025600046,30.47555088680003,43.47166616150002,5.280757341910554,0.14285714285714285,0.0,0.2897958241311297,0.2542900564248271,-0.0375937626868115,-0.31279152240501,0.0456153583132093,0.5692768056039884,0.1458653834857928,878.4413552230353,2275.1794130314283,30.086250185208808,Low,Historical support + V5
8426_1439,8426,1439,12.931189363995689,77.68104801205654,12.926697808120734,12.935680919870643,77.67643868149152,77.68565734262154,1,1,Limited,7,37.54095711890003,36.10337208710003,32.19758354300004,44.23754190290003,4.7451988936891825,0.2857142857142857,0.14285714285714285,0.2208757188601273,0.1781327108060011,0.022754806966742,-0.2868628195538477,0.037195509405024,0.6212692556952254,0.162180946532065,876.5506629644225,2185.266179597473,40.995392463367345,Moderate,Limited historical support + V5
8426_1440,8426,1440,12.940172475745598,77.68104801205654,12.935680919870643,12.944664031620553,77.67643868149152,77.68565734262154,4,3,Moderate,7,37.81130296935718,36.635882513000006,32.31911124410006,44.95050669470005,5.2057769642609575,0.2857142857142857,0.14285714285714285,0.2818215973144571,0.2504003388467825,0.0263881978460842,-0.3499066079014887,0.0599542683179432,0.4494594342764302,0.1893960221331895,873.1233641876795,2542.3841348500523,41.42424004153694,Moderate,Historical support + V5
8426_1441,8426,1441,12.94915558749551,77.68104801205654,12.944664031620553,12.953647143370464,77.67643868149152,77.68565734262154,4,2,Limited,7,39.031206514571466,36.56359139000002,32.55909042830003,47.59079042390003,5.945829110949513,0.2857142857142857,0.2857142857142857,0.2497910026119423,0.1860958232491871,0.0826314897067174,-0.3309013236112624,0.0383198556194903,0.3904258283834199,0.1524971406982621,885.1331513163716,4921.806923121008,42.68530181349404,High,Limited historical support + V5
8426_1442,8426,1442,12.95813869924542,77.68104801205654,12.953647143370464,12.962630255120374,77.67643868149152,77.68565734262154,0,0,Prediction Only,7,36.40726580385716,35.79219554630002,31.496034937999998,43.03427923220004,4.947200055041099,0.14285714285714285,0.0,0.4036214904387954,0.4051259661216879,-0.0517581606757615,-0.4371658765830117,0.1090863706714137,0.5338025121849945,0.1492179478638423,892.6342972642335,7847.179351480904,31.72328368863494,Low,V5 prediction only
8426_1443,8426,1443,12.967121810995328,77.68104801205654,12.962630255120374,12.971613366870285,77.67643868149152,77.68565734262154,3,3,Moderate,7,36.55919679285716,35.745078140600036,30.750513505700038,43.183903057700014,5.091173337935265,0.2857142857142857,0.0,0.284598259416906,0.2409309237229931,-0.0327553574200528,-0.3280686900821242,0.0516701352474073,0.6528327103219405,0.1407178634059938,884.7202526393446,8137.696646521751,37.72362034539423,Low,Historical support + V5
8426_1444,8426,1444,12.97610492274524,77.68104801205654,12.971613366870285,12.980596478620194,77.67643868149152,77.68565734262154,4,4,Moderate,7,37.111595212271446,36.13861187330001,31.041147746300027,43.57311299510002,4.938913058410707,0.2857142857142857,0.0,0.2014584624974129,0.1573692490705097,0.0060274161894744,-0.2605983997282226,0.0329799140166829,0.6977902691719217,0.149781699327801,883.0862737309518,5562.679250738738,39.75982325699862,Low,Historical support + V5
8426_1445,8426,1445,12.98508803449515,77.68104801205654,12.980596478620194,12.989579590370104,77.67643868149152,77.68565734262154,5,4,Moderate,7,36.1013334823143,35.78835027380002,30.544201818500014,42.80122153850003,5.311860316770893,0.14285714285714285,0.0,0.3442533331986433,0.3198346910856118,-0.0372058234829205,-0.3941611639508071,0.1058368637730419,0.6192759942076653,0.1415809162767438,898.5881418157973,4002.0888867429153,32.56251535396962,Low,Historical support + V5
8426_1446,8426,1446,12.99407114624506,77.68104801205654,12.989579590370104,12.998562702120015,77.67643868149152,77.68565734262154,3,3,Moderate,7,37.13545055042859,36.32759419910003,31.182722134700008,43.4679576098,4.9685719126321555,0.2857142857142857,0.0,0.240789834201638,0.1909152171467299,0.0083047713195882,-0.2925231640992954,0.0331580853150452,0.6820311616542438,0.1494464745867388,902.3424639069204,4689.1993643537135,40.36416056758176,Moderate,Historical support + V5
8426_1447,8426,1447,13.00305425799497,77.68104801205654,12.998562702120015,13.007545813869925,77.67643868149152,77.68565734262154,5,5,High,7,36.55415521335717,36.231923819300015,31.19528335820001,42.896396305400046,5.035865177148086,0.2857142857142857,0.0,0.3621266963981711,0.3300892028393814,-0.0205139838436494,-0.3880254446767435,0.1173493277362688,0.4918681487235973,0.1365421716567835,905.4316382698008,6827.717393703116,38.07681194456177,Low,Strong historical support + V5
8426_1448,8426,1448,13.01203736974488,77.68104801205654,13.007545813869925,13.016528925619834,77.67643868149152,77.68565734262154,1,1,Limited,7,36.067912571042875,35.552541074000025,30.46222060880004,43.07228761460003,5.248372409656607,0.14285714285714285,0.0,0.3544576220843158,0.3195894659590957,-0.0799124667659303,-0.3619228945090025,0.1195621838698005,0.5190791303557785,0.1417363783949075,893.8435289945018,6780.474736955462,30.60982435456144,Low,Limited historical support + V5
8426_1449,8426,1449,13.021020481494787,77.68104801205654,13.016528925619834,13.025512037369744,77.67643868149152,77.68565734262154,1,1,Limited,7,37.19155246584288,36.3699263768,31.525327369400035,43.67659355060001,4.894599971353492,0.2857142857142857,0.0,0.1953528362330734,0.1451341881950369,0.0197444339096062,-0.2520887567745656,0.0286894494704055,0.7002600685272377,0.16825130907173,901.2152071591488,7035.188510296157,40.71712214594508,Moderate,Limited historical support + V5
8426_1450,8426,1450,13.0300035932447,77.68104801205654,13.025512037369744,13.034495149119657,77.67643868149152,77.68565734262154,7,6,Very High,7,37.35807107591431,36.489796338200016,31.919835237800065,44.0529688229,4.9494467548166865,0.2857142857142857,0.0,0.2207610173439555,0.1824882229595165,0.0247425647090611,-0.2823284978010253,0.0281058985855313,0.7173252534179717,0.1719231932691054,894.9020474474319,8507.503896752496,41.371059010019735,Moderate,Strong historical support + V5
8426_1451,8426,1451,13.03898670499461,77.68104801205654,13.034495149119657,13.043478260869565,77.67643868149152,77.68565734262154,2,2,Limited,7,37.63115866670004,36.00279684860003,32.040491343800056,46.075582157900016,5.615810809392765,0.2857142857142857,0.14285714285714285,0.2087946184568971,0.1648037133081624,0.0474841608617084,-0.2870160476277076,0.0276358282414175,0.6938944087823725,0.1756434399201697,886.9174658591373,10734.259995718548,41.316150365174195,Moderate,Limited historical support + V5
8426_1452,8426,1452,13.04796981674452,77.68104801205654,13.043478260869565,13.052461372619476,77.67643868149152,77.68565734262154,8,5,High,7,37.49347837965716,36.485916885500025,31.613085032900027,44.6574969302,5.339920024825717,0.2857142857142857,0.14285714285714285,0.249774628244913,0.2122781152095938,0.0188578381023841,-0.3054304839526154,0.0436983043253289,0.4213435163418447,0.158388983669108,875.3721652191214,13163.38750776588,40.53845782140236,Moderate,Strong historical support + V5
8426_1453,8426,1453,13.05695292849443,77.68104801205654,13.052461372619476,13.061444484369384,77.67643868149152,77.68565734262154,6,3,Moderate,7,37.8526488041429,36.43211725070003,31.907957618300053,45.42308213990005,5.572125219427062,0.2857142857142857,0.2857142857142857,0.3063992044642595,0.2625601374921138,0.0300481527503441,-0.3824046250764392,0.1583740496056761,0.3538633782126801,0.1672795996454739,882.2620271531109,11477.22931769188,41.78960722030086,Moderate,Historical support + V5
8426_1454,8426,1454,13.06593604024434,77.68104801205654,13.061444484369384,13.070427596119297,77.67643868149152,77.68565734262154,8,5,High,7,37.71503687750003,36.36180857930005,31.91901491300002,44.562253802900024,5.146523027184572,0.2857142857142857,0.14285714285714285,0.3616274842238126,0.329161401710602,0.0170861717459119,-0.4347921253883533,0.1274050581061613,0.4808920717938438,0.1529011880416373,885.3489744080937,8185.292945130516,40.63357043891868,Moderate,Strong historical support + V5
8426_1455,8426,1455,13.074919151994251,77.68104801205654,13.070427596119297,13.079410707869206,77.67643868149152,77.68565734262154,3,2,Limited,7,37.85797847390002,36.55446527660002,31.900079082200023,44.57481502640004,5.180855885268335,0.2857142857142857,0.2857142857142857,0.3486124365446341,0.317866178691392,0.0027758205050494,-0.4102815756865149,0.1064316322239174,0.4192802242307905,0.1666718234925678,885.7119235135517,4925.045861720242,42.93705161769069,High,Limited historical support + V5
8426_1456,8426,1456,13.08390226374416,77.68104801205654,13.079410707869206,13.088393819619116,77.67643868149152,77.68565734262154,4,4,Moderate,7,37.615430891814306,36.09480994700002,31.69807410020003,44.58643629440001,5.327814983634843,0.2857142857142857,0.2857142857142857,0.3470171426410466,0.3180319792866416,0.0067994873993453,-0.4214052192705472,0.1355764345556848,0.4117440140543111,0.157864590143129,893.7658952462392,1899.626079538437,41.00847683158909,Moderate,Historical support + V5
8426_1457,8426,1457,13.09288537549407,77.68104801205654,13.088393819619116,13.097376931369029,77.67643868149152,77.68565734262154,4,3,Moderate,7,38.24249351668573,36.71654778499998,32.43209389520004,44.50965047510006,4.891282272596395,0.2857142857142857,0.14285714285714285,0.3151801150841839,0.2866716014495789,0.0523718544112179,-0.414825402363432,0.1274301630682937,0.4150371433817322,0.1605198930924222,907.4942225250566,1946.729441659554,41.40523887076914,Moderate,Historical support + V5
8426_1458,8426,1458,13.101868487243982,77.68104801205654,13.097376931369029,13.106360043118936,77.67643868149152,77.68565734262154,3,2,Limited,7,38.22195609937145,36.636190134800025,31.45836835760001,46.89303582110006,5.942582532919237,0.2857142857142857,0.2857142857142857,0.3707418320055918,0.3314855602634274,0.0343016530723675,-0.4473884792174269,0.2402360482857048,0.1042592255675906,0.149843630375969,916.6303315685642,4976.276395128037,40.116335349697124,Moderate,Limited historical support + V5
8426_1459,8426,1459,13.110851598993891,77.68104801205654,13.106360043118936,13.115343154868846,77.67643868149152,77.68565734262154,3,2,Limited,7,37.996046950357176,36.94957129850005,32.25018687080005,44.7609945758,5.297871442664509,0.2857142857142857,0.2857142857142857,0.3024844483081718,0.2505531177723147,0.0371823498698803,-0.378867084054068,0.0866432001839998,0.2936878537771156,0.1550021544001814,898.4890546433949,6284.058276017528,43.27409430403682,High,Limited historical support + V5
8426_1460,8426,1460,13.119834710743802,77.68104801205654,13.115343154868846,13.124326266618755,77.67643868149152,77.68565734262154,2,2,Limited,7,38.556970888228584,36.768023166199995,32.24521365170004,46.79348598860001,5.5187458376294405,0.2857142857142857,0.2857142857142857,0.3046867711975143,0.2801512515027421,0.0633912357704067,-0.4076420424501474,0.059645041725457,0.4903942612328738,0.1768518868665214,893.3883781088886,5801.504045276115,44.509202758958935,Very High,Limited historical support + V5
8426_1461,8426,1461,13.128817822493712,77.68104801205654,13.124326266618755,13.133309378368669,77.67643868149152,77.68565734262154,5,4,Moderate,7,38.83619138347144,36.444678474199996,32.20050595010003,47.250697433900044,5.915413232953746,0.2857142857142857,0.2857142857142857,0.3393758909513722,0.3258605671865051,0.0593365283747935,-0.4383832479811779,0.1536170908517554,0.1610387107996903,0.1585755918970865,888.6927580664043,6494.2655432491965,39.91200418548475,Low,Historical support + V5
8426_1462,8426,1462,13.13780093424362,77.68104801205654,13.133309378368669,13.142292490118576,77.67643868149152,77.68565734262154,2,2,Limited,7,36.87311263254288,35.73299543990003,31.395716050999994,43.94617278800004,5.354060057734242,0.2857142857142857,0.0,0.3543839860937798,0.359251017009764,-0.039204483005438,-0.4330774287391624,0.0764552422359282,0.4235509722087803,0.1662931379555297,886.6338328548662,5584.027834365861,35.382088606446345,Low,Limited historical support + V5
8426_1463,8426,1463,13.146784045993533,77.68104801205654,13.142292490118576,13.151275601868488,77.67643868149152,77.68565734262154,5,3,Moderate,7,38.35687511454288,36.46757920820003,32.27209637900003,45.3553711637,5.1451484366266795,0.2857142857142857,0.2857142857142857,0.1962820025822176,0.1504666829179619,0.0741470871475859,-0.304257285900792,0.047414641440108,0.4762023369379468,0.1745535231379135,903.2085393513676,4855.912467540336,43.15597034711326,High,Historical support + V5
8427_1424,8427,1424,12.796442687747035,77.69026667318654,12.79195113187208,12.80093424362199,77.68565734262154,77.69487600375155,0,0,Prediction Only,7,38.44476949884289,36.38281231220001,32.11028731220003,46.219856782099995,5.605523770083752,0.2857142857142857,0.2857142857142857,0.3134549984426089,0.2743209918783489,0.0491778359566771,-0.4086489492662501,0.0534103373378109,0.553624717565077,0.1537397720390764,888.9684397804075,8529.634838511063,43.58843571665372,High,V5 prediction only
8427_1425,8427,1425,12.805425799496946,77.69026667318654,12.80093424362199,12.8099173553719,77.68565734262154,77.69487600375155,0,0,Prediction Only,7,38.37005890597145,36.19393252700002,32.31273663680001,46.076487933200006,5.520054559770798,0.2857142857142857,0.2857142857142857,0.272327736434458,0.2283521705080732,0.0484147052400447,-0.3646796968059641,0.0378845217560361,0.5754802573237696,0.1488174602102273,892.080839723871,7066.338400936939,43.045476145944654,High,V5 prediction only
8427_1426,8427,1426,12.814408911246856,77.69026667318654,12.8099173553719,12.81890046712181,77.68565734262154,77.69487600375155,4,2,Limited,7,37.71492945401432,35.888207728100035,31.867385720900042,45.76519176170004,5.5072655257945184,0.2857142857142857,0.14285714285714285,0.2660476481316404,0.2151619309051143,0.0487553132496827,-0.3319561527544783,0.0334876822947042,0.6745244414565978,0.1404523760715217,901.4835949959252,3879.0824712493295,40.66045667613427,Moderate,Limited historical support + V5
8427_1427,8427,1427,12.823392022996766,77.69026667318654,12.81890046712181,12.827883578871722,77.68565734262154,77.69487600375155,4,2,Limited,7,37.54934591655717,35.85385662710003,31.42682003300001,46.52298388580002,5.829130173262368,0.2857142857142857,0.14285714285714285,0.2784844195447529,0.2149236547203221,0.0154473456917909,-0.3306224625835252,0.0367205140012873,0.6137254396926013,0.1417312302675983,900.2185282588216,1007.9365610401102,39.91397180812556,Low,Limited historical support + V5
8427_1428,8427,1428,12.832375134746677,77.69026667318654,12.827883578871722,12.836866690621632,77.68565734262154,77.69487600375155,4,4,Moderate,7,37.481180831985746,36.182550520400035,31.737466780700043,44.01827591990003,5.021405571142486,0.2857142857142857,0.0,0.2631750130173221,0.2064474892655948,0.0267193050921704,-0.3445265720050693,0.0300726974797919,0.7304790167064219,0.1532422853649789,906.5999836952296,2309.905282576886,40.263860115576556,Moderate,Historical support + V5
8427_1429,8427,1429,12.841358246496586,77.69026667318654,12.836866690621632,12.84584980237154,77.68565734262154,77.69487600375155,2,2,Limited,7,37.44327987307146,36.006351589400026,31.954203428900033,44.12541375680005,5.1010915961687155,0.2857142857142857,0.0,0.297230187448417,0.2624427817954375,0.0411047327939022,-0.3848678093318341,0.0502882267284504,0.6162679719739218,0.1474150742983082,921.3402965389622,5568.071490304962,38.41136065964382,Low,Limited historical support + V5
8427_1430,8427,1430,12.850341358246496,77.69026667318654,12.84584980237154,12.854832914121452,77.68565734262154,77.69487600375155,3,3,Moderate,7,37.5300096891286,36.1937445359,31.825959318500026,44.28768425630002,5.1853337456157815,0.2857142857142857,0.14285714285714285,0.3011860997600949,0.2651764342732959,0.0356640395856317,-0.3748580998967116,0.0635883060124024,0.5759214315998518,0.1488237007472221,914.1466598131842,7549.407800283296,40.90627281383131,Moderate,Historical support + V5
8427_1431,8427,1431,12.859324469996409,77.69026667318654,12.854832914121452,12.863816025871362,77.68565734262154,77.69487600375155,2,2,Limited,7,38.77881991777145,36.81298721930002,32.33394545090003,46.62998500190003,5.713711315165236,0.2857142857142857,0.2857142857142857,0.2599132349253175,0.2152814981645413,0.080203998833737,-0.3624971006810507,0.0545943106557233,0.5388949713922478,0.1618588843086068,908.8649784841798,5018.580323945484,45.175493418423464,Very High,Limited historical support + V5
8427_1432,8427,1432,12.868307581746317,77.69026667318654,12.863816025871362,12.872799137621271,77.68565734262154,77.69487600375155,1,1,Limited,7,38.6946707068143,36.36268017440001,32.42927402870005,46.79396451140002,5.628629761249505,0.2857142857142857,0.2857142857142857,0.2335066478346017,0.1814212724616702,0.075366009369309,-0.3480510361899387,0.0355593342550041,0.6097660433004618,0.1686724901787956,915.030140084221,2221.7058229302315,44.06868134528402,High,Limited historical support + V5
8427_1433,8427,1433,12.877290693496228,77.69026667318654,12.872799137621271,12.881782249371184,77.68565734262154,77.69487600375155,3,2,Limited,7,35.52494300394288,35.44470254300002,29.50939626350001,42.74272212620002,5.414306161754462,0.14285714285714285,0.0,0.3486271742848374,0.3574221969756127,-0.0900777096527239,-0.3919251993590902,0.1387328336906783,0.3161181421472628,0.1572462617083299,903.6511047540056,590.3054053465022,28.145437106393373,Low,Limited historical support + V5
8427_1434,8427,1434,12.886273805246136,77.69026667318654,12.881782249371184,12.890765361121092,77.68565734262154,77.69487600375155,3,2,Limited,7,38.73067710607146,36.4624009079,32.269037251100045,46.72447616480004,5.689443070370734,0.2857142857142857,0.2857142857142857,0.2734416365579075,0.2282700444987943,0.0576678528459393,-0.377958748831494,0.0796044127466788,0.4404272654502876,0.1760191455046253,903.4784006750132,3341.8367163350663,42.77734205031529,High,Limited historical support + V5
8427_1435,8427,1435,12.895256916996049,77.69026667318654,12.890765361121092,12.899748472871002,77.68565734262154,77.69487600375155,1,1,Limited,7,36.555803187285726,35.881132426700034,30.968617361900005,43.41687530090004,5.196689974887805,0.2857142857142857,0.0,0.3227146914075454,0.2956247917627606,-0.0311449744075666,-0.3767482840704794,0.0530483809604128,0.5505244732583316,0.152148877917041,894.3533754862787,6477.887603345153,37.24907404629314,Low,Limited historical support + V5
8427_1436,8427,1436,12.904240028745958,77.69026667318654,12.899748472871002,12.908731584620911,77.68565734262154,77.69487600375155,4,4,Moderate,7,36.67598077048574,35.95171453970001,31.205588688500033,43.43387995040003,5.134850004404201,0.2857142857142857,0.0,0.3096869726579494,0.2791279141938425,-0.0269603175627858,-0.3636705631457384,0.0605394073190586,0.6226344768528111,0.1542331954561253,888.0474120508607,6502.445370321786,38.25474310314472,Low,Historical support + V5
8427_1437,8427,1437,12.913223140495868,77.69026667318654,12.908731584620911,12.917714696370822,77.68565734262154,77.69487600375155,2,2,Limited,7,36.29532076597145,35.41498285910002,31.136014891400023,43.16580464180002,5.202546643756582,0.14285714285714285,0.0,0.3289944887559946,0.3097318516748635,-0.05324810548749,-0.3723361241851229,0.0885620324401176,0.5033012212137544,0.1482253374193824,888.5295287664832,3667.965621842962,29.89744573547064,Low,Limited historical support + V5
8427_1438,8427,1438,12.922206252245775,77.69026667318654,12.917714696370822,12.926697808120734,77.68565734262154,77.69487600375155,7,4,Moderate,7,36.84808296037146,35.46507394220002,31.30696716170004,43.773374786900014,4.948578376554107,0.14285714285714285,0.0,0.2403880544649508,0.2210402609004224,-0.0188380143534995,-0.3179826895499189,0.0367797821808961,0.673902064856922,0.1521613996809565,888.1681622696767,1369.797114294474,31.805408602962366,Low,Historical support + V5
8427_1439,8427,1439,12.931189363995689,77.69026667318654,12.926697808120734,12.935680919870643,77.68565734262154,77.69487600375155,1,1,Limited,7,37.35091032401431,36.154044233600025,31.581229086500024,43.8383000768,4.793309990778096,0.2857142857142857,0.0,0.227316700422385,0.1850147906870278,0.0205388352060824,-0.2789873932856175,0.0333060179222051,0.6764220475825241,0.1499175743875221,888.8654363665368,3157.2770917648245,39.60836036940469,Low,Limited historical support + V5
8427_1440,8427,1440,12.940172475745598,77.69026667318654,12.935680919870643,12.944664031620553,77.68565734262154,77.69487600375155,6,2,Limited,7,37.208500962157174,36.09416052320003,31.568069709500037,44.25526433660004,4.979824571310438,0.2857142857142857,0.14285714285714285,0.261252553772804,0.2266023582508585,0.0071766711349999,-0.318599535945156,0.0433713539864966,0.647254283915687,0.1571631317934747,874.0993124332912,5426.959565346738,41.21810407674177,Moderate,Limited historical support + V5
8427_1441,8427,1441,12.94915558749551,77.69026667318654,12.944664031620553,12.953647143370464,77.68565734262154,77.69487600375155,3,2,Limited,7,37.22828641507145,36.453240614300014,31.653879101600037,44.20317371180001,5.206866092954095,0.2857142857142857,0.14285714285714285,0.3141894151725228,0.2760789182224246,-0.0073315771991302,-0.3763591562639689,0.049284712360137,0.5669378714959239,0.1590267052745255,872.039238010117,6547.935128932259,41.862659007816255,Moderate,Limited historical support + V5
8427_1442,8427,1442,12.95813869924542,77.69026667318654,12.953647143370464,12.962630255120374,77.68565734262154,77.69487600375155,4,4,Moderate,7,36.1610633818143,35.70729192950003,31.2023415695,42.88253623430004,4.766420867406771,0.14285714285714285,0.0,0.4369668407205106,0.4371036406660584,-0.0776076057697193,-0.4491061987672687,0.1487945127687315,0.4872732530003308,0.1410756145592592,876.8170540986233,6498.568995439984,30.915681436772523,Low,Historical support + V5
8427_1443,8427,1443,12.967121810995328,77.69026667318654,12.962630255120374,12.971613366870285,77.68565734262154,77.69487600375155,1,1,Limited,7,36.78327241828574,36.035182588100035,31.37549846270002,43.50165928700004,4.990633030302391,0.2857142857142857,0.0,0.3372721576892109,0.2931582074154172,-0.025464147785314,-0.3834373982960624,0.0949142865527017,0.5976399516036736,0.1427828881568276,877.667866528123,6332.683187863085,38.34131966617622,Low,Limited historical support + V5
8427_1444,8427,1444,12.97610492274524,77.69026667318654,12.971613366870285,12.980596478620194,77.68565734262154,77.69487600375155,4,3,Moderate,7,36.25401887715716,35.54534614190002,30.070190804900015,44.40999810200001,5.592432467284637,0.14285714285714285,0.14285714285714285,0.2038420666349652,0.2226334435565836,-0.0849942517709239,-0.237652693295061,0.0335889481115696,0.4367617341854821,0.1308894796725076,879.2941708425104,3847.805121533324,31.90049941033986,Low,Historical support + V5
8427_1445,8427,1445,12.98508803449515,77.69026667318654,12.980596478620194,12.989579590370104,77.68565734262154,77.69487600375155,7,5,High,7,37.01447949830002,35.86819522100002,31.364013915500013,44.352507005600025,5.072738376456861,0.14285714285714285,0.14285714285714285,0.2456095494299132,0.2060236527792691,-0.0161885174294012,-0.2754020990120867,0.0585639840160718,0.5866575460840925,0.1561797862822629,884.5083426423388,1252.9426397187813,34.701102414060024,Low,Strong historical support + V5
8427_1446,8427,1446,12.99407114624506,77.69026667318654,12.989579590370104,12.998562702120015,77.68565734262154,77.69487600375155,5,4,Moderate,7,37.36157698785717,36.14172227150002,31.468366066100042,43.826986430600016,4.973221576541126,0.2857142857142857,0.0,0.2315408398709638,0.1740066053258198,0.0179232851635146,-0.2798461639527941,0.031970959091946,0.6997850521059861,0.1451909981591557,896.7861442044075,2722.897048643425,39.792311416074206,Low,Historical support + V5
8427_1447,8427,1447,13.00305425799497,77.69026667318654,12.998562702120015,13.007545813869925,77.68565734262154,77.69487600375155,2,2,Limited,7,36.48642226417145,36.12141923270001,31.226387340200034,43.31098504130006,5.018529509007321,0.14285714285714285,0.0,0.4022538868524002,0.3624655125607735,-0.0392304630111231,-0.4245399275979321,0.1737275342841623,0.423742498283489,0.1397408032944794,894.9551950792983,4924.065131959291,31.95002922001933,Low,Limited historical support + V5
8427_1448,8427,1448,13.01203736974488,77.69026667318654,13.007545813869925,13.016528925619834,77.68565734262154,77.69487600375155,2,2,Limited,7,36.00996492482858,35.610818315,31.337336269399998,42.93214879460003,4.835045807990846,0.14285714285714285,0.0,0.4348107767248675,0.4121822026894315,-0.0784548556468077,-0.4537326696445159,0.1841051407247098,0.4011194793627531,0.1573805510906243,890.6301275116627,3573.5579920694186,29.665186769883498,Low,Limited historical support + V5
8427_1449,8427,1449,13.021020481494787,77.69026667318654,13.016528925619834,13.025512037369744,77.68565734262154,77.69487600375155,5,4,Moderate,7,37.48666187120002,36.42107704610001,31.862839754300055,43.947984338600016,4.767773720645017,0.2857142857142857,0.0,0.2183999808554828,0.1640767881204367,0.0238136024482226,-0.2870732153692636,0.0319739540205935,0.6947608035478959,0.1614046754363012,893.8182727540393,3965.664873779383,40.86835590767088,Moderate,Historical support + V5
8427_1450,8427,1450,13.0300035932447,77.69026667318654,13.025512037369744,13.034495149119657,77.68565734262154,77.69487600375155,4,3,Moderate,7,37.3467867270286,36.47730347510001,31.974711548900068,44.08142383940001,4.917667015244058,0.2857142857142857,0.0,0.2176723747434926,0.171587191705531,0.0283166487706567,-0.2843430990384644,0.0284363539200347,0.7037434219855156,0.1665196657401393,889.9237339841378,6091.783549888029,41.184872668023736,Moderate,Historical support + V5
8427_1451,8427,1451,13.03898670499461,77.69026667318654,13.034495149119657,13.043478260869565,77.68565734262154,77.69487600375155,1,1,Limited,7,37.4670668508286,36.35823674840005,32.07723505880006,44.516486515100006,4.963146457059157,0.2857142857142857,0.14285714285714285,0.2234473785434866,0.1718476683896037,0.0320078508010172,-0.2997198363287428,0.0279893563525916,0.7094024503669603,0.1694844710149169,881.9612859286381,8941.046729606398,42.90427351632792,High,Limited historical support + V5
8427_1452,8427,1452,13.04796981674452,77.69026667318654,13.043478260869565,13.052461372619476,77.68565734262154,77.69487600375155,6,4,Moderate,7,35.70799506504287,34.27295401669998,30.17049260180001,43.25713413620002,5.30985264070616,0.14285714285714285,0.0,0.3216159188899557,0.3312480355183814,-0.143142082708484,-0.3257340492446269,0.1131226656953703,0.2505911473108214,0.147636901602946,874.4178158248559,12012.648406237278,22.765976896421662,Low,Historical support + V5
8427_1453,8427,1453,13.05695292849443,77.69026667318654,13.052461372619476,13.061444484369384,77.68565734262154,77.69487600375155,3,2,Limited,7,37.62591200600002,36.428853041600036,31.934054201000002,44.6166686813,5.360847457461603,0.2857142857142857,0.2857142857142857,0.3415878246658217,0.3161847790759667,0.0138846010734389,-0.418644833036401,0.0711709569249472,0.4707537318113957,0.1663835503746086,887.431799234429,11727.911591523194,42.94535030035747,High,Limited historical support + V5
8427_1454,8427,1454,13.06593604024434,77.69026667318654,13.061444484369384,13.070427596119297,77.68565734262154,77.69487600375155,2,2,Limited,7,37.43859962711431,36.40762713740005,31.56781335800002,44.387336629400004,5.445974653043809,0.2857142857142857,0.2857142857142857,0.3623323632767757,0.3372867060360838,-0.004151986535178,-0.4344124788397527,0.0920325779034392,0.4829910574532676,0.1644975373025774,897.789472190492,8536.485599045205,42.98214614177229,High,Limited historical support + V5
8427_1455,8427,1455,13.074919151994251,77.69026667318654,13.070427596119297,13.079410707869206,77.68565734262154,77.69487600375155,3,2,Limited,7,38.1917261539143,36.34644457940003,32.00877211820003,45.03245372420004,5.245820923047989,0.2857142857142857,0.2857142857142857,0.3249622292104323,0.2944150709870151,0.042003239692167,-0.400166919196824,0.1666645257058399,0.386342296632266,0.1594143564499108,897.4055638142745,5489.001628625934,41.768986113502486,Moderate,Limited historical support + V5
8427_1456,8427,1456,13.08390226374416,77.69026667318654,13.079410707869206,13.088393819619116,77.68565734262154,77.69487600375155,1,1,Limited,7,38.692197525200015,36.89144786839999,32.31395003390004,46.45269230449999,5.528852745651438,0.2857142857142857,0.2857142857142857,0.2969199058261876,0.2644128665221095,0.0644213308834033,-0.3915724511200295,0.0505604814684632,0.5498207512657929,0.1684849596234178,896.8088339648889,3061.8354787368603,45.60108447986666,Very High,Limited historical support + V5
8427_1457,8427,1457,13.09288537549407,77.69026667318654,13.088393819619116,13.097376931369029,77.68565734262154,77.69487600375155,3,3,Moderate,7,38.095547954000025,36.5131585049,32.03071580660002,44.45860234640005,4.98074989714839,0.2857142857142857,0.2857142857142857,0.3392571147900673,0.3236979796839185,0.0372739819327413,-0.4325206340987144,0.1286587655804932,0.4240846514776147,0.1606391784886161,911.8798045706628,3090.499268301893,42.81855755516323,High,Historical support + V5
8427_1458,8427,1458,13.101868487243982,77.69026667318654,13.097376931369029,13.106360043118936,77.68565734262154,77.69487600375155,3,2,Limited,7,38.630306948771434,36.38587144010002,31.78061928320001,47.07986479430001,5.980024292826609,0.2857142857142857,0.2857142857142857,0.3479203946032158,0.3089712574138547,0.0549381545454033,-0.436363899455151,0.270742052966489,0.1697318119005171,0.1416877511762796,919.0220770371844,5544.109126692011,39.76184028101114,Low,Limited historical support + V5
8427_1459,8427,1459,13.110851598993891,77.69026667318654,13.106360043118936,13.115343154868846,77.68565734262154,77.69487600375155,1,1,Limited,7,38.276295293042885,36.732065595799995,32.15940425960003,45.13121741210002,5.068080157470423,0.2857142857142857,0.2857142857142857,0.349642796702645,0.3261433671549326,0.0434477911924854,-0.4446607055444849,0.1272928430823338,0.344026361950899,0.1718985796590615,904.190987794492,8385.498930451335,42.90055204217113,High,Limited historical support + V5
8427_1460,8427,1460,13.119834710743802,77.69026667318654,13.115343154868846,13.124326266618755,77.68565734262154,77.69487600375155,6,4,Moderate,7,39.097867670342886,37.08861635209999,32.30581514630004,47.96400402770004,6.025886231167975,0.2857142857142857,0.2857142857142857,0.2912551934042336,0.2587461047686606,0.083752981762882,-0.4226383397255366,0.0602095926706204,0.3114184075466221,0.1756309251288056,903.3722918071184,9013.735413716016,44.01199392262712,High,Historical support + V5
8427_1461,8427,1461,13.128817822493712,77.69026667318654,13.124326266618755,13.133309378368669,77.68565734262154,77.69487600375155,7,3,Moderate,7,39.1089176407143,37.085523043999984,33.06133428710003,47.7947265872,5.827152432654839,0.2857142857142857,0.2857142857142857,0.2826164389659366,0.2567107406959925,0.0846959881525492,-0.4174995415374685,0.1114520917918881,0.3508603173681997,0.1638169317309374,901.5072248797046,7420.377788941355,44.39394159401862,Very High,Historical support + V5
8427_1462,8427,1462,13.13780093424362,77.69026667318654,13.133309378368669,13.142292490118576,77.68565734262154,77.69487600375155,5,3,Moderate,7,35.76472198982858,34.543524479900015,29.980758311600034,42.63472978430001,5.22506867971939,0.14285714285714285,0.0,0.2696050783348148,0.1125284633274261,-0.1125768746019208,-0.2867674044375125,0.0733421801910667,0.2372826570764737,0.1238573642902731,883.8472695397903,4343.72702416527,23.723762875191532,Low,Historical support + V5
8427_1463,8427,1463,13.146784045993533,77.69026667318654,13.142292490118576,13.151275601868488,77.68565734262154,77.69487600375155,4,3,Moderate,7,38.6864796660286,36.697321422499996,32.24752081520004,47.91574158530002,5.671612111493545,0.2857142857142857,0.14285714285714285,0.2956628035714038,0.2965790052786637,0.0408751069041914,-0.407854270313691,0.0739104278357441,0.2924234218643767,0.1799476129672886,888.8899457341504,1924.3753382468865,40.10158588113554,Moderate,Historical support + V5
8428_1424,8428,1424,12.796442687747035,77.69948533431655,12.79195113187208,12.80093424362199,77.69487600375155,77.70409466488157,2,2,Limited,7,37.41803779537146,36.28601398580005,31.68604266980004,44.05659192410002,5.11329170513318,0.2857142857142857,0.0,0.3290224752084786,0.2770019976309535,0.0067453557452707,-0.3999748321395064,0.0589874292580331,0.6308042955354305,0.1532623579730019,887.1716498316499,9828.583244149651,39.68425112482799,Low,Limited historical support + V5
8428_1425,8428,1425,12.805425799496946,77.69948533431655,12.80093424362199,12.8099173553719,77.69487600375155,77.70409466488157,4,4,Moderate,7,37.60067236974288,36.342838568300046,32.000107437500034,44.05385750809999,4.9424695727979815,0.2857142857142857,0.0,0.3035215766587454,0.2507059084125779,0.0221322088454887,-0.3693942748765207,0.0582772720024844,0.5917060995029123,0.1469531721900366,882.065411417757,7126.301082907587,39.522371342351555,Low,Historical support + V5
8428_1426,8428,1426,12.814408911246856,77.69948533431655,12.8099173553719,12.81890046712181,77.69487600375155,77.70409466488157,2,1,Limited,7,37.39793983777145,36.157120451600036,31.633541882600028,44.098360128500005,5.159036267799087,0.2857142857142857,0.0,0.3055985428136494,0.2507346129229336,0.010258268663863,-0.3749646833939573,0.058430535772077,0.5508917966191331,0.1422239303686027,888.7100230373928,4017.62525802717,38.36546038368445,Low,Limited historical support + V5
8428_1427,8428,1427,12.823392022996766,77.69948533431655,12.81890046712181,12.827883578871722,77.69487600375155,77.70409466488157,1,1,Limited,7,36.97035530154288,35.80525238270004,31.67889900800001,43.68903514340005,5.1656793090276025,0.2857142857142857,0.0,0.388084061613205,0.3556474880542329,-0.0188567372792553,-0.4441784253548069,0.1646125361259996,0.2653821198015165,0.1444152506047487,890.8560400650755,1872.5191672468088,34.09172158852247,Low,Limited historical support + V5
8428_1428,8428,1428,12.832375134746677,77.69948533431655,12.827883578871722,12.836866690621632,77.69487600375155,77.70409466488157,3,3,Moderate,7,37.601683127085735,36.176688616100044,31.835854486400034,44.006723012300014,4.931199672755288,0.2857142857142857,0.0,0.3099132248696331,0.2709755540147097,0.02658918103225,-0.3901003729158469,0.0654690699064795,0.5957477329624246,0.1484817346614328,902.2703893388156,3317.284478573089,38.892913579790125,Low,Historical support + V5
8428_1429,8428,1429,12.841358246496586,77.69948533431655,12.836866690621632,12.84584980237154,77.69487600375155,77.70409466488157,1,1,Limited,7,38.2043044675143,36.164845176800014,32.160942368600004,45.5102758301,5.309063399293017,0.2857142857142857,0.2857142857142857,0.3082374644934929,0.2668614431653622,0.0522423176572805,-0.3960200030827576,0.0790373465813201,0.536141631842822,0.1557491495629523,905.6621288751678,6233.994755395934,42.534817137240836,High,Limited historical support + V5
8428_1430,8428,1430,12.850341358246496,77.69948533431655,12.84584980237154,12.854832914121452,77.69487600375155,77.70409466488157,0,0,Prediction Only,7,37.23188266040002,36.39962897060005,31.72828939700003,44.11382666900001,5.070062467188899,0.2857142857142857,0.0,0.3666001254512954,0.3537328549911579,0.0131178339313273,-0.4454258027528112,0.1285867061787162,0.4089950858051909,0.1497369225260338,899.8029189058884,8276.307825380594,37.92422557740183,Low,V5 prediction only
8428_1431,8428,1431,12.859324469996409,77.69948533431655,12.854832914121452,12.863816025871362,77.69487600375155,77.70409466488157,2,2,Limited,7,37.869912246585734,36.740456834900016,32.097708998600034,44.844479714300014,5.205456181312056,0.2857142857142857,0.14285714285714285,0.3117802124195142,0.2888793308165436,0.041881427846642,-0.399130018038446,0.0789224285174287,0.421672361785409,0.1470257038134569,906.1305514591204,5639.633047802414,41.5679862267791,Moderate,Limited historical support + V5
8428_1432,8428,1432,12.868307581746317,77.69948533431655,12.863816025871362,12.872799137621271,77.69487600375155,77.70409466488157,3,2,Limited,7,38.312106376871455,36.27656316050003,32.326784699000044,46.33268562230005,5.303331136551589,0.2857142857142857,0.14285714285714285,0.2749676343924506,0.2323634899500161,0.0563049809555561,-0.3802334317810771,0.0328701708926556,0.6978897776262724,0.1619365532577119,904.5108792751404,2769.8712824142026,42.459859779014444,High,Limited historical support + V5
8428_1433,8428,1433,12.877290693496228,77.69948533431655,12.872799137621271,12.881782249371184,77.69487600375155,77.70409466488157,3,3,Moderate,7,38.686826350914316,36.8290348232,32.47034153900004,46.87263024170004,5.428305777357342,0.2857142857142857,0.2857142857142857,0.2888149279683693,0.2445245522170205,0.0602156044371287,-0.4014211322616425,0.0582388612138921,0.4422491460954464,0.172703459320576,903.0476320463428,1940.8449300705624,44.27373499853805,Very High,Historical support + V5
8428_1434,8428,1434,12.886273805246136,77.69948533431655,12.881782249371184,12.890765361121092,77.69487600375155,77.70409466488157,9,6,Very High,7,38.33114474827146,36.45091636070002,32.35378705700004,46.66541277920006,5.4948452347835115,0.2857142857142857,0.2857142857142857,0.2798013190852611,0.247612223507769,0.0514783575986739,-0.37385571034435,0.0693940908309505,0.4598608283795048,0.1682697109145463,906.5067766145656,4128.162879535567,42.925374923663384,High,Strong historical support + V5
8428_1435,8428,1435,12.895256916996049,77.69948533431655,12.890765361121092,12.899748472871002,77.69487600375155,77.70409466488157,5,3,Moderate,7,37.646388387242894,36.56374520090004,32.12250673370005,44.13163455320002,5.075236301259701,0.2857142857142857,0.0,0.3047447196962171,0.2563312653052427,0.0292979508420862,-0.3803889754566267,0.0763078708039974,0.5256492559075994,0.164639548014909,897.4231539615071,7125.093838138691,39.75244192921731,Low,Historical support + V5
8428_1436,8428,1436,12.904240028745958,77.69948533431655,12.899748472871002,12.908731584620911,77.69487600375155,77.70409466488157,3,3,Moderate,7,37.29747934708574,36.19289003090003,31.717368823100024,44.035383110000005,5.086716594629805,0.2857142857142857,0.0,0.2942963260424364,0.2465098669681562,0.0182293430825281,-0.3691998937828067,0.0661853817686174,0.6029163191086802,0.1461248425006071,902.1781321249111,7951.716342248634,39.029919400531,Low,Historical support + V5
8428_1437,8428,1437,12.913223140495868,77.69948533431655,12.908731584620911,12.917714696370822,77.69487600375155,77.70409466488157,5,4,Moderate,7,37.523727856657175,36.04203571820004,32.08372929680005,44.264988603500015,5.0214242299003855,0.2857142857142857,0.14285714285714285,0.2472794324268489,0.1953797651407212,0.0409341956103227,-0.3263650376776652,0.0395494097633211,0.6392053058551559,0.1558355113846822,897.2268048912794,5497.820387416527,40.92746041871132,Moderate,Historical support + V5
8428_1438,8428,1438,12.922206252245775,77.69948533431655,12.917714696370822,12.926697808120734,77.69487600375155,77.70409466488157,2,2,Limited,7,37.72735395671431,36.551747950700026,31.967243175200007,44.96759679470005,5.6462443177604715,0.2857142857142857,0.2857142857142857,0.2663110412276511,0.2309806449680239,0.0394301628681424,-0.3414652014722841,0.0884538289927491,0.35757090244586,0.1530827255027124,888.6201989044307,4273.803061822625,42.30900283705105,Moderate,Limited historical support + V5
8428_1439,8428,1439,12.931189363995689,77.69948533431655,12.926697808120734,12.935680919870643,77.69487600375155,77.70409466488157,3,3,Moderate,7,38.44317767810003,36.04904265920004,32.14766336090004,46.751153810899986,5.698511347802138,0.2857142857142857,0.2857142857142857,0.1803873924383964,0.1409814657571378,0.0690178294592739,-0.2611951418471165,0.030467505440312,0.585833694799639,0.1813669024333777,888.3681747103956,5173.290070251795,42.564851644372084,High,Historical support + V5
8428_1440,8428,1440,12.940172475745598,77.69948533431655,12.935680919870643,12.944664031620553,77.69487600375155,77.70409466488157,3,3,Moderate,7,37.397683486271454,36.31209347840002,31.704568338200044,43.962237482000006,4.814150323282344,0.2857142857142857,0.0,0.2228523217266288,0.1933899736218964,0.0279775546326638,-0.2892578037622954,0.0333334447734525,0.6725864944030172,0.1549685145179332,877.7781934490988,6993.881958904173,40.207218955126976,Moderate,Historical support + V5
8428_1441,8428,1441,12.94915558749551,77.69948533431655,12.944664031620553,12.953647143370464,77.69487600375155,77.70409466488157,5,5,High,7,37.53599854845718,36.58329627530003,31.90686385190004,44.595494047400045,4.93768369322233,0.2857142857142857,0.14285714285714285,0.2079890113470029,0.1644063981958414,0.0346597430811197,-0.2816919101274259,0.0341843190986907,0.6546611959026152,0.1508607257978499,873.2179739500788,5209.966678317133,43.26424340178668,High,Strong historical support + V5
8428_1442,8428,1442,12.95813869924542,77.69948533431655,12.953647143370464,12.962630255120374,77.69487600375155,77.70409466488157,4,3,Moderate,7,37.343771545100026,36.07876234310003,31.54470754280003,43.760574302,4.871879564732357,0.2857142857142857,0.0,0.2361067906373874,0.1793531025092291,0.0261982299015011,-0.3022100875269277,0.0380626605749059,0.6789142410148217,0.1440296433423437,889.8234935272216,3306.3084499912275,39.32976498239724,Low,Historical support + V5
8428_1443,8428,1443,12.967121810995328,77.69948533431655,12.962630255120374,12.971613366870285,77.69487600375155,77.70409466488157,1,1,Limited,7,37.298429068357166,36.03730176050004,31.47270695150003,44.00668883209998,4.995060875365371,0.2857142857142857,0.0,0.2710281665370696,0.2343082649753403,0.0081080488698933,-0.3311516971329757,0.0375496705982468,0.694505404898969,0.1474561664688978,891.3365389047856,3906.798672630008,39.31851816004747,Low,Limited historical support + V5
8428_1444,8428,1444,12.97610492274524,77.69948533431655,12.971613366870285,12.980596478620194,77.69487600375155,77.70409466488157,2,2,Limited,7,37.1847725790286,36.04333456580004,31.083719185400035,43.76500063790003,5.1048911825069,0.2857142857142857,0.0,0.266960683237356,0.2165575270611686,0.0048601652992574,-0.3288559203869034,0.0343244542536007,0.7032739960919937,0.1475366913756293,888.9530729704146,4229.947812017923,39.43052679943052,Low,Limited historical support + V5
8428_1445,8428,1445,12.98508803449515,77.69948533431655,12.980596478620194,12.989579590370104,77.69487600375155,77.70409466488157,5,3,Moderate,7,37.3307049429286,36.107524981400026,31.570017980900037,44.26167312410001,4.945714375892951,0.2857142857142857,0.14285714285714285,0.2616198235384012,0.2205549226148756,0.0097320035629123,-0.319202027209509,0.039141453732478,0.6316547586518559,0.1587428734694149,894.1444550838752,2425.509056345556,41.11599090021703,Moderate,Historical support + V5
8428_1446,8428,1446,12.99407114624506,77.69948533431655,12.989579590370104,12.998562702120015,77.69487600375155,77.70409466488157,1,1,Limited,7,37.28464468198574,36.21736305410001,31.58363879060005,43.69474323679999,4.918837253700724,0.2857142857142857,0.0,0.2289575125175017,0.2038185210607858,0.0204112289173628,-0.2902127721960955,0.0325246629392154,0.6878822097822661,0.1543699910071497,898.013601654189,3497.85242180704,39.97824727529067,Low,Limited historical support + V5
8428_1447,8428,1447,13.00305425799497,77.69948533431655,12.998562702120015,13.007545813869925,77.69487600375155,77.70409466488157,4,4,Moderate,7,37.44838248864288,36.25743933860002,31.690537366100042,44.17391546060001,4.920682669353058,0.2857142857142857,0.0,0.242645105748452,0.1860323313881705,0.0114213219830049,-0.2884033547404535,0.0376121689691617,0.5742078936210804,0.1606198927312606,889.9848748736326,4195.83030529389,39.00308143910902,Low,Historical support + V5
8428_1448,8428,1448,13.01203736974488,77.69948533431655,13.007545813869925,13.016528925619834,77.69487600375155,77.70409466488157,7,5,High,7,37.24678522760002,35.84018454710003,31.4617692875,44.05124272280003,4.895637851652056,0.2857142857142857,0.0,0.2055153237615128,0.1675934641979435,0.0044175630976022,-0.2534826714641676,0.0306379132742094,0.6481367289012694,0.1546767432177373,881.981599662289,1369.6915577645618,38.060105228850134,Low,Strong historical support + V5
8428_1449,8428,1449,13.021020481494787,77.69948533431655,13.016528925619834,13.025512037369744,77.69487600375155,77.70409466488157,4,3,Moderate,7,36.77163406018575,35.50203982850003,31.22954900870002,43.56434577380002,4.880614349624921,0.14285714285714285,0.0,0.2865720960984242,0.269213394767685,-0.0310833803865107,-0.3261932459396202,0.0480696539227023,0.6207078524916193,0.152097056319776,889.0520351559169,1770.711463808817,31.422503475004675,Low,Historical support + V5
8428_1450,8428,1450,13.0300035932447,77.69948533431655,13.025512037369744,13.034495149119657,77.69487600375155,77.70409466488157,6,4,Moderate,7,37.17515817705718,36.17733803990002,31.311837840200056,44.17097596340002,5.2008189400783404,0.2857142857142857,0.0,0.2814170805156216,0.2581505157355452,-0.0001118486723962,-0.3569294063997767,0.0368165827866154,0.7001435117412905,0.1639023567694999,892.0659579977075,4888.228566690473,39.939489678182674,Low,Historical support + V5
8428_1451,8428,1451,13.03898670499461,77.69948533431655,13.034495149119657,13.043478260869565,77.69487600375155,77.70409466488157,3,2,Limited,7,37.539357973828594,36.62973007700003,31.89238853720004,44.0479614236,4.855599801670226,0.2857142857142857,0.0,0.2545274876764974,0.2029174266430868,0.029375746862088,-0.3340354600731477,0.0409719932596215,0.6702713908314348,0.1688569478625608,886.6529252772051,8168.548308956063,41.46469741640272,Moderate,Limited historical support + V5
8428_1452,8428,1452,13.04796981674452,77.69948533431655,13.043478260869565,13.052461372619476,77.69487600375155,77.70409466488157,4,3,Moderate,7,36.92751042084287,35.82822147710002,31.326039713300002,44.45202265790002,5.601544383032546,0.2857142857142857,0.14285714285714285,0.4035902317752488,0.3855578486700774,-0.0391960290239854,-0.4547017369651723,0.1615347715360787,0.3476046076543764,0.1715595497999554,873.3369563675072,11359.79499169968,37.14940912179649,Low,Historical support + V5
8428_1453,8428,1453,13.05695292849443,77.69948533431655,13.052461372619476,13.061444484369384,77.69487600375155,77.70409466488157,3,3,Moderate,7,38.58772574390002,36.49791413570001,32.162275396400034,46.51488317840001,5.754018204683124,0.2857142857142857,0.2857142857142857,0.299404271084526,0.2419270296862646,0.0551867838699089,-0.3874623533738305,0.1024732791347282,0.4220545673586766,0.1686162574592758,884.653398950458,12589.899461542587,42.73679531769085,High,Historical support + V5
8428_1454,8428,1454,13.06593604024434,77.69948533431655,13.061444484369384,13.070427596119297,77.69487600375155,77.70409466488157,5,4,Moderate,7,37.71369652537146,36.69776576510004,31.74777211100003,45.20167989440003,5.812082218183408,0.2857142857142857,0.2857142857142857,0.3244541678977679,0.2821417312530865,0.03355236990177,-0.4037117687755018,0.2027618353544475,0.301946634031675,0.1667989085382883,902.5434431667812,10033.3249298304,42.341466621342235,Moderate,Historical support + V5
8428_1455,8428,1455,13.074919151994251,77.69948533431655,13.070427596119297,13.079410707869206,77.69487600375155,77.70409466488157,4,3,Moderate,7,38.50311754168573,36.6448035452,32.05108720580004,46.79945043350001,5.7206068015744655,0.2857142857142857,0.2857142857142857,0.3304751350799877,0.3063093454062521,0.0434890151465125,-0.4155473364417055,0.2409894282884898,0.2740576533924242,0.1684561207235125,912.9867597598874,7610.2041882872445,41.84904669490348,Moderate,Historical support + V5
8428_1456,8428,1456,13.08390226374416,77.69948533431655,13.079410707869206,13.088393819619116,77.69487600375155,77.70409466488157,2,2,Limited,7,38.84107182774287,36.5903032163,32.37839680100003,47.37068702600001,5.904827987264645,0.2857142857142857,0.2857142857142857,0.2693517637708893,0.2306328584806347,0.0618694572642408,-0.3597541084413586,0.1203604928365769,0.3549736539866465,0.1654700705849475,905.9016791249962,6095.343193186083,42.438475318842805,High,Limited historical support + V5
8428_1457,8428,1457,13.09288537549407,77.69948533431655,13.088393819619116,13.097376931369029,77.69487600375155,77.70409466488157,2,2,Limited,7,38.271065722442884,36.59544733640002,32.241761451500054,44.995436567600045,5.123784114256537,0.2857142857142857,0.2857142857142857,0.3449932493813814,0.3272198928263852,0.0467828764353045,-0.4398763946778668,0.165887612752367,0.184073437711799,0.1583896721782514,906.766569930392,6108.273084464058,40.7502129321944,Moderate,Limited historical support + V5
8428_1458,8428,1458,13.101868487243982,77.69948533431655,13.097376931369029,13.106360043118936,77.69487600375155,77.70409466488157,2,2,Limited,7,37.967792132171446,36.23264160350001,31.837700217200005,44.685370883300045,5.081170634347022,0.2857142857142857,0.2857142857142857,0.3833061658035289,0.3448171119333953,0.0476471607307851,-0.4651765741176172,0.2974518869467492,0.1502332450814443,0.1471335167641459,914.6461329946156,7648.213101997558,38.949071116101,Low,Limited historical support + V5
8428_1459,8428,1459,13.110851598993891,77.69948533431655,13.106360043118936,13.115343154868846,77.69487600375155,77.70409466488157,1,1,Limited,7,37.28673943995716,36.43960271449999,31.438629292100014,44.58190741790002,5.648429702016195,0.2857142857142857,0.2857142857142857,0.4064735870711342,0.3849991172055495,0.0357216384265281,-0.4794565089985748,0.3883486798703524,0.0650210589303088,0.1415712003769744,912.825385953084,10083.45538405998,38.93136350233345,Low,Limited historical support + V5
8428_1460,8428,1460,13.119834710743802,77.69948533431655,13.115343154868846,13.124326266618755,77.69487600375155,77.70409466488157,4,4,Moderate,7,39.015561748742876,36.91029824869999,32.27071208090003,48.119865739700025,6.033094863940365,0.2857142857142857,0.2857142857142857,0.3145451680747251,0.2831884651146021,0.0760409321706328,-0.4244997736892965,0.1570842920478823,0.2786167937582644,0.1702129031106439,902.8259340612548,10645.702793509348,42.96504481521757,High,Historical support + V5
8428_1461,8428,1461,13.128817822493712,77.69948533431655,13.124326266618755,13.133309378368669,77.69487600375155,77.70409466488157,2,2,Limited,7,37.83750941698573,36.38281231219999,32.155353905900064,44.88626500880003,5.1331608422611525,0.2857142857142857,0.14285714285714285,0.3290942027291026,0.2992775298879614,0.0446559847567248,-0.4377041008993354,0.0489751826178176,0.6195994799335215,0.1623276855934418,897.9101984038278,7492.952066861649,42.10532619748094,Moderate,Limited historical support + V5
8428_1462,8428,1462,13.13780093424362,77.69948533431655,13.133309378368669,13.142292490118576,77.69487600375155,77.70409466488157,1,1,Limited,7,37.98825142331431,36.485694714200015,32.09006972390003,44.78519415740003,5.155569246919133,0.2857142857142857,0.2857142857142857,0.3768270585052239,0.3629627280079012,0.0189649108814479,-0.4735205081939418,0.1039366176471797,0.2341436035571558,0.1716942364899451,882.6636361378152,4362.551769662265,40.80842009857437,Moderate,Limited historical support + V5
8428_1463,8428,1463,13.146784045993533,77.69948533431655,13.142292490118576,13.151275601868488,77.69487600375155,77.70409466488157,4,3,Moderate,7,38.49605688894287,36.914109341,32.498095861400024,45.524802415100005,5.1275989315342265,0.2857142857142857,0.2857142857142857,0.311143511149779,0.2807780784545302,0.0574567104197408,-0.4208347886419925,0.0895427204235604,0.3093638357408851,0.1698234201757148,894.2850897425884,1964.9317522208205,43.287880584114575,High,Historical support + V5
8429_1424,8429,1424,12.796442687747035,77.70870399544657,12.79195113187208,12.80093424362199,77.70409466488157,77.71331332601157,1,1,Limited,7,37.38109144061432,36.47426143730004,31.76366590400005,44.10666591710002,5.158033241295143,0.2857142857142857,0.0,0.2568332161967805,0.203420651647944,0.0386462624135961,-0.3458155364165632,0.033424375449132,0.7042758646196621,0.1510242882959168,894.0764460100714,10317.213342524936,41.17793237627296,Moderate,Limited historical support + V5
8429_1425,8429,1425,12.805425799496946,77.70870399544657,12.80093424362199,12.8099173553719,77.70409466488157,77.71331332601157,2,2,Limited,7,37.181786694414306,36.307530421700044,31.6251848237,44.12003037530003,5.192822394098438,0.2857142857142857,0.0,0.353606428858339,0.3057240578783732,-0.0125689589618842,-0.4138099315919459,0.1213595596063857,0.4591431711656061,0.143940614572575,881.015371310905,7745.86678869983,38.05438864561442,Low,Limited historical support + V5
8429_1426,8429,1426,12.814408911246856,77.70870399544657,12.8099173553719,12.81890046712181,77.70409466488157,77.71331332601157,3,3,Moderate,7,38.528554934814295,36.45524015600001,32.12218202180001,46.195503389600034,5.577792008684556,0.2857142857142857,0.2857142857142857,0.2987989130597988,0.2449220045180996,0.0565353740690126,-0.3987257391291501,0.0572160054081297,0.5749616238434405,0.1547230924638407,887.4518766903327,5684.51259893462,44.093815314692385,Very High,Historical support + V5
8429_1427,8429,1427,12.823392022996766,77.70870399544657,12.81890046712181,12.827883578871722,77.70409466488157,77.71331332601157,3,2,Limited,7,37.8062760385143,36.620467242800025,32.07010848710002,44.39326689409999,4.929444518352108,0.2857142857142857,0.14285714285714285,0.339280285546013,0.3001413807545099,0.0341757513509873,-0.4320009428184327,0.0999138914313201,0.4731251578700207,0.1468291950968988,893.0356728980231,4825.646599220451,41.598746852083586,Moderate,Limited historical support + V5
8429_1428,8429,1428,12.832375134746677,77.70870399544657,12.827883578871722,12.836866690621632,77.70409466488157,77.71331332601157,3,3,Moderate,7,38.813979136357155,36.7373806169,32.25069957380003,47.35339184480001,6.015989514979485,0.2857142857142857,0.2857142857142857,0.3096719176745477,0.2635089608511995,0.0809042419026506,-0.4116001071162258,0.1060217325459572,0.3328332792410511,0.1435565549581352,894.7898057116942,5686.096300079544,42.810050020278965,High,Historical support + V5
8429_1429,8429,1429,12.841358246496586,77.70870399544657,12.836866690621632,12.84584980237154,77.70409466488157,77.71331332601157,1,1,Limited,7,38.28259177417146,36.83954523470001,32.34438750200004,45.60910787840005,5.0376045623575445,0.2857142857142857,0.14285714285714285,0.2980594971567947,0.2537893706765863,0.0770678111443784,-0.4029131126874893,0.089519776708501,0.3606851505982825,0.1514191326954666,895.3575795812625,7889.857008650718,41.35761319074753,Moderate,Limited historical support + V5
8429_1430,8429,1430,12.850341358246496,77.70870399544657,12.84584980237154,12.854832914121452,77.70409466488157,77.71331332601157,4,4,Moderate,7,38.1597115137286,36.86931618890002,32.039619748700034,45.701616589700016,5.694009272875704,0.2857142857142857,0.2857142857142857,0.3427471380992019,0.2999452438259698,0.0407336240909051,-0.4389085360299559,0.1122060009368125,0.3214005475181184,0.1572822019371186,893.4319510267183,9568.02135026322,43.22765317312262,High,Historical support + V5
8429_1431,8429,1431,12.859324469996409,77.70870399544657,12.854832914121452,12.863816025871362,77.70409466488157,77.71331332601157,4,3,Moderate,7,37.942498784171455,36.37676241680002,32.119481786000044,45.92852184740003,5.557537408874488,0.2857142857142857,0.2857142857142857,0.2654826453533838,0.2204146557827026,0.0425806974396953,-0.3655502239807337,0.0394670948633817,0.5143843909990294,0.1596954467224074,897.9992235804652,7353.942982198877,43.17164082062984,High,Historical support + V5
8429_1432,8429,1432,12.868307581746317,77.70870399544657,12.863816025871362,12.872799137621271,77.70409466488157,77.71331332601157,4,3,Moderate,7,37.54541275211431,36.614502797900016,31.8145431317,44.494081394000034,5.322961667279137,0.2857142857142857,0.2857142857142857,0.3562162632189741,0.3169160265300256,-0.0070539297808951,-0.4259487542630324,0.0968776963257895,0.3719069722788217,0.1568690282112418,892.2155232622036,5473.726383246437,42.70537502321841,High,Historical support + V5
8429_1433,8429,1433,12.877290693496228,77.70870399544657,12.872799137621271,12.881782249371184,77.70409466488157,77.71331332601157,3,3,Moderate,7,39.26122461191431,37.12826538409999,33.13760740340003,48.076559426300044,5.862932334157456,0.2857142857142857,0.2857142857142857,0.2993051927289077,0.2525048145705607,0.0925926988172357,-0.4110676898942795,0.0915154199029873,0.2359404424456634,0.1603228337844417,901.5108132729785,5095.031869809824,43.41706902428192,High,Historical support + V5
8429_1434,8429,1434,12.886273805246136,77.70870399544657,12.881782249371184,12.890765361121092,77.70409466488157,77.71331332601157,3,2,Limited,7,38.79555845000001,36.5311543802,32.24629032800003,47.179294996100026,5.830186379370378,0.2857142857142857,0.2857142857142857,0.2889754910622626,0.257447818911465,0.0722771953718938,-0.3837682372545613,0.0751678423449547,0.4386610887551228,0.1575490682471408,908.4205160563048,6321.238377290871,43.036876692832976,High,Limited historical support + V5
8429_1435,8429,1435,12.895256916996049,77.70870399544657,12.890765361121092,12.899748472871002,77.70409466488157,77.71331332601157,4,4,Moderate,7,37.459080891242884,36.58560343880003,32.204368312700055,43.8535615361,4.925560782435502,0.2857142857142857,0.0,0.2707346251097885,0.2273543627365744,0.0270952675521117,-0.3431525210394335,0.0341386010089087,0.6441863091600962,0.1613613434878416,904.3336547494562,8701.485959573874,41.02593928443955,Moderate,Historical support + V5
8429_1436,8429,1436,12.904240028745958,77.70870399544657,12.899748472871002,12.908731584620911,77.70409466488157,77.71331332601157,0,0,Prediction Only,7,37.36229965494289,36.350836735100046,31.78417402400004,44.34514117249998,5.305607444648029,0.2857142857142857,0.14285714285714285,0.3207418559508352,0.2764862630005068,0.0122615288348612,-0.3837391704914596,0.0815171610341201,0.4913045352829083,0.1487382846399394,897.52980717074,10001.855478737363,40.69345940518406,Moderate,V5 prediction only
8429_1437,8429,1437,12.913223140495868,77.70870399544657,12.908731584620911,12.917714696370822,77.70409466488157,77.71331332601157,2,2,Limited,7,37.44245466538573,36.374985046400035,31.510527342800017,44.0622316571,5.1137647798412615,0.2857142857142857,0.0,0.3668558632056831,0.3322684908563989,0.0183694109322522,-0.4312343776871331,0.1151721490060762,0.4875832425534625,0.1413688763986761,896.0297635723385,8322.64864667321,38.6107491477543,Low,Limited historical support + V5
8429_1438,8429,1438,12.922206252245775,77.70870399544657,12.917714696370822,12.926697808120734,77.70409466488157,77.71331332601157,2,2,Limited,7,38.89374595738574,36.31257200120001,32.172426915800024,47.93460905570004,6.1485973534557505,0.2857142857142857,0.2857142857142857,0.3109817569644505,0.2823644804516096,0.0782974637172901,-0.4007080343872956,0.2510638932543509,0.1368197720260247,0.1456156449219653,891.6502694844357,7568.954130000813,39.137195298568955,Low,Limited historical support + V5
8429_1439,8429,1439,12.931189363995689,77.70870399544657,12.926697808120734,12.935680919870643,77.70409466488157,77.71331332601157,2,2,Limited,7,38.54872125281431,36.39619386050004,32.164650920300026,46.47167940560004,5.699309580404815,0.2857142857142857,0.2857142857142857,0.2363886384205967,0.1892784010602917,0.052446958638598,-0.321079974281756,0.0541415480568403,0.4999377216572691,0.161378748688605,880.4057326624911,8094.63830370204,43.1055167366,High,Limited historical support + V5
8429_1440,8429,1440,12.940172475745598,77.70870399544657,12.935680919870643,12.944664031620553,77.70409466488157,77.71331332601157,2,2,Limited,7,38.37533486398574,36.45233483900002,32.34929236070005,46.504560758,5.462779803539766,0.2857142857142857,0.2857142857142857,0.242734498004473,0.2065774620986292,0.0514766258116445,-0.3281217910224836,0.0468148791011069,0.5203706326904367,0.1643702820395728,870.3014143534359,7405.100915194319,43.53619190835508,High,Limited historical support + V5
8429_1441,8429,1441,12.94915558749551,77.70870399544657,12.944664031620553,12.953647143370464,77.70409466488157,77.71331332601157,1,1,Limited,7,37.645311710942885,36.395800788200035,31.61923746890003,44.50442090450004,4.822159474671651,0.2857142857142857,0.14285714285714285,0.1838175872696751,0.1504041309741105,0.0382916792759298,-0.2626099313993952,0.0288178104669415,0.7008735871559653,0.155410405316972,876.3509034435806,4188.911428527087,42.97043348178528,High,Limited historical support + V5
8429_1442,8429,1442,12.95813869924542,77.70870399544657,12.953647143370464,12.962630255120374,77.70409466488157,77.71331332601157,2,2,Limited,7,36.895385915728596,35.750068449800025,30.953150821400037,43.74932901620001,5.031035562189387,0.2857142857142857,0.0,0.229036632234,0.2161355270519398,-0.0213052613837199,-0.2904664044451989,0.0336670727429395,0.6786329643052332,0.1436988341794712,883.9741633954253,1317.6509126443598,38.00174253513143,Low,Limited historical support + V5
8429_1443,8429,1443,12.967121810995328,77.70870399544657,12.962630255120374,12.971613366870285,77.70409466488157,77.71331332601157,3,2,Limited,7,37.07458538000002,36.025133609300035,31.203794228000028,43.8318912893,4.85671567412975,0.2857142857142857,0.0,0.2377683742452936,0.2048298287422814,0.0031783362232644,-0.2968166696244803,0.0367704810128059,0.6517010472993829,0.146052608208848,893.8669449804228,2342.9447293046005,38.84141571168216,Low,Limited historical support + V5
8429_1444,8429,1444,12.97610492274524,77.70870399544657,12.971613366870285,12.980596478620194,77.70409466488157,77.71331332601157,2,2,Limited,7,36.648770889842886,36.04876921760001,30.978273268400034,43.311890816600034,5.064763231075251,0.2857142857142857,0.0,0.3066821537236279,0.2660457011227126,-0.013449374336967,-0.3464262581961771,0.0526502575441634,0.6299400919398167,0.1381757343587462,904.976032996301,4348.655496844376,38.71909888348935,Low,Limited historical support + V5
8429_1445,8429,1445,12.98508803449515,77.70870399544657,12.980596478620194,12.989579590370104,77.70409466488157,77.71331332601157,6,5,High,7,36.555793421514316,36.08288105720003,31.00693336610003,42.86076344690004,4.993804233279775,0.2857142857142857,0.0,0.3040058474415512,0.2716541703996832,-0.0217226808835337,-0.340348222552696,0.0486585973723796,0.6620154450809752,0.1471435273376119,903.1297404269368,4406.999488119374,39.17738262452089,Low,Strong historical support + V5
8429_1446,8429,1446,12.99407114624506,77.70870399544657,12.989579590370104,12.998562702120015,77.70409466488157,77.71331332601157,4,4,Moderate,7,37.46564593108574,36.39000724430001,31.90761581630003,43.96406612270002,4.890541094732944,0.2857142857142857,0.0,0.2681459029909784,0.2338764179634909,0.0170597977353609,-0.3218891413485921,0.0480921016077387,0.5423118950464789,0.1659596906953739,899.4316817216202,4828.767428648823,39.218601331129186,Low,Historical support + V5
8429_1447,8429,1447,13.00305425799497,77.70870399544657,12.998562702120015,13.007545813869925,77.70409466488157,77.71331332601157,3,3,Moderate,7,37.369787560185735,36.20758751690002,31.81151818400003,44.08354301180001,4.835807106088671,0.2857142857142857,0.0,0.1977107461545984,0.1457028461640111,0.0263986318252703,-0.2559145363393725,0.0282717212627591,0.6774147293154732,0.152983806487958,890.157873831444,3208.768826957172,39.83416000574172,Low,Historical support + V5
8429_1448,8429,1448,13.01203736974488,77.70870399544657,13.007545813869925,13.016528925619834,77.70409466488157,77.71331332601157,3,2,Limited,7,37.4789273802286,36.02621028560003,32.141203303100035,44.32996516370001,4.789398403889929,0.2857142857142857,0.14285714285714285,0.2276140575487606,0.1850868957402608,0.0152234974817547,-0.2866209410791229,0.0312612076229802,0.6648202418872348,0.1599721907892434,877.2890671831047,1664.7598552125555,41.119805683787575,Moderate,Limited historical support + V5
8429_1449,8429,1449,13.021020481494787,77.70870399544657,13.016528925619834,13.025512037369744,77.70409466488157,77.71331332601157,8,5,High,7,37.05890155108575,35.938162090400034,31.22437070840002,44.10933197270004,5.057889940044142,0.2857142857142857,0.0,0.2521695545927547,0.2134628097872706,-0.0060152684601126,-0.2902670298760359,0.0377790692195922,0.639841184629236,0.1456807519479435,881.3346399015292,2898.086891554526,38.3721701727785,Low,Strong historical support + V5
8429_1450,8429,1450,13.0300035932447,77.70870399544657,13.025512037369744,13.034495149119657,77.70409466488157,77.71331332601157,2,1,Limited,7,37.523263982514315,36.47246697680002,32.11322680940005,44.10711025970003,4.783699813056449,0.2857142857142857,0.0,0.229319581657651,0.1810575832338149,0.0268818079007936,-0.2960407305474429,0.0297071583122051,0.6580565633812876,0.1684588728543889,883.5088570597559,5122.978863572541,40.70850455827287,Moderate,Limited historical support + V5
8429_1451,8429,1451,13.03898670499461,77.70870399544657,13.034495149119657,13.043478260869565,77.70409466488157,77.71331332601157,2,2,Limited,7,37.99607136478574,36.14326038050004,32.33303967560003,45.162116312900004,5.054038183850761,0.2857142857142857,0.14285714285714285,0.2354370078541352,0.1814512864377852,0.0491106491372179,-0.3193804562186363,0.0330845454973224,0.6649561524987351,0.1761297306613541,880.5127756710657,7381.985620272753,41.593080824815715,Moderate,Limited historical support + V5
8429_1452,8429,1452,13.04796981674452,77.70870399544657,13.043478260869565,13.052461372619476,77.70409466488157,77.71331332601157,9,4,Moderate,7,36.539423547157156,35.86966496960001,31.500307463000027,44.44785267350004,5.2729039887136935,0.14285714285714285,0.14285714285714285,0.4763982452727279,0.4688094950638301,-0.0846702108392753,-0.5142028419665228,0.229204315382533,0.2420104008254309,0.1614075177026643,872.5189698291935,9607.23160578971,31.260556611787635,Low,Historical support + V5
8429_1453,8429,1453,13.05695292849443,77.70870399544657,13.052461372619476,13.061444484369384,77.70409466488157,77.71331332601157,2,2,Limited,7,37.834425874657185,36.550773815000035,31.899583469300048,45.21996630140002,5.3761733734968224,0.2857142857142857,0.14285714285714285,0.3219840633734092,0.2754662043082584,0.0312305137020622,-0.4003308169552331,0.0832860084422429,0.5462269134355748,0.1616948030659979,880.9224323864124,12096.889071129206,42.04877833818512,Moderate,Limited historical support + V5
8429_1454,8429,1454,13.06593604024434,77.70870399544657,13.061444484369384,13.070427596119297,77.70409466488157,77.71331332601157,5,3,Moderate,7,38.149440363628585,36.24504901610003,32.13033399950004,45.69912143509997,5.272400731480829,0.2857142857142857,0.14285714285714285,0.2707140993585336,0.2361392216250589,0.0465480326609668,-0.3748726712465294,0.091056561345414,0.5702152362916708,0.1754093689322051,894.517338887074,11573.642104113273,41.05605739846449,Moderate,Historical support + V5
8429_1455,8429,1455,13.074919151994251,77.70870399544657,13.070427596119297,13.079410707869206,77.70409466488157,77.71331332601157,3,3,Moderate,7,38.67622072314288,36.5573876837,32.30836157120003,46.751495612900015,5.71601908663158,0.2857142857142857,0.2857142857142857,0.2940742673796512,0.2592804992039141,0.0668150246163141,-0.3981191289984903,0.0645846947716301,0.5140677001995423,0.1774134051707261,907.3231554600088,9803.429962163213,43.896708775096066,High,Historical support + V5
8429_1456,8429,1456,13.08390226374416,77.70870399544657,13.079410707869206,13.088393819619116,77.70409466488157,77.71331332601157,5,3,Moderate,7,38.74275004100002,36.58386024860002,32.19953181440004,46.62725058590002,5.739342353474075,0.2857142857142857,0.2857142857142857,0.2602758961779413,0.2240825231329708,0.0724035212547912,-0.3714303323283295,0.0399910551199,0.6155626045558662,0.1813956769403308,904.3512933404772,8905.268135742428,45.018388427227116,Very High,Historical support + V5
8429_1457,8429,1457,13.09288537549407,77.70870399544657,13.088393819619116,13.097376931369029,77.70409466488157,77.71331332601157,7,5,High,7,38.38343312994288,36.6777703481,32.202932744300035,45.14820497150003,5.2388587409923195,0.2857142857142857,0.2857142857142857,0.3240836461931421,0.2992788277228594,0.0469087870602368,-0.4238242238771236,0.0822911781280144,0.3982903578372217,0.1726123224770178,897.3766786709025,9081.764273874807,43.224287453959036,High,Strong historical support + V5
8429_1458,8429,1458,13.101868487243982,77.70870399544657,13.097376931369029,13.106360043118936,77.70409466488157,77.71331332601157,5,4,Moderate,7,38.18463864530002,36.4402179581,32.174904980300006,44.860048795400026,5.098099365145945,0.2857142857142857,0.2857142857142857,0.3710878756129782,0.3371602000465245,0.0679964780894527,-0.4609016696324133,0.2531026441076711,0.301132938891881,0.1500373079708603,915.6156335379492,10297.513521799498,41.294962806731924,Moderate,Historical support + V5
8429_1459,8429,1459,13.110851598993891,77.70870399544657,13.106360043118936,13.115343154868846,77.70409466488157,77.71331332601157,6,4,Moderate,7,38.03727559588572,36.5614551275,31.77398832440001,44.9578896179,5.3516012563208015,0.2857142857142857,0.2857142857142857,0.3925963762528076,0.3540251771257863,0.0465865714648515,-0.4653867885535829,0.3279754193382186,0.0446263229773831,0.1409589268511308,921.2135149616254,12267.408242546917,39.218693895604694,Low,Historical support + V5
8429_1460,8429,1460,13.119834710743802,77.70870399544657,13.115343154868846,13.124326266618755,77.70409466488157,77.71331332601157,2,2,Limited,7,38.941373624642885,36.922398039500024,32.84206830410003,46.907049703100064,5.702946772707431,0.2857142857142857,0.2857142857142857,0.3057485051126667,0.2708050221862932,0.0885626081774661,-0.4303022265257242,0.2021667777767117,0.111040300279321,0.1592915538754047,899.6748003832646,11703.696189108818,41.338063141155175,Moderate,Limited historical support + V5
8429_1461,8429,1461,13.128817822493712,77.70870399544657,13.124326266618755,13.133309378368669,77.70409466488157,77.71331332601157,2,2,Limited,7,37.99540973377145,36.54445047800004,32.02659709250004,44.85581045060003,5.228497519911895,0.2857142857142857,0.2857142857142857,0.3380890358373084,0.3143811836911177,0.0210431245186198,-0.4315378642532438,0.0894217181177127,0.3256517957908686,0.1666982601235495,885.133711812084,8825.608998973417,41.960390227661655,Moderate,Limited historical support + V5
8429_1462,8429,1462,13.13780093424362,77.70870399544657,13.133309378368669,13.142292490118576,77.70409466488157,77.71331332601157,4,3,Moderate,7,36.56438974181431,35.85568526780002,31.169238045800004,43.631868758900076,5.217420909196018,0.2857142857142857,0.0,0.4443693232075146,0.4507029148893516,-0.0862996052585448,-0.4953407211009858,0.1074349357610421,0.1163320283134166,0.1519273544440283,877.6358165314723,6384.221407096449,32.80455316291407,Low,Historical support + V5
8429_1463,8429,1463,13.146784045993533,77.70870399544657,13.142292490118576,13.151275601868488,77.70409466488157,77.71331332601157,2,1,Limited,7,38.10798954680003,36.6657389177,32.11549979270003,44.456688255200035,4.932433059972518,0.2857142857142857,0.2857142857142857,0.3044278708073965,0.2949345917012874,0.0375869644626672,-0.4097675464855259,0.0749243822556638,0.4285299690278992,0.1725938407587503,887.199922637151,5051.667694988282,43.478175916781446,High,Limited historical support + V5
8430_1424,8430,1424,12.796442687747035,77.71792265657658,12.79195113187208,12.80093424362199,77.71331332601157,77.7225319871416,0,0,Prediction Only,7,37.40393357998574,36.46672470320005,31.566753771800016,44.4075200375,5.25705216153155,0.2857142857142857,0.14285714285714285,0.3343980368190484,0.3029292620767955,0.0072726310593594,-0.4108363373204298,0.0770917471703211,0.4669703194567919,0.1409523435369239,892.8497879171227,8757.22271029012,40.917347883913095,Moderate,V5 prediction only
8430_1425,8430,1425,12.805425799496946,77.71792265657658,12.80093424362199,12.8099173553719,77.71331332601157,77.7225319871416,2,1,Limited,7,38.691621344685736,36.56876969030001,32.400784832,46.73628542390003,5.73982703394461,0.2857142857142857,0.2857142857142857,0.3243291398610652,0.2809926342731405,0.0602571989547823,-0.4108638307800141,0.0768761701161375,0.3968510000844146,0.1456653303092427,882.5628904630443,5840.306281177062,42.77043111242521,High,Limited historical support + V5
8430_1426,8430,1426,12.814408911246856,77.71792265657658,12.8099173553719,12.81890046712181,77.71331332601157,77.7225319871416,1,1,Limited,7,37.5328002583143,36.360851533700014,31.59997692620001,44.493192708800045,5.282470223934647,0.2857142857142857,0.14285714285714285,0.4197035883651956,0.3613920914771057,-0.0022230706024623,-0.4914918091238707,0.1471040200287796,0.2620221175217038,0.1478065422632113,877.3907309881426,3678.8485454444,38.441012333201776,Low,Limited historical support + V5
8430_1427,8430,1427,12.823392022996766,77.71792265657658,12.81890046712181,12.827883578871722,77.71331332601157,77.7225319871416,2,2,Limited,7,37.90318178840003,36.69680871950002,31.92554333120001,44.58474437450005,5.0992970916148455,0.2857142857142857,0.14285714285714285,0.3705113627450693,0.3082654208039103,0.0298462495359996,-0.4600872860960694,0.1386615882160821,0.3057186805531868,0.1492236342068291,884.4735002499151,3567.2931676189764,40.2324713807048,Moderate,Limited historical support + V5
8430_1428,8430,1428,12.832375134746677,77.71792265657658,12.827883578871722,12.836866690621632,77.71331332601157,77.7225319871416,3,3,Moderate,7,38.5859434906143,36.591721694600025,31.815397636700016,48.71742108619999,6.317815684896954,0.2857142857142857,0.2857142857142857,0.3430091142588097,0.292489166897202,0.0420129469336565,-0.4397366468916615,0.1309555502911119,0.3261314010324819,0.1460734942534031,883.7069098126799,4970.465866761786,42.15577173088365,Moderate,Historical support + V5
8430_1429,8430,1429,12.841358246496586,77.71792265657658,12.836866690621632,12.84584980237154,77.71331332601157,77.7225319871416,1,1,Limited,7,37.23962203425716,36.03027772940002,31.49097626840002,44.048457036500025,5.309658507755622,0.2857142857142857,0.0,0.2962962352535895,0.222308170202887,0.007534522623505,-0.3494498429129663,0.0692119611193491,0.2984465504591736,0.1278277672110549,884.0341691301068,7453.3291980288,35.329610519380005,Low,Limited historical support + V5
8430_1430,8430,1430,12.850341358246496,77.71792265657658,12.84584980237154,12.854832914121452,77.71331332601157,77.7225319871416,2,2,Limited,7,37.35816385074289,36.396740743700036,31.744935154400018,44.168258637500024,5.27926805548688,0.2857142857142857,0.0,0.3421254032278727,0.3026522357045729,-0.0013044895562883,-0.404075059550287,0.0950719166937664,0.3035568507578375,0.1421871157825953,886.8691888903071,10185.770961293658,36.85819863503158,Low,Limited historical support + V5
8430_1431,8430,1431,12.859324469996409,77.71792265657658,12.854832914121452,12.863816025871362,77.71331332601157,77.7225319871416,1,1,Limited,7,36.547219074200015,35.63505207680002,30.618116501000014,43.414209245300036,5.306054953326886,0.2857142857142857,0.0,0.3579959358534083,0.3281713902866124,-0.0610053234507328,-0.4102769858964468,0.0820336052577004,0.3109849475036073,0.1383028620306998,890.1192359767201,9926.40771327993,33.86154577856716,Low,Limited historical support + V5
8430_1432,8430,1432,12.868307581746317,77.71792265657658,12.863816025871362,12.872799137621271,77.71331332601157,77.7225319871416,2,2,Limited,7,38.17033423160002,36.51185965730002,32.00743909040004,44.83827600800006,5.140533644958961,0.2857142857142857,0.2857142857142857,0.3171448738212749,0.2663854298342738,0.0385130816299534,-0.395730339357454,0.0736885812201195,0.4404047354145129,0.1516082072325917,896.0256405711614,8632.575816803243,42.976521773324336,High,Limited historical support + V5
8430_1433,8430,1433,12.877290693496228,77.71792265657658,12.872799137621271,12.881782249371184,77.71331332601157,77.7225319871416,2,2,Limited,7,39.06892680671431,37.013266101199996,32.63396215640004,47.685076505600016,5.866704223956742,0.2857142857142857,0.2857142857142857,0.2829822898368753,0.2205401540448598,0.0881392209573468,-0.3921396192797696,0.0753536141156662,0.3755475157092613,0.1574456733627346,909.1184776828452,8395.137346678692,44.349492071280565,Very High,Limited historical support + V5
8430_1434,8430,1434,12.886273805246136,77.71792265657658,12.881782249371184,12.890765361121092,77.71331332601157,77.7225319871416,4,3,Moderate,7,38.21975635935716,36.30428330270001,31.907274014300032,45.134105639000026,5.247119946634061,0.2857142857142857,0.2857142857142857,0.3149218976710073,0.2677119319742508,0.0457553983703151,-0.397281469812868,0.0988811642623965,0.5337613481131138,0.1554385525419607,901.3586226700052,9190.830668870158,43.073193147783705,High,Historical support + V5
8430_1435,8430,1435,12.895256916996049,77.71792265657658,12.890765361121092,12.899748472871002,77.71331332601157,77.7225319871416,3,3,Moderate,7,37.6173230100286,36.042531331100015,32.07192003770005,44.70863050940004,5.279366096813779,0.2857142857142857,0.2857142857142857,0.2948427686491485,0.2458733870806278,0.0427688601898853,-0.3812344038337787,0.0553451451131396,0.6078462784335822,0.1590643137869903,894.3203919636129,10967.87831471067,42.758725471760926,High,Historical support + V5
8430_1436,8430,1436,12.904240028745958,77.71792265657658,12.899748472871002,12.908731584620911,77.71331332601157,77.7225319871416,1,1,Limited,7,37.36510731422861,36.23816170580003,31.78140542780003,44.11025483810005,5.319746216978526,0.2857142857142857,0.0,0.3414703102985857,0.2979651465566426,0.0099106257970614,-0.4091621986906781,0.1045989551232236,0.5163072100090937,0.146831322504392,886.2343189392334,12504.00698731131,38.346352119797196,Low,Limited historical support + V5
8430_1437,8430,1437,12.913223140495868,77.71792265657658,12.908731584620911,12.917714696370822,77.71331332601157,77.7225319871416,0,0,Prediction Only,7,36.828548976071446,35.52159090290002,30.96063628520004,44.16243091340004,5.461803718595495,0.2857142857142857,0.0,0.3758487662529854,0.3413635064082344,-0.0448137370235644,-0.4322550904074114,0.1043755690551995,0.4310270281839291,0.1416022725479939,883.3927583810777,11427.016302179904,34.604520161689834,Low,V5 prediction only
8430_1438,8430,1438,12.922206252245775,77.71792265657658,12.917714696370822,12.926697808120734,77.71331332601157,77.7225319871416,5,4,Moderate,7,37.262207822128595,36.27878487350003,31.520490871100005,44.52817614350004,5.623289458896628,0.2857142857142857,0.2857142857142857,0.3595077412772915,0.319398235520118,-0.0087949894102201,-0.4237469314659066,0.1611796429816936,0.3644412864878875,0.1446916408375262,885.1099385841725,10867.274898527912,41.27718938886977,Moderate,Historical support + V5
8430_1439,8430,1439,12.931189363995689,77.71792265657658,12.926697808120734,12.935680919870643,77.71331332601157,77.7225319871416,4,3,Moderate,7,38.817182309385736,36.73112564030002,32.253929602700026,46.865452399700004,5.726126219167033,0.2857142857142857,0.2857142857142857,0.2714812982707517,0.2286223810628933,0.0696389225997344,-0.3593892383963222,0.1081003764049338,0.3811933712810585,0.1602165835806085,884.4417222722533,9854.830141108923,43.26843247538812,High,Historical support + V5
8430_1440,8430,1440,12.940172475745598,77.71792265657658,12.935680919870643,12.944664031620553,77.71331332601157,77.7225319871416,3,2,Limited,7,37.51736057368574,36.405883947200046,32.02880171540004,44.214538628300026,5.04827661910018,0.2857142857142857,0.14285714285714285,0.2872324108193771,0.260747806451649,0.0236006340143394,-0.3578331410927493,0.0605253206612575,0.535167481524753,0.1550579707191422,869.096992883761,6988.272229952164,41.35402514274561,Moderate,Limited historical support + V5
8430_1441,8430,1441,12.94915558749551,77.71792265657658,12.944664031620553,12.953647143370464,77.71331332601157,77.7225319871416,3,3,Moderate,7,37.454815690571444,36.03600291290004,32.14862040650004,44.8099918925,5.1056248666373865,0.2857142857142857,0.14285714285714285,0.1854402833686595,0.1334090350918855,0.0450832323751279,-0.2695711551822577,0.0289503713297844,0.6621911603370675,0.1723112343560517,874.0241268040156,4096.923663413462,41.13299623607761,Moderate,Historical support + V5
8430_1442,8430,1442,12.95813869924542,77.71792265657658,12.953647143370464,12.962630255120374,77.71331332601157,77.7225319871416,6,4,Moderate,7,37.36308579954288,35.8956248315,31.737859853000035,43.9023537716,4.831498754120784,0.2857142857142857,0.0,0.2342160306099602,0.1894946640372499,0.0219569154874772,-0.3004970719602809,0.0300282014752198,0.7138433337376958,0.1534741006159133,886.9505102873086,2189.2014095754016,38.94069231930191,Low,Historical support + V5
8430_1443,8430,1443,12.967121810995328,77.71792265657658,12.962630255120374,12.971613366870285,77.71331332601157,77.7225319871416,4,4,Moderate,7,36.79387804605716,35.61035688230002,30.946195150700024,43.708141875200006,5.138485383117714,0.2857142857142857,0.0,0.250547800089239,0.1957609440902007,-0.0102862329358309,-0.2951368431251453,0.0352484338197072,0.6539486628331178,0.1369617851635408,894.0238704026167,1216.0739374636817,37.19161822600016,Low,Historical support + V5
8430_1444,8430,1444,12.97610492274524,77.71792265657658,12.971613366870285,12.980596478620194,77.71331332601157,77.7225319871416,4,3,Moderate,7,36.953792553200024,35.83081917230004,31.565113122200046,43.28307690800003,4.912793875817822,0.2857142857142857,0.0,0.3090582320043552,0.2701974246036318,0.0005463964200204,-0.3617667809601059,0.0504370965576737,0.5736866930252439,0.1485192480469696,897.0158432908081,1970.096090170792,37.27784607506402,Low,Historical support + V5
8430_1445,8430,1445,12.98508803449515,77.71792265657658,12.980596478620194,12.989579590370104,77.71331332601157,77.7225319871416,1,1,Limited,7,37.00002127370002,35.725270714700024,31.844433716600022,43.619170814600004,4.91033972574226,0.2857142857142857,0.0,0.2807156977384917,0.2463391115138676,-0.005822635406376,-0.3271789568802984,0.0445855374196961,0.5988063652708147,0.1472909301969883,889.4469070483257,1735.846028677112,37.10349842146136,Low,Limited historical support + V5
8430_1446,8430,1446,12.99407114624506,77.71792265657658,12.989579590370104,12.998562702120015,77.71331332601157,77.7225319871416,6,5,High,7,37.31192536447146,36.02125415660004,31.528232686400038,43.77862144760001,4.814541148061517,0.2857142857142857,0.0,0.2402586971406852,0.1993193706600101,0.0137824582555803,-0.2956693152723475,0.0387987629205706,0.6956084688637425,0.1561370697138992,888.067759884532,2656.8235309508973,39.26484896661248,Low,Strong historical support + V5
8430_1447,8430,1447,13.00305425799497,77.71792265657658,12.998562702120015,13.007545813869925,77.71331332601157,77.7225319871416,2,1,Limited,7,37.45936409861432,36.236281794800014,31.737928213400046,44.08273977710003,4.84287742653134,0.2857142857142857,0.0,0.2430823312320711,0.203668051752023,0.0172119696403074,-0.3048173550063535,0.0318063566779611,0.6694983448015643,0.1641566064254655,886.2884624251219,2670.78917849379,39.870684147552396,Low,Limited historical support + V5
8430_1448,8430,1448,13.01203736974488,77.71792265657658,13.007545813869925,13.016528925619834,77.71331332601157,77.7225319871416,8,4,Moderate,7,37.56236368987146,36.30626575430003,32.28156429440003,44.33355408470002,4.809190254319339,0.2857142857142857,0.14285714285714285,0.245243448956255,0.2048071632955156,0.0164729047242223,-0.3172915674070627,0.0363763946818076,0.6308453752624693,0.1593011066598783,884.3005540264469,1837.3373088210744,41.909169014053425,Moderate,Historical support + V5
8430_1449,8430,1449,13.021020481494787,77.71792265657658,13.016528925619834,13.025512037369744,77.71331332601157,77.7225319871416,5,5,High,7,36.80929819914288,35.65832879300003,31.291774062800062,43.932500708000006,4.949367833972988,0.14285714285714285,0.0,0.2638656462718167,0.2231389098894194,-0.0298931928189502,-0.3100356603892225,0.0422726855020794,0.6674244497763344,0.1585231071697681,871.190096101659,2367.652978078473,32.51978656557417,Low,Strong historical support + V5
8430_1450,8430,1450,13.0300035932447,77.71792265657658,13.025512037369744,13.034495149119657,77.71331332601157,77.7225319871416,4,4,Moderate,7,38.00551486575717,36.298711930100055,32.441732711600054,46.30243614530003,5.324522667871603,0.2857142857142857,0.14285714285714285,0.2235830776186578,0.1432109779486842,0.0439896187225226,-0.3008074232601342,0.0303693226617501,0.6706397313450808,0.1628327856260066,880.6474179336385,3003.7249001966243,42.27665748838066,Moderate,Historical support + V5
8430_1451,8430,1451,13.03898670499461,77.71792265657658,13.034495149119657,13.043478260869565,77.71331332601157,77.7225319871416,4,4,Moderate,7,36.7311207574143,35.77958305250001,31.42094103860002,44.23352572940003,5.397290306405572,0.2857142857142857,0.14285714285714285,0.4142834083192335,0.3964869001862087,-0.0529848200685354,-0.4612724044361388,0.1570957922001357,0.3758579781365516,0.1709808411333803,871.3010949487641,4941.026081176431,37.235845142961765,Low,Historical support + V5
8430_1452,8430,1452,13.04796981674452,77.71792265657658,13.043478260869565,13.052461372619476,77.71331332601157,77.7225319871416,4,3,Moderate,7,37.75252523257144,36.45720551750003,31.987648754600016,44.7366411833,5.262287800021068,0.2857142857142857,0.2857142857142857,0.3515899973552859,0.3108167178860042,0.0088124267577171,-0.4190914819693637,0.0847518481666594,0.4627955742930261,0.1724056160927148,873.5184127637232,7680.432882658775,42.980078653910915,High,Historical support + V5
8430_1453,8430,1453,13.05695292849443,77.71792265657658,13.052461372619476,13.061444484369384,77.71331332601157,77.7225319871416,4,4,Moderate,7,37.99537555357146,36.585261636800034,31.92198859040004,44.8902982724,5.092646731018687,0.2857142857142857,0.14285714285714285,0.3049385208648374,0.2683513937940589,0.0342600044831663,-0.3841065574177174,0.0791658366203099,0.5406979309069498,0.1721392825619175,877.7341108947287,10523.761040045529,42.13253458655263,Moderate,Historical support + V5
8430_1454,8430,1454,13.06593604024434,77.71792265657658,13.061444484369384,13.070427596119297,77.71331332601157,77.7225319871416,7,5,High,7,37.99979212370003,36.29647312700003,32.04445624700004,45.021208438400016,5.023057018379281,0.2857142857142857,0.14285714285714285,0.2677192702277348,0.2362895755995224,0.0416384229926627,-0.3664937778025138,0.0386067197557553,0.6408679528545885,0.1721316631615357,885.6078592054957,9580.958655388433,41.96991342218294,Moderate,Strong historical support + V5
8430_1455,8430,1455,13.074919151994251,77.71792265657658,13.070427596119297,13.079410707869206,77.71331332601157,77.7225319871416,3,2,Limited,7,37.811361563985734,36.807347486300024,32.12078063360005,44.90265441470001,5.12294981332095,0.2857142857142857,0.14285714285714285,0.292479999889059,0.2563573398292685,0.035930771715934,-0.3892414386432477,0.0499688861515722,0.5912743456776088,0.1732260782579883,889.4168124478828,7683.920406146599,43.53369205791166,High,Limited historical support + V5
8430_1456,8430,1456,13.08390226374416,77.71792265657658,13.079410707869206,13.088393819619116,77.71331332601157,77.7225319871416,1,1,Limited,7,38.738340795200024,36.71123276390001,32.285255756000026,46.65351806960001,5.664311789645389,0.2857142857142857,0.2857142857142857,0.26675460156157,0.2369524885464147,0.071032747329532,-0.3788983218258865,0.0663548549496305,0.4455491632741387,0.1840318535256552,890.3388633831721,6937.489673535748,43.83178740734414,High,Limited historical support + V5
8430_1457,8430,1457,13.09288537549407,77.71792265657658,13.088393819619116,13.097376931369029,77.71331332601157,77.7225319871416,3,3,Moderate,7,38.323478617700026,36.76761300380002,32.01796659200005,45.28244770700003,5.38749674746083,0.2857142857142857,0.2857142857142857,0.3184089246330742,0.2864112166721835,0.0432349173740383,-0.413807670629918,0.1176889683052054,0.3169686338549784,0.1675082621947098,893.6121800216428,7629.187141885789,42.773292815324936,High,Historical support + V5
8430_1458,8430,1458,13.101868487243982,77.71792265657658,13.097376931369029,13.106360043118936,77.71331332601157,77.7225319871416,3,3,Moderate,7,38.887554458300016,37.00475523139998,32.32290524630002,47.149062609199994,5.80890002352591,0.2857142857142857,0.2857142857142857,0.3130340065778794,0.2620975181781373,0.079278012677213,-0.4210171098216207,0.1378586252101997,0.4278741595161931,0.1613379014622955,906.8838678776696,9489.98415987723,44.83844485985549,Very High,Historical support + V5
8430_1459,8430,1459,13.110851598993891,77.71792265657658,13.106360043118936,13.115343154868846,77.71331332601157,77.7225319871416,2,2,Limited,7,37.72306190017145,36.231718738100014,31.174980319400053,45.79046801960002,5.651898942579869,0.2857142857142857,0.14285714285714285,0.3666068420650492,0.3480153685712475,0.063313177849322,-0.441104594498774,0.4262472654557556,0.0330498784584352,0.1131000009031962,908.4425309377827,11995.423587590149,35.63065954983972,Low,Limited historical support + V5
8430_1460,8430,1460,13.119834710743802,77.71792265657658,13.115343154868846,13.124326266618755,77.71331332601157,77.7225319871416,2,2,Limited,7,39.27159097828572,39.616293412400026,33.08720869850003,46.13047555910001,5.151606498626145,0.2857142857142857,0.2857142857142857,0.3245219308664303,0.2782123888418089,0.0985429009379286,-0.4239015799954443,0.2603648728392983,0.0815241049532602,0.1419311128335254,898.9894609095566,13178.913845131436,51.903998087780366,Very High,Limited historical support + V5
8430_1461,8430,1461,13.128817822493712,77.71792265657658,13.124326266618755,13.133309378368669,77.71331332601157,77.7225319871416,1,1,Limited,7,39.486015580100016,37.717173140000014,33.581693651900025,47.903351262800015,5.644370257701733,0.2857142857142857,0.2857142857142857,0.3097416098117983,0.2700064541933427,0.0990813780020585,-0.4321321534510883,0.0849001212277895,0.2182518362301718,0.1659285176484905,890.9828879054919,11039.556873723232,45.61450835956771,Very High,Limited historical support + V5
8430_1462,8430,1462,13.13780093424362,77.71792265657658,13.133309378368669,13.142292490118576,77.71331332601157,77.7225319871416,2,2,Limited,7,36.9888907357143,35.94233207480002,31.57799905760003,43.96941532400003,5.382957460292385,0.2857142857142857,0.0,0.4155283178383963,0.3965018245424023,-0.0335240712695491,-0.4814157849999447,0.1184270827480678,0.2983004468582383,0.1489819803442915,883.2827339023053,9205.868128623895,34.97357510526249,Low,Limited historical support + V5
8430_1463,8430,1463,13.146784045993533,77.71792265657658,13.142292490118576,13.151275601868488,77.71331332601157,77.7225319871416,1,1,Limited,7,37.72821578604288,36.58191197720003,31.978129568900034,44.75313312980002,5.352466592035375,0.2857142857142857,0.2857142857142857,0.322708284269715,0.2934962797934833,0.000526094248399,-0.3973695722620445,0.0874365671544516,0.2093093235690992,0.1585766759324725,877.7694041159331,8208.47124382919,40.94800068554753,Moderate,Limited historical support + V5
8431_1424,8431,1424,12.796442687747035,77.7271413177066,12.79195113187208,12.80093424362199,77.7225319871416,77.7317506482716,0,0,Prediction Only,7,37.31968426987145,36.25167997490004,31.68371841620002,44.41558656470001,5.364145661112687,0.2857142857142857,0.14285714285714285,0.3405361703231083,0.3126300239371048,-0.0003571395986184,-0.409966441691703,0.0622792790915043,0.4732649251440779,0.1473994089971462,892.7182641913272,8113.333254146759,40.113288616313504,Moderate,V5 prediction only
8431_1425,8431,1425,12.805425799496946,77.7271413177066,12.80093424362199,12.8099173553719,77.7225319871416,77.7317506482716,2,1,Limited,7,38.74399029397143,36.4834046408,32.34838658540001,47.061390396200025,5.794230987362453,0.2857142857142857,0.2857142857142857,0.3462416532792917,0.3041209334425248,0.0659091445495852,-0.4512251183526954,0.1084282531195454,0.3358615906139638,0.1443689075359708,896.0679512214138,4825.162353948275,41.81636697911782,Moderate,Limited historical support + V5
8431_1426,8431,1426,12.814408911246856,77.7271413177066,12.8099173553719,12.81890046712181,77.7225319871416,77.7317506482716,4,2,Limited,7,36.9908560972143,36.1014921761,31.690263924499995,43.946907662300035,4.9463939478522665,0.14285714285714285,0.0,0.4328284465849528,0.3674800432232367,-0.0203925881423312,-0.5060142324182828,0.1408566727777194,0.2761312075269043,0.1433252073147756,882.5055146407332,1688.966013960164,30.393575518657457,Low,Limited historical support + V5
8431_1427,8431,1427,12.823392022996766,77.7271413177066,12.81890046712181,12.827883578871722,77.7225319871416,77.7317506482716,6,3,Moderate,7,34.46085478331431,34.020464879300015,29.398464424400064,41.22337805600004,4.437619362394872,0.0,0.0,0.6364581541529073,0.6439911448675573,-0.2657346172832848,-0.6241084673388786,0.2754052937676304,0.0534310729811236,0.1598258363721603,874.8908835079463,750.9323430113778,14.776404551459455,Low,Historical support + V5
8431_1428,8431,1428,12.832375134746677,77.7271413177066,12.827883578871722,12.836866690621632,77.7225319871416,77.7317506482716,2,2,Limited,7,37.91430011917146,36.6693449288,31.818046602200017,44.72679728570005,5.144186666122556,0.2857142857142857,0.14285714285714285,0.3789499425841318,0.3189422099533799,0.0329744584991616,-0.4639841768545102,0.1729532827825419,0.2815321266784615,0.148030227899461,884.4549063813798,3005.858199448148,39.87987886457313,Low,Limited historical support + V5
8431_1429,8431,1429,12.841358246496586,77.7271413177066,12.836866690621632,12.84584980237154,77.7225319871416,77.7317506482716,5,5,High,7,37.55036643967145,36.39498046340002,31.81635468230003,44.22269060599999,5.083920713738344,0.2857142857142857,0.14285714285714285,0.3196505095409779,0.2699086503287649,0.0199194887039516,-0.4136222491313854,0.0530183629614443,0.6293322617695145,0.1474790583811727,891.6762959891408,6090.843361141347,42.251712888210406,Moderate,Strong historical support + V5
8431_1430,8431,1430,12.850341358246496,77.7271413177066,12.84584980237154,12.854832914121452,77.7225319871416,77.7317506482716,3,2,Limited,7,38.79334161988574,36.53833222220001,32.257638154400034,47.086000140200014,5.8793717966688215,0.2857142857142857,0.2857142857142857,0.3243215048092769,0.2787092453030326,0.0721284940082906,-0.4327003407582797,0.0795289248820394,0.4609864217959336,0.1519824745448134,898.403235181536,9259.6361525236,43.28906924570623,High,Limited historical support + V5
8431_1431,8431,1431,12.859324469996409,77.7271413177066,12.854832914121452,12.863816025871362,77.7225319871416,77.7317506482716,2,1,Limited,7,37.63371974025717,36.88548342350002,31.87567441940002,44.35628391770005,5.2851154299196,0.2857142857142857,0.2857142857142857,0.3287295019724136,0.2740444010632034,0.0350308834488063,-0.4144553286035138,0.0761616072721165,0.556164558895355,0.1559902408701213,901.1193805538718,11964.99478425658,45.6404754403521,Very High,Limited historical support + V5
8431_1432,8431,1432,12.868307581746317,77.7271413177066,12.863816025871362,12.872799137621271,77.7225319871416,77.7317506482716,3,2,Limited,7,37.650511984228615,36.48075567530003,32.11377369260005,44.583667698200045,5.404390795847365,0.2857142857142857,0.2857142857142857,0.3434346637097706,0.3021227733024267,0.0331784562694141,-0.4197923899509824,0.1041281095253099,0.4167118873110795,0.1565397014968167,904.5240976668013,11890.27606574666,42.61418999494125,High,Limited historical support + V5
8431_1433,8431,1433,12.877290693496228,77.7271413177066,12.872799137621271,12.881782249371184,77.7225319871416,77.7317506482716,1,1,Limited,7,37.705708124342884,36.433074296299985,32.25989404760003,44.757935447900046,5.428061869289795,0.2857142857142857,0.2857142857142857,0.3289938768852969,0.2858326910700672,0.0429204531188779,-0.4160406241435005,0.0910911353789873,0.4327673599144818,0.1464010468361778,907.0917016478996,11716.091947395553,42.58250560031403,High,Limited historical support + V5
8431_1434,8431,1434,12.886273805246136,77.7271413177066,12.881782249371184,12.890765361121092,77.7225319871416,77.7317506482716,6,4,Moderate,7,37.423592077871454,36.671566641800034,31.755992449100017,44.29069211390003,5.378928230358526,0.2857142857142857,0.14285714285714285,0.3629689274229268,0.331389234244041,0.0297960261672758,-0.4371603788244905,0.1665174849251539,0.4069550042378056,0.1455960547853897,899.733962518347,12298.958563760492,41.14306501854876,Moderate,Historical support + V5
8431_1435,8431,1435,12.895256916996049,77.7271413177066,12.890765361121092,12.899748472871002,77.7225319871416,77.7317506482716,2,2,Limited,7,38.401031050057156,36.3303798854,32.185740103700034,46.45170107869998,5.6271564667692235,0.2857142857142857,0.2857142857142857,0.3063504075882817,0.2626584266061818,0.049923868982259,-0.3944222781617563,0.0857231530481843,0.5052866733735821,0.161971872161414,895.2084928534969,13677.801222705892,42.893661144922206,High,Limited historical support + V5
8431_1436,8431,1436,12.904240028745958,77.7271413177066,12.899748472871002,12.908731584620911,77.7225319871416,77.7317506482716,0,0,Prediction Only,7,38.375820711114315,36.32318495330001,32.22627782090004,46.048819061300016,5.521725500887205,0.2857142857142857,0.2857142857142857,0.288629208272657,0.2321852890104953,0.066933464025453,-0.3881382849232192,0.0402304647383174,0.6368079453830479,0.1612837647810516,894.3029030051013,15239.766302395545,44.17986573964116,Very High,V5 prediction only
8431_1437,8431,1437,12.913223140495868,77.7271413177066,12.908731584620911,12.917714696370822,77.7225319871416,77.7317506482716,4,4,Moderate,7,37.84497046635717,36.88676518100003,32.093539014200026,45.014509119200035,5.463522284543276,0.2857142857142857,0.2857142857142857,0.3326185937353255,0.2996463311005529,0.036330579527098,-0.4279247116130589,0.1165548111812812,0.4087590275776724,0.1536977664316355,892.5901002946089,14598.183872659847,44.17158784547265,Very High,Historical support + V5
8431_1438,8431,1438,12.922206252245775,77.7271413177066,12.917714696370822,12.926697808120734,77.7225319871416,77.7317506482716,3,3,Moderate,7,37.66702346227147,36.14645622920003,32.049685817600036,44.769915608000055,5.308239218860057,0.2857142857142857,0.14285714285714285,0.292379195283813,0.2526413437025478,0.031377566656722,-0.3813884363542628,0.0796426114849692,0.4863745432257097,0.1600391917287132,878.2540497995042,12865.241509146806,39.82014957637345,Low,Historical support + V5
8431_1439,8431,1439,12.931189363995689,77.7271413177066,12.926697808120734,12.935680919870643,77.7225319871416,77.7317506482716,3,2,Limited,7,38.53234649557146,36.20936488730002,32.307831778100024,46.52024946980005,5.606685935680111,0.2857142857142857,0.2857142857142857,0.2340406035961561,0.1890349729489159,0.064509833408899,-0.3345445908738752,0.0483750333292327,0.5978844398590109,0.1656120889606106,878.7686046841528,9693.450131423404,43.33173729959702,High,Limited historical support + V5
8431_1440,8431,1440,12.940172475745598,77.7271413177066,12.935680919870643,12.944664031620553,77.7225319871416,77.7317506482716,1,1,Limited,7,37.19664287420003,36.31829718470003,31.716651038900046,44.463746466500034,5.125628134333475,0.2857142857142857,0.14285714285714285,0.327690932740784,0.2898676927048132,-0.0156605013805621,-0.3934796528399044,0.0713565162701294,0.5495763397882486,0.1603649277402999,871.2982235302459,6396.838336407783,41.14498630839559,Moderate,Limited historical support + V5
8431_1441,8431,1441,12.94915558749551,77.7271413177066,12.944664031620553,12.953647143370464,77.7225319871416,77.7317506482716,3,2,Limited,7,36.5667310855143,35.83056282080001,31.62096356900001,43.695563561600046,5.0960772522006,0.14285714285714285,0.0,0.4361466692712339,0.4398035980228464,-0.0761429730004027,-0.4834477178660829,0.1260152180624128,0.3458369811857375,0.1623808341844076,867.9254199185166,3142.932411704436,29.998315413009372,Low,Limited historical support + V5
8431_1442,8431,1442,12.95813869924542,77.7271413177066,12.953647143370464,12.962630255120374,77.7225319871416,77.7317506482716,3,3,Moderate,7,37.48213055325717,36.04171100630003,31.473715267400042,44.27310640100002,4.987238653635628,0.2857142857142857,0.14285714285714285,0.254391685256338,0.2142169186987267,0.0172014148504717,-0.3223668932874487,0.0356306927686147,0.599206171039392,0.1576998055422031,878.146576177914,919.7069520860424,40.52615991525163,Moderate,Historical support + V5
8431_1443,8431,1443,12.967121810995328,77.7271413177066,12.962630255120374,12.971613366870285,77.7225319871416,77.7317506482716,1,1,Limited,7,37.144842781100024,35.87856891170003,31.753035861800026,43.788208993700025,4.948737776299335,0.2857142857142857,0.0,0.3004422199826316,0.2700715658061177,0.0025929979029899,-0.3657307090626975,0.0523802481020476,0.6089532938261524,0.1489641355442934,889.1222816740599,1878.100567288788,37.823026815376636,Low,Limited historical support + V5
8431_1444,8431,1444,12.97610492274524,77.7271413177066,12.971613366870285,12.980596478620194,77.7225319871416,77.7317506482716,5,4,Moderate,7,37.00624695298575,35.84356838690003,31.566309429200047,43.53720669500002,4.8962948985723,0.2857142857142857,0.0,0.2921368848748201,0.2542816060944641,-0.0053105937212753,-0.340337484810623,0.0415431205326274,0.6470508798319992,0.146249446462914,892.2045535144334,2108.983983383799,38.06288951446242,Low,Historical support + V5
8431_1445,8431,1445,12.98508803449515,77.7271413177066,12.980596478620194,12.989579590370104,77.7225319871416,77.7317506482716,5,3,Moderate,7,37.05354014257146,35.846695875200034,31.555952828600013,43.47757933610004,4.931112524349962,0.2857142857142857,0.0,0.3056289950163749,0.2643792443995197,-0.0016765052470698,-0.3551029170524378,0.0485770136720721,0.6192837260036264,0.1458518900355481,890.1003007710806,1385.430662960038,37.79782720882421,Low,Historical support + V5
8431_1446,8431,1446,12.99407114624506,77.7271413177066,12.989579590370104,12.998562702120015,77.7225319871416,77.7317506482716,2,2,Limited,7,36.45910251860001,35.35860261920002,31.30344660110002,43.28791340630002,5.043946250695656,0.14285714285714285,0.0,0.3238343951760145,0.2994964322141553,-0.0381659341065966,-0.371458271602114,0.0679289340995053,0.5182313767249243,0.1505005301731204,881.2429306596392,1356.359049020358,29.81943658841,Low,Limited historical support + V5
8431_1447,8431,1447,13.00305425799497,77.7271413177066,12.998562702120015,13.007545813869925,77.7225319871416,77.7317506482716,3,3,Moderate,7,37.231223470828596,36.06216785600002,31.74934440020003,44.04936281180002,5.039310885379995,0.2857142857142857,0.0,0.2077745409501022,0.1401952062284866,0.0120573608269692,-0.260122366042902,0.0336654240679141,0.5766530881500779,0.1585926670586628,878.4987480049658,1208.777340753801,38.24024872752688,Low,Historical support + V5
8431_1448,8431,1448,13.01203736974488,77.7271413177066,13.007545813869925,13.016528925619834,77.7225319871416,77.7317506482716,3,3,Moderate,7,38.495553951714314,36.23689703840005,32.51005893140003,46.5915322769,5.675915311341466,0.2857142857142857,0.2857142857142857,0.2334977267001181,0.1784883318857242,0.057324808343928,-0.3173992319336476,0.0352154913736845,0.5931932186377926,0.1753930531427887,881.8723821548524,2450.657108351038,43.39582767641184,High,Historical support + V5
8431_1449,8431,1449,13.021020481494787,77.7271413177066,13.016528925619834,13.025512037369744,77.7225319871416,77.7317506482716,10,4,Moderate,7,35.31405116994288,34.0791010124,29.745735256400017,42.38829054230002,4.91770731295308,0.0,0.0,0.401968599119188,0.3199333574259619,-0.2646171842719843,-0.3986687811939232,0.1508755103011927,0.3284369329346885,0.136359830024108,868.173017449283,406.055899222498,17.762869037370706,Low,Historical support + V5
8431_1450,8431,1450,13.0300035932447,77.7271413177066,13.025512037369744,13.034495149119657,77.7225319871416,77.7317506482716,5,5,High,7,35.341185365857164,33.74146899680002,30.23830611860002,42.712318838300035,4.724499191611823,0.14285714285714285,0.0,0.5041909206363137,0.4627092389175283,-0.2437592639131441,-0.5069355975644604,0.1965685017871645,0.260409612606633,0.1670505949665216,868.0352144901931,791.188139647493,20.721349931660203,Low,Strong historical support + V5
8431_1451,8431,1451,13.03898670499461,77.7271413177066,13.034495149119657,13.043478260869565,77.7225319871416,77.7317506482716,5,5,High,7,36.19587835695716,35.574621483200005,31.211553133400002,43.524508750700036,5.158265989295458,0.14285714285714285,0.0,0.454316787825856,0.4535432084984677,-0.1044287601255941,-0.491656545043356,0.1511124465705741,0.3695380810643137,0.1768185676063401,873.2254456843294,3602.567304975914,29.203436422182225,Low,Strong historical support + V5
8431_1452,8431,1452,13.04796981674452,77.7271413177066,13.043478260869565,13.052461372619476,77.7225319871416,77.7317506482716,4,3,Moderate,7,38.028537671900025,36.562172911700024,32.122216202000025,44.79440572130002,5.230622803994738,0.2857142857142857,0.2857142857142857,0.3475321999925961,0.3290570829278462,0.0257114321484636,-0.4311874953844409,0.0804648684396092,0.3424688707862429,0.1641560612429322,885.3685803069122,6878.582604954975,42.20001329593991,Moderate,Historical support + V5
8431_1453,8431,1453,13.05695292849443,77.7271413177066,13.052461372619476,13.061444484369384,77.7225319871416,77.7317506482716,2,2,Limited,7,38.81034871082859,36.603701854700006,32.66930448320002,47.05814327720002,5.677272006103221,0.2857142857142857,0.2857142857142857,0.2870981480060213,0.2501739336002192,0.0787720161482971,-0.3874216008121629,0.075480153317181,0.436127979921262,0.1652596489987302,888.1021596923663,9554.446331477233,43.30403846012384,High,Limited historical support + V5
8431_1454,8431,1454,13.06593604024434,77.7271413177066,13.061444484369384,13.070427596119297,77.7225319871416,77.7317506482716,4,4,Moderate,7,37.62774308814288,36.34174480190004,31.681718874500024,44.589649233200014,5.31691491377376,0.2857142857142857,0.2857142857142857,0.3183746185459538,0.2962292082913818,0.0093067397938579,-0.3899979700836798,0.1221490484167661,0.4027645541004055,0.1481057834404357,883.037288917271,7551.462594874936,41.91426038776035,Moderate,Historical support + V5
8431_1455,8431,1455,13.074919151994251,77.7271413177066,13.070427596119297,13.079410707869206,77.7225319871416,77.7317506482716,6,5,High,7,37.670378004757175,36.304915636400025,31.88304025250003,44.73272755040003,5.380403207199347,0.2857142857142857,0.2857142857142857,0.2949264249893075,0.2376436101782245,0.0201119494152252,-0.3730161596650603,0.1205360139065703,0.3548220215073283,0.1550058429435568,888.2286253529921,4926.854720280367,41.28634928941928,Moderate,Strong historical support + V5
8431_1456,8431,1456,13.08390226374416,77.7271413177066,13.079410707869206,13.088393819619116,77.7225319871416,77.7317506482716,3,3,Moderate,7,38.9012436284,36.549474967400016,32.284965224300024,48.15614802200002,6.080181158635555,0.2857142857142857,0.2857142857142857,0.3096228902303333,0.2633253428602748,0.0699381158823133,-0.4068798725192333,0.2141039322269028,0.1155609528983049,0.148477772495831,897.6727666866523,3659.173578364738,39.87973925446151,Low,Historical support + V5
8431_1457,8431,1457,13.09288537549407,77.7271413177066,13.088393819619116,13.097376931369029,77.7225319871416,77.7317506482716,2,2,Limited,7,38.775765672757146,36.45819674330002,32.15808832190001,47.725580042599994,6.003698357860563,0.2857142857142857,0.2857142857142857,0.3570136911599536,0.3051293437141201,0.0700164114289136,-0.4513385747346636,0.2937969384488369,0.0745829836782938,0.1512103960605548,894.785714285715,4839.276702754626,39.10194911658017,Low,Limited historical support + V5
8431_1458,8431,1458,13.101868487243982,77.7271413177066,13.097376931369029,13.106360043118936,77.7225319871416,77.7317506482716,2,2,Limited,7,38.19277109145717,36.44811358429999,31.612213437800023,45.93858791630006,5.695886262875269,0.2857142857142857,0.2857142857142857,0.3833615791276447,0.3365470587132472,0.0744476979683988,-0.4568065954656114,0.3946297919507205,0.0418733261246618,0.1326001833259092,906.4673940039036,7435.539072025709,38.734199823771306,Low,Limited historical support + V5
8431_1459,8431,1459,13.110851598993891,77.7271413177066,13.106360043118936,13.115343154868846,77.7225319871416,77.7317506482716,2,2,Limited,7,38.4407460010143,36.6728483993,31.561421660600022,46.541936806700015,5.865927702236773,0.2857142857142857,0.2857142857142857,0.3585126380814327,0.3105909185666349,0.0891357158814184,-0.4375855933021921,0.4054068478587198,0.0386919079205014,0.1204387396624793,897.9307163614575,10446.315443316453,39.60845891653007,Low,Limited historical support + V5
8431_1460,8431,1460,13.119834710743802,77.7271413177066,13.115343154868846,13.124326266618755,77.7225319871416,77.7317506482716,2,2,Limited,7,37.89064009644288,36.255679058300004,31.459821016100037,45.036247726400035,5.576329033069839,0.2857142857142857,0.2857142857142857,0.3920876844960428,0.3817575646551474,0.0561157916651354,-0.463209015658211,0.3771684258767345,0.0404048936264515,0.1252865906042577,889.026655595654,13491.849127574653,37.94366872508193,Low,Limited historical support + V5
8431_1461,8431,1461,13.128817822493712,77.7271413177066,13.124326266618755,13.133309378368669,77.7225319871416,77.7317506482716,8,6,Very High,7,39.794318542657166,39.72314071760001,33.8756946422,46.09368057380002,4.947697968957542,0.2857142857142857,0.2857142857142857,0.2940368734256328,0.2522506162200808,0.1108576180258684,-0.4186662014307847,0.1103735968508157,0.1501537712593057,0.1830709356489631,892.2652295658546,13700.1914417074,53.02107574810703,Very High,Strong historical support + V5
8431_1462,8431,1462,13.13780093424362,77.7271413177066,13.133309378368669,13.142292490118576,77.7225319871416,77.7317506482716,4,3,Moderate,7,38.38569878891432,36.639368893400004,32.23400254610004,45.02542969310003,5.2360473938001055,0.2857142857142857,0.2857142857142857,0.3224968647524264,0.2945264291932253,0.062306220527403,-0.4335637563869941,0.0968807049271324,0.4042395442507865,0.1645621015409344,888.2834615493803,12121.750669512256,43.128954477906404,High,Historical support + V5
8431_1463,8431,1463,13.146784045993533,77.7271413177066,13.142292490118576,13.151275601868488,77.7225319871416,77.7317506482716,5,4,Moderate,7,38.57008143637146,36.611529120499995,32.394598215800016,45.71467342610004,5.287231335742289,0.2857142857142857,0.2857142857142857,0.3351640923863398,0.3094851020489688,0.0486971853775385,-0.4350496165812612,0.1241832979407507,0.2072690675558051,0.1707786242285541,875.8536557670808,9666.092538864128,41.04700686953832,Moderate,Historical support + V5
8432_1424,8432,1424,12.796442687747035,77.7363599788366,12.79195113187208,12.80093424362199,77.7317506482716,77.74096930940162,0,0,Prediction Only,7,38.725713652742876,36.64929824150001,32.34479766440002,47.05120469660002,5.728068704160254,0.2857142857142857,0.2857142857142857,0.3122321596915391,0.262923807870136,0.0710446214828651,-0.4098106932696606,0.0721202988942339,0.4406793657876529,0.1555922015280558,899.3248336989534,8646.244594298876,43.53338528435182,High,V5 prediction only
8432_1425,8432,1425,12.805425799496946,77.7363599788366,12.80093424362199,12.8099173553719,77.7317506482716,77.74096930940162,2,1,Limited,7,38.70321819825716,36.59502008390002,32.294535680300015,46.851353067200016,5.754642377111637,0.2857142857142857,0.2857142857142857,0.3277520360043077,0.274203533502566,0.0688303071146158,-0.4299873202471023,0.0700742142399533,0.502254604090811,0.1487666676232432,898.7125052270487,5654.265650091503,43.93030202321874,High,Limited historical support + V5
8432_1426,8432,1426,12.814408911246856,77.7363599788366,12.8099173553719,12.81890046712181,77.7317506482716,77.74096930940162,3,2,Limited,7,37.989562478128605,36.33786534920003,32.38078941500002,44.88595738700007,5.023585953023891,0.2857142857142857,0.14285714285714285,0.3622170797190825,0.3027403438179163,0.042139055013279,-0.4619279931343846,0.0938446791802397,0.4354355465100707,0.1475194110865318,891.9868739988938,3006.7042405209904,40.08247220828654,Moderate,Limited historical support + V5
8432_1427,8432,1427,12.823392022996766,77.7363599788366,12.81890046712181,12.827883578871722,77.7317506482716,77.74096930940162,0,0,Prediction Only,7,36.00051898241431,35.54982374810002,31.236761030900023,42.85397867720005,4.719016535004531,0.14285714285714285,0.0,0.4836725487938726,0.4161761015124905,-0.0922478859215445,-0.5070789951443548,0.16059864538218,0.2464284792568708,0.1460652081327297,875.8936785478875,1398.1504661203658,27.872362280781974,Low,V5 prediction only
8432_1428,8432,1428,12.832375134746677,77.7363599788366,12.827883578871722,12.836866690621632,77.7317506482716,77.74096930940162,1,1,Limited,7,37.65084157901431,36.284475876800016,31.914280955300015,44.370314889800056,5.107404604199963,0.2857142857142857,0.14285714285714285,0.3924483674585025,0.3117133897630836,0.0175662691609844,-0.4718235069640432,0.0811576275531103,0.4265807459124165,0.1481163523454656,879.21025397478,2666.1640054421,39.77867150949807,Low,Limited historical support + V5
8432_1429,8432,1429,12.841358246496586,77.7363599788366,12.836866690621632,12.84584980237154,77.7317506482716,77.74096930940162,3,3,Moderate,7,37.57932683484288,36.36009956930003,31.74004738580002,44.47760653760004,5.375747512007606,0.2857142857142857,0.2857142857142857,0.3597465474178702,0.3197867707623652,0.0153474667684389,-0.443853282470557,0.1444456868221642,0.4165512632559427,0.1497978753725346,883.5190756076139,5774.96001337884,42.1261292053336,Moderate,Historical support + V5
8432_1430,8432,1430,12.850341358246496,77.7363599788366,12.84584980237154,12.854832914121452,77.7317506482716,77.74096930940162,5,4,Moderate,7,37.6732076370286,36.56020755020002,31.92180059930001,44.38781515220001,5.191394555200282,0.2857142857142857,0.2857142857142857,0.3510218948041507,0.3128733437076478,0.029600556354456,-0.4444702190192116,0.1004205483287964,0.4779585313689204,0.1522125216215167,890.9862932611202,9033.132130945927,43.546986067044074,High,Historical support + V5
8432_1431,8432,1431,12.859324469996409,77.7363599788366,12.854832914121452,12.863816025871362,77.7317506482716,77.74096930940162,6,3,Moderate,7,38.73430020727145,36.64159060640001,32.39311137710001,47.35870686590001,6.0221738581885935,0.2857142857142857,0.2857142857142857,0.3245432494387599,0.2816686021020494,0.061920701181011,-0.4228678915449219,0.0844840579465218,0.3447622251377032,0.1457710207272753,899.9675660730504,12322.009143841497,42.54313866515764,High,Historical support + V5
8432_1432,8432,1432,12.868307581746317,77.7363599788366,12.863816025871362,12.872799137621271,77.7317506482716,77.74096930940162,5,3,Moderate,7,38.72463697644287,36.528214883000004,32.40890262950001,46.7074373351,5.7969102143942575,0.2857142857142857,0.2857142857142857,0.3415735457998526,0.2948932211476215,0.0649932756115715,-0.435539849377935,0.1209066702048456,0.3928181108968209,0.1531189335606161,910.4060839574792,14801.944667135667,42.56659561362141,High,Historical support + V5
8432_1433,8432,1433,12.877290693496228,77.7363599788366,12.872799137621271,12.881782249371184,77.7317506482716,77.74096930940162,1,1,Limited,7,39.22571626700003,36.943367592200026,32.79031948130004,47.46545163050004,5.8704584239985795,0.2857142857142857,0.2857142857142857,0.240822234176618,0.1800544316334777,0.0957657567704106,-0.3447990753317566,0.0603760893214099,0.442991245310144,0.1738324956713183,909.637872976938,15045.006756054829,44.74211646280789,Very High,Limited historical support + V5
8432_1434,8432,1434,12.886273805246136,77.7363599788366,12.881782249371184,12.890765361121092,77.7317506482716,77.74096930940162,0,0,Prediction Only,7,38.52762474508574,36.39060539780003,32.19184126940003,46.357910609900024,5.5957132904645075,0.2857142857142857,0.2857142857142857,0.2605846782625736,0.2093344892374681,0.0796559007105013,-0.3640628412272296,0.0463016371126409,0.6091315664851823,0.1618720277085842,912.1407573899044,15502.02778657589,44.17492393310269,Very High,V5 prediction only
8432_1435,8432,1435,12.895256916996049,77.7363599788366,12.890765361121092,12.899748472871002,77.7317506482716,77.74096930940162,6,5,High,7,39.44349785274288,37.158685762100006,33.1493483021,48.10674054290001,6.009805377045765,0.2857142857142857,0.2857142857142857,0.2935288768005001,0.2407325984843971,0.0957811983412222,-0.414924989929221,0.1081112331381051,0.2471070507743472,0.1536883020709342,909.397621883776,16617.860279638866,43.651382288492364,High,Strong historical support + V5
8432_1436,8432,1436,12.904240028745958,77.7363599788366,12.899748472871002,12.908731584620911,77.7317506482716,77.74096930940162,7,5,High,7,39.31163308258572,37.1398353818,32.520535162700014,48.091188551900004,6.2243382174035355,0.2857142857142857,0.2857142857142857,0.3091274048310014,0.2667063634175616,0.0836225525560703,-0.4240855441066252,0.1260470645310754,0.2704661717313637,0.1507317212759819,896.2469963449195,18057.35514639744,43.808973587636274,High,Strong historical support + V5
8432_1437,8432,1437,12.913223140495868,77.7363599788366,12.908731584620911,12.917714696370822,77.7317506482716,77.74096930940162,4,3,Moderate,7,38.78687423775717,36.829171544000026,32.432504057600006,47.08830730370001,5.776101037677591,0.2857142857142857,0.2857142857142857,0.290247011638755,0.2631013771486884,0.0708059299377201,-0.3971985643859307,0.0729543018573423,0.4701393649548258,0.1660345550335485,886.5522027696842,16600.436729859717,44.553188410417015,Very High,Historical support + V5
8432_1438,8432,1438,12.922206252245775,77.7363599788366,12.917714696370822,12.926697808120734,77.7317506482716,77.74096930940162,8,4,Moderate,7,38.02625248138573,36.108994730000006,32.08008910550002,46.05977381540001,5.368562408358353,0.2857142857142857,0.14285714285714285,0.2609339678971513,0.2180797826995916,0.0490606761680514,-0.3533594940392329,0.0474430449976397,0.5991881736018997,0.1605210950480237,877.5399861016576,13443.225406509371,40.79725070003167,Moderate,Historical support + V5
8432_1439,8432,1439,12.931189363995689,77.7363599788366,12.926697808120734,12.935680919870643,77.7317506482716,77.74096930940162,2,1,Limited,7,36.990904926071444,36.10031295920004,31.23544509320002,43.9172392487,5.2873340707373435,0.2857142857142857,0.0,0.2868991951574625,0.2499209707162326,-0.0078951576928399,-0.3445416134305684,0.0403364377363053,0.6433434714579688,0.1423875032727841,874.4135918681377,10281.014683687692,39.0609438571347,Low,Limited historical support + V5
8432_1440,8432,1440,12.940172475745598,77.7363599788366,12.935680919870643,12.944664031620553,77.7317506482716,77.74096930940162,3,3,Moderate,7,37.099165826685734,36.28128002810002,31.28309229200002,44.36228254280003,5.405326952671346,0.2857142857142857,0.14285714285714285,0.3040652194839673,0.2595877934205148,-0.0203265385028289,-0.3723266166326842,0.073278222249862,0.5113720435210123,0.157779313734673,869.028936170213,7256.88812009642,40.61369964129601,Moderate,Historical support + V5
8432_1441,8432,1441,12.94915558749551,77.7363599788366,12.944664031620553,12.953647143370464,77.7317506482716,77.74096930940162,4,4,Moderate,7,35.39009234917144,33.94374742040001,29.659789143500017,42.18052619660001,4.995419801978983,0.0,0.0,0.2792814001255825,0.1085268812532432,-0.22303174099867,-0.2596408647120487,0.0743557779891629,0.2045798887598623,0.1130419452852667,864.0316479931929,4647.369889381258,15.978587543423346,Low,Historical support + V5
8432_1442,8432,1442,12.95813869924542,77.7363599788366,12.953647143370464,12.962630255120374,77.7317506482716,77.74096930940162,1,1,Limited,7,37.06479763558574,36.01424721560004,31.269061319900025,43.595586476600026,5.03549661360381,0.2857142857142857,0.0,0.3352711748653785,0.3104850619929906,-0.0108693358780484,-0.4130935443705854,0.0587672850600995,0.635621857056887,0.1423507128639631,878.9774162550492,3496.5327904569945,38.636732655185135,Low,Limited historical support + V5
8432_1443,8432,1443,12.967121810995328,77.7363599788366,12.962630255120374,12.971613366870285,77.7317506482716,77.74096930940162,4,4,Moderate,7,37.4985468150286,36.178773608300034,31.83689698250003,44.04228751040002,4.931950010353594,0.2857142857142857,0.0,0.2785169257577869,0.235568192415267,0.0172547068466209,-0.3526556870757731,0.0387657120591838,0.667113335421994,0.1499413424540959,879.6889527977063,2836.9968460934147,39.614975759482775,Low,Historical support + V5
8432_1444,8432,1444,12.97610492274524,77.7363599788366,12.971613366870285,12.980596478620194,77.7317506482716,77.74096930940162,1,1,Limited,7,36.95635362675716,35.98574092880001,31.806630415400033,43.47352898240001,4.957241006095847,0.2857142857142857,0.0,0.294446615352991,0.2396011098088636,-0.0099216724550707,-0.3346838169402509,0.0517843960184769,0.4980960106862135,0.1460501870947599,881.1277559285503,1245.4623778550106,37.14654413654546,Low,Limited historical support + V5
8432_1445,8432,1445,12.98508803449515,77.7363599788366,12.980596478620194,12.989579590370104,77.7317506482716,77.74096930940162,3,3,Moderate,7,36.802425537500035,36.067004354300025,31.30278008720005,42.95605784450003,4.76899590851514,0.2857142857142857,0.0,0.3341594525681444,0.2860324594788219,-0.0223184966575149,-0.3769840052436247,0.085715776808251,0.5428473436671536,0.1337338454063177,894.2797050509506,3471.135672856949,37.921690806406275,Low,Historical support + V5
8432_1446,8432,1446,12.99407114624506,77.7363599788366,12.989579590370104,12.998562702120015,77.7317506482716,77.74096930940162,2,2,Limited,7,37.81672785538574,36.21426974600005,32.302157864900025,44.68655010020003,5.1012087715223,0.2857142857142857,0.2857142857142857,0.3080045613110543,0.2671686224422722,0.0390984951441431,-0.3738868119603746,0.1141205320492422,0.31979264899853,0.1523321928001482,889.9840159733869,3035.7244330351336,40.57059452634349,Moderate,Limited historical support + V5
8432_1447,8432,1447,13.00305425799497,77.7363599788366,12.998562702120015,13.007545813869925,77.7317506482716,77.74096930940162,3,3,Moderate,7,37.96709876240003,36.08482932860005,32.30484101060005,45.00391325720002,4.902561361180241,0.2857142857142857,0.14285714285714285,0.2517257399621651,0.2067087099858163,0.0510768684528617,-0.3455677482179163,0.033137637724916,0.6750579645967384,0.1670931595052733,874.3160235336674,2470.661450146308,41.45851989434772,Moderate,Historical support + V5
8432_1448,8432,1448,13.01203736974488,77.7363599788366,13.007545813869925,13.016528925619834,77.7317506482716,77.74096930940162,3,3,Moderate,7,37.61572874784289,36.661022050100044,32.46056600180004,44.82296327840003,5.028638080851193,0.2857142857142857,0.14285714285714285,0.261583119223655,0.2037505057625948,0.0382756680716158,-0.3422358556669317,0.0413230519254796,0.6429111380717184,0.1726839334780826,873.046082916623,2584.151368111447,43.46011326102848,High,Historical support + V5
8432_1449,8432,1449,13.021020481494787,77.7363599788366,13.016528925619834,13.025512037369744,77.7317506482716,77.74096930940162,11,7,Very High,7,35.38826126702859,34.03379515730001,30.34394002670002,42.56213103950003,4.906129411533753,0.0,0.0,0.3860949666243485,0.3496414755911919,-0.1443215335325895,-0.379146053052646,0.1308417596490043,0.1986395921359595,0.1446464216544519,866.3987295529683,859.0273818445951,16.282234013300144,Low,Strong historical support + V5
8432_1450,8432,1450,13.0300035932447,77.7363599788366,13.025512037369744,13.034495149119657,77.7317506482716,77.74096930940162,6,3,Moderate,7,38.491733093642885,36.29585788340003,32.470392809300044,46.0946205293,5.38863797086122,0.2857142857142857,0.2857142857142857,0.2587468658876751,0.1881057489104859,0.0548106224567826,-0.346332909451471,0.0417892880302802,0.6224444447924263,0.1697745198094448,880.0110880160057,2013.8391585427944,43.926054979635744,High,Historical support + V5
8432_1451,8432,1451,13.03898670499461,77.7363599788366,13.034495149119657,13.043478260869565,77.7317506482716,77.74096930940162,2,2,Limited,7,37.78381232278574,36.319066239200026,31.91503291970002,44.62837539980003,5.152861541583699,0.2857142857142857,0.14285714285714285,0.3440499259406265,0.3030335672278232,0.0042408195821258,-0.4035092913735342,0.1027531193453908,0.4578047535826596,0.1573273268830129,877.5100899724715,3716.6059121639937,40.23037107731809,Moderate,Limited historical support + V5
8432_1452,8432,1452,13.04796981674452,77.7363599788366,13.043478260869565,13.052461372619476,77.7317506482716,77.74096930940162,5,4,Moderate,7,38.59444947752859,36.2905428623,32.37369702350003,46.415521337,5.572340325075237,0.2857142857142857,0.2857142857142857,0.2701452664628831,0.2314801408250012,0.0570193546122753,-0.3602275918790916,0.051036104287627,0.5718042614749765,0.1805287235715578,883.7539338516993,6390.192852908927,43.39822434125482,High,Historical support + V5
8432_1453,8432,1453,13.05695292849443,77.7363599788366,13.052461372619476,13.061444484369384,77.7317506482716,77.74096930940162,5,4,Moderate,7,38.4352088086143,36.29888283110003,32.113466070800015,46.134167020700005,5.438846045251535,0.2857142857142857,0.2857142857142857,0.2779464211127621,0.2430440566725875,0.0706014490233715,-0.3607824162295768,0.0642467255948815,0.5255894079434734,0.156847975139856,898.6445027756591,8820.670878893954,42.96970042632793,High,Historical support + V5
8432_1454,8432,1454,13.06593604024434,77.7363599788366,13.061444484369384,13.070427596119297,77.7317506482716,77.74096930940162,2,2,Limited,7,37.79837797087145,36.578596497800035,31.903548372500026,44.474359418600024,5.198331784989169,0.2857142857142857,0.2857142857142857,0.3269515084537822,0.3054211468100727,0.0237766054935052,-0.4124736056633963,0.1428119918666542,0.3833027486641188,0.1442056039772846,896.2774756751189,6658.434253517211,42.67456777183529,High,Limited historical support + V5
8432_1455,8432,1455,13.074919151994251,77.7363599788366,13.070427596119297,13.079410707869206,77.7317506482716,77.74096930940162,0,0,Prediction Only,7,37.90211731931431,36.51394464950002,32.06831402660004,44.71186053830002,5.048464031216407,0.2857142857142857,0.14285714285714285,0.3060779642533079,0.2716556113405697,0.0289553725517723,-0.3932328271441018,0.0845089925889349,0.4868091109592101,0.1643474387398942,889.5708260167792,3409.8321619947324,41.30611454101116,Moderate,V5 prediction only
8432_1456,8432,1456,13.08390226374416,77.7363599788366,13.079410707869206,13.088393819619116,77.7317506482716,77.74096930940162,5,3,Moderate,7,38.67826665225716,36.55870362139999,32.43305094080003,46.84043249329999,5.705151847513136,0.2857142857142857,0.2857142857142857,0.2769789373547385,0.2373339715462442,0.0652279429700437,-0.3813060823541256,0.0638786130689297,0.54816485570367,0.1596668240352935,894.3952710254525,1149.6913022836234,44.24298585425591,Very High,Historical support + V5
8432_1457,8432,1457,13.09288537549407,77.7363599788366,13.088393819619116,13.097376931369029,77.7317506482716,77.74096930940162,3,3,Moderate,7,38.922713676885735,36.630926384000006,32.40116081420004,47.363970616700016,5.773831210464387,0.2857142857142857,0.2857142857142857,0.3099241439601315,0.2730301006109633,0.0624454796725507,-0.4133695670383369,0.0717866591280319,0.4011090099718217,0.1749637101138748,884.723577581926,3284.2543886677754,43.063611097264946,High,Historical support + V5
8432_1458,8432,1458,13.101868487243982,77.7363599788366,13.097376931369029,13.106360043118936,77.7317506482716,77.74096930940162,2,2,Limited,7,37.52003639505717,36.49639311680003,31.31135931740002,44.81916927620004,5.4101884914062595,0.2857142857142857,0.14285714285714285,0.4010844562101116,0.3712235112150839,0.0285952585414599,-0.4861107070137747,0.3932395154270782,0.0746360797647313,0.1400408048154279,888.1292501800676,6527.964558323032,37.11362093984817,Low,Limited historical support + V5
8432_1459,8432,1459,13.110851598993891,77.7363599788366,13.106360043118936,13.115343154868846,77.7317506482716,77.74096930940162,5,3,Moderate,7,37.46885886988573,36.531940524800035,31.056819368000006,44.767950246500014,5.7318942693082,0.2857142857142857,0.2857142857142857,0.4070299620832813,0.374286937013868,0.0291325086663492,-0.4942054373646053,0.4443839756577541,0.0907335322400736,0.1331542993928998,897.0318756763475,9821.016508070234,39.56077066157166,Low,Historical support + V5
8432_1460,8432,1460,13.119834710743802,77.7363599788366,13.115343154868846,13.124326266618755,77.7317506482716,77.74096930940162,3,3,Moderate,7,38.281878872857156,36.527685089900004,31.961945244200006,44.98410583130002,5.284943647381506,0.2857142857142857,0.2857142857142857,0.3888653204305916,0.3581051147354226,0.0515310644186417,-0.4797385040355941,0.3680015252682169,0.114981295138665,0.1448115776370865,892.1233111464329,13125.381742345418,39.78609146581028,Low,Historical support + V5
8432_1461,8432,1461,13.128817822493712,77.7363599788366,13.124326266618755,13.133309378368669,77.7317506482716,77.74096930940162,4,3,Moderate,7,38.46963559434288,36.809381208199994,32.33977317500001,45.61864415420004,5.339678288986265,0.2857142857142857,0.2857142857142857,0.347770521953705,0.3290547527294912,0.0511956898646396,-0.4512791236443568,0.1405410622535712,0.2423280520215695,0.1672798607562764,880.3727602381507,15703.071083633864,42.195285710573394,Moderate,Historical support + V5
8432_1462,8432,1462,13.13780093424362,77.7363599788366,13.133309378368669,13.142292490118576,77.7317506482716,77.74096930940162,7,5,High,7,38.600472517057156,37.02767305550001,32.63585915750002,45.51986337619999,5.2480203101445015,0.2857142857142857,0.2857142857142857,0.291132545888856,0.266556121980571,0.076828354158335,-0.4138582184931057,0.0594212094261558,0.4000683436494264,0.1651985343711909,880.2180125061222,13744.66811590765,44.65278550434437,Very High,Strong historical support + V5
8432_1463,8432,1463,13.146784045993533,77.7363599788366,13.142292490118576,13.151275601868488,77.7317506482716,77.74096930940162,5,4,Moderate,7,38.337656076371466,36.88244138570002,32.097384286700034,45.47905221740007,5.334314070974585,0.2857142857142857,0.2857142857142857,0.3198297540352809,0.2957902538379572,0.0368457874678707,-0.4224526274005562,0.1145664101476469,0.1184082397603278,0.1684351569259763,875.55917046374,10719.427813480535,41.25064753090947,Moderate,Historical support + V5
8433_1424,8433,1424,12.796442687747035,77.74557863996662,12.79195113187208,12.80093424362199,77.74096930940162,77.75018797053163,3,2,Limited,7,37.64195716845717,36.70414037240004,31.894661520500026,44.37099849380002,5.1950498252174935,0.2857142857142857,0.2857142857142857,0.3533027088606439,0.321952284876342,0.0292149624868981,-0.4301381599728536,0.0701147750350962,0.3927651951298,0.1416801650045362,889.9002523373099,10223.803563700105,43.27535301798894,High,Limited historical support + V5
8433_1425,8433,1425,12.805425799496946,77.74557863996662,12.80093424362199,12.8099173553719,77.74096930940162,77.75018797053163,2,2,Limited,7,38.41966170050001,36.449685873500016,32.198950751000005,46.368318480800006,5.410967063388215,0.2857142857142857,0.2857142857142857,0.3309992418284175,0.2740001017762792,0.054723862804705,-0.432909764319858,0.0620535117625319,0.497975996210165,0.1501965272372243,891.0560500931985,7640.23571307286,43.301565592404515,High,Limited historical support + V5
8433_1426,8433,1426,12.814408911246856,77.74557863996662,12.8099173553719,12.81890046712181,77.74096930940162,77.75018797053163,2,2,Limited,7,37.822274813557165,36.53549526560003,32.056726938800004,44.15231357420001,4.873895927679087,0.2857142857142857,0.0,0.3915533527899278,0.3468811364519427,0.026576224648971,-0.4757412377446592,0.0872925797567779,0.3976683059045399,0.1430270685687544,879.026624283275,5705.167182590942,38.35873591791329,Low,Limited historical support + V5
8433_1427,8433,1427,12.823392022996766,77.74557863996662,12.81890046712181,12.827883578871722,77.74096930940162,77.75018797053163,4,3,Moderate,7,36.73398701132859,36.026210285600015,31.809399011600018,43.795318475300036,5.0299284166576035,0.14285714285714285,0.0,0.452296207069065,0.4151535846588934,-0.0378034054802473,-0.5130018684622291,0.1658637791751846,0.1937437372145689,0.1436962627291336,871.7939403390278,4427.829985440561,29.26618349420371,Low,Historical support + V5
8433_1428,8433,1428,12.832375134746677,77.74557863996662,12.827883578871722,12.836866690621632,77.74096930940162,77.75018797053163,5,4,Moderate,7,38.595460234871446,36.456299742199995,32.34645540410001,47.16488804180004,5.507468545494989,0.2857142857142857,0.14285714285714285,0.3627306865384117,0.3063708598892837,0.0503993251435666,-0.4548780407706748,0.1035447300626492,0.3441793771763125,0.1453748572205458,879.8782163970698,4927.837088020933,39.647407685623044,Low,Historical support + V5
8433_1429,8433,1429,12.841358246496586,77.74557863996662,12.836866690621632,12.84584980237154,77.74096930940162,77.75018797053163,5,4,Moderate,7,39.38795502774287,37.0332786083,33.098471074400024,48.023580116299996,5.957858487885435,0.2857142857142857,0.2857142857142857,0.2911918970391312,0.2308694824365167,0.0940307165164251,-0.4172895736538704,0.0916411609590537,0.2515882669109593,0.1560400584770743,889.8354682980784,7110.783193445303,43.1905848916467,High,Historical support + V5
8433_1430,8433,1430,12.850341358246496,77.74557863996662,12.84584980237154,12.854832914121452,77.74096930940162,77.75018797053163,3,3,Moderate,7,39.00400884114288,36.89582293400001,32.25574115330003,47.91275081780002,6.070092505928007,0.2857142857142857,0.2857142857142857,0.3308690595735292,0.2923925206973415,0.0809551980691674,-0.4430864738413526,0.1508868110358337,0.1894328327693337,0.1543736935557202,890.8341545376562,9941.358540565054,42.014844440023715,Moderate,Historical support + V5
8433_1431,8433,1431,12.859324469996409,77.74557863996662,12.854832914121452,12.863816025871362,77.74096930940162,77.75018797053163,0,0,Prediction Only,7,38.504662975014305,36.5959087691,32.40845828690003,47.665029818300034,6.383185777589186,0.2857142857142857,0.2857142857142857,0.3279340281889404,0.2748176464503467,0.0667158763426436,-0.4408202374767794,0.1205394785253826,0.2785482965885059,0.1468645991876541,899.8567033730393,13002.770220693808,41.696821899548425,Moderate,V5 prediction only
8433_1432,8433,1432,12.868307581746317,77.74557863996662,12.863816025871362,12.872799137621271,77.74096930940162,77.75018797053163,5,5,High,7,39.07103865478572,36.98985266419999,32.54042803910001,47.784865599500016,6.027352718148514,0.2857142857142857,0.2857142857142857,0.342992846680166,0.3018497731763876,0.0675538356878561,-0.4514474101560243,0.14511213902009,0.2351714423931097,0.1590820169013884,902.1345079608128,16157.924541790162,42.85133435055427,High,Strong historical support + V5
8433_1433,8433,1433,12.877290693496228,77.74557863996662,12.872799137621271,12.881782249371184,77.74096930940162,77.75018797053163,4,3,Moderate,7,38.073338148328595,37.058589046399995,32.29908164690002,45.410435465900015,5.578529934094103,0.2857142857142857,0.2857142857142857,0.3267019679501783,0.2906612822456603,0.0388055502214632,-0.409584182215315,0.0797724966898732,0.3987226455200438,0.1688102766900384,898.4375826364998,18244.396189816245,44.763973888382324,Very High,Historical support + V5
8433_1434,8433,1434,12.886273805246136,77.74557863996662,12.881782249371184,12.890765361121092,77.74096930940162,77.75018797053163,4,3,Moderate,7,38.70177774697146,36.495589882100035,32.22957621020005,46.497724718000015,5.660099910288477,0.2857142857142857,0.2857142857142857,0.2482170700095565,0.1996308482634027,0.0788010215022627,-0.3465145432158508,0.0352587905897665,0.627525045108461,0.1621508850901184,907.556815603642,18752.72246457765,44.78212929934296,Very High,Historical support + V5
8433_1435,8433,1435,12.895256916996049,77.74557863996662,12.890765361121092,12.899748472871002,77.74096930940162,77.75018797053163,2,2,Limited,7,39.16696782752859,37.132349918,32.795617412300025,47.3939637422,5.744711708960638,0.2857142857142857,0.2857142857142857,0.238960622164011,0.1859753074260454,0.0935333898376123,-0.3481592059008134,0.0414581641889988,0.438090611072695,0.1672875499179074,906.916990511582,19684.37118653983,45.45503850619314,Very High,Limited historical support + V5
8433_1436,8433,1436,12.904240028745958,77.74557863996662,12.899748472871002,12.908731584620911,77.74096930940162,77.75018797053163,0,0,Prediction Only,7,38.611654325342876,36.639967046900004,32.42766755930002,46.751410162400006,5.672982982111949,0.2857142857142857,0.2857142857142857,0.3055371580669883,0.2716220314037376,0.0581141990287904,-0.4034885753780857,0.062808663985366,0.4113996845206709,0.1553521317976851,895.3671619355548,20287.008414965643,43.202967482477334,High,V5 prediction only
8433_1437,8433,1437,12.913223140495868,77.74557863996662,12.908731584620911,12.917714696370822,77.74096930940162,77.75018797053163,5,4,Moderate,7,40.297050690028584,40.34122127420001,33.577865469500004,48.35357285720001,5.810936377976865,0.42857142857142855,0.2857142857142857,0.2849912712929517,0.2388598847663294,0.1111739601377461,-0.4081741036954036,0.1276950122898686,0.2109615546430069,0.1543782001076273,891.0172253654941,17649.232738887542,61.121096247832114,Very High,Historical support + V5
8433_1438,8433,1438,12.922206252245775,77.74557863996662,12.917714696370822,12.926697808120734,77.74096930940162,77.75018797053163,1,1,Limited,7,39.244339593114304,36.944256277399994,32.64507072140003,47.80862083850002,6.007011989485417,0.2857142857142857,0.2857142857142857,0.2866115111721892,0.2479833897220992,0.0935027485916885,-0.3947045312428767,0.0799828510622968,0.3780933618179372,0.1581947174760259,888.0717040797513,14645.280694130432,44.09672057923852,Very High,Limited historical support + V5
8433_1439,8433,1439,12.931189363995689,77.74557863996662,12.926697808120734,12.935680919870643,77.74096930940162,77.75018797053163,5,4,Moderate,7,37.42553058350002,36.17793619340002,32.04537911240003,44.03102513450001,5.063333333474492,0.2857142857142857,0.0,0.2997335333721312,0.2563731974237738,0.0229272850617257,-0.3836804770969895,0.0585028566226928,0.6187749472994654,0.1449832827799454,883.2394269324726,11809.368375838008,39.128215635636515,Low,Historical support + V5
8433_1440,8433,1440,12.940172475745598,77.74557863996662,12.935680919870643,12.944664031620553,77.74096930940162,77.75018797053163,6,4,Moderate,7,37.37908457458574,35.91773942090001,31.89023518460006,44.21387211439999,5.078946076571108,0.2857142857142857,0.14285714285714285,0.2217506571316092,0.1573762465227114,0.0397679651622254,-0.299020943601041,0.0284758798276126,0.7181520599716616,0.1443614344267233,872.8213965329561,9295.882604009648,41.21579709085553,Moderate,Historical support + V5
8433_1441,8433,1441,12.94915558749551,77.74557863996662,12.944664031620553,12.953647143370464,77.74096930940162,77.75018797053163,5,4,Moderate,7,35.88150596745716,35.21810490710002,30.41542791500002,42.67675434020005,5.259904033377489,0.14285714285714285,0.0,0.1681017179106399,0.0896890009420993,-0.0933095406195142,-0.188258653494646,0.0522760297811081,0.3151033483011003,0.1183837065381861,862.7723223468179,7440.398328226519,27.22170547587264,Low,Historical support + V5
8433_1442,8433,1442,12.95813869924542,77.74557863996662,12.953647143370464,12.962630255120374,77.74096930940162,77.75018797053163,5,5,High,7,37.35767556217145,36.28917565430003,31.772501485700033,44.16552422150001,5.0401336004229575,0.2857142857142857,0.0,0.2867659654030138,0.2453505690715264,0.0099924642905426,-0.3669992086734298,0.0435937657888885,0.6497018780424653,0.1457256677167911,868.1821769749603,6548.459244503982,39.885973988365045,Low,Strong historical support + V5
8433_1443,8433,1443,12.967121810995328,77.74557863996662,12.962630255120374,12.971613366870285,77.74096930940162,77.75018797053163,2,1,Limited,7,36.485294317571444,35.664720490400015,30.52941888200003,43.3896336815,5.184984343543594,0.2857142857142857,0.0,0.3153703599986183,0.2693082760565287,-0.0339559058238182,-0.3634307085992191,0.0401281054117722,0.6772806933702761,0.1372335871617261,877.1461939157978,4686.642533561708,37.644118690089584,Low,Limited historical support + V5
8433_1444,8433,1444,12.97610492274524,77.74557863996662,12.971613366870285,12.980596478620194,77.74096930940162,77.75018797053163,0,0,Prediction Only,7,37.41767157894289,36.14860958180003,31.727674153400027,43.64376346850001,4.841741773505504,0.2857142857142857,0.0,0.3104876535093084,0.2927693629869976,0.0118106785979732,-0.3881303987523224,0.0541834139772045,0.6279144922131727,0.1444274123957793,886.6584222489347,3790.9134302738007,39.10137369013048,Low,V5 prediction only
8433_1445,8433,1445,12.98508803449515,77.74557863996662,12.980596478620194,12.989579590370104,77.74096930940162,77.75018797053163,1,1,Limited,7,37.10625821818574,36.17788492310003,31.59450809420002,43.7484061508,4.963570309948955,0.2857142857142857,0.0,0.296323411314109,0.2462570170327023,0.0101387021935583,-0.3540085423216826,0.0607747249194453,0.5681524096251838,0.133874757549875,897.4814684793936,5263.582549600427,38.62178355016184,Low,Limited historical support + V5
8433_1446,8433,1446,12.99407114624506,77.74557863996662,12.989579590370104,12.998562702120015,77.74096930940162,77.75018797053163,3,2,Limited,7,37.71079853270003,36.157120451600036,32.14569799940002,44.06206075610002,4.8876644126802615,0.2857142857142857,0.0,0.2616523634754361,0.2241284369237205,0.0409986787371643,-0.3451132419462053,0.0569544639890745,0.5383394042900681,0.1481760773940299,885.7647388469981,5930.269104417518,38.2399364603938,Low,Limited historical support + V5
8433_1447,8433,1447,13.00305425799497,77.74557863996662,12.998562702120015,13.007545813869925,77.74096930940162,77.75018797053163,3,3,Moderate,7,38.02612308491431,36.30151470650001,32.07699579740003,45.244490594900014,5.16407136615814,0.2857142857142857,0.14285714285714285,0.2855283924429195,0.2605469690228609,0.0472820185775424,-0.3737613469421211,0.0565693245229147,0.5179450915757491,0.1628259773835572,873.6891176825244,5652.098806464779,40.76101116803067,Moderate,Historical support + V5
8433_1448,8433,1448,13.01203736974488,77.74557863996662,13.007545813869925,13.016528925619834,77.74096930940162,77.75018797053163,1,1,Limited,7,37.424539357700034,36.18251634020004,31.814030428700015,44.57522518880003,5.4636498908924365,0.2857142857142857,0.2857142857142857,0.3299414321741533,0.3194496188518726,0.0045765517471321,-0.4060104008187066,0.1114283326066776,0.2851083673116626,0.1807032774343226,862.7238488084652,4998.203036100935,40.095730101522,Moderate,Limited historical support + V5
8433_1449,8433,1449,13.021020481494787,77.74557863996662,13.016528925619834,13.025512037369744,77.74096930940162,77.75018797053163,3,2,Limited,7,37.641503060085746,36.33960853940002,31.982726805800016,44.79461080250002,5.346532006210574,0.2857142857142857,0.14285714285714285,0.3339201010230169,0.3055298980871965,0.0183728725087223,-0.4184992399073248,0.0638581319633546,0.4600417834204493,0.1761717725153586,871.5752804684727,3587.533779982844,40.33556267427466,Moderate,Limited historical support + V5
8433_1450,8433,1450,13.0300035932447,77.74557863996662,13.025512037369744,13.034495149119657,77.74096930940162,77.75018797053163,6,4,Moderate,7,37.87518576315717,36.59243947880003,32.276198003000026,44.841112964600015,4.970768525602165,0.2857142857142857,0.14285714285714285,0.2691668840651325,0.2349659559029765,0.0349758815359716,-0.3519733721796551,0.0466993913730426,0.5935616508619307,0.1703241339519211,878.9094310846286,1569.9742152123229,42.69011100856753,High,Historical support + V5
8433_1451,8433,1451,13.03898670499461,77.74557863996662,13.034495149119657,13.043478260869565,77.74096930940162,77.75018797053163,3,3,Moderate,7,38.0674420638286,36.42898976240001,32.240325883100034,44.59692961580006,4.805970846749161,0.2857142857142857,0.14285714285714285,0.301545068149883,0.2674791747756122,0.0456636350953188,-0.3875094464984426,0.0647388887014277,0.5431813788443526,0.164507225939659,887.4602765284252,2170.2274410141185,41.52732085111484,Moderate,Historical support + V5
8433_1452,8433,1452,13.04796981674452,77.74557863996662,13.043478260869565,13.052461372619476,77.74096930940162,77.75018797053163,2,2,Limited,7,37.93397570715717,36.344633028800025,32.04469550840001,44.50218210140004,4.900157758358721,0.2857142857142857,0.14285714285714285,0.2875017337898418,0.2551196119958329,0.041633307167964,-0.367099214955386,0.0689594631571806,0.5816469763511709,0.1606548049233252,885.4891580026463,5308.107052032892,41.57187205930748,Moderate,Limited historical support + V5
8433_1453,8433,1453,13.05695292849443,77.74557863996662,13.052461372619476,13.061444484369384,77.74096930940162,77.75018797053163,2,2,Limited,7,38.523083661371444,36.479132115800006,32.093145941900005,47.32145044790004,5.791594379248479,0.2857142857142857,0.2857142857142857,0.3168332424481621,0.2866084883574369,0.0598273714712213,-0.389159476198121,0.1485202691778677,0.2776213831454449,0.1391445384895019,893.260595504981,8410.196751201356,41.21673917677484,Moderate,Limited historical support + V5
8433_1454,8433,1454,13.06593604024434,77.74557863996662,13.061444484369384,13.070427596119297,77.74096930940162,77.75018797053163,3,2,Limited,7,37.51462615768573,36.30083110250004,31.937403860600035,44.18922819019999,5.014101162054158,0.2857142857142857,0.0,0.2966630889578468,0.2687068801032684,0.0102848992212768,-0.3881908672803004,0.0577609149871781,0.5862787755862016,0.1578322262685834,890.6551574899536,7237.791084546779,39.29873474885293,Low,Limited historical support + V5
8433_1455,8433,1455,13.074919151994251,77.74557863996662,13.070427596119297,13.079410707869206,77.74096930940162,77.75018797053163,1,1,Limited,7,37.702641672114304,36.40933614740003,31.813671536600033,44.8520335385,5.365943866368074,0.2857142857142857,0.2857142857142857,0.2998473677605782,0.2742512573475943,0.0133672680407167,-0.3854523212926549,0.0729245703358112,0.3860291467005819,0.1657573046486423,880.8395830820431,4432.94647314355,42.019417325308495,Moderate,Limited historical support + V5
8433_1456,8433,1456,13.08390226374416,77.74557863996662,13.079410707869206,13.088393819619116,77.74096930940162,77.75018797053163,1,1,Limited,7,38.68688250410001,36.822352594099996,32.48702147660003,48.071483666600024,6.250060182485274,0.2857142857142857,0.2857142857142857,0.3154694717162233,0.2815294127036862,0.0720865161909011,-0.4211725886830347,0.1253315497242052,0.1829158882961,0.174486066775188,879.4918207845395,2966.863544976336,41.65346138248779,Moderate,Limited historical support + V5
8433_1457,8433,1457,13.09288537549407,77.74557863996662,13.088393819619116,13.097376931369029,77.74096930940162,77.75018797053163,3,2,Limited,7,38.99808590077146,36.87066630680002,32.42949620000004,47.61760479079999,5.8407806195135645,0.2857142857142857,0.2857142857142857,0.3003872218960622,0.2553508762351056,0.0712564719324126,-0.4016885806810081,0.0850343620121554,0.383044540375277,0.1764281696921033,882.0846701083966,4337.7468613161645,43.84953643163406,High,Limited historical support + V5
8433_1458,8433,1458,13.101868487243982,77.74557863996662,13.097376931369029,13.106360043118936,77.74096930940162,77.75018797053163,4,4,Moderate,7,38.18240472508575,36.39409177820001,31.942496710400036,45.65887424960006,5.542715219428273,0.2857142857142857,0.2857142857142857,0.3459757907569691,0.3065398746694934,0.0403247990796198,-0.447165071507196,0.2228381405968342,0.2130689141009059,0.1646933481292682,880.6065135254986,7120.568341573481,40.228353603028594,Moderate,Historical support + V5
8433_1459,8433,1459,13.110851598993891,77.74557863996662,13.106360043118936,13.115343154868846,77.74096930940162,77.75018797053163,3,3,Moderate,7,37.82664011338574,36.66343175420003,31.63677191150002,45.143693185100055,5.666363052858326,0.2857142857142857,0.2857142857142857,0.3692377775354908,0.313113316610721,0.0333151810901304,-0.4652110917915401,0.2784719419876323,0.1882523506790193,0.155681155260278,889.8033612193207,10225.615982492094,41.06609784035758,Moderate,Historical support + V5
8433_1460,8433,1460,13.119834710743802,77.74557863996662,13.115343154868846,13.124326266618755,77.74096930940162,77.75018797053163,6,4,Moderate,7,38.81511440728574,36.65235736940001,32.276642345600024,47.232103405100034,5.841529836017283,0.2857142857142857,0.2857142857142857,0.3182261457083436,0.2828980369305579,0.0809610850982197,-0.4269871049890271,0.1491783630503067,0.3454182661049346,0.1652254531760799,883.6598684350591,13431.28492337917,42.593107908527614,High,Historical support + V5
8433_1461,8433,1461,13.128817822493712,77.74557863996662,13.124326266618755,13.133309378368669,77.74096930940162,77.75018797053163,3,3,Moderate,7,38.29399087087145,36.87874992409998,32.28846869480004,45.21781294880002,5.276077796569964,0.2857142857142857,0.2857142857142857,0.2904436899394498,0.2534865970297495,0.0607824314543098,-0.3978955658144271,0.0644511839203327,0.4069746246582272,0.1721232966928309,874.8756631123266,16449.996934887207,44.12142835119195,Very High,Historical support + V5
8433_1462,8433,1462,13.13780093424362,77.74557863996662,13.133309378368669,13.142292490118576,77.74096930940162,77.75018797053163,4,3,Moderate,7,37.29005491935716,36.03256780280004,31.766058518000037,44.64498697700001,5.398128926214599,0.2857142857142857,0.14285714285714285,0.3255420600073653,0.2927472785028467,-0.0177799402654904,-0.4015314063356359,0.0648313446235412,0.4834363130209942,0.1659191028006789,875.443143545647,15242.828260482533,39.33159827788001,Low,Historical support + V5
8433_1463,8433,1463,13.146784045993533,77.74557863996662,13.142292490118576,13.151275601868488,77.74096930940162,77.75018797053163,3,2,Limited,7,34.99055266704287,32.9769262832,28.710160646900025,45.25799177390003,6.170976087182235,0.14285714285714285,0.14285714285714285,0.4034932355410796,0.4577363699739043,-0.2668569288157475,-0.4145071251672084,0.0940177215626682,0.0495459117706957,0.1173340224986248,869.0553292359227,12579.662116641512,17.673129456160414,Low,Limited historical support + V5
