Grid_ID,Latitude,Longitude,Area_Name,Neighbourhood,Suburb,Town,City,City_District,County,State_District,Postcode,Display_Name
8401_1424,12.796442687747035,77.4505814838062,Shyanumangala,,,,,,Ramanagara taluk,Bengaluru South,562109,"Chikkakuntanahalli, Shyanumangala, Ramanagara taluk, Bengaluru South, Karnataka, 562109, India"
8401_1425,12.805425799496946,77.4505814838062,Shyanumangala,,,,,,Ramanagara taluk,Bengaluru South,562109,"Chikkakuntanahalli, Shyanumangala, Ramanagara taluk, Bengaluru South, Karnataka, 562109, India"
8401_1426,12.814408911246856,77.4505814838062,Gollarapalya,,,,,,Ramanagara taluk,Bengaluru South,562109,"Talakuppe, Gollarapalya, Ramanagara taluk, Bengaluru South, Karnataka, 562109, India"
8401_1427,12.823392022996766,77.4505814838062,Gonipura,,,,,Gonipura,Bangalore South,Bengaluru Urban,,"Gonipura, Bangalore South, Bengaluru Urban, Karnataka, India"
8401_1428,12.832375134746677,77.4505814838062,Gonipura,,,,,Gonipura,Bangalore South,Bengaluru Urban,,"Gonipura, Bangalore South, Bengaluru Urban, Karnataka, India"
8401_1429,12.841358246496586,77.4505814838062,ಕೆಂಚನಪಾಳ್ಯ,,,,,Kumbalagodu Gollahalli,Bangalore South,Bengaluru Urban,560074,"ಕಲ್ಲೇಗೌಡನ ಪಾಳ್ಯ, Kumbalagodu Gollahalli, ಕೆಂಚನಪಾಳ್ಯ, Bangalore South, Bengaluru Urban, Karnataka, 560074, India"
8401_1430,12.850341358246496,77.4505814838062,ಕೆಂಚನಪಾಳ್ಯ,,,,,Kumbalagodu Gollahalli,Bangalore South,Bengaluru Urban,560074,"ಕಲ್ಲೇಗೌಡನ ಪಾಳ್ಯ, Kumbalagodu Gollahalli, ಕೆಂಚನಪಾಳ್ಯ, Bangalore South, Bengaluru Urban, Karnataka, 560074, India"
8401_1431,12.859324469996409,77.4505814838062,Tagachaguppe,,,,,,Bangalore South,Bengaluru Urban,560060,"Tagachaguppe, Bangalore South, Bengaluru Urban, Karnataka, 560060, India"
8401_1432,12.868307581746317,77.4505814838062,Tagachaguppe,,,,,,Bangalore South,Bengaluru Urban,560060,"Tagachaguppe, Bangalore South, Bengaluru Urban, Karnataka, 560060, India"
8401_1433,12.877290693496228,77.4505814838062,Kaniminike,,,,,Kumbalagodu,Bangalore South,Bengaluru Urban,560074,"Tagachaguppe, Kumbalagodu, Kaniminike, Bangalore South, Bengaluru Urban, Karnataka, 560074, India"
8401_1434,12.886273805246136,77.4505814838062,Kumbalagodu,,,,,,Bangalore South,Bengaluru Urban,560074,"Kumbalagodu, Bangalore South, Bengaluru Urban, Karnataka, 560074, India"
8401_1435,12.895256916996049,77.4505814838062,Challaghatta,,Challaghatta,,,Challagatta,Bangalore South,Bengaluru Urban,560060,"Challaghatta, Challagatta, Kumbalagodu, Bangalore South, Bengaluru Urban, Karnataka, 560060, India"
8401_1436,12.904240028745958,77.4505814838062,Challaghatta,,Challaghatta,,,Challagatta,Bangalore South,Bengaluru Urban,560060,"Challaghatta, Challagatta, Kumbalagodu, Bangalore South, Bengaluru Urban, Karnataka, 560060, India"
8401_1437,12.913223140495868,77.4505814838062,6th Block,,,,,Bheemanakuppe,Bangalore South,Bengaluru Urban,560060,"6th Block, Bheemanakuppe, Bangalore South, Bengaluru Urban, Karnataka, 560060, India"
8401_1438,12.922206252245775,77.4505814838062,Nadaprabhu Kempegowda Layout,,Nadaprabhu Kempegowda Layout,,,Kommagatta,Bangalore South,Bengaluru Urban,560060,"7th Block, Nadaprabhu Kempegowda Layout, Kommagatta, Bangalore South, Bengaluru Urban, Karnataka, 560060, India"
8401_1439,12.931189363995689,77.4505814838062,Sulikere,,Sulikere,,,Sulikere,Bangalore South,Bengaluru Urban,560060,"8th Block, Sulikere, Bangalore South, Bengaluru Urban, Karnataka, 560060, India"
8401_1440,12.940172475745598,77.4505814838062,Sulikere,,Sulikere,,,Sulikere,Bangalore South,Bengaluru Urban,560060,"8th Block, Sulikere, Bangalore South, Bengaluru Urban, Karnataka, 560060, India"
8401_1441,12.94915558749551,77.4505814838062,9th Block,,,,,Kenchanapura,Bangalore South,Bengaluru Urban,560060,"9th Block, Kenchanapura, Bangalore South, Bengaluru Urban, Karnataka, 560060, India"
8401_1442,12.95813869924542,77.4505814838062,9th Block,,,,,Kenchanapura,Bangalore South,Bengaluru Urban,560060,"9th Block, Kenchanapura, Bangalore South, Bengaluru Urban, Karnataka, 560060, India"
8401_1443,12.967121810995328,77.4505814838062,2nd Block,,,,,Kannahalli,Bangalore North,Bengaluru Urban,560112,"2nd Block, Kannahalli, Bangalore North, Bengaluru Urban, Karnataka, 560112, India"
8401_1444,12.97610492274524,77.4505814838062,Shigehalli,,,,,Shigehalli,Bangalore North,Bengaluru Urban,,"Shigehalli, Bangalore North, Bengaluru Urban, Karnataka, India"
8401_1445,12.98508803449515,77.4505814838062,1st Block,,,,,Kodigehalli,Bangalore North,Bengaluru Urban,560112,"1st Block, Kodigehalli, Bangalore North, Bengaluru Urban, Karnataka, 560112, India"
8401_1446,12.99407114624506,77.4505814838062,Machohalli,,,,,,Bangalore North,Bengaluru Urban,562130,"Bayyandahalli, Machohalli, Bangalore North, Bengaluru Urban, Karnataka, 562130, India"
8401_1447,13.00305425799497,77.4505814838062,Machohalli,,,,,,Bangalore North,Bengaluru Urban,562130,"Bayyandahalli, Machohalli, Bangalore North, Bengaluru Urban, Karnataka, 562130, India"
8401_1448,13.01203736974488,77.4505814838062,Machohalli,,,,,,Bangalore North,Bengaluru Urban,560091,"Vaddarahalli, Machohalli, Bangalore North, Bengaluru Urban, Karnataka, 560091, India"
8401_1449,13.021020481494787,77.4505814838062,Machohalli,,,,,,Bangalore North,Bengaluru Urban,560091,"Vaddarahalli, Machohalli, Bangalore North, Bengaluru Urban, Karnataka, 560091, India"
8401_1450,13.0300035932447,77.4505814838062,Machohalli,,,,,,Bangalore North,Bengaluru Urban,560091,"Vaddarahalli, Machohalli, Bangalore North, Bengaluru Urban, Karnataka, 560091, India"
8401_1451,13.03898670499461,77.4505814838062,Lakshmipura,,,,,,Bangalore North,Bengaluru Urban,562162,"Lakshmipura, Bangalore North, Bengaluru Urban, Karnataka, 562162, India"
8401_1452,13.04796981674452,77.4505814838062,Harokyatanahalli,,,,,,Bangalore North,Bengaluru Urban,562162,"Harokyatanahalli, Bangalore North, Bengaluru Urban, Karnataka, 562162, India"
8401_1453,13.05695292849443,77.4505814838062,Harokyatanahalli,,,,,,Bangalore North,Bengaluru Urban,562162,"Harokyatanahalli, Bangalore North, Bengaluru Urban, Karnataka, 562162, India"
8401_1454,13.06593604024434,77.4505814838062,Heggadadevanapura,,,,,,Bangalore North,Bengaluru Urban,562162,"Heggadadevanapura, Bangalore North, Bengaluru Urban, Karnataka, 562162, India"
8401_1455,13.074919151994251,77.4505814838062,Heggadadevanapura,,,,,,Bangalore North,Bengaluru Urban,562162,"Heggadadevanapura, Bangalore North, Bengaluru Urban, Karnataka, 562162, India"
8401_1456,13.08390226374416,77.4505814838062,Mattahalli,,,,,,Bangalore North,Bengaluru Urban,562123,"Vaderahalli, Mattahalli, Bangalore North, Bengaluru Urban, Karnataka, 562123, India"
8401_1457,13.09288537549407,77.4505814838062,Mattahalli,,,,,,Bangalore North,Bengaluru Urban,562123,"Vaderahalli, Mattahalli, Bangalore North, Bengaluru Urban, Karnataka, 562123, India"
8401_1458,13.101868487243982,77.4505814838062,Mattahalli,,,,,,Bangalore North,Bengaluru Urban,562123,"Vaderahalli, Mattahalli, Bangalore North, Bengaluru Urban, Karnataka, 562123, India"
8401_1459,13.110851598993891,77.4505814838062,Mattahalli,,,,,,Bangalore North,Bengaluru Urban,562123,"Vaderahalli, Mattahalli, Bangalore North, Bengaluru Urban, Karnataka, 562123, India"
8401_1460,13.119834710743802,77.4505814838062,Honnasandra,,,,,,Bangalore North,Bengaluru Urban,562123,"Honnasandra, Bangalore North, Bengaluru Urban, Karnataka, 562123, India"
8401_1461,13.128817822493712,77.4505814838062,ತೋಟಗೆರೆ,,,,,,Bangalore North,Bengaluru Urban,562123,"ತೋಟಗೆರೆ, Bangalore North, Bengaluru Urban, Karnataka, 562123, India"
8401_1462,13.13780093424362,77.4505814838062,ತೋಟಗೆರೆ,,,,,,Bangalore North,Bengaluru Urban,562123,"ತೋಟಗೆರೆ, Bangalore North, Bengaluru Urban, Karnataka, 562123, India"
8401_1463,13.146784045993533,77.4505814838062,ತೋಟಗೆರೆ,,,,,,Bangalore North,Bengaluru Urban,562123,"ತೋಟಗೆರೆ, Bangalore North, Bengaluru Urban, Karnataka, 562123, India"
8402_1424,12.796442687747035,77.45980014493621,Kadirenahalli,,,,,,Ramanagara taluk,Bengaluru South,562109,"Kadirenahalli, Ramanagara taluk, Bengaluru South, Karnataka, 562109, India"
8402_1425,12.805425799496946,77.45980014493621,Kadirenahalli,,,,,,Ramanagara taluk,Bengaluru South,562109,"Kadirenahalli, Ramanagara taluk, Bengaluru South, Karnataka, 562109, India"
8402_1426,12.814408911246856,77.45980014493621,Chinna Kuruchi,,,,,Chinna Kuruchi,Bangalore South,Bengaluru Urban,560082,"Chinna Kuruchi, Bangalore South, Bengaluru Urban, Karnataka, 560082, India"
8402_1427,12.823392022996766,77.45980014493621,Chinna Kuruchi,,,,,Chinna Kuruchi,Bangalore South,Bengaluru Urban,560082,"Chinna Kuruchi, Bangalore South, Bengaluru Urban, Karnataka, 560082, India"
8402_1428,12.832375134746677,77.45980014493621,Vasanthanahalli,,,,,Vasanthanahalli,Bangalore South,Bengaluru Urban,,"Vasanthanahalli, Bangalore South, Bengaluru Urban, Karnataka, India"
8402_1429,12.841358246496586,77.45980014493621,Vasanthanahalli,,,,,Vasanthanahalli,Bangalore South,Bengaluru Urban,,"Vasanthanahalli, Bangalore South, Bengaluru Urban, Karnataka, India"
8402_1430,12.850341358246496,77.45980014493621,Devagere,,,,,,Bangalore South,Bengaluru Urban,560060,"Devagere, Bangalore South, Bengaluru Urban, Karnataka, 560060, India"
8402_1431,12.859324469996409,77.45980014493621,Devagere,,,,,,Bangalore South,Bengaluru Urban,560060,"Devagere, Bangalore South, Bengaluru Urban, Karnataka, 560060, India"
8402_1432,12.868307581746317,77.45980014493621,Kambipura,,,,,,Bangalore South,Bengaluru Urban,560060,"Kambipura, Bangalore South, Bengaluru Urban, Karnataka, 560060, India"
8402_1433,12.877290693496228,77.45980014493621,Kambipura,,,,,,Bangalore South,Bengaluru Urban,560060,"Kambipura, Bangalore South, Bengaluru Urban, Karnataka, 560060, India"
8402_1434,12.886273805246136,77.45980014493621,Kambipura,,,,,,Bangalore South,Bengaluru Urban,560060,"Kambipura, Bangalore South, Bengaluru Urban, Karnataka, 560060, India"
8402_1435,12.895256916996049,77.45980014493621,Kambipura,,,,,,Bangalore South,Bengaluru Urban,560060,"Kambipura, Bangalore South, Bengaluru Urban, Karnataka, 560060, India"
8402_1436,12.904240028745958,77.45980014493621,Challaghatta,,Challaghatta,,,Challagatta,Bangalore South,Bengaluru Urban,560060,"Challaghatta, Challagatta, Kumbalagodu, Bangalore South, Bengaluru Urban, Karnataka, 560060, India"
8402_1437,12.913223140495868,77.45980014493621,5th Block,,,,,Kommagatta,Bangalore South,Bengaluru Urban,560060,"5th Block, Kommagatta, Bangalore South, Bengaluru Urban, Karnataka, 560060, India"
8402_1438,12.922206252245775,77.45980014493621,Nadaprabhu Kempegowda Layout,,Nadaprabhu Kempegowda Layout,,,Kommagatta,Bangalore South,Bengaluru Urban,560060,"4th Block, Nadaprabhu Kempegowda Layout, Kommagatta, Bangalore South, Bengaluru Urban, Karnataka, 560060, India"
8402_1439,12.931189363995689,77.45980014493621,Nadaprabhu Kempegowda Layout,,Nadaprabhu Kempegowda Layout,,,Kommagatta,Bangalore South,Bengaluru Urban,560060,"4th Block, Nadaprabhu Kempegowda Layout, Kommagatta, Bangalore South, Bengaluru Urban, Karnataka, 560060, India"
8402_1440,12.940172475745598,77.45980014493621,3rd Block,,,,,Ramasandra,Bangalore South,Bengaluru Urban,560060,"3rd Block, Ramasandra, Bangalore South, Bengaluru Urban, Karnataka, 560060, India"
8402_1441,12.94915558749551,77.45980014493621,3rd Block,,,,,Ramasandra,Bangalore South,Bengaluru Urban,560060,"3rd Block, Ramasandra, Bangalore South, Bengaluru Urban, Karnataka, 560060, India"
8402_1442,12.95813869924542,77.45980014493621,2nd Block,,,,,Kannahalli,Bangalore North,Bengaluru Urban,560112,"2nd Block, Kannahalli, Bangalore North, Bengaluru Urban, Karnataka, 560112, India"
8402_1443,12.967121810995328,77.45980014493621,2nd Block,,,,,Kannahalli,Bangalore North,Bengaluru Urban,560112,"2nd Block, Kannahalli, Bangalore North, Bengaluru Urban, Karnataka, 560112, India"
8402_1444,12.97610492274524,77.45980014493621,1st Block,,,,,Kodigehalli,Bangalore North,Bengaluru Urban,560112,"1st Block, Kodigehalli, Bangalore North, Bengaluru Urban, Karnataka, 560112, India"
8402_1445,12.98508803449515,77.45980014493621,1st Block,,,,,Kodigehalli,Bangalore North,Bengaluru Urban,560112,"1st Block, Kodigehalli, Bangalore North, Bengaluru Urban, Karnataka, 560112, India"
8402_1446,12.99407114624506,77.45980014493621,Nada prabhu Kempegowda Nagara,,Nada prabhu Kempegowda Nagara,,Bengaluru,Bengaluru West City Corporation,Bangalore North,Bengaluru Urban,560091,"Gollarahatti, Nada prabhu Kempegowda Nagara, Bengaluru West City Corporation, Bengaluru, Bangalore North, Bengaluru Urban, Karnataka, 560091, India"
8402_1447,13.00305425799497,77.45980014493621,Machohalli,,,,,,Bangalore North,Bengaluru Urban,560091,"Vaddarahalli, Machohalli, Bangalore North, Bengaluru Urban, Karnataka, 560091, India"
8402_1448,13.01203736974488,77.45980014493621,Machohalli,,,,,,Bangalore North,Bengaluru Urban,560091,"Vaddarahalli, Machohalli, Bangalore North, Bengaluru Urban, Karnataka, 560091, India"
8402_1449,13.021020481494787,77.45980014493621,Machohalli,,,,,,Bangalore North,Bengaluru Urban,560091,"Vaddarahalli, Machohalli, Bangalore North, Bengaluru Urban, Karnataka, 560091, India"
8402_1450,13.0300035932447,77.45980014493621,Machohalli,,,,,,Bangalore North,Bengaluru Urban,560091,"Vaddarahalli, Machohalli, Bangalore North, Bengaluru Urban, Karnataka, 560091, India"
8402_1451,13.03898670499461,77.45980014493621,Lakshmipura,,,,,,Bangalore North,Bengaluru Urban,562162,"Lakshmipura, Bangalore North, Bengaluru Urban, Karnataka, 562162, India"
8402_1452,13.04796981674452,77.45980014493621,Dombarahalli,,,,,,Bangalore North,Bengaluru Urban,562162,"Dombarahalli, Bangalore North, Bengaluru Urban, Karnataka, 562162, India"
8402_1453,13.05695292849443,77.45980014493621,Madanayakanahalli,,,,,,Bangalore North,Bengaluru Urban,562162,"Madanayakanahalli, Bangalore North, Bengaluru Urban, Karnataka, 562162, India"
8402_1454,13.06593604024434,77.45980014493621,Madanayakanahalli,,,,,,Bangalore North,Bengaluru Urban,562162,"Madanayakanahalli, Bangalore North, Bengaluru Urban, Karnataka, 562162, India"
8402_1455,13.074919151994251,77.45980014493621,Heggadadevanapura,,,,,,Bangalore North,Bengaluru Urban,562162,"Heggadadevanapura, Bangalore North, Bengaluru Urban, Karnataka, 562162, India"
8402_1456,13.08390226374416,77.45980014493621,Mattahalli,,,,,,Bangalore North,Bengaluru Urban,562123,"Vaderahalli, Mattahalli, Bangalore North, Bengaluru Urban, Karnataka, 562123, India"
8402_1457,13.09288537549407,77.45980014493621,Mattahalli,,,,,,Bangalore North,Bengaluru Urban,562123,"Vaderahalli, Mattahalli, Bangalore North, Bengaluru Urban, Karnataka, 562123, India"
8402_1458,13.101868487243982,77.45980014493621,Mattahalli,,,,,,Bangalore North,Bengaluru Urban,562123,"Vaderahalli, Mattahalli, Bangalore North, Bengaluru Urban, Karnataka, 562123, India"
8402_1459,13.110851598993891,77.45980014493621,Mattahalli,,,,,,Bangalore North,Bengaluru Urban,562123,"Vaderahalli, Mattahalli, Bangalore North, Bengaluru Urban, Karnataka, 562123, India"
8402_1460,13.119834710743802,77.45980014493621,Narasipura,,,,,,Bangalore North,Bengaluru Urban,562123,"Narasipura, Bangalore North, Bengaluru Urban, Karnataka, 562123, India"
8402_1461,13.128817822493712,77.45980014493621,ತೋಟಗೆರೆ,,,,,,Bangalore North,Bengaluru Urban,562123,"ತೋಟಗೆರೆ, Bangalore North, Bengaluru Urban, Karnataka, 562123, India"
8402_1462,13.13780093424362,77.45980014493621,Guddadhahalli,,,,,Guddadhahalli,Yelahanka taluku,Bengaluru Urban,,"Guddadhahalli, Yelahanka taluku, Bengaluru Urban, Karnataka, India"
8402_1463,13.146784045993533,77.45980014493621,Guddadhahalli,,,,,Guddadhahalli,Yelahanka taluku,Bengaluru Urban,,"Guddadhahalli, Yelahanka taluku, Bengaluru Urban, Karnataka, India"
8403_1424,12.796442687747035,77.46901880606623,Kadirenahalli,,,,,,Ramanagara taluk,Bengaluru South,562109,"Kadirenahalli, Ramanagara taluk, Bengaluru South, Karnataka, 562109, India"
8403_1425,12.805425799496946,77.46901880606623,Kadirenahalli,,,,,,Ramanagara taluk,Bengaluru South,562109,"Kadirenahalli, Ramanagara taluk, Bengaluru South, Karnataka, 562109, India"
8403_1426,12.814408911246856,77.46901880606623,Chinna Kuruchi,,,,,Chinna Kuruchi,Bangalore South,Bengaluru Urban,560082,"Chinna Kuruchi, Bangalore South, Bengaluru Urban, Karnataka, 560082, India"
8403_1427,12.823392022996766,77.46901880606623,Chinna Kuruchi,,,,,Chinna Kuruchi,Bangalore South,Bengaluru Urban,560082,"Chinna Kuruchi, Bangalore South, Bengaluru Urban, Karnataka, 560082, India"
8403_1428,12.832375134746677,77.46901880606623,Chinna Kuruchi,,,,,Chinna Kuruchi,Bangalore South,Bengaluru Urban,560082,"Chinna Kuruchi, Bangalore South, Bengaluru Urban, Karnataka, 560082, India"
8403_1429,12.841358246496586,77.46901880606623,Gangasandra,,,,,Gangasandra,Bangalore South,Bengaluru Urban,,"Gangasandra, Bangalore South, Bengaluru Urban, Karnataka, India"
8403_1430,12.850341358246496,77.46901880606623,Devagere,,,,,,Bangalore South,Bengaluru Urban,560060,"Devagere, Bangalore South, Bengaluru Urban, Karnataka, 560060, India"
8403_1431,12.859324469996409,77.46901880606623,Devagere,,,,,,Bangalore South,Bengaluru Urban,560060,"Devagere, Bangalore South, Bengaluru Urban, Karnataka, 560060, India"
8403_1432,12.868307581746317,77.46901880606623,Gudimavu,,,,,Gudimavu,Bangalore South,Bengaluru Urban,,"Gudimavu, Bangalore South, Bengaluru Urban, Karnataka, India"
8403_1433,12.877290693496228,77.46901880606623,Kambipura,,,,,,Bangalore South,Bengaluru Urban,560060,"Kambipura, Bangalore South, Bengaluru Urban, Karnataka, 560060, India"
8403_1434,12.886273805246136,77.46901880606623,Venkatapura,,,,,Venkatapura,Bangalore South,Bengaluru Urban,,"Venkatapura, Bangalore South, Bengaluru Urban, Karnataka, India"
8403_1435,12.895256916996049,77.46901880606623,Hemmigepura,,Hemmigepura,,Bengaluru,Bengaluru West City Corporation,Bangalore South,Bengaluru Urban,,"Hemmigepura, Bengaluru West City Corporation, Bengaluru, Bangalore South, Bengaluru Urban, Karnataka, India"
8403_1436,12.904240028745958,77.46901880606623,Hemmigepura,,Hemmigepura,,Bengaluru,Bengaluru West City Corporation,Bangalore South,Bengaluru Urban,,"Hemmigepura, Bengaluru West City Corporation, Bengaluru, Bangalore South, Bengaluru Urban, Karnataka, India"
8403_1437,12.913223140495868,77.46901880606623,Hemmigepura,,Hemmigepura,,Bengaluru,Bengaluru West City Corporation,Bangalore South,Bengaluru Urban,,"Hemmigepura, Bengaluru West City Corporation, Bengaluru, Bangalore South, Bengaluru Urban, Karnataka, India"
8403_1438,12.922206252245775,77.46901880606623,Nadaprabhu Kempegowda Layout,,Nadaprabhu Kempegowda Layout,,,Kommagatta,Bangalore South,Bengaluru Urban,560060,"4th Block, Nadaprabhu Kempegowda Layout, Kommagatta, Bangalore South, Bengaluru Urban, Karnataka, 560060, India"
8403_1439,12.931189363995689,77.46901880606623,Ullal,,Ullal,,Bengaluru,Bengaluru West City Corporation,Bangalore South,Bengaluru Urban,560110,"Sonnenahalli, Ullal, Bengaluru West City Corporation, Bengaluru, Bangalore South, Bengaluru Urban, Karnataka, 560110, India"
8403_1440,12.940172475745598,77.46901880606623,Ullal,,Ullal,,Bengaluru,Bengaluru West City Corporation,Bangalore South,Bengaluru Urban,560110,"Sonnenahalli, Ullal, Bengaluru West City Corporation, Bengaluru, Bangalore South, Bengaluru Urban, Karnataka, 560110, India"
8403_1441,12.94915558749551,77.46901880606623,3rd Block,,,,,Ramasandra,Bangalore South,Bengaluru Urban,560060,"3rd Block, Ramasandra, Bangalore South, Bengaluru Urban, Karnataka, 560060, India"
8403_1442,12.95813869924542,77.46901880606623,Manganahalli,,,,,Manganahalli,Bangalore North,Bengaluru Urban,,"Manganahalli, Bangalore North, Bengaluru Urban, Karnataka, India"
8403_1443,12.967121810995328,77.46901880606623,1st Block,,,,,Kodigehalli,Bangalore North,Bengaluru Urban,560112,"1st Block, Kodigehalli, Bangalore North, Bengaluru Urban, Karnataka, 560112, India"
8403_1444,12.97610492274524,77.46901880606623,1st Block,,,,,Kodigehalli,Bangalore North,Bengaluru Urban,560112,"1st Block, Kodigehalli, Bangalore North, Bengaluru Urban, Karnataka, 560112, India"
8403_1445,12.98508803449515,77.46901880606623,1st Block,,,,,Kodigehalli,Bangalore North,Bengaluru Urban,560112,"1st Block, Kodigehalli, Bangalore North, Bengaluru Urban, Karnataka, 560112, India"
8403_1446,12.99407114624506,77.46901880606623,Nada prabhu Kempegowda Nagara,,Nada prabhu Kempegowda Nagara,,Bengaluru,Bengaluru West City Corporation,Bangalore North,Bengaluru Urban,560091,"Gollarahatti, Nada prabhu Kempegowda Nagara, Bengaluru West City Corporation, Bengaluru, Bangalore North, Bengaluru Urban, Karnataka, 560091, India"
8403_1447,13.00305425799497,77.46901880606623,Nada prabhu Kempegowda Nagara,,Nada prabhu Kempegowda Nagara,,Bengaluru,Bengaluru West City Corporation,Bangalore North,Bengaluru Urban,560091,"Lingadeeranahalli, Nada prabhu Kempegowda Nagara, Bengaluru West City Corporation, Bengaluru, Bangalore North, Bengaluru Urban, Karnataka, 560091, India"
8403_1448,13.01203736974488,77.46901880606623,Andrahalli,,Andrahalli,,Bengaluru,Bengaluru West City Corporation,Bangalore North,Bengaluru Urban,560091,"Andrahalli, Bengaluru West City Corporation, Bengaluru, Bangalore North, Bengaluru Urban, Karnataka, 560091, India"
8403_1449,13.021020481494787,77.46901880606623,Andrahalli,,Andrahalli,,Bengaluru,Bengaluru West City Corporation,Bangalore North,Bengaluru Urban,560091,"Andrahalli, Bengaluru West City Corporation, Bengaluru, Bangalore North, Bengaluru Urban, Karnataka, 560091, India"
8403_1450,13.0300035932447,77.46901880606623,Gangodanahalli,,,,,,Bangalore North,Bengaluru Urban,560091,"Gangodanahalli, Bangalore North, Bengaluru Urban, Karnataka, 560091, India"
8403_1451,13.03898670499461,77.46901880606623,Lakshmipura,,,,,,Bangalore North,Bengaluru Urban,562162,"Lakshmipura, Bangalore North, Bengaluru Urban, Karnataka, 562162, India"
8403_1452,13.04796981674452,77.46901880606623,Madhavara,,Madhavara,,,,Bangalore North,Bengaluru Urban,560073,"Anchepalya, Madhavara, Chikkabidarakallu, Bangalore North, Bengaluru Urban, Karnataka, 560073, India"
8403_1453,13.05695292849443,77.46901880606623,Madhavara,,Madhavara,,,,Bangalore North,Bengaluru Urban,560073,"Anchepalya, Madhavara, Chikkabidarakallu, Bangalore North, Bengaluru Urban, Karnataka, 560073, India"
8403_1454,13.06593604024434,77.46901880606623,Madhavara,,Madhavara,,,,Bangalore North,Bengaluru Urban,560073,"Anchepalya, Madhavara, Chikkabidarakallu, Bangalore North, Bengaluru Urban, Karnataka, 560073, India"
8403_1455,13.074919151994251,77.46901880606623,Kuduregere,,,,,,Bangalore North,Bengaluru Urban,562162,"Kuduregere, Bangalore North, Bengaluru Urban, Karnataka, 562162, India"
8403_1456,13.08390226374416,77.46901880606623,Aluru,,,,,,Bangalore North,Bengaluru Urban,562162,"Aluru, Bangalore North, Bengaluru Urban, Karnataka, 562162, India"
8403_1457,13.09288537549407,77.46901880606623,Mattahalli,,,,,,Bangalore North,Bengaluru Urban,562123,"Vaderahalli, Mattahalli, Bangalore North, Bengaluru Urban, Karnataka, 562123, India"
8403_1458,13.101868487243982,77.46901880606623,Mattahalli,,,,,,Bangalore North,Bengaluru Urban,562123,"Vaderahalli, Mattahalli, Bangalore North, Bengaluru Urban, Karnataka, 562123, India"
8403_1459,13.110851598993891,77.46901880606623,Narasipura,,,,,,Bangalore North,Bengaluru Urban,562123,"Narasipura, Bangalore North, Bengaluru Urban, Karnataka, 562123, India"
8403_1460,13.119834710743802,77.46901880606623,Bilijaji,,,,,Bilijaji,Yelahanka taluku,Bengaluru Urban,,"Bilijaji, Yelahanka taluku, Bengaluru Urban, Karnataka, India"
8403_1461,13.128817822493712,77.46901880606623,Bilijaji,,,,,Bilijaji,Yelahanka taluku,Bengaluru Urban,,"Bilijaji, Yelahanka taluku, Bengaluru Urban, Karnataka, India"
8403_1462,13.13780093424362,77.46901880606623,Hesaraghatta,,,,,,Yelahanka taluku,Bengaluru Urban,560088,"Hesaraghatta, Yelahanka taluku, Bengaluru Urban, Karnataka, 560088, India"
8403_1463,13.146784045993533,77.46901880606623,Hesaraghatta,,,,,,Yelahanka taluku,Bengaluru Urban,560088,"Hesaraghatta, Yelahanka taluku, Bengaluru Urban, Karnataka, 560088, India"
8404_1424,12.796442687747035,77.47823746719624,Naganayakanahalli,,,,,Naganayakanahalli,Bangalore South,Bengaluru Urban,,"Naganayakanahalli, Bangalore South, Bengaluru Urban, Karnataka, India"
8404_1425,12.805425799496946,77.47823746719624,Kadirenahalli,,,,,,Ramanagara taluk,Bengaluru South,562109,"Kadirenahalli, Ramanagara taluk, Bengaluru South, Karnataka, 562109, India"
8404_1426,12.814408911246856,77.47823746719624,Uttari,,,,,Uttari,Bangalore South,Bengaluru Urban,,"Uttari, Bangalore South, Bengaluru Urban, Karnataka, India"
8404_1427,12.823392022996766,77.47823746719624,Badamanavarthekaval,,,,,Badamanavarthekaval,Bangalore South,Bengaluru Urban,,"Badamanavarthekaval, Bangalore South, Bengaluru Urban, Karnataka, India"
8404_1428,12.832375134746677,77.47823746719624,Badamanavarthekaval,,,,,Badamanavarthekaval,Bangalore South,Bengaluru Urban,,"Badamanavarthekaval, Bangalore South, Bengaluru Urban, Karnataka, India"
8404_1429,12.841358246496586,77.47823746719624,Badamanavarthekaval,,,,,Badamanavarthekaval,Bangalore South,Bengaluru Urban,,"Badamanavarthekaval, Bangalore South, Bengaluru Urban, Karnataka, India"
8404_1430,12.850341358246496,77.47823746719624,Badamanavarthekaval,,,,,Badamanavarthekaval,Bangalore South,Bengaluru Urban,,"Badamanavarthekaval, Bangalore South, Bengaluru Urban, Karnataka, India"
8404_1431,12.859324469996409,77.47823746719624,Badamanavarthekaval,,,,,Badamanavarthekaval,Bangalore South,Bengaluru Urban,,"Badamanavarthekaval, Bangalore South, Bengaluru Urban, Karnataka, India"
8404_1432,12.868307581746317,77.47823746719624,Badamanavarthekaval,,,,,Badamanavarthekaval,Bangalore South,Bengaluru Urban,,"Badamanavarthekaval, Bangalore South, Bengaluru Urban, Karnataka, India"
8404_1433,12.877290693496228,77.47823746719624,Hemmigepura Gollahalli,,,,,,Bangalore South,Bengaluru Urban,560060,"Hemmigepura Gollahalli, Bangalore South, Bengaluru Urban, Karnataka, 560060, India"
8404_1434,12.886273805246136,77.47823746719624,Doddabele,,,,,,Bangalore South,Bengaluru Urban,560060,"Doddabele, Bangalore South, Bengaluru Urban, Karnataka, 560060, India"
8404_1435,12.895256916996049,77.47823746719624,Hemmigepura,,Hemmigepura,,Bengaluru,Bengaluru West City Corporation,Bangalore South,Bengaluru Urban,,"Hemmigepura, Bengaluru West City Corporation, Bengaluru, Bangalore South, Bengaluru Urban, Karnataka, India"
8404_1436,12.904240028745958,77.47823746719624,Hemmigepura,,Hemmigepura,,Bengaluru,Bengaluru West City Corporation,Bangalore South,Bengaluru Urban,,"Hemmigepura, Bengaluru West City Corporation, Bengaluru, Bangalore South, Bengaluru Urban, Karnataka, India"
8404_1437,12.913223140495868,77.47823746719624,Kengal Hanumanthaiah West,,Kengal Hanumanthaiah West,,Bengaluru,Bengaluru West City Corporation,Bangalore South,Bengaluru Urban,,"Kengal Hanumanthaiah West, Bengaluru West City Corporation, Bengaluru, Bangalore South, Bengaluru Urban, Karnataka, India"
8404_1438,12.922206252245775,77.47823746719624,Kengal Hanumanthaiah West,,Kengal Hanumanthaiah West,,Bengaluru,Bengaluru West City Corporation,Bangalore South,Bengaluru Urban,,"Kengal Hanumanthaiah West, Bengaluru West City Corporation, Bengaluru, Bangalore South, Bengaluru Urban, Karnataka, India"
8404_1439,12.931189363995689,77.47823746719624,Ullal,,Ullal,,Bengaluru,Bengaluru West City Corporation,Bangalore South,Bengaluru Urban,560110,"Sonnenahalli, Ullal, Bengaluru West City Corporation, Bengaluru, Bangalore South, Bengaluru Urban, Karnataka, 560110, India"
8404_1440,12.940172475745598,77.47823746719624,Ullal,,Ullal,,Bengaluru,Bengaluru West City Corporation,Bangalore North,Bengaluru Urban,560110,"Ullal, Bengaluru West City Corporation, Bengaluru, Bangalore North, Bengaluru Urban, Karnataka, 560110, India"
8404_1441,12.94915558749551,77.47823746719624,Ullal,,Ullal,,Bengaluru,Bengaluru West City Corporation,Bangalore North,Bengaluru Urban,560110,"Ullal, Bengaluru West City Corporation, Bengaluru, Bangalore North, Bengaluru Urban, Karnataka, 560110, India"
8404_1442,12.95813869924542,77.47823746719624,Ullal,,Ullal,,Bengaluru,Bengaluru West City Corporation,Bangalore North,Bengaluru Urban,560110,"Ullal, Bengaluru West City Corporation, Bengaluru, Bangalore North, Bengaluru Urban, Karnataka, 560110, India"
8404_1443,12.967121810995328,77.47823746719624,Ullal,,Ullal,,Bengaluru,Bengaluru West City Corporation,Bangalore North,Bengaluru Urban,560110,"Ullal, Bengaluru West City Corporation, Bengaluru, Bangalore North, Bengaluru Urban, Karnataka, 560110, India"
8404_1444,12.97610492274524,77.47823746719624,Byadarahalli,,Byadarahalli,,Bengaluru,Bengaluru West City Corporation,Bangalore North,Bengaluru Urban,,"Byadarahalli, Bengaluru West City Corporation, Bengaluru, Bangalore North, Bengaluru Urban, Karnataka, India"
8404_1445,12.98508803449515,77.47823746719624,Byadarahalli,,Byadarahalli,,Bengaluru,Bengaluru West City Corporation,Bangalore North,Bengaluru Urban,,"Byadarahalli, Bengaluru West City Corporation, Bengaluru, Bangalore North, Bengaluru Urban, Karnataka, India"
8404_1446,12.99407114624506,77.47823746719624,Nada prabhu Kempegowda Nagara,,Nada prabhu Kempegowda Nagara,,Bengaluru,Bengaluru West City Corporation,Bangalore North,Bengaluru Urban,560091,"Nada prabhu Kempegowda Nagara, Bengaluru West City Corporation, Bengaluru, Bangalore North, Bengaluru Urban, Karnataka, 560091, India"
8404_1447,13.00305425799497,77.47823746719624,Andrahalli,,Andrahalli,,Bengaluru,Bengaluru West City Corporation,Bangalore North,Bengaluru Urban,,"Andrahalli, Bengaluru West City Corporation, Bengaluru, Bangalore North, Bengaluru Urban, Karnataka, India"
8404_1448,13.01203736974488,77.47823746719624,Andrahalli,,Andrahalli,,Bengaluru,Bengaluru West City Corporation,Bangalore North,Bengaluru Urban,,"Andrahalli, Bengaluru West City Corporation, Bengaluru, Bangalore North, Bengaluru Urban, Karnataka, India"
8404_1449,13.021020481494787,77.47823746719624,Andrahalli,,Andrahalli,,Bengaluru,Bengaluru West City Corporation,Bangalore North,Bengaluru Urban,560091,"Andrahalli, Bengaluru West City Corporation, Bengaluru, Bangalore North, Bengaluru Urban, Karnataka, 560091, India"
8404_1450,13.0300035932447,77.47823746719624,Gangodanahalli,,,,,,Bangalore North,Bengaluru Urban,560091,"Gangodanahalli, Bangalore North, Bengaluru Urban, Karnataka, 560091, India"
8404_1451,13.03898670499461,77.47823746719624,Madhavara,,Madhavara,,,,Bangalore North,Bengaluru Urban,560073,"Anchepalya, Madhavara, Chikkabidarakallu, Bangalore North, Bengaluru Urban, Karnataka, 560073, India"
8404_1452,13.04796981674452,77.47823746719624,Madhavara,,Madhavara,,,,Bangalore North,Bengaluru Urban,560073,"Anchepalya, Madhavara, Chikkabidarakallu, Bangalore North, Bengaluru Urban, Karnataka, 560073, India"
8404_1453,13.05695292849443,77.47823746719624,Madhavara,,Madhavara,,,,Bangalore North,Bengaluru Urban,560073,"Anchepalya, Madhavara, Chikkabidarakallu, Bangalore North, Bengaluru Urban, Karnataka, 560073, India"
8404_1454,13.06593604024434,77.47823746719624,Madhavara,,Madhavara,,,,Bangalore North,Bengaluru Urban,560073,"Anchepalya, Madhavara, Chikkabidarakallu, Bangalore North, Bengaluru Urban, Karnataka, 560073, India"
8404_1455,13.074919151994251,77.47823746719624,Madhavara,,Madhavara,,,,Bangalore North,Bengaluru Urban,560073,"Anchepalya, Madhavara, Chikkabidarakallu, Bangalore North, Bengaluru Urban, Karnataka, 560073, India"
8404_1456,13.08390226374416,77.47823746719624,Kuduregere,,,,,,Bangalore North,Bengaluru Urban,562162,"Kuduregere, Bangalore North, Bengaluru Urban, Karnataka, 562162, India"
8404_1457,13.09288537549407,77.47823746719624,Soladevanahalli,,,,,Sasiveghatta,Yelahanka taluku,Bengaluru Urban,,"Sasiveghatta, Soladevanahalli, Yelahanka taluku, Bengaluru Urban, Karnataka, India"
8404_1458,13.101868487243982,77.47823746719624,Tharabanahalli,,,,,,Yelahanka taluku,Bengaluru Urban,560088,"Tharabanahalli, Yelahanka taluku, Bengaluru Urban, Karnataka, 560088, India"
8404_1459,13.110851598993891,77.47823746719624,Hesaraghatta,,,,,Hesaraghatta,Yelahanka taluku,Bengaluru Urban,,"Hesaraghatta, Yelahanka taluku, Bengaluru Urban, Karnataka, India"
8404_1460,13.119834710743802,77.47823746719624,Hesaraghatta,,,,,,Yelahanka taluku,Bengaluru Urban,560088,"Hesaraghatta, Yelahanka taluku, Bengaluru Urban, Karnataka, 560088, India"
8404_1461,13.128817822493712,77.47823746719624,Hesaraghatta,,,,,,Yelahanka taluku,Bengaluru Urban,560088,"Hesaraghatta, Yelahanka taluku, Bengaluru Urban, Karnataka, 560088, India"
8404_1462,13.13780093424362,77.47823746719624,Hesaraghatta,,,,,,Yelahanka taluku,Bengaluru Urban,560088,"Hesaraghatta, Yelahanka taluku, Bengaluru Urban, Karnataka, 560088, India"
8404_1463,13.146784045993533,77.47823746719624,Dasenahalli,,,,,Dasenahalli,Yelahanka taluku,Bengaluru Urban,,"Dasenahalli, Yelahanka taluku, Bengaluru Urban, Karnataka, India"
8405_1424,12.796442687747035,77.48745612832626,Choodanahalli,,,,,Choodanahalli,Bangalore South,Bengaluru Urban,,"Choodanahalli, Bangalore South, Bengaluru Urban, Karnataka, India"
8405_1425,12.805425799496946,77.48745612832626,Uttari,,,,,Uttari,Bangalore South,Bengaluru Urban,,"Uttari, Bangalore South, Bengaluru Urban, Karnataka, India"
8405_1426,12.814408911246856,77.48745612832626,Uttari,,,,,Uttari,Bangalore South,Bengaluru Urban,,"Uttari, Bangalore South, Bengaluru Urban, Karnataka, India"
8405_1427,12.823392022996766,77.48745612832626,Agara,,,,,,Bangalore South,Bengaluru Urban,560062,"Agara, Bangalore South, Bengaluru Urban, Karnataka, 560062, India"
8405_1428,12.832375134746677,77.48745612832626,Agara,,,,,,Bangalore South,Bengaluru Urban,560062,"Agara, Bangalore South, Bengaluru Urban, Karnataka, 560062, India"
8405_1429,12.841358246496586,77.48745612832626,Agara,,,,,,Bangalore South,Bengaluru Urban,560062,"Agara, Bangalore South, Bengaluru Urban, Karnataka, 560062, India"
8405_1430,12.850341358246496,77.48745612832626,Badamanavarthekaval,,,,,Badamanavarthekaval,Bangalore South,Bengaluru Urban,,"Badamanavarthekaval, Bangalore South, Bengaluru Urban, Karnataka, India"
8405_1431,12.859324469996409,77.48745612832626,Badamanavarthekaval,,,,,Badamanavarthekaval,Bangalore South,Bengaluru Urban,,"Badamanavarthekaval, Bangalore South, Bengaluru Urban, Karnataka, India"
8405_1432,12.868307581746317,77.48745612832626,Badamanavarthekaval,,,,,Badamanavarthekaval,Bangalore South,Bengaluru Urban,,"Badamanavarthekaval, Bangalore South, Bengaluru Urban, Karnataka, India"
8405_1433,12.877290693496228,77.48745612832626,Hemmigepura,,Hemmigepura,,Bengaluru,Bengaluru West City Corporation,Bangalore South,Bengaluru Urban,,"Hemmigepura, Bengaluru West City Corporation, Bengaluru, Bangalore South, Bengaluru Urban, Karnataka, India"
8405_1434,12.886273805246136,77.48745612832626,Hemmigepura,,Hemmigepura,,Bengaluru,Bengaluru West City Corporation,Bangalore South,Bengaluru Urban,,"Hemmigepura, Bengaluru West City Corporation, Bengaluru, Bangalore South, Bengaluru Urban, Karnataka, India"
8405_1435,12.895256916996049,77.48745612832626,Hemmigepura,,Hemmigepura,,Bengaluru,Bengaluru West City Corporation,Bangalore South,Bengaluru Urban,,"Hemmigepura, Bengaluru West City Corporation, Bengaluru, Bangalore South, Bengaluru Urban, Karnataka, India"
8405_1436,12.904240028745958,77.48745612832626,Hemmigepura,,Hemmigepura,,Bengaluru,Bengaluru West City Corporation,Bangalore South,Bengaluru Urban,,"Hemmigepura, Bengaluru West City Corporation, Bengaluru, Bangalore South, Bengaluru Urban, Karnataka, India"
8405_1437,12.913223140495868,77.48745612832626,Mylasandra,,Mylasandra,,Bengaluru,Bengaluru West City Corporation,Bangalore South,Bengaluru Urban,560059,"Mylasandra, Bengaluru West City Corporation, Bengaluru, Bangalore South, Bengaluru Urban, Karnataka, 560059, India"
8405_1438,12.922206252245775,77.48745612832626,Kengeri,,Kengeri,,Bengaluru,Bengaluru West City Corporation,Bangalore South,Bengaluru Urban,,"Kengeri, Bengaluru West City Corporation, Bengaluru, Bangalore South, Bengaluru Urban, Karnataka, India"
8405_1439,12.931189363995689,77.48745612832626,Kengal Hanumanthaiah West,,Kengal Hanumanthaiah West,,Bengaluru,Bengaluru West City Corporation,Bangalore South,Bengaluru Urban,,"Kengal Hanumanthaiah West, Bengaluru West City Corporation, Bengaluru, Bangalore South, Bengaluru Urban, Karnataka, India"
8405_1440,12.940172475745598,77.48745612832626,Nagadevanahalli,,Nagadevanahalli,,Bengaluru,Bengaluru West City Corporation,Bangalore South,Bengaluru Urban,,"Nagadevanahalli, Bengaluru West City Corporation, Bengaluru, Bangalore South, Bengaluru Urban, Karnataka, India"
8405_1441,12.94915558749551,77.48745612832626,Ullal,,Ullal,,Bengaluru,Bengaluru West City Corporation,Bangalore North,Bengaluru Urban,560110,"Ullal, Bengaluru West City Corporation, Bengaluru, Bangalore North, Bengaluru Urban, Karnataka, 560110, India"
8405_1442,12.95813869924542,77.48745612832626,Jnana Bharathi Ward,,Jnana Bharathi Ward,,Bengaluru,Bengaluru West City Corporation,Bangalore South,Bengaluru Urban,560056,"Jnana Bharathi Ward, Bengaluru West City Corporation, Bengaluru, Bangalore South, Bengaluru Urban, Karnataka, 560056, India"
8405_1443,12.967121810995328,77.48745612832626,Byadarahalli,,Byadarahalli,,Bengaluru,Bengaluru West City Corporation,Bangalore North,Bengaluru Urban,,"Byadarahalli, Bengaluru West City Corporation, Bengaluru, Bangalore North, Bengaluru Urban, Karnataka, India"
8405_1444,12.97610492274524,77.48745612832626,Byadarahalli,,Byadarahalli,,Bengaluru,Bengaluru West City Corporation,Bangalore North,Bengaluru Urban,,"Byadarahalli, Bengaluru West City Corporation, Bengaluru, Bangalore North, Bengaluru Urban, Karnataka, India"
8405_1445,12.98508803449515,77.48745612832626,Byadarahalli,,Byadarahalli,,Bengaluru,Bengaluru West City Corporation,Bangalore North,Bengaluru Urban,,"Byadarahalli, Bengaluru West City Corporation, Bengaluru, Bangalore North, Bengaluru Urban, Karnataka, India"
8405_1446,12.99407114624506,77.48745612832626,Nada prabhu Kempegowda Nagara,,Nada prabhu Kempegowda Nagara,,Bengaluru,Bengaluru West City Corporation,Bangalore North,Bengaluru Urban,560091,"Nada prabhu Kempegowda Nagara, Bengaluru West City Corporation, Bengaluru, Bangalore North, Bengaluru Urban, Karnataka, 560091, India"
8405_1447,13.00305425799497,77.48745612832626,Nada prabhu Kempegowda Nagara,,Nada prabhu Kempegowda Nagara,,Bengaluru,Bengaluru West City Corporation,Bangalore North,Bengaluru Urban,560091,"Nada prabhu Kempegowda Nagara, Bengaluru West City Corporation, Bengaluru, Bangalore North, Bengaluru Urban, Karnataka, 560091, India"
8405_1448,13.01203736974488,77.48745612832626,Andrahalli,,Andrahalli,,Bengaluru,Bengaluru West City Corporation,Bangalore North,Bengaluru Urban,,"Andrahalli, Bengaluru West City Corporation, Bengaluru, Bangalore North, Bengaluru Urban, Karnataka, India"
8405_1449,13.021020481494787,77.48745612832626,Andrahalli,,Andrahalli,,Bengaluru,Bengaluru West City Corporation,Bangalore North,Bengaluru Urban,,"Andrahalli, Bengaluru West City Corporation, Bengaluru, Bangalore North, Bengaluru Urban, Karnataka, India"
8405_1450,13.0300035932447,77.48745612832626,Andrahalli,,Andrahalli,,Bengaluru,Bengaluru West City Corporation,Bangalore North,Bengaluru Urban,,"Andrahalli, Bengaluru West City Corporation, Bengaluru, Bangalore North, Bengaluru Urban, Karnataka, India"
8405_1451,13.03898670499461,77.48745612832626,Andrahalli,,Andrahalli,,Bengaluru,Bengaluru West City Corporation,Bangalore North,Bengaluru Urban,,"Andrahalli, Bengaluru West City Corporation, Bengaluru, Bangalore North, Bengaluru Urban, Karnataka, India"
8405_1452,13.04796981674452,77.48745612832626,Madhavara,,Madhavara,,,,Bangalore North,Bengaluru Urban,560073,"Anchepalya, Madhavara, Chikkabidarakallu, Bangalore North, Bengaluru Urban, Karnataka, 560073, India"
8405_1453,13.05695292849443,77.48745612832626,Madhavara,,Madhavara,,,,Bangalore North,Bengaluru Urban,560073,"Anchepalya, Madhavara, Chikkabidarakallu, Bangalore North, Bengaluru Urban, Karnataka, 560073, India"
8405_1454,13.06593604024434,77.48745612832626,Madhavara,,Madhavara,,,,Bangalore North,Bengaluru Urban,560073,"Anchepalya, Madhavara, Chikkabidarakallu, Bangalore North, Bengaluru Urban, Karnataka, 560073, India"
8405_1455,13.074919151994251,77.48745612832626,Madhavara,,Madhavara,,,,Bangalore North,Bengaluru Urban,560073,"Anchepalya, Madhavara, Chikkabidarakallu, Bangalore North, Bengaluru Urban, Karnataka, 560073, India"
8405_1456,13.08390226374416,77.48745612832626,Chikka Banavara,,Chikka Banavara,,,,Bangalore North,Bengaluru Urban,560107,"Chikka Banavara, Bangalore North, Bengaluru Urban, Karnataka, 560107, India"
8405_1457,13.09288537549407,77.48745612832626,Soladevanahalli,,,,,,Yelahanka taluku,Bengaluru Urban,560107,"Soladevanahalli, Yelahanka taluku, Bengaluru Urban, Karnataka, 560107, India"
8405_1458,13.101868487243982,77.48745612832626,Kumbarahalli,,,,,,Yelahanka taluku,Bengaluru Urban,560088,"Kumbarahalli, Yelahanka taluku, Bengaluru Urban, Karnataka, 560088, India"
8405_1459,13.110851598993891,77.48745612832626,Hurali Chikkanahalli,,,,,,Yelahanka taluku,Bengaluru Urban,560088,"Hurali Chikkanahalli, Yelahanka taluku, Bengaluru Urban, Karnataka, 560088, India"
8405_1460,13.119834710743802,77.48745612832626,ತಿರುಮಲಪುರ,,,,,,Yelahanka taluku,Bengaluru Urban,560089,"ತಿರುಮಲಪುರ, Yelahanka taluku, Bengaluru Urban, Karnataka, 560089, India"
8405_1461,13.128817822493712,77.48745612832626,ತಿರುಮಲಪುರ,,,,,Hesaraghatta,Yelahanka taluku,Bengaluru Urban,,"Hesaraghatta, ತಿರುಮಲಪುರ, Yelahanka taluku, Bengaluru Urban, Karnataka, India"
8405_1462,13.13780093424362,77.48745612832626,Hesaraghatta,,,,,,Yelahanka taluku,Bengaluru Urban,560088,"Hesaraghatta, Yelahanka taluku, Bengaluru Urban, Karnataka, 560088, India"
8405_1463,13.146784045993533,77.48745612832626,Hesaraghatta,,,,,,Yelahanka taluku,Bengaluru Urban,560088,"Hesaraghatta, Yelahanka taluku, Bengaluru Urban, Karnataka, 560088, India"
8406_1424,12.796442687747035,77.49667478945626,Kaggalipura,,,,,,Bangalore South,Bengaluru Urban,560116,"Kaggalipura, Bangalore South, Bengaluru Urban, Karnataka, 560116, India"
8406_1425,12.805425799496946,77.49667478945626,Kaggalipura,,,,,,Bangalore South,Bengaluru Urban,560116,"Kaggalipura, Bangalore South, Bengaluru Urban, Karnataka, 560116, India"
8406_1426,12.814408911246856,77.49667478945626,Uttari,,,,,Uttari,Bangalore South,Bengaluru Urban,,"Uttari, Bangalore South, Bengaluru Urban, Karnataka, India"
8406_1427,12.823392022996766,77.49667478945626,Uttari,,,,,Uttari,Bangalore South,Bengaluru Urban,,"Uttari, Bangalore South, Bengaluru Urban, Karnataka, India"
8406_1428,12.832375134746677,77.49667478945626,Badamanavarthekaval,,,,,Badamanavarthekaval,Bangalore South,Bengaluru Urban,,"Badamanavarthekaval, Bangalore South, Bengaluru Urban, Karnataka, India"
8406_1429,12.841358246496586,77.49667478945626,Agara,,,,,,Bangalore South,Bengaluru Urban,560062,"Agara, Bangalore South, Bengaluru Urban, Karnataka, 560062, India"
8406_1430,12.850341358246496,77.49667478945626,Vaddarapalya,,,,,,Bangalore South,Bengaluru Urban,560083,"Vaddarapalya, Bangalore South, Bengaluru Urban, Karnataka, 560083, India"
8406_1431,12.859324469996409,77.49667478945626,Vaddarapalya,,,,,,Bangalore South,Bengaluru Urban,560083,"Vaddarapalya, Bangalore South, Bengaluru Urban, Karnataka, 560083, India"
8406_1432,12.868307581746317,77.49667478945626,Badamanavarthekaval,,,,,Badamanavarthekaval,Bangalore South,Bengaluru Urban,,"Badamanavarthekaval, Bangalore South, Bengaluru Urban, Karnataka, India"
8406_1433,12.877290693496228,77.49667478945626,Talagattapura,,Talagattapura,,Bengaluru,Bengaluru South City Corporation,Bangalore South,Bengaluru Urban,,"Talagattapura, Bengaluru South City Corporation, Bengaluru, Bangalore South, Bengaluru Urban, Karnataka, India"
8406_1434,12.886273805246136,77.49667478945626,Hemmigepura,,Hemmigepura,,Bengaluru,Bengaluru West City Corporation,Bangalore South,Bengaluru Urban,,"Hemmigepura, Bengaluru West City Corporation, Bengaluru, Bangalore South, Bengaluru Urban, Karnataka, India"
8406_1435,12.895256916996049,77.49667478945626,Hemmigepura,,Hemmigepura,,Bengaluru,Bengaluru West City Corporation,Bangalore South,Bengaluru Urban,,"Hemmigepura, Bengaluru West City Corporation, Bengaluru, Bangalore South, Bengaluru Urban, Karnataka, India"
8406_1436,12.904240028745958,77.49667478945626,Hemmigepura,,Hemmigepura,,Bengaluru,Bengaluru West City Corporation,Bangalore South,Bengaluru Urban,,"Hemmigepura, Bengaluru West City Corporation, Bengaluru, Bangalore South, Bengaluru Urban, Karnataka, India"
8406_1437,12.913223140495868,77.49667478945626,Mylasandra,,Mylasandra,,Bengaluru,Bengaluru West City Corporation,Bangalore South,Bengaluru Urban,560059,"Mylasandra, Bengaluru West City Corporation, Bengaluru, Bangalore South, Bengaluru Urban, Karnataka, 560059, India"
8406_1438,12.922206252245775,77.49667478945626,Mylasandra,,Mylasandra,,Bengaluru,Bengaluru West City Corporation,Bangalore South,Bengaluru Urban,560059,"Mylasandra, Bengaluru West City Corporation, Bengaluru, Bangalore South, Bengaluru Urban, Karnataka, 560059, India"
8406_1439,12.931189363995689,77.49667478945626,Kengeri,,Kengeri,,Bengaluru,Bengaluru West City Corporation,Bangalore South,Bengaluru Urban,,"Kengeri, Bengaluru West City Corporation, Bengaluru, Bangalore South, Bengaluru Urban, Karnataka, India"
8406_1440,12.940172475745598,77.49667478945626,Nagadevanahalli,,Nagadevanahalli,,Bengaluru,Bengaluru West City Corporation,Bangalore South,Bengaluru Urban,,"Nagadevanahalli, Bengaluru West City Corporation, Bengaluru, Bangalore South, Bengaluru Urban, Karnataka, India"
8406_1441,12.94915558749551,77.49667478945626,Jnana Bharathi Ward,,Jnana Bharathi Ward,,Bengaluru,Bengaluru West City Corporation,Bangalore South,Bengaluru Urban,560056,"Jnana Bharathi Ward, Bengaluru West City Corporation, Bengaluru, Bangalore South, Bengaluru Urban, Karnataka, 560056, India"
8406_1442,12.95813869924542,77.49667478945626,Jnana Bharathi Ward,,Jnana Bharathi Ward,,Bengaluru,Bengaluru West City Corporation,Bangalore South,Bengaluru Urban,560056,"Jnana Bharathi Ward, Bengaluru West City Corporation, Bengaluru, Bangalore South, Bengaluru Urban, Karnataka, 560056, India"
8406_1443,12.967121810995328,77.49667478945626,Ullal,,Ullal,,Bengaluru,Bengaluru West City Corporation,Bangalore North,Bengaluru Urban,560110,"Ullal, Bengaluru West City Corporation, Bengaluru, Bangalore North, Bengaluru Urban, Karnataka, 560110, India"
8406_1444,12.97610492274524,77.49667478945626,Mallathahalli,,Mallathahalli,,Bengaluru,Bengaluru West City Corporation,Bangalore North,Bengaluru Urban,,"Mallathahalli, Bengaluru West City Corporation, Bengaluru, Bangalore North, Bengaluru Urban, Karnataka, India"
8406_1445,12.98508803449515,77.49667478945626,Srigandada Kaval,,Srigandada Kaval,,Bengaluru,Bengaluru West City Corporation,Bangalore North,Bengaluru Urban,,"Srigandada Kaval, Bengaluru West City Corporation, Bengaluru, Bangalore North, Bengaluru Urban, Karnataka, India"
8406_1446,12.99407114624506,77.49667478945626,Herohalli,,Herohalli,,Bengaluru,Bengaluru West City Corporation,Bangalore North,Bengaluru Urban,,"Herohalli, Bengaluru West City Corporation, Bengaluru, Bangalore North, Bengaluru Urban, Karnataka, India"
8406_1447,13.00305425799497,77.49667478945626,Srigandhanagar,,Srigandhanagar,,Bengaluru,Bengaluru West City Corporation,Bangalore North,Bengaluru Urban,,"Srigandhanagar, Bengaluru West City Corporation, Bengaluru, Bangalore North, Bengaluru Urban, Karnataka, India"
8406_1448,13.01203736974488,77.49667478945626,Andrahalli,,Andrahalli,,Bengaluru,Bengaluru West City Corporation,Bangalore North,Bengaluru Urban,,"Andrahalli, Bengaluru West City Corporation, Bengaluru, Bangalore North, Bengaluru Urban, Karnataka, India"
8406_1449,13.021020481494787,77.49667478945626,Shivapura,,Shivapura,,Bengaluru,Bengaluru West City Corporation,Bangalore North,Bengaluru Urban,,"Shivapura, Bengaluru West City Corporation, Bengaluru, Bangalore North, Bengaluru Urban, Karnataka, India"
8406_1450,13.0300035932447,77.49667478945626,Dodda Bidarakallu,,Dodda Bidarakallu,,Bengaluru,Bengaluru West City Corporation,Bangalore North,Bengaluru Urban,560073,"Dodda Bidarakallu, Bengaluru West City Corporation, Bengaluru, Bangalore North, Bengaluru Urban, Karnataka, 560073, India"
8406_1451,13.03898670499461,77.49667478945626,Nagasandra,,Nagasandra,,Bengaluru,Bengaluru West City Corporation,Bangalore North,Bengaluru Urban,,"Nagasandra, Bengaluru West City Corporation, Bengaluru, Bangalore North, Bengaluru Urban, Karnataka, India"
8406_1452,13.04796981674452,77.49667478945626,Nagasandra,,Nagasandra,,Bengaluru,Bengaluru West City Corporation,Bangalore North,Bengaluru Urban,,"Nagasandra, Bengaluru West City Corporation, Bengaluru, Bangalore North, Bengaluru Urban, Karnataka, India"
8406_1453,13.05695292849443,77.49667478945626,Manjunatha Nagar,,Manjunatha Nagar,,Bengaluru,Bengaluru North City Corporation,Bangalore North,Bengaluru Urban,,"Manjunatha Nagar, Bengaluru North City Corporation, Bengaluru, Bangalore North, Bengaluru Urban, Karnataka, India"
8406_1454,13.06593604024434,77.49667478945626,Bagalagunte,,Bagalagunte,,Bengaluru,Bengaluru North City Corporation,Bangalore North,Bengaluru Urban,,"Bagalagunte, Bengaluru North City Corporation, Bengaluru, Bangalore North, Bengaluru Urban, Karnataka, India"
8406_1455,13.074919151994251,77.49667478945626,Chikka Banavara,,Chikka Banavara,,,,Bangalore North,Bengaluru Urban,560107,"Chikka Banavara, Bangalore North, Bengaluru Urban, Karnataka, 560107, India"
8406_1456,13.08390226374416,77.49667478945626,Chikka Banavara,,Chikka Banavara,,,,Bangalore North,Bengaluru Urban,560107,"Chikka Banavara, Bangalore North, Bengaluru Urban, Karnataka, 560107, India"
8406_1457,13.09288537549407,77.49667478945626,Chikka Banavara,,Chikka Banavara,,,,Bangalore North,Bengaluru Urban,560107,"Chikka Banavara, Bangalore North, Bengaluru Urban, Karnataka, 560107, India"
8406_1458,13.101868487243982,77.49667478945626,Kumbarahalli,,,,,Kempapura,Yelahanka taluku,Bengaluru Urban,560090,"Kempapure, Kempapura, Kumbarahalli, Yelahanka taluku, Bengaluru Urban, Karnataka, 560090, India"
8406_1459,13.110851598993891,77.49667478945626,Hurali Chikkanahalli,,,,,,Yelahanka taluku,Bengaluru Urban,560088,"Hurali Chikkanahalli, Yelahanka taluku, Bengaluru Urban, Karnataka, 560088, India"
8406_1460,13.119834710743802,77.49667478945626,ತಿರುಮಲಪುರ,,,,,,Yelahanka taluku,Bengaluru Urban,560089,"ತಿರುಮಲಪುರ, Yelahanka taluku, Bengaluru Urban, Karnataka, 560089, India"
8406_1461,13.128817822493712,77.49667478945626,Aivarakandapura,,,,,,Yelahanka taluku,Bengaluru Urban,560089,"Aivarakandapura, Yelahanka taluku, Bengaluru Urban, Karnataka, 560089, India"
8406_1462,13.13780093424362,77.49667478945626,Aivarakandapura,,,,,,Yelahanka taluku,Bengaluru Urban,560089,"Aivarakandapura, Yelahanka taluku, Bengaluru Urban, Karnataka, 560089, India"
8406_1463,13.146784045993533,77.49667478945626,Aivarakandapura,,,,,,Yelahanka taluku,Bengaluru Urban,560089,"Aivarakandapura, Yelahanka taluku, Bengaluru Urban, Karnataka, 560089, India"
8407_1424,12.796442687747035,77.50589345058627,Kaggalipura,,,,,,Bangalore South,Bengaluru Urban,560116,"Kaggalipura, Bangalore South, Bengaluru Urban, Karnataka, 560116, India"
8407_1425,12.805425799496946,77.50589345058627,Kaggalipura,,,,,,Bangalore South,Bengaluru Urban,560116,"Kaggalipura, Bangalore South, Bengaluru Urban, Karnataka, 560116, India"
8407_1426,12.814408911246856,77.50589345058627,Udayapura,,,,,,Bangalore South,Bengaluru Urban,560116,"Udayapura, Bangalore South, Bengaluru Urban, Karnataka, 560116, India"
8407_1427,12.823392022996766,77.50589345058627,Udayapura,,,,,,Bangalore South,Bengaluru Urban,560116,"Udayapura, Bangalore South, Bengaluru Urban, Karnataka, 560116, India"
8407_1428,12.832375134746677,77.50589345058627,Agara,,,,,,Bangalore South,Bengaluru Urban,560062,"Agara, Bangalore South, Bengaluru Urban, Karnataka, 560062, India"
8407_1429,12.841358246496586,77.50589345058627,Vaddarapalya,,,,,,Bangalore South,Bengaluru Urban,560083,"Vaddarapalya, Bangalore South, Bengaluru Urban, Karnataka, 560083, India"
8407_1430,12.850341358246496,77.50589345058627,Vaddarapalya,,,,,,Bangalore South,Bengaluru Urban,560083,"Vaddarapalya, Bangalore South, Bengaluru Urban, Karnataka, 560083, India"
8407_1431,12.859324469996409,77.50589345058627,Vaddarapalya,,,,,,Bangalore South,Bengaluru Urban,560083,"Vaddarapalya, Bangalore South, Bengaluru Urban, Karnataka, 560083, India"
8407_1432,12.868307581746317,77.50589345058627,Vaddarapalya,,,,,,Bangalore South,Bengaluru Urban,560083,"Vaddarapalya, Bangalore South, Bengaluru Urban, Karnataka, 560083, India"
8407_1433,12.877290693496228,77.50589345058627,Talagattapura,,Talagattapura,,Bengaluru,Bengaluru South City Corporation,Bangalore South,Bengaluru Urban,,"Talagattapura, Bengaluru South City Corporation, Bengaluru, Bangalore South, Bengaluru Urban, Karnataka, India"
8407_1434,12.886273805246136,77.50589345058627,Talagattapura,,Talagattapura,,Bengaluru,Bengaluru South City Corporation,Bangalore South,Bengaluru Urban,,"Talagattapura, Bengaluru South City Corporation, Bengaluru, Bangalore South, Bengaluru Urban, Karnataka, India"
8407_1435,12.895256916996049,77.50589345058627,Hemmigepura,,Hemmigepura,,Bengaluru,Bengaluru West City Corporation,Bangalore South,Bengaluru Urban,,"Hemmigepura, Bengaluru West City Corporation, Bengaluru, Bangalore South, Bengaluru Urban, Karnataka, India"
8407_1436,12.904240028745958,77.50589345058627,Hemmigepura,,Hemmigepura,,Bengaluru,Bengaluru West City Corporation,Bangalore South,Bengaluru Urban,,"Hemmigepura, Bengaluru West City Corporation, Bengaluru, Bangalore South, Bengaluru Urban, Karnataka, India"
8407_1437,12.913223140495868,77.50589345058627,Mylasandra,,Mylasandra,,Bengaluru,Bengaluru West City Corporation,Bangalore South,Bengaluru Urban,560059,"Mylasandra, Bengaluru West City Corporation, Bengaluru, Bangalore South, Bengaluru Urban, Karnataka, 560059, India"
8407_1438,12.922206252245775,77.50589345058627,Mylasandra,,Mylasandra,,Bengaluru,Bengaluru West City Corporation,Bangalore South,Bengaluru Urban,560059,"Mylasandra, Bengaluru West City Corporation, Bengaluru, Bangalore South, Bengaluru Urban, Karnataka, 560059, India"
8407_1439,12.931189363995689,77.50589345058627,Jnana Bharathi Ward,,Jnana Bharathi Ward,,Bengaluru,Bengaluru West City Corporation,Bangalore South,Bengaluru Urban,560056,"Jnana Bharathi Ward, Bengaluru West City Corporation, Bengaluru, Bangalore South, Bengaluru Urban, Karnataka, 560056, India"
8407_1440,12.940172475745598,77.50589345058627,Jnana Bharathi Ward,,Jnana Bharathi Ward,,Bengaluru,Bengaluru West City Corporation,Bangalore South,Bengaluru Urban,560056,"Jnana Bharathi Ward, Bengaluru West City Corporation, Bengaluru, Bangalore South, Bengaluru Urban, Karnataka, 560056, India"
8407_1441,12.94915558749551,77.50589345058627,Jnana Bharathi Ward,,Jnana Bharathi Ward,,Bengaluru,Bengaluru West City Corporation,Bangalore South,Bengaluru Urban,560056,"Jnana Bharathi Ward, Bengaluru West City Corporation, Bengaluru, Bangalore South, Bengaluru Urban, Karnataka, 560056, India"
8407_1442,12.95813869924542,77.50589345058627,Vinayaka Layout,,Vinayaka Layout,,Bengaluru,Bengaluru West City Corporation,Bangalore North,Bengaluru Urban,560072,"Vinayaka Layout, Bengaluru West City Corporation, Bengaluru, Bangalore North, Bengaluru Urban, Karnataka, 560072, India"
8407_1443,12.967121810995328,77.50589345058627,Vinayaka Layout,,Vinayaka Layout,,Bengaluru,Bengaluru West City Corporation,Bangalore North,Bengaluru Urban,560072,"Vinayaka Layout, Bengaluru West City Corporation, Bengaluru, Bangalore North, Bengaluru Urban, Karnataka, 560072, India"
8407_1444,12.97610492274524,77.50589345058627,Mallathahalli,,Mallathahalli,,Bengaluru,Bengaluru West City Corporation,Bangalore North,Bengaluru Urban,,"Mallathahalli, Bengaluru West City Corporation, Bengaluru, Bangalore North, Bengaluru Urban, Karnataka, India"
8407_1445,12.98508803449515,77.50589345058627,Srigandada Kaval,,Srigandada Kaval,,Bengaluru,Bengaluru West City Corporation,Bangalore North,Bengaluru Urban,,"Srigandada Kaval, Bengaluru West City Corporation, Bengaluru, Bangalore North, Bengaluru Urban, Karnataka, India"
8407_1446,12.99407114624506,77.50589345058627,Srigandada Kaval,,Srigandada Kaval,,Bengaluru,Bengaluru West City Corporation,Bangalore North,Bengaluru Urban,,"Srigandada Kaval, Bengaluru West City Corporation, Bengaluru, Bangalore North, Bengaluru Urban, Karnataka, India"
8407_1447,13.00305425799497,77.50589345058627,Hegganahalli,,Hegganahalli,,Bengaluru,Bengaluru West City Corporation,Bangalore North,Bengaluru Urban,,"Hegganahalli, Bengaluru West City Corporation, Bengaluru, Bangalore North, Bengaluru Urban, Karnataka, India"
8407_1448,13.01203736974488,77.50589345058627,Shivapura,,Shivapura,,Bengaluru,Bengaluru West City Corporation,Bangalore North,Bengaluru Urban,,"Shivapura, Bengaluru West City Corporation, Bengaluru, Bangalore North, Bengaluru Urban, Karnataka, India"
8407_1449,13.021020481494787,77.50589345058627,Shivapura,,Shivapura,,Bengaluru,Bengaluru West City Corporation,Bangalore North,Bengaluru Urban,,"Shivapura, Bengaluru West City Corporation, Bengaluru, Bangalore North, Bengaluru Urban, Karnataka, India"
8407_1450,13.0300035932447,77.50589345058627,Nelagadaranahalli,,Nelagadaranahalli,,Bengaluru,Bengaluru West City Corporation,Bangalore North,Bengaluru Urban,,"Nelagadaranahalli, Bengaluru West City Corporation, Bengaluru, Bangalore North, Bengaluru Urban, Karnataka, India"
8407_1451,13.03898670499461,77.50589345058627,Chokkasandra,,Chokkasandra,,Bengaluru,Bengaluru West City Corporation,Bangalore North,Bengaluru Urban,,"Chokkasandra, Bengaluru West City Corporation, Bengaluru, Bangalore North, Bengaluru Urban, Karnataka, India"
8407_1452,13.04796981674452,77.50589345058627,Manjunatha Nagar,,Manjunatha Nagar,,Bengaluru,Bengaluru North City Corporation,Bangalore North,Bengaluru Urban,,"Manjunatha Nagar, Bengaluru North City Corporation, Bengaluru, Bangalore North, Bengaluru Urban, Karnataka, India"
8407_1453,13.05695292849443,77.50589345058627,Bagalagunte,,Bagalagunte,,Bengaluru,Bengaluru North City Corporation,Bangalore North,Bengaluru Urban,,"Bagalagunte, Bengaluru North City Corporation, Bengaluru, Bangalore North, Bengaluru Urban, Karnataka, India"
8407_1454,13.06593604024434,77.50589345058627,Abbigere,,Abbigere,,Bengaluru,Bengaluru North City Corporation,Bangalore North,Bengaluru Urban,,"Abbigere, Bengaluru North City Corporation, Bengaluru, Bangalore North, Bengaluru Urban, Karnataka, India"
8407_1455,13.074919151994251,77.50589345058627,Abbigere,,Abbigere,,Bengaluru,Bengaluru North City Corporation,Bangalore North,Bengaluru Urban,,"Abbigere, Bengaluru North City Corporation, Bengaluru, Bangalore North, Bengaluru Urban, Karnataka, India"
8407_1456,13.08390226374416,77.50589345058627,Chikka Banavara,,Chikka Banavara,,,,Bangalore North,Bengaluru Urban,560107,"Chikka Banavara, Bangalore North, Bengaluru Urban, Karnataka, 560107, India"
8407_1457,13.09288537549407,77.50589345058627,Dr. Shivaram Karanth Layout,,Dr. Shivaram Karanth Layout,,,,Bangalore North,Bengaluru Urban,,"Sector 8, Dr. Shivaram Karanth Layout, Bangalore North, Bengaluru Urban, Karnataka, India"
8407_1458,13.101868487243982,77.50589345058627,Dr. Shivaram Karanth Layout,,Dr. Shivaram Karanth Layout,,,Kalathammanahalli,Yelahanka taluku,Bengaluru Urban,,"Sector 9, Dr. Shivaram Karanth Layout, Kalathammanahalli, Kasaghattapura, Yelahanka taluku, Bengaluru Urban, Karnataka, India"
8407_1459,13.110851598993891,77.50589345058627,Kasaghattapura,,,,,,Yelahanka taluku,Bengaluru Urban,560088,"Kasaghattapura, Yelahanka taluku, Bengaluru Urban, Karnataka, 560088, India"
8407_1460,13.119834710743802,77.50589345058627,Kasaghattapura,,,,,,Yelahanka taluku,Bengaluru Urban,560088,"Kasaghattapura, Yelahanka taluku, Bengaluru Urban, Karnataka, 560088, India"
8407_1461,13.128817822493712,77.50589345058627,Madhugirihalli,,,,,,Yelahanka taluku,Bengaluru Urban,560088,"Madhugirihalli, Yelahanka taluku, Bengaluru Urban, Karnataka, 560088, India"
8407_1462,13.13780093424362,77.50589345058627,Shivakote,,,,,,Yelahanka taluku,Bengaluru Urban,560088,"Shivakote, Yelahanka taluku, Bengaluru Urban, Karnataka, 560088, India"
8407_1463,13.146784045993533,77.50589345058627,Kalenahalli,,,,,Kalenahalli,Yelahanka taluku,Bengaluru Urban,,"Kalenahalli, Yelahanka taluku, Bengaluru Urban, Karnataka, India"
8408_1424,12.796442687747035,77.51511211171629,Kaggalipura,,,,,,Bangalore South,Bengaluru Urban,560116,"Kaggalipura, Bangalore South, Bengaluru Urban, Karnataka, 560116, India"
8408_1425,12.805425799496946,77.51511211171629,Kaggalipura,,,,,,Bangalore South,Bengaluru Urban,560116,"Kaggalipura, Bangalore South, Bengaluru Urban, Karnataka, 560116, India"
8408_1426,12.814408911246856,77.51511211171629,Udayapura,,,,,,Bangalore South,Bengaluru Urban,560116,"Udayapura, Bangalore South, Bengaluru Urban, Karnataka, 560116, India"
8408_1427,12.823392022996766,77.51511211171629,Vaddarapalya,,,,,,Bangalore South,Bengaluru Urban,560083,"Vaddarapalya, Bangalore South, Bengaluru Urban, Karnataka, 560083, India"
8408_1428,12.832375134746677,77.51511211171629,Vaddarapalya,,,,,,Bangalore South,Bengaluru Urban,560083,"Vaddarapalya, Bangalore South, Bengaluru Urban, Karnataka, 560083, India"
8408_1429,12.841358246496586,77.51511211171629,Agara,,,,,,Bangalore South,Bengaluru Urban,560062,"Agara, Bangalore South, Bengaluru Urban, Karnataka, 560062, India"
8408_1430,12.850341358246496,77.51511211171629,Vaddarapalya,,,,,,Bangalore South,Bengaluru Urban,560083,"Vaddarapalya, Bangalore South, Bengaluru Urban, Karnataka, 560083, India"
8408_1431,12.859324469996409,77.51511211171629,Vaddarapalya,,,,,,Bangalore South,Bengaluru Urban,560083,"Vaddarapalya, Bangalore South, Bengaluru Urban, Karnataka, 560083, India"
8408_1432,12.868307581746317,77.51511211171629,Talagattapura,,Talagattapura,,Bengaluru,Bengaluru South City Corporation,Bangalore South,Bengaluru Urban,,"Talagattapura, Bengaluru South City Corporation, Bengaluru, Bangalore South, Bengaluru Urban, Karnataka, India"
8408_1433,12.877290693496228,77.51511211171629,Talagattapura,,Talagattapura,,Bengaluru,Bengaluru South City Corporation,Bangalore South,Bengaluru Urban,,"Talagattapura, Bengaluru South City Corporation, Bengaluru, Bangalore South, Bengaluru Urban, Karnataka, India"
8408_1434,12.886273805246136,77.51511211171629,Talagattapura,,Talagattapura,,Bengaluru,Bengaluru South City Corporation,Bangalore South,Bengaluru Urban,,"Talagattapura, Bengaluru South City Corporation, Bengaluru, Bangalore South, Bengaluru Urban, Karnataka, India"
8408_1435,12.895256916996049,77.51511211171629,Bangarappa Nagara,,Bangarappa Nagara,,Bengaluru,Bengaluru West City Corporation,Bangalore South,Bengaluru Urban,560039,"Bangarappa Nagara, Bengaluru West City Corporation, Bengaluru, Bangalore South, Bengaluru Urban, Karnataka, 560039, India"
8408_1436,12.904240028745958,77.51511211171629,Rajarajeshwari Nagara,,Rajarajeshwari Nagara,,Bengaluru,Bengaluru West City Corporation,Bangalore South,Bengaluru Urban,560098,"Rajarajeshwari Nagara, Bengaluru West City Corporation, Bengaluru, Bangalore South, Bengaluru Urban, Karnataka, 560098, India"
8408_1437,12.913223140495868,77.51511211171629,Rajarajeshwari Nagara,,Rajarajeshwari Nagara,,Bengaluru,Bengaluru West City Corporation,Bangalore South,Bengaluru Urban,560098,"Rajarajeshwari Nagara, Bengaluru West City Corporation, Bengaluru, Bangalore South, Bengaluru Urban, Karnataka, 560098, India"
8408_1438,12.922206252245775,77.51511211171629,Rajarajeshwari Nagara,,Rajarajeshwari Nagara,,Bengaluru,Bengaluru West City Corporation,Bangalore South,Bengaluru Urban,560098,"Rajarajeshwari Nagara, Bengaluru West City Corporation, Bengaluru, Bangalore South, Bengaluru Urban, Karnataka, 560098, India"
8408_1439,12.931189363995689,77.51511211171629,Rajarajeshwari Nagara,,Rajarajeshwari Nagara,,Bengaluru,Bengaluru West City Corporation,Bangalore South,Bengaluru Urban,560098,"Rajarajeshwari Nagara, Bengaluru West City Corporation, Bengaluru, Bangalore South, Bengaluru Urban, Karnataka, 560098, India"
8408_1440,12.940172475745598,77.51511211171629,Nagarbhavi,,Nagarbhavi,,Bengaluru,Bengaluru West City Corporation,Bangalore North,Bengaluru Urban,,"Nagarbhavi, Bengaluru West City Corporation, Bengaluru, Bangalore North, Bengaluru Urban, Karnataka, India"
8408_1441,12.94915558749551,77.51511211171629,Nagarbhavi,,Nagarbhavi,,Bengaluru,Bengaluru West City Corporation,Bangalore North,Bengaluru Urban,,"Nagarbhavi, Bengaluru West City Corporation, Bengaluru, Bangalore North, Bengaluru Urban, Karnataka, India"
8408_1442,12.95813869924542,77.51511211171629,Nagarbhavi,,Nagarbhavi,,Bengaluru,Bengaluru West City Corporation,Bangalore North,Bengaluru Urban,,"Nagarbhavi, Bengaluru West City Corporation, Bengaluru, Bangalore North, Bengaluru Urban, Karnataka, India"
8408_1443,12.967121810995328,77.51511211171629,Vinayaka Layout,,Vinayaka Layout,,Bengaluru,Bengaluru West City Corporation,Bangalore North,Bengaluru Urban,560072,"Vinayaka Layout, Bengaluru West City Corporation, Bengaluru, Bangalore North, Bengaluru Urban, Karnataka, 560072, India"
8408_1444,12.97610492274524,77.51511211171629,Kottegepalya,,Kottegepalya,,Bengaluru,Bengaluru West City Corporation,Bangalore North,Bengaluru Urban,,"Kottegepalya, Bengaluru West City Corporation, Bengaluru, Bangalore North, Bengaluru Urban, Karnataka, India"
8408_1445,12.98508803449515,77.51511211171629,Kottegepalya,,Kottegepalya,,Bengaluru,Bengaluru West City Corporation,Bangalore North,Bengaluru Urban,,"Kottegepalya, Bengaluru West City Corporation, Bengaluru, Bangalore North, Bengaluru Urban, Karnataka, India"
8408_1446,12.99407114624506,77.51511211171629,Kottegepalya,,Kottegepalya,,Bengaluru,Bengaluru West City Corporation,Bangalore North,Bengaluru Urban,,"Kottegepalya, Bengaluru West City Corporation, Bengaluru, Bangalore North, Bengaluru Urban, Karnataka, India"
8408_1447,13.00305425799497,77.51511211171629,Hegganahalli,,Hegganahalli,,Bengaluru,Bengaluru West City Corporation,Bangalore North,Bengaluru Urban,,"Hegganahalli, Bengaluru West City Corporation, Bengaluru, Bangalore North, Bengaluru Urban, Karnataka, India"
8408_1448,13.01203736974488,77.51511211171629,Rajeshwarinagar,,Rajeshwarinagar,,Bengaluru,Bengaluru West City Corporation,Bangalore North,Bengaluru Urban,,"Rajeshwarinagar, Bengaluru West City Corporation, Bengaluru, Bangalore North, Bengaluru Urban, Karnataka, India"
8408_1449,13.021020481494787,77.51511211171629,Parvathi Nagar,,Parvathi Nagar,,Bengaluru,Bengaluru West City Corporation,Bangalore North,Bengaluru Urban,560058,"Parvathi Nagar, Bengaluru West City Corporation, Bengaluru, Bangalore North, Bengaluru Urban, Karnataka, 560058, India"
8408_1450,13.0300035932447,77.51511211171629,Nelagadaranahalli,,Nelagadaranahalli,,Bengaluru,Bengaluru West City Corporation,Bangalore North,Bengaluru Urban,,"Nelagadaranahalli, Bengaluru West City Corporation, Bengaluru, Bangalore North, Bengaluru Urban, Karnataka, India"
8408_1451,13.03898670499461,77.51511211171629,Chokkasandra,,Chokkasandra,,Bengaluru,Bengaluru West City Corporation,Bangalore North,Bengaluru Urban,,"Chokkasandra, Bengaluru West City Corporation, Bengaluru, Bangalore North, Bengaluru Urban, Karnataka, India"
8408_1452,13.04796981674452,77.51511211171629,Dasarahalli,,Dasarahalli,,Bengaluru,Bengaluru North City Corporation,Bangalore North,Bengaluru Urban,,"Dasarahalli, Bengaluru North City Corporation, Bengaluru, Bangalore North, Bengaluru Urban, Karnataka, India"
8408_1453,13.05695292849443,77.51511211171629,Mallasandra,,Mallasandra,,Bengaluru,Bengaluru North City Corporation,Bangalore North,Bengaluru Urban,,"Mallasandra, Bengaluru North City Corporation, Bengaluru, Bangalore North, Bengaluru Urban, Karnataka, India"
8408_1454,13.06593604024434,77.51511211171629,Shettihalli,,Shettihalli,,Bengaluru,Bengaluru North City Corporation,Bangalore North,Bengaluru Urban,560015,"Shettihalli, Bengaluru North City Corporation, Bengaluru, Bangalore North, Bengaluru Urban, Karnataka, 560015, India"
8408_1455,13.074919151994251,77.51511211171629,Abbigere,,Abbigere,,Bengaluru,Bengaluru North City Corporation,Bangalore North,Bengaluru Urban,,"Abbigere, Bengaluru North City Corporation, Bengaluru, Bangalore North, Bengaluru Urban, Karnataka, India"
8408_1456,13.08390226374416,77.51511211171629,Dr. Shivaram Karanth Layout,,Dr. Shivaram Karanth Layout,,Bengaluru,Bengaluru North City Corporation,Bangalore North,Bengaluru Urban,560090,"Sector 7, Dr. Shivaram Karanth Layout, Bengaluru North City Corporation, Bengaluru, Bangalore North, Bengaluru Urban, Karnataka, 560090, India"
8408_1457,13.09288537549407,77.51511211171629,Dr. Shivaram Karanth Layout,,Dr. Shivaram Karanth Layout,,,,Bangalore North,Bengaluru Urban,,"Sector 8, Dr. Shivaram Karanth Layout, Bangalore North, Bengaluru Urban, Karnataka, India"
8408_1458,13.101868487243982,77.51511211171629,Dr. Shivaram Karanth Layout,,Dr. Shivaram Karanth Layout,,,Kalathammanahalli,Yelahanka taluku,Bengaluru Urban,,"Sector 9, Dr. Shivaram Karanth Layout, Kalathammanahalli, Kasaghattapura, Yelahanka taluku, Bengaluru Urban, Karnataka, India"
8408_1459,13.110851598993891,77.51511211171629,Dr. Shivaram Karanth Layout,,Dr. Shivaram Karanth Layout,,,Byalakere,Yelahanka taluku,Bengaluru Urban,,"Sector 5, Dr. Shivaram Karanth Layout, Byalakere, Kasaghattapura, Yelahanka taluku, Bengaluru Urban, Karnataka, India"
8408_1460,13.119834710743802,77.51511211171629,Kondashettihalli,,,,,Kondashettihalli,Yelahanka taluku,Bengaluru Urban,,"Kondashettihalli, Yelahanka taluku, Bengaluru Urban, Karnataka, India"
8408_1461,13.128817822493712,77.51511211171629,Kondashettihalli,,,,,Kondashettihalli,Yelahanka taluku,Bengaluru Urban,,"Kondashettihalli, Yelahanka taluku, Bengaluru Urban, Karnataka, India"
8408_1462,13.13780093424362,77.51511211171629,Shivakote,,,,,,Yelahanka taluku,Bengaluru Urban,560088,"Shivakote, Yelahanka taluku, Bengaluru Urban, Karnataka, 560088, India"
8408_1463,13.146784045993533,77.51511211171629,Shivakote,,,,,,Yelahanka taluku,Bengaluru Urban,560088,"Shivakote, Yelahanka taluku, Bengaluru Urban, Karnataka, 560088, India"
8409_1424,12.796442687747035,77.5243307728463,Gulakamale,,,,,Gulakamale,Bangalore South,Bengaluru Urban,,"Gulakamale, Bangalore South, Bengaluru Urban, Karnataka, India"
8409_1425,12.805425799496946,77.5243307728463,Gulakamale,,,,,Gulakamale,Bangalore South,Bengaluru Urban,,"Gulakamale, Bangalore South, Bengaluru Urban, Karnataka, India"
8409_1426,12.814408911246856,77.5243307728463,Vaddarapalya,,,,,,Bangalore South,Bengaluru Urban,560083,"Vaddarapalya, Bangalore South, Bengaluru Urban, Karnataka, 560083, India"
8409_1427,12.823392022996766,77.5243307728463,Vaddarapalya,,,,,,Bangalore South,Bengaluru Urban,560083,"Vaddarapalya, Bangalore South, Bengaluru Urban, Karnataka, 560083, India"
8409_1428,12.832375134746677,77.5243307728463,Vaddarapalya,,,,,,Bangalore South,Bengaluru Urban,560083,"Vaddarapalya, Bangalore South, Bengaluru Urban, Karnataka, 560083, India"
8409_1429,12.841358246496586,77.5243307728463,Talagattapura,,Talagattapura,,Bengaluru,Bengaluru South City Corporation,Bangalore South,Bengaluru Urban,,"Talagattapura, Bengaluru South City Corporation, Bengaluru, Bangalore South, Bengaluru Urban, Karnataka, India"
8409_1430,12.850341358246496,77.5243307728463,Talagattapura,,Talagattapura,,Bengaluru,Bengaluru South City Corporation,Bangalore South,Bengaluru Urban,,"Talagattapura, Bengaluru South City Corporation, Bengaluru, Bangalore South, Bengaluru Urban, Karnataka, India"
8409_1431,12.859324469996409,77.5243307728463,Talagattapura,,Talagattapura,,Bengaluru,Bengaluru South City Corporation,Bangalore South,Bengaluru Urban,,"Talagattapura, Bengaluru South City Corporation, Bengaluru, Bangalore South, Bengaluru Urban, Karnataka, India"
8409_1432,12.868307581746317,77.5243307728463,Talagattapura,,Talagattapura,,Bengaluru,Bengaluru South City Corporation,Bangalore South,Bengaluru Urban,,"Talagattapura, Bengaluru South City Corporation, Bengaluru, Bangalore South, Bengaluru Urban, Karnataka, India"
8409_1433,12.877290693496228,77.5243307728463,Talagattapura,,Talagattapura,,Bengaluru,Bengaluru South City Corporation,Bangalore South,Bengaluru Urban,,"Talagattapura, Bengaluru South City Corporation, Bengaluru, Bangalore South, Bengaluru Urban, Karnataka, India"
8409_1434,12.886273805246136,77.5243307728463,Subramanyapura,,Subramanyapura,,Bengaluru,Bengaluru South City Corporation,Bangalore South,Bengaluru Urban,560061,"Subramanyapura, Bengaluru South City Corporation, Bengaluru, Bangalore South, Bengaluru Urban, Karnataka, 560061, India"
8409_1435,12.895256916996049,77.5243307728463,Subramanyapura,,Subramanyapura,,Bengaluru,Bengaluru South City Corporation,Bangalore South,Bengaluru Urban,560061,"Subramanyapura, Bengaluru South City Corporation, Bengaluru, Bangalore South, Bengaluru Urban, Karnataka, 560061, India"
8409_1436,12.904240028745958,77.5243307728463,Bangarappa Nagara,,Bangarappa Nagara,,Bengaluru,Bengaluru West City Corporation,Bangalore South,Bengaluru Urban,560039,"Bangarappa Nagara, Bengaluru West City Corporation, Bengaluru, Bangalore South, Bengaluru Urban, Karnataka, 560039, India"
8409_1437,12.913223140495868,77.5243307728463,Bangarappa Nagara,,Bangarappa Nagara,,Bengaluru,Bengaluru West City Corporation,Bangalore South,Bengaluru Urban,560039,"Bangarappa Nagara, Bengaluru West City Corporation, Bengaluru, Bangalore South, Bengaluru Urban, Karnataka, 560039, India"
8409_1438,12.922206252245775,77.5243307728463,Bangarappa Nagara,,Bangarappa Nagara,,Bengaluru,Bengaluru West City Corporation,Bangalore South,Bengaluru Urban,560039,"Bangarappa Nagara, Bengaluru West City Corporation, Bengaluru, Bangalore South, Bengaluru Urban, Karnataka, 560039, India"
8409_1439,12.931189363995689,77.5243307728463,Bangarappa Nagara,,Bangarappa Nagara,,Bengaluru,Bengaluru West City Corporation,Bangalore South,Bengaluru Urban,560039,"Bangarappa Nagara, Bengaluru West City Corporation, Bengaluru, Bangalore South, Bengaluru Urban, Karnataka, 560039, India"
8409_1440,12.940172475745598,77.5243307728463,Bangarappa Nagara,,Bangarappa Nagara,,Bengaluru,Bengaluru West City Corporation,Bangalore South,Bengaluru Urban,560039,"Bangarappa Nagara, Bengaluru West City Corporation, Bengaluru, Bangalore South, Bengaluru Urban, Karnataka, 560039, India"
8409_1441,12.94915558749551,77.5243307728463,Nayanda Halli,,Nayanda Halli,,Bengaluru,Bengaluru West City Corporation,Bangalore South,Bengaluru Urban,,"Nayanda Halli, Bengaluru West City Corporation, Bengaluru, Bangalore South, Bengaluru Urban, Karnataka, India"
8409_1442,12.95813869924542,77.5243307728463,Chandra Layout,,Chandra Layout,,Bengaluru,Bengaluru West City Corporation,Bangalore North,Bengaluru Urban,,"Chandra Layout, Bengaluru West City Corporation, Bengaluru, Bangalore North, Bengaluru Urban, Karnataka, India"
8409_1443,12.967121810995328,77.5243307728463,Anubhava Nagara,,Anubhava Nagara,,Bengaluru,Bengaluru West City Corporation,Bangalore North,Bengaluru Urban,,"Anubhava Nagara, Bengaluru West City Corporation, Bengaluru, Bangalore North, Bengaluru Urban, Karnataka, India"
8409_1444,12.97610492274524,77.5243307728463,Marenahalli West,,Marenahalli West,,Bengaluru,Bengaluru West City Corporation,Bangalore North,Bengaluru Urban,,"Marenahalli West, Bengaluru West City Corporation, Bengaluru, Bangalore North, Bengaluru Urban, Karnataka, India"
8409_1445,12.98508803449515,77.5243307728463,Kaveripura,,Kaveripura,,Bengaluru,Bengaluru West City Corporation,Bangalore North,Bengaluru Urban,,"Kaveripura, Bengaluru West City Corporation, Bengaluru, Bangalore North, Bengaluru Urban, Karnataka, India"
8409_1446,12.99407114624506,77.5243307728463,Kamalanagara,,Kamalanagara,,Bengaluru,Bengaluru West City Corporation,Bangalore North,Bengaluru Urban,,"Kamalanagara, Bengaluru West City Corporation, Bengaluru, Bangalore North, Bengaluru Urban, Karnataka, India"
8409_1447,13.00305425799497,77.5243307728463,Kempegowda Layout,,Kempegowda Layout,,Bengaluru,Bengaluru West City Corporation,Bangalore North,Bengaluru Urban,,"Kempegowda Layout, Bengaluru West City Corporation, Bengaluru, Bangalore North, Bengaluru Urban, Karnataka, India"
8409_1448,13.01203736974488,77.5243307728463,Laggere,,Laggere,,Bengaluru,Bengaluru West City Corporation,Bangalore North,Bengaluru Urban,,"Laggere, Bengaluru West City Corporation, Bengaluru, Bangalore North, Bengaluru Urban, Karnataka, India"
8409_1449,13.021020481494787,77.5243307728463,Parvathi Nagar,,Parvathi Nagar,,Bengaluru,Bengaluru West City Corporation,Bangalore North,Bengaluru Urban,560058,"Parvathi Nagar, Bengaluru West City Corporation, Bengaluru, Bangalore North, Bengaluru Urban, Karnataka, 560058, India"
8409_1450,13.0300035932447,77.5243307728463,Peenya,,Peenya,,Bengaluru,Bengaluru West City Corporation,Bangalore North,Bengaluru Urban,,"Peenya, Bengaluru West City Corporation, Bengaluru, Bangalore North, Bengaluru Urban, Karnataka, India"
8409_1451,13.03898670499461,77.5243307728463,Peenya,,Peenya,,Bengaluru,Bengaluru West City Corporation,Bangalore North,Bengaluru Urban,,"Peenya, Bengaluru West City Corporation, Bengaluru, Bangalore North, Bengaluru Urban, Karnataka, India"
8409_1452,13.04796981674452,77.5243307728463,Jalahalli,,Jalahalli,,Bengaluru,Bengaluru North City Corporation,Bangalore North,Bengaluru Urban,,"Jalahalli, Bengaluru North City Corporation, Bengaluru, Bangalore North, Bengaluru Urban, Karnataka, India"
8409_1453,13.05695292849443,77.5243307728463,Shettihalli,,Shettihalli,,Bengaluru,Bengaluru North City Corporation,Bangalore North,Bengaluru Urban,560015,"Shettihalli, Bengaluru North City Corporation, Bengaluru, Bangalore North, Bengaluru Urban, Karnataka, 560015, India"
8409_1454,13.06593604024434,77.5243307728463,Shettihalli,,Shettihalli,,Bengaluru,Bengaluru North City Corporation,Bangalore North,Bengaluru Urban,560015,"Shettihalli, Bengaluru North City Corporation, Bengaluru, Bangalore North, Bengaluru Urban, Karnataka, 560015, India"
8409_1455,13.074919151994251,77.5243307728463,Abbigere,,Abbigere,,Bengaluru,Bengaluru North City Corporation,Bangalore North,Bengaluru Urban,,"Abbigere, Bengaluru North City Corporation, Bengaluru, Bangalore North, Bengaluru Urban, Karnataka, India"
8409_1456,13.08390226374416,77.5243307728463,Dr. Shivaram Karanth Layout,,Dr. Shivaram Karanth Layout,,Bengaluru,Bengaluru North City Corporation,Bangalore North,Bengaluru Urban,560090,"Sector 7, Dr. Shivaram Karanth Layout, Bengaluru North City Corporation, Bengaluru, Bangalore North, Bengaluru Urban, Karnataka, 560090, India"
8409_1457,13.09288537549407,77.5243307728463,Dr. Shivaram Karanth Layout,,Dr. Shivaram Karanth Layout,,Bengaluru,Bengaluru North City Corporation,Bangalore North,Bengaluru Urban,560090,"Sector 7, Dr. Shivaram Karanth Layout, Bengaluru North City Corporation, Bengaluru, Bangalore North, Bengaluru Urban, Karnataka, 560090, India"
8409_1458,13.101868487243982,77.5243307728463,Dr. Shivaram Karanth Layout,,Dr. Shivaram Karanth Layout,,,Modi Agrahara,Yelahanka taluku,Bengaluru Urban,,"Sector 6, Dr. Shivaram Karanth Layout, Modi Agrahara, Yelahanka taluku, Bengaluru Urban, Karnataka, India"
8409_1459,13.110851598993891,77.5243307728463,Dr. Shivaram Karanth Layout,,Dr. Shivaram Karanth Layout,,,Byalakere,Yelahanka taluku,Bengaluru Urban,,"Sector 5, Dr. Shivaram Karanth Layout, Byalakere, Kasaghattapura, Yelahanka taluku, Bengaluru Urban, Karnataka, India"
8409_1460,13.119834710743802,77.5243307728463,Mavallipura,,,,,Byalakere,Yelahanka taluku,Bengaluru Urban,560088,"Chikka Byalakere, Byalakere, Mavallipura, Yelahanka taluku, Bengaluru Urban, Karnataka, 560088, India"
8409_1461,13.128817822493712,77.5243307728463,Mavallipura,,,,,,Yelahanka taluku,Bengaluru Urban,560088,"Mavallipura, Yelahanka taluku, Bengaluru Urban, Karnataka, 560088, India"
8409_1462,13.13780093424362,77.5243307728463,Muttugadahalli,,,,,,Yelahanka taluku,Bengaluru Urban,560089,"Muttugadahalli, Yelahanka taluku, Bengaluru Urban, Karnataka, 560089, India"
8409_1463,13.146784045993533,77.5243307728463,Muttugadahalli,,,,,,Yelahanka taluku,Bengaluru Urban,560089,"Muttugadahalli, Yelahanka taluku, Bengaluru Urban, Karnataka, 560089, India"
8410_1424,12.796442687747035,77.53354943397632,Gulakamale,,,,,Gulakamale,Bangalore South,Bengaluru Urban,,"Gulakamale, Bangalore South, Bengaluru Urban, Karnataka, India"
8410_1425,12.805425799496946,77.53354943397632,Gulakamale,,,,,Gulakamale,Bangalore South,Bengaluru Urban,,"Gulakamale, Bangalore South, Bengaluru Urban, Karnataka, India"
8410_1426,12.814408911246856,77.53354943397632,Gulakamale,,,,,Gulakamale,Bangalore South,Bengaluru Urban,,"Gulakamale, Bangalore South, Bengaluru Urban, Karnataka, India"
8410_1427,12.823392022996766,77.53354943397632,Vaddarapalya,,,,,,Bangalore South,Bengaluru Urban,560083,"Vaddarapalya, Bangalore South, Bengaluru Urban, Karnataka, 560083, India"
8410_1428,12.832375134746677,77.53354943397632,Vaddarapalya,,,,,,Bangalore South,Bengaluru Urban,560083,"Vaddarapalya, Bangalore South, Bengaluru Urban, Karnataka, 560083, India"
8410_1429,12.841358246496586,77.53354943397632,Talagattapura,,Talagattapura,,Bengaluru,Bengaluru South City Corporation,Bangalore South,Bengaluru Urban,,"Talagattapura, Bengaluru South City Corporation, Bengaluru, Bangalore South, Bengaluru Urban, Karnataka, India"
8410_1430,12.850341358246496,77.53354943397632,Talagattapura,,Talagattapura,,Bengaluru,Bengaluru South City Corporation,Bangalore South,Bengaluru Urban,,"Talagattapura, Bengaluru South City Corporation, Bengaluru, Bangalore South, Bengaluru Urban, Karnataka, India"
8410_1431,12.859324469996409,77.53354943397632,Talagattapura,,Talagattapura,,Bengaluru,Bengaluru South City Corporation,Bangalore South,Bengaluru Urban,,"Talagattapura, Bengaluru South City Corporation, Bengaluru, Bangalore South, Bengaluru Urban, Karnataka, India"
8410_1432,12.868307581746317,77.53354943397632,Talagattapura,,Talagattapura,,Bengaluru,Bengaluru South City Corporation,Bangalore South,Bengaluru Urban,,"Talagattapura, Bengaluru South City Corporation, Bengaluru, Bangalore South, Bengaluru Urban, Karnataka, India"
8410_1433,12.877290693496228,77.53354943397632,Talagattapura,,Talagattapura,,Bengaluru,Bengaluru South City Corporation,Bangalore South,Bengaluru Urban,,"Talagattapura, Bengaluru South City Corporation, Bengaluru, Bangalore South, Bengaluru Urban, Karnataka, India"
8410_1434,12.886273805246136,77.53354943397632,Subramanyapura,,Subramanyapura,,Bengaluru,Bengaluru South City Corporation,Bangalore South,Bengaluru Urban,560061,"Subramanyapura, Bengaluru South City Corporation, Bengaluru, Bangalore South, Bengaluru Urban, Karnataka, 560061, India"
8410_1435,12.895256916996049,77.53354943397632,Subramanyapura,,Subramanyapura,,Bengaluru,Bengaluru South City Corporation,Bangalore South,Bengaluru Urban,560061,"Subramanyapura, Bengaluru South City Corporation, Bengaluru, Bangalore South, Bengaluru Urban, Karnataka, 560061, India"
8410_1436,12.904240028745958,77.53354943397632,Subramanyapura,,Subramanyapura,,Bengaluru,Bengaluru South City Corporation,Bangalore South,Bengaluru Urban,560061,"Subramanyapura, Bengaluru South City Corporation, Bengaluru, Bangalore South, Bengaluru Urban, Karnataka, 560061, India"
8410_1437,12.913223140495868,77.53354943397632,Subramanyapura,,Subramanyapura,,Bengaluru,Bengaluru South City Corporation,Bangalore South,Bengaluru Urban,560061,"Subramanyapura, Bengaluru South City Corporation, Bengaluru, Bangalore South, Bengaluru Urban, Karnataka, 560061, India"
8410_1438,12.922206252245775,77.53354943397632,Bangarappa Nagara,,Bangarappa Nagara,,Bengaluru,Bengaluru West City Corporation,Bangalore South,Bengaluru Urban,560039,"Bangarappa Nagara, Bengaluru West City Corporation, Bengaluru, Bangalore South, Bengaluru Urban, Karnataka, 560039, India"
8410_1439,12.931189363995689,77.53354943397632,Bangarappa Nagara,,Bangarappa Nagara,,Bengaluru,Bengaluru West City Corporation,Bangalore South,Bengaluru Urban,560039,"Bangarappa Nagara, Bengaluru West City Corporation, Bengaluru, Bangalore South, Bengaluru Urban, Karnataka, 560039, India"
8410_1440,12.940172475745598,77.53354943397632,Deepanjali Nagara,,Deepanjali Nagara,,Bengaluru,Bengaluru West City Corporation,Bangalore South,Bengaluru Urban,,"Deepanjali Nagara, Bengaluru West City Corporation, Bengaluru, Bangalore South, Bengaluru Urban, Karnataka, India"
8410_1441,12.94915558749551,77.53354943397632,Deepanjali Nagara,,Deepanjali Nagara,,Bengaluru,Bengaluru West City Corporation,Bangalore South,Bengaluru Urban,,"Deepanjali Nagara, Bengaluru West City Corporation, Bengaluru, Bangalore South, Bengaluru Urban, Karnataka, India"
8410_1442,12.95813869924542,77.53354943397632,Attigupe,,Attigupe,,Bengaluru,Bengaluru West City Corporation,Bangalore North,Bengaluru Urban,,"Attigupe, Bengaluru West City Corporation, Bengaluru, Bangalore North, Bengaluru Urban, Karnataka, India"
8410_1443,12.967121810995328,77.53354943397632,Maruthi Mandira Ward,,Maruthi Mandira Ward,,Bengaluru,Bengaluru West City Corporation,Bangalore North,Bengaluru Urban,560040,"Maruthi Mandira Ward, Bengaluru West City Corporation, Bengaluru, Bangalore North, Bengaluru Urban, Karnataka, 560040, India"
8410_1444,12.97610492274524,77.53354943397632,Thimmenahalli,,Thimmenahalli,,Bengaluru,Bengaluru West City Corporation,Bangalore North,Bengaluru Urban,,"Thimmenahalli, Bengaluru West City Corporation, Bengaluru, Bangalore North, Bengaluru Urban, Karnataka, India"
8410_1445,12.98508803449515,77.53354943397632,Kamakshipalya,,Kamakshipalya,,Bengaluru,Bengaluru West City Corporation,Bangalore North,Bengaluru Urban,560079,"Kamakshipalya, Bengaluru West City Corporation, Bengaluru, Bangalore North, Bengaluru Urban, Karnataka, 560079, India"
8410_1446,12.99407114624506,77.53354943397632,Shakthi Ganapathi Nagara,,Shakthi Ganapathi Nagara,,Bengaluru,Bengaluru West City Corporation,Bangalore North,Bengaluru Urban,,"Shakthi Ganapathi Nagara, Bengaluru West City Corporation, Bengaluru, Bangalore North, Bengaluru Urban, Karnataka, India"
8410_1447,13.00305425799497,77.53354943397632,Raja Mayura Varma Ward,,Raja Mayura Varma Ward,,Bengaluru,Bengaluru West City Corporation,Bangalore North,Bengaluru Urban,,"Raja Mayura Varma Ward, Bengaluru West City Corporation, Bengaluru, Bangalore North, Bengaluru Urban, Karnataka, India"
8410_1448,13.01203736974488,77.53354943397632,Nandini Layout,,Nandini Layout,,Bengaluru,Bengaluru West City Corporation,Bangalore North,Bengaluru Urban,560096,"Nandini Layout, Bengaluru West City Corporation, Bengaluru, Bangalore North, Bengaluru Urban, Karnataka, 560096, India"
8410_1449,13.021020481494787,77.53354943397632,Dr. Puneeth Rajkumar Ward,,Dr. Puneeth Rajkumar Ward,,Bengaluru,Bengaluru West City Corporation,Bangalore North,Bengaluru Urban,,"Dr. Puneeth Rajkumar Ward, Bengaluru West City Corporation, Bengaluru, Bangalore North, Bengaluru Urban, Karnataka, India"
8410_1450,13.0300035932447,77.53354943397632,Peenya,,Peenya,,Bengaluru,Bengaluru West City Corporation,Bangalore North,Bengaluru Urban,,"Peenya, Bengaluru West City Corporation, Bengaluru, Bangalore North, Bengaluru Urban, Karnataka, India"
8410_1451,13.03898670499461,77.53354943397632,HMT Ward,,HMT Ward,,Bengaluru,Bengaluru North City Corporation,Yelahanka taluku,Bengaluru Urban,560013,"HMT Ward, Bengaluru North City Corporation, Bengaluru, Yelahanka taluku, Bengaluru Urban, Karnataka, 560013, India"
8410_1452,13.04796981674452,77.53354943397632,Jalahalli,,Jalahalli,,Bengaluru,Bengaluru North City Corporation,Bangalore North,Bengaluru Urban,,"Jalahalli, Bengaluru North City Corporation, Bengaluru, Bangalore North, Bengaluru Urban, Karnataka, India"
8410_1453,13.05695292849443,77.53354943397632,Shettihalli,,Shettihalli,,Bengaluru,Bengaluru North City Corporation,Bangalore North,Bengaluru Urban,560015,"Shettihalli, Bengaluru North City Corporation, Bengaluru, Bangalore North, Bengaluru Urban, Karnataka, 560015, India"
8410_1454,13.06593604024434,77.53354943397632,Kammagondanahalli,,Kammagondanahalli,,Bengaluru,Bengaluru North City Corporation,Bangalore North,Bengaluru Urban,,"Kammagondanahalli, Bengaluru North City Corporation, Bengaluru, Bangalore North, Bengaluru Urban, Karnataka, India"
8410_1455,13.074919151994251,77.53354943397632,Kuvempunagara,,Kuvempunagara,,Bengaluru,Bengaluru North City Corporation,Yelahanka taluku,Bengaluru Urban,560014,"Kuvempunagara, Bengaluru North City Corporation, Bengaluru, Yelahanka taluku, Bengaluru Urban, Karnataka, 560014, India"
8410_1456,13.08390226374416,77.53354943397632,Dr. Shivaram Karanth Layout,,Dr. Shivaram Karanth Layout,,Bengaluru,Bengaluru North City Corporation,Bangalore North,Bengaluru Urban,560090,"Sector 7, Dr. Shivaram Karanth Layout, Bengaluru North City Corporation, Bengaluru, Bangalore North, Bengaluru Urban, Karnataka, 560090, India"
8410_1457,13.09288537549407,77.53354943397632,Dr. Shivaram Karanth Layout,,Dr. Shivaram Karanth Layout,,,Modi Agrahara,Yelahanka taluku,Bengaluru Urban,,"Sector 6, Dr. Shivaram Karanth Layout, Modi Agrahara, Yelahanka taluku, Bengaluru Urban, Karnataka, India"
8410_1458,13.101868487243982,77.53354943397632,Dr. Shivaram Karanth Layout,,Dr. Shivaram Karanth Layout,,,Modi Agrahara,Yelahanka taluku,Bengaluru Urban,,"Sector 6, Dr. Shivaram Karanth Layout, Modi Agrahara, Yelahanka taluku, Bengaluru Urban, Karnataka, India"
8410_1459,13.110851598993891,77.53354943397632,Dr. Shivaram Karanth Layout,,Dr. Shivaram Karanth Layout,,,Byalakere,Yelahanka taluku,Bengaluru Urban,560088,"Chikka Byalakere, Dr. Shivaram Karanth Layout, Byalakere, Mavallipura, Yelahanka taluku, Bengaluru Urban, Karnataka, 560088, India"
8410_1460,13.119834710743802,77.53354943397632,Mavallipura,,,,,,Yelahanka taluku,Bengaluru Urban,560088,"Mavallipura, Yelahanka taluku, Bengaluru Urban, Karnataka, 560088, India"
8410_1461,13.128817822493712,77.53354943397632,Mavallipura,,,,,,Yelahanka taluku,Bengaluru Urban,560088,"Mavallipura, Yelahanka taluku, Bengaluru Urban, Karnataka, 560088, India"
8410_1462,13.13780093424362,77.53354943397632,Muttugadahalli,,,,,Mylappanahalli,Yelahanka taluku,Bengaluru Urban,560064,"Mylappanahalli, Muttugadahalli, Yelahanka taluku, Bengaluru Urban, Karnataka, 560064, India"
8410_1463,13.146784045993533,77.53354943397632,Muttugadahalli,,,,,Mylappanahalli,Yelahanka taluku,Bengaluru Urban,560064,"Mylappanahalli, Muttugadahalli, Yelahanka taluku, Bengaluru Urban, Karnataka, 560064, India"
8411_1424,12.796442687747035,77.54276809510633,,,,,,,Harohalli taluk,Bengaluru South,,"Harohalli taluk, Bengaluru South, Karnataka, India"
8411_1425,12.805425799496946,77.54276809510633,Byatarayanadoddi,,,,,,Anekal,Bengaluru Urban,560083,"Byatarayanadoddi, Anekal, Bengaluru Urban, Karnataka, 560083, India"
8411_1426,12.814408911246856,77.54276809510633,Byatarayanadoddi,,,,,,Anekal,Bengaluru Urban,560083,"Byatarayanadoddi, Anekal, Bengaluru Urban, Karnataka, 560083, India"
8411_1427,12.823392022996766,77.54276809510633,Vaddarapalya,,,,,,Bangalore South,Bengaluru Urban,560083,"Vaddarapalya, Bangalore South, Bengaluru Urban, Karnataka, 560083, India"
8411_1428,12.832375134746677,77.54276809510633,Vaddarapalya,,,,,,Bangalore South,Bengaluru Urban,560083,"Vaddarapalya, Bangalore South, Bengaluru Urban, Karnataka, 560083, India"
8411_1429,12.841358246496586,77.54276809510633,Vaddarapalya,,,,,,Bangalore South,Bengaluru Urban,560083,"Vaddarapalya, Bangalore South, Bengaluru Urban, Karnataka, 560083, India"
8411_1430,12.850341358246496,77.54276809510633,Talagattapura,,Talagattapura,,Bengaluru,Bengaluru South City Corporation,Bangalore South,Bengaluru Urban,,"Talagattapura, Bengaluru South City Corporation, Bengaluru, Bangalore South, Bengaluru Urban, Karnataka, India"
8411_1431,12.859324469996409,77.54276809510633,Talagattapura,,Talagattapura,,Bengaluru,Bengaluru South City Corporation,Bangalore South,Bengaluru Urban,,"Talagattapura, Bengaluru South City Corporation, Bengaluru, Bangalore South, Bengaluru Urban, Karnataka, India"
8411_1432,12.868307581746317,77.54276809510633,Talagattapura,,Talagattapura,,Bengaluru,Bengaluru South City Corporation,Bangalore South,Bengaluru Urban,,"Talagattapura, Bengaluru South City Corporation, Bengaluru, Bangalore South, Bengaluru Urban, Karnataka, India"
8411_1433,12.877290693496228,77.54276809510633,Talagattapura,,Talagattapura,,Bengaluru,Bengaluru South City Corporation,Bangalore South,Bengaluru Urban,,"Talagattapura, Bengaluru South City Corporation, Bengaluru, Bangalore South, Bengaluru Urban, Karnataka, India"
8411_1434,12.886273805246136,77.54276809510633,Anjanapura,,Anjanapura,,Bengaluru,Bengaluru South City Corporation,Bangalore South,Bengaluru Urban,560108,"Anjanapura, Bengaluru South City Corporation, Bengaluru, Bangalore South, Bengaluru Urban, Karnataka, 560108, India"
8411_1435,12.895256916996049,77.54276809510633,Subramanyapura,,Subramanyapura,,Bengaluru,Bengaluru South City Corporation,Bangalore South,Bengaluru Urban,560061,"Subramanyapura, Bengaluru South City Corporation, Bengaluru, Bangalore South, Bengaluru Urban, Karnataka, 560061, India"
8411_1436,12.904240028745958,77.54276809510633,Uttarahalli,,Uttarahalli,,Bengaluru,Bengaluru South City Corporation,Bangalore South,Bengaluru Urban,,"Uttarahalli, Bengaluru South City Corporation, Bengaluru, Bangalore South, Bengaluru Urban, Karnataka, India"
8411_1437,12.913223140495868,77.54276809510633,Subramanyapura,,Subramanyapura,,Bengaluru,Bengaluru South City Corporation,Bangalore South,Bengaluru Urban,560061,"Subramanyapura, Bengaluru South City Corporation, Bengaluru, Bangalore South, Bengaluru Urban, Karnataka, 560061, India"
8411_1438,12.922206252245775,77.54276809510633,Ittamadu,,Ittamadu,,Bengaluru,Bengaluru West City Corporation,Bangalore South,Bengaluru Urban,,"Ittamadu, Bengaluru West City Corporation, Bengaluru, Bangalore South, Bengaluru Urban, Karnataka, India"
8411_1439,12.931189363995689,77.54276809510633,Swamy Vivekananda Ward,,Swamy Vivekananda Ward,,Bengaluru,Bengaluru West City Corporation,Bangalore South,Bengaluru Urban,,"Swamy Vivekananda Ward, Bengaluru West City Corporation, Bengaluru, Bangalore South, Bengaluru Urban, Karnataka, India"
8411_1440,12.940172475745598,77.54276809510633,Swamy Vivekananda Ward,,Swamy Vivekananda Ward,,Bengaluru,Bengaluru West City Corporation,Bangalore South,Bengaluru Urban,,"Swamy Vivekananda Ward, Bengaluru West City Corporation, Bengaluru, Bangalore South, Bengaluru Urban, Karnataka, India"
8411_1441,12.94915558749551,77.54276809510633,Gali Anjaneya Temple Ward,,Gali Anjaneya Temple Ward,,Bengaluru,Bengaluru West City Corporation,Bangalore North,Bengaluru Urban,560026,"Gali Anjaneya Temple Ward, Bengaluru West City Corporation, Bengaluru, Bangalore North, Bengaluru Urban, Karnataka, 560026, India"
8411_1442,12.95813869924542,77.54276809510633,Krishnadevaraya ward,,Krishnadevaraya ward,,Bengaluru,Bengaluru West City Corporation,Bangalore North,Bengaluru Urban,560104,"Krishnadevaraya ward, Bengaluru West City Corporation, Bengaluru, Bangalore North, Bengaluru Urban, Karnataka, 560104, India"
8411_1443,12.967121810995328,77.54276809510633,Hosahalli,,Hosahalli,,Bengaluru,Bengaluru West City Corporation,Bangalore North,Bengaluru Urban,,"Hosahalli, Bengaluru West City Corporation, Bengaluru, Bangalore North, Bengaluru Urban, Karnataka, India"
8411_1444,12.97610492274524,77.54276809510633,Thimmenahalli,,Thimmenahalli,,Bengaluru,Bengaluru West City Corporation,Bangalore North,Bengaluru Urban,,"Thimmenahalli, Bengaluru West City Corporation, Bengaluru, Bangalore North, Bengaluru Urban, Karnataka, India"
8411_1445,12.98508803449515,77.54276809510633,Dr Rajkumar Ward,,Dr Rajkumar Ward,,Bengaluru,Bengaluru West City Corporation,Bangalore North,Bengaluru Urban,,"Dr Rajkumar Ward, Bengaluru West City Corporation, Bengaluru, Bangalore North, Bengaluru Urban, Karnataka, India"
8411_1446,12.99407114624506,77.54276809510633,Sane Guruvana Halli,,Sane Guruvana Halli,,Bengaluru,Bengaluru West City Corporation,Bangalore North,Bengaluru Urban,,"Sane Guruvana Halli, Bengaluru West City Corporation, Bengaluru, Bangalore North, Bengaluru Urban, Karnataka, India"
8411_1447,13.00305425799497,77.54276809510633,Nagapura,,Nagapura,,Bengaluru,Bengaluru West City Corporation,Bangalore North,Bengaluru Urban,560086,"Nagapura, Bengaluru West City Corporation, Bengaluru, Bangalore North, Bengaluru Urban, Karnataka, 560086, India"
8411_1448,13.01203736974488,77.54276809510633,Dr. Puneeth Rajkumar Ward,,Dr. Puneeth Rajkumar Ward,,Bengaluru,Bengaluru West City Corporation,Bangalore North,Bengaluru Urban,,"Dr. Puneeth Rajkumar Ward, Bengaluru West City Corporation, Bengaluru, Bangalore North, Bengaluru Urban, Karnataka, India"
8411_1449,13.021020481494787,77.54276809510633,Nalwadi Krishnaraja Wadiyar Ward,,Nalwadi Krishnaraja Wadiyar Ward,,Bengaluru,Bengaluru West City Corporation,Bangalore North,Bengaluru Urban,,"Nalwadi Krishnaraja Wadiyar Ward, Bengaluru West City Corporation, Bengaluru, Bangalore North, Bengaluru Urban, Karnataka, India"
8411_1450,13.0300035932447,77.54276809510633,Goraguntepalya,,Goraguntepalya,,Bengaluru,Bengaluru West City Corporation,Bangalore North,Bengaluru Urban,560022,"Goraguntepalya, Bengaluru West City Corporation, Bengaluru, Bangalore North, Bengaluru Urban, Karnataka, 560022, India"
8411_1451,13.03898670499461,77.54276809510633,Goraguntepalya,,Goraguntepalya,,Bengaluru,Bengaluru West City Corporation,Bangalore North,Bengaluru Urban,560022,"Goraguntepalya, Bengaluru West City Corporation, Bengaluru, Bangalore North, Bengaluru Urban, Karnataka, 560022, India"
8411_1452,13.04796981674452,77.54276809510633,Jalahalli,,Jalahalli,,Bengaluru,Bengaluru North City Corporation,Bangalore North,Bengaluru Urban,,"Jalahalli, Bengaluru North City Corporation, Bengaluru, Bangalore North, Bengaluru Urban, Karnataka, India"
8411_1453,13.05695292849443,77.54276809510633,Kuvempunagara,,Kuvempunagara,,Bengaluru,Bengaluru North City Corporation,Yelahanka taluku,Bengaluru Urban,560014,"Kuvempunagara, Bengaluru North City Corporation, Bengaluru, Yelahanka taluku, Bengaluru Urban, Karnataka, 560014, India"
8411_1454,13.06593604024434,77.54276809510633,Kuvempunagara,,Kuvempunagara,,Bengaluru,Bengaluru North City Corporation,Yelahanka taluku,Bengaluru Urban,560014,"Kuvempunagara, Bengaluru North City Corporation, Bengaluru, Yelahanka taluku, Bengaluru Urban, Karnataka, 560014, India"
8411_1455,13.074919151994251,77.54276809510633,Kuvempunagara,,Kuvempunagara,,Bengaluru,Bengaluru North City Corporation,Yelahanka taluku,Bengaluru Urban,560014,"Kuvempunagara, Bengaluru North City Corporation, Bengaluru, Yelahanka taluku, Bengaluru Urban, Karnataka, 560014, India"
8411_1456,13.08390226374416,77.54276809510633,Singapura,,Singapura,,Bengaluru,Bengaluru North City Corporation,Yelahanka taluku,Bengaluru Urban,560097,"Singapura, Bengaluru North City Corporation, Bengaluru, Yelahanka taluku, Bengaluru Urban, Karnataka, 560097, India"
8411_1457,13.09288537549407,77.54276809510633,Doddabettahalli,,Doddabettahalli,,Bengaluru,Bengaluru North City Corporation,Yelahanka taluku,Bengaluru Urban,,"Doddabettahalli, Bengaluru North City Corporation, Bengaluru, Yelahanka taluku, Bengaluru Urban, Karnataka, India"
8411_1458,13.101868487243982,77.54276809510633,Dr. Shivaram Karanth Layout,,Dr. Shivaram Karanth Layout,,,Modi Agrahara,Yelahanka taluku,Bengaluru Urban,,"Sector 4, Dr. Shivaram Karanth Layout, Modi Agrahara, Yelahanka taluku, Bengaluru Urban, Karnataka, India"
8411_1459,13.110851598993891,77.54276809510633,Jarakabandekaval,,,,,Jarakabandekaval,Yelahanka taluku,Bengaluru Urban,,"Jarakabandekaval, Yelahanka taluku, Bengaluru Urban, Karnataka, India"
8411_1460,13.119834710743802,77.54276809510633,Jarakabandekaval,,,,,Jarakabandekaval,Yelahanka taluku,Bengaluru Urban,,"Jarakabandekaval, Yelahanka taluku, Bengaluru Urban, Karnataka, India"
8411_1461,13.128817822493712,77.54276809510633,Jarakabandekaval,,,,,Jarakabandekaval,Yelahanka taluku,Bengaluru Urban,,"Jarakabandekaval, Yelahanka taluku, Bengaluru Urban, Karnataka, India"
8411_1462,13.13780093424362,77.54276809510633,Krishnarajapura,,,,,Krishnarajapura,Yelahanka taluku,Bengaluru Urban,,"Krishnarajapura, Yelahanka taluku, Bengaluru Urban, Karnataka, India"
8411_1463,13.146784045993533,77.54276809510633,Ittagalapura,,,,,Madhappanahalli,Yelahanka taluku,Bengaluru Urban,560064,"Madappanahalli, Madhappanahalli, Ittagalapura, Yelahanka taluku, Bengaluru Urban, Karnataka, 560064, India"
8412_1424,12.796442687747035,77.55198675623635,,,,,,,Harohalli taluk,Bengaluru South,,"Harohalli taluk, Bengaluru South, Karnataka, India"
8412_1425,12.805425799496946,77.55198675623635,Byatarayanadoddi,,,,,,Anekal,Bengaluru Urban,560083,"Byatarayanadoddi, Anekal, Bengaluru Urban, Karnataka, 560083, India"
8412_1426,12.814408911246856,77.55198675623635,Byatarayanadoddi,,,,,,Anekal,Bengaluru Urban,560083,"Byatarayanadoddi, Anekal, Bengaluru Urban, Karnataka, 560083, India"
8412_1427,12.823392022996766,77.55198675623635,Kannaiakana Agrahara,,,,,Kannaiakana Agrahara,Anekal,Bengaluru Urban,,"Kannaiakana Agrahara, Anekal, Bengaluru Urban, Karnataka, India"
8412_1428,12.832375134746677,77.55198675623635,Kannaiakana Agrahara,,,,,Kannaiakana Agrahara,Anekal,Bengaluru Urban,,"Kannaiakana Agrahara, Anekal, Bengaluru Urban, Karnataka, India"
8412_1429,12.841358246496586,77.55198675623635,Kannaiakana Agrahara,,,,,Kannaiakana Agrahara,Anekal,Bengaluru Urban,,"Kannaiakana Agrahara, Anekal, Bengaluru Urban, Karnataka, India"
8412_1430,12.850341358246496,77.55198675623635,Anjanapura,,Anjanapura,,Bengaluru,Bengaluru South City Corporation,Bangalore South,Bengaluru Urban,560108,"Anjanapura, Bengaluru South City Corporation, Bengaluru, Bangalore South, Bengaluru Urban, Karnataka, 560108, India"
8412_1431,12.859324469996409,77.55198675623635,Anjanapura,,Anjanapura,,Bengaluru,Bengaluru South City Corporation,Bangalore South,Bengaluru Urban,560108,"Anjanapura, Bengaluru South City Corporation, Bengaluru, Bangalore South, Bengaluru Urban, Karnataka, 560108, India"
8412_1432,12.868307581746317,77.55198675623635,Anjanapura,,Anjanapura,,Bengaluru,Bengaluru South City Corporation,Bangalore South,Bengaluru Urban,560108,"Anjanapura, Bengaluru South City Corporation, Bengaluru, Bangalore South, Bengaluru Urban, Karnataka, 560108, India"
8412_1433,12.877290693496228,77.55198675623635,Anjanapura,,Anjanapura,,Bengaluru,Bengaluru South City Corporation,Bangalore South,Bengaluru Urban,560108,"Anjanapura, Bengaluru South City Corporation, Bengaluru, Bangalore South, Bengaluru Urban, Karnataka, 560108, India"
8412_1434,12.886273805246136,77.55198675623635,Anjanapura,,Anjanapura,,Bengaluru,Bengaluru South City Corporation,Bangalore South,Bengaluru Urban,560108,"Anjanapura, Bengaluru South City Corporation, Bengaluru, Bangalore South, Bengaluru Urban, Karnataka, 560108, India"
8412_1435,12.895256916996049,77.55198675623635,Vasanthapura,,Vasanthapura,,Bengaluru,Bengaluru South City Corporation,Bangalore South,Bengaluru Urban,,"Vasanthapura, Bengaluru South City Corporation, Bengaluru, Bangalore South, Bengaluru Urban, Karnataka, India"
8412_1436,12.904240028745958,77.55198675623635,Gowdanapalya,,Gowdanapalya,,Bengaluru,Bengaluru South City Corporation,Bangalore South,Bengaluru Urban,,"Gowdanapalya, Bengaluru South City Corporation, Bengaluru, Bangalore South, Bengaluru Urban, Karnataka, India"
8412_1437,12.913223140495868,77.55198675623635,Sarvabhouma Nagar,,Sarvabhouma Nagar,,Bengaluru,Bengaluru South City Corporation,Bangalore South,Bengaluru Urban,,"Sarvabhouma Nagar, Bengaluru South City Corporation, Bengaluru, Bangalore South, Bengaluru Urban, Karnataka, India"
8412_1438,12.922206252245775,77.55198675623635,Kamakya Layout,,Kamakya Layout,,Bengaluru,Bengaluru West City Corporation,Bangalore South,Bengaluru Urban,560085,"Kamakya Layout, Bengaluru West City Corporation, Bengaluru, Bangalore South, Bengaluru Urban, Karnataka, 560085, India"
8412_1439,12.931189363995689,77.55198675623635,Kathriguppe,,Kathriguppe,,Bengaluru,Bengaluru West City Corporation,Bangalore South,Bengaluru Urban,,"Kathriguppe, Bengaluru West City Corporation, Bengaluru, Bangalore South, Bengaluru Urban, Karnataka, India"
8412_1440,12.940172475745598,77.55198675623635,Ashoka Nagara,,Ashoka Nagara,,Bengaluru,Bengaluru West City Corporation,Bangalore North,Bengaluru Urban,560050,"Ashoka Nagara, Bengaluru West City Corporation, Bengaluru, Bangalore North, Bengaluru Urban, Karnataka, 560050, India"
8412_1441,12.94915558749551,77.55198675623635,Srinagar,,Srinagar,,Bengaluru,Bengaluru West City Corporation,Bangalore South,Bengaluru Urban,,"Srinagar, Bengaluru West City Corporation, Bengaluru, Bangalore South, Bengaluru Urban, Karnataka, India"
8412_1442,12.95813869924542,77.55198675623635,JJR Nagara,,JJR Nagara,,Bengaluru,Bengaluru Central City Corporation,Bangalore North,Bengaluru Urban,,"JJR Nagara, Bengaluru Central City Corporation, Bengaluru, Bangalore North, Bengaluru Urban, Karnataka, India"
8412_1443,12.967121810995328,77.55198675623635,Padarayanapura,,Padarayanapura,,Bengaluru,Bengaluru Central City Corporation,Bangalore North,Bengaluru Urban,,"Padarayanapura, Bengaluru Central City Corporation, Bengaluru, Bangalore North, Bengaluru Urban, Karnataka, India"
8412_1444,12.97610492274524,77.55198675623635,Dr Rajkumar Ward,,Dr Rajkumar Ward,,Bengaluru,Bengaluru West City Corporation,Bangalore North,Bengaluru Urban,,"Dr Rajkumar Ward, Bengaluru West City Corporation, Bengaluru, Bangalore North, Bengaluru Urban, Karnataka, India"
8412_1445,12.98508803449515,77.55198675623635,Rajajinagara,,Rajajinagara,,Bengaluru,Bengaluru West City Corporation,Bangalore North,Bengaluru Urban,560010,"Rajajinagara, Bengaluru West City Corporation, Bengaluru, Bangalore North, Bengaluru Urban, Karnataka, 560010, India"
8412_1446,12.99407114624506,77.55198675623635,Rajajinagara,,Rajajinagara,,Bengaluru,Bengaluru West City Corporation,Bangalore North,Bengaluru Urban,560010,"Rajajinagara, Bengaluru West City Corporation, Bengaluru, Bangalore North, Bengaluru Urban, Karnataka, 560010, India"
8412_1447,13.00305425799497,77.55198675623635,Kethamaranahalli,,Kethamaranahalli,,Bengaluru,Bengaluru West City Corporation,Bangalore North,Bengaluru Urban,,"Kethamaranahalli, Bengaluru West City Corporation, Bengaluru, Bangalore North, Bengaluru Urban, Karnataka, India"
8412_1448,13.01203736974488,77.55198675623635,Nalwadi Krishnaraja Wadiyar Ward,,Nalwadi Krishnaraja Wadiyar Ward,,Bengaluru,Bengaluru West City Corporation,Bangalore North,Bengaluru Urban,,"Nalwadi Krishnaraja Wadiyar Ward, Bengaluru West City Corporation, Bengaluru, Bangalore North, Bengaluru Urban, Karnataka, India"
8412_1449,13.021020481494787,77.55198675623635,Nalwadi Krishnaraja Wadiyar Ward,,Nalwadi Krishnaraja Wadiyar Ward,,Bengaluru,Bengaluru West City Corporation,Bangalore North,Bengaluru Urban,,"Nalwadi Krishnaraja Wadiyar Ward, Bengaluru West City Corporation, Bengaluru, Bangalore North, Bengaluru Urban, Karnataka, India"
8412_1450,13.0300035932447,77.55198675623635,J.P PARK,,J.P PARK,,Bengaluru,Bengaluru North City Corporation,Bangalore North,Bengaluru Urban,,"J.P PARK, Bengaluru North City Corporation, Bengaluru, Bangalore North, Bengaluru Urban, Karnataka, India"
8412_1451,13.03898670499461,77.55198675623635,HMT Ward,,HMT Ward,,Bengaluru,Bengaluru North City Corporation,Yelahanka taluku,Bengaluru Urban,560013,"HMT Ward, Bengaluru North City Corporation, Bengaluru, Yelahanka taluku, Bengaluru Urban, Karnataka, 560013, India"
8412_1452,13.04796981674452,77.55198675623635,HMT Ward,,HMT Ward,,Bengaluru,Bengaluru North City Corporation,Yelahanka taluku,Bengaluru Urban,560013,"HMT Ward, Bengaluru North City Corporation, Bengaluru, Yelahanka taluku, Bengaluru Urban, Karnataka, 560013, India"
8412_1453,13.05695292849443,77.55198675623635,Doddabommasandra,,Doddabommasandra,,Bengaluru,Bengaluru North City Corporation,Yelahanka taluku,Bengaluru Urban,,"Doddabommasandra, Bengaluru North City Corporation, Bengaluru, Yelahanka taluku, Bengaluru Urban, Karnataka, India"
8412_1454,13.06593604024434,77.55198675623635,Kuvempunagara,,Kuvempunagara,,Bengaluru,Bengaluru North City Corporation,Yelahanka taluku,Bengaluru Urban,560014,"Kuvempunagara, Bengaluru North City Corporation, Bengaluru, Yelahanka taluku, Bengaluru Urban, Karnataka, 560014, India"
8412_1455,13.074919151994251,77.55198675623635,Kuvempunagara,,Kuvempunagara,,Bengaluru,Bengaluru North City Corporation,Yelahanka taluku,Bengaluru Urban,560014,"Kuvempunagara, Bengaluru North City Corporation, Bengaluru, Yelahanka taluku, Bengaluru Urban, Karnataka, 560014, India"
8412_1456,13.08390226374416,77.55198675623635,Singapura,,Singapura,,Bengaluru,Bengaluru North City Corporation,Yelahanka taluku,Bengaluru Urban,560097,"Singapura, Bengaluru North City Corporation, Bengaluru, Yelahanka taluku, Bengaluru Urban, Karnataka, 560097, India"
8412_1457,13.09288537549407,77.55198675623635,Attur,,Attur,,Bengaluru,Bengaluru North City Corporation,Yelahanka taluku,Bengaluru Urban,,"Attur, Bengaluru North City Corporation, Bengaluru, Yelahanka taluku, Bengaluru Urban, Karnataka, India"
8412_1458,13.101868487243982,77.55198675623635,Dr. Shivaram Karanth Layout,,Dr. Shivaram Karanth Layout,,Bengaluru,Bengaluru North City Corporation,Yelahanka taluku,Bengaluru Urban,,"Sector 3, Dr. Shivaram Karanth Layout, Bengaluru North City Corporation, Bengaluru, Yelahanka taluku, Bengaluru Urban, Karnataka, India"
8412_1459,13.110851598993891,77.55198675623635,Dr. Shivaram Karanth Layout,,Dr. Shivaram Karanth Layout,,,Kempanahalli,Yelahanka taluku,Bengaluru Urban,,"Sector 2, Dr. Shivaram Karanth Layout, Kempanahalli, Yelahanka taluku, Bengaluru Urban, Karnataka, India"
8412_1460,13.119834710743802,77.55198675623635,Dr. Shivaram Karanth Layout,,Dr. Shivaram Karanth Layout,,,Ramagondanahalli,Yelahanka taluku,Bengaluru Urban,,"Sector 1, Dr. Shivaram Karanth Layout, Ramagondanahalli, Avalahalli, Yelahanka taluku, Bengaluru Urban, Karnataka, India"
8412_1461,13.128817822493712,77.55198675623635,Jarakabandekaval,,,,,Jarakabandekaval,Yelahanka taluku,Bengaluru Urban,,"Jarakabandekaval, Yelahanka taluku, Bengaluru Urban, Karnataka, India"
8412_1462,13.13780093424362,77.55198675623635,Avalahalli,,,,,,Yelahanka taluku,Bengaluru Urban,560064,"Avalahalli, Yelahanka taluku, Bengaluru Urban, Karnataka, 560064, India"
8412_1463,13.146784045993533,77.55198675623635,Singanayakanahalli,,,,,,Yelahanka taluku,Bengaluru Urban,560064,"Singanayakanahalli, Yelahanka taluku, Bengaluru Urban, Karnataka, 560064, India"
8413_1424,12.796442687747035,77.56120541736635,Bannerughatta Shankarikavalu,,,,,Bannerughatta Shankarikavalu,Anekal,Bengaluru Urban,,"Bannerughatta Shankarikavalu, Anekal, Bengaluru Urban, Karnataka, India"
8413_1425,12.805425799496946,77.56120541736635,Byatarayanadoddi,,,,,,Anekal,Bengaluru Urban,560083,"Byatarayanadoddi, Anekal, Bengaluru Urban, Karnataka, 560083, India"
8413_1426,12.814408911246856,77.56120541736635,Shanubhoganahalli,,,,,,Anekal,Bengaluru Urban,560083,"Shanubhoganahalli, Anekal, Bengaluru Urban, Karnataka, 560083, India"
8413_1427,12.823392022996766,77.56120541736635,Shanubhoganahalli,,,,,,Anekal,Bengaluru Urban,560083,"Shanubhoganahalli, Anekal, Bengaluru Urban, Karnataka, 560083, India"
8413_1428,12.832375134746677,77.56120541736635,Kannaiakana Agrahara,,,,,Kannaiakana Agrahara,Anekal,Bengaluru Urban,,"Kannaiakana Agrahara, Anekal, Bengaluru Urban, Karnataka, India"
8413_1429,12.841358246496586,77.56120541736635,Anjanapura,,Anjanapura,,Bengaluru,Bengaluru South City Corporation,Bangalore South,Bengaluru Urban,560108,"Anjanapura, Bengaluru South City Corporation, Bengaluru, Bangalore South, Bengaluru Urban, Karnataka, 560108, India"
8413_1430,12.850341358246496,77.56120541736635,Anjanapura,,Anjanapura,,Bengaluru,Bengaluru South City Corporation,Bangalore South,Bengaluru Urban,560108,"Anjanapura, Bengaluru South City Corporation, Bengaluru, Bangalore South, Bengaluru Urban, Karnataka, 560108, India"
8413_1431,12.859324469996409,77.56120541736635,Anjanapura,,Anjanapura,,Bengaluru,Bengaluru South City Corporation,Bangalore South,Bengaluru Urban,560108,"Anjanapura, Bengaluru South City Corporation, Bengaluru, Bangalore South, Bengaluru Urban, Karnataka, 560108, India"
8413_1432,12.868307581746317,77.56120541736635,Anjanapura,,Anjanapura,,Bengaluru,Bengaluru South City Corporation,Bangalore South,Bengaluru Urban,560108,"Anjanapura, Bengaluru South City Corporation, Bengaluru, Bangalore South, Bengaluru Urban, Karnataka, 560108, India"
8413_1433,12.877290693496228,77.56120541736635,Anjanapura,,Anjanapura,,Bengaluru,Bengaluru South City Corporation,Bangalore South,Bengaluru Urban,560108,"Anjanapura, Bengaluru South City Corporation, Bengaluru, Bangalore South, Bengaluru Urban, Karnataka, 560108, India"
8413_1434,12.886273805246136,77.56120541736635,Anjanapura,,Anjanapura,,Bengaluru,Bengaluru South City Corporation,Bangalore South,Bengaluru Urban,560108,"Anjanapura, Bengaluru South City Corporation, Bengaluru, Bangalore South, Bengaluru Urban, Karnataka, 560108, India"
8413_1435,12.895256916996049,77.56120541736635,Vasanthapura,,Vasanthapura,,Bengaluru,Bengaluru South City Corporation,Bangalore South,Bengaluru Urban,,"Vasanthapura, Bengaluru South City Corporation, Bengaluru, Bangalore South, Bengaluru Urban, Karnataka, India"
8413_1436,12.904240028745958,77.56120541736635,Kane Muneshwara Ward,,Kane Muneshwara Ward,,Bengaluru,Bengaluru South City Corporation,Bangalore South,Bengaluru Urban,,"Kane Muneshwara Ward, Bengaluru South City Corporation, Bengaluru, Bangalore South, Bengaluru Urban, Karnataka, India"
8413_1437,12.913223140495868,77.56120541736635,Padmanabhanagara,,Padmanabhanagara,,Bengaluru,Bengaluru South City Corporation,Bangalore South,Bengaluru Urban,,"Padmanabhanagara, Bengaluru South City Corporation, Bengaluru, Bangalore South, Bengaluru Urban, Karnataka, India"
8413_1438,12.922206252245775,77.56120541736635,Ganesh Mandira Ward,,Ganesh Mandira Ward,,Bengaluru,Bengaluru West City Corporation,Bangalore South,Bengaluru Urban,560070,"Ganesh Mandira Ward, Bengaluru West City Corporation, Bengaluru, Bangalore South, Bengaluru Urban, Karnataka, 560070, India"
8413_1439,12.931189363995689,77.56120541736635,Thyagarajnagar,,Thyagarajnagar,,Bengaluru,Bengaluru West City Corporation,Bangalore South,Bengaluru Urban,,"Thyagarajnagar, Bengaluru West City Corporation, Bengaluru, Bangalore South, Bengaluru Urban, Karnataka, India"
8413_1440,12.940172475745598,77.56120541736635,Hanumanthanagar,,Hanumanthanagar,,Bengaluru,Bengaluru West City Corporation,Bangalore North,Bengaluru Urban,,"Hanumanthanagar, Bengaluru West City Corporation, Bengaluru, Bangalore North, Bengaluru Urban, Karnataka, India"
8413_1441,12.94915558749551,77.56120541736635,Kempambudhi Ward,,Kempambudhi Ward,,Bengaluru,Bengaluru West City Corporation,Bangalore North,Bengaluru Urban,560019,"Kempambudhi Ward, Bengaluru West City Corporation, Bengaluru, Bangalore North, Bengaluru Urban, Karnataka, 560019, India"
8413_1442,12.95813869924542,77.56120541736635,Chamarajpet,,Chamarajpet,,Bengaluru,Bengaluru Central City Corporation,Bangalore North,Bengaluru Urban,560018,"Chamarajpet, Bengaluru Central City Corporation, Bengaluru, Bangalore North, Bengaluru Urban, Karnataka, 560018, India"
8413_1443,12.967121810995328,77.56120541736635,Binnypete,,Binnypete,,Bengaluru,Bengaluru Central City Corporation,Bangalore North,Bengaluru Urban,,"Binnypete, Bengaluru Central City Corporation, Bengaluru, Bangalore North, Bengaluru Urban, Karnataka, India"
8413_1444,12.97610492274524,77.56120541736635,Gopalpura,,Gopalpura,,Bengaluru,Bengaluru Central City Corporation,Bangalore North,Bengaluru Urban,,"Gopalpura, Bengaluru Central City Corporation, Bengaluru, Bangalore North, Bengaluru Urban, Karnataka, India"
8413_1445,12.98508803449515,77.56120541736635,Okalipuram,,Okalipuram,,Bengaluru,Bengaluru Central City Corporation,Bangalore North,Bengaluru Urban,,"Okalipuram, Bengaluru Central City Corporation, Bengaluru, Bangalore North, Bengaluru Urban, Karnataka, India"
8413_1446,12.99407114624506,77.56120541736635,Kuvempu Ward,,Kuvempu Ward,,Bengaluru,Bengaluru West City Corporation,Bangalore North,Bengaluru Urban,,"Kuvempu Ward, Bengaluru West City Corporation, Bengaluru, Bangalore North, Bengaluru Urban, Karnataka, India"
8413_1447,13.00305425799497,77.56120541736635,Kuvempu Ward,,Kuvempu Ward,,Bengaluru,Bengaluru West City Corporation,Bangalore North,Bengaluru Urban,,"Kuvempu Ward, Bengaluru West City Corporation, Bengaluru, Bangalore North, Bengaluru Urban, Karnataka, India"
8413_1448,13.01203736974488,77.56120541736635,Malleshwaram,,Malleshwaram,,Bengaluru,Bengaluru West City Corporation,Bangalore North,Bengaluru Urban,,"Malleshwaram, Bengaluru West City Corporation, Bengaluru, Bangalore North, Bengaluru Urban, Karnataka, India"
8413_1449,13.021020481494787,77.56120541736635,Subedarpalya,,Subedarpalya,,Bengaluru,Bengaluru West City Corporation,Bangalore North,Bengaluru Urban,,"Subedarpalya, Bengaluru West City Corporation, Bengaluru, Bangalore North, Bengaluru Urban, Karnataka, India"
8413_1450,13.0300035932447,77.56120541736635,Mathikere,,Mathikere,,Bengaluru,Bengaluru West City Corporation,Bangalore North,Bengaluru Urban,,"Mathikere, Bengaluru West City Corporation, Bengaluru, Bangalore North, Bengaluru Urban, Karnataka, India"
8413_1451,13.03898670499461,77.56120541736635,Mathikere,,Mathikere,,Bengaluru,Bengaluru West City Corporation,Bangalore North,Bengaluru Urban,,"Mathikere, Bengaluru West City Corporation, Bengaluru, Bangalore North, Bengaluru Urban, Karnataka, India"
8413_1452,13.04796981674452,77.56120541736635,Doddabommasandra,,Doddabommasandra,,Bengaluru,Bengaluru North City Corporation,Yelahanka taluku,Bengaluru Urban,,"Doddabommasandra, Bengaluru North City Corporation, Bengaluru, Yelahanka taluku, Bengaluru Urban, Karnataka, India"
8413_1453,13.05695292849443,77.56120541736635,Doddabommasandra,,Doddabommasandra,,Bengaluru,Bengaluru North City Corporation,Yelahanka taluku,Bengaluru Urban,,"Doddabommasandra, Bengaluru North City Corporation, Bengaluru, Yelahanka taluku, Bengaluru Urban, Karnataka, India"
8413_1454,13.06593604024434,77.56120541736635,Doddabommasandra,,Doddabommasandra,,Bengaluru,Bengaluru North City Corporation,Yelahanka taluku,Bengaluru Urban,,"Doddabommasandra, Bengaluru North City Corporation, Bengaluru, Yelahanka taluku, Bengaluru Urban, Karnataka, India"
8413_1455,13.074919151994251,77.56120541736635,Vidyaranyapura,,Vidyaranyapura,,Bengaluru,Bengaluru North City Corporation,Yelahanka taluku,Bengaluru Urban,,"Vidyaranyapura, Bengaluru North City Corporation, Bengaluru, Yelahanka taluku, Bengaluru Urban, Karnataka, India"
8413_1456,13.08390226374416,77.56120541736635,Vidyaranyapura,,Vidyaranyapura,,Bengaluru,Bengaluru North City Corporation,Yelahanka taluku,Bengaluru Urban,,"Vidyaranyapura, Bengaluru North City Corporation, Bengaluru, Yelahanka taluku, Bengaluru Urban, Karnataka, India"
8413_1457,13.09288537549407,77.56120541736635,Thindlu,,Thindlu,,Bengaluru,Bengaluru North City Corporation,Yelahanka taluku,Bengaluru Urban,560065,"Thindlu, Bengaluru North City Corporation, Bengaluru, Yelahanka taluku, Bengaluru Urban, Karnataka, 560065, India"
8413_1458,13.101868487243982,77.56120541736635,Doddabettahalli,,Doddabettahalli,,Bengaluru,Bengaluru North City Corporation,Yelahanka taluku,Bengaluru Urban,,"Doddabettahalli, Bengaluru North City Corporation, Bengaluru, Yelahanka taluku, Bengaluru Urban, Karnataka, India"
8413_1459,13.110851598993891,77.56120541736635,Doddabettahalli,,Doddabettahalli,,Bengaluru,Bengaluru North City Corporation,Yelahanka taluku,Bengaluru Urban,,"Doddabettahalli, Bengaluru North City Corporation, Bengaluru, Yelahanka taluku, Bengaluru Urban, Karnataka, India"
8413_1460,13.119834710743802,77.56120541736635,Dr. Shivaram Karanth Layout,,Dr. Shivaram Karanth Layout,,,Ramagondanahalli,Yelahanka taluku,Bengaluru Urban,,"Sector 1, Dr. Shivaram Karanth Layout, Ramagondanahalli, Avalahalli, Yelahanka taluku, Bengaluru Urban, Karnataka, India"
8413_1461,13.128817822493712,77.56120541736635,Dr. Shivaram Karanth Layout,,Dr. Shivaram Karanth Layout,,,Ramagondanahalli,Yelahanka taluku,Bengaluru Urban,,"Sector 1, Dr. Shivaram Karanth Layout, Ramagondanahalli, Avalahalli, Yelahanka taluku, Bengaluru Urban, Karnataka, India"
8413_1462,13.13780093424362,77.56120541736635,Avalahalli,,,,,,Yelahanka taluku,Bengaluru Urban,560064,"Avalahalli, Yelahanka taluku, Bengaluru Urban, Karnataka, 560064, India"
8413_1463,13.146784045993533,77.56120541736635,Singanayakanahalli,,,,,,Yelahanka taluku,Bengaluru Urban,560064,"Singanayakanahalli, Yelahanka taluku, Bengaluru Urban, Karnataka, 560064, India"
8414_1424,12.796442687747035,77.57042407849637,Bannerughatta Shankarikavalu,,,,,Bannerughatta Shankarikavalu,Anekal,Bengaluru Urban,,"Bannerughatta Shankarikavalu, Anekal, Bengaluru Urban, Karnataka, India"
8414_1425,12.805425799496946,77.57042407849637,Bannerughatta,,,,,,Anekal,Bengaluru Urban,560083,"Bannerughatta, Anekal, Bengaluru Urban, Karnataka, 560083, India"
8414_1426,12.814408911246856,77.57042407849637,Bannerughatta,,,,,,Anekal,Bengaluru Urban,560083,"Bannerughatta, Anekal, Bengaluru Urban, Karnataka, 560083, India"
8414_1427,12.823392022996766,77.57042407849637,Shanubhoganahalli,,,,,,Anekal,Bengaluru Urban,560083,"Shanubhoganahalli, Anekal, Bengaluru Urban, Karnataka, 560083, India"
8414_1428,12.832375134746677,77.57042407849637,Shanubhoganahalli,,,,,,Anekal,Bengaluru Urban,560083,"Shanubhoganahalli, Anekal, Bengaluru Urban, Karnataka, 560083, India"
8414_1429,12.841358246496586,77.57042407849637,Anjanapura,,Anjanapura,,Bengaluru,Bengaluru South City Corporation,Bangalore South,Bengaluru Urban,560108,"Anjanapura, Bengaluru South City Corporation, Bengaluru, Bangalore South, Bengaluru Urban, Karnataka, 560108, India"
8414_1430,12.850341358246496,77.57042407849637,Anjanapura,,Anjanapura,,Bengaluru,Bengaluru South City Corporation,Bangalore South,Bengaluru Urban,560108,"Anjanapura, Bengaluru South City Corporation, Bengaluru, Bangalore South, Bengaluru Urban, Karnataka, 560108, India"
8414_1431,12.859324469996409,77.57042407849637,Anjanapura,,Anjanapura,,Bengaluru,Bengaluru South City Corporation,Bangalore South,Bengaluru Urban,560108,"Anjanapura, Bengaluru South City Corporation, Bengaluru, Bangalore South, Bengaluru Urban, Karnataka, 560108, India"
8414_1432,12.868307581746317,77.57042407849637,Harinagar,,Harinagar,,Bengaluru,Bengaluru South City Corporation,Bangalore South,Bengaluru Urban,,"Harinagar, Bengaluru South City Corporation, Bengaluru, Bangalore South, Bengaluru Urban, Karnataka, India"
8414_1433,12.877290693496228,77.57042407849637,Harinagar,,Harinagar,,Bengaluru,Bengaluru South City Corporation,Bangalore South,Bengaluru Urban,,"Harinagar, Bengaluru South City Corporation, Bengaluru, Bangalore South, Bengaluru Urban, Karnataka, India"
8414_1434,12.886273805246136,77.57042407849637,Bheereshwara Nagar,,Bheereshwara Nagar,,Bengaluru,Bengaluru South City Corporation,Bangalore South,Bengaluru Urban,,"Bheereshwara Nagar, Bengaluru South City Corporation, Bengaluru, Bangalore South, Bengaluru Urban, Karnataka, India"
8414_1435,12.895256916996049,77.57042407849637,Jaraganahalli,,Jaraganahalli,,Bengaluru,Bengaluru South City Corporation,Bangalore South,Bengaluru Urban,560078,"Jaraganahalli, Bengaluru South City Corporation, Bengaluru, Bangalore South, Bengaluru Urban, Karnataka, 560078, India"
8414_1436,12.904240028745958,77.57042407849637,Yelachenahalli,,Yelachenahalli,,Bengaluru,Bengaluru South City Corporation,Bangalore South,Bengaluru Urban,,"Yelachenahalli, Bengaluru South City Corporation, Bengaluru, Bangalore South, Bengaluru Urban, Karnataka, India"
8414_1437,12.913223140495868,77.57042407849637,Banashankari Temple Ward,,Banashankari Temple Ward,,Bengaluru,Bengaluru South City Corporation,Bangalore South,Bengaluru Urban,,"Banashankari Temple Ward, Bengaluru South City Corporation, Bengaluru, Bangalore South, Bengaluru Urban, Karnataka, India"
8414_1438,12.922206252245775,77.57042407849637,Dharmagiri Ward,,Dharmagiri Ward,,Bengaluru,Bengaluru West City Corporation,Bangalore South,Bengaluru Urban,,"Dharmagiri Ward, Bengaluru West City Corporation, Bengaluru, Bangalore South, Bengaluru Urban, Karnataka, India"
8414_1439,12.931189363995689,77.57042407849637,Devagiri Temple Ward,,Devagiri Temple Ward,,Bengaluru,Bengaluru West City Corporation,Bangalore South,Bengaluru Urban,,"Devagiri Temple Ward, Bengaluru West City Corporation, Bengaluru, Bangalore South, Bengaluru Urban, Karnataka, India"
8414_1440,12.940172475745598,77.57042407849637,N.R Colony,,N.R Colony,,Bengaluru,Bengaluru West City Corporation,Bangalore North,Bengaluru Urban,,"N.R Colony, Bengaluru West City Corporation, Bengaluru, Bangalore North, Bengaluru Urban, Karnataka, India"
8414_1441,12.94915558749551,77.57042407849637,Sunkenahalli,,Sunkenahalli,,Bengaluru,Bengaluru Central City Corporation,Bangalore North,Bengaluru Urban,,"Sunkenahalli, Bengaluru Central City Corporation, Bengaluru, Bangalore North, Bengaluru Urban, Karnataka, India"
8414_1442,12.95813869924542,77.57042407849637,Chamarajpet,,Chamarajpet,,Bengaluru,Bengaluru Central City Corporation,Bangalore North,Bengaluru Urban,560018,"Chamarajpet, Bengaluru Central City Corporation, Bengaluru, Bangalore North, Bengaluru Urban, Karnataka, 560018, India"
8414_1443,12.967121810995328,77.57042407849637,K.R Market,,K.R Market,,Bengaluru,Bengaluru Central City Corporation,Bangalore North,Bengaluru Urban,,"K.R Market, Bengaluru Central City Corporation, Bengaluru, Bangalore North, Bengaluru Urban, Karnataka, India"
8414_1444,12.97610492274524,77.57042407849637,Cottonpete,,Cottonpete,,Bengaluru,Bengaluru Central City Corporation,Bangalore North,Bengaluru Urban,560053,"Cottonpete, Bengaluru Central City Corporation, Bengaluru, Bangalore North, Bengaluru Urban, Karnataka, 560053, India"
8414_1445,12.98508803449515,77.57042407849637,Gopalpura,,Gopalpura,,Bengaluru,Bengaluru Central City Corporation,Bangalore North,Bengaluru Urban,,"Gopalpura, Bengaluru Central City Corporation, Bengaluru, Bangalore North, Bengaluru Urban, Karnataka, India"
8414_1446,12.99407114624506,77.57042407849637,Dattatreya Ward,,Dattatreya Ward,,Bengaluru,Bengaluru Central City Corporation,Bangalore North,Bengaluru Urban,,"Dattatreya Ward, Bengaluru Central City Corporation, Bengaluru, Bangalore North, Bengaluru Urban, Karnataka, India"
8414_1447,13.00305425799497,77.57042407849637,Malleshwaram,,Malleshwaram,,Bengaluru,Bengaluru West City Corporation,Bangalore North,Bengaluru Urban,,"Malleshwaram, Bengaluru West City Corporation, Bengaluru, Bangalore North, Bengaluru Urban, Karnataka, India"
8414_1448,13.01203736974488,77.57042407849637,Sadashiva Nagara,,Sadashiva Nagara,,Bengaluru,Bengaluru West City Corporation,Bangalore North,Bengaluru Urban,,"Sadashiva Nagara, Bengaluru West City Corporation, Bengaluru, Bangalore North, Bengaluru Urban, Karnataka, India"
8414_1449,13.021020481494787,77.57042407849637,Sadashiva Nagara,,Sadashiva Nagara,,Bengaluru,Bengaluru West City Corporation,Bangalore North,Bengaluru Urban,,"Sadashiva Nagara, Bengaluru West City Corporation, Bengaluru, Bangalore North, Bengaluru Urban, Karnataka, India"
8414_1450,13.0300035932447,77.57042407849637,Aramane Nagara,,Aramane Nagara,,Bengaluru,Bengaluru West City Corporation,Bangalore North,Bengaluru Urban,,"Aramane Nagara, Bengaluru West City Corporation, Bengaluru, Bangalore North, Bengaluru Urban, Karnataka, India"
8414_1451,13.03898670499461,77.57042407849637,Nagashettyhalli,,Nagashettyhalli,,Bengaluru,Bengaluru North City Corporation,Bangalore North,Bengaluru Urban,560094,"Nagashettyhalli, Bengaluru North City Corporation, Bengaluru, Bangalore North, Bengaluru Urban, Karnataka, 560094, India"
8414_1452,13.04796981674452,77.57042407849637,Kodigehalli,,Kodigehalli,,Bengaluru,Bengaluru North City Corporation,Yelahanka taluku,Bengaluru Urban,,"Kodigehalli, Bengaluru North City Corporation, Bengaluru, Yelahanka taluku, Bengaluru Urban, Karnataka, India"
8414_1453,13.05695292849443,77.57042407849637,Doddabommasandra,,Doddabommasandra,,Bengaluru,Bengaluru North City Corporation,Yelahanka taluku,Bengaluru Urban,,"Doddabommasandra, Bengaluru North City Corporation, Bengaluru, Yelahanka taluku, Bengaluru Urban, Karnataka, India"
8414_1454,13.06593604024434,77.57042407849637,Thindlu,,Thindlu,,Bengaluru,Bengaluru North City Corporation,Yelahanka taluku,Bengaluru Urban,560065,"Thindlu, Bengaluru North City Corporation, Bengaluru, Yelahanka taluku, Bengaluru Urban, Karnataka, 560065, India"
8414_1455,13.074919151994251,77.57042407849637,Thindlu,,Thindlu,,Bengaluru,Bengaluru North City Corporation,Yelahanka taluku,Bengaluru Urban,560065,"Thindlu, Bengaluru North City Corporation, Bengaluru, Yelahanka taluku, Bengaluru Urban, Karnataka, 560065, India"
8414_1456,13.08390226374416,77.57042407849637,Thindlu,,Thindlu,,Bengaluru,Bengaluru North City Corporation,Yelahanka taluku,Bengaluru Urban,560065,"Thindlu, Bengaluru North City Corporation, Bengaluru, Yelahanka taluku, Bengaluru Urban, Karnataka, 560065, India"
8414_1457,13.09288537549407,77.57042407849637,Yelahanka Satellite Town,,Yelahanka Satellite Town,,Bengaluru,Bengaluru North City Corporation,Yelahanka taluku,Bengaluru Urban,,"Yelahanka Satellite Town, Bengaluru North City Corporation, Bengaluru, Yelahanka taluku, Bengaluru Urban, Karnataka, India"
8414_1458,13.101868487243982,77.57042407849637,Doddabettahalli,,Doddabettahalli,,Bengaluru,Bengaluru North City Corporation,Yelahanka taluku,Bengaluru Urban,,"Doddabettahalli, Bengaluru North City Corporation, Bengaluru, Yelahanka taluku, Bengaluru Urban, Karnataka, India"
8414_1459,13.110851598993891,77.57042407849637,Doddabettahalli,,Doddabettahalli,,Bengaluru,Bengaluru North City Corporation,Yelahanka taluku,Bengaluru Urban,,"Doddabettahalli, Bengaluru North City Corporation, Bengaluru, Yelahanka taluku, Bengaluru Urban, Karnataka, India"
8414_1460,13.119834710743802,77.57042407849637,Raja Kempegowda Ward,,Raja Kempegowda Ward,,Bengaluru,Bengaluru North City Corporation,Yelahanka taluku,Bengaluru Urban,,"Raja Kempegowda Ward, Bengaluru North City Corporation, Bengaluru, Yelahanka taluku, Bengaluru Urban, Karnataka, India"
8414_1461,13.128817822493712,77.57042407849637,Raja Kempegowda Ward,,Raja Kempegowda Ward,,Bengaluru,Bengaluru North City Corporation,Yelahanka taluku,Bengaluru Urban,,"Raja Kempegowda Ward, Bengaluru North City Corporation, Bengaluru, Yelahanka taluku, Bengaluru Urban, Karnataka, India"
8414_1462,13.13780093424362,77.57042407849637,Avalahalli,,,,,,Yelahanka taluku,Bengaluru Urban,560064,"Avalahalli, Yelahanka taluku, Bengaluru Urban, Karnataka, 560064, India"
8414_1463,13.146784045993533,77.57042407849637,Singanayakanahalli,,,,,,Yelahanka taluku,Bengaluru Urban,560064,"Singanayakanahalli, Yelahanka taluku, Bengaluru Urban, Karnataka, 560064, India"
8415_1424,12.796442687747035,77.57964273962638,Byrappanahalli,,,,,Byrappanahalli,Anekal,Bengaluru Urban,,"Byrappanahalli, Anekal, Bengaluru Urban, Karnataka, India"
8415_1425,12.805425799496946,77.57964273962638,Bannerughatta,,,,,,Anekal,Bengaluru Urban,560083,"Bannerughatta, Anekal, Bengaluru Urban, Karnataka, 560083, India"
8415_1426,12.814408911246856,77.57964273962638,Bannerughatta,,,,,,Anekal,Bengaluru Urban,560083,"Bannerughatta, Anekal, Bengaluru Urban, Karnataka, 560083, India"
8415_1427,12.823392022996766,77.57964273962638,Bannerughatta,,,,,,Anekal,Bengaluru Urban,560083,"Bannerughatta, Anekal, Bengaluru Urban, Karnataka, 560083, India"
8415_1428,12.832375134746677,77.57964273962638,Bannerughatta,,,,,,Anekal,Bengaluru Urban,560083,"Bannerughatta, Anekal, Bengaluru Urban, Karnataka, 560083, India"
8415_1429,12.841358246496586,77.57964273962638,Gottigere,,Gottigere,,Bengaluru,Bengaluru South City Corporation,Bangalore South,Bengaluru Urban,,"Gottigere, Bengaluru South City Corporation, Bengaluru, Bangalore South, Bengaluru Urban, Karnataka, India"
8415_1430,12.850341358246496,77.57964273962638,Gottigere,,Gottigere,,Bengaluru,Bengaluru South City Corporation,Bangalore South,Bengaluru Urban,,"Gottigere, Bengaluru South City Corporation, Bengaluru, Bangalore South, Bengaluru Urban, Karnataka, India"
8415_1431,12.859324469996409,77.57964273962638,Kothanur,,Kothanur,,Bengaluru,Bengaluru South City Corporation,Bangalore South,Bengaluru Urban,,"Kothanur, Bengaluru South City Corporation, Bengaluru, Bangalore South, Bengaluru Urban, Karnataka, India"
8415_1432,12.868307581746317,77.57964273962638,Kothanur,,Kothanur,,Bengaluru,Bengaluru South City Corporation,Bangalore South,Bengaluru Urban,,"Kothanur, Bengaluru South City Corporation, Bengaluru, Bangalore South, Bengaluru Urban, Karnataka, India"
8415_1433,12.877290693496228,77.57964273962638,Kothanur,,Kothanur,,Bengaluru,Bengaluru South City Corporation,Bangalore South,Bengaluru Urban,,"Kothanur, Bengaluru South City Corporation, Bengaluru, Bangalore South, Bengaluru Urban, Karnataka, India"
8415_1434,12.886273805246136,77.57964273962638,RBI Layout,,RBI Layout,,Bengaluru,Bengaluru South City Corporation,Bangalore South,Bengaluru Urban,,"RBI Layout, Bengaluru South City Corporation, Bengaluru, Bangalore South, Bengaluru Urban, Karnataka, India"
8415_1435,12.895256916996049,77.57964273962638,RBI Layout,,RBI Layout,,Bengaluru,Bengaluru South City Corporation,Bangalore South,Bengaluru Urban,,"RBI Layout, Bengaluru South City Corporation, Bengaluru, Bangalore South, Bengaluru Urban, Karnataka, India"
8415_1436,12.904240028745958,77.57964273962638,Kengal Hanumanthaiah South,,Kengal Hanumanthaiah South,,Bengaluru,Bengaluru South City Corporation,Bangalore South,Bengaluru Urban,,"Kengal Hanumanthaiah South, Bengaluru South City Corporation, Bengaluru, Bangalore South, Bengaluru Urban, Karnataka, India"
8415_1437,12.913223140495868,77.57964273962638,Shakambarinagara,,Shakambarinagara,,Bengaluru,Bengaluru South City Corporation,Bangalore South,Bengaluru Urban,,"Shakambarinagara, Bengaluru South City Corporation, Bengaluru, Bangalore South, Bengaluru Urban, Karnataka, India"
8415_1438,12.922206252245775,77.57964273962638,Devagiri Temple Ward,,Devagiri Temple Ward,,Bengaluru,Bengaluru West City Corporation,Bangalore South,Bengaluru Urban,,"Jayanagar 7th Block, Devagiri Temple Ward, Bengaluru West City Corporation, Bengaluru, Bangalore South, Bengaluru Urban, Karnataka, India"
8415_1439,12.931189363995689,77.57964273962638,Byrasandra,,Byrasandra,,Bengaluru,Bengaluru South City Corporation,Bangalore South,Bengaluru Urban,,"Byrasandra, Bengaluru South City Corporation, Bengaluru, Bangalore South, Bengaluru Urban, Karnataka, India"
8415_1440,12.940172475745598,77.57964273962638,Sunkenahalli,,Sunkenahalli,,Bengaluru,Bengaluru Central City Corporation,Bangalore North,Bengaluru Urban,,"Sunkenahalli, Bengaluru Central City Corporation, Bengaluru, Bangalore North, Bengaluru Urban, Karnataka, India"
8415_1441,12.94915558749551,77.57964273962638,V.V Puram,,V.V Puram,,Bengaluru,Bengaluru Central City Corporation,Bangalore North,Bengaluru Urban,560004,"V.V Puram, Bengaluru Central City Corporation, Bengaluru, Bangalore North, Bengaluru Urban, Karnataka, 560004, India"
8415_1442,12.95813869924542,77.57964273962638,D.V Gundappa Ward,,D.V Gundappa Ward,,Bengaluru,Bengaluru Central City Corporation,Bangalore North,Bengaluru Urban,,"D.V Gundappa Ward, Bengaluru Central City Corporation, Bengaluru, Bangalore North, Bengaluru Urban, Karnataka, India"
8415_1443,12.967121810995328,77.57964273962638,Dharmaraya Swamy Temple Ward,,Dharmaraya Swamy Temple Ward,,Bengaluru,Bengaluru Central City Corporation,Bangalore North,Bengaluru Urban,,"Dharmaraya Swamy Temple Ward, Bengaluru Central City Corporation, Bengaluru, Bangalore North, Bengaluru Urban, Karnataka, India"
8415_1444,12.97610492274524,77.57964273962638,Nehru Nagar,,Nehru Nagar,,Bengaluru,Bengaluru Central City Corporation,Bangalore North,Bengaluru Urban,,"Nehru Nagar, Bengaluru Central City Corporation, Bengaluru, Bangalore North, Bengaluru Urban, Karnataka, India"
8415_1445,12.98508803449515,77.57964273962638,Sampangirama Nagar,,Sampangirama Nagar,,Bengaluru,Bengaluru Central City Corporation,Bangalore North,Bengaluru Urban,560001,"Sampangirama Nagar, Bengaluru Central City Corporation, Bengaluru, Bangalore North, Bengaluru Urban, Karnataka, 560001, India"
8415_1446,12.99407114624506,77.57964273962638,Sampangirama Nagar,,Sampangirama Nagar,,Bengaluru,Bengaluru Central City Corporation,Bangalore North,Bengaluru Urban,560001,"Sampangirama Nagar, Bengaluru Central City Corporation, Bengaluru, Bangalore North, Bengaluru Urban, Karnataka, 560001, India"
8415_1447,13.00305425799497,77.57964273962638,Rajamahal,,Rajamahal,,Bengaluru,Bengaluru West City Corporation,Bangalore North,Bengaluru Urban,,"Rajamahal, Bengaluru West City Corporation, Bengaluru, Bangalore North, Bengaluru Urban, Karnataka, India"
8415_1448,13.01203736974488,77.57964273962638,Sadashiva Nagara,,Sadashiva Nagara,,Bengaluru,Bengaluru West City Corporation,Bangalore North,Bengaluru Urban,,"Sadashiva Nagara, Bengaluru West City Corporation, Bengaluru, Bangalore North, Bengaluru Urban, Karnataka, India"
8415_1449,13.021020481494787,77.57964273962638,Sadashiva Nagara,,Sadashiva Nagara,,Bengaluru,Bengaluru West City Corporation,Bangalore North,Bengaluru Urban,,"Sadashiva Nagara, Bengaluru West City Corporation, Bengaluru, Bangalore North, Bengaluru Urban, Karnataka, India"
8415_1450,13.0300035932447,77.57964273962638,Bhoopasandra,,Bhoopasandra,,Bengaluru,Bengaluru North City Corporation,Bangalore North,Bengaluru Urban,,"Bhoopasandra, Bengaluru North City Corporation, Bengaluru, Bangalore North, Bengaluru Urban, Karnataka, India"
8415_1451,13.03898670499461,77.57964273962638,Bhoopasandra,,Bhoopasandra,,Bengaluru,Bengaluru North City Corporation,Bangalore North,Bengaluru Urban,,"Bhoopasandra, Bengaluru North City Corporation, Bengaluru, Bangalore North, Bengaluru Urban, Karnataka, India"
8415_1452,13.04796981674452,77.57964273962638,Rajiv Gandhi Nagar,,Rajiv Gandhi Nagar,,Bengaluru,Bengaluru North City Corporation,Yelahanka taluku,Bengaluru Urban,,"Rajiv Gandhi Nagar, Bengaluru North City Corporation, Bengaluru, Yelahanka taluku, Bengaluru Urban, Karnataka, India"
8415_1453,13.05695292849443,77.57964273962638,Rajiv Gandhi Nagar,,Rajiv Gandhi Nagar,,Bengaluru,Bengaluru North City Corporation,Yelahanka taluku,Bengaluru Urban,,"Rajiv Gandhi Nagar, Bengaluru North City Corporation, Bengaluru, Yelahanka taluku, Bengaluru Urban, Karnataka, India"
8415_1454,13.06593604024434,77.57964273962638,Thindlu,,Thindlu,,Bengaluru,Bengaluru North City Corporation,Yelahanka taluku,Bengaluru Urban,560065,"Thindlu, Bengaluru North City Corporation, Bengaluru, Yelahanka taluku, Bengaluru Urban, Karnataka, 560065, India"
8415_1455,13.074919151994251,77.57964273962638,Thindlu,,Thindlu,,Bengaluru,Bengaluru North City Corporation,Yelahanka taluku,Bengaluru Urban,560065,"Thindlu, Bengaluru North City Corporation, Bengaluru, Yelahanka taluku, Bengaluru Urban, Karnataka, 560065, India"
8415_1456,13.08390226374416,77.57964273962638,Thindlu,,Thindlu,,Bengaluru,Bengaluru North City Corporation,Yelahanka taluku,Bengaluru Urban,560065,"Thindlu, Bengaluru North City Corporation, Bengaluru, Yelahanka taluku, Bengaluru Urban, Karnataka, 560065, India"
8415_1457,13.09288537549407,77.57964273962638,Nyayanga Badavane,,Nyayanga Badavane,,Bengaluru,Bengaluru North City Corporation,Yelahanka taluku,Bengaluru Urban,,"Nyayanga Badavane, Bengaluru North City Corporation, Bengaluru, Yelahanka taluku, Bengaluru Urban, Karnataka, India"
8415_1458,13.101868487243982,77.57964273962638,Yelahanka Satellite Town,,Yelahanka Satellite Town,,Bengaluru,Bengaluru North City Corporation,Yelahanka taluku,Bengaluru Urban,,"Yelahanka Satellite Town, Bengaluru North City Corporation, Bengaluru, Yelahanka taluku, Bengaluru Urban, Karnataka, India"
8415_1459,13.110851598993891,77.57964273962638,Doddabettahalli,,Doddabettahalli,,Bengaluru,Bengaluru North City Corporation,Yelahanka taluku,Bengaluru Urban,,"Doddabettahalli, Bengaluru North City Corporation, Bengaluru, Yelahanka taluku, Bengaluru Urban, Karnataka, India"
8415_1460,13.119834710743802,77.57964273962638,Raja Kempegowda Ward,,Raja Kempegowda Ward,,Bengaluru,Bengaluru North City Corporation,Yelahanka taluku,Bengaluru Urban,,"Raja Kempegowda Ward, Bengaluru North City Corporation, Bengaluru, Yelahanka taluku, Bengaluru Urban, Karnataka, India"
8415_1461,13.128817822493712,77.57964273962638,Raja Kempegowda Ward,,Raja Kempegowda Ward,,Bengaluru,Bengaluru North City Corporation,Yelahanka taluku,Bengaluru Urban,,"Raja Kempegowda Ward, Bengaluru North City Corporation, Bengaluru, Yelahanka taluku, Bengaluru Urban, Karnataka, India"
8415_1462,13.13780093424362,77.57964273962638,Raja Kempegowda Ward,,Raja Kempegowda Ward,,Bengaluru,Bengaluru North City Corporation,Yelahanka taluku,Bengaluru Urban,,"Raja Kempegowda Ward, Bengaluru North City Corporation, Bengaluru, Yelahanka taluku, Bengaluru Urban, Karnataka, India"
8415_1463,13.146784045993533,77.57964273962638,Muddhanahalli,,,,,Muddhanahalli,Yelahanka taluku,Bengaluru Urban,,"Muddhanahalli, Yelahanka taluku, Bengaluru Urban, Karnataka, India"
8416_1424,12.796442687747035,77.5888614007564,Mantapa,,,,,Mantapa,Anekal,Bengaluru Urban,,"Mantapa, Anekal, Bengaluru Urban, Karnataka, India"
8416_1425,12.805425799496946,77.5888614007564,Bannerughatta,,,,,,Anekal,Bengaluru Urban,560083,"Bannerughatta, Anekal, Bengaluru Urban, Karnataka, 560083, India"
8416_1426,12.814408911246856,77.5888614007564,Bannerughatta,,,,,Halesampigenahalli,Anekal,Bengaluru Urban,560083,"Swayam Krishi, Halesampigenahalli, Bannerughatta, Anekal, Bengaluru Urban, Karnataka, 560083, India"
8416_1427,12.823392022996766,77.5888614007564,Gollahalli,,,,,Gollahalli,Anekal,Bengaluru Urban,,"Gollahalli, Anekal, Bengaluru Urban, Karnataka, India"
8416_1428,12.832375134746677,77.5888614007564,Kalkere,,,,,,Anekal,Bengaluru Urban,560083,"Kalkere, Anekal, Bengaluru Urban, Karnataka, 560083, India"
8416_1429,12.841358246496586,77.5888614007564,Doddakammanahalli,,Doddakammanahalli,,Bengaluru,Bengaluru South City Corporation,Bangalore South,Bengaluru Urban,,"Doddakammanahalli, Bengaluru South City Corporation, Bengaluru, Bangalore South, Bengaluru Urban, Karnataka, India"
8416_1430,12.850341358246496,77.5888614007564,Doddakammanahalli,,Doddakammanahalli,,Bengaluru,Bengaluru South City Corporation,Bangalore South,Bengaluru Urban,,"Doddakammanahalli, Bengaluru South City Corporation, Bengaluru, Bangalore South, Bengaluru Urban, Karnataka, India"
8416_1431,12.859324469996409,77.5888614007564,Yelenahalli,,Yelenahalli,,Bengaluru,Bengaluru South City Corporation,Bangalore South,Bengaluru Urban,,"Yelenahalli, Bengaluru South City Corporation, Bengaluru, Bangalore South, Bengaluru Urban, Karnataka, India"
8416_1432,12.868307581746317,77.5888614007564,Yelenahalli,,Yelenahalli,,Bengaluru,Bengaluru South City Corporation,Bangalore South,Bengaluru Urban,,"Yelenahalli, Bengaluru South City Corporation, Bengaluru, Bangalore South, Bengaluru Urban, Karnataka, India"
8416_1433,12.877290693496228,77.5888614007564,Kothanur,,Kothanur,,Bengaluru,Bengaluru South City Corporation,Bangalore South,Bengaluru Urban,,"Kothanur, Bengaluru South City Corporation, Bengaluru, Bangalore South, Bengaluru Urban, Karnataka, India"
8416_1434,12.886273805246136,77.5888614007564,RBI Layout,,RBI Layout,,Bengaluru,Bengaluru South City Corporation,Bangalore South,Bengaluru Urban,,"RBI Layout, Bengaluru South City Corporation, Bengaluru, Bangalore South, Bengaluru Urban, Karnataka, India"
8416_1435,12.895256916996049,77.5888614007564,Puttenahalli,,Puttenahalli,,Bengaluru,Bengaluru South City Corporation,Bangalore South,Bengaluru Urban,,"Puttenahalli, Bengaluru South City Corporation, Bengaluru, Bangalore South, Bengaluru Urban, Karnataka, India"
8416_1436,12.904240028745958,77.5888614007564,Doresanipalya,,Doresanipalya,,Bengaluru,Bengaluru South City Corporation,Bangalore South,Bengaluru Urban,,"Doresanipalya, Bengaluru South City Corporation, Bengaluru, Bangalore South, Bengaluru Urban, Karnataka, India"
8416_1437,12.913223140495868,77.5888614007564,JP Nagar,,JP Nagar,,Bengaluru,Bengaluru South City Corporation,Bangalore South,Bengaluru Urban,,"JP Nagar 2nd Phase, JP Nagar, Bengaluru South City Corporation, Bengaluru, Bangalore South, Bengaluru Urban, Karnataka, India"
8416_1438,12.922206252245775,77.5888614007564,Pattabhirama Nagara,,Pattabhirama Nagara,,Bengaluru,Bengaluru South City Corporation,Bangalore South,Bengaluru Urban,,"Pattabhirama Nagara, Bengaluru South City Corporation, Bengaluru, Bangalore South, Bengaluru Urban, Karnataka, India"
8416_1439,12.931189363995689,77.5888614007564,Byrasandra,,Byrasandra,,Bengaluru,Bengaluru South City Corporation,Bangalore South,Bengaluru Urban,,"Jayanagar 3 East Block, Byrasandra, Bengaluru South City Corporation, Bengaluru, Bangalore South, Bengaluru Urban, Karnataka, India"
8416_1440,12.940172475745598,77.5888614007564,Kanakanapalya,,Kanakanapalya,,Bengaluru,Bengaluru Central City Corporation,Bangalore North,Bengaluru Urban,560069,"Kanakanapalya, Bengaluru Central City Corporation, Bengaluru, Bangalore North, Bengaluru Urban, Karnataka, 560069, India"
8416_1441,12.94915558749551,77.5888614007564,Ashoka Pillar,,Ashoka Pillar,,Bengaluru,Bengaluru Central City Corporation,Bangalore North,Bengaluru Urban,,"Ashoka Pillar, Bengaluru Central City Corporation, Bengaluru, Bangalore North, Bengaluru Urban, Karnataka, India"
8416_1442,12.95813869924542,77.5888614007564,SilverJubilee Park Ward,,SilverJubilee Park Ward,,Bengaluru,Bengaluru Central City Corporation,Bangalore North,Bengaluru Urban,,"SilverJubilee Park Ward, Bengaluru Central City Corporation, Bengaluru, Bangalore North, Bengaluru Urban, Karnataka, India"
8416_1443,12.967121810995328,77.5888614007564,Sampangirama Nagar,,Sampangirama Nagar,,Bengaluru,Bengaluru Central City Corporation,Bangalore North,Bengaluru Urban,560001,"Sampangirama Nagar, Bengaluru Central City Corporation, Bengaluru, Bangalore North, Bengaluru Urban, Karnataka, 560001, India"
8416_1444,12.97610492274524,77.5888614007564,Sampangirama Nagar,,Sampangirama Nagar,,Bengaluru,Bengaluru Central City Corporation,Bangalore North,Bengaluru Urban,560001,"Sampangirama Nagar, Bengaluru Central City Corporation, Bengaluru, Bangalore North, Bengaluru Urban, Karnataka, 560001, India"
8416_1445,12.98508803449515,77.5888614007564,Sampangirama Nagar,,Sampangirama Nagar,,Bengaluru,Bengaluru Central City Corporation,Bangalore North,Bengaluru Urban,560001,"Sampangirama Nagar, Bengaluru Central City Corporation, Bengaluru, Bangalore North, Bengaluru Urban, Karnataka, 560001, India"
8416_1446,12.99407114624506,77.5888614007564,Vasanth Nagar,,Vasanth Nagar,,Bengaluru,Bengaluru Central City Corporation,Bangalore North,Bengaluru Urban,560052,"Vasanth Nagar, Bengaluru Central City Corporation, Bengaluru, Bangalore North, Bengaluru Urban, Karnataka, 560052, India"
8416_1447,13.00305425799497,77.5888614007564,Rajamahal,,Rajamahal,,Bengaluru,Bengaluru West City Corporation,Bangalore North,Bengaluru Urban,,"Rajamahal, Bengaluru West City Corporation, Bengaluru, Bangalore North, Bengaluru Urban, Karnataka, India"
8416_1448,13.01203736974488,77.5888614007564,Rajamahal,,Rajamahal,,Bengaluru,Bengaluru West City Corporation,Bangalore North,Bengaluru Urban,,"Rajamahal, Bengaluru West City Corporation, Bengaluru, Bangalore North, Bengaluru Urban, Karnataka, India"
8416_1449,13.021020481494787,77.5888614007564,Gangenahalli,,Gangenahalli,,Bengaluru,Bengaluru North City Corporation,Bangalore North,Bengaluru Urban,560006,"Gangenahalli, Bengaluru North City Corporation, Bengaluru, Bangalore North, Bengaluru Urban, Karnataka, 560006, India"
8416_1450,13.0300035932447,77.5888614007564,Hebbal,,Hebbal,,Bengaluru,Bengaluru North City Corporation,Bangalore North,Bengaluru Urban,,"Hebbal, Bengaluru North City Corporation, Bengaluru, Bangalore North, Bengaluru Urban, Karnataka, India"
8416_1451,13.03898670499461,77.5888614007564,Bhoopasandra,,Bhoopasandra,,Bengaluru,Bengaluru North City Corporation,Bangalore North,Bengaluru Urban,,"Bhoopasandra, Bengaluru North City Corporation, Bengaluru, Bangalore North, Bengaluru Urban, Karnataka, India"
8416_1452,13.04796981674452,77.5888614007564,Rajiv Gandhi Nagar,,Rajiv Gandhi Nagar,,Bengaluru,Bengaluru North City Corporation,Yelahanka taluku,Bengaluru Urban,,"Rajiv Gandhi Nagar, Bengaluru North City Corporation, Bengaluru, Yelahanka taluku, Bengaluru Urban, Karnataka, India"
8416_1453,13.05695292849443,77.5888614007564,Rajiv Gandhi Nagar,,Rajiv Gandhi Nagar,,Bengaluru,Bengaluru North City Corporation,Yelahanka taluku,Bengaluru Urban,,"Rajiv Gandhi Nagar, Bengaluru North City Corporation, Bengaluru, Yelahanka taluku, Bengaluru Urban, Karnataka, India"
8416_1454,13.06593604024434,77.5888614007564,Byatarayanapura,,Byatarayanapura,,Bengaluru,Bengaluru North City Corporation,Yelahanka taluku,Bengaluru Urban,560092,"Byatarayanapura, Bengaluru North City Corporation, Bengaluru, Yelahanka taluku, Bengaluru Urban, Karnataka, 560092, India"
8416_1455,13.074919151994251,77.5888614007564,Thindlu,,Thindlu,,Bengaluru,Bengaluru North City Corporation,Yelahanka taluku,Bengaluru Urban,560065,"Thindlu, Bengaluru North City Corporation, Bengaluru, Yelahanka taluku, Bengaluru Urban, Karnataka, 560065, India"
8416_1456,13.08390226374416,77.5888614007564,Nyayanga Badavane,,Nyayanga Badavane,,Bengaluru,Bengaluru North City Corporation,Yelahanka taluku,Bengaluru Urban,,"Nyayanga Badavane, Bengaluru North City Corporation, Bengaluru, Yelahanka taluku, Bengaluru Urban, Karnataka, India"
8416_1457,13.09288537549407,77.5888614007564,Nyayanga Badavane,,Nyayanga Badavane,,Bengaluru,Bengaluru North City Corporation,Yelahanka taluku,Bengaluru Urban,,"Nyayanga Badavane, Bengaluru North City Corporation, Bengaluru, Yelahanka taluku, Bengaluru Urban, Karnataka, India"
8416_1458,13.101868487243982,77.5888614007564,Yelahanka Old Town,,Yelahanka Old Town,,Bengaluru,Bengaluru North City Corporation,Yelahanka taluku,Bengaluru Urban,,"Yelahanka Old Town, Bengaluru North City Corporation, Bengaluru, Yelahanka taluku, Bengaluru Urban, Karnataka, India"
8416_1459,13.110851598993891,77.5888614007564,Raja Kempegowda Ward,,Raja Kempegowda Ward,,Bengaluru,Bengaluru North City Corporation,Yelahanka taluku,Bengaluru Urban,,"Raja Kempegowda Ward, Bengaluru North City Corporation, Bengaluru, Yelahanka taluku, Bengaluru Urban, Karnataka, India"
8416_1460,13.119834710743802,77.5888614007564,Akash Ward,,Akash Ward,,Bengaluru,Bengaluru North City Corporation,Yelahanka taluku,Bengaluru Urban,560063,"Akash Ward, Bengaluru North City Corporation, Bengaluru, Yelahanka taluku, Bengaluru Urban, Karnataka, 560063, India"
8416_1461,13.128817822493712,77.5888614007564,Akash Ward,,Akash Ward,,Bengaluru,Bengaluru North City Corporation,Yelahanka taluku,Bengaluru Urban,560063,"Akash Ward, Bengaluru North City Corporation, Bengaluru, Yelahanka taluku, Bengaluru Urban, Karnataka, 560063, India"
8416_1462,13.13780093424362,77.5888614007564,Gantiganahalli,,,,,,Yelahanka taluku,Bengaluru Urban,560064,"Gantiganahalli, Yelahanka taluku, Bengaluru Urban, Karnataka, 560064, India"
8416_1463,13.146784045993533,77.5888614007564,Gantiganahalli,,,,,,Yelahanka taluku,Bengaluru Urban,560064,"Gantiganahalli, Yelahanka taluku, Bengaluru Urban, Karnataka, 560064, India"
8417_1424,12.796442687747035,77.5980800618864,Mantapa,,,,,Mantapa,Anekal,Bengaluru Urban,,"Mantapa, Anekal, Bengaluru Urban, Karnataka, India"
8417_1425,12.805425799496946,77.5980800618864,Mantapa,,,,,Mantapa,Anekal,Bengaluru Urban,,"Mantapa, Anekal, Bengaluru Urban, Karnataka, India"
8417_1426,12.814408911246856,77.5980800618864,Mantapa,,,,,Mantapa,Anekal,Bengaluru Urban,,"Mantapa, Anekal, Bengaluru Urban, Karnataka, India"
8417_1427,12.823392022996766,77.5980800618864,Lakshmipura,,,,,Lakshmipura,Anekal,Bengaluru Urban,,"Lakshmipura, Anekal, Bengaluru Urban, Karnataka, India"
8417_1428,12.832375134746677,77.5980800618864,Vaderahalli,,,,,Vaderahalli,Anekal,Bengaluru Urban,,"Vaderahalli, Anekal, Bengaluru Urban, Karnataka, India"
8417_1429,12.841358246496586,77.5980800618864,Gottigere,,Gottigere,,Bengaluru,Bengaluru South City Corporation,Bangalore South,Bengaluru Urban,560083,"Gottigere, Yelenahalli, Bengaluru South City Corporation, Bengaluru, Bangalore South, Bengaluru Urban, Karnataka, 560083, India"
8417_1430,12.850341358246496,77.5980800618864,Doddakammanahalli,,Doddakammanahalli,,Bengaluru,Bengaluru South City Corporation,Bangalore South,Bengaluru Urban,,"Doddakammanahalli, Bengaluru South City Corporation, Bengaluru, Bangalore South, Bengaluru Urban, Karnataka, India"
8417_1431,12.859324469996409,77.5980800618864,Doddakammanahalli,,Doddakammanahalli,,Bengaluru,Bengaluru South City Corporation,Bangalore South,Bengaluru Urban,,"Doddakammanahalli, Bengaluru South City Corporation, Bengaluru, Bangalore South, Bengaluru Urban, Karnataka, India"
8417_1432,12.868307581746317,77.5980800618864,Vijaya Bank Layout,,Vijaya Bank Layout,,Bengaluru,Bengaluru South City Corporation,Bangalore South,Bengaluru Urban,,"Vijaya Bank Layout, Bengaluru South City Corporation, Bengaluru, Bangalore South, Bengaluru Urban, Karnataka, India"
8417_1433,12.877290693496228,77.5980800618864,Hulimavu,,Hulimavu,,Bengaluru,Bengaluru South City Corporation,Bangalore South,Bengaluru Urban,560076,"Hulimavu, Bengaluru South City Corporation, Bengaluru, Bangalore South, Bengaluru Urban, Karnataka, 560076, India"
8417_1434,12.886273805246136,77.5980800618864,Arakere,,Arakere,,Bengaluru,Bengaluru South City Corporation,Bangalore South,Bengaluru Urban,,"Arakere, Bengaluru South City Corporation, Bengaluru, Bangalore South, Bengaluru Urban, Karnataka, India"
8417_1435,12.895256916996049,77.5980800618864,Doresanipalya,,Doresanipalya,,Bengaluru,Bengaluru South City Corporation,Bangalore South,Bengaluru Urban,,"Doresanipalya, Bengaluru South City Corporation, Bengaluru, Bangalore South, Bengaluru Urban, Karnataka, India"
8417_1436,12.904240028745958,77.5980800618864,J.P Nagar,,J.P Nagar,,Bengaluru,Bengaluru South City Corporation,Bangalore South,Bengaluru Urban,,"J.P Nagar, Bengaluru South City Corporation, Bengaluru, Bangalore South, Bengaluru Urban, Karnataka, India"
8417_1437,12.913223140495868,77.5980800618864,JP Nagar,,JP Nagar,,Bengaluru,Bengaluru South City Corporation,Bangalore South,Bengaluru Urban,,"JP Nagar 3rd Phase, JP Nagar, Bengaluru South City Corporation, Bengaluru, Bangalore South, Bengaluru Urban, Karnataka, India"
8417_1438,12.922206252245775,77.5980800618864,Abdul Kalam Nagar,,Abdul Kalam Nagar,,Bengaluru,Bengaluru South City Corporation,Bangalore South,Bengaluru Urban,,"Abdul Kalam Nagar, Bengaluru South City Corporation, Bengaluru, Bangalore South, Bengaluru Urban, Karnataka, India"
8417_1439,12.931189363995689,77.5980800618864,BHEL Ward,,BHEL Ward,,Bengaluru,Bengaluru Central City Corporation,Bangalore South,Bengaluru Urban,,"BHEL Ward, Bengaluru Central City Corporation, Bengaluru, Bangalore South, Bengaluru Urban, Karnataka, India"
8417_1440,12.940172475745598,77.5980800618864,Lakkasandra,,Lakkasandra,,Bengaluru,Bengaluru South City Corporation,Bangalore South,Bengaluru Urban,,"Lakkasandra, Bengaluru South City Corporation, Bengaluru, Bangalore South, Bengaluru Urban, Karnataka, India"
8417_1441,12.94915558749551,77.5980800618864,Hombegowda Nagara,,Hombegowda Nagara,,Bengaluru,Bengaluru Central City Corporation,Bangalore North,Bengaluru Urban,,"Hombegowda Nagara, Bengaluru Central City Corporation, Bengaluru, Bangalore North, Bengaluru Urban, Karnataka, India"
8417_1442,12.95813869924542,77.5980800618864,Shanthinagar,,Shanthinagar,,Bengaluru,Bengaluru Central City Corporation,Bangalore North,Bengaluru Urban,,"Shanthinagar, Bengaluru Central City Corporation, Bengaluru, Bangalore North, Bengaluru Urban, Karnataka, India"
8417_1443,12.967121810995328,77.5980800618864,Ashokanagar,,Ashokanagar,,Bengaluru,Bengaluru Central City Corporation,Bangalore North,Bengaluru Urban,,"Ashokanagar, Bengaluru Central City Corporation, Bengaluru, Bangalore North, Bengaluru Urban, Karnataka, India"
8417_1444,12.97610492274524,77.5980800618864,Sampangirama Nagar,,Sampangirama Nagar,,Bengaluru,Bengaluru Central City Corporation,Bangalore North,Bengaluru Urban,560001,"Sampangirama Nagar, Bengaluru Central City Corporation, Bengaluru, Bangalore North, Bengaluru Urban, Karnataka, 560001, India"
8417_1445,12.98508803449515,77.5980800618864,Vasanth Nagar,,Vasanth Nagar,,Bengaluru,Bengaluru Central City Corporation,Bangalore North,Bengaluru Urban,560052,"Vasanth Nagar, Bengaluru Central City Corporation, Bengaluru, Bangalore North, Bengaluru Urban, Karnataka, 560052, India"
8417_1446,12.99407114624506,77.5980800618864,S.K Garden,,S.K Garden,,Bengaluru,Bengaluru North City Corporation,Bangalore North,Bengaluru Urban,,"S.K Garden, Bengaluru North City Corporation, Bengaluru, Bangalore North, Bengaluru Urban, Karnataka, India"
8417_1447,13.00305425799497,77.5980800618864,Ramaswamy Palya,,Ramaswamy Palya,,Bengaluru,Bengaluru Central City Corporation,Bangalore North,Bengaluru Urban,,"Ramaswamy Palya, Bengaluru Central City Corporation, Bengaluru, Bangalore North, Bengaluru Urban, Karnataka, India"
8417_1448,13.01203736974488,77.5980800618864,Varalakshmi Nagar,,Varalakshmi Nagar,,Bengaluru,Bengaluru North City Corporation,Bangalore North,Bengaluru Urban,560032,"Varalakshmi Nagar, Bengaluru North City Corporation, Bengaluru, Bangalore North, Bengaluru Urban, Karnataka, 560032, India"
8417_1449,13.021020481494787,77.5980800618864,Jaya Chamarajendra Nagara,,Jaya Chamarajendra Nagara,,Bengaluru,Bengaluru North City Corporation,Bangalore North,Bengaluru Urban,,"Jaya Chamarajendra Nagara, Bengaluru North City Corporation, Bengaluru, Bangalore North, Bengaluru Urban, Karnataka, India"
8417_1450,13.0300035932447,77.5980800618864,Dinnur,,Dinnur,,Bengaluru,Bengaluru North City Corporation,Bangalore North,Bengaluru Urban,,"Dinnur, Bengaluru North City Corporation, Bengaluru, Bangalore North, Bengaluru Urban, Karnataka, India"
8417_1451,13.03898670499461,77.5980800618864,Vishwanatha Nagenahalli,,Vishwanatha Nagenahalli,,Bengaluru,Bengaluru North City Corporation,Bangalore North,Bengaluru Urban,,"Vishwanatha Nagenahalli, Bengaluru North City Corporation, Bengaluru, Bangalore North, Bengaluru Urban, Karnataka, India"
8417_1452,13.04796981674452,77.5980800618864,Kempapura,,Kempapura,,Bengaluru,Bengaluru North City Corporation,Bangalore North,Bengaluru Urban,560024,"Kempapura, Bengaluru North City Corporation, Bengaluru, Bangalore North, Bengaluru Urban, Karnataka, 560024, India"
8417_1453,13.05695292849443,77.5980800618864,Byatarayanapura,,Byatarayanapura,,Bengaluru,Bengaluru North City Corporation,Yelahanka taluku,Bengaluru Urban,560092,"Byatarayanapura, Bengaluru North City Corporation, Bengaluru, Yelahanka taluku, Bengaluru Urban, Karnataka, 560092, India"
8417_1454,13.06593604024434,77.5980800618864,Amruthahalli,,Amruthahalli,,Bengaluru,Bengaluru North City Corporation,Yelahanka taluku,Bengaluru Urban,,"Amruthahalli, Bengaluru North City Corporation, Bengaluru, Yelahanka taluku, Bengaluru Urban, Karnataka, India"
8417_1455,13.074919151994251,77.5980800618864,Byatarayanapura,,Byatarayanapura,,Bengaluru,Bengaluru North City Corporation,Yelahanka taluku,Bengaluru Urban,560092,"Byatarayanapura, Bengaluru North City Corporation, Bengaluru, Yelahanka taluku, Bengaluru Urban, Karnataka, 560092, India"
8417_1456,13.08390226374416,77.5980800618864,Byatarayanapura,,Byatarayanapura,,Bengaluru,Bengaluru North City Corporation,Yelahanka taluku,Bengaluru Urban,560092,"Byatarayanapura, Bengaluru North City Corporation, Bengaluru, Yelahanka taluku, Bengaluru Urban, Karnataka, 560092, India"
8417_1457,13.09288537549407,77.5980800618864,Yelahanka Old Town,,Yelahanka Old Town,,Bengaluru,Bengaluru North City Corporation,Yelahanka taluku,Bengaluru Urban,,"Yelahanka Old Town, Bengaluru North City Corporation, Bengaluru, Yelahanka taluku, Bengaluru Urban, Karnataka, India"
8417_1458,13.101868487243982,77.5980800618864,Yelahanka Old Town,,Yelahanka Old Town,,Bengaluru,Bengaluru North City Corporation,Yelahanka taluku,Bengaluru Urban,,"Yelahanka Old Town, Bengaluru North City Corporation, Bengaluru, Yelahanka taluku, Bengaluru Urban, Karnataka, India"
8417_1459,13.110851598993891,77.5980800618864,Akash Ward,,Akash Ward,,Bengaluru,Bengaluru North City Corporation,Yelahanka taluku,Bengaluru Urban,560063,"Akash Ward, Bengaluru North City Corporation, Bengaluru, Yelahanka taluku, Bengaluru Urban, Karnataka, 560063, India"
8417_1460,13.119834710743802,77.5980800618864,Akash Ward,,Akash Ward,,Bengaluru,Bengaluru North City Corporation,Yelahanka taluku,Bengaluru Urban,560063,"Akash Ward, Bengaluru North City Corporation, Bengaluru, Yelahanka taluku, Bengaluru Urban, Karnataka, 560063, India"
8417_1461,13.128817822493712,77.5980800618864,Akash Ward,,Akash Ward,,Bengaluru,Bengaluru North City Corporation,Yelahanka taluku,Bengaluru Urban,560063,"Akash Ward, Bengaluru North City Corporation, Bengaluru, Yelahanka taluku, Bengaluru Urban, Karnataka, 560063, India"
8417_1462,13.13780093424362,77.5980800618864,Suggatta,,,,,,Yelahanka taluku,Bengaluru Urban,562157,"Suggatta, Yelahanka taluku, Bengaluru Urban, Karnataka, 562157, India"
8417_1463,13.146784045993533,77.5980800618864,Nellukunte,,,,,Nellukunte,Yelahanka taluku,Bengaluru Urban,,"Nellukunte, Yelahanka taluku, Bengaluru Urban, Karnataka, India"
8418_1424,12.796442687747035,77.60729872301643,Bigihalli,,,,,Bigihalli,Anekal,Bengaluru Urban,,"Bigihalli, Anekal, Bengaluru Urban, Karnataka, India"
8418_1425,12.805425799496946,77.60729872301643,Nallasandra,,,,,Nallasandra,Anekal,Bengaluru Urban,,"Nallasandra, Anekal, Bengaluru Urban, Karnataka, India"
8418_1426,12.814408911246856,77.60729872301643,Hullukasavenahalli,,,,,Hullukasavenahalli,Anekal,Bengaluru Urban,,"Hullukasavenahalli, Anekal, Bengaluru Urban, Karnataka, India"
8418_1427,12.823392022996766,77.60729872301643,Sakalavara,,,,,,Anekal,Bengaluru Urban,560083,"Sakalavara, Anekal, Bengaluru Urban, Karnataka, 560083, India"
8418_1428,12.832375134746677,77.60729872301643,Chatekere Palya,,,,,,Anekal,Bengaluru Urban,560083,"Chatekere Palya, Anekal, Bengaluru Urban, Karnataka, 560083, India"
8418_1429,12.841358246496586,77.60729872301643,Gottigere,,Gottigere,,Bengaluru,Bengaluru South City Corporation,Bangalore South,Bengaluru Urban,560083,"Gottigere, Yelenahalli, Bengaluru South City Corporation, Bengaluru, Bangalore South, Bengaluru Urban, Karnataka, 560083, India"
8418_1430,12.850341358246496,77.60729872301643,Doddakammanahalli,,Doddakammanahalli,,Bengaluru,Bengaluru South City Corporation,Bangalore South,Bengaluru Urban,,"Doddakammanahalli, Bengaluru South City Corporation, Bengaluru, Bangalore South, Bengaluru Urban, Karnataka, India"
8418_1431,12.859324469996409,77.60729872301643,Yelenahalli,,Yelenahalli,,Bengaluru,Bengaluru South City Corporation,Bangalore South,Bengaluru Urban,,"Yelenahalli, Bengaluru South City Corporation, Bengaluru, Bangalore South, Bengaluru Urban, Karnataka, India"
8418_1432,12.868307581746317,77.60729872301643,Yelenahalli,,Yelenahalli,,Bengaluru,Bengaluru South City Corporation,Bangalore South,Bengaluru Urban,,"Yelenahalli, Bengaluru South City Corporation, Bengaluru, Bangalore South, Bengaluru Urban, Karnataka, India"
8418_1433,12.877290693496228,77.60729872301643,Hulimavu,,Hulimavu,,Bengaluru,Bengaluru South City Corporation,Bangalore South,Bengaluru Urban,560076,"Hulimavu, Bengaluru South City Corporation, Bengaluru, Bangalore South, Bengaluru Urban, Karnataka, 560076, India"
8418_1434,12.886273805246136,77.60729872301643,Arakere,,Arakere,,Bengaluru,Bengaluru South City Corporation,Bangalore South,Bengaluru Urban,,"Arakere, Bengaluru South City Corporation, Bengaluru, Bangalore South, Bengaluru Urban, Karnataka, India"
8418_1435,12.895256916996049,77.60729872301643,Bilekahalli,,Bilekahalli,,Bengaluru,Bengaluru South City Corporation,Bangalore South,Bengaluru Urban,,"Bilekahalli, Bengaluru South City Corporation, Bengaluru, Bangalore South, Bengaluru Urban, Karnataka, India"
8418_1436,12.904240028745958,77.60729872301643,Bilekahalli,,Bilekahalli,,Bengaluru,Bengaluru South City Corporation,Bangalore South,Bengaluru Urban,,"Bilekahalli, Bengaluru South City Corporation, Bengaluru, Bangalore South, Bengaluru Urban, Karnataka, India"
8418_1437,12.913223140495868,77.60729872301643,Viswamanava Kuvempu Ward,,Viswamanava Kuvempu Ward,,Bengaluru,Bengaluru South City Corporation,Bangalore South,Bengaluru Urban,,"Viswamanava Kuvempu Ward, Bengaluru South City Corporation, Bengaluru, Bangalore South, Bengaluru Urban, Karnataka, India"
8418_1438,12.922206252245775,77.60729872301643,Jayanagar East,,Jayanagar East,,Bengaluru,Bengaluru South City Corporation,Bangalore South,Bengaluru Urban,,"Jayanagar East, Bengaluru South City Corporation, Bengaluru, Bangalore South, Bengaluru Urban, Karnataka, India"
8418_1439,12.931189363995689,77.60729872301643,S.G Palya,,S.G Palya,,Bengaluru,Bengaluru South City Corporation,Bangalore South,Bengaluru Urban,560029,"S.G Palya, Bengaluru South City Corporation, Bengaluru, Bangalore South, Bengaluru Urban, Karnataka, 560029, India"
8418_1440,12.940172475745598,77.60729872301643,Lakkasandra,,Lakkasandra,,Bengaluru,Bengaluru South City Corporation,Bangalore South,Bengaluru Urban,,"Lakkasandra, Bengaluru South City Corporation, Bengaluru, Bangalore South, Bengaluru Urban, Karnataka, India"
8418_1441,12.94915558749551,77.60729872301643,A Adugodi,,A Adugodi,,Bengaluru,Bengaluru South City Corporation,Bangalore South,Bengaluru Urban,560030,"A Adugodi, Bengaluru South City Corporation, Bengaluru, Bangalore South, Bengaluru Urban, Karnataka, 560030, India"
8418_1442,12.95813869924542,77.60729872301643,Vinayakanagar,,Vinayakanagar,,Bengaluru,Bengaluru Central City Corporation,Bangalore North,Bengaluru Urban,560025,"Vinayakanagar, Bengaluru Central City Corporation, Bengaluru, Bangalore North, Bengaluru Urban, Karnataka, 560025, India"
8418_1443,12.967121810995328,77.60729872301643,Ashokanagar,,Ashokanagar,,Bengaluru,Bengaluru Central City Corporation,Bangalore North,Bengaluru Urban,,"Ashokanagar, Bengaluru Central City Corporation, Bengaluru, Bangalore North, Bengaluru Urban, Karnataka, India"
8418_1444,12.97610492274524,77.60729872301643,Ashokanagar,,Ashokanagar,,Bengaluru,Bengaluru Central City Corporation,Bangalore North,Bengaluru Urban,,"Ashokanagar, Bengaluru Central City Corporation, Bengaluru, Bangalore North, Bengaluru Urban, Karnataka, India"
8418_1445,12.98508803449515,77.60729872301643,Shivajinagar,,Shivajinagar,,Bengaluru,Bengaluru Central City Corporation,Bangalore North,Bengaluru Urban,560051,"Shivajinagar, Bengaluru Central City Corporation, Bengaluru, Bangalore North, Bengaluru Urban, Karnataka, 560051, India"
8418_1446,12.99407114624506,77.60729872301643,S.K Garden,,S.K Garden,,Bengaluru,Bengaluru North City Corporation,Bangalore North,Bengaluru Urban,,"S.K Garden, Bengaluru North City Corporation, Bengaluru, Bangalore North, Bengaluru Urban, Karnataka, India"
8418_1447,13.00305425799497,77.60729872301643,S.K Garden,,S.K Garden,,Bengaluru,Bengaluru North City Corporation,Bangalore North,Bengaluru Urban,,"S.K Garden, Bengaluru North City Corporation, Bengaluru, Bangalore North, Bengaluru Urban, Karnataka, India"
8418_1448,13.01203736974488,77.60729872301643,Doddanna Nagar,,Doddanna Nagar,,Bengaluru,Bengaluru North City Corporation,Bangalore North,Bengaluru Urban,,"Doddanna Nagar, Bengaluru North City Corporation, Bengaluru, Bangalore North, Bengaluru Urban, Karnataka, India"
8418_1449,13.021020481494787,77.60729872301643,Kaval Byrasandra,,Kaval Byrasandra,,Bengaluru,Bengaluru North City Corporation,Bangalore North,Bengaluru Urban,,"Kaval Byrasandra, Bengaluru North City Corporation, Bengaluru, Bangalore North, Bengaluru Urban, Karnataka, India"
8418_1450,13.0300035932447,77.60729872301643,Manorayanapalya,,Manorayanapalya,,Bengaluru,Bengaluru North City Corporation,Bangalore North,Bengaluru Urban,,"Manorayanapalya, Bengaluru North City Corporation, Bengaluru, Bangalore North, Bengaluru Urban, Karnataka, India"
8418_1451,13.03898670499461,77.60729872301643,Vishwanatha Nagenahalli,,Vishwanatha Nagenahalli,,Bengaluru,Bengaluru North City Corporation,Bangalore North,Bengaluru Urban,,"Vishwanatha Nagenahalli, Bengaluru North City Corporation, Bengaluru, Bangalore North, Bengaluru Urban, Karnataka, India"
8418_1452,13.04796981674452,77.60729872301643,Kempapura,,Kempapura,,Bengaluru,Bengaluru North City Corporation,Bangalore North,Bengaluru Urban,560024,"Kempapura, Bengaluru North City Corporation, Bengaluru, Bangalore North, Bengaluru Urban, Karnataka, 560024, India"
8418_1453,13.05695292849443,77.60729872301643,Jakkur,,Jakkur,,Bengaluru,Bengaluru North City Corporation,Yelahanka taluku,Bengaluru Urban,,"Jakkur, Bengaluru North City Corporation, Bengaluru, Yelahanka taluku, Bengaluru Urban, Karnataka, India"
8418_1454,13.06593604024434,77.60729872301643,Amruthahalli,,Amruthahalli,,Bengaluru,Bengaluru North City Corporation,Yelahanka taluku,Bengaluru Urban,,"Amruthahalli, Bengaluru North City Corporation, Bengaluru, Yelahanka taluku, Bengaluru Urban, Karnataka, India"
8418_1455,13.074919151994251,77.60729872301643,Jakkur,,Jakkur,,Bengaluru,Bengaluru North City Corporation,Yelahanka taluku,Bengaluru Urban,,"Jakkur, Bengaluru North City Corporation, Bengaluru, Yelahanka taluku, Bengaluru Urban, Karnataka, India"
8418_1456,13.08390226374416,77.60729872301643,Jakkur,,Jakkur,,Bengaluru,Bengaluru North City Corporation,Yelahanka taluku,Bengaluru Urban,,"Jakkur, Bengaluru North City Corporation, Bengaluru, Yelahanka taluku, Bengaluru Urban, Karnataka, India"
8418_1457,13.09288537549407,77.60729872301643,Jakkur,,Jakkur,,Bengaluru,Bengaluru North City Corporation,Yelahanka taluku,Bengaluru Urban,,"Jakkur, Bengaluru North City Corporation, Bengaluru, Yelahanka taluku, Bengaluru Urban, Karnataka, India"
8418_1458,13.101868487243982,77.60729872301643,Akash Ward,,Akash Ward,,Bengaluru,Bengaluru North City Corporation,Yelahanka taluku,Bengaluru Urban,560063,"Akash Ward, Bengaluru North City Corporation, Bengaluru, Yelahanka taluku, Bengaluru Urban, Karnataka, 560063, India"
8418_1459,13.110851598993891,77.60729872301643,Akash Ward,,Akash Ward,,Bengaluru,Bengaluru North City Corporation,Yelahanka taluku,Bengaluru Urban,560063,"Akash Ward, Bengaluru North City Corporation, Bengaluru, Yelahanka taluku, Bengaluru Urban, Karnataka, 560063, India"
8418_1460,13.119834710743802,77.60729872301643,Akash Ward,,Akash Ward,,Bengaluru,Bengaluru North City Corporation,Yelahanka taluku,Bengaluru Urban,560063,"Akash Ward, Bengaluru North City Corporation, Bengaluru, Yelahanka taluku, Bengaluru Urban, Karnataka, 560063, India"
8418_1461,13.128817822493712,77.60729872301643,Akash Ward,,Akash Ward,,Bengaluru,Bengaluru North City Corporation,Yelahanka taluku,Bengaluru Urban,560063,"Akash Ward, Bengaluru North City Corporation, Bengaluru, Yelahanka taluku, Bengaluru Urban, Karnataka, 560063, India"
8418_1462,13.13780093424362,77.60729872301643,Suggatta,,,,,,Yelahanka taluku,Bengaluru Urban,562157,"Suggatta, Yelahanka taluku, Bengaluru Urban, Karnataka, 562157, India"
8418_1463,13.146784045993533,77.60729872301643,Suggatta,,,,,,Yelahanka taluku,Bengaluru Urban,562157,"Suggatta, Yelahanka taluku, Bengaluru Urban, Karnataka, 562157, India"
8419_1424,12.796442687747035,77.61651738414643,Begihalli,,,,,,Anekal,Bengaluru Urban,560105,"Begihalli, Anekal, Bengaluru Urban, Karnataka, 560105, India"
8419_1425,12.805425799496946,77.61651738414643,Ramasandra,,,,,Ramasandra,Anekal,Bengaluru Urban,,"Ramasandra, Anekal, Bengaluru Urban, Karnataka, India"
8419_1426,12.814408911246856,77.61651738414643,Hullahalli,,,,,,Anekal,Bengaluru Urban,560083,"Hullahalli, Anekal, Bengaluru Urban, Karnataka, 560083, India"
8419_1427,12.823392022996766,77.61651738414643,Hullahalli,,,,,,Anekal,Bengaluru Urban,560083,"Hullahalli, Anekal, Bengaluru Urban, Karnataka, 560083, India"
8419_1428,12.832375134746677,77.61651738414643,Hullahalli,,,,,,Anekal,Bengaluru Urban,560083,"Hullahalli, Anekal, Bengaluru Urban, Karnataka, 560083, India"
8419_1429,12.841358246496586,77.61651738414643,Vittasandra,,,,,,Bangalore South,Bengaluru Urban,560100,"Vittasandra, Bangalore South, Bengaluru Urban, Karnataka, 560100, India"
8419_1430,12.850341358246496,77.61651738414643,Vittasandra,,,,,,Bangalore South,Bengaluru Urban,560100,"Vittasandra, Bangalore South, Bengaluru Urban, Karnataka, 560100, India"
8419_1431,12.859324469996409,77.61651738414643,Yelenahalli,,Yelenahalli,,Bengaluru,Bengaluru South City Corporation,Bangalore South,Bengaluru Urban,,"Yelenahalli, Bengaluru South City Corporation, Bengaluru, Bangalore South, Bengaluru Urban, Karnataka, India"
8419_1432,12.868307581746317,77.61651738414643,Yelenahalli,,Yelenahalli,,Bengaluru,Bengaluru South City Corporation,Bangalore South,Bengaluru Urban,,"Yelenahalli, Bengaluru South City Corporation, Bengaluru, Bangalore South, Bengaluru Urban, Karnataka, India"
8419_1433,12.877290693496228,77.61651738414643,Vijaya Bank Layout,,Vijaya Bank Layout,,Bengaluru,Bengaluru South City Corporation,Bangalore South,Bengaluru Urban,,"Vijaya Bank Layout, Bengaluru South City Corporation, Bengaluru, Bangalore South, Bengaluru Urban, Karnataka, India"
8419_1434,12.886273805246136,77.61651738414643,Vijaya Bank Layout,,Vijaya Bank Layout,,Bengaluru,Bengaluru South City Corporation,Bangalore South,Bengaluru Urban,,"Vijaya Bank Layout, Bengaluru South City Corporation, Bengaluru, Bangalore South, Bengaluru Urban, Karnataka, India"
8419_1435,12.895256916996049,77.61651738414643,Kodi Chikkanahalli,,Kodi Chikkanahalli,,Bengaluru,Bengaluru South City Corporation,Bangalore South,Bengaluru Urban,,"Kodi Chikkanahalli, Bengaluru South City Corporation, Bengaluru, Bangalore South, Bengaluru Urban, Karnataka, India"
8419_1436,12.904240028745958,77.61651738414643,Bilekahalli,,Bilekahalli,,Bengaluru,Bengaluru South City Corporation,Bangalore South,Bengaluru Urban,,"Bilekahalli, Bengaluru South City Corporation, Bengaluru, Bangalore South, Bengaluru Urban, Karnataka, India"
8419_1437,12.913223140495868,77.61651738414643,Bilekahalli,,Bilekahalli,,Bengaluru,Bengaluru South City Corporation,Bangalore South,Bengaluru Urban,,"Bilekahalli, Bengaluru South City Corporation, Bengaluru, Bangalore South, Bengaluru Urban, Karnataka, India"
8419_1438,12.922206252245775,77.61651738414643,Madiwala,,Madiwala,,Bengaluru,Bengaluru South City Corporation,Bangalore South,Bengaluru Urban,,"Madiwala, Bengaluru South City Corporation, Bengaluru, Bangalore South, Bengaluru Urban, Karnataka, India"
8419_1439,12.931189363995689,77.61651738414643,Kormangala West,,Kormangala West,,Bengaluru,Bengaluru South City Corporation,Bangalore South,Bengaluru Urban,,"Kormangala West, Bengaluru South City Corporation, Bengaluru, Bangalore South, Bengaluru Urban, Karnataka, India"
8419_1440,12.940172475745598,77.61651738414643,A Adugodi,,A Adugodi,,Bengaluru,Bengaluru South City Corporation,Bangalore South,Bengaluru Urban,560030,"A Adugodi, Bengaluru South City Corporation, Bengaluru, Bangalore South, Bengaluru Urban, Karnataka, 560030, India"
8419_1441,12.94915558749551,77.61651738414643,A Adugodi,,A Adugodi,,Bengaluru,Bengaluru South City Corporation,Bangalore South,Bengaluru Urban,560030,"A Adugodi, Bengaluru South City Corporation, Bengaluru, Bangalore South, Bengaluru Urban, Karnataka, 560030, India"
8419_1442,12.95813869924542,77.61651738414643,Austin Town,,Austin Town,,Bengaluru,Bengaluru Central City Corporation,Bangalore North,Bengaluru Urban,560047,"Austin Town, Bengaluru Central City Corporation, Bengaluru, Bangalore North, Bengaluru Urban, Karnataka, 560047, India"
8419_1443,12.967121810995328,77.61651738414643,Ashokanagar,,Ashokanagar,,Bengaluru,Bengaluru Central City Corporation,Bangalore North,Bengaluru Urban,,"Ashokanagar, Bengaluru Central City Corporation, Bengaluru, Bangalore North, Bengaluru Urban, Karnataka, India"
8419_1444,12.97610492274524,77.61651738414643,K Kamaraj Ward,,K Kamaraj Ward,,Bengaluru,Bengaluru Central City Corporation,Bangalore North,Bengaluru Urban,560042,"K Kamaraj Ward, Bengaluru Central City Corporation, Bengaluru, Bangalore North, Bengaluru Urban, Karnataka, 560042, India"
8419_1445,12.98508803449515,77.61651738414643,K Kamaraj Ward,,K Kamaraj Ward,,Bengaluru,Bengaluru Central City Corporation,Bangalore North,Bengaluru Urban,560042,"K Kamaraj Ward, Bengaluru Central City Corporation, Bengaluru, Bangalore North, Bengaluru Urban, Karnataka, 560042, India"
8419_1446,12.99407114624506,77.61651738414643,Pulakeshi Nagar,,Pulakeshi Nagar,,Bengaluru,Bengaluru North City Corporation,Bangalore North,Bengaluru Urban,,"Pulakeshi Nagar, Bengaluru North City Corporation, Bengaluru, Bangalore North, Bengaluru Urban, Karnataka, India"
8419_1447,13.00305425799497,77.61651738414643,Sagayapuram,,Sagayapuram,,Bengaluru,Bengaluru North City Corporation,Bangalore North,Bengaluru Urban,,"Sagayapuram, Bengaluru North City Corporation, Bengaluru, Bangalore North, Bengaluru Urban, Karnataka, India"
8419_1448,13.01203736974488,77.61651738414643,Venkateshpuram,,Venkateshpuram,,Bengaluru,Bengaluru North City Corporation,Bangalore North,Bengaluru Urban,,"Venkateshpuram, Bengaluru North City Corporation, Bengaluru, Bangalore North, Bengaluru Urban, Karnataka, India"
8419_1449,13.021020481494787,77.61651738414643,Samadhana Nagar,,Samadhana Nagar,,Bengaluru,Bengaluru North City Corporation,Bangalore North,Bengaluru Urban,,"Samadhana Nagar, Bengaluru North City Corporation, Bengaluru, Bangalore North, Bengaluru Urban, Karnataka, India"
8419_1450,13.0300035932447,77.61651738414643,Govindapura,,Govindapura,,Bengaluru,Bengaluru North City Corporation,Bangalore North,Bengaluru Urban,,"Govindapura, Bengaluru North City Corporation, Bengaluru, Bangalore North, Bengaluru Urban, Karnataka, India"
8419_1451,13.03898670499461,77.61651738414643,Nagavara,,Nagavara,,Bengaluru,Bengaluru North City Corporation,Bangalore North,Bengaluru Urban,560045,"Nagavara, Bengaluru North City Corporation, Bengaluru, Bangalore North, Bengaluru Urban, Karnataka, 560045, India"
8419_1452,13.04796981674452,77.61651738414643,Kempapura,,Kempapura,,Bengaluru,Bengaluru North City Corporation,Bangalore North,Bengaluru Urban,560024,"Kempapura, Bengaluru North City Corporation, Bengaluru, Bangalore North, Bengaluru Urban, Karnataka, 560024, India"
8419_1453,13.05695292849443,77.61651738414643,Jakkur,,Jakkur,,Bengaluru,Bengaluru North City Corporation,Yelahanka taluku,Bengaluru Urban,,"Jakkur, Bengaluru North City Corporation, Bengaluru, Yelahanka taluku, Bengaluru Urban, Karnataka, India"
8419_1454,13.06593604024434,77.61651738414643,Jakkur,,Jakkur,,Bengaluru,Bengaluru North City Corporation,Yelahanka taluku,Bengaluru Urban,,"Jakkur, Bengaluru North City Corporation, Bengaluru, Yelahanka taluku, Bengaluru Urban, Karnataka, India"
8419_1455,13.074919151994251,77.61651738414643,Sampigehalli,,Sampigehalli,,Bengaluru,Bengaluru North City Corporation,Yelahanka taluku,Bengaluru Urban,,"Sampigehalli, Bengaluru North City Corporation, Bengaluru, Yelahanka taluku, Bengaluru Urban, Karnataka, India"
8419_1456,13.08390226374416,77.61651738414643,Sampigehalli,,Sampigehalli,,Bengaluru,Bengaluru North City Corporation,Yelahanka taluku,Bengaluru Urban,,"Sampigehalli, Bengaluru North City Corporation, Bengaluru, Yelahanka taluku, Bengaluru Urban, Karnataka, India"
8419_1457,13.09288537549407,77.61651738414643,Sampigehalli,,Sampigehalli,,Bengaluru,Bengaluru North City Corporation,Yelahanka taluku,Bengaluru Urban,,"Sampigehalli, Bengaluru North City Corporation, Bengaluru, Yelahanka taluku, Bengaluru Urban, Karnataka, India"
8419_1458,13.101868487243982,77.61651738414643,Kogilu,,Kogilu,,Bengaluru,Bengaluru North City Corporation,Yelahanka taluku,Bengaluru Urban,,"Kogilu, Bengaluru North City Corporation, Bengaluru, Yelahanka taluku, Bengaluru Urban, Karnataka, India"
8419_1459,13.110851598993891,77.61651738414643,Kogilu,,Kogilu,,Bengaluru,Bengaluru North City Corporation,Yelahanka taluku,Bengaluru Urban,,"Kogilu, Bengaluru North City Corporation, Bengaluru, Yelahanka taluku, Bengaluru Urban, Karnataka, India"
8419_1460,13.119834710743802,77.61651738414643,Kogilu,,Kogilu,,Bengaluru,Bengaluru North City Corporation,Yelahanka taluku,Bengaluru Urban,,"Kogilu, Bengaluru North City Corporation, Bengaluru, Yelahanka taluku, Bengaluru Urban, Karnataka, India"
8419_1461,13.128817822493712,77.61651738414643,Kogilu,,Kogilu,,Bengaluru,Bengaluru North City Corporation,Yelahanka taluku,Bengaluru Urban,,"Kogilu, Bengaluru North City Corporation, Bengaluru, Yelahanka taluku, Bengaluru Urban, Karnataka, India"
8419_1462,13.13780093424362,77.61651738414643,Hunasamaranahalli,,Hunasamaranahalli,,,Hunasamaranahalli,Yelahanka taluku,Bengaluru Urban,562157,"Hunasamaranahalli, Kodagalahatti, Yelahanka taluku, Bengaluru Urban, Karnataka, 562157, India"
8419_1463,13.146784045993533,77.61651738414643,Hunasamaranahalli,,Hunasamaranahalli,,,Hunasamaranahalli,Yelahanka taluku,Bengaluru Urban,562157,"Hunasamaranahalli, Kodagalahatti, Yelahanka taluku, Bengaluru Urban, Karnataka, 562157, India"
8420_1424,12.796442687747035,77.62573604527645,Harappanahalli,,,,,,Anekal,Bengaluru Urban,560105,"Harappanahalli, Anekal, Bengaluru Urban, Karnataka, 560105, India"
8420_1425,12.805425799496946,77.62573604527645,Koppa,,,,,,Anekal,Bengaluru Urban,560105,"Koppa, Anekal, Bengaluru Urban, Karnataka, 560105, India"
8420_1426,12.814408911246856,77.62573604527645,Bangipura,,,,,Bangipura,Anekal,Bengaluru Urban,,"Bangipura, Anekal, Bengaluru Urban, Karnataka, India"
8420_1427,12.823392022996766,77.62573604527645,Bangipura,,,,,Bangipura,Anekal,Bengaluru Urban,,"Bangipura, Anekal, Bengaluru Urban, Karnataka, India"
8420_1428,12.832375134746677,77.62573604527645,Bangipura,,,,,Bangipura,Anekal,Bengaluru Urban,,"Bangipura, Anekal, Bengaluru Urban, Karnataka, India"
8420_1429,12.841358246496586,77.62573604527645,Vittasandra,,,,,,Bangalore South,Bengaluru Urban,560100,"Vittasandra, Bangalore South, Bengaluru Urban, Karnataka, 560100, India"
8420_1430,12.850341358246496,77.62573604527645,Vittasandra,,,,,,Bangalore South,Bengaluru Urban,560100,"Vittasandra, Bangalore South, Bengaluru Urban, Karnataka, 560100, India"
8420_1431,12.859324469996409,77.62573604527645,Chikkathoguru,,Chikkathoguru,,Bengaluru,Bengaluru South City Corporation,Bangalore South,Bengaluru Urban,560500,"Chikkathoguru, Bengaluru South City Corporation, Bengaluru, Bangalore South, Bengaluru Urban, Karnataka, 560500, India"
8420_1432,12.868307581746317,77.62573604527645,Beguru,,Beguru,,Bengaluru,Bengaluru South City Corporation,Bangalore South,Bengaluru Urban,,"Beguru, Bengaluru South City Corporation, Bengaluru, Bangalore South, Bengaluru Urban, Karnataka, India"
8420_1433,12.877290693496228,77.62573604527645,Beguru,,Beguru,,Bengaluru,Bengaluru South City Corporation,Bangalore South,Bengaluru Urban,,"Beguru, Bengaluru South City Corporation, Bengaluru, Bangalore South, Bengaluru Urban, Karnataka, India"
8420_1434,12.886273805246136,77.62573604527645,Vishwapriya Nagara,,Vishwapriya Nagara,,Bengaluru,Bengaluru South City Corporation,Bangalore South,Bengaluru Urban,560114,"Vishwapriya Nagara, Bengaluru South City Corporation, Bengaluru, Bangalore South, Bengaluru Urban, Karnataka, 560114, India"
8420_1435,12.895256916996049,77.62573604527645,Hongasandra,,Hongasandra,,Bengaluru,Bengaluru South City Corporation,Bangalore South,Bengaluru Urban,,"Hongasandra, Bengaluru South City Corporation, Bengaluru, Bangalore South, Bengaluru Urban, Karnataka, India"
8420_1436,12.904240028745958,77.62573604527645,Bommanahalli,,Bommanahalli,,Bengaluru,Bengaluru South City Corporation,Bangalore South,Bengaluru Urban,,"Bommanahalli, Bengaluru South City Corporation, Bengaluru, Bangalore South, Bengaluru Urban, Karnataka, India"
8420_1437,12.913223140495868,77.62573604527645,HSR Layout,,HSR Layout,,Bengaluru,Bengaluru South City Corporation,Bangalore South,Bengaluru Urban,,"Sector 6, HSR Layout, Bengaluru South City Corporation, Bengaluru, Bangalore South, Bengaluru Urban, Karnataka, India"
8420_1438,12.922206252245775,77.62573604527645,Kormangala West,,Kormangala West,,Bengaluru,Bengaluru South City Corporation,Bangalore South,Bengaluru Urban,,"Kormangala West, Bengaluru South City Corporation, Bengaluru, Bangalore South, Bengaluru Urban, Karnataka, India"
8420_1439,12.931189363995689,77.62573604527645,Kormangala East,,Kormangala East,,Bengaluru,Bengaluru South City Corporation,Bangalore South,Bengaluru Urban,560034,"Kormangala East, Bengaluru South City Corporation, Bengaluru, Bangalore South, Bengaluru Urban, Karnataka, 560034, India"
8420_1440,12.940172475745598,77.62573604527645,National Games Village,,National Games Village,,Bengaluru,Bengaluru South City Corporation,Bangalore South,Bengaluru Urban,,"National Games Village, Bengaluru South City Corporation, Bengaluru, Bangalore South, Bengaluru Urban, Karnataka, India"
8420_1441,12.94915558749551,77.62573604527645,Ejipura,,Ejipura,,Bengaluru,Bengaluru South City Corporation,Bangalore South,Bengaluru Urban,,"Ejipura, Bengaluru South City Corporation, Bengaluru, Bangalore South, Bengaluru Urban, Karnataka, India"
8420_1442,12.95813869924542,77.62573604527645,Agaram,,Agaram,,Bengaluru,Bengaluru Central City Corporation,Bangalore North,Bengaluru Urban,560007,"Agaram, Bengaluru Central City Corporation, Bengaluru, Bangalore North, Bengaluru Urban, Karnataka, 560007, India"
8420_1443,12.967121810995328,77.62573604527645,Agaram,,Agaram,,Bengaluru,Bengaluru Central City Corporation,Bangalore North,Bengaluru Urban,560007,"Agaram, Bengaluru Central City Corporation, Bengaluru, Bangalore North, Bengaluru Urban, Karnataka, 560007, India"
8420_1444,12.97610492274524,77.62573604527645,Halasuru,,Halasuru,,Bengaluru,Bengaluru Central City Corporation,Bangalore North,Bengaluru Urban,,"Halasuru, Bengaluru Central City Corporation, Bengaluru, Bangalore North, Bengaluru Urban, Karnataka, India"
8420_1445,12.98508803449515,77.62573604527645,Hoysala Nagara Central,,Hoysala Nagara Central,,Bengaluru,Bengaluru Central City Corporation,Bangalore North,Bengaluru Urban,560008,"Hoysala Nagara Central, Bengaluru Central City Corporation, Bengaluru, Bangalore North, Bengaluru Urban, Karnataka, 560008, India"
8420_1446,12.99407114624506,77.62573604527645,Cox Town,,Cox Town,,Bengaluru,Bengaluru Central City Corporation,Bangalore North,Bengaluru Urban,560005,"Cox Town, Bengaluru Central City Corporation, Bengaluru, Bangalore North, Bengaluru Urban, Karnataka, 560005, India"
8420_1447,13.00305425799497,77.62573604527645,Maruthi Seva Nagara,,Maruthi Seva Nagara,,Bengaluru,Bengaluru North City Corporation,Bangalore North,Bengaluru Urban,,"Maruthi Seva Nagara, Bengaluru North City Corporation, Bengaluru, Bangalore North, Bengaluru Urban, Karnataka, India"
8420_1448,13.01203736974488,77.62573604527645,Maruthi Seva Nagara,,Maruthi Seva Nagara,,Bengaluru,Bengaluru North City Corporation,Bangalore North,Bengaluru Urban,,"Maruthi Seva Nagara, Bengaluru North City Corporation, Bengaluru, Bangalore North, Bengaluru Urban, Karnataka, India"
8420_1449,13.021020481494787,77.62573604527645,Lingarajpura,,Lingarajpura,,Bengaluru,Bengaluru North City Corporation,Bangalore North,Bengaluru Urban,560084,"Lingarajpura, Bengaluru North City Corporation, Bengaluru, Bangalore North, Bengaluru Urban, Karnataka, 560084, India"
8420_1450,13.0300035932447,77.62573604527645,HBR Layout,,HBR Layout,,Bengaluru,Bengaluru North City Corporation,Bangalore North,Bengaluru Urban,,"HBR Layout, Bengaluru North City Corporation, Bengaluru, Bangalore North, Bengaluru Urban, Karnataka, India"
8420_1451,13.03898670499461,77.62573604527645,Hennur,,Hennur,,Bengaluru,Bengaluru North City Corporation,Bangalore North,Bengaluru Urban,,"Hennur, Bengaluru North City Corporation, Bengaluru, Bangalore North, Bengaluru Urban, Karnataka, India"
8420_1452,13.04796981674452,77.62573604527645,Kempapura,,Kempapura,,Bengaluru,Bengaluru North City Corporation,Bangalore North,Bengaluru Urban,560024,"Kempapura, Bengaluru North City Corporation, Bengaluru, Bangalore North, Bengaluru Urban, Karnataka, 560024, India"
8420_1453,13.05695292849443,77.62573604527645,Jakkur,,Jakkur,,Bengaluru,Bengaluru North City Corporation,Yelahanka taluku,Bengaluru Urban,,"Jakkur, Bengaluru North City Corporation, Bengaluru, Yelahanka taluku, Bengaluru Urban, Karnataka, India"
8420_1454,13.06593604024434,77.62573604527645,Jakkur,,Jakkur,,Bengaluru,Bengaluru North City Corporation,Yelahanka taluku,Bengaluru Urban,,"Jakkur, Bengaluru North City Corporation, Bengaluru, Yelahanka taluku, Bengaluru Urban, Karnataka, India"
8420_1455,13.074919151994251,77.62573604527645,Sampigehalli,,Sampigehalli,,Bengaluru,Bengaluru North City Corporation,Yelahanka taluku,Bengaluru Urban,,"Sampigehalli, Bengaluru North City Corporation, Bengaluru, Yelahanka taluku, Bengaluru Urban, Karnataka, India"
8420_1456,13.08390226374416,77.62573604527645,Sampigehalli,,Sampigehalli,,Bengaluru,Bengaluru North City Corporation,Yelahanka taluku,Bengaluru Urban,,"Sampigehalli, Bengaluru North City Corporation, Bengaluru, Yelahanka taluku, Bengaluru Urban, Karnataka, India"
8420_1457,13.09288537549407,77.62573604527645,Sampigehalli,,Sampigehalli,,Bengaluru,Bengaluru North City Corporation,Yelahanka taluku,Bengaluru Urban,,"Sampigehalli, Bengaluru North City Corporation, Bengaluru, Yelahanka taluku, Bengaluru Urban, Karnataka, India"
8420_1458,13.101868487243982,77.62573604527645,Kogilu,,Kogilu,,Bengaluru,Bengaluru North City Corporation,Yelahanka taluku,Bengaluru Urban,,"Kogilu, Bengaluru North City Corporation, Bengaluru, Yelahanka taluku, Bengaluru Urban, Karnataka, India"
8420_1459,13.110851598993891,77.62573604527645,Kogilu,,Kogilu,,Bengaluru,Bengaluru North City Corporation,Yelahanka taluku,Bengaluru Urban,,"Kogilu, Bengaluru North City Corporation, Bengaluru, Yelahanka taluku, Bengaluru Urban, Karnataka, India"
8420_1460,13.119834710743802,77.62573604527645,Kogilu,,Kogilu,,Bengaluru,Bengaluru North City Corporation,Yelahanka taluku,Bengaluru Urban,,"Kogilu, Bengaluru North City Corporation, Bengaluru, Yelahanka taluku, Bengaluru Urban, Karnataka, India"
8420_1461,13.128817822493712,77.62573604527645,Kodagalahatti,,,,,,Yelahanka taluku,Bengaluru Urban,562149,"Kodagalahatti, Yelahanka taluku, Bengaluru Urban, Karnataka, 562149, India"
8420_1462,13.13780093424362,77.62573604527645,Kodagalahatti,,,,,,Yelahanka taluku,Bengaluru Urban,562149,"Kodagalahatti, Yelahanka taluku, Bengaluru Urban, Karnataka, 562149, India"
8420_1463,13.146784045993533,77.62573604527645,Kodagalahatti,,,,,,Yelahanka taluku,Bengaluru Urban,562149,"Kodagalahatti, Yelahanka taluku, Bengaluru Urban, Karnataka, 562149, India"
8421_1424,12.796442687747035,77.63495470640646,Jigani,,,,,Jigani,Anekal,Bengaluru Urban,560105,"Jigani, Anekal, Bengaluru Urban, Karnataka, 560105, India"
8421_1425,12.805425799496946,77.63495470640646,Hulimangala,,,,,,Anekal,Bengaluru Urban,560105,"Hulimangala, Anekal, Bengaluru Urban, Karnataka, 560105, India"
8421_1426,12.814408911246856,77.63495470640646,Hulimangala,,,,,,Anekal,Bengaluru Urban,560105,"Hulimangala, Anekal, Bengaluru Urban, Karnataka, 560105, India"
8421_1427,12.823392022996766,77.63495470640646,Bangipura,,,,,Bangipura,Anekal,Bengaluru Urban,,"Bangipura, Anekal, Bengaluru Urban, Karnataka, India"
8421_1428,12.832375134746677,77.63495470640646,Bangipura,,,,,Bangipura,Anekal,Bengaluru Urban,,"Bangipura, Anekal, Bengaluru Urban, Karnataka, India"
8421_1429,12.841358246496586,77.63495470640646,Vittasandra,,,,,,Bangalore South,Bengaluru Urban,560100,"Vittasandra, Bangalore South, Bengaluru Urban, Karnataka, 560100, India"
8421_1430,12.850341358246496,77.63495470640646,Vittasandra,,,,,,Bangalore South,Bengaluru Urban,560100,"Vittasandra, Bangalore South, Bengaluru Urban, Karnataka, 560100, India"
8421_1431,12.859324469996409,77.63495470640646,Vittasandra,,,,,,Bangalore South,Bengaluru Urban,560100,"Vittasandra, Bangalore South, Bengaluru Urban, Karnataka, 560100, India"
8421_1432,12.868307581746317,77.63495470640646,Vishwapriya Nagara,,Vishwapriya Nagara,,Bengaluru,Bengaluru South City Corporation,Bangalore South,Bengaluru Urban,560114,"Vishwapriya Nagara, Bengaluru South City Corporation, Bengaluru, Bangalore South, Bengaluru Urban, Karnataka, 560114, India"
8421_1433,12.877290693496228,77.63495470640646,Vishwapriya Nagara,,Vishwapriya Nagara,,Bengaluru,Bengaluru South City Corporation,Bangalore South,Bengaluru Urban,560114,"Vishwapriya Nagara, Bengaluru South City Corporation, Bengaluru, Bangalore South, Bengaluru Urban, Karnataka, 560114, India"
8421_1434,12.886273805246136,77.63495470640646,Vishwapriya Nagara,,Vishwapriya Nagara,,Bengaluru,Bengaluru South City Corporation,Bangalore South,Bengaluru Urban,560114,"Vishwapriya Nagara, Bengaluru South City Corporation, Bengaluru, Bangalore South, Bengaluru Urban, Karnataka, 560114, India"
8421_1435,12.895256916996049,77.63495470640646,Garvebavi Palya,,Garvebavi Palya,,Bengaluru,Bengaluru South City Corporation,Bangalore South,Bengaluru Urban,,"Garvebavi Palya, Bengaluru South City Corporation, Bengaluru, Bangalore South, Bengaluru Urban, Karnataka, India"
8421_1436,12.904240028745958,77.63495470640646,Mangammana Palya,,Mangammana Palya,,Bengaluru,Bengaluru South City Corporation,Bangalore South,Bengaluru Urban,,"Mangammana Palya, Bengaluru South City Corporation, Bengaluru, Bangalore South, Bengaluru Urban, Karnataka, India"
8421_1437,12.913223140495868,77.63495470640646,HSR Layout,,HSR Layout,,Bengaluru,Bengaluru South City Corporation,Bangalore South,Bengaluru Urban,,"Sector 6, HSR Layout, Bengaluru South City Corporation, Bengaluru, Bangalore South, Bengaluru Urban, Karnataka, India"
8421_1438,12.922206252245775,77.63495470640646,HSR Layout,,HSR Layout,,Bengaluru,Bengaluru South City Corporation,Bangalore South,Bengaluru Urban,,"Sector 5, HSR Layout, Bengaluru South City Corporation, Bengaluru, Bangalore South, Bengaluru Urban, Karnataka, India"
8421_1439,12.931189363995689,77.63495470640646,Kormangala East,,Kormangala East,,Bengaluru,Bengaluru South City Corporation,Bangalore South,Bengaluru Urban,560034,"Kormangala East, Bengaluru South City Corporation, Bengaluru, Bangalore South, Bengaluru Urban, Karnataka, 560034, India"
8421_1440,12.940172475745598,77.63495470640646,Agaram,,Agaram,,Bengaluru,Bengaluru Central City Corporation,Bangalore North,Bengaluru Urban,560007,"Agaram, Bengaluru Central City Corporation, Bengaluru, Bangalore North, Bengaluru Urban, Karnataka, 560007, India"
8421_1441,12.94915558749551,77.63495470640646,Agaram,,Agaram,,Bengaluru,Bengaluru Central City Corporation,Bangalore North,Bengaluru Urban,560007,"Agaram, Bengaluru Central City Corporation, Bengaluru, Bangalore North, Bengaluru Urban, Karnataka, 560007, India"
8421_1442,12.95813869924542,77.63495470640646,Agaram,,Agaram,,Bengaluru,Bengaluru Central City Corporation,Bangalore North,Bengaluru Urban,560007,"Agaram, Bengaluru Central City Corporation, Bengaluru, Bangalore North, Bengaluru Urban, Karnataka, 560007, India"
8421_1443,12.967121810995328,77.63495470640646,Agaram,,Agaram,,Bengaluru,Bengaluru Central City Corporation,Bangalore North,Bengaluru Urban,560007,"Agaram, Bengaluru Central City Corporation, Bengaluru, Bangalore North, Bengaluru Urban, Karnataka, 560007, India"
8421_1444,12.97610492274524,77.63495470640646,Hoysala Nagara Central,,Hoysala Nagara Central,,Bengaluru,Bengaluru Central City Corporation,Bangalore North,Bengaluru Urban,560008,"Hoysala Nagara Central, Bengaluru Central City Corporation, Bengaluru, Bangalore North, Bengaluru Urban, Karnataka, 560008, India"
8421_1445,12.98508803449515,77.63495470640646,Hoysala Nagara Central,,Hoysala Nagara Central,,Bengaluru,Bengaluru Central City Corporation,Bangalore North,Bengaluru Urban,560008,"Hoysala Nagara Central, Bengaluru Central City Corporation, Bengaluru, Bangalore North, Bengaluru Urban, Karnataka, 560008, India"
8421_1446,12.99407114624506,77.63495470640646,Jeevanahalli,,Jeevanahalli,,Bengaluru,Bengaluru North City Corporation,Bangalore North,Bengaluru Urban,,"Jeevanahalli, Bengaluru North City Corporation, Bengaluru, Bangalore North, Bengaluru Urban, Karnataka, India"
8421_1447,13.00305425799497,77.63495470640646,Maruthi Seva Nagara,,Maruthi Seva Nagara,,Bengaluru,Bengaluru North City Corporation,Bangalore North,Bengaluru Urban,,"Maruthi Seva Nagara, Bengaluru North City Corporation, Bengaluru, Bangalore North, Bengaluru Urban, Karnataka, India"
8421_1448,13.01203736974488,77.63495470640646,HRBR Layout,,HRBR Layout,,Bengaluru,Bengaluru North City Corporation,Bangalore North,Bengaluru Urban,,"HRBR Layout, Bengaluru North City Corporation, Bengaluru, Bangalore North, Bengaluru Urban, Karnataka, India"
8421_1449,13.021020481494787,77.63495470640646,Kacharakanahalli,,Kacharakanahalli,,Bengaluru,Bengaluru North City Corporation,Bangalore North,Bengaluru Urban,,"Kacharakanahalli, Bengaluru North City Corporation, Bengaluru, Bangalore North, Bengaluru Urban, Karnataka, India"
8421_1450,13.0300035932447,77.63495470640646,HBR Layout,,HBR Layout,,Bengaluru,Bengaluru North City Corporation,Bangalore North,Bengaluru Urban,,"HBR Layout, Bengaluru North City Corporation, Bengaluru, Bangalore North, Bengaluru Urban, Karnataka, India"
8421_1451,13.03898670499461,77.63495470640646,Hennur,,Hennur,,Bengaluru,Bengaluru North City Corporation,Bangalore North,Bengaluru Urban,,"Hennur, Bengaluru North City Corporation, Bengaluru, Bangalore North, Bengaluru Urban, Karnataka, India"
8421_1452,13.04796981674452,77.63495470640646,Thanisandra,,Thanisandra,,Bengaluru,Bengaluru North City Corporation,Bangalore East,Bengaluru Urban,,"Thanisandra, Bengaluru North City Corporation, Bengaluru, Bangalore East, Bengaluru Urban, Karnataka, India"
8421_1453,13.05695292849443,77.63495470640646,Thanisandra,,Thanisandra,,Bengaluru,Bengaluru North City Corporation,Bangalore East,Bengaluru Urban,,"Thanisandra, Bengaluru North City Corporation, Bengaluru, Bangalore East, Bengaluru Urban, Karnataka, India"
8421_1454,13.06593604024434,77.63495470640646,Sampigehalli,,Sampigehalli,,Bengaluru,Bengaluru North City Corporation,Yelahanka taluku,Bengaluru Urban,,"Sampigehalli, Bengaluru North City Corporation, Bengaluru, Yelahanka taluku, Bengaluru Urban, Karnataka, India"
8421_1455,13.074919151994251,77.63495470640646,Sampigehalli,,Sampigehalli,,Bengaluru,Bengaluru North City Corporation,Yelahanka taluku,Bengaluru Urban,,"Sampigehalli, Bengaluru North City Corporation, Bengaluru, Yelahanka taluku, Bengaluru Urban, Karnataka, India"
8421_1456,13.08390226374416,77.63495470640646,Kogilu,,Kogilu,,Bengaluru,Bengaluru North City Corporation,Yelahanka taluku,Bengaluru Urban,,"Kogilu, Bengaluru North City Corporation, Bengaluru, Yelahanka taluku, Bengaluru Urban, Karnataka, India"
8421_1457,13.09288537549407,77.63495470640646,Sampigehalli,,Sampigehalli,,Bengaluru,Bengaluru North City Corporation,Yelahanka taluku,Bengaluru Urban,,"Sampigehalli, Bengaluru North City Corporation, Bengaluru, Yelahanka taluku, Bengaluru Urban, Karnataka, India"
8421_1458,13.101868487243982,77.63495470640646,Kogilu,,Kogilu,,Bengaluru,Bengaluru North City Corporation,Yelahanka taluku,Bengaluru Urban,,"Kogilu, Bengaluru North City Corporation, Bengaluru, Yelahanka taluku, Bengaluru Urban, Karnataka, India"
8421_1459,13.110851598993891,77.63495470640646,Kogilu,,Kogilu,,Bengaluru,Bengaluru North City Corporation,Yelahanka taluku,Bengaluru Urban,,"Kogilu, Bengaluru North City Corporation, Bengaluru, Yelahanka taluku, Bengaluru Urban, Karnataka, India"
8421_1460,13.119834710743802,77.63495470640646,Satanuru,,,,,,Yelahanka taluku,Bengaluru Urban,562149,"Satanuru, Yelahanka taluku, Bengaluru Urban, Karnataka, 562149, India"
8421_1461,13.128817822493712,77.63495470640646,Satanuru,,,,,,Yelahanka taluku,Bengaluru Urban,562149,"Satanuru, Yelahanka taluku, Bengaluru Urban, Karnataka, 562149, India"
8421_1462,13.13780093424362,77.63495470640646,Kodagalahatti,,,,,,Yelahanka taluku,Bengaluru Urban,562149,"Kodagalahatti, Yelahanka taluku, Bengaluru Urban, Karnataka, 562149, India"
8421_1463,13.146784045993533,77.63495470640646,Kodagalahatti,,,,,,Yelahanka taluku,Bengaluru Urban,562149,"Kodagalahatti, Yelahanka taluku, Bengaluru Urban, Karnataka, 562149, India"
8422_1424,12.796442687747035,77.64417336753648,Nanjapura,,,,,,Anekal,Bengaluru Urban,560105,"Nanjapura, Anekal, Bengaluru Urban, Karnataka, 560105, India"
8422_1425,12.805425799496946,77.64417336753648,Nanjapura,,,,,,Anekal,Bengaluru Urban,560105,"Nanjapura, Anekal, Bengaluru Urban, Karnataka, 560105, India"
8422_1426,12.814408911246856,77.64417336753648,Hulimangala,,,,,,Anekal,Bengaluru Urban,560105,"Hulimangala, Anekal, Bengaluru Urban, Karnataka, 560105, India"
8422_1427,12.823392022996766,77.64417336753648,Hulimangala,,,,,,Anekal,Bengaluru Urban,560105,"Hulimangala, Anekal, Bengaluru Urban, Karnataka, 560105, India"
8422_1428,12.832375134746677,77.64417336753648,Hulimangala,,,,,,Anekal,Bengaluru Urban,560105,"Hulimangala, Anekal, Bengaluru Urban, Karnataka, 560105, India"
8422_1429,12.841358246496586,77.64417336753648,Vittasandra,,,,,,Bangalore South,Bengaluru Urban,560100,"Vittasandra, Bangalore South, Bengaluru Urban, Karnataka, 560100, India"
8422_1430,12.850341358246496,77.64417336753648,Vittasandra,,,,,,Bangalore South,Bengaluru Urban,560100,"Vittasandra, Bangalore South, Bengaluru Urban, Karnataka, 560100, India"
8422_1431,12.859324469996409,77.64417336753648,Chikkathoguru,,Chikkathoguru,,Bengaluru,Bengaluru South City Corporation,Bangalore South,Bengaluru Urban,560500,"Chikkathoguru, Bengaluru South City Corporation, Bengaluru, Bangalore South, Bengaluru Urban, Karnataka, 560500, India"
8422_1432,12.868307581746317,77.64417336753648,Chikkathoguru,,Chikkathoguru,,Bengaluru,Bengaluru South City Corporation,Bangalore South,Bengaluru Urban,560500,"Chikkathoguru, Bengaluru South City Corporation, Bengaluru, Bangalore South, Bengaluru Urban, Karnataka, 560500, India"
8422_1433,12.877290693496228,77.64417336753648,Singasandra,,Singasandra,,Bengaluru,Bengaluru South City Corporation,Bangalore South,Bengaluru Urban,,"Singasandra, Bengaluru South City Corporation, Bengaluru, Bangalore South, Bengaluru Urban, Karnataka, India"
8422_1434,12.886273805246136,77.64417336753648,Kudlu,,Kudlu,,Bengaluru,Bengaluru South City Corporation,Anekal,Bengaluru Urban,,"Kudlu, Bengaluru South City Corporation, Bengaluru, Anekal, Bengaluru Urban, Karnataka, India"
8422_1435,12.895256916996049,77.64417336753648,Hosapalya,,Hosapalya,,Bengaluru,Bengaluru South City Corporation,Bangalore South,Bengaluru Urban,560068,"Hosapalya, Bengaluru South City Corporation, Bengaluru, Bangalore South, Bengaluru Urban, Karnataka, 560068, India"
8422_1436,12.904240028745958,77.64417336753648,Agara,,Agara,,Bengaluru,Bengaluru South City Corporation,Bangalore South,Bengaluru Urban,560102,"Agara, Bengaluru South City Corporation, Bengaluru, Bangalore South, Bengaluru Urban, Karnataka, 560102, India"
8422_1437,12.913223140495868,77.64417336753648,HSR Layout,,HSR Layout,,Bengaluru,Bengaluru South City Corporation,Bangalore South,Bengaluru Urban,,"Sector 4, HSR Layout, Bengaluru South City Corporation, Bengaluru, Bangalore South, Bengaluru Urban, Karnataka, India"
8422_1438,12.922206252245775,77.64417336753648,HSR Layout,,HSR Layout,,Bengaluru,Bengaluru South City Corporation,Bangalore South,Bengaluru Urban,,"Sector 5, HSR Layout, Bengaluru South City Corporation, Bengaluru, Bangalore South, Bengaluru Urban, Karnataka, India"
8422_1439,12.931189363995689,77.64417336753648,Agaram,,Agaram,,Bengaluru,Bengaluru Central City Corporation,Bangalore North,Bengaluru Urban,560007,"Agaram, Bengaluru Central City Corporation, Bengaluru, Bangalore North, Bengaluru Urban, Karnataka, 560007, India"
8422_1440,12.940172475745598,77.64417336753648,Agaram,,Agaram,,Bengaluru,Bengaluru Central City Corporation,Bangalore North,Bengaluru Urban,560007,"Agaram, Bengaluru Central City Corporation, Bengaluru, Bangalore North, Bengaluru Urban, Karnataka, 560007, India"
8422_1441,12.94915558749551,77.64417336753648,Yamalur,,Yamalur,,Bengaluru,Bengaluru East City Corporation,Bangalore East,Bengaluru Urban,,"Yamalur, Bengaluru East City Corporation, Bengaluru, Bangalore East, Bengaluru Urban, Karnataka, India"
8422_1442,12.95813869924542,77.64417336753648,Kodihalli,,Kodihalli,,Bengaluru,Bengaluru Central City Corporation,Bangalore East,Bengaluru Urban,,"Kodihalli, Bengaluru Central City Corporation, Bengaluru, Bangalore East, Bengaluru Urban, Karnataka, India"
8422_1443,12.967121810995328,77.64417336753648,Kodihalli,,Kodihalli,,Bengaluru,Bengaluru Central City Corporation,Bangalore East,Bengaluru Urban,,"Kodihalli, Bengaluru Central City Corporation, Bengaluru, Bangalore East, Bengaluru Urban, Karnataka, India"
8422_1444,12.97610492274524,77.64417336753648,Defence Colony,Defence Colony,Indiranagar,,Bengaluru,Bengaluru Central City Corporation,Bangalore East,Bengaluru Urban,,"Defence Colony, Indiranagar, Bengaluru Central City Corporation, Bengaluru, Bangalore East, Bengaluru Urban, Karnataka, India"
8422_1445,12.98508803449515,77.64417336753648,Indiranagar,,Indiranagar,,Bengaluru,Bengaluru Central City Corporation,Bangalore North,Bengaluru Urban,560038,"Indiranagar, Bengaluru Central City Corporation, Bengaluru, Bangalore North, Bengaluru Urban, Karnataka, 560038, India"
8422_1446,12.99407114624506,77.64417336753648,Old Baiyappanahalli,,Old Baiyappanahalli,,Bengaluru,Bengaluru Central City Corporation,Bangalore East,Bengaluru Urban,,"Old Baiyappanahalli, Bengaluru Central City Corporation, Bengaluru, Bangalore East, Bengaluru Urban, Karnataka, India"
8422_1447,13.00305425799497,77.64417336753648,Kasturi Nagar,,Kasturi Nagar,,Bengaluru,Bengaluru Central City Corporation,Bangalore East,Bengaluru Urban,560033,"Kasturi Nagar, Bengaluru Central City Corporation, Bengaluru, Bangalore East, Bengaluru Urban, Karnataka, 560033, India"
8422_1448,13.01203736974488,77.64417336753648,Kalyanagar,,Kalyanagar,,Bengaluru,Bengaluru North City Corporation,Bangalore North,Bengaluru Urban,560043,"Kalyanagar, Bengaluru North City Corporation, Bengaluru, Bangalore North, Bengaluru Urban, Karnataka, 560043, India"
8422_1449,13.021020481494787,77.64417336753648,Kalyanagar,,Kalyanagar,,Bengaluru,Bengaluru North City Corporation,Bangalore North,Bengaluru Urban,560043,"Kalyanagar, Bengaluru North City Corporation, Bengaluru, Bangalore North, Bengaluru Urban, Karnataka, 560043, India"
8422_1450,13.0300035932447,77.64417336753648,Chellakere,,Chellakere,,Bengaluru,Bengaluru East City Corporation,Bangalore East,Bengaluru Urban,,"Chellakere, Bengaluru East City Corporation, Bengaluru, Bangalore East, Bengaluru Urban, Karnataka, India"
8422_1451,13.03898670499461,77.64417336753648,Chellakere,,Chellakere,,Bengaluru,Bengaluru East City Corporation,Bangalore East,Bengaluru Urban,,"Chellakere, Bengaluru East City Corporation, Bengaluru, Bangalore East, Bengaluru Urban, Karnataka, India"
8422_1452,13.04796981674452,77.64417336753648,K Narayanapura,,K Narayanapura,,Bengaluru,Bengaluru East City Corporation,Bangalore East,Bengaluru Urban,,"K Narayanapura, Bengaluru East City Corporation, Bengaluru, Bangalore East, Bengaluru Urban, Karnataka, India"
8422_1453,13.05695292849443,77.64417336753648,K Narayanapura,,K Narayanapura,,Bengaluru,Bengaluru East City Corporation,Bangalore East,Bengaluru Urban,,"K Narayanapura, Bengaluru East City Corporation, Bengaluru, Bangalore East, Bengaluru Urban, Karnataka, India"
8422_1454,13.06593604024434,77.64417336753648,K Narayanapura,,K Narayanapura,,Bengaluru,Bengaluru East City Corporation,Bangalore East,Bengaluru Urban,,"K Narayanapura, Bengaluru East City Corporation, Bengaluru, Bangalore East, Bengaluru Urban, Karnataka, India"
8422_1455,13.074919151994251,77.64417336753648,K Narayanapura,,K Narayanapura,,Bengaluru,Bengaluru East City Corporation,Bangalore East,Bengaluru Urban,,"K Narayanapura, Bengaluru East City Corporation, Bengaluru, Bangalore East, Bengaluru Urban, Karnataka, India"
8422_1456,13.08390226374416,77.64417336753648,Kogilu,,Kogilu,,Bengaluru,Bengaluru North City Corporation,Yelahanka taluku,Bengaluru Urban,,"Kogilu, Bengaluru North City Corporation, Bengaluru, Yelahanka taluku, Bengaluru Urban, Karnataka, India"
8422_1457,13.09288537549407,77.64417336753648,Kogilu,,Kogilu,,Bengaluru,Bengaluru North City Corporation,Yelahanka taluku,Bengaluru Urban,,"Kogilu, Bengaluru North City Corporation, Bengaluru, Yelahanka taluku, Bengaluru Urban, Karnataka, India"
8422_1458,13.101868487243982,77.64417336753648,Kogilu,,Kogilu,,Bengaluru,Bengaluru North City Corporation,Yelahanka taluku,Bengaluru Urban,,"Kogilu, Bengaluru North City Corporation, Bengaluru, Yelahanka taluku, Bengaluru Urban, Karnataka, India"
8422_1459,13.110851598993891,77.64417336753648,Mitaganahalli,,,,,,Bangalore East,Bengaluru Urban,562149,"Mitaganahalli, Bangalore East, Bengaluru Urban, Karnataka, 562149, India"
8422_1460,13.119834710743802,77.64417336753648,Satanuru,,,,,,Yelahanka taluku,Bengaluru Urban,562149,"Satanuru, Yelahanka taluku, Bengaluru Urban, Karnataka, 562149, India"
8422_1461,13.128817822493712,77.64417336753648,Satanuru,,,,,,Yelahanka taluku,Bengaluru Urban,562149,"Satanuru, Yelahanka taluku, Bengaluru Urban, Karnataka, 562149, India"
8422_1462,13.13780093424362,77.64417336753648,Hosahalli,,,,,,Yelahanka taluku,Bengaluru Urban,562149,"Hosahalli, Yelahanka taluku, Bengaluru Urban, Karnataka, 562149, India"
8422_1463,13.146784045993533,77.64417336753648,Hosahalli,,,,,,Yelahanka taluku,Bengaluru Urban,562149,"Hosahalli, Yelahanka taluku, Bengaluru Urban, Karnataka, 562149, India"
8423_1424,12.796442687747035,77.65339202866649,Bandenallasandra,,,,,,Anekal,Bengaluru Urban,560105,"Bandenallasandra, Anekal, Bengaluru Urban, Karnataka, 560105, India"
8423_1425,12.805425799496946,77.65339202866649,Vabasandra,,,,,Vabasandra,Anekal,Bengaluru Urban,,"Vabasandra, Anekal, Bengaluru Urban, Karnataka, India"
8423_1426,12.814408911246856,77.65339202866649,Vabasandra,,,,,Vabasandra,Anekal,Bengaluru Urban,,"Vabasandra, Anekal, Bengaluru Urban, Karnataka, India"
8423_1427,12.823392022996766,77.65339202866649,Hulimangala,,,,,,Anekal,Bengaluru Urban,560105,"Hulimangala, Anekal, Bengaluru Urban, Karnataka, 560105, India"
8423_1428,12.832375134746677,77.65339202866649,Maragondanahalli,,,,,Maragondanahalli,Anekal,Bengaluru Urban,,"Maragondanahalli, Anekal, Bengaluru Urban, Karnataka, India"
8423_1429,12.841358246496586,77.65339202866649,Electronics City Phase 1,,,Electronic City,,,Bangalore South,Bengaluru Urban,560100,"Electronics City Phase 1, Electronic City, Bangalore South, Bengaluru Urban, Karnataka, 560100, India"
8423_1430,12.850341358246496,77.65339202866649,Electronics City Phase 1,,,Electronic City,,,Bangalore South,Bengaluru Urban,560100,"Electronics City Phase 1, Electronic City, Bangalore South, Bengaluru Urban, Karnataka, 560100, India"
8423_1431,12.859324469996409,77.65339202866649,Chikkathoguru,,Chikkathoguru,,Bengaluru,Bengaluru South City Corporation,Bangalore South,Bengaluru Urban,560500,"Chikkathoguru, Bengaluru South City Corporation, Bengaluru, Bangalore South, Bengaluru Urban, Karnataka, 560500, India"
8423_1432,12.868307581746317,77.65339202866649,Chikkathoguru,,Chikkathoguru,,Bengaluru,Bengaluru South City Corporation,Bangalore South,Bengaluru Urban,560500,"Chikkathoguru, Bengaluru South City Corporation, Bengaluru, Bangalore South, Bengaluru Urban, Karnataka, 560500, India"
8423_1433,12.877290693496228,77.65339202866649,Bandepalya,,Bandepalya,,Bengaluru,Bengaluru South City Corporation,Bangalore South,Bengaluru Urban,,"Bandepalya, Bengaluru South City Corporation, Bengaluru, Bangalore South, Bengaluru Urban, Karnataka, India"
8423_1434,12.886273805246136,77.65339202866649,Kudlu,,Kudlu,,Bengaluru,Bengaluru South City Corporation,Anekal,Bengaluru Urban,,"Kudlu, Bengaluru South City Corporation, Bengaluru, Anekal, Bengaluru Urban, Karnataka, India"
8423_1435,12.895256916996049,77.65339202866649,Hosapalya,,Hosapalya,,Bengaluru,Bengaluru South City Corporation,Bangalore South,Bengaluru Urban,560068,"Hosapalya, Bengaluru South City Corporation, Bengaluru, Bangalore South, Bengaluru Urban, Karnataka, 560068, India"
8423_1436,12.904240028745958,77.65339202866649,HSR Layout,,HSR Layout,,Bengaluru,Bengaluru South City Corporation,Bangalore South,Bengaluru Urban,,"Sector 2, HSR Layout, Bengaluru South City Corporation, Bengaluru, Bangalore South, Bengaluru Urban, Karnataka, India"
8423_1437,12.913223140495868,77.65339202866649,HSR Layout,,HSR Layout,,Bengaluru,Bengaluru South City Corporation,Bangalore South,Bengaluru Urban,560102,"Sector 1, HSR Layout, Bengaluru South City Corporation, Bengaluru, Bangalore South, Bengaluru Urban, Karnataka, 560102, India"
8423_1438,12.922206252245775,77.65339202866649,Agaram,,Agaram,,Bengaluru,Bengaluru Central City Corporation,Bangalore North,Bengaluru Urban,560007,"Agaram, Bengaluru Central City Corporation, Bengaluru, Bangalore North, Bengaluru Urban, Karnataka, 560007, India"
8423_1439,12.931189363995689,77.65339202866649,Agaram,,Agaram,,Bengaluru,Bengaluru Central City Corporation,Bangalore North,Bengaluru Urban,560007,"Agaram, Bengaluru Central City Corporation, Bengaluru, Bangalore North, Bengaluru Urban, Karnataka, 560007, India"
8423_1440,12.940172475745598,77.65339202866649,Agaram,,Agaram,,Bengaluru,Bengaluru Central City Corporation,Bangalore North,Bengaluru Urban,560007,"Agaram, Bengaluru Central City Corporation, Bengaluru, Bangalore North, Bengaluru Urban, Karnataka, 560007, India"
8423_1441,12.94915558749551,77.65339202866649,Vibhootipura,,Vibhootipura,,Bengaluru,Bengaluru East City Corporation,Bangalore East,Bengaluru Urban,560017,"Vibhootipura, Bengaluru East City Corporation, Bengaluru, Bangalore East, Bengaluru Urban, Karnataka, 560017, India"
8423_1442,12.95813869924542,77.65339202866649,Jeevan Bhimanagar,,Jeevan Bhimanagar,,Bengaluru,Bengaluru Central City Corporation,Bangalore East,Bengaluru Urban,560075,"Jeevan Bhimanagar, Bengaluru Central City Corporation, Bengaluru, Bangalore East, Bengaluru Urban, Karnataka, 560075, India"
8423_1443,12.967121810995328,77.65339202866649,Jeevan Bhimanagar,,Jeevan Bhimanagar,,Bengaluru,Bengaluru Central City Corporation,Bangalore East,Bengaluru Urban,560075,"Jeevan Bhimanagar, Bengaluru Central City Corporation, Bengaluru, Bangalore East, Bengaluru Urban, Karnataka, 560075, India"
8423_1444,12.97610492274524,77.65339202866649,Indiranagar,,Indiranagar,,Bengaluru,Bengaluru Central City Corporation,Bangalore North,Bengaluru Urban,560038,"Indiranagar, Bengaluru Central City Corporation, Bengaluru, Bangalore North, Bengaluru Urban, Karnataka, 560038, India"
8423_1445,12.98508803449515,77.65339202866649,Nagavarapalya,,Nagavarapalya,,Bengaluru,Bengaluru Central City Corporation,Bangalore East,Bengaluru Urban,,"Nagavarapalya, Bengaluru Central City Corporation, Bengaluru, Bangalore East, Bengaluru Urban, Karnataka, India"
8423_1446,12.99407114624506,77.65339202866649,Krishnaiahnapalya,,Krishnaiahnapalya,,Bengaluru,Bengaluru Central City Corporation,Bangalore East,Bengaluru Urban,,"Krishnaiahnapalya, Bengaluru Central City Corporation, Bengaluru, Bangalore East, Bengaluru Urban, Karnataka, India"
8423_1447,13.00305425799497,77.65339202866649,Kasturi Nagar,,Kasturi Nagar,,Bengaluru,Bengaluru Central City Corporation,Bangalore East,Bengaluru Urban,560033,"Kasturi Nagar, Bengaluru Central City Corporation, Bengaluru, Bangalore East, Bengaluru Urban, Karnataka, 560033, India"
8423_1448,13.01203736974488,77.65339202866649,Banaswadi,,Banaswadi,,Bengaluru,Bengaluru North City Corporation,Bangalore East,Bengaluru Urban,,"Banaswadi, Bengaluru North City Corporation, Bengaluru, Bangalore East, Bengaluru Urban, Karnataka, India"
8423_1449,13.021020481494787,77.65339202866649,Babusab Palya,,Babusab Palya,,Bengaluru,Bengaluru East City Corporation,Bangalore East,Bengaluru Urban,560113,"Babusab Palya, Bengaluru East City Corporation, Bengaluru, Bangalore East, Bengaluru Urban, Karnataka, 560113, India"
8423_1450,13.0300035932447,77.65339202866649,Babusab Palya,,Babusab Palya,,Bengaluru,Bengaluru East City Corporation,Bangalore East,Bengaluru Urban,560113,"Babusab Palya, Bengaluru East City Corporation, Bengaluru, Bangalore East, Bengaluru Urban, Karnataka, 560113, India"
8423_1451,13.03898670499461,77.65339202866649,Horamavu,,Horamavu,,Bengaluru,Bengaluru East City Corporation,Bangalore East,Bengaluru Urban,,"Horamavu, Bengaluru East City Corporation, Bengaluru, Bangalore East, Bengaluru Urban, Karnataka, India"
8423_1452,13.04796981674452,77.65339202866649,Byrathi,,Byrathi,,Bengaluru,Bengaluru East City Corporation,Bangalore East,Bengaluru Urban,560077,"Byrathi, Bengaluru East City Corporation, Bengaluru, Bangalore East, Bengaluru Urban, Karnataka, 560077, India"
8423_1453,13.05695292849443,77.65339202866649,Byrathi,,Byrathi,,Bengaluru,Bengaluru East City Corporation,Bangalore East,Bengaluru Urban,560077,"Byrathi, Bengaluru East City Corporation, Bengaluru, Bangalore East, Bengaluru Urban, Karnataka, 560077, India"
8423_1454,13.06593604024434,77.65339202866649,Byrathi,,Byrathi,,Bengaluru,Bengaluru East City Corporation,Bangalore East,Bengaluru Urban,560077,"Byrathi, Bengaluru East City Corporation, Bengaluru, Bangalore East, Bengaluru Urban, Karnataka, 560077, India"
8423_1455,13.074919151994251,77.65339202866649,Byrathi,,Byrathi,,Bengaluru,Bengaluru East City Corporation,Bangalore East,Bengaluru Urban,560077,"Byrathi, Bengaluru East City Corporation, Bengaluru, Bangalore East, Bengaluru Urban, Karnataka, 560077, India"
8423_1456,13.08390226374416,77.65339202866649,Kannuru,,,,,,Bangalore East,Bengaluru Urban,562149,"Kannuru, Bangalore East, Bengaluru Urban, Karnataka, 562149, India"
8423_1457,13.09288537549407,77.65339202866649,Kannuru,,,,,,Bangalore East,Bengaluru Urban,562149,"Kannuru, Bangalore East, Bengaluru Urban, Karnataka, 562149, India"
8423_1458,13.101868487243982,77.65339202866649,Kannuru,,,,,,Bangalore East,Bengaluru Urban,562149,"Kannuru, Bangalore East, Bengaluru Urban, Karnataka, 562149, India"
8423_1459,13.110851598993891,77.65339202866649,Kannuru,,,,,,Bangalore East,Bengaluru Urban,562149,"Kannuru, Bangalore East, Bengaluru Urban, Karnataka, 562149, India"
8423_1460,13.119834710743802,77.65339202866649,Byyappanahalli,,,,,Byyappanahalli,Yelahanka taluku,Bengaluru Urban,,"Byyappanahalli, Yelahanka taluku, Bengaluru Urban, Karnataka, India"
8423_1461,13.128817822493712,77.65339202866649,Byyappanahalli,,,,,Byyappanahalli,Yelahanka taluku,Bengaluru Urban,,"Byyappanahalli, Yelahanka taluku, Bengaluru Urban, Karnataka, India"
8423_1462,13.13780093424362,77.65339202866649,Hosahalli,,,,,,Yelahanka taluku,Bengaluru Urban,562149,"Hosahalli, Yelahanka taluku, Bengaluru Urban, Karnataka, 562149, India"
8423_1463,13.146784045993533,77.65339202866649,Hosahalli,,,,,,Yelahanka taluku,Bengaluru Urban,562149,"Hosahalli, Yelahanka taluku, Bengaluru Urban, Karnataka, 562149, India"
8424_1424,12.796442687747035,77.66261068979651,Rajapura,,,,,,Anekal,Bengaluru Urban,560105,"Rajapura, Anekal, Bengaluru Urban, Karnataka, 560105, India"
8424_1425,12.805425799496946,77.66261068979651,Hyarandahalli,,,,,Hyarandahalli,Anekal,Bengaluru Urban,,"Hyarandahalli, Anekal, Bengaluru Urban, Karnataka, India"
8424_1426,12.814408911246856,77.66261068979651,Hyarandahalli,,,,,Hyarandahalli,Anekal,Bengaluru Urban,,"Hyarandahalli, Anekal, Bengaluru Urban, Karnataka, India"
8424_1427,12.823392022996766,77.66261068979651,Thirupalya,,,,,Thirupalya,Anekal,Bengaluru Urban,,"Thirupalya, Anekal, Bengaluru Urban, Karnataka, India"
8424_1428,12.832375134746677,77.66261068979651,Gollahalli,,,,,Gollahalli,Anekal,Bengaluru Urban,,"Gollahalli, Anekal, Bengaluru Urban, Karnataka, India"
8424_1429,12.841358246496586,77.66261068979651,Electronics City Phase 1,,,Electronic City,,,Bangalore South,Bengaluru Urban,560100,"Electronics City Phase 1, Electronic City, Bangalore South, Bengaluru Urban, Karnataka, 560100, India"
8424_1430,12.850341358246496,77.66261068979651,Electronics City Phase 1,,,Electronic City,,,Bangalore South,Bengaluru Urban,560100,"Electronics City Phase 1, Electronic City, Bangalore South, Bengaluru Urban, Karnataka, 560100, India"
8424_1431,12.859324469996409,77.66261068979651,Electronics City Phase 1,,,Electronic City,,,Bangalore South,Bengaluru Urban,560100,"Electronics City Phase 1, Electronic City, Bangalore South, Bengaluru Urban, Karnataka, 560100, India"
8424_1432,12.868307581746317,77.66261068979651,Naganathapura,,Naganathapura,,Bengaluru,Bengaluru South City Corporation,Bangalore South,Bengaluru Urban,,"Naganathapura, Bengaluru South City Corporation, Bengaluru, Bangalore South, Bengaluru Urban, Karnataka, India"
8424_1433,12.877290693496228,77.66261068979651,Naganathapura,,Naganathapura,,Bengaluru,Bengaluru South City Corporation,Bangalore South,Bengaluru Urban,,"Naganathapura, Bengaluru South City Corporation, Bengaluru, Bangalore South, Bengaluru Urban, Karnataka, India"
8424_1434,12.886273805246136,77.66261068979651,Kudlu,,Kudlu,,Bengaluru,Bengaluru South City Corporation,Anekal,Bengaluru Urban,,"Kudlu, Bengaluru South City Corporation, Bengaluru, Anekal, Bengaluru Urban, Karnataka, India"
8424_1435,12.895256916996049,77.66261068979651,Kasavanahalli,,Kasavanahalli,,Bengaluru,Bengaluru South City Corporation,Bangalore South,Bengaluru Urban,,"Kasavanahalli, Bengaluru South City Corporation, Bengaluru, Bangalore South, Bengaluru Urban, Karnataka, India"
8424_1436,12.904240028745958,77.66261068979651,Kasavanahalli,,Kasavanahalli,,Bengaluru,Bengaluru South City Corporation,Bangalore South,Bengaluru Urban,,"Kasavanahalli, Bengaluru South City Corporation, Bengaluru, Bangalore South, Bengaluru Urban, Karnataka, India"
8424_1437,12.913223140495868,77.66261068979651,Kasavanahalli,,Kasavanahalli,,Bengaluru,Bengaluru South City Corporation,Bangalore South,Bengaluru Urban,,"Kasavanahalli, Bengaluru South City Corporation, Bengaluru, Bangalore South, Bengaluru Urban, Karnataka, India"
8424_1438,12.922206252245775,77.66261068979651,Iblur,,Iblur,,Bengaluru,Bengaluru South City Corporation,Bangalore South,Bengaluru Urban,,"Iblur, Bengaluru South City Corporation, Bengaluru, Bangalore South, Bengaluru Urban, Karnataka, India"
8424_1439,12.931189363995689,77.66261068979651,Yamalur,,Yamalur,,Bengaluru,Bengaluru East City Corporation,Bangalore East,Bengaluru Urban,,"Yamalur, Bengaluru East City Corporation, Bengaluru, Bangalore East, Bengaluru Urban, Karnataka, India"
8424_1440,12.940172475745598,77.66261068979651,Yamalur,,Yamalur,,Bengaluru,Bengaluru East City Corporation,Bangalore East,Bengaluru Urban,,"Yamalur, Bengaluru East City Corporation, Bengaluru, Bangalore East, Bengaluru Urban, Karnataka, India"
8424_1441,12.94915558749551,77.66261068979651,Vibhootipura,,Vibhootipura,,Bengaluru,Bengaluru East City Corporation,Bangalore East,Bengaluru Urban,560017,"Vibhootipura, Bengaluru East City Corporation, Bengaluru, Bangalore East, Bengaluru Urban, Karnataka, 560017, India"
8424_1442,12.95813869924542,77.66261068979651,Konena Agrahara,,Konena Agrahara,,Bengaluru,Bengaluru Central City Corporation,Bangalore East,Bengaluru Urban,,"Konena Agrahara, Bengaluru Central City Corporation, Bengaluru, Bangalore East, Bengaluru Urban, Karnataka, India"
8424_1443,12.967121810995328,77.66261068979651,Jagadish Nagar,,Jagadish Nagar,,Bengaluru,Bengaluru East City Corporation,Bangalore East,Bengaluru Urban,,"Jagadish Nagar, Bengaluru East City Corporation, Bengaluru, Bangalore East, Bengaluru Urban, Karnataka, India"
8424_1444,12.97610492274524,77.66261068979651,New Thippasandra,,New Thippasandra,,Bengaluru,Bengaluru Central City Corporation,Bangalore East,Bengaluru Urban,,"New Thippasandra, Bengaluru Central City Corporation, Bengaluru, Bangalore East, Bengaluru Urban, Karnataka, India"
8424_1445,12.98508803449515,77.66261068979651,Nagavarapalya,,Nagavarapalya,,Bengaluru,Bengaluru Central City Corporation,Bangalore East,Bengaluru Urban,,"Nagavarapalya, Bengaluru Central City Corporation, Bengaluru, Bangalore East, Bengaluru Urban, Karnataka, India"
8424_1446,12.99407114624506,77.66261068979651,Krishnaiahnapalya,,Krishnaiahnapalya,,Bengaluru,Bengaluru Central City Corporation,Bangalore East,Bengaluru Urban,,"Krishnaiahnapalya, Bengaluru Central City Corporation, Bengaluru, Bangalore East, Bengaluru Urban, Karnataka, India"
8424_1447,13.00305425799497,77.66261068979651,Kasturi Nagar,,Kasturi Nagar,,Bengaluru,Bengaluru Central City Corporation,Bangalore East,Bengaluru Urban,560033,"Kasturi Nagar, Bengaluru Central City Corporation, Bengaluru, Bangalore East, Bengaluru Urban, Karnataka, 560033, India"
8424_1448,13.01203736974488,77.66261068979651,Dooravaninagar,,Dooravaninagar,,Bengaluru,Bengaluru East City Corporation,Bangalore East,Bengaluru Urban,,"Dooravaninagar, Bengaluru East City Corporation, Bengaluru, Bangalore East, Bengaluru Urban, Karnataka, India"
8424_1449,13.021020481494787,77.66261068979651,Hoysala Nagara East,,Hoysala Nagara East,,Bengaluru,Bengaluru East City Corporation,Bangalore East,Bengaluru Urban,,"Hoysala Nagara East, Bengaluru East City Corporation, Bengaluru, Bangalore East, Bengaluru Urban, Karnataka, India"
8424_1450,13.0300035932447,77.66261068979651,Horamavu,,Horamavu,,Bengaluru,Bengaluru East City Corporation,Bangalore East,Bengaluru Urban,,"Horamavu, Bengaluru East City Corporation, Bengaluru, Bangalore East, Bengaluru Urban, Karnataka, India"
8424_1451,13.03898670499461,77.66261068979651,Horamavu,,Horamavu,,Bengaluru,Bengaluru East City Corporation,Bangalore East,Bengaluru Urban,,"Horamavu, Bengaluru East City Corporation, Bengaluru, Bangalore East, Bengaluru Urban, Karnataka, India"
8424_1452,13.04796981674452,77.66261068979651,Horamavu,,Horamavu,,Bengaluru,Bengaluru East City Corporation,Bangalore East,Bengaluru Urban,,"Horamavu, Bengaluru East City Corporation, Bengaluru, Bangalore East, Bengaluru Urban, Karnataka, India"
8424_1453,13.05695292849443,77.66261068979651,Horamavu,,Horamavu,,Bengaluru,Bengaluru East City Corporation,Bangalore East,Bengaluru Urban,,"Horamavu, Bengaluru East City Corporation, Bengaluru, Bangalore East, Bengaluru Urban, Karnataka, India"
8424_1454,13.06593604024434,77.66261068979651,Horamavu,,Horamavu,,Bengaluru,Bengaluru East City Corporation,Bangalore East,Bengaluru Urban,,"Horamavu, Bengaluru East City Corporation, Bengaluru, Bangalore East, Bengaluru Urban, Karnataka, India"
8424_1455,13.074919151994251,77.66261068979651,Dodda Gubbi,,,,,,Bangalore East,Bengaluru Urban,560077,"Dodda Gubbi, Bangalore East, Bengaluru Urban, Karnataka, 560077, India"
8424_1456,13.08390226374416,77.66261068979651,Chikkagubbi,,,,,,Bangalore East,Bengaluru Urban,562149,"Chikkagubbi, Bangalore East, Bengaluru Urban, Karnataka, 562149, India"
8424_1457,13.09288537549407,77.66261068979651,Kannuru,,,,,Kadasonnappanahalli,Bangalore East,Bengaluru Urban,562149,"Kada Sonappana Halli, Kadasonnappanahalli, Kannuru, Bangalore East, Bengaluru Urban, Karnataka, 562149, India"
8424_1458,13.101868487243982,77.66261068979651,Kannuru,,,,,Kadasonnappanahalli,Bangalore East,Bengaluru Urban,562149,"Kada Sonappana Halli, Kadasonnappanahalli, Kannuru, Bangalore East, Bengaluru Urban, Karnataka, 562149, India"
8424_1459,13.110851598993891,77.66261068979651,Bagaluru,,,,,Bagaluru,Yelahanka taluku,Bengaluru Urban,,"Bagaluru, Yelahanka taluku, Bengaluru Urban, Karnataka, India"
8424_1460,13.119834710743802,77.66261068979651,Chagalatti,,,,,,Yelahanka taluku,Bengaluru Urban,562149,"Chagalatti, Yelahanka taluku, Bengaluru Urban, Karnataka, 562149, India"
8424_1461,13.128817822493712,77.66261068979651,Bagaluru,,,,,,Yelahanka taluku,Bengaluru Urban,562149,"Bagaluru, Yelahanka taluku, Bengaluru Urban, Karnataka, 562149, India"
8424_1462,13.13780093424362,77.66261068979651,Bagaluru,,,,,,Yelahanka taluku,Bengaluru Urban,562149,"Bagaluru, Yelahanka taluku, Bengaluru Urban, Karnataka, 562149, India"
8424_1463,13.146784045993533,77.66261068979651,Bagaluru,,,,,,Yelahanka taluku,Bengaluru Urban,562149,"Bagaluru, Yelahanka taluku, Bengaluru Urban, Karnataka, 562149, India"
8425_1424,12.796442687747035,77.67182935092652,Hennagara,,,,,,Anekal,Bengaluru Urban,560105,"Hennagara, Anekal, Bengaluru Urban, Karnataka, 560105, India"
8425_1425,12.805425799496946,77.67182935092652,Hyarandahalli,,,,,Hyarandahalli,Anekal,Bengaluru Urban,,"Hyarandahalli, Anekal, Bengaluru Urban, Karnataka, India"
8425_1426,12.814408911246856,77.67182935092652,Hyarandahalli,,,,,Hyarandahalli,Anekal,Bengaluru Urban,,"Hyarandahalli, Anekal, Bengaluru Urban, Karnataka, India"
8425_1427,12.823392022996766,77.67182935092652,Hebbagodi,,,,,Hebbagodi,Anekal,Bengaluru Urban,,"Hebbagodi, Anekal, Bengaluru Urban, Karnataka, India"
8425_1428,12.832375134746677,77.67182935092652,Hebbagodi,,,,,Hebbagodi,Anekal,Bengaluru Urban,,"Hebbagodi, Anekal, Bengaluru Urban, Karnataka, India"
8425_1429,12.841358246496586,77.67182935092652,Electronics City Phase 2 (West),,,,,Veerasandra,Anekal,Bengaluru Urban,560100,"Electronics City Phase 2 (West), Veerasandra, Anekal, Bengaluru Urban, Karnataka, 560100, India"
8425_1430,12.850341358246496,77.67182935092652,Electronics City Phase 2 (East),,,Electronic City,,,Bangalore South,Bengaluru Urban,560100,"Electronics City Phase 2 (East), Electronic City, Bangalore South, Bengaluru Urban, Karnataka, 560100, India"
8425_1431,12.859324469996409,77.67182935092652,Electronics City Phase 1,,,Electronic City,,,Bangalore South,Bengaluru Urban,560100,"Electronics City Phase 1, Electronic City, Bangalore South, Bengaluru Urban, Karnataka, 560100, India"
8425_1432,12.868307581746317,77.67182935092652,Naganathapura,,Naganathapura,,Bengaluru,Bengaluru South City Corporation,Bangalore South,Bengaluru Urban,,"Naganathapura, Bengaluru South City Corporation, Bengaluru, Bangalore South, Bengaluru Urban, Karnataka, India"
8425_1433,12.877290693496228,77.67182935092652,Naganathapura,,Naganathapura,,Bengaluru,Bengaluru South City Corporation,Bangalore South,Bengaluru Urban,,"Naganathapura, Bengaluru South City Corporation, Bengaluru, Bangalore South, Bengaluru Urban, Karnataka, India"
8425_1434,12.886273805246136,77.67182935092652,Kudlu,,Kudlu,,Bengaluru,Bengaluru South City Corporation,Anekal,Bengaluru Urban,,"Kudlu, Bengaluru South City Corporation, Bengaluru, Anekal, Bengaluru Urban, Karnataka, India"
8425_1435,12.895256916996049,77.67182935092652,Kasavanahalli,,Kasavanahalli,,Bengaluru,Bengaluru South City Corporation,Bangalore South,Bengaluru Urban,,"Kasavanahalli, Bengaluru South City Corporation, Bengaluru, Bangalore South, Bengaluru Urban, Karnataka, India"
8425_1436,12.904240028745958,77.67182935092652,Kasavanahalli,,Kasavanahalli,,Bengaluru,Bengaluru South City Corporation,Bangalore South,Bengaluru Urban,,"Kasavanahalli, Bengaluru South City Corporation, Bengaluru, Bangalore South, Bengaluru Urban, Karnataka, India"
8425_1437,12.913223140495868,77.67182935092652,Kasavanahalli,,Kasavanahalli,,Bengaluru,Bengaluru South City Corporation,Bangalore South,Bengaluru Urban,,"Kasavanahalli, Bengaluru South City Corporation, Bengaluru, Bangalore South, Bengaluru Urban, Karnataka, India"
8425_1438,12.922206252245775,77.67182935092652,Shivanasamudra Ward,,Shivanasamudra Ward,,Bengaluru,Bengaluru East City Corporation,Bangalore East,Bengaluru Urban,560103,"Shivanasamudra Ward, Bengaluru East City Corporation, Bengaluru, Bangalore East, Bengaluru Urban, Karnataka, 560103, India"
8425_1439,12.931189363995689,77.67182935092652,Yamalur,,Yamalur,,Bengaluru,Bengaluru East City Corporation,Bangalore East,Bengaluru Urban,,"Yamalur, Bengaluru East City Corporation, Bengaluru, Bangalore East, Bengaluru Urban, Karnataka, India"
8425_1440,12.940172475745598,77.67182935092652,Yamalur,,Yamalur,,Bengaluru,Bengaluru East City Corporation,Bangalore East,Bengaluru Urban,,"Yamalur, Bengaluru East City Corporation, Bengaluru, Bangalore East, Bengaluru Urban, Karnataka, India"
8425_1441,12.94915558749551,77.67182935092652,Vibhootipura,,Vibhootipura,,Bengaluru,Bengaluru East City Corporation,Bangalore East,Bengaluru Urban,560017,"Vibhootipura, Bengaluru East City Corporation, Bengaluru, Bangalore East, Bengaluru Urban, Karnataka, 560017, India"
8425_1442,12.95813869924542,77.67182935092652,Vibhootipura,,Vibhootipura,,Bengaluru,Bengaluru East City Corporation,Bangalore East,Bengaluru Urban,560017,"Vibhootipura, Bengaluru East City Corporation, Bengaluru, Bangalore East, Bengaluru Urban, Karnataka, 560017, India"
8425_1443,12.967121810995328,77.67182935092652,L.B Shastri Nagar,,L.B Shastri Nagar,,Bengaluru,Bengaluru East City Corporation,Bangalore East,Bengaluru Urban,,"L.B Shastri Nagar, Bengaluru East City Corporation, Bengaluru, Bangalore East, Bengaluru Urban, Karnataka, India"
8425_1444,12.97610492274524,77.67182935092652,G.M Palya,,G.M Palya,,Bengaluru,Bengaluru Central City Corporation,Bangalore East,Bengaluru Urban,,"G.M Palya, Bengaluru Central City Corporation, Bengaluru, Bangalore East, Bengaluru Urban, Karnataka, India"
8425_1445,12.98508803449515,77.67182935092652,Kaggadasapura,,Kaggadasapura,,Bengaluru,Bengaluru Central City Corporation,Bangalore East,Bengaluru Urban,560093,"Kaggadasapura, Bengaluru Central City Corporation, Bengaluru, Bangalore East, Bengaluru Urban, Karnataka, 560093, India"
8425_1446,12.99407114624506,77.67182935092652,Uday Nagar,,Uday Nagar,,Bengaluru,Bengaluru East City Corporation,Bangalore East,Bengaluru Urban,,"Uday Nagar, Bengaluru East City Corporation, Bengaluru, Bangalore East, Bengaluru Urban, Karnataka, India"
8425_1447,13.00305425799497,77.67182935092652,K.S. Nissar Ahmed Ward,,K.S. Nissar Ahmed Ward,,Bengaluru,Bengaluru East City Corporation,Bangalore East,Bengaluru Urban,,"K.S. Nissar Ahmed Ward, Bengaluru East City Corporation, Bengaluru, Bangalore East, Bengaluru Urban, Karnataka, India"
8425_1448,13.01203736974488,77.67182935092652,Hoysala Nagara East,,Hoysala Nagara East,,Bengaluru,Bengaluru East City Corporation,Bangalore East,Bengaluru Urban,,"Hoysala Nagara East, Bengaluru East City Corporation, Bengaluru, Bangalore East, Bengaluru Urban, Karnataka, India"
8425_1449,13.021020481494787,77.67182935092652,Hoysala Nagara East,,Hoysala Nagara East,,Bengaluru,Bengaluru East City Corporation,Bangalore East,Bengaluru Urban,,"Hoysala Nagara East, Bengaluru East City Corporation, Bengaluru, Bangalore East, Bengaluru Urban, Karnataka, India"
8425_1450,13.0300035932447,77.67182935092652,Kalkere,,Kalkere,,Bengaluru,Bengaluru East City Corporation,Bangalore East,Bengaluru Urban,560016,"Kalkere, Bengaluru East City Corporation, Bengaluru, Bangalore East, Bengaluru Urban, Karnataka, 560016, India"
8425_1451,13.03898670499461,77.67182935092652,Kalkere,,Kalkere,,Bengaluru,Bengaluru East City Corporation,Bangalore East,Bengaluru Urban,560016,"Kalkere, Bengaluru East City Corporation, Bengaluru, Bangalore East, Bengaluru Urban, Karnataka, 560016, India"
8425_1452,13.04796981674452,77.67182935092652,Kalkere,,Kalkere,,Bengaluru,Bengaluru East City Corporation,Bangalore East,Bengaluru Urban,560016,"Kalkere, Bengaluru East City Corporation, Bengaluru, Bangalore East, Bengaluru Urban, Karnataka, 560016, India"
8425_1453,13.05695292849443,77.67182935092652,Byrathi,,Byrathi,,Bengaluru,Bengaluru East City Corporation,Bangalore East,Bengaluru Urban,560077,"Byrathi, Bengaluru East City Corporation, Bengaluru, Bangalore East, Bengaluru Urban, Karnataka, 560077, India"
8425_1454,13.06593604024434,77.67182935092652,Dodda Gubbi,,,,,,Bangalore East,Bengaluru Urban,560077,"Dodda Gubbi, Bangalore East, Bengaluru Urban, Karnataka, 560077, India"
8425_1455,13.074919151994251,77.67182935092652,Dodda Gubbi,,,,,,Bangalore East,Bengaluru Urban,560077,"Dodda Gubbi, Bangalore East, Bengaluru Urban, Karnataka, 560077, India"
8425_1456,13.08390226374416,77.67182935092652,Gollahalli,,,,,,Bangalore East,Bengaluru Urban,562149,"Gollahalli, Bangalore East, Bengaluru Urban, Karnataka, 562149, India"
8425_1457,13.09288537549407,77.67182935092652,Gollahalli,,,,,,Bangalore East,Bengaluru Urban,562149,"Gollahalli, Bangalore East, Bengaluru Urban, Karnataka, 562149, India"
8425_1458,13.101868487243982,77.67182935092652,Doddenahalli,,,,,Doddenahalli,Bangalore East,Bengaluru Urban,,"Doddenahalli, Bangalore East, Bengaluru Urban, Karnataka, India"
8425_1459,13.110851598993891,77.67182935092652,Chagalatti,,,,,Marenahalli,Yelahanka taluku,Bengaluru Urban,562149,"Marenahalli, Chagalatti, Yelahanka taluku, Bengaluru Urban, Karnataka, 562149, India"
8425_1460,13.119834710743802,77.67182935092652,Chagalatti,,,,,,Yelahanka taluku,Bengaluru Urban,562149,"Chagalatti, Yelahanka taluku, Bengaluru Urban, Karnataka, 562149, India"
8425_1461,13.128817822493712,77.67182935092652,Bagaluru,,,,,,Yelahanka taluku,Bengaluru Urban,562149,"Bagaluru, Yelahanka taluku, Bengaluru Urban, Karnataka, 562149, India"
8425_1462,13.13780093424362,77.67182935092652,Bagaluru,,,,,,Yelahanka taluku,Bengaluru Urban,562149,"Bagaluru, Yelahanka taluku, Bengaluru Urban, Karnataka, 562149, India"
8425_1463,13.146784045993533,77.67182935092652,Bagaluru,,,,,,Yelahanka taluku,Bengaluru Urban,562149,"Bagaluru, Yelahanka taluku, Bengaluru Urban, Karnataka, 562149, India"
8426_1424,12.796442687747035,77.68104801205654,Hosahalli,,,,,Hosahalli,Anekal,Bengaluru Urban,,"Hosahalli, Anekal, Bengaluru Urban, Karnataka, India"
8426_1425,12.805425799496946,77.68104801205654,Kachanayakanahalli,,,,,Kachanayakanahalli,Anekal,Bengaluru Urban,,"Kachanayakanahalli, Anekal, Bengaluru Urban, Karnataka, India"
8426_1426,12.814408911246856,77.68104801205654,Bommasandra,,Bommasandra,,,Bommasandra,Anekal,Bengaluru Urban,560099,"Bommasandra, Kittaganahalli, Anekal, Bengaluru Urban, Karnataka, 560099, India"
8426_1427,12.823392022996766,77.68104801205654,Hebbagodi,,,,,Hebbagodi,Anekal,Bengaluru Urban,,"Hebbagodi, Anekal, Bengaluru Urban, Karnataka, India"
8426_1428,12.832375134746677,77.68104801205654,Hebbagodi,,,,,Hebbagodi,Anekal,Bengaluru Urban,,"Hebbagodi, Anekal, Bengaluru Urban, Karnataka, India"
8426_1429,12.841358246496586,77.68104801205654,Electronics City Phase 2 (West),,,,,Veerasandra,Anekal,Bengaluru Urban,560100,"Electronics City Phase 2 (West), Veerasandra, Anekal, Bengaluru Urban, Karnataka, 560100, India"
8426_1430,12.850341358246496,77.68104801205654,Electronics City Phase 2 (East),,,Electronic City,,,Bangalore South,Bengaluru Urban,560100,"Electronics City Phase 2 (East), Electronic City, Bangalore South, Bengaluru Urban, Karnataka, 560100, India"
8426_1431,12.859324469996409,77.68104801205654,Electronics City Phase 2 (East),,,Electronic City,,,Bangalore South,Bengaluru Urban,560100,"Electronics City Phase 2 (East), Electronic City, Bangalore South, Bengaluru Urban, Karnataka, 560100, India"
8426_1432,12.868307581746317,77.68104801205654,Haralur,,Haralur,,Bengaluru,Bengaluru South City Corporation,Bangalore South,Bengaluru Urban,560103,"Haralur, Kasavanahalli, Bengaluru South City Corporation, Bengaluru, Bangalore South, Bengaluru Urban, Karnataka, 560103, India"
8426_1433,12.877290693496228,77.68104801205654,Rayasandra,,,,,Rayasandra,Anekal,Bengaluru Urban,,"Rayasandra, Anekal, Bengaluru Urban, Karnataka, India"
8426_1434,12.886273805246136,77.68104801205654,Choodasandra,,Choodasandra,,,Choodasandra,Anekal,Bengaluru Urban,560035,"Choodasandra, Anekal, Bengaluru Urban, Karnataka, 560035, India"
8426_1435,12.895256916996049,77.68104801205654,Halanayakanahalli,,,,,Halanayakanahalli,Bangalore East,Bengaluru Urban,,"Halanayakanahalli, Bangalore East, Bengaluru Urban, Karnataka, India"
8426_1436,12.904240028745958,77.68104801205654,Kasavanahalli,,Kasavanahalli,,Bengaluru,Bengaluru South City Corporation,Bangalore South,Bengaluru Urban,,"Kasavanahalli, Bengaluru South City Corporation, Bengaluru, Bangalore South, Bengaluru Urban, Karnataka, India"
8426_1437,12.913223140495868,77.68104801205654,Shivanasamudra Ward,,Shivanasamudra Ward,,Bengaluru,Bengaluru East City Corporation,Bangalore East,Bengaluru Urban,560103,"Shivanasamudra Ward, Bengaluru East City Corporation, Bengaluru, Bangalore East, Bengaluru Urban, Karnataka, 560103, India"
8426_1438,12.922206252245775,77.68104801205654,Shivanasamudra Ward,,Shivanasamudra Ward,,Bengaluru,Bengaluru East City Corporation,Bangalore East,Bengaluru Urban,560103,"Shivanasamudra Ward, Bengaluru East City Corporation, Bengaluru, Bangalore East, Bengaluru Urban, Karnataka, 560103, India"
8426_1439,12.931189363995689,77.68104801205654,Bellandur,,Bellandur,,Bengaluru,Bengaluru East City Corporation,Bangalore East,Bengaluru Urban,,"Bellandur, Bengaluru East City Corporation, Bengaluru, Bangalore East, Bengaluru Urban, Karnataka, India"
8426_1440,12.940172475745598,77.68104801205654,Yamalur,,Yamalur,,Bengaluru,Bengaluru East City Corporation,Bangalore East,Bengaluru Urban,,"Yamalur, Bengaluru East City Corporation, Bengaluru, Bangalore East, Bengaluru Urban, Karnataka, India"
8426_1441,12.94915558749551,77.68104801205654,Vibhootipura,,Vibhootipura,,Bengaluru,Bengaluru East City Corporation,Bangalore East,Bengaluru Urban,560017,"Vibhootipura, Bengaluru East City Corporation, Bengaluru, Bangalore East, Bengaluru Urban, Karnataka, 560017, India"
8426_1442,12.95813869924542,77.68104801205654,Sangama Ward,,Sangama Ward,,Bengaluru,Bengaluru East City Corporation,Bangalore East,Bengaluru Urban,,"Sangama Ward, Bengaluru East City Corporation, Bengaluru, Bangalore East, Bengaluru Urban, Karnataka, India"
8426_1443,12.967121810995328,77.68104801205654,Vignananagara,,Vignananagara,,Bengaluru,Bengaluru East City Corporation,Bangalore East,Bengaluru Urban,,"Vignananagara, Bengaluru East City Corporation, Bengaluru, Bangalore East, Bengaluru Urban, Karnataka, India"
8426_1444,12.97610492274524,77.68104801205654,Vignananagara,,Vignananagara,,Bengaluru,Bengaluru East City Corporation,Bangalore East,Bengaluru Urban,,"Vignananagara, Bengaluru East City Corporation, Bengaluru, Bangalore East, Bengaluru Urban, Karnataka, India"
8426_1445,12.98508803449515,77.68104801205654,Mahadevapura,,Mahadevapura,,Bengaluru,Bengaluru East City Corporation,Bangalore East,Bengaluru Urban,,"Mahadevapura, Bengaluru East City Corporation, Bengaluru, Bangalore East, Bengaluru Urban, Karnataka, India"
8426_1446,12.99407114624506,77.68104801205654,Mahadevapura,,Mahadevapura,,Bengaluru,Bengaluru East City Corporation,Bangalore East,Bengaluru Urban,,"Mahadevapura, Bengaluru East City Corporation, Bengaluru, Bangalore East, Bengaluru Urban, Karnataka, India"
8426_1447,13.00305425799497,77.68104801205654,Kotthur,,Kotthur,,Bengaluru,Bengaluru East City Corporation,Bangalore East,Bengaluru Urban,,"Kotthur, Bengaluru East City Corporation, Bengaluru, Bangalore East, Bengaluru Urban, Karnataka, India"
8426_1448,13.01203736974488,77.68104801205654,Ramamurthy Nagara,,Ramamurthy Nagara,,Bengaluru,Bengaluru East City Corporation,Bangalore East,Bengaluru Urban,,"Ramamurthy Nagara, Bengaluru East City Corporation, Bengaluru, Bangalore East, Bengaluru Urban, Karnataka, India"
8426_1449,13.021020481494787,77.68104801205654,K Chennasandra,,K Chennasandra,,Bengaluru,Bengaluru East City Corporation,Bangalore East,Bengaluru Urban,,"K Chennasandra, Bengaluru East City Corporation, Bengaluru, Bangalore East, Bengaluru Urban, Karnataka, India"
8426_1450,13.0300035932447,77.68104801205654,K Chennasandra,,K Chennasandra,,Bengaluru,Bengaluru East City Corporation,Bangalore East,Bengaluru Urban,,"K Chennasandra, Bengaluru East City Corporation, Bengaluru, Bangalore East, Bengaluru Urban, Karnataka, India"
8426_1451,13.03898670499461,77.68104801205654,K Chennasandra,,K Chennasandra,,Bengaluru,Bengaluru East City Corporation,Bangalore East,Bengaluru Urban,,"K Chennasandra, Bengaluru East City Corporation, Bengaluru, Bangalore East, Bengaluru Urban, Karnataka, India"
8426_1452,13.04796981674452,77.68104801205654,K Chennasandra,,K Chennasandra,,Bengaluru,Bengaluru East City Corporation,Bangalore East,Bengaluru Urban,,"K Chennasandra, Bengaluru East City Corporation, Bengaluru, Bangalore East, Bengaluru Urban, Karnataka, India"
8426_1453,13.05695292849443,77.68104801205654,Vaderahalli,,,,,Vaderahalli,Bangalore East,Bengaluru Urban,,"Vaderahalli, Bangalore East, Bengaluru Urban, Karnataka, India"
8426_1454,13.06593604024434,77.68104801205654,Anagalapura,,,,,,Bangalore East,Bengaluru Urban,562149,"Anagalapura, Bangalore East, Bengaluru Urban, Karnataka, 562149, India"
8426_1455,13.074919151994251,77.68104801205654,Bande Bommasandra,,,,,,Bangalore East,Bengaluru Urban,562149,"Bande Bommasandra, Bangalore East, Bengaluru Urban, Karnataka, 562149, India"
8426_1456,13.08390226374416,77.68104801205654,Gollahalli,,,,,,Bangalore East,Bengaluru Urban,562149,"Gollahalli, Bangalore East, Bengaluru Urban, Karnataka, 562149, India"
8426_1457,13.09288537549407,77.68104801205654,Yarappanahalli,,,,,,Bangalore East,Bengaluru Urban,562149,"Yarappanahalli, Bangalore East, Bengaluru Urban, Karnataka, 562149, India"
8426_1458,13.101868487243982,77.68104801205654,Chagalatti,,,,,Marenahalli,Yelahanka taluku,Bengaluru Urban,562149,"Marenahalli, Chagalatti, Yelahanka taluku, Bengaluru Urban, Karnataka, 562149, India"
8426_1459,13.110851598993891,77.68104801205654,Chagalatti,,,,,Marenahalli,Yelahanka taluku,Bengaluru Urban,562149,"Marenahalli, Chagalatti, Yelahanka taluku, Bengaluru Urban, Karnataka, 562149, India"
8426_1460,13.119834710743802,77.68104801205654,Chagalatti,,,,,Marenahalli,Yelahanka taluku,Bengaluru Urban,562149,"Marenahalli, Chagalatti, Yelahanka taluku, Bengaluru Urban, Karnataka, 562149, India"
8426_1461,13.128817822493712,77.68104801205654,Huvinayakanahalli,,,,,Marenahalli,Yelahanka taluku,Bengaluru Urban,562149,"Gopalapura, Marenahalli, Huvinayakanahalli, Yelahanka taluku, Bengaluru Urban, Karnataka, 562149, India"
8426_1462,13.13780093424362,77.68104801205654,Bagaluru,,,,,,Yelahanka taluku,Bengaluru Urban,562149,"Bagaluru, Yelahanka taluku, Bengaluru Urban, Karnataka, 562149, India"
8426_1463,13.146784045993533,77.68104801205654,Bagaluru,,,,,,Yelahanka taluku,Bengaluru Urban,562149,"Bagaluru, Yelahanka taluku, Bengaluru Urban, Karnataka, 562149, India"
8427_1424,12.796442687747035,77.69026667318654,Kittaganahalli,,,,,,Anekal,Bengaluru Urban,560099,"Kittaganahalli, Anekal, Bengaluru Urban, Karnataka, 560099, India"
8427_1425,12.805425799496946,77.69026667318654,Kittaganahalli,,,,,,Anekal,Bengaluru Urban,560099,"Kittaganahalli, Anekal, Bengaluru Urban, Karnataka, 560099, India"
8427_1426,12.814408911246856,77.69026667318654,Bommasandra,,Bommasandra,,,Bommasandra,Anekal,Bengaluru Urban,560099,"Bommasandra, Kittaganahalli, Anekal, Bengaluru Urban, Karnataka, 560099, India"
8427_1427,12.823392022996766,77.69026667318654,Bommasandra,,Bommasandra,,,Bommasandra,Anekal,Bengaluru Urban,560099,"Bommasandra, Kittaganahalli, Anekal, Bengaluru Urban, Karnataka, 560099, India"
8427_1428,12.832375134746677,77.69026667318654,Kommasandra,,,,,Kommasandra,Anekal,Bengaluru Urban,,"Kommasandra, Anekal, Bengaluru Urban, Karnataka, India"
8427_1429,12.841358246496586,77.69026667318654,Singena Agrahara,,,,,,Anekal,Bengaluru Urban,560099,"Singena Agrahara, Anekal, Bengaluru Urban, Karnataka, 560099, India"
8427_1430,12.850341358246496,77.69026667318654,Chikkanagamangala,,,,,Chikkanagamangala,Anekal,Bengaluru Urban,,"Chikkanagamangala, Anekal, Bengaluru Urban, Karnataka, India"
8427_1431,12.859324469996409,77.69026667318654,Chikkanagamangala,,,,,Chikkanagamangala,Anekal,Bengaluru Urban,,"Chikkanagamangala, Anekal, Bengaluru Urban, Karnataka, India"
8427_1432,12.868307581746317,77.69026667318654,Gattahalli,,Gattahalli,,,Gettehalli,Anekal,Bengaluru Urban,,"Gattahalli, Gettehalli, Anekal, Bengaluru Urban, Karnataka, India"
8427_1433,12.877290693496228,77.69026667318654,Gattahalli,,Gattahalli,,,Gettehalli,Anekal,Bengaluru Urban,,"Gattahalli, Gettehalli, Anekal, Bengaluru Urban, Karnataka, India"
8427_1434,12.886273805246136,77.69026667318654,Chikkanayakanahalli,,Chikkanayakanahalli,,,Chikkanayakanahalli,Bangalore East,Bengaluru Urban,560035,"Chikkanayakanahalli, Bangalore East, Bengaluru Urban, Karnataka, 560035, India"
8427_1435,12.895256916996049,77.69026667318654,Halanayakanahalli,,,,,Halanayakanahalli,Bangalore East,Bengaluru Urban,,"Halanayakanahalli, Bangalore East, Bengaluru Urban, Karnataka, India"
8427_1436,12.904240028745958,77.69026667318654,Halanayakanahalli,,,,,Halanayakanahalli,Bangalore East,Bengaluru Urban,,"Halanayakanahalli, Bangalore East, Bengaluru Urban, Karnataka, India"
8427_1437,12.913223140495868,77.69026667318654,Gunjur,,Gunjur,,Bengaluru,Bengaluru East City Corporation,Bangalore East,Bengaluru Urban,,"Gunjur, Bengaluru East City Corporation, Bengaluru, Bangalore East, Bengaluru Urban, Karnataka, India"
8427_1438,12.922206252245775,77.69026667318654,Shivanasamudra Ward,,Shivanasamudra Ward,,Bengaluru,Bengaluru East City Corporation,Bangalore East,Bengaluru Urban,560103,"Shivanasamudra Ward, Bengaluru East City Corporation, Bengaluru, Bangalore East, Bengaluru Urban, Karnataka, 560103, India"
8427_1439,12.931189363995689,77.69026667318654,Shivanasamudra Ward,,Shivanasamudra Ward,,Bengaluru,Bengaluru East City Corporation,Bangalore East,Bengaluru Urban,560103,"Shivanasamudra Ward, Bengaluru East City Corporation, Bengaluru, Bangalore East, Bengaluru Urban, Karnataka, 560103, India"
8427_1440,12.940172475745598,77.69026667318654,Panathur,,Panathur,,Bengaluru,Bengaluru East City Corporation,Bangalore East,Bengaluru Urban,,"Panathur, Bengaluru East City Corporation, Bengaluru, Bangalore East, Bengaluru Urban, Karnataka, India"
8427_1441,12.94915558749551,77.69026667318654,Yamalur,,Yamalur,,Bengaluru,Bengaluru East City Corporation,Bangalore East,Bengaluru Urban,,"Yamalur, Bengaluru East City Corporation, Bengaluru, Bangalore East, Bengaluru Urban, Karnataka, India"
8427_1442,12.95813869924542,77.69026667318654,Ashwath Nagar,,Ashwath Nagar,,Bengaluru,Bengaluru East City Corporation,Bangalore East,Bengaluru Urban,560037,"Ashwath Nagar, Bengaluru East City Corporation, Bengaluru, Bangalore East, Bengaluru Urban, Karnataka, 560037, India"
8427_1443,12.967121810995328,77.69026667318654,Ashwath Nagar,,Ashwath Nagar,,Bengaluru,Bengaluru East City Corporation,Bangalore East,Bengaluru Urban,560037,"Ashwath Nagar, Bengaluru East City Corporation, Bengaluru, Bangalore East, Bengaluru Urban, Karnataka, 560037, India"
8427_1444,12.97610492274524,77.69026667318654,Dodda Nekkundi,,Dodda Nekkundi,,Bengaluru,Bengaluru East City Corporation,Bangalore East,Bengaluru Urban,,"Dodda Nekkundi, Bengaluru East City Corporation, Bengaluru, Bangalore East, Bengaluru Urban, Karnataka, India"
8427_1445,12.98508803449515,77.69026667318654,Mahadevapura,,Mahadevapura,,Bengaluru,Bengaluru East City Corporation,Bangalore East,Bengaluru Urban,,"Mahadevapura, Bengaluru East City Corporation, Bengaluru, Bangalore East, Bengaluru Urban, Karnataka, India"
8427_1446,12.99407114624506,77.69026667318654,Garudachar Palya,,Garudachar Palya,,Bengaluru,Bengaluru East City Corporation,Bangalore East,Bengaluru Urban,,"Garudachar Palya, Bengaluru East City Corporation, Bengaluru, Bangalore East, Bengaluru Urban, Karnataka, India"
8427_1447,13.00305425799497,77.69026667318654,Devasandra,,Devasandra,,Bengaluru,Bengaluru East City Corporation,Bangalore East,Bengaluru Urban,,"Devasandra, Bengaluru East City Corporation, Bengaluru, Bangalore East, Bengaluru Urban, Karnataka, India"
8427_1448,13.01203736974488,77.69026667318654,T.C Palya,,T.C Palya,,Bengaluru,Bengaluru East City Corporation,Bangalore East,Bengaluru Urban,,"T.C Palya, Bengaluru East City Corporation, Bengaluru, Bangalore East, Bengaluru Urban, Karnataka, India"
8427_1449,13.021020481494787,77.69026667318654,T.C Palya,,T.C Palya,,Bengaluru,Bengaluru East City Corporation,Bangalore East,Bengaluru Urban,,"T.C Palya, Bengaluru East City Corporation, Bengaluru, Bangalore East, Bengaluru Urban, Karnataka, India"
8427_1450,13.0300035932447,77.69026667318654,Byrathi,,Byrathi,,Bengaluru,Bengaluru East City Corporation,Bangalore East,Bengaluru Urban,560077,"Byrathi, Bengaluru East City Corporation, Bengaluru, Bangalore East, Bengaluru Urban, Karnataka, 560077, India"
8427_1451,13.03898670499461,77.69026667318654,Ramapura,,,,,Maragondanahalli,Bangalore East,Bengaluru Urban,,"Maragondanahalli, Ramapura, Bangalore East, Bengaluru Urban, Karnataka, India"
8427_1452,13.04796981674452,77.69026667318654,Aduru,,,,,Hoovinane,Bangalore East,Bengaluru Urban,,"Hoovinane, Aduru, Bangalore East, Bengaluru Urban, Karnataka, India"
8427_1453,13.05695292849443,77.69026667318654,Ramapura,,,,,,Bangalore East,Bengaluru Urban,562149,"Ramapura, Bangalore East, Bengaluru Urban, Karnataka, 562149, India"
8427_1454,13.06593604024434,77.69026667318654,Vaderahalli,,,,,Vaderahalli,Bangalore East,Bengaluru Urban,,"Vaderahalli, Bangalore East, Bengaluru Urban, Karnataka, India"
8427_1455,13.074919151994251,77.69026667318654,Kadaagrahara,,,,,,Bangalore East,Bengaluru Urban,562149,"Kadaagrahara, Bangalore East, Bengaluru Urban, Karnataka, 562149, India"
8427_1456,13.08390226374416,77.69026667318654,Kadaagrahara,,,,,,Bangalore East,Bengaluru Urban,562149,"Kadaagrahara, Bangalore East, Bengaluru Urban, Karnataka, 562149, India"
8427_1457,13.09288537549407,77.69026667318654,Yarappanahalli,,,,,,Bangalore East,Bengaluru Urban,562149,"Yarappanahalli, Bangalore East, Bengaluru Urban, Karnataka, 562149, India"
8427_1458,13.101868487243982,77.69026667318654,Chokkanahalli,,,,,,Yelahanka taluku,Bengaluru Urban,562149,"Chokkanahalli, Yelahanka taluku, Bengaluru Urban, Karnataka, 562149, India"
8427_1459,13.110851598993891,77.69026667318654,Chagalatti,,,,,Marenahalli,Yelahanka taluku,Bengaluru Urban,562149,"Marenahalli, Chagalatti, Yelahanka taluku, Bengaluru Urban, Karnataka, 562149, India"
8427_1460,13.119834710743802,77.69026667318654,Chokkanahalli,,,,,Dasanayakanahalli,Yelahanka taluku,Bengaluru Urban,562149,"Dasanayakanahalli, Chokkanahalli, Yelahanka taluku, Bengaluru Urban, Karnataka, 562149, India"
8427_1461,13.128817822493712,77.69026667318654,Huvinayakanahalli,,,,,Marenahalli,Yelahanka taluku,Bengaluru Urban,562149,"Gopalapura, Marenahalli, Huvinayakanahalli, Yelahanka taluku, Bengaluru Urban, Karnataka, 562149, India"
8427_1462,13.13780093424362,77.69026667318654,Maralakunte,,,,,Mahadevakodagehalli,Yelahanka taluku,Bengaluru Urban,562149,"Yediyur, Mahadevakodagehalli, Maralakunte, Yelahanka taluku, Bengaluru Urban, Karnataka, 562149, India"
8427_1463,13.146784045993533,77.69026667318654,Huvinayakanahalli,,,,,,Yelahanka taluku,Bengaluru Urban,562149,"Huvinayakanahalli, Yelahanka taluku, Bengaluru Urban, Karnataka, 562149, India"
8428_1424,12.796442687747035,77.69948533431655,Suryanagar Phase 1,,Suryanagar Phase 1,,,Banahalli,Anekal,Bengaluru Urban,562107,"Suryanagar Phase 1, Banahalli, Kittaganahalli, Anekal, Bengaluru Urban, Karnataka, 562107, India"
8428_1425,12.805425799496946,77.69948533431655,Kittaganahalli,,,,,,Anekal,Bengaluru Urban,560099,"Kittaganahalli, Anekal, Bengaluru Urban, Karnataka, 560099, India"
8428_1426,12.814408911246856,77.69948533431655,Bommasandra,,Bommasandra,,,Bommasandra,Anekal,Bengaluru Urban,560099,"Bommasandra, Kittaganahalli, Anekal, Bengaluru Urban, Karnataka, 560099, India"
8428_1427,12.823392022996766,77.69948533431655,Bommasandra,,Bommasandra,,,Bommasandra,Anekal,Bengaluru Urban,560099,"Bommasandra, Kittaganahalli, Anekal, Bengaluru Urban, Karnataka, 560099, India"
8428_1428,12.832375134746677,77.69948533431655,Andapura,,,,,,Anekal,Bengaluru Urban,560100,"Andapura, Anekal, Bengaluru Urban, Karnataka, 560100, India"
8428_1429,12.841358246496586,77.69948533431655,Singena Agrahara,,,,,Gottamaranahalli,Anekal,Bengaluru Urban,,"Gottamaranahalli, Singena Agrahara, Anekal, Bengaluru Urban, Karnataka, India"
8428_1430,12.850341358246496,77.69948533431655,Singena Agrahara,,,,,Gulimangala,Anekal,Bengaluru Urban,,"Gulimangala, Singena Agrahara, Anekal, Bengaluru Urban, Karnataka, India"
8428_1431,12.859324469996409,77.69948533431655,Chikkanagamangala,,,,,Chikkanagamangala,Anekal,Bengaluru Urban,,"Chikkanagamangala, Anekal, Bengaluru Urban, Karnataka, India"
8428_1432,12.868307581746317,77.69948533431655,Gattahalli,,Gattahalli,,,Gettehalli,Anekal,Bengaluru Urban,,"Gattahalli, Gettehalli, Anekal, Bengaluru Urban, Karnataka, India"
8428_1433,12.877290693496228,77.69948533431655,Gattahalli,,,,,,Anekal,Bengaluru Urban,560099,"Gattahalli, Anekal, Bengaluru Urban, Karnataka, 560099, India"
8428_1434,12.886273805246136,77.69948533431655,Kodati,,Kodati,,,Kodathi,Bangalore East,Bengaluru Urban,560035,"Kodati, Kodathi, Bangalore East, Bengaluru Urban, Karnataka, 560035, India"
8428_1435,12.895256916996049,77.69948533431655,Hadosiddapura,,,,,Hadosiddapura,Bangalore East,Bengaluru Urban,560035,"Hadosiddapura, Bangalore East, Bengaluru Urban, Karnataka, 560035, India"
8428_1436,12.904240028745958,77.69948533431655,Chikkakanneli,,,,,Chikkakanneli,Bangalore East,Bengaluru Urban,,"Chikkakanneli, Bangalore East, Bengaluru Urban, Karnataka, India"
8428_1437,12.913223140495868,77.69948533431655,Gunjur,,Gunjur,,Bengaluru,Bengaluru East City Corporation,Bangalore East,Bengaluru Urban,,"Gunjur, Bengaluru East City Corporation, Bengaluru, Bangalore East, Bengaluru Urban, Karnataka, India"
8428_1438,12.922206252245775,77.69948533431655,Panathur,,Panathur,,Bengaluru,Bengaluru East City Corporation,Bangalore East,Bengaluru Urban,,"Panathur, Bengaluru East City Corporation, Bengaluru, Bangalore East, Bengaluru Urban, Karnataka, India"
8428_1439,12.931189363995689,77.69948533431655,Panathur,,Panathur,,Bengaluru,Bengaluru East City Corporation,Bangalore East,Bengaluru Urban,,"Panathur, Bengaluru East City Corporation, Bengaluru, Bangalore East, Bengaluru Urban, Karnataka, India"
8428_1440,12.940172475745598,77.69948533431655,Panathur,,Panathur,,Bengaluru,Bengaluru East City Corporation,Bangalore East,Bengaluru Urban,,"Panathur, Bengaluru East City Corporation, Bengaluru, Bangalore East, Bengaluru Urban, Karnataka, India"
8428_1441,12.94915558749551,77.69948533431655,Munnenkolalu,,Munnenkolalu,,Bengaluru,Bengaluru East City Corporation,Bangalore East,Bengaluru Urban,,"Munnenkolalu, Bengaluru East City Corporation, Bengaluru, Bangalore East, Bengaluru Urban, Karnataka, India"
8428_1442,12.95813869924542,77.69948533431655,Ashwath Nagar,,Ashwath Nagar,,Bengaluru,Bengaluru East City Corporation,Bangalore East,Bengaluru Urban,560037,"Ashwath Nagar, Bengaluru East City Corporation, Bengaluru, Bangalore East, Bengaluru Urban, Karnataka, 560037, India"
8428_1443,12.967121810995328,77.69948533431655,Dodda Nekkundi,,Dodda Nekkundi,,Bengaluru,Bengaluru East City Corporation,Bangalore East,Bengaluru Urban,,"Dodda Nekkundi, Bengaluru East City Corporation, Bengaluru, Bangalore East, Bengaluru Urban, Karnataka, India"
8428_1444,12.97610492274524,77.69948533431655,Dodda Nekkundi,,Dodda Nekkundi,,Bengaluru,Bengaluru East City Corporation,Bangalore East,Bengaluru Urban,,"Dodda Nekkundi, Bengaluru East City Corporation, Bengaluru, Bangalore East, Bengaluru Urban, Karnataka, India"
8428_1445,12.98508803449515,77.69948533431655,Bharath Aikya Ward,,Bharath Aikya Ward,,Bengaluru,Bengaluru East City Corporation,Bangalore East,Bengaluru Urban,,"Bharath Aikya Ward, Bengaluru East City Corporation, Bengaluru, Bangalore East, Bengaluru Urban, Karnataka, India"
8428_1446,12.99407114624506,77.69948533431655,Garudachar Palya,,Garudachar Palya,,Bengaluru,Bengaluru East City Corporation,Bangalore East,Bengaluru Urban,,"Garudachar Palya, Bengaluru East City Corporation, Bengaluru, Bangalore East, Bengaluru Urban, Karnataka, India"
8428_1447,13.00305425799497,77.69948533431655,Devasandra,,Devasandra,,Bengaluru,Bengaluru East City Corporation,Bangalore East,Bengaluru Urban,,"Devasandra, Bengaluru East City Corporation, Bengaluru, Bangalore East, Bengaluru Urban, Karnataka, India"
8428_1448,13.01203736974488,77.69948533431655,K.R Pura,,K.R Pura,,Bengaluru,Bengaluru East City Corporation,Bangalore East,Bengaluru Urban,560036,"K.R Pura, Bengaluru East City Corporation, Bengaluru, Bangalore East, Bengaluru Urban, Karnataka, 560036, India"
8428_1449,13.021020481494787,77.69948533431655,Bhattarahalli,,Bhattarahalli,,Bengaluru,Bengaluru East City Corporation,Bangalore East,Bengaluru Urban,,"Bhattarahalli, Bengaluru East City Corporation, Bengaluru, Bangalore East, Bengaluru Urban, Karnataka, India"
8428_1450,13.0300035932447,77.69948533431655,Alehalli,,,,,Alehalli,Bangalore East,Bengaluru Urban,,"Alehalli, Bangalore East, Bengaluru Urban, Karnataka, India"
8428_1451,13.03898670499461,77.69948533431655,Kittaganuru,,,,,,Bangalore East,Bengaluru Urban,560049,"Kittaganuru, Bangalore East, Bengaluru Urban, Karnataka, 560049, India"
8428_1452,13.04796981674452,77.69948533431655,Aduru,,,,,Hoovinane,Bangalore East,Bengaluru Urban,,"Hoovinane, Aduru, Bangalore East, Bengaluru Urban, Karnataka, India"
8428_1453,13.05695292849443,77.69948533431655,Aduru,,,,,,Bangalore East,Bengaluru Urban,560049,"Aduru, Bangalore East, Bengaluru Urban, Karnataka, 560049, India"
8428_1454,13.06593604024434,77.69948533431655,Aduru,,,,,,Bangalore East,Bengaluru Urban,560049,"Aduru, Bangalore East, Bengaluru Urban, Karnataka, 560049, India"
8428_1455,13.074919151994251,77.69948533431655,Kadaagrahara,,,,,,Bangalore East,Bengaluru Urban,562149,"Kadaagrahara, Bangalore East, Bengaluru Urban, Karnataka, 562149, India"
8428_1456,13.08390226374416,77.69948533431655,Kadaagrahara,,,,,,Bangalore East,Bengaluru Urban,562149,"Kadaagrahara, Bangalore East, Bengaluru Urban, Karnataka, 562149, India"
8428_1457,13.09288537549407,77.69948533431655,Chikkasandra,,,,,Chikkasandra,Bangalore East,Bengaluru Urban,,"Chikkasandra, Bangalore East, Bengaluru Urban, Karnataka, India"
8428_1458,13.101868487243982,77.69948533431655,Yarappanahalli,,,,,,Bangalore East,Bengaluru Urban,562149,"Yarappanahalli, Bangalore East, Bengaluru Urban, Karnataka, 562149, India"
8428_1459,13.110851598993891,77.69948533431655,Chokkanahalli,,,,,Dasanayakanahalli,Yelahanka taluku,Bengaluru Urban,562149,"Dasanayakanahalli, Chokkanahalli, Yelahanka taluku, Bengaluru Urban, Karnataka, 562149, India"
8428_1460,13.119834710743802,77.69948533431655,Chokkanahalli,,,,,Dasanayakanahalli,Yelahanka taluku,Bengaluru Urban,562149,"Dasanayakanahalli, Chokkanahalli, Yelahanka taluku, Bengaluru Urban, Karnataka, 562149, India"
8428_1461,13.128817822493712,77.69948533431655,Maralakunte,,,,,Mahadevakodagehalli,Yelahanka taluku,Bengaluru Urban,562149,"Yediyur, Mahadevakodagehalli, Maralakunte, Yelahanka taluku, Bengaluru Urban, Karnataka, 562149, India"
8428_1462,13.13780093424362,77.69948533431655,Maralakunte,,,,,Mahadevakodagehalli,Yelahanka taluku,Bengaluru Urban,562149,"Mahadeva Kodigehalli, Mahadevakodagehalli, Maralakunte, Yelahanka taluku, Bengaluru Urban, Karnataka, 562149, India"
8428_1463,13.146784045993533,77.69948533431655,Maralakunte,,,,,Mahadevakodagehalli,Yelahanka taluku,Bengaluru Urban,562149,"Mahadeva Kodigehalli, Mahadevakodagehalli, Maralakunte, Yelahanka taluku, Bengaluru Urban, Karnataka, 562149, India"
8429_1424,12.796442687747035,77.70870399544657,Chandapura,,Chandapura,,,Chandapura,Anekal,Bengaluru Urban,562145,"Chandapura, Kittaganahalli, Anekal, Bengaluru Urban, Karnataka, 562145, India"
8429_1425,12.805425799496946,77.70870399544657,Chandapura,,Chandapura,,,Chandapura,Anekal,Bengaluru Urban,562145,"Chandapura, Kittaganahalli, Anekal, Bengaluru Urban, Karnataka, 562145, India"
8429_1426,12.814408911246856,77.70870399544657,Heelalige,,,,,,Anekal,Bengaluru Urban,560099,"Heelalige, Anekal, Bengaluru Urban, Karnataka, 560099, India"
8429_1427,12.823392022996766,77.70870399544657,Heelalige,,,,,,Anekal,Bengaluru Urban,560099,"Heelalige, Anekal, Bengaluru Urban, Karnataka, 560099, India"
8429_1428,12.832375134746677,77.70870399544657,Singena Agrahara,,,,,,Anekal,Bengaluru Urban,560099,"Singena Agrahara, Anekal, Bengaluru Urban, Karnataka, 560099, India"
8429_1429,12.841358246496586,77.70870399544657,Gottamaranahalli,,,,,Gottamaranahalli,Anekal,Bengaluru Urban,,"Gottamaranahalli, Anekal, Bengaluru Urban, Karnataka, India"
8429_1430,12.850341358246496,77.70870399544657,Singena Agrahara,,,,,Chinkala Madinala,Anekal,Bengaluru Urban,,"Chinkala Madinala, Singena Agrahara, Anekal, Bengaluru Urban, Karnataka, India"
8429_1431,12.859324469996409,77.70870399544657,Huskur,,Huskur,,,Huskuru,Anekal,Bengaluru Urban,560099,"Huskur, Huskuru, Gattahalli, Anekal, Bengaluru Urban, Karnataka, 560099, India"
8429_1432,12.868307581746317,77.70870399544657,Gattahalli,,,,,,Anekal,Bengaluru Urban,560099,"Gattahalli, Anekal, Bengaluru Urban, Karnataka, 560099, India"
8429_1433,12.877290693496228,77.70870399544657,Kodati,,Kodati,,,Kodathi,Bangalore East,Bengaluru Urban,560035,"Kodati, Kodathi, Bangalore East, Bengaluru Urban, Karnataka, 560035, India"
8429_1434,12.886273805246136,77.70870399544657,Kodati,,Kodati,,,Kodathi,Bangalore East,Bengaluru Urban,560035,"Kodati, Kodathi, Bangalore East, Bengaluru Urban, Karnataka, 560035, India"
8429_1435,12.895256916996049,77.70870399544657,Kodati,,Kodati,,,Kodathi,Bangalore East,Bengaluru Urban,560035,"Kodati, Kodathi, Bangalore East, Bengaluru Urban, Karnataka, 560035, India"
8429_1436,12.904240028745958,77.70870399544657,Mulluru,,Mulluru,,,Mulluru,Bangalore East,Bengaluru Urban,560035,"Ambedkar Nagara, Mulluru, Bangalore East, Bengaluru Urban, Karnataka, 560035, India"
8429_1437,12.913223140495868,77.70870399544657,Gunjur,,Gunjur,,Bengaluru,Bengaluru East City Corporation,Bangalore East,Bengaluru Urban,,"Gunjur, Bengaluru East City Corporation, Bengaluru, Bangalore East, Bengaluru Urban, Karnataka, India"
8429_1438,12.922206252245775,77.70870399544657,Gunjur,,Gunjur,,Bengaluru,Bengaluru East City Corporation,Bangalore East,Bengaluru Urban,,"Gunjur, Bengaluru East City Corporation, Bengaluru, Bangalore East, Bengaluru Urban, Karnataka, India"
8429_1439,12.931189363995689,77.70870399544657,Gunjur,,Gunjur,,Bengaluru,Bengaluru East City Corporation,Bangalore East,Bengaluru Urban,,"Gunjur, Bengaluru East City Corporation, Bengaluru, Bangalore East, Bengaluru Urban, Karnataka, India"
8429_1440,12.940172475745598,77.70870399544657,Panathur,,Panathur,,Bengaluru,Bengaluru East City Corporation,Bangalore East,Bengaluru Urban,,"Panathur, Bengaluru East City Corporation, Bengaluru, Bangalore East, Bengaluru Urban, Karnataka, India"
8429_1441,12.94915558749551,77.70870399544657,Munnenkolalu,,Munnenkolalu,,Bengaluru,Bengaluru East City Corporation,Bangalore East,Bengaluru Urban,,"Munnenkolalu, Bengaluru East City Corporation, Bengaluru, Bangalore East, Bengaluru Urban, Karnataka, India"
8429_1442,12.95813869924542,77.70870399544657,Priyadarshini Ward,,Priyadarshini Ward,,Bengaluru,Bengaluru East City Corporation,Bangalore East,Bengaluru Urban,,"Priyadarshini Ward, Bengaluru East City Corporation, Bengaluru, Bangalore East, Bengaluru Urban, Karnataka, India"
8429_1443,12.967121810995328,77.70870399544657,Bharath Aikya Ward,,Bharath Aikya Ward,,Bengaluru,Bengaluru East City Corporation,Bangalore East,Bengaluru Urban,,"Bharath Aikya Ward, Bengaluru East City Corporation, Bengaluru, Bangalore East, Bengaluru Urban, Karnataka, India"
8429_1444,12.97610492274524,77.70870399544657,Bharath Aikya Ward,,Bharath Aikya Ward,,Bengaluru,Bengaluru East City Corporation,Bangalore East,Bengaluru Urban,,"Bharath Aikya Ward, Bengaluru East City Corporation, Bengaluru, Bangalore East, Bengaluru Urban, Karnataka, India"
8429_1445,12.98508803449515,77.70870399544657,Kaveri Nagara,,Kaveri Nagara,,Bengaluru,Bengaluru East City Corporation,Bangalore East,Bengaluru Urban,560048,"Kaveri Nagara, Bengaluru East City Corporation, Bengaluru, Bangalore East, Bengaluru Urban, Karnataka, 560048, India"
8429_1446,12.99407114624506,77.70870399544657,Kaveri Nagara,,Kaveri Nagara,,Bengaluru,Bengaluru East City Corporation,Bangalore East,Bengaluru Urban,560048,"Kaveri Nagara, Bengaluru East City Corporation, Bengaluru, Bangalore East, Bengaluru Urban, Karnataka, 560048, India"
8429_1447,13.00305425799497,77.70870399544657,Hoodi,,Hoodi,,Bengaluru,Bengaluru East City Corporation,Bangalore East,Bengaluru Urban,,"Hoodi, Bengaluru East City Corporation, Bengaluru, Bangalore East, Bengaluru Urban, Karnataka, India"
8429_1448,13.01203736974488,77.70870399544657,Medahalli,,Medahalli,,Bengaluru,Bengaluru East City Corporation,Bangalore East,Bengaluru Urban,,"Medahalli, Bengaluru East City Corporation, Bengaluru, Bangalore East, Bengaluru Urban, Karnataka, India"
8429_1449,13.021020481494787,77.70870399544657,Bhattarahalli,,Bhattarahalli,,Bengaluru,Bengaluru East City Corporation,Bangalore East,Bengaluru Urban,,"Bhattarahalli, Bengaluru East City Corporation, Bengaluru, Bangalore East, Bengaluru Urban, Karnataka, India"
8429_1450,13.0300035932447,77.70870399544657,Kittaganuru,,,,,,Bangalore East,Bengaluru Urban,560049,"Kittaganuru, Bangalore East, Bengaluru Urban, Karnataka, 560049, India"
8429_1451,13.03898670499461,77.70870399544657,Kittaganuru,,,,,,Bangalore East,Bengaluru Urban,560049,"Kittaganuru, Bangalore East, Bengaluru Urban, Karnataka, 560049, India"
8429_1452,13.04796981674452,77.70870399544657,Aduru,,,,,Hoovinane,Bangalore East,Bengaluru Urban,,"Hoovinane, Aduru, Bangalore East, Bengaluru Urban, Karnataka, India"
8429_1453,13.05695292849443,77.70870399544657,Aduru,,,,,,Bangalore East,Bengaluru Urban,560049,"Aduru, Bangalore East, Bengaluru Urban, Karnataka, 560049, India"
8429_1454,13.06593604024434,77.70870399544657,Bidarahalli,,,,,,Bangalore East,Bengaluru Urban,560049,"Bidarahalli, Bangalore East, Bengaluru Urban, Karnataka, 560049, India"
8429_1455,13.074919151994251,77.70870399544657,Byappanahalli,,,,,,Bangalore East,Bengaluru Urban,560049,"Byappanahalli, Bangalore East, Bengaluru Urban, Karnataka, 560049, India"
8429_1456,13.08390226374416,77.70870399544657,Gundur,,,,,,Bangalore East,Bengaluru Urban,560049,"Gundur, Bangalore East, Bengaluru Urban, Karnataka, 560049, India"
8429_1457,13.09288537549407,77.70870399544657,Chikkasandra,,,,,Chikkasandra,Bangalore East,Bengaluru Urban,,"Chikkasandra, Bangalore East, Bengaluru Urban, Karnataka, India"
8429_1458,13.101868487243982,77.70870399544657,Marasandra,,,,,,Yelahanka taluku,Bengaluru Urban,562149,"Marasandra, Yelahanka taluku, Bengaluru Urban, Karnataka, 562149, India"
8429_1459,13.110851598993891,77.70870399544657,Marasandra,,,,,,Yelahanka taluku,Bengaluru Urban,562149,"Marasandra, Yelahanka taluku, Bengaluru Urban, Karnataka, 562149, India"
8429_1460,13.119834710743802,77.70870399544657,Maralakunte,,,,,,Yelahanka taluku,Bengaluru Urban,562149,"Maralakunte, Yelahanka taluku, Bengaluru Urban, Karnataka, 562149, India"
8429_1461,13.128817822493712,77.70870399544657,Maralakunte,,,,,,Yelahanka taluku,Bengaluru Urban,562149,"Maralakunte, Yelahanka taluku, Bengaluru Urban, Karnataka, 562149, India"
8429_1462,13.13780093424362,77.70870399544657,Maralakunte,,,,,,Yelahanka taluku,Bengaluru Urban,562149,"Maralakunte, Yelahanka taluku, Bengaluru Urban, Karnataka, 562149, India"
8429_1463,13.146784045993533,77.70870399544657,Maralakunte,,,,,Mahadevakodagehalli,Yelahanka taluku,Bengaluru Urban,562149,"Mahadeva Kodigehalli, Mahadevakodagehalli, Maralakunte, Yelahanka taluku, Bengaluru Urban, Karnataka, 562149, India"
8430_1424,12.796442687747035,77.71792265657658,Chandapura,,Chandapura,,,Chandapura,Anekal,Bengaluru Urban,562145,"Chandapura, Kittaganahalli, Anekal, Bengaluru Urban, Karnataka, 562145, India"
8430_1425,12.805425799496946,77.71792265657658,Neraluru,,,,,,Anekal,Bengaluru Urban,562107,"Neraluru, Anekal, Bengaluru Urban, Karnataka, 562107, India"
8430_1426,12.814408911246856,77.71792265657658,Ramasagara,,,,,,Anekal,Bengaluru Urban,560099,"Ramasagara, Anekal, Bengaluru Urban, Karnataka, 560099, India"
8430_1427,12.823392022996766,77.71792265657658,Ramasagara,,,,,,Anekal,Bengaluru Urban,560099,"Ramasagara, Anekal, Bengaluru Urban, Karnataka, 560099, India"
8430_1428,12.832375134746677,77.71792265657658,Singena Agrahara,,,,,,Anekal,Bengaluru Urban,560099,"Singena Agrahara, Anekal, Bengaluru Urban, Karnataka, 560099, India"
8430_1429,12.841358246496586,77.71792265657658,Singena Agrahara,,,,,,Anekal,Bengaluru Urban,560099,"Singena Agrahara, Anekal, Bengaluru Urban, Karnataka, 560099, India"
8430_1430,12.850341358246496,77.71792265657658,Narayanaghatta,,,,,,Anekal,Bengaluru Urban,560099,"Narayanaghatta, Anekal, Bengaluru Urban, Karnataka, 560099, India"
8430_1431,12.859324469996409,77.71792265657658,Kommasandra,,,,,Harohalli,Anekal,Bengaluru Urban,,"Harohalli, Kommasandra, Anekal, Bengaluru Urban, Karnataka, India"
8430_1432,12.868307581746317,77.71792265657658,Kommasandra,,,,,Chokkasandra,Anekal,Bengaluru Urban,,"Chokkasandra, Kommasandra, Anekal, Bengaluru Urban, Karnataka, India"
8430_1433,12.877290693496228,77.71792265657658,Gattahalli,,,,,Avalahalli,Anekal,Bengaluru Urban,,"Avalahalli, Gattahalli, Anekal, Bengaluru Urban, Karnataka, India"
8430_1434,12.886273805246136,77.71792265657658,Kodati,,Kodati,,,Kodathi,Bangalore East,Bengaluru Urban,560035,"Kodati, Kodathi, Bangalore East, Bengaluru Urban, Karnataka, 560035, India"
8430_1435,12.895256916996049,77.71792265657658,Kodati,,Kodati,,,Kodathi,Bangalore East,Bengaluru Urban,560035,"Kodati, Kodathi, Bangalore East, Bengaluru Urban, Karnataka, 560035, India"
8430_1436,12.904240028745958,77.71792265657658,Mulluru,,Mulluru,,,Mulluru,Bangalore East,Bengaluru Urban,560035,"Ambedkar Nagara, Mulluru, Bangalore East, Bengaluru Urban, Karnataka, 560035, India"
8430_1437,12.913223140495868,77.71792265657658,Gunjur,,Gunjur,,Bengaluru,Bengaluru East City Corporation,Bangalore East,Bengaluru Urban,,"Gunjur, Bengaluru East City Corporation, Bengaluru, Bangalore East, Bengaluru Urban, Karnataka, India"
8430_1438,12.922206252245775,77.71792265657658,Gunjur,,Gunjur,,Bengaluru,Bengaluru East City Corporation,Bangalore East,Bengaluru Urban,,"Gunjur, Bengaluru East City Corporation, Bengaluru, Bangalore East, Bengaluru Urban, Karnataka, India"
8430_1439,12.931189363995689,77.71792265657658,Panathur,,Panathur,,Bengaluru,Bengaluru East City Corporation,Bangalore East,Bengaluru Urban,,"Panathur, Bengaluru East City Corporation, Bengaluru, Bangalore East, Bengaluru Urban, Karnataka, India"
8430_1440,12.940172475745598,77.71792265657658,Panathur,,Panathur,,Bengaluru,Bengaluru East City Corporation,Bangalore East,Bengaluru Urban,,"Panathur, Bengaluru East City Corporation, Bengaluru, Bangalore East, Bengaluru Urban, Karnataka, India"
8430_1441,12.94915558749551,77.71792265657658,Kundalahalli,,Kundalahalli,,Bengaluru,Bengaluru East City Corporation,Bangalore East,Bengaluru Urban,,"Kundalahalli, Bengaluru East City Corporation, Bengaluru, Bangalore East, Bengaluru Urban, Karnataka, India"
8430_1442,12.95813869924542,77.71792265657658,Kundalahalli,,Kundalahalli,,Bengaluru,Bengaluru East City Corporation,Bangalore East,Bengaluru Urban,,"Kundalahalli, Bengaluru East City Corporation, Bengaluru, Bangalore East, Bengaluru Urban, Karnataka, India"
8430_1443,12.967121810995328,77.71792265657658,Kundalahalli,,Kundalahalli,,Bengaluru,Bengaluru East City Corporation,Bangalore East,Bengaluru Urban,,"Kundalahalli, Bengaluru East City Corporation, Bengaluru, Bangalore East, Bengaluru Urban, Karnataka, India"
8430_1444,12.97610492274524,77.71792265657658,Bharath Aikya Ward,,Bharath Aikya Ward,,Bengaluru,Bengaluru East City Corporation,Bangalore East,Bengaluru Urban,,"Bharath Aikya Ward, Bengaluru East City Corporation, Bengaluru, Bangalore East, Bengaluru Urban, Karnataka, India"
8430_1445,12.98508803449515,77.71792265657658,Kaveri Nagara,,Kaveri Nagara,,Bengaluru,Bengaluru East City Corporation,Bangalore East,Bengaluru Urban,560048,"Kaveri Nagara, Bengaluru East City Corporation, Bengaluru, Bangalore East, Bengaluru Urban, Karnataka, 560048, India"
8430_1446,12.99407114624506,77.71792265657658,Hoodi,,Hoodi,,Bengaluru,Bengaluru East City Corporation,Bangalore East,Bengaluru Urban,,"Hoodi, Bengaluru East City Corporation, Bengaluru, Bangalore East, Bengaluru Urban, Karnataka, India"
8430_1447,13.00305425799497,77.71792265657658,Hoodi,,Hoodi,,Bengaluru,Bengaluru East City Corporation,Bangalore East,Bengaluru Urban,,"Hoodi, Bengaluru East City Corporation, Bengaluru, Bangalore East, Bengaluru Urban, Karnataka, India"
8430_1448,13.01203736974488,77.71792265657658,Basavanapura,,Basavanapura,,Bengaluru,Bengaluru East City Corporation,Bangalore East,Bengaluru Urban,,"Basavanapura, Bengaluru East City Corporation, Bengaluru, Bangalore East, Bengaluru Urban, Karnataka, India"
8430_1449,13.021020481494787,77.71792265657658,Medahalli,,Medahalli,,Bengaluru,Bengaluru East City Corporation,Bangalore East,Bengaluru Urban,,"Medahalli, Bengaluru East City Corporation, Bengaluru, Bangalore East, Bengaluru Urban, Karnataka, India"
8430_1450,13.0300035932447,77.71792265657658,Bhattarahalli,,Bhattarahalli,,Bengaluru,Bengaluru East City Corporation,Bangalore East,Bengaluru Urban,,"Bhattarahalli, Bengaluru East City Corporation, Bengaluru, Bangalore East, Bengaluru Urban, Karnataka, India"
8430_1451,13.03898670499461,77.71792265657658,Kittaganuru,,,,,,Bangalore East,Bengaluru Urban,560049,"Kittaganuru, Bangalore East, Bengaluru Urban, Karnataka, 560049, India"
8430_1452,13.04796981674452,77.71792265657658,Hirandahalli,,,,,,Bangalore East,Bengaluru Urban,560049,"Hirandahalli, Bangalore East, Bengaluru Urban, Karnataka, 560049, India"
8430_1453,13.05695292849443,77.71792265657658,Bidarahalli,,,,,,Bangalore East,Bengaluru Urban,560049,"Bidarahalli, Bangalore East, Bengaluru Urban, Karnataka, 560049, India"
8430_1454,13.06593604024434,77.71792265657658,Byappanahalli,,,,,,Bangalore East,Bengaluru Urban,560049,"Byappanahalli, Bangalore East, Bengaluru Urban, Karnataka, 560049, India"
8430_1455,13.074919151994251,77.71792265657658,Kammasandra,,,,,Kammasandra,Bangalore East,Bengaluru Urban,,"Kammasandra, Bangalore East, Bengaluru Urban, Karnataka, India"
8430_1456,13.08390226374416,77.71792265657658,Gundur,,,,,,Bangalore East,Bengaluru Urban,560049,"Gundur, Bangalore East, Bengaluru Urban, Karnataka, 560049, India"
8430_1457,13.09288537549407,77.71792265657658,Marasandra,,,,,,Yelahanka taluku,Bengaluru Urban,562149,"Marasandra, Yelahanka taluku, Bengaluru Urban, Karnataka, 562149, India"
8430_1458,13.101868487243982,77.71792265657658,Marasandra,,,,,,Yelahanka taluku,Bengaluru Urban,562149,"Marasandra, Yelahanka taluku, Bengaluru Urban, Karnataka, 562149, India"
8430_1459,13.110851598993891,77.71792265657658,Marasandra,,,,,,Yelahanka taluku,Bengaluru Urban,562149,"Marasandra, Yelahanka taluku, Bengaluru Urban, Karnataka, 562149, India"
8430_1460,13.119834710743802,77.71792265657658,Manchappanahalli,,,,,Manchappanahosahalli,Yelahanka taluku,Bengaluru Urban,562149,"Manchappana Hosahalli, Manchappanahosahalli, Manchappanahalli, Yelahanka taluku, Bengaluru Urban, Karnataka, 562149, India"
8430_1461,13.128817822493712,77.71792265657658,Manchappanahalli,,,,,Manchappanahosahalli,Yelahanka taluku,Bengaluru Urban,562149,"Manchappana Hosahalli, Manchappanahosahalli, Manchappanahalli, Yelahanka taluku, Bengaluru Urban, Karnataka, 562149, India"
8430_1462,13.13780093424362,77.71792265657658,Manchappanahalli,,,,,Manchappanahosahalli,Yelahanka taluku,Bengaluru Urban,562149,"Manchappana Hosahalli, Manchappanahosahalli, Manchappanahalli, Yelahanka taluku, Bengaluru Urban, Karnataka, 562149, India"
8430_1463,13.146784045993533,77.71792265657658,Singahalli,,,,,Arebinnamangala,Yelahanka taluku,Bengaluru Urban,562149,"Arebinnamangala, Singahalli, Yelahanka taluku, Bengaluru Urban, Karnataka, 562149, India"
8431_1424,12.796442687747035,77.7271413177066,Neraluru,,,,,,Anekal,Bengaluru Urban,562107,"Neraluru, Anekal, Bengaluru Urban, Karnataka, 562107, India"
8431_1425,12.805425799496946,77.7271413177066,Neraluru,,,,,,Anekal,Bengaluru Urban,562107,"Neraluru, Anekal, Bengaluru Urban, Karnataka, 562107, India"
8431_1426,12.814408911246856,77.7271413177066,Lakshmisagara,,,,,,Anekal,Bengaluru Urban,562107,"Lakshmisagara, Anekal, Bengaluru Urban, Karnataka, 562107, India"
8431_1427,12.823392022996766,77.7271413177066,Ramasagara,,,,,,Anekal,Bengaluru Urban,560099,"Ramasagara, Anekal, Bengaluru Urban, Karnataka, 560099, India"
8431_1428,12.832375134746677,77.7271413177066,Narayanaghatta,,,,,,Anekal,Bengaluru Urban,560099,"Narayanaghatta, Anekal, Bengaluru Urban, Karnataka, 560099, India"
8431_1429,12.841358246496586,77.7271413177066,Narayanaghatta,,,,,,Anekal,Bengaluru Urban,560099,"Narayanaghatta, Anekal, Bengaluru Urban, Karnataka, 560099, India"
8431_1430,12.850341358246496,77.7271413177066,Kommasandra,,,,,Kaggalipura,Anekal,Bengaluru Urban,,"Kaggalipura, Kommasandra, Anekal, Bengaluru Urban, Karnataka, India"
8431_1431,12.859324469996409,77.7271413177066,Kommasandra,,,,,Kaggalipura,Anekal,Bengaluru Urban,,"Kaggalipura, Kommasandra, Anekal, Bengaluru Urban, Karnataka, India"
8431_1432,12.868307581746317,77.7271413177066,Kommasandra,,,,,Chokkasandra,Anekal,Bengaluru Urban,,"Chokkasandra, Kommasandra, Anekal, Bengaluru Urban, Karnataka, India"
8431_1433,12.877290693496228,77.7271413177066,Sulikunte,,Sulikunte,,,Sulakunte,Bangalore East,Bengaluru Urban,560099,"Sulikunte, Sulakunte, Bangalore East, Bengaluru Urban, Karnataka, 560099, India"
8431_1434,12.886273805246136,77.7271413177066,Sulikunte,,Sulikunte,,,Sulakunte,Bangalore East,Bengaluru Urban,560099,"Sulikunte, Sulakunte, Bangalore East, Bengaluru Urban, Karnataka, 560099, India"
8431_1435,12.895256916996049,77.7271413177066,Sulikunte,,Sulikunte,,,Sulakunte,Bangalore East,Bengaluru Urban,560099,"Sulikunte, Sulakunte, Bangalore East, Bengaluru Urban, Karnataka, 560099, India"
8431_1436,12.904240028745958,77.7271413177066,Mulluru,,Mulluru,,,Mulluru,Bangalore East,Bengaluru Urban,560035,"Ambedkar Nagara, Mulluru, Bangalore East, Bengaluru Urban, Karnataka, 560035, India"
8431_1437,12.913223140495868,77.7271413177066,Gunjur,,Gunjur,,Bengaluru,Bengaluru East City Corporation,Bangalore East,Bengaluru Urban,,"Gunjur, Bengaluru East City Corporation, Bengaluru, Bangalore East, Bengaluru Urban, Karnataka, India"
8431_1438,12.922206252245775,77.7271413177066,Gunjur,,Gunjur,,Bengaluru,Bengaluru East City Corporation,Bangalore East,Bengaluru Urban,,"Gunjur, Bengaluru East City Corporation, Bengaluru, Bangalore East, Bengaluru Urban, Karnataka, India"
8431_1439,12.931189363995689,77.7271413177066,Panathur,,Panathur,,Bengaluru,Bengaluru East City Corporation,Bangalore East,Bengaluru Urban,,"Panathur, Bengaluru East City Corporation, Bengaluru, Bangalore East, Bengaluru Urban, Karnataka, India"
8431_1440,12.940172475745598,77.7271413177066,Panathur,,Panathur,,Bengaluru,Bengaluru East City Corporation,Bangalore East,Bengaluru Urban,,"Panathur, Bengaluru East City Corporation, Bengaluru, Bangalore East, Bengaluru Urban, Karnataka, India"
8431_1441,12.94915558749551,77.7271413177066,Kundalahalli,,Kundalahalli,,Bengaluru,Bengaluru East City Corporation,Bangalore East,Bengaluru Urban,,"Kundalahalli, Bengaluru East City Corporation, Bengaluru, Bangalore East, Bengaluru Urban, Karnataka, India"
8431_1442,12.95813869924542,77.7271413177066,Kundalahalli,,Kundalahalli,,Bengaluru,Bengaluru East City Corporation,Bangalore East,Bengaluru Urban,,"Kundalahalli, Bengaluru East City Corporation, Bengaluru, Bangalore East, Bengaluru Urban, Karnataka, India"
8431_1443,12.967121810995328,77.7271413177066,Kundalahalli,,Kundalahalli,,Bengaluru,Bengaluru East City Corporation,Bangalore East,Bengaluru Urban,,"Kundalahalli, Bengaluru East City Corporation, Bengaluru, Bangalore East, Bengaluru Urban, Karnataka, India"
8431_1444,12.97610492274524,77.7271413177066,S.M Krishna Ward,,S.M Krishna Ward,,Bengaluru,Bengaluru East City Corporation,Bangalore East,Bengaluru Urban,,"S.M Krishna Ward, Bengaluru East City Corporation, Bengaluru, Bangalore East, Bengaluru Urban, Karnataka, India"
8431_1445,12.98508803449515,77.7271413177066,Kaveri Nagara,,Kaveri Nagara,,Bengaluru,Bengaluru East City Corporation,Bangalore East,Bengaluru Urban,560048,"Kaveri Nagara, Bengaluru East City Corporation, Bengaluru, Bangalore East, Bengaluru Urban, Karnataka, 560048, India"
8431_1446,12.99407114624506,77.7271413177066,Hoodi,,Hoodi,,Bengaluru,Bengaluru East City Corporation,Bangalore East,Bengaluru Urban,,"Hoodi, Bengaluru East City Corporation, Bengaluru, Bangalore East, Bengaluru Urban, Karnataka, India"
8431_1447,13.00305425799497,77.7271413177066,Belathur,,Belathur,,Bengaluru,Bengaluru East City Corporation,Bangalore East,Bengaluru Urban,,"Belathur, Bengaluru East City Corporation, Bengaluru, Bangalore East, Bengaluru Urban, Karnataka, India"
8431_1448,13.01203736974488,77.7271413177066,Medahalli,,Medahalli,,Bengaluru,Bengaluru East City Corporation,Bangalore East,Bengaluru Urban,,"Medahalli, Bengaluru East City Corporation, Bengaluru, Bangalore East, Bengaluru Urban, Karnataka, India"
8431_1449,13.021020481494787,77.7271413177066,Medahalli,,Medahalli,,Bengaluru,Bengaluru East City Corporation,Bangalore East,Bengaluru Urban,,"Medahalli, Bengaluru East City Corporation, Bengaluru, Bangalore East, Bengaluru Urban, Karnataka, India"
8431_1450,13.0300035932447,77.7271413177066,Hirandahalli,,,,,,Bangalore East,Bengaluru Urban,560049,"Hirandahalli, Bangalore East, Bengaluru Urban, Karnataka, 560049, India"
8431_1451,13.03898670499461,77.7271413177066,Hirandahalli,,,,,,Bangalore East,Bengaluru Urban,560049,"Hirandahalli, Bangalore East, Bengaluru Urban, Karnataka, 560049, India"
8431_1452,13.04796981674452,77.7271413177066,Hirandahalli,,,,,,Bangalore East,Bengaluru Urban,560049,"Hirandahalli, Bangalore East, Bengaluru Urban, Karnataka, 560049, India"
8431_1453,13.05695292849443,77.7271413177066,Bidarahalli,,,,,,Bangalore East,Bengaluru Urban,560049,"Bidarahalli, Bangalore East, Bengaluru Urban, Karnataka, 560049, India"
8431_1454,13.06593604024434,77.7271413177066,Byappanahalli,,,,,,Bangalore East,Bengaluru Urban,560049,"Byappanahalli, Bangalore East, Bengaluru Urban, Karnataka, 560049, India"
8431_1455,13.074919151994251,77.7271413177066,Manduru,,,,,,Bangalore East,Bengaluru Urban,560049,"Manduru, Bangalore East, Bengaluru Urban, Karnataka, 560049, India"
8431_1456,13.08390226374416,77.7271413177066,Manduru,,,,,,Bangalore East,Bengaluru Urban,560049,"Manduru, Bangalore East, Bengaluru Urban, Karnataka, 560049, India"
8431_1457,13.09288537549407,77.7271413177066,Kattugollahalli,,,,,,Bangalore East,Bengaluru Urban,560049,"Kattugollahalli, Bangalore East, Bengaluru Urban, Karnataka, 560049, India"
8431_1458,13.101868487243982,77.7271413177066,Kattugollahalli,,,,,,Bangalore East,Bengaluru Urban,560049,"Kattugollahalli, Bangalore East, Bengaluru Urban, Karnataka, 560049, India"
8431_1459,13.110851598993891,77.7271413177066,Jyotipura,,,,,,Bangalore East,Bengaluru Urban,560049,"Jyotipura, Bangalore East, Bengaluru Urban, Karnataka, 560049, India"
8431_1460,13.119834710743802,77.7271413177066,Chalamkunte,,,,,Chalamkunte,Yelahanka taluku,Bengaluru Urban,,"Chalamkunte, Yelahanka taluku, Bengaluru Urban, Karnataka, India"
8431_1461,13.128817822493712,77.7271413177066,Manchappanahalli,,,,,Manchappanahosahalli,Yelahanka taluku,Bengaluru Urban,562149,"Manchappana Hosahalli, Manchappanahosahalli, Manchappanahalli, Yelahanka taluku, Bengaluru Urban, Karnataka, 562149, India"
8431_1462,13.13780093424362,77.7271413177066,Manchappanahalli,,,,,Manchappanahosahalli,Yelahanka taluku,Bengaluru Urban,562149,"Manchappana Hosahalli, Manchappanahosahalli, Manchappanahalli, Yelahanka taluku, Bengaluru Urban, Karnataka, 562149, India"
8431_1463,13.146784045993533,77.7271413177066,Manchappanahalli,,,,,Gollahalli,Yelahanka taluku,Bengaluru Urban,562149,"Gollahalli, Manchappanahalli, Yelahanka taluku, Bengaluru Urban, Karnataka, 562149, India"
8432_1424,12.796442687747035,77.7363599788366,Neraluru,,,,,,Anekal,Bengaluru Urban,562107,"Neraluru, Anekal, Bengaluru Urban, Karnataka, 562107, India"
8432_1425,12.805425799496946,77.7363599788366,Guddahatti,,,,,,Anekal,Bengaluru Urban,562107,"Guddahatti, Anekal, Bengaluru Urban, Karnataka, 562107, India"
8432_1426,12.814408911246856,77.7363599788366,Guddahatti,,,,,Bendiganahalli,Anekal,Bengaluru Urban,,"Bendiganahalli, Guddahatti, Anekal, Bengaluru Urban, Karnataka, India"
8432_1427,12.823392022996766,77.7363599788366,Muttanalluru,,,,,Halebommasandra,Anekal,Bengaluru Urban,,"Halebommasandra, Muttanalluru, Anekal, Bengaluru Urban, Karnataka, India"
8432_1428,12.832375134746677,77.7363599788366,Muttanalluru,,,,,,Anekal,Bengaluru Urban,560099,"Muttanalluru, Anekal, Bengaluru Urban, Karnataka, 560099, India"
8432_1429,12.841358246496586,77.7363599788366,Muttanalluru,,,,,,Anekal,Bengaluru Urban,560099,"Muttanalluru, Anekal, Bengaluru Urban, Karnataka, 560099, India"
8432_1430,12.850341358246496,77.7363599788366,Kommasandra,,,,,Gopasandra,Anekal,Bengaluru Urban,,"Gopasandra, Kommasandra, Anekal, Bengaluru Urban, Karnataka, India"
8432_1431,12.859324469996409,77.7363599788366,Kommasandra,,,,,,Anekal,Bengaluru Urban,560099,"Kommasandra, Anekal, Bengaluru Urban, Karnataka, 560099, India"
8432_1432,12.868307581746317,77.7363599788366,Kommasandra,,,,,,Anekal,Bengaluru Urban,560099,"Kommasandra, Anekal, Bengaluru Urban, Karnataka, 560099, India"
8432_1433,12.877290693496228,77.7363599788366,Dommasandra,,,,,,Anekal,Bengaluru Urban,562125,"Dommasandra, Anekal, Bengaluru Urban, Karnataka, 562125, India"
8432_1434,12.886273805246136,77.7363599788366,Sulikunte,,Sulikunte,,,Sulakunte,Bangalore East,Bengaluru Urban,560099,"Sulikunte, Sulakunte, Bangalore East, Bengaluru Urban, Karnataka, 560099, India"
8432_1435,12.895256916996049,77.7363599788366,Sulikunte,,Sulikunte,,,Sulakunte,Bangalore East,Bengaluru Urban,560099,"Sulikunte, Sulakunte, Bangalore East, Bengaluru Urban, Karnataka, 560099, India"
8432_1436,12.904240028745958,77.7363599788366,Kachamaranahalli,,,,,Kachamaranahalli,Bangalore East,Bengaluru Urban,560087,"Kachamaranahalli, Bangalore East, Bengaluru Urban, Karnataka, 560087, India"
8432_1437,12.913223140495868,77.7363599788366,Kachamaranahalli,,,,,Kachamaranahalli,Bangalore East,Bengaluru Urban,560087,"Kachamaranahalli, Bangalore East, Bengaluru Urban, Karnataka, 560087, India"
8432_1438,12.922206252245775,77.7363599788366,Gunjur,,Gunjur,,Bengaluru,Bengaluru East City Corporation,Bangalore East,Bengaluru Urban,,"Gunjur, Bengaluru East City Corporation, Bengaluru, Bangalore East, Bengaluru Urban, Karnataka, India"
8432_1439,12.931189363995689,77.7363599788366,Varthur,,Varthur,,Bengaluru,Bengaluru East City Corporation,Bangalore East,Bengaluru Urban,560087,"Varthur, Bengaluru East City Corporation, Bengaluru, Bangalore East, Bengaluru Urban, Karnataka, 560087, India"
8432_1440,12.940172475745598,77.7363599788366,Varthur,,Varthur,,Bengaluru,Bengaluru East City Corporation,Bangalore East,Bengaluru Urban,560087,"Varthur, Bengaluru East City Corporation, Bengaluru, Bangalore East, Bengaluru Urban, Karnataka, 560087, India"
8432_1441,12.94915558749551,77.7363599788366,Varthur,,Varthur,,Bengaluru,Bengaluru East City Corporation,Bangalore East,Bengaluru Urban,560087,"Varthur, Bengaluru East City Corporation, Bengaluru, Bangalore East, Bengaluru Urban, Karnataka, 560087, India"
8432_1442,12.95813869924542,77.7363599788366,Whitefield,,Whitefield,,Bengaluru,Bengaluru East City Corporation,Bangalore East,Bengaluru Urban,560066,"Whitefield, Bengaluru East City Corporation, Bengaluru, Bangalore East, Bengaluru Urban, Karnataka, 560066, India"
8432_1443,12.967121810995328,77.7363599788366,Whitefield,,Whitefield,,Bengaluru,Bengaluru East City Corporation,Bangalore East,Bengaluru Urban,560066,"Whitefield, Bengaluru East City Corporation, Bengaluru, Bangalore East, Bengaluru Urban, Karnataka, 560066, India"
8432_1444,12.97610492274524,77.7363599788366,S.M Krishna Ward,,S.M Krishna Ward,,Bengaluru,Bengaluru East City Corporation,Bangalore East,Bengaluru Urban,,"S.M Krishna Ward, Bengaluru East City Corporation, Bengaluru, Bangalore East, Bengaluru Urban, Karnataka, India"
8432_1445,12.98508803449515,77.7363599788366,S.M Krishna Ward,,S.M Krishna Ward,,Bengaluru,Bengaluru East City Corporation,Bangalore East,Bengaluru Urban,,"S.M Krishna Ward, Bengaluru East City Corporation, Bengaluru, Bangalore East, Bengaluru Urban, Karnataka, India"
8432_1446,12.99407114624506,77.7363599788366,Belathur,,Belathur,,Bengaluru,Bengaluru East City Corporation,Bangalore East,Bengaluru Urban,,"Belathur, Bengaluru East City Corporation, Bengaluru, Bangalore East, Bengaluru Urban, Karnataka, India"
8432_1447,13.00305425799497,77.7363599788366,Belathur,,Belathur,,Bengaluru,Bengaluru East City Corporation,Bangalore East,Bengaluru Urban,,"Belathur, Bengaluru East City Corporation, Bengaluru, Bangalore East, Bengaluru Urban, Karnataka, India"
8432_1448,13.01203736974488,77.7363599788366,K Dommasandra,,,,,,Bangalore East,Bengaluru Urban,560049,"K Dommasandra, Bangalore East, Bengaluru Urban, Karnataka, 560049, India"
8432_1449,13.021020481494787,77.7363599788366,Bidare Agrahara,,,,,Veerenahalli,Bangalore East,Bengaluru Urban,560049,"Veeranahalli, Veerenahalli, Bidare Agrahara, Bangalore East, Bengaluru Urban, Karnataka, 560049, India"
8432_1450,13.0300035932447,77.7363599788366,Avalahalli,,,,,,Bangalore East,Bengaluru Urban,560049,"Avalahalli, Bangalore East, Bengaluru Urban, Karnataka, 560049, India"
8432_1451,13.03898670499461,77.7363599788366,Avalahalli,,,,,,Bangalore East,Bengaluru Urban,560049,"Avalahalli, Bangalore East, Bengaluru Urban, Karnataka, 560049, India"
8432_1452,13.04796981674452,77.7363599788366,Chimasandra,,,,,,Bangalore East,Bengaluru Urban,560049,"Chimasandra, Bangalore East, Bengaluru Urban, Karnataka, 560049, India"
8432_1453,13.05695292849443,77.7363599788366,Chimasandra,,,,,,Bangalore East,Bengaluru Urban,560049,"Chimasandra, Bangalore East, Bengaluru Urban, Karnataka, 560049, India"
8432_1454,13.06593604024434,77.7363599788366,Manduru,,,,,,Bangalore East,Bengaluru Urban,560049,"Manduru, Bangalore East, Bengaluru Urban, Karnataka, 560049, India"
8432_1455,13.074919151994251,77.7363599788366,Manduru,,,,,,Bangalore East,Bengaluru Urban,560049,"Manduru, Bangalore East, Bengaluru Urban, Karnataka, 560049, India"
8432_1456,13.08390226374416,77.7363599788366,Manduru,,,,,,Bangalore East,Bengaluru Urban,560049,"Manduru, Bangalore East, Bengaluru Urban, Karnataka, 560049, India"
8432_1457,13.09288537549407,77.7363599788366,Kattugollahalli,,,,,,Bangalore East,Bengaluru Urban,560049,"Kattugollahalli, Bangalore East, Bengaluru Urban, Karnataka, 560049, India"
8432_1458,13.101868487243982,77.7363599788366,Shringaripura,,,,,Shringaripura,Bangalore East,Bengaluru Urban,,"Shringaripura, Bangalore East, Bengaluru Urban, Karnataka, India"
8432_1459,13.110851598993891,77.7363599788366,Jyotipura,,,,,,Bangalore East,Bengaluru Urban,560049,"Jyotipura, Bangalore East, Bengaluru Urban, Karnataka, 560049, India"
8432_1460,13.119834710743802,77.7363599788366,Handrahalli,,,,,,Devanahalli taluku,Bengaluru North,562129,"Hittarahalli, Handrahalli, Devanahalli taluku, Bengaluru North, Karnataka, 562129, India"
8432_1461,13.128817822493712,77.7363599788366,Handrahalli,,,,,,Devanahalli taluku,Bengaluru North,562129,"Hittarahalli, Handrahalli, Devanahalli taluku, Bengaluru North, Karnataka, 562129, India"
8432_1462,13.13780093424362,77.7363599788366,Kaggalahalli,,,,,,Devanahalli taluku,Bengaluru North,562129,"Kondenahalli, Kaggalahalli, Devanahalli taluku, Bengaluru North, Karnataka, 562129, India"
8432_1463,13.146784045993533,77.7363599788366,Kaggalahalli,,,,,,Devanahalli taluku,Bengaluru North,562129,"Kondenahalli, Kaggalahalli, Devanahalli taluku, Bengaluru North, Karnataka, 562129, India"
8433_1424,12.796442687747035,77.74557863996662,Yadavanahalli,,,,,,Anekal,Bengaluru Urban,562107,"Yadavanahalli, Anekal, Bengaluru Urban, Karnataka, 562107, India"
8433_1425,12.805425799496946,77.74557863996662,Guddahatti,,,,,,Anekal,Bengaluru Urban,562107,"Guddahatti, Anekal, Bengaluru Urban, Karnataka, 562107, India"
8433_1426,12.814408911246856,77.74557863996662,Adigondanahalli,,,,,,Anekal,Bengaluru Urban,562107,"Adigondanahalli, Anekal, Bengaluru Urban, Karnataka, 562107, India"
8433_1427,12.823392022996766,77.74557863996662,Adigondanahalli,,,,,Mutthanelleuru-amanikere,Anekal,Bengaluru Urban,,"Mutthanelleuru-amanikere, Adigondanahalli, Anekal, Bengaluru Urban, Karnataka, India"
8433_1428,12.832375134746677,77.74557863996662,Sollepura,,,,,Samenahalli,Anekal,Bengaluru Urban,,"Samenahalli, Sollepura, Anekal, Bengaluru Urban, Karnataka, India"
8433_1429,12.841358246496586,77.74557863996662,Bikkanahalli,,,,,Chikkathimmasandra,Anekal,Bengaluru Urban,,"Chikkathimmasandra, Bikkanahalli, Anekal, Bengaluru Urban, Karnataka, India"
8433_1430,12.850341358246496,77.74557863996662,Bikkanahalli,,,,,Chikkathimmasandra,Anekal,Bengaluru Urban,,"Chikkathimmasandra, Bikkanahalli, Anekal, Bengaluru Urban, Karnataka, India"
8433_1431,12.859324469996409,77.74557863996662,Kommasandra,,,,,,Anekal,Bengaluru Urban,560099,"Kommasandra, Anekal, Bengaluru Urban, Karnataka, 560099, India"
8433_1432,12.868307581746317,77.74557863996662,Dommasandra,,,,,,Anekal,Bengaluru Urban,562125,"Dommasandra, Anekal, Bengaluru Urban, Karnataka, 562125, India"
8433_1433,12.877290693496228,77.74557863996662,Dommasandra,,,,,,Anekal,Bengaluru Urban,562125,"Dommasandra, Anekal, Bengaluru Urban, Karnataka, 562125, India"
8433_1434,12.886273805246136,77.74557863996662,Dommasandra,,,,,,Anekal,Bengaluru Urban,562125,"Dommasandra, Anekal, Bengaluru Urban, Karnataka, 562125, India"
8433_1435,12.895256916996049,77.74557863996662,Heggondahalli,,,,,Chikkavaderapura,Anekal,Bengaluru Urban,,"Chikkavaderapura, Heggondahalli, Anekal, Bengaluru Urban, Karnataka, India"
8433_1436,12.904240028745958,77.74557863996662,Heggondahalli,,,,,,Anekal,Bengaluru Urban,562125,"Heggondahalli, Anekal, Bengaluru Urban, Karnataka, 562125, India"
8433_1437,12.913223140495868,77.74557863996662,Halasahalli,,,,,,Anekal,Bengaluru Urban,562125,"Halasahalli, Anekal, Bengaluru Urban, Karnataka, 562125, India"
8433_1438,12.922206252245775,77.74557863996662,Gunjur,,Gunjur,,Bengaluru,Bengaluru East City Corporation,Bangalore East,Bengaluru Urban,,"Gunjur, Bengaluru East City Corporation, Bengaluru, Bangalore East, Bengaluru Urban, Karnataka, India"
8433_1439,12.931189363995689,77.74557863996662,Gunjur,,Gunjur,,Bengaluru,Bengaluru East City Corporation,Bangalore East,Bengaluru Urban,,"Gunjur, Bengaluru East City Corporation, Bengaluru, Bangalore East, Bengaluru Urban, Karnataka, India"
8433_1440,12.940172475745598,77.74557863996662,Varthur,,Varthur,,Bengaluru,Bengaluru East City Corporation,Bangalore East,Bengaluru Urban,560087,"Varthur, Bengaluru East City Corporation, Bengaluru, Bangalore East, Bengaluru Urban, Karnataka, 560087, India"
8433_1441,12.94915558749551,77.74557863996662,Varthur,,Varthur,,Bengaluru,Bengaluru East City Corporation,Bangalore East,Bengaluru Urban,560087,"Varthur, Bengaluru East City Corporation, Bengaluru, Bangalore East, Bengaluru Urban, Karnataka, 560087, India"
8433_1442,12.95813869924542,77.74557863996662,Whitefield,,Whitefield,,Bengaluru,Bengaluru East City Corporation,Bangalore East,Bengaluru Urban,560066,"Whitefield, Bengaluru East City Corporation, Bengaluru, Bangalore East, Bengaluru Urban, Karnataka, 560066, India"
8433_1443,12.967121810995328,77.74557863996662,Whitefield,,Whitefield,,Bengaluru,Bengaluru East City Corporation,Bangalore East,Bengaluru Urban,560066,"Whitefield, Bengaluru East City Corporation, Bengaluru, Bangalore East, Bengaluru Urban, Karnataka, 560066, India"
8433_1444,12.97610492274524,77.74557863996662,S.M Krishna Ward,,S.M Krishna Ward,,Bengaluru,Bengaluru East City Corporation,Bangalore East,Bengaluru Urban,,"S.M Krishna Ward, Bengaluru East City Corporation, Bengaluru, Bangalore East, Bengaluru Urban, Karnataka, India"
8433_1445,12.98508803449515,77.74557863996662,S.M Krishna Ward,,S.M Krishna Ward,,Bengaluru,Bengaluru East City Corporation,Bangalore East,Bengaluru Urban,,"S.M Krishna Ward, Bengaluru East City Corporation, Bengaluru, Bangalore East, Bengaluru Urban, Karnataka, India"
8433_1446,12.99407114624506,77.74557863996662,Belathur,,Belathur,,Bengaluru,Bengaluru East City Corporation,Bangalore East,Bengaluru Urban,,"Belathur, Bengaluru East City Corporation, Bengaluru, Bangalore East, Bengaluru Urban, Karnataka, India"
8433_1447,13.00305425799497,77.74557863996662,Belathur,,Belathur,,Bengaluru,Bengaluru East City Corporation,Bangalore East,Bengaluru Urban,,"Belathur, Bengaluru East City Corporation, Bengaluru, Bangalore East, Bengaluru Urban, Karnataka, India"
8433_1448,13.01203736974488,77.74557863996662,K Dommasandra,,,,,,Bangalore East,Bengaluru Urban,560049,"K Dommasandra, Bangalore East, Bengaluru Urban, Karnataka, 560049, India"
8433_1449,13.021020481494787,77.74557863996662,Doddabanahalli,,,,,,Bangalore East,Bengaluru Urban,560049,"Doddabanahalli, Bangalore East, Bengaluru Urban, Karnataka, 560049, India"
8433_1450,13.0300035932447,77.74557863996662,Bidare Agrahara,,,,,,Bangalore East,Bengaluru Urban,560049,"Bidare Agrahara, Bangalore East, Bengaluru Urban, Karnataka, 560049, India"
8433_1451,13.03898670499461,77.74557863996662,Bandapura,,,,,,Bangalore East,Bengaluru Urban,560049,"Bandapura, Bangalore East, Bengaluru Urban, Karnataka, 560049, India"
8433_1452,13.04796981674452,77.74557863996662,Chimasandra,,,,,,Bangalore East,Bengaluru Urban,560049,"Chimasandra, Bangalore East, Bengaluru Urban, Karnataka, 560049, India"
8433_1453,13.05695292849443,77.74557863996662,Huskuru,,,,,Nimbekayipura,Bangalore East,Bengaluru Urban,560049,"Nimbekaipura, Nimbekayipura, Huskuru, Bangalore East, Bengaluru Urban, Karnataka, 560049, India"
8433_1454,13.06593604024434,77.74557863996662,Bommenahalli,,,,,,Bangalore East,Bengaluru Urban,560049,"Bommenahalli, Bangalore East, Bengaluru Urban, Karnataka, 560049, India"
8433_1455,13.074919151994251,77.74557863996662,Bommenahalli,,,,,,Bangalore East,Bengaluru Urban,560049,"Bommenahalli, Bangalore East, Bengaluru Urban, Karnataka, 560049, India"
8433_1456,13.08390226374416,77.74557863996662,Kodagihalli,,,,,Kodagihalli,Bangalore East,Bengaluru Urban,,"Kodagihalli, Bangalore East, Bengaluru Urban, Karnataka, India"
8433_1457,13.09288537549407,77.74557863996662,Hancharahalli,,,,,,Bangalore East,Bengaluru Urban,560049,"Hancharahalli, Bangalore East, Bengaluru Urban, Karnataka, 560049, India"
8433_1458,13.101868487243982,77.74557863996662,Shringaripura,,,,,Shringaripura,Bangalore East,Bengaluru Urban,,"Shringaripura, Bangalore East, Bengaluru Urban, Karnataka, India"
8433_1459,13.110851598993891,77.74557863996662,Handrahalli,,,,,,Devanahalli taluku,Bengaluru North,560049,"Thirumenahalli, Handrahalli, Devanahalli taluku, Bengaluru North, Karnataka, 560049, India"
8433_1460,13.119834710743802,77.74557863996662,Handrahalli,,,,,,Devanahalli taluku,Bengaluru North,562129,"Hittarahalli, Handrahalli, Devanahalli taluku, Bengaluru North, Karnataka, 562129, India"
8433_1461,13.128817822493712,77.74557863996662,Handrahalli,,,,,,Devanahalli taluku,Bengaluru North,562129,"Hittarahalli, Handrahalli, Devanahalli taluku, Bengaluru North, Karnataka, 562129, India"
8433_1462,13.13780093424362,77.74557863996662,Handrahalli,,,,,,Devanahalli taluku,Bengaluru North,562129,"Hittarahalli, Handrahalli, Devanahalli taluku, Bengaluru North, Karnataka, 562129, India"
8433_1463,13.146784045993533,77.74557863996662,Gangavara Chaudappanahalli,,,,,,Devanahalli taluku,Bengaluru North,562129,"Chowdappanahalli, Gangavara Chaudappanahalli, Devanahalli taluku, Bengaluru North, Karnataka, 562129, India"
