Grid_ID,Grid_X,Grid_Y,Center_Latitude,Center_Longitude,South_Latitude,North_Latitude,West_Longitude,East_Longitude,Cell_Size_m,Cell_Area_m2,Cell_Area_hectares,Historical_Samples,Historical_Unique_Dates,Persistent_Reliable_Cell,Observation_Support,Inside_Study_Footprint
8401_1424,8401,1424,12.796442687747035,77.4505814838062,12.79195113187208,12.80093424362199,77.44597215324119,77.4551908143712,1000,1000000,100,1,1,False,Limited,True
8402_1424,8402,1424,12.796442687747035,77.45980014493621,12.79195113187208,12.80093424362199,77.4551908143712,77.46440947550121,1000,1000000,100,1,1,False,Limited,True
8403_1424,8403,1424,12.796442687747035,77.46901880606623,12.79195113187208,12.80093424362199,77.46440947550121,77.47362813663123,1000,1000000,100,0,0,False,Prediction Only,True
8404_1424,8404,1424,12.796442687747035,77.47823746719624,12.79195113187208,12.80093424362199,77.47362813663123,77.48284679776124,1000,1000000,100,1,1,False,Limited,True
8405_1424,8405,1424,12.796442687747035,77.48745612832626,12.79195113187208,12.80093424362199,77.48284679776124,77.49206545889126,1000,1000000,100,1,1,False,Limited,True
8406_1424,8406,1424,12.796442687747035,77.49667478945626,12.79195113187208,12.80093424362199,77.49206545889126,77.50128412002127,1000,1000000,100,2,2,False,Limited,True
8407_1424,8407,1424,12.796442687747035,77.50589345058627,12.79195113187208,12.80093424362199,77.50128412002127,77.51050278115129,1000,1000000,100,0,0,False,Prediction Only,True
8408_1424,8408,1424,12.796442687747035,77.51511211171629,12.79195113187208,12.80093424362199,77.51050278115129,77.5197214422813,1000,1000000,100,0,0,False,Prediction Only,True
8409_1424,8409,1424,12.796442687747035,77.5243307728463,12.79195113187208,12.80093424362199,77.5197214422813,77.52894010341132,1000,1000000,100,0,0,False,Prediction Only,True
8410_1424,8410,1424,12.796442687747035,77.53354943397632,12.79195113187208,12.80093424362199,77.52894010341132,77.53815876454132,1000,1000000,100,0,0,False,Prediction Only,True
8411_1424,8411,1424,12.796442687747035,77.54276809510633,12.79195113187208,12.80093424362199,77.53815876454132,77.54737742567134,1000,1000000,100,0,0,False,Prediction Only,True
8412_1424,8412,1424,12.796442687747035,77.55198675623635,12.79195113187208,12.80093424362199,77.54737742567134,77.55659608680135,1000,1000000,100,0,0,False,Prediction Only,True
8413_1424,8413,1424,12.796442687747035,77.56120541736635,12.79195113187208,12.80093424362199,77.55659608680135,77.56581474793137,1000,1000000,100,1,1,False,Limited,True
8414_1424,8414,1424,12.796442687747035,77.57042407849637,12.79195113187208,12.80093424362199,77.56581474793137,77.57503340906138,1000,1000000,100,0,0,False,Prediction Only,True
8415_1424,8415,1424,12.796442687747035,77.57964273962638,12.79195113187208,12.80093424362199,77.57503340906138,77.5842520701914,1000,1000000,100,2,2,False,Limited,True
8416_1424,8416,1424,12.796442687747035,77.5888614007564,12.79195113187208,12.80093424362199,77.5842520701914,77.5934707313214,1000,1000000,100,0,0,False,Prediction Only,True
8417_1424,8417,1424,12.796442687747035,77.5980800618864,12.79195113187208,12.80093424362199,77.5934707313214,77.60268939245141,1000,1000000,100,0,0,False,Prediction Only,True
8418_1424,8418,1424,12.796442687747035,77.60729872301643,12.79195113187208,12.80093424362199,77.60268939245141,77.61190805358143,1000,1000000,100,0,0,False,Prediction Only,True
8419_1424,8419,1424,12.796442687747035,77.61651738414643,12.79195113187208,12.80093424362199,77.61190805358143,77.62112671471144,1000,1000000,100,1,1,False,Limited,True
8420_1424,8420,1424,12.796442687747035,77.62573604527645,12.79195113187208,12.80093424362199,77.62112671471144,77.63034537584146,1000,1000000,100,2,2,False,Limited,True
8421_1424,8421,1424,12.796442687747035,77.63495470640646,12.79195113187208,12.80093424362199,77.63034537584146,77.63956403697146,1000,1000000,100,0,0,False,Prediction Only,True
8422_1424,8422,1424,12.796442687747035,77.64417336753648,12.79195113187208,12.80093424362199,77.63956403697146,77.64878269810148,1000,1000000,100,0,0,False,Prediction Only,True
8423_1424,8423,1424,12.796442687747035,77.65339202866649,12.79195113187208,12.80093424362199,77.64878269810148,77.65800135923149,1000,1000000,100,0,0,False,Prediction Only,True
8424_1424,8424,1424,12.796442687747035,77.66261068979651,12.79195113187208,12.80093424362199,77.65800135923149,77.66722002036151,1000,1000000,100,0,0,False,Prediction Only,True
8425_1424,8425,1424,12.796442687747035,77.67182935092652,12.79195113187208,12.80093424362199,77.66722002036151,77.67643868149152,1000,1000000,100,0,0,False,Prediction Only,True
8426_1424,8426,1424,12.796442687747035,77.68104801205654,12.79195113187208,12.80093424362199,77.67643868149152,77.68565734262154,1000,1000000,100,0,0,False,Prediction Only,True
8427_1424,8427,1424,12.796442687747035,77.69026667318654,12.79195113187208,12.80093424362199,77.68565734262154,77.69487600375155,1000,1000000,100,0,0,False,Prediction Only,True
8428_1424,8428,1424,12.796442687747035,77.69948533431655,12.79195113187208,12.80093424362199,77.69487600375155,77.70409466488157,1000,1000000,100,2,2,False,Limited,True
8429_1424,8429,1424,12.796442687747035,77.70870399544657,12.79195113187208,12.80093424362199,77.70409466488157,77.71331332601157,1000,1000000,100,1,1,False,Limited,True
8430_1424,8430,1424,12.796442687747035,77.71792265657658,12.79195113187208,12.80093424362199,77.71331332601157,77.7225319871416,1000,1000000,100,0,0,False,Prediction Only,True
8431_1424,8431,1424,12.796442687747035,77.7271413177066,12.79195113187208,12.80093424362199,77.7225319871416,77.7317506482716,1000,1000000,100,0,0,False,Prediction Only,True
8432_1424,8432,1424,12.796442687747035,77.7363599788366,12.79195113187208,12.80093424362199,77.7317506482716,77.74096930940162,1000,1000000,100,0,0,False,Prediction Only,True
8433_1424,8433,1424,12.796442687747035,77.74557863996662,12.79195113187208,12.80093424362199,77.74096930940162,77.75018797053163,1000,1000000,100,3,2,False,Limited,True
8401_1425,8401,1425,12.805425799496946,77.4505814838062,12.80093424362199,12.809917355371901,77.44597215324119,77.4551908143712,1000,1000000,100,3,3,True,Moderate,True
8402_1425,8402,1425,12.805425799496946,77.45980014493621,12.80093424362199,12.809917355371901,77.4551908143712,77.46440947550121,1000,1000000,100,3,3,True,Moderate,True
8403_1425,8403,1425,12.805425799496946,77.46901880606623,12.80093424362199,12.809917355371901,77.46440947550121,77.47362813663123,1000,1000000,100,6,5,True,High,True
8404_1425,8404,1425,12.805425799496946,77.47823746719624,12.80093424362199,12.809917355371901,77.47362813663123,77.48284679776124,1000,1000000,100,7,3,True,Moderate,True
8405_1425,8405,1425,12.805425799496946,77.48745612832626,12.80093424362199,12.809917355371901,77.48284679776124,77.49206545889126,1000,1000000,100,2,2,False,Limited,True
8406_1425,8406,1425,12.805425799496946,77.49667478945626,12.80093424362199,12.809917355371901,77.49206545889126,77.50128412002127,1000,1000000,100,3,3,True,Moderate,True
8407_1425,8407,1425,12.805425799496946,77.50589345058627,12.80093424362199,12.809917355371901,77.50128412002127,77.51050278115129,1000,1000000,100,2,2,False,Limited,True
8408_1425,8408,1425,12.805425799496946,77.51511211171629,12.80093424362199,12.809917355371901,77.51050278115129,77.5197214422813,1000,1000000,100,4,3,True,Moderate,True
8409_1425,8409,1425,12.805425799496946,77.5243307728463,12.80093424362199,12.809917355371901,77.5197214422813,77.52894010341132,1000,1000000,100,2,2,False,Limited,True
8410_1425,8410,1425,12.805425799496946,77.53354943397632,12.80093424362199,12.809917355371901,77.52894010341132,77.53815876454132,1000,1000000,100,5,4,True,Moderate,True
8411_1425,8411,1425,12.805425799496946,77.54276809510633,12.80093424362199,12.809917355371901,77.53815876454132,77.54737742567134,1000,1000000,100,1,1,False,Limited,True
8412_1425,8412,1425,12.805425799496946,77.55198675623635,12.80093424362199,12.809917355371901,77.54737742567134,77.55659608680135,1000,1000000,100,7,5,True,High,True
8413_1425,8413,1425,12.805425799496946,77.56120541736635,12.80093424362199,12.809917355371901,77.55659608680135,77.56581474793137,1000,1000000,100,1,1,False,Limited,True
8414_1425,8414,1425,12.805425799496946,77.57042407849637,12.80093424362199,12.809917355371901,77.56581474793137,77.57503340906138,1000,1000000,100,4,3,True,Moderate,True
8415_1425,8415,1425,12.805425799496946,77.57964273962638,12.80093424362199,12.809917355371901,77.57503340906138,77.5842520701914,1000,1000000,100,1,1,False,Limited,True
8416_1425,8416,1425,12.805425799496946,77.5888614007564,12.80093424362199,12.809917355371901,77.5842520701914,77.5934707313214,1000,1000000,100,3,1,False,Limited,True
8417_1425,8417,1425,12.805425799496946,77.5980800618864,12.80093424362199,12.809917355371901,77.5934707313214,77.60268939245141,1000,1000000,100,0,0,False,Prediction Only,True
8418_1425,8418,1425,12.805425799496946,77.60729872301643,12.80093424362199,12.809917355371901,77.60268939245141,77.61190805358143,1000,1000000,100,6,5,True,High,True
8419_1425,8419,1425,12.805425799496946,77.61651738414643,12.80093424362199,12.809917355371901,77.61190805358143,77.62112671471144,1000,1000000,100,2,2,False,Limited,True
8420_1425,8420,1425,12.805425799496946,77.62573604527645,12.80093424362199,12.809917355371901,77.62112671471144,77.63034537584146,1000,1000000,100,4,3,True,Moderate,True
8421_1425,8421,1425,12.805425799496946,77.63495470640646,12.80093424362199,12.809917355371901,77.63034537584146,77.63956403697146,1000,1000000,100,6,5,True,High,True
8422_1425,8422,1425,12.805425799496946,77.64417336753648,12.80093424362199,12.809917355371901,77.63956403697146,77.64878269810148,1000,1000000,100,2,2,False,Limited,True
8423_1425,8423,1425,12.805425799496946,77.65339202866649,12.80093424362199,12.809917355371901,77.64878269810148,77.65800135923149,1000,1000000,100,2,2,False,Limited,True
8424_1425,8424,1425,12.805425799496946,77.66261068979651,12.80093424362199,12.809917355371901,77.65800135923149,77.66722002036151,1000,1000000,100,2,2,False,Limited,True
8425_1425,8425,1425,12.805425799496946,77.67182935092652,12.80093424362199,12.809917355371901,77.66722002036151,77.67643868149152,1000,1000000,100,3,3,True,Moderate,True
8426_1425,8426,1425,12.805425799496946,77.68104801205654,12.80093424362199,12.809917355371901,77.67643868149152,77.68565734262154,1000,1000000,100,2,2,False,Limited,True
8427_1425,8427,1425,12.805425799496946,77.69026667318654,12.80093424362199,12.809917355371901,77.68565734262154,77.69487600375155,1000,1000000,100,0,0,False,Prediction Only,True
8428_1425,8428,1425,12.805425799496946,77.69948533431655,12.80093424362199,12.809917355371901,77.69487600375155,77.70409466488157,1000,1000000,100,4,4,True,Moderate,True
8429_1425,8429,1425,12.805425799496946,77.70870399544657,12.80093424362199,12.809917355371901,77.70409466488157,77.71331332601157,1000,1000000,100,2,2,False,Limited,True
8430_1425,8430,1425,12.805425799496946,77.71792265657658,12.80093424362199,12.809917355371901,77.71331332601157,77.7225319871416,1000,1000000,100,2,1,False,Limited,True
8431_1425,8431,1425,12.805425799496946,77.7271413177066,12.80093424362199,12.809917355371901,77.7225319871416,77.7317506482716,1000,1000000,100,2,1,False,Limited,True
8432_1425,8432,1425,12.805425799496946,77.7363599788366,12.80093424362199,12.809917355371901,77.7317506482716,77.74096930940162,1000,1000000,100,2,1,False,Limited,True
8433_1425,8433,1425,12.805425799496946,77.74557863996662,12.80093424362199,12.809917355371901,77.74096930940162,77.75018797053163,1000,1000000,100,2,2,False,Limited,True
8401_1426,8401,1426,12.814408911246856,77.4505814838062,12.809917355371901,12.81890046712181,77.44597215324119,77.4551908143712,1000,1000000,100,2,2,False,Limited,True
8402_1426,8402,1426,12.814408911246856,77.45980014493621,12.809917355371901,12.81890046712181,77.4551908143712,77.46440947550121,1000,1000000,100,6,4,True,Moderate,True
8403_1426,8403,1426,12.814408911246856,77.46901880606623,12.809917355371901,12.81890046712181,77.46440947550121,77.47362813663123,1000,1000000,100,3,3,True,Moderate,True
8404_1426,8404,1426,12.814408911246856,77.47823746719624,12.809917355371901,12.81890046712181,77.47362813663123,77.48284679776124,1000,1000000,100,2,2,False,Limited,True
8405_1426,8405,1426,12.814408911246856,77.48745612832626,12.809917355371901,12.81890046712181,77.48284679776124,77.49206545889126,1000,1000000,100,5,3,True,Moderate,True
8406_1426,8406,1426,12.814408911246856,77.49667478945626,12.809917355371901,12.81890046712181,77.49206545889126,77.50128412002127,1000,1000000,100,4,4,True,Moderate,True
8407_1426,8407,1426,12.814408911246856,77.50589345058627,12.809917355371901,12.81890046712181,77.50128412002127,77.51050278115129,1000,1000000,100,1,1,False,Limited,True
8408_1426,8408,1426,12.814408911246856,77.51511211171629,12.809917355371901,12.81890046712181,77.51050278115129,77.5197214422813,1000,1000000,100,6,4,True,Moderate,True
8409_1426,8409,1426,12.814408911246856,77.5243307728463,12.809917355371901,12.81890046712181,77.5197214422813,77.52894010341132,1000,1000000,100,3,3,True,Moderate,True
8410_1426,8410,1426,12.814408911246856,77.53354943397632,12.809917355371901,12.81890046712181,77.52894010341132,77.53815876454132,1000,1000000,100,4,3,True,Moderate,True
8411_1426,8411,1426,12.814408911246856,77.54276809510633,12.809917355371901,12.81890046712181,77.53815876454132,77.54737742567134,1000,1000000,100,6,5,True,High,True
8412_1426,8412,1426,12.814408911246856,77.55198675623635,12.809917355371901,12.81890046712181,77.54737742567134,77.55659608680135,1000,1000000,100,2,2,False,Limited,True
8413_1426,8413,1426,12.814408911246856,77.56120541736635,12.809917355371901,12.81890046712181,77.55659608680135,77.56581474793137,1000,1000000,100,5,5,True,High,True
8414_1426,8414,1426,12.814408911246856,77.57042407849637,12.809917355371901,12.81890046712181,77.56581474793137,77.57503340906138,1000,1000000,100,1,1,False,Limited,True
8415_1426,8415,1426,12.814408911246856,77.57964273962638,12.809917355371901,12.81890046712181,77.57503340906138,77.5842520701914,1000,1000000,100,1,1,False,Limited,True
8416_1426,8416,1426,12.814408911246856,77.5888614007564,12.809917355371901,12.81890046712181,77.5842520701914,77.5934707313214,1000,1000000,100,4,3,True,Moderate,True
8417_1426,8417,1426,12.814408911246856,77.5980800618864,12.809917355371901,12.81890046712181,77.5934707313214,77.60268939245141,1000,1000000,100,2,2,False,Limited,True
8418_1426,8418,1426,12.814408911246856,77.60729872301643,12.809917355371901,12.81890046712181,77.60268939245141,77.61190805358143,1000,1000000,100,4,3,True,Moderate,True
8419_1426,8419,1426,12.814408911246856,77.61651738414643,12.809917355371901,12.81890046712181,77.61190805358143,77.62112671471144,1000,1000000,100,2,2,False,Limited,True
8420_1426,8420,1426,12.814408911246856,77.62573604527645,12.809917355371901,12.81890046712181,77.62112671471144,77.63034537584146,1000,1000000,100,7,4,True,Moderate,True
8421_1426,8421,1426,12.814408911246856,77.63495470640646,12.809917355371901,12.81890046712181,77.63034537584146,77.63956403697146,1000,1000000,100,5,5,True,High,True
8422_1426,8422,1426,12.814408911246856,77.64417336753648,12.809917355371901,12.81890046712181,77.63956403697146,77.64878269810148,1000,1000000,100,3,3,True,Moderate,True
8423_1426,8423,1426,12.814408911246856,77.65339202866649,12.809917355371901,12.81890046712181,77.64878269810148,77.65800135923149,1000,1000000,100,3,2,False,Limited,True
8424_1426,8424,1426,12.814408911246856,77.66261068979651,12.809917355371901,12.81890046712181,77.65800135923149,77.66722002036151,1000,1000000,100,2,2,False,Limited,True
8425_1426,8425,1426,12.814408911246856,77.67182935092652,12.809917355371901,12.81890046712181,77.66722002036151,77.67643868149152,1000,1000000,100,0,0,False,Prediction Only,True
8426_1426,8426,1426,12.814408911246856,77.68104801205654,12.809917355371901,12.81890046712181,77.67643868149152,77.68565734262154,1000,1000000,100,2,2,False,Limited,True
8427_1426,8427,1426,12.814408911246856,77.69026667318654,12.809917355371901,12.81890046712181,77.68565734262154,77.69487600375155,1000,1000000,100,4,2,False,Limited,True
8428_1426,8428,1426,12.814408911246856,77.69948533431655,12.809917355371901,12.81890046712181,77.69487600375155,77.70409466488157,1000,1000000,100,2,1,False,Limited,True
8429_1426,8429,1426,12.814408911246856,77.70870399544657,12.809917355371901,12.81890046712181,77.70409466488157,77.71331332601157,1000,1000000,100,3,3,True,Moderate,True
8430_1426,8430,1426,12.814408911246856,77.71792265657658,12.809917355371901,12.81890046712181,77.71331332601157,77.7225319871416,1000,1000000,100,1,1,False,Limited,True
8431_1426,8431,1426,12.814408911246856,77.7271413177066,12.809917355371901,12.81890046712181,77.7225319871416,77.7317506482716,1000,1000000,100,4,2,False,Limited,True
8432_1426,8432,1426,12.814408911246856,77.7363599788366,12.809917355371901,12.81890046712181,77.7317506482716,77.74096930940162,1000,1000000,100,3,2,False,Limited,True
8433_1426,8433,1426,12.814408911246856,77.74557863996662,12.809917355371901,12.81890046712181,77.74096930940162,77.75018797053163,1000,1000000,100,2,2,False,Limited,True
8401_1427,8401,1427,12.823392022996766,77.4505814838062,12.81890046712181,12.827883578871722,77.44597215324119,77.4551908143712,1000,1000000,100,0,0,False,Prediction Only,True
8402_1427,8402,1427,12.823392022996766,77.45980014493621,12.81890046712181,12.827883578871722,77.4551908143712,77.46440947550121,1000,1000000,100,3,2,False,Limited,True
8403_1427,8403,1427,12.823392022996766,77.46901880606623,12.81890046712181,12.827883578871722,77.46440947550121,77.47362813663123,1000,1000000,100,3,2,False,Limited,True
8404_1427,8404,1427,12.823392022996766,77.47823746719624,12.81890046712181,12.827883578871722,77.47362813663123,77.48284679776124,1000,1000000,100,5,5,True,High,True
8405_1427,8405,1427,12.823392022996766,77.48745612832626,12.81890046712181,12.827883578871722,77.48284679776124,77.49206545889126,1000,1000000,100,6,5,True,High,True
8406_1427,8406,1427,12.823392022996766,77.49667478945626,12.81890046712181,12.827883578871722,77.49206545889126,77.50128412002127,1000,1000000,100,5,3,True,Moderate,True
8407_1427,8407,1427,12.823392022996766,77.50589345058627,12.81890046712181,12.827883578871722,77.50128412002127,77.51050278115129,1000,1000000,100,2,2,False,Limited,True
8408_1427,8408,1427,12.823392022996766,77.51511211171629,12.81890046712181,12.827883578871722,77.51050278115129,77.5197214422813,1000,1000000,100,2,2,False,Limited,True
8409_1427,8409,1427,12.823392022996766,77.5243307728463,12.81890046712181,12.827883578871722,77.5197214422813,77.52894010341132,1000,1000000,100,4,3,True,Moderate,True
8410_1427,8410,1427,12.823392022996766,77.53354943397632,12.81890046712181,12.827883578871722,77.52894010341132,77.53815876454132,1000,1000000,100,4,3,True,Moderate,True
8411_1427,8411,1427,12.823392022996766,77.54276809510633,12.81890046712181,12.827883578871722,77.53815876454132,77.54737742567134,1000,1000000,100,4,4,True,Moderate,True
8412_1427,8412,1427,12.823392022996766,77.55198675623635,12.81890046712181,12.827883578871722,77.54737742567134,77.55659608680135,1000,1000000,100,5,4,True,Moderate,True
8413_1427,8413,1427,12.823392022996766,77.56120541736635,12.81890046712181,12.827883578871722,77.55659608680135,77.56581474793137,1000,1000000,100,1,1,False,Limited,True
8414_1427,8414,1427,12.823392022996766,77.57042407849637,12.81890046712181,12.827883578871722,77.56581474793137,77.57503340906138,1000,1000000,100,1,1,False,Limited,True
8415_1427,8415,1427,12.823392022996766,77.57964273962638,12.81890046712181,12.827883578871722,77.57503340906138,77.5842520701914,1000,1000000,100,8,5,True,High,True
8416_1427,8416,1427,12.823392022996766,77.5888614007564,12.81890046712181,12.827883578871722,77.5842520701914,77.5934707313214,1000,1000000,100,6,3,True,Moderate,True
8417_1427,8417,1427,12.823392022996766,77.5980800618864,12.81890046712181,12.827883578871722,77.5934707313214,77.60268939245141,1000,1000000,100,3,3,True,Moderate,True
8418_1427,8418,1427,12.823392022996766,77.60729872301643,12.81890046712181,12.827883578871722,77.60268939245141,77.61190805358143,1000,1000000,100,3,2,False,Limited,True
8419_1427,8419,1427,12.823392022996766,77.61651738414643,12.81890046712181,12.827883578871722,77.61190805358143,77.62112671471144,1000,1000000,100,1,1,False,Limited,True
8420_1427,8420,1427,12.823392022996766,77.62573604527645,12.81890046712181,12.827883578871722,77.62112671471144,77.63034537584146,1000,1000000,100,1,1,False,Limited,True
8421_1427,8421,1427,12.823392022996766,77.63495470640646,12.81890046712181,12.827883578871722,77.63034537584146,77.63956403697146,1000,1000000,100,1,1,False,Limited,True
8422_1427,8422,1427,12.823392022996766,77.64417336753648,12.81890046712181,12.827883578871722,77.63956403697146,77.64878269810148,1000,1000000,100,2,2,False,Limited,True
8423_1427,8423,1427,12.823392022996766,77.65339202866649,12.81890046712181,12.827883578871722,77.64878269810148,77.65800135923149,1000,1000000,100,3,2,False,Limited,True
8424_1427,8424,1427,12.823392022996766,77.66261068979651,12.81890046712181,12.827883578871722,77.65800135923149,77.66722002036151,1000,1000000,100,3,3,True,Moderate,True
8425_1427,8425,1427,12.823392022996766,77.67182935092652,12.81890046712181,12.827883578871722,77.66722002036151,77.67643868149152,1000,1000000,100,2,2,False,Limited,True
8426_1427,8426,1427,12.823392022996766,77.68104801205654,12.81890046712181,12.827883578871722,77.67643868149152,77.68565734262154,1000,1000000,100,3,3,True,Moderate,True
8427_1427,8427,1427,12.823392022996766,77.69026667318654,12.81890046712181,12.827883578871722,77.68565734262154,77.69487600375155,1000,1000000,100,4,2,False,Limited,True
8428_1427,8428,1427,12.823392022996766,77.69948533431655,12.81890046712181,12.827883578871722,77.69487600375155,77.70409466488157,1000,1000000,100,1,1,False,Limited,True
8429_1427,8429,1427,12.823392022996766,77.70870399544657,12.81890046712181,12.827883578871722,77.70409466488157,77.71331332601157,1000,1000000,100,3,2,False,Limited,True
8430_1427,8430,1427,12.823392022996766,77.71792265657658,12.81890046712181,12.827883578871722,77.71331332601157,77.7225319871416,1000,1000000,100,2,2,False,Limited,True
8431_1427,8431,1427,12.823392022996766,77.7271413177066,12.81890046712181,12.827883578871722,77.7225319871416,77.7317506482716,1000,1000000,100,6,3,True,Moderate,True
8432_1427,8432,1427,12.823392022996766,77.7363599788366,12.81890046712181,12.827883578871722,77.7317506482716,77.74096930940162,1000,1000000,100,0,0,False,Prediction Only,True
8433_1427,8433,1427,12.823392022996766,77.74557863996662,12.81890046712181,12.827883578871722,77.74096930940162,77.75018797053163,1000,1000000,100,4,3,True,Moderate,True
8401_1428,8401,1428,12.832375134746677,77.4505814838062,12.827883578871722,12.836866690621632,77.44597215324119,77.4551908143712,1000,1000000,100,0,0,False,Prediction Only,True
8402_1428,8402,1428,12.832375134746677,77.45980014493621,12.827883578871722,12.836866690621632,77.4551908143712,77.46440947550121,1000,1000000,100,1,1,False,Limited,True
8403_1428,8403,1428,12.832375134746677,77.46901880606623,12.827883578871722,12.836866690621632,77.46440947550121,77.47362813663123,1000,1000000,100,2,2,False,Limited,True
8404_1428,8404,1428,12.832375134746677,77.47823746719624,12.827883578871722,12.836866690621632,77.47362813663123,77.48284679776124,1000,1000000,100,5,3,True,Moderate,True
8405_1428,8405,1428,12.832375134746677,77.48745612832626,12.827883578871722,12.836866690621632,77.48284679776124,77.49206545889126,1000,1000000,100,4,4,True,Moderate,True
8406_1428,8406,1428,12.832375134746677,77.49667478945626,12.827883578871722,12.836866690621632,77.49206545889126,77.50128412002127,1000,1000000,100,3,3,True,Moderate,True
8407_1428,8407,1428,12.832375134746677,77.50589345058627,12.827883578871722,12.836866690621632,77.50128412002127,77.51050278115129,1000,1000000,100,3,3,True,Moderate,True
8408_1428,8408,1428,12.832375134746677,77.51511211171629,12.827883578871722,12.836866690621632,77.51050278115129,77.5197214422813,1000,1000000,100,4,4,True,Moderate,True
8409_1428,8409,1428,12.832375134746677,77.5243307728463,12.827883578871722,12.836866690621632,77.5197214422813,77.52894010341132,1000,1000000,100,1,1,False,Limited,True
8410_1428,8410,1428,12.832375134746677,77.53354943397632,12.827883578871722,12.836866690621632,77.52894010341132,77.53815876454132,1000,1000000,100,1,1,False,Limited,True
8411_1428,8411,1428,12.832375134746677,77.54276809510633,12.827883578871722,12.836866690621632,77.53815876454132,77.54737742567134,1000,1000000,100,7,4,True,Moderate,True
8412_1428,8412,1428,12.832375134746677,77.55198675623635,12.827883578871722,12.836866690621632,77.54737742567134,77.55659608680135,1000,1000000,100,2,2,False,Limited,True
8413_1428,8413,1428,12.832375134746677,77.56120541736635,12.827883578871722,12.836866690621632,77.55659608680135,77.56581474793137,1000,1000000,100,5,5,True,High,True
8414_1428,8414,1428,12.832375134746677,77.57042407849637,12.827883578871722,12.836866690621632,77.56581474793137,77.57503340906138,1000,1000000,100,2,2,False,Limited,True
8415_1428,8415,1428,12.832375134746677,77.57964273962638,12.827883578871722,12.836866690621632,77.57503340906138,77.5842520701914,1000,1000000,100,5,5,True,High,True
8416_1428,8416,1428,12.832375134746677,77.5888614007564,12.827883578871722,12.836866690621632,77.5842520701914,77.5934707313214,1000,1000000,100,1,1,False,Limited,True
8417_1428,8417,1428,12.832375134746677,77.5980800618864,12.827883578871722,12.836866690621632,77.5934707313214,77.60268939245141,1000,1000000,100,4,4,True,Moderate,True
8418_1428,8418,1428,12.832375134746677,77.60729872301643,12.827883578871722,12.836866690621632,77.60268939245141,77.61190805358143,1000,1000000,100,2,2,False,Limited,True
8419_1428,8419,1428,12.832375134746677,77.61651738414643,12.827883578871722,12.836866690621632,77.61190805358143,77.62112671471144,1000,1000000,100,9,3,True,Moderate,True
8420_1428,8420,1428,12.832375134746677,77.62573604527645,12.827883578871722,12.836866690621632,77.62112671471144,77.63034537584146,1000,1000000,100,7,5,True,High,True
8421_1428,8421,1428,12.832375134746677,77.63495470640646,12.827883578871722,12.836866690621632,77.63034537584146,77.63956403697146,1000,1000000,100,3,2,False,Limited,True
8422_1428,8422,1428,12.832375134746677,77.64417336753648,12.827883578871722,12.836866690621632,77.63956403697146,77.64878269810148,1000,1000000,100,1,1,False,Limited,True
8423_1428,8423,1428,12.832375134746677,77.65339202866649,12.827883578871722,12.836866690621632,77.64878269810148,77.65800135923149,1000,1000000,100,4,2,False,Limited,True
8424_1428,8424,1428,12.832375134746677,77.66261068979651,12.827883578871722,12.836866690621632,77.65800135923149,77.66722002036151,1000,1000000,100,2,1,False,Limited,True
8425_1428,8425,1428,12.832375134746677,77.67182935092652,12.827883578871722,12.836866690621632,77.66722002036151,77.67643868149152,1000,1000000,100,3,3,True,Moderate,True
8426_1428,8426,1428,12.832375134746677,77.68104801205654,12.827883578871722,12.836866690621632,77.67643868149152,77.68565734262154,1000,1000000,100,2,2,False,Limited,True
8427_1428,8427,1428,12.832375134746677,77.69026667318654,12.827883578871722,12.836866690621632,77.68565734262154,77.69487600375155,1000,1000000,100,4,4,True,Moderate,True
8428_1428,8428,1428,12.832375134746677,77.69948533431655,12.827883578871722,12.836866690621632,77.69487600375155,77.70409466488157,1000,1000000,100,3,3,True,Moderate,True
8429_1428,8429,1428,12.832375134746677,77.70870399544657,12.827883578871722,12.836866690621632,77.70409466488157,77.71331332601157,1000,1000000,100,3,3,True,Moderate,True
8430_1428,8430,1428,12.832375134746677,77.71792265657658,12.827883578871722,12.836866690621632,77.71331332601157,77.7225319871416,1000,1000000,100,3,3,True,Moderate,True
8431_1428,8431,1428,12.832375134746677,77.7271413177066,12.827883578871722,12.836866690621632,77.7225319871416,77.7317506482716,1000,1000000,100,2,2,False,Limited,True
8432_1428,8432,1428,12.832375134746677,77.7363599788366,12.827883578871722,12.836866690621632,77.7317506482716,77.74096930940162,1000,1000000,100,1,1,False,Limited,True
8433_1428,8433,1428,12.832375134746677,77.74557863996662,12.827883578871722,12.836866690621632,77.74096930940162,77.75018797053163,1000,1000000,100,5,4,True,Moderate,True
8401_1429,8401,1429,12.841358246496586,77.4505814838062,12.836866690621632,12.845849802371541,77.44597215324119,77.4551908143712,1000,1000000,100,2,2,False,Limited,True
8402_1429,8402,1429,12.841358246496586,77.45980014493621,12.836866690621632,12.845849802371541,77.4551908143712,77.46440947550121,1000,1000000,100,2,2,False,Limited,True
8403_1429,8403,1429,12.841358246496586,77.46901880606623,12.836866690621632,12.845849802371541,77.46440947550121,77.47362813663123,1000,1000000,100,6,3,True,Moderate,True
8404_1429,8404,1429,12.841358246496586,77.47823746719624,12.836866690621632,12.845849802371541,77.47362813663123,77.48284679776124,1000,1000000,100,2,2,False,Limited,True
8405_1429,8405,1429,12.841358246496586,77.48745612832626,12.836866690621632,12.845849802371541,77.48284679776124,77.49206545889126,1000,1000000,100,2,2,False,Limited,True
8406_1429,8406,1429,12.841358246496586,77.49667478945626,12.836866690621632,12.845849802371541,77.49206545889126,77.50128412002127,1000,1000000,100,5,5,True,High,True
8407_1429,8407,1429,12.841358246496586,77.50589345058627,12.836866690621632,12.845849802371541,77.50128412002127,77.51050278115129,1000,1000000,100,5,3,True,Moderate,True
8408_1429,8408,1429,12.841358246496586,77.51511211171629,12.836866690621632,12.845849802371541,77.51050278115129,77.5197214422813,1000,1000000,100,2,2,False,Limited,True
8409_1429,8409,1429,12.841358246496586,77.5243307728463,12.836866690621632,12.845849802371541,77.5197214422813,77.52894010341132,1000,1000000,100,3,2,False,Limited,True
8410_1429,8410,1429,12.841358246496586,77.53354943397632,12.836866690621632,12.845849802371541,77.52894010341132,77.53815876454132,1000,1000000,100,4,4,True,Moderate,True
8411_1429,8411,1429,12.841358246496586,77.54276809510633,12.836866690621632,12.845849802371541,77.53815876454132,77.54737742567134,1000,1000000,100,4,2,False,Limited,True
8412_1429,8412,1429,12.841358246496586,77.55198675623635,12.836866690621632,12.845849802371541,77.54737742567134,77.55659608680135,1000,1000000,100,2,2,False,Limited,True
8413_1429,8413,1429,12.841358246496586,77.56120541736635,12.836866690621632,12.845849802371541,77.55659608680135,77.56581474793137,1000,1000000,100,5,3,True,Moderate,True
8414_1429,8414,1429,12.841358246496586,77.57042407849637,12.836866690621632,12.845849802371541,77.56581474793137,77.57503340906138,1000,1000000,100,4,2,False,Limited,True
8415_1429,8415,1429,12.841358246496586,77.57964273962638,12.836866690621632,12.845849802371541,77.57503340906138,77.5842520701914,1000,1000000,100,3,2,False,Limited,True
8416_1429,8416,1429,12.841358246496586,77.5888614007564,12.836866690621632,12.845849802371541,77.5842520701914,77.5934707313214,1000,1000000,100,1,1,False,Limited,True
8417_1429,8417,1429,12.841358246496586,77.5980800618864,12.836866690621632,12.845849802371541,77.5934707313214,77.60268939245141,1000,1000000,100,4,3,True,Moderate,True
8418_1429,8418,1429,12.841358246496586,77.60729872301643,12.836866690621632,12.845849802371541,77.60268939245141,77.61190805358143,1000,1000000,100,2,2,False,Limited,True
8419_1429,8419,1429,12.841358246496586,77.61651738414643,12.836866690621632,12.845849802371541,77.61190805358143,77.62112671471144,1000,1000000,100,0,0,False,Prediction Only,True
8420_1429,8420,1429,12.841358246496586,77.62573604527645,12.836866690621632,12.845849802371541,77.62112671471144,77.63034537584146,1000,1000000,100,2,2,False,Limited,True
8421_1429,8421,1429,12.841358246496586,77.63495470640646,12.836866690621632,12.845849802371541,77.63034537584146,77.63956403697146,1000,1000000,100,5,5,True,High,True
8422_1429,8422,1429,12.841358246496586,77.64417336753648,12.836866690621632,12.845849802371541,77.63956403697146,77.64878269810148,1000,1000000,100,3,3,True,Moderate,True
8423_1429,8423,1429,12.841358246496586,77.65339202866649,12.836866690621632,12.845849802371541,77.64878269810148,77.65800135923149,1000,1000000,100,3,3,True,Moderate,True
8424_1429,8424,1429,12.841358246496586,77.66261068979651,12.836866690621632,12.845849802371541,77.65800135923149,77.66722002036151,1000,1000000,100,4,3,True,Moderate,True
8425_1429,8425,1429,12.841358246496586,77.67182935092652,12.836866690621632,12.845849802371541,77.66722002036151,77.67643868149152,1000,1000000,100,5,3,True,Moderate,True
8426_1429,8426,1429,12.841358246496586,77.68104801205654,12.836866690621632,12.845849802371541,77.67643868149152,77.68565734262154,1000,1000000,100,4,4,True,Moderate,True
8427_1429,8427,1429,12.841358246496586,77.69026667318654,12.836866690621632,12.845849802371541,77.68565734262154,77.69487600375155,1000,1000000,100,2,2,False,Limited,True
8428_1429,8428,1429,12.841358246496586,77.69948533431655,12.836866690621632,12.845849802371541,77.69487600375155,77.70409466488157,1000,1000000,100,1,1,False,Limited,True
8429_1429,8429,1429,12.841358246496586,77.70870399544657,12.836866690621632,12.845849802371541,77.70409466488157,77.71331332601157,1000,1000000,100,1,1,False,Limited,True
8430_1429,8430,1429,12.841358246496586,77.71792265657658,12.836866690621632,12.845849802371541,77.71331332601157,77.7225319871416,1000,1000000,100,1,1,False,Limited,True
8431_1429,8431,1429,12.841358246496586,77.7271413177066,12.836866690621632,12.845849802371541,77.7225319871416,77.7317506482716,1000,1000000,100,5,5,True,High,True
8432_1429,8432,1429,12.841358246496586,77.7363599788366,12.836866690621632,12.845849802371541,77.7317506482716,77.74096930940162,1000,1000000,100,3,3,True,Moderate,True
8433_1429,8433,1429,12.841358246496586,77.74557863996662,12.836866690621632,12.845849802371541,77.74096930940162,77.75018797053163,1000,1000000,100,5,4,True,Moderate,True
8401_1430,8401,1430,12.850341358246496,77.4505814838062,12.845849802371541,12.854832914121452,77.44597215324119,77.4551908143712,1000,1000000,100,2,2,False,Limited,True
8402_1430,8402,1430,12.850341358246496,77.45980014493621,12.845849802371541,12.854832914121452,77.4551908143712,77.46440947550121,1000,1000000,100,3,3,True,Moderate,True
8403_1430,8403,1430,12.850341358246496,77.46901880606623,12.845849802371541,12.854832914121452,77.46440947550121,77.47362813663123,1000,1000000,100,3,3,True,Moderate,True
8404_1430,8404,1430,12.850341358246496,77.47823746719624,12.845849802371541,12.854832914121452,77.47362813663123,77.48284679776124,1000,1000000,100,5,3,True,Moderate,True
8405_1430,8405,1430,12.850341358246496,77.48745612832626,12.845849802371541,12.854832914121452,77.48284679776124,77.49206545889126,1000,1000000,100,1,1,False,Limited,True
8406_1430,8406,1430,12.850341358246496,77.49667478945626,12.845849802371541,12.854832914121452,77.49206545889126,77.50128412002127,1000,1000000,100,4,3,True,Moderate,True
8407_1430,8407,1430,12.850341358246496,77.50589345058627,12.845849802371541,12.854832914121452,77.50128412002127,77.51050278115129,1000,1000000,100,6,4,True,Moderate,True
8408_1430,8408,1430,12.850341358246496,77.51511211171629,12.845849802371541,12.854832914121452,77.51050278115129,77.5197214422813,1000,1000000,100,2,1,False,Limited,True
8409_1430,8409,1430,12.850341358246496,77.5243307728463,12.845849802371541,12.854832914121452,77.5197214422813,77.52894010341132,1000,1000000,100,4,3,True,Moderate,True
8410_1430,8410,1430,12.850341358246496,77.53354943397632,12.845849802371541,12.854832914121452,77.52894010341132,77.53815876454132,1000,1000000,100,4,4,True,Moderate,True
8411_1430,8411,1430,12.850341358246496,77.54276809510633,12.845849802371541,12.854832914121452,77.53815876454132,77.54737742567134,1000,1000000,100,2,2,False,Limited,True
8412_1430,8412,1430,12.850341358246496,77.55198675623635,12.845849802371541,12.854832914121452,77.54737742567134,77.55659608680135,1000,1000000,100,4,2,False,Limited,True
8413_1430,8413,1430,12.850341358246496,77.56120541736635,12.845849802371541,12.854832914121452,77.55659608680135,77.56581474793137,1000,1000000,100,2,2,False,Limited,True
8414_1430,8414,1430,12.850341358246496,77.57042407849637,12.845849802371541,12.854832914121452,77.56581474793137,77.57503340906138,1000,1000000,100,1,1,False,Limited,True
8415_1430,8415,1430,12.850341358246496,77.57964273962638,12.845849802371541,12.854832914121452,77.57503340906138,77.5842520701914,1000,1000000,100,1,1,False,Limited,True
8416_1430,8416,1430,12.850341358246496,77.5888614007564,12.845849802371541,12.854832914121452,77.5842520701914,77.5934707313214,1000,1000000,100,2,2,False,Limited,True
8417_1430,8417,1430,12.850341358246496,77.5980800618864,12.845849802371541,12.854832914121452,77.5934707313214,77.60268939245141,1000,1000000,100,4,3,True,Moderate,True
8418_1430,8418,1430,12.850341358246496,77.60729872301643,12.845849802371541,12.854832914121452,77.60268939245141,77.61190805358143,1000,1000000,100,0,0,False,Prediction Only,True
8419_1430,8419,1430,12.850341358246496,77.61651738414643,12.845849802371541,12.854832914121452,77.61190805358143,77.62112671471144,1000,1000000,100,4,3,True,Moderate,True
8420_1430,8420,1430,12.850341358246496,77.62573604527645,12.845849802371541,12.854832914121452,77.62112671471144,77.63034537584146,1000,1000000,100,6,4,True,Moderate,True
8421_1430,8421,1430,12.850341358246496,77.63495470640646,12.845849802371541,12.854832914121452,77.63034537584146,77.63956403697146,1000,1000000,100,4,4,True,Moderate,True
8422_1430,8422,1430,12.850341358246496,77.64417336753648,12.845849802371541,12.854832914121452,77.63956403697146,77.64878269810148,1000,1000000,100,3,2,False,Limited,True
8423_1430,8423,1430,12.850341358246496,77.65339202866649,12.845849802371541,12.854832914121452,77.64878269810148,77.65800135923149,1000,1000000,100,0,0,False,Prediction Only,True
8424_1430,8424,1430,12.850341358246496,77.66261068979651,12.845849802371541,12.854832914121452,77.65800135923149,77.66722002036151,1000,1000000,100,2,2,False,Limited,True
8425_1430,8425,1430,12.850341358246496,77.67182935092652,12.845849802371541,12.854832914121452,77.66722002036151,77.67643868149152,1000,1000000,100,0,0,False,Prediction Only,True
8426_1430,8426,1430,12.850341358246496,77.68104801205654,12.845849802371541,12.854832914121452,77.67643868149152,77.68565734262154,1000,1000000,100,6,4,True,Moderate,True
8427_1430,8427,1430,12.850341358246496,77.69026667318654,12.845849802371541,12.854832914121452,77.68565734262154,77.69487600375155,1000,1000000,100,3,3,True,Moderate,True
8428_1430,8428,1430,12.850341358246496,77.69948533431655,12.845849802371541,12.854832914121452,77.69487600375155,77.70409466488157,1000,1000000,100,0,0,False,Prediction Only,True
8429_1430,8429,1430,12.850341358246496,77.70870399544657,12.845849802371541,12.854832914121452,77.70409466488157,77.71331332601157,1000,1000000,100,4,4,True,Moderate,True
8430_1430,8430,1430,12.850341358246496,77.71792265657658,12.845849802371541,12.854832914121452,77.71331332601157,77.7225319871416,1000,1000000,100,2,2,False,Limited,True
8431_1430,8431,1430,12.850341358246496,77.7271413177066,12.845849802371541,12.854832914121452,77.7225319871416,77.7317506482716,1000,1000000,100,3,2,False,Limited,True
8432_1430,8432,1430,12.850341358246496,77.7363599788366,12.845849802371541,12.854832914121452,77.7317506482716,77.74096930940162,1000,1000000,100,5,4,True,Moderate,True
8433_1430,8433,1430,12.850341358246496,77.74557863996662,12.845849802371541,12.854832914121452,77.74096930940162,77.75018797053163,1000,1000000,100,3,3,True,Moderate,True
8401_1431,8401,1431,12.859324469996407,77.4505814838062,12.854832914121452,12.863816025871362,77.44597215324119,77.4551908143712,1000,1000000,100,5,4,True,Moderate,True
8402_1431,8402,1431,12.859324469996407,77.45980014493621,12.854832914121452,12.863816025871362,77.4551908143712,77.46440947550121,1000,1000000,100,4,2,False,Limited,True
8403_1431,8403,1431,12.859324469996407,77.46901880606623,12.854832914121452,12.863816025871362,77.46440947550121,77.47362813663123,1000,1000000,100,6,6,True,Very High,True
8404_1431,8404,1431,12.859324469996407,77.47823746719624,12.854832914121452,12.863816025871362,77.47362813663123,77.48284679776124,1000,1000000,100,3,3,True,Moderate,True
8405_1431,8405,1431,12.859324469996407,77.48745612832626,12.854832914121452,12.863816025871362,77.48284679776124,77.49206545889126,1000,1000000,100,4,2,False,Limited,True
8406_1431,8406,1431,12.859324469996407,77.49667478945626,12.854832914121452,12.863816025871362,77.49206545889126,77.50128412002127,1000,1000000,100,3,2,False,Limited,True
8407_1431,8407,1431,12.859324469996407,77.50589345058627,12.854832914121452,12.863816025871362,77.50128412002127,77.51050278115129,1000,1000000,100,4,3,True,Moderate,True
8408_1431,8408,1431,12.859324469996407,77.51511211171629,12.854832914121452,12.863816025871362,77.51050278115129,77.5197214422813,1000,1000000,100,3,2,False,Limited,True
8409_1431,8409,1431,12.859324469996407,77.5243307728463,12.854832914121452,12.863816025871362,77.5197214422813,77.52894010341132,1000,1000000,100,2,1,False,Limited,True
8410_1431,8410,1431,12.859324469996407,77.53354943397632,12.854832914121452,12.863816025871362,77.52894010341132,77.53815876454132,1000,1000000,100,2,2,False,Limited,True
8411_1431,8411,1431,12.859324469996407,77.54276809510633,12.854832914121452,12.863816025871362,77.53815876454132,77.54737742567134,1000,1000000,100,3,3,True,Moderate,True
8412_1431,8412,1431,12.859324469996407,77.55198675623635,12.854832914121452,12.863816025871362,77.54737742567134,77.55659608680135,1000,1000000,100,5,3,True,Moderate,True
8413_1431,8413,1431,12.859324469996407,77.56120541736635,12.854832914121452,12.863816025871362,77.55659608680135,77.56581474793137,1000,1000000,100,3,3,True,Moderate,True
8414_1431,8414,1431,12.859324469996407,77.57042407849637,12.854832914121452,12.863816025871362,77.56581474793137,77.57503340906138,1000,1000000,100,3,3,True,Moderate,True
8415_1431,8415,1431,12.859324469996407,77.57964273962638,12.854832914121452,12.863816025871362,77.57503340906138,77.5842520701914,1000,1000000,100,1,1,False,Limited,True
8416_1431,8416,1431,12.859324469996407,77.5888614007564,12.854832914121452,12.863816025871362,77.5842520701914,77.5934707313214,1000,1000000,100,2,2,False,Limited,True
8417_1431,8417,1431,12.859324469996407,77.5980800618864,12.854832914121452,12.863816025871362,77.5934707313214,77.60268939245141,1000,1000000,100,2,2,False,Limited,True
8418_1431,8418,1431,12.859324469996407,77.60729872301643,12.854832914121452,12.863816025871362,77.60268939245141,77.61190805358143,1000,1000000,100,3,3,True,Moderate,True
8419_1431,8419,1431,12.859324469996407,77.61651738414643,12.854832914121452,12.863816025871362,77.61190805358143,77.62112671471144,1000,1000000,100,5,3,True,Moderate,True
8420_1431,8420,1431,12.859324469996407,77.62573604527645,12.854832914121452,12.863816025871362,77.62112671471144,77.63034537584146,1000,1000000,100,7,3,True,Moderate,True
8421_1431,8421,1431,12.859324469996407,77.63495470640646,12.854832914121452,12.863816025871362,77.63034537584146,77.63956403697146,1000,1000000,100,2,2,False,Limited,True
8422_1431,8422,1431,12.859324469996407,77.64417336753648,12.854832914121452,12.863816025871362,77.63956403697146,77.64878269810148,1000,1000000,100,4,3,True,Moderate,True
8423_1431,8423,1431,12.859324469996407,77.65339202866649,12.854832914121452,12.863816025871362,77.64878269810148,77.65800135923149,1000,1000000,100,2,2,False,Limited,True
8424_1431,8424,1431,12.859324469996407,77.66261068979651,12.854832914121452,12.863816025871362,77.65800135923149,77.66722002036151,1000,1000000,100,4,4,True,Moderate,True
8425_1431,8425,1431,12.859324469996407,77.67182935092652,12.854832914121452,12.863816025871362,77.66722002036151,77.67643868149152,1000,1000000,100,2,2,False,Limited,True
8426_1431,8426,1431,12.859324469996407,77.68104801205654,12.854832914121452,12.863816025871362,77.67643868149152,77.68565734262154,1000,1000000,100,1,1,False,Limited,True
8427_1431,8427,1431,12.859324469996407,77.69026667318654,12.854832914121452,12.863816025871362,77.68565734262154,77.69487600375155,1000,1000000,100,2,2,False,Limited,True
8428_1431,8428,1431,12.859324469996407,77.69948533431655,12.854832914121452,12.863816025871362,77.69487600375155,77.70409466488157,1000,1000000,100,2,2,False,Limited,True
8429_1431,8429,1431,12.859324469996407,77.70870399544657,12.854832914121452,12.863816025871362,77.70409466488157,77.71331332601157,1000,1000000,100,4,3,True,Moderate,True
8430_1431,8430,1431,12.859324469996407,77.71792265657658,12.854832914121452,12.863816025871362,77.71331332601157,77.7225319871416,1000,1000000,100,1,1,False,Limited,True
8431_1431,8431,1431,12.859324469996407,77.7271413177066,12.854832914121452,12.863816025871362,77.7225319871416,77.7317506482716,1000,1000000,100,2,1,False,Limited,True
8432_1431,8432,1431,12.859324469996407,77.7363599788366,12.854832914121452,12.863816025871362,77.7317506482716,77.74096930940162,1000,1000000,100,6,3,True,Moderate,True
8433_1431,8433,1431,12.859324469996407,77.74557863996662,12.854832914121452,12.863816025871362,77.74096930940162,77.75018797053163,1000,1000000,100,0,0,False,Prediction Only,True
8401_1432,8401,1432,12.868307581746317,77.4505814838062,12.863816025871362,12.872799137621271,77.44597215324119,77.4551908143712,1000,1000000,100,2,2,False,Limited,True
8402_1432,8402,1432,12.868307581746317,77.45980014493621,12.863816025871362,12.872799137621271,77.4551908143712,77.46440947550121,1000,1000000,100,4,3,True,Moderate,True
8403_1432,8403,1432,12.868307581746317,77.46901880606623,12.863816025871362,12.872799137621271,77.46440947550121,77.47362813663123,1000,1000000,100,2,1,False,Limited,True
8404_1432,8404,1432,12.868307581746317,77.47823746719624,12.863816025871362,12.872799137621271,77.47362813663123,77.48284679776124,1000,1000000,100,1,1,False,Limited,True
8405_1432,8405,1432,12.868307581746317,77.48745612832626,12.863816025871362,12.872799137621271,77.48284679776124,77.49206545889126,1000,1000000,100,4,3,True,Moderate,True
8406_1432,8406,1432,12.868307581746317,77.49667478945626,12.863816025871362,12.872799137621271,77.49206545889126,77.50128412002127,1000,1000000,100,7,4,True,Moderate,True
8407_1432,8407,1432,12.868307581746317,77.50589345058627,12.863816025871362,12.872799137621271,77.50128412002127,77.51050278115129,1000,1000000,100,5,3,True,Moderate,True
8408_1432,8408,1432,12.868307581746317,77.51511211171629,12.863816025871362,12.872799137621271,77.51050278115129,77.5197214422813,1000,1000000,100,4,2,False,Limited,True
8409_1432,8409,1432,12.868307581746317,77.5243307728463,12.863816025871362,12.872799137621271,77.5197214422813,77.52894010341132,1000,1000000,100,2,2,False,Limited,True
8410_1432,8410,1432,12.868307581746317,77.53354943397632,12.863816025871362,12.872799137621271,77.52894010341132,77.53815876454132,1000,1000000,100,2,2,False,Limited,True
8411_1432,8411,1432,12.868307581746317,77.54276809510633,12.863816025871362,12.872799137621271,77.53815876454132,77.54737742567134,1000,1000000,100,5,3,True,Moderate,True
8412_1432,8412,1432,12.868307581746317,77.55198675623635,12.863816025871362,12.872799137621271,77.54737742567134,77.55659608680135,1000,1000000,100,2,2,False,Limited,True
8413_1432,8413,1432,12.868307581746317,77.56120541736635,12.863816025871362,12.872799137621271,77.55659608680135,77.56581474793137,1000,1000000,100,6,4,True,Moderate,True
8414_1432,8414,1432,12.868307581746317,77.57042407849637,12.863816025871362,12.872799137621271,77.56581474793137,77.57503340906138,1000,1000000,100,4,4,True,Moderate,True
8415_1432,8415,1432,12.868307581746317,77.57964273962638,12.863816025871362,12.872799137621271,77.57503340906138,77.5842520701914,1000,1000000,100,6,3,True,Moderate,True
8416_1432,8416,1432,12.868307581746317,77.5888614007564,12.863816025871362,12.872799137621271,77.5842520701914,77.5934707313214,1000,1000000,100,4,3,True,Moderate,True
8417_1432,8417,1432,12.868307581746317,77.5980800618864,12.863816025871362,12.872799137621271,77.5934707313214,77.60268939245141,1000,1000000,100,2,2,False,Limited,True
8418_1432,8418,1432,12.868307581746317,77.60729872301643,12.863816025871362,12.872799137621271,77.60268939245141,77.61190805358143,1000,1000000,100,3,3,True,Moderate,True
8419_1432,8419,1432,12.868307581746317,77.61651738414643,12.863816025871362,12.872799137621271,77.61190805358143,77.62112671471144,1000,1000000,100,2,2,False,Limited,True
8420_1432,8420,1432,12.868307581746317,77.62573604527645,12.863816025871362,12.872799137621271,77.62112671471144,77.63034537584146,1000,1000000,100,3,2,False,Limited,True
8421_1432,8421,1432,12.868307581746317,77.63495470640646,12.863816025871362,12.872799137621271,77.63034537584146,77.63956403697146,1000,1000000,100,2,2,False,Limited,True
8422_1432,8422,1432,12.868307581746317,77.64417336753648,12.863816025871362,12.872799137621271,77.63956403697146,77.64878269810148,1000,1000000,100,4,3,True,Moderate,True
8423_1432,8423,1432,12.868307581746317,77.65339202866649,12.863816025871362,12.872799137621271,77.64878269810148,77.65800135923149,1000,1000000,100,4,2,False,Limited,True
8424_1432,8424,1432,12.868307581746317,77.66261068979651,12.863816025871362,12.872799137621271,77.65800135923149,77.66722002036151,1000,1000000,100,2,1,False,Limited,True
8425_1432,8425,1432,12.868307581746317,77.67182935092652,12.863816025871362,12.872799137621271,77.66722002036151,77.67643868149152,1000,1000000,100,2,1,False,Limited,True
8426_1432,8426,1432,12.868307581746317,77.68104801205654,12.863816025871362,12.872799137621271,77.67643868149152,77.68565734262154,1000,1000000,100,4,4,True,Moderate,True
8427_1432,8427,1432,12.868307581746317,77.69026667318654,12.863816025871362,12.872799137621271,77.68565734262154,77.69487600375155,1000,1000000,100,1,1,False,Limited,True
8428_1432,8428,1432,12.868307581746317,77.69948533431655,12.863816025871362,12.872799137621271,77.69487600375155,77.70409466488157,1000,1000000,100,3,2,False,Limited,True
8429_1432,8429,1432,12.868307581746317,77.70870399544657,12.863816025871362,12.872799137621271,77.70409466488157,77.71331332601157,1000,1000000,100,4,3,True,Moderate,True
8430_1432,8430,1432,12.868307581746317,77.71792265657658,12.863816025871362,12.872799137621271,77.71331332601157,77.7225319871416,1000,1000000,100,2,2,False,Limited,True
8431_1432,8431,1432,12.868307581746317,77.7271413177066,12.863816025871362,12.872799137621271,77.7225319871416,77.7317506482716,1000,1000000,100,3,2,False,Limited,True
8432_1432,8432,1432,12.868307581746317,77.7363599788366,12.863816025871362,12.872799137621271,77.7317506482716,77.74096930940162,1000,1000000,100,5,3,True,Moderate,True
8433_1432,8433,1432,12.868307581746317,77.74557863996662,12.863816025871362,12.872799137621271,77.74096930940162,77.75018797053163,1000,1000000,100,5,5,True,High,True
8401_1433,8401,1433,12.877290693496228,77.4505814838062,12.872799137621271,12.881782249371183,77.44597215324119,77.4551908143712,1000,1000000,100,3,2,False,Limited,True
8402_1433,8402,1433,12.877290693496228,77.45980014493621,12.872799137621271,12.881782249371183,77.4551908143712,77.46440947550121,1000,1000000,100,1,1,False,Limited,True
8403_1433,8403,1433,12.877290693496228,77.46901880606623,12.872799137621271,12.881782249371183,77.46440947550121,77.47362813663123,1000,1000000,100,1,1,False,Limited,True
8404_1433,8404,1433,12.877290693496228,77.47823746719624,12.872799137621271,12.881782249371183,77.47362813663123,77.48284679776124,1000,1000000,100,1,1,False,Limited,True
8405_1433,8405,1433,12.877290693496228,77.48745612832626,12.872799137621271,12.881782249371183,77.48284679776124,77.49206545889126,1000,1000000,100,2,1,False,Limited,True
8406_1433,8406,1433,12.877290693496228,77.49667478945626,12.872799137621271,12.881782249371183,77.49206545889126,77.50128412002127,1000,1000000,100,8,4,True,Moderate,True
8407_1433,8407,1433,12.877290693496228,77.50589345058627,12.872799137621271,12.881782249371183,77.50128412002127,77.51050278115129,1000,1000000,100,2,2,False,Limited,True
8408_1433,8408,1433,12.877290693496228,77.51511211171629,12.872799137621271,12.881782249371183,77.51050278115129,77.5197214422813,1000,1000000,100,4,3,True,Moderate,True
8409_1433,8409,1433,12.877290693496228,77.5243307728463,12.872799137621271,12.881782249371183,77.5197214422813,77.52894010341132,1000,1000000,100,3,2,False,Limited,True
8410_1433,8410,1433,12.877290693496228,77.53354943397632,12.872799137621271,12.881782249371183,77.52894010341132,77.53815876454132,1000,1000000,100,1,1,False,Limited,True
8411_1433,8411,1433,12.877290693496228,77.54276809510633,12.872799137621271,12.881782249371183,77.53815876454132,77.54737742567134,1000,1000000,100,4,4,True,Moderate,True
8412_1433,8412,1433,12.877290693496228,77.55198675623635,12.872799137621271,12.881782249371183,77.54737742567134,77.55659608680135,1000,1000000,100,2,2,False,Limited,True
8413_1433,8413,1433,12.877290693496228,77.56120541736635,12.872799137621271,12.881782249371183,77.55659608680135,77.56581474793137,1000,1000000,100,3,3,True,Moderate,True
8414_1433,8414,1433,12.877290693496228,77.57042407849637,12.872799137621271,12.881782249371183,77.56581474793137,77.57503340906138,1000,1000000,100,4,3,True,Moderate,True
8415_1433,8415,1433,12.877290693496228,77.57964273962638,12.872799137621271,12.881782249371183,77.57503340906138,77.5842520701914,1000,1000000,100,5,4,True,Moderate,True
8416_1433,8416,1433,12.877290693496228,77.5888614007564,12.872799137621271,12.881782249371183,77.5842520701914,77.5934707313214,1000,1000000,100,4,3,True,Moderate,True
8417_1433,8417,1433,12.877290693496228,77.5980800618864,12.872799137621271,12.881782249371183,77.5934707313214,77.60268939245141,1000,1000000,100,8,5,True,High,True
8418_1433,8418,1433,12.877290693496228,77.60729872301643,12.872799137621271,12.881782249371183,77.60268939245141,77.61190805358143,1000,1000000,100,3,2,False,Limited,True
8419_1433,8419,1433,12.877290693496228,77.61651738414643,12.872799137621271,12.881782249371183,77.61190805358143,77.62112671471144,1000,1000000,100,3,3,True,Moderate,True
8420_1433,8420,1433,12.877290693496228,77.62573604527645,12.872799137621271,12.881782249371183,77.62112671471144,77.63034537584146,1000,1000000,100,2,2,False,Limited,True
8421_1433,8421,1433,12.877290693496228,77.63495470640646,12.872799137621271,12.881782249371183,77.63034537584146,77.63956403697146,1000,1000000,100,3,2,False,Limited,True
8422_1433,8422,1433,12.877290693496228,77.64417336753648,12.872799137621271,12.881782249371183,77.63956403697146,77.64878269810148,1000,1000000,100,5,3,True,Moderate,True
8423_1433,8423,1433,12.877290693496228,77.65339202866649,12.872799137621271,12.881782249371183,77.64878269810148,77.65800135923149,1000,1000000,100,1,1,False,Limited,True
8424_1433,8424,1433,12.877290693496228,77.66261068979651,12.872799137621271,12.881782249371183,77.65800135923149,77.66722002036151,1000,1000000,100,0,0,False,Prediction Only,True
8425_1433,8425,1433,12.877290693496228,77.67182935092652,12.872799137621271,12.881782249371183,77.66722002036151,77.67643868149152,1000,1000000,100,6,2,False,Limited,True
8426_1433,8426,1433,12.877290693496228,77.68104801205654,12.872799137621271,12.881782249371183,77.67643868149152,77.68565734262154,1000,1000000,100,4,4,True,Moderate,True
8427_1433,8427,1433,12.877290693496228,77.69026667318654,12.872799137621271,12.881782249371183,77.68565734262154,77.69487600375155,1000,1000000,100,3,2,False,Limited,True
8428_1433,8428,1433,12.877290693496228,77.69948533431655,12.872799137621271,12.881782249371183,77.69487600375155,77.70409466488157,1000,1000000,100,3,3,True,Moderate,True
8429_1433,8429,1433,12.877290693496228,77.70870399544657,12.872799137621271,12.881782249371183,77.70409466488157,77.71331332601157,1000,1000000,100,3,3,True,Moderate,True
8430_1433,8430,1433,12.877290693496228,77.71792265657658,12.872799137621271,12.881782249371183,77.71331332601157,77.7225319871416,1000,1000000,100,2,2,False,Limited,True
8431_1433,8431,1433,12.877290693496228,77.7271413177066,12.872799137621271,12.881782249371183,77.7225319871416,77.7317506482716,1000,1000000,100,1,1,False,Limited,True
8432_1433,8432,1433,12.877290693496228,77.7363599788366,12.872799137621271,12.881782249371183,77.7317506482716,77.74096930940162,1000,1000000,100,1,1,False,Limited,True
8433_1433,8433,1433,12.877290693496228,77.74557863996662,12.872799137621271,12.881782249371183,77.74096930940162,77.75018797053163,1000,1000000,100,4,3,True,Moderate,True
8401_1434,8401,1434,12.886273805246137,77.4505814838062,12.881782249371183,12.890765361121092,77.44597215324119,77.4551908143712,1000,1000000,100,1,1,False,Limited,True
8402_1434,8402,1434,12.886273805246137,77.45980014493621,12.881782249371183,12.890765361121092,77.4551908143712,77.46440947550121,1000,1000000,100,9,5,True,High,True
8403_1434,8403,1434,12.886273805246137,77.46901880606623,12.881782249371183,12.890765361121092,77.46440947550121,77.47362813663123,1000,1000000,100,1,1,False,Limited,True
8404_1434,8404,1434,12.886273805246137,77.47823746719624,12.881782249371183,12.890765361121092,77.47362813663123,77.48284679776124,1000,1000000,100,4,4,True,Moderate,True
8405_1434,8405,1434,12.886273805246137,77.48745612832626,12.881782249371183,12.890765361121092,77.48284679776124,77.49206545889126,1000,1000000,100,4,4,True,Moderate,True
8406_1434,8406,1434,12.886273805246137,77.49667478945626,12.881782249371183,12.890765361121092,77.49206545889126,77.50128412002127,1000,1000000,100,2,2,False,Limited,True
8407_1434,8407,1434,12.886273805246137,77.50589345058627,12.881782249371183,12.890765361121092,77.50128412002127,77.51050278115129,1000,1000000,100,2,2,False,Limited,True
8408_1434,8408,1434,12.886273805246137,77.51511211171629,12.881782249371183,12.890765361121092,77.51050278115129,77.5197214422813,1000,1000000,100,3,2,False,Limited,True
8409_1434,8409,1434,12.886273805246137,77.5243307728463,12.881782249371183,12.890765361121092,77.5197214422813,77.52894010341132,1000,1000000,100,2,2,False,Limited,True
8410_1434,8410,1434,12.886273805246137,77.53354943397632,12.881782249371183,12.890765361121092,77.52894010341132,77.53815876454132,1000,1000000,100,3,2,False,Limited,True
8411_1434,8411,1434,12.886273805246137,77.54276809510633,12.881782249371183,12.890765361121092,77.53815876454132,77.54737742567134,1000,1000000,100,2,2,False,Limited,True
8412_1434,8412,1434,12.886273805246137,77.55198675623635,12.881782249371183,12.890765361121092,77.54737742567134,77.55659608680135,1000,1000000,100,3,3,True,Moderate,True
8413_1434,8413,1434,12.886273805246137,77.56120541736635,12.881782249371183,12.890765361121092,77.55659608680135,77.56581474793137,1000,1000000,100,5,3,True,Moderate,True
8414_1434,8414,1434,12.886273805246137,77.57042407849637,12.881782249371183,12.890765361121092,77.56581474793137,77.57503340906138,1000,1000000,100,2,2,False,Limited,True
8415_1434,8415,1434,12.886273805246137,77.57964273962638,12.881782249371183,12.890765361121092,77.57503340906138,77.5842520701914,1000,1000000,100,4,3,True,Moderate,True
8416_1434,8416,1434,12.886273805246137,77.5888614007564,12.881782249371183,12.890765361121092,77.5842520701914,77.5934707313214,1000,1000000,100,6,4,True,Moderate,True
8417_1434,8417,1434,12.886273805246137,77.5980800618864,12.881782249371183,12.890765361121092,77.5934707313214,77.60268939245141,1000,1000000,100,7,4,True,Moderate,True
8418_1434,8418,1434,12.886273805246137,77.60729872301643,12.881782249371183,12.890765361121092,77.60268939245141,77.61190805358143,1000,1000000,100,2,2,False,Limited,True
8419_1434,8419,1434,12.886273805246137,77.61651738414643,12.881782249371183,12.890765361121092,77.61190805358143,77.62112671471144,1000,1000000,100,1,1,False,Limited,True
8420_1434,8420,1434,12.886273805246137,77.62573604527645,12.881782249371183,12.890765361121092,77.62112671471144,77.63034537584146,1000,1000000,100,3,3,True,Moderate,True
8421_1434,8421,1434,12.886273805246137,77.63495470640646,12.881782249371183,12.890765361121092,77.63034537584146,77.63956403697146,1000,1000000,100,4,3,True,Moderate,True
8422_1434,8422,1434,12.886273805246137,77.64417336753648,12.881782249371183,12.890765361121092,77.63956403697146,77.64878269810148,1000,1000000,100,8,4,True,Moderate,True
8423_1434,8423,1434,12.886273805246137,77.65339202866649,12.881782249371183,12.890765361121092,77.64878269810148,77.65800135923149,1000,1000000,100,1,1,False,Limited,True
8424_1434,8424,1434,12.886273805246137,77.66261068979651,12.881782249371183,12.890765361121092,77.65800135923149,77.66722002036151,1000,1000000,100,5,2,False,Limited,True
8425_1434,8425,1434,12.886273805246137,77.67182935092652,12.881782249371183,12.890765361121092,77.66722002036151,77.67643868149152,1000,1000000,100,5,3,True,Moderate,True
8426_1434,8426,1434,12.886273805246137,77.68104801205654,12.881782249371183,12.890765361121092,77.67643868149152,77.68565734262154,1000,1000000,100,5,3,True,Moderate,True
8427_1434,8427,1434,12.886273805246137,77.69026667318654,12.881782249371183,12.890765361121092,77.68565734262154,77.69487600375155,1000,1000000,100,3,2,False,Limited,True
8428_1434,8428,1434,12.886273805246137,77.69948533431655,12.881782249371183,12.890765361121092,77.69487600375155,77.70409466488157,1000,1000000,100,9,6,True,Very High,True
8429_1434,8429,1434,12.886273805246137,77.70870399544657,12.881782249371183,12.890765361121092,77.70409466488157,77.71331332601157,1000,1000000,100,3,2,False,Limited,True
8430_1434,8430,1434,12.886273805246137,77.71792265657658,12.881782249371183,12.890765361121092,77.71331332601157,77.7225319871416,1000,1000000,100,4,3,True,Moderate,True
8431_1434,8431,1434,12.886273805246137,77.7271413177066,12.881782249371183,12.890765361121092,77.7225319871416,77.7317506482716,1000,1000000,100,6,4,True,Moderate,True
8432_1434,8432,1434,12.886273805246137,77.7363599788366,12.881782249371183,12.890765361121092,77.7317506482716,77.74096930940162,1000,1000000,100,0,0,False,Prediction Only,True
8433_1434,8433,1434,12.886273805246137,77.74557863996662,12.881782249371183,12.890765361121092,77.74096930940162,77.75018797053163,1000,1000000,100,4,3,True,Moderate,True
8401_1435,8401,1435,12.895256916996047,77.4505814838062,12.890765361121092,12.899748472871002,77.44597215324119,77.4551908143712,1000,1000000,100,2,2,False,Limited,True
8402_1435,8402,1435,12.895256916996047,77.45980014493621,12.890765361121092,12.899748472871002,77.4551908143712,77.46440947550121,1000,1000000,100,1,1,False,Limited,True
8403_1435,8403,1435,12.895256916996047,77.46901880606623,12.890765361121092,12.899748472871002,77.46440947550121,77.47362813663123,1000,1000000,100,1,1,False,Limited,True
8404_1435,8404,1435,12.895256916996047,77.47823746719624,12.890765361121092,12.899748472871002,77.47362813663123,77.48284679776124,1000,1000000,100,4,3,True,Moderate,True
8405_1435,8405,1435,12.895256916996047,77.48745612832626,12.890765361121092,12.899748472871002,77.48284679776124,77.49206545889126,1000,1000000,100,4,3,True,Moderate,True
8406_1435,8406,1435,12.895256916996047,77.49667478945626,12.890765361121092,12.899748472871002,77.49206545889126,77.50128412002127,1000,1000000,100,2,2,False,Limited,True
8407_1435,8407,1435,12.895256916996047,77.50589345058627,12.890765361121092,12.899748472871002,77.50128412002127,77.51050278115129,1000,1000000,100,3,3,True,Moderate,True
8408_1435,8408,1435,12.895256916996047,77.51511211171629,12.890765361121092,12.899748472871002,77.51050278115129,77.5197214422813,1000,1000000,100,5,4,True,Moderate,True
8409_1435,8409,1435,12.895256916996047,77.5243307728463,12.890765361121092,12.899748472871002,77.5197214422813,77.52894010341132,1000,1000000,100,3,3,True,Moderate,True
8410_1435,8410,1435,12.895256916996047,77.53354943397632,12.890765361121092,12.899748472871002,77.52894010341132,77.53815876454132,1000,1000000,100,1,1,False,Limited,True
8411_1435,8411,1435,12.895256916996047,77.54276809510633,12.890765361121092,12.899748472871002,77.53815876454132,77.54737742567134,1000,1000000,100,3,3,True,Moderate,True
8412_1435,8412,1435,12.895256916996047,77.55198675623635,12.890765361121092,12.899748472871002,77.54737742567134,77.55659608680135,1000,1000000,100,6,4,True,Moderate,True
8413_1435,8413,1435,12.895256916996047,77.56120541736635,12.890765361121092,12.899748472871002,77.55659608680135,77.56581474793137,1000,1000000,100,4,3,True,Moderate,True
8414_1435,8414,1435,12.895256916996047,77.57042407849637,12.890765361121092,12.899748472871002,77.56581474793137,77.57503340906138,1000,1000000,100,7,5,True,High,True
8415_1435,8415,1435,12.895256916996047,77.57964273962638,12.890765361121092,12.899748472871002,77.57503340906138,77.5842520701914,1000,1000000,100,3,2,False,Limited,True
8416_1435,8416,1435,12.895256916996047,77.5888614007564,12.890765361121092,12.899748472871002,77.5842520701914,77.5934707313214,1000,1000000,100,3,3,True,Moderate,True
8417_1435,8417,1435,12.895256916996047,77.5980800618864,12.890765361121092,12.899748472871002,77.5934707313214,77.60268939245141,1000,1000000,100,6,5,True,High,True
8418_1435,8418,1435,12.895256916996047,77.60729872301643,12.890765361121092,12.899748472871002,77.60268939245141,77.61190805358143,1000,1000000,100,2,2,False,Limited,True
8419_1435,8419,1435,12.895256916996047,77.61651738414643,12.890765361121092,12.899748472871002,77.61190805358143,77.62112671471144,1000,1000000,100,2,2,False,Limited,True
8420_1435,8420,1435,12.895256916996047,77.62573604527645,12.890765361121092,12.899748472871002,77.62112671471144,77.63034537584146,1000,1000000,100,3,2,False,Limited,True
8421_1435,8421,1435,12.895256916996047,77.63495470640646,12.890765361121092,12.899748472871002,77.63034537584146,77.63956403697146,1000,1000000,100,3,3,True,Moderate,True
8422_1435,8422,1435,12.895256916996047,77.64417336753648,12.890765361121092,12.899748472871002,77.63956403697146,77.64878269810148,1000,1000000,100,6,4,True,Moderate,True
8423_1435,8423,1435,12.895256916996047,77.65339202866649,12.890765361121092,12.899748472871002,77.64878269810148,77.65800135923149,1000,1000000,100,1,1,False,Limited,True
8424_1435,8424,1435,12.895256916996047,77.66261068979651,12.890765361121092,12.899748472871002,77.65800135923149,77.66722002036151,1000,1000000,100,7,4,True,Moderate,True
8425_1435,8425,1435,12.895256916996047,77.67182935092652,12.890765361121092,12.899748472871002,77.66722002036151,77.67643868149152,1000,1000000,100,1,1,False,Limited,True
8426_1435,8426,1435,12.895256916996047,77.68104801205654,12.890765361121092,12.899748472871002,77.67643868149152,77.68565734262154,1000,1000000,100,3,3,True,Moderate,True
8427_1435,8427,1435,12.895256916996047,77.69026667318654,12.890765361121092,12.899748472871002,77.68565734262154,77.69487600375155,1000,1000000,100,1,1,False,Limited,True
8428_1435,8428,1435,12.895256916996047,77.69948533431655,12.890765361121092,12.899748472871002,77.69487600375155,77.70409466488157,1000,1000000,100,5,3,True,Moderate,True
8429_1435,8429,1435,12.895256916996047,77.70870399544657,12.890765361121092,12.899748472871002,77.70409466488157,77.71331332601157,1000,1000000,100,4,4,True,Moderate,True
8430_1435,8430,1435,12.895256916996047,77.71792265657658,12.890765361121092,12.899748472871002,77.71331332601157,77.7225319871416,1000,1000000,100,3,3,True,Moderate,True
8431_1435,8431,1435,12.895256916996047,77.7271413177066,12.890765361121092,12.899748472871002,77.7225319871416,77.7317506482716,1000,1000000,100,2,2,False,Limited,True
8432_1435,8432,1435,12.895256916996047,77.7363599788366,12.890765361121092,12.899748472871002,77.7317506482716,77.74096930940162,1000,1000000,100,6,5,True,High,True
8433_1435,8433,1435,12.895256916996047,77.74557863996662,12.890765361121092,12.899748472871002,77.74096930940162,77.75018797053163,1000,1000000,100,2,2,False,Limited,True
8401_1436,8401,1436,12.904240028745958,77.4505814838062,12.899748472871002,12.908731584620913,77.44597215324119,77.4551908143712,1000,1000000,100,4,3,True,Moderate,True
8402_1436,8402,1436,12.904240028745958,77.45980014493621,12.899748472871002,12.908731584620913,77.4551908143712,77.46440947550121,1000,1000000,100,6,4,True,Moderate,True
8403_1436,8403,1436,12.904240028745958,77.46901880606623,12.899748472871002,12.908731584620913,77.46440947550121,77.47362813663123,1000,1000000,100,3,3,True,Moderate,True
8404_1436,8404,1436,12.904240028745958,77.47823746719624,12.899748472871002,12.908731584620913,77.47362813663123,77.48284679776124,1000,1000000,100,3,3,True,Moderate,True
8405_1436,8405,1436,12.904240028745958,77.48745612832626,12.899748472871002,12.908731584620913,77.48284679776124,77.49206545889126,1000,1000000,100,2,2,False,Limited,True
8406_1436,8406,1436,12.904240028745958,77.49667478945626,12.899748472871002,12.908731584620913,77.49206545889126,77.50128412002127,1000,1000000,100,3,3,True,Moderate,True
8407_1436,8407,1436,12.904240028745958,77.50589345058627,12.899748472871002,12.908731584620913,77.50128412002127,77.51050278115129,1000,1000000,100,3,3,True,Moderate,True
8408_1436,8408,1436,12.904240028745958,77.51511211171629,12.899748472871002,12.908731584620913,77.51050278115129,77.5197214422813,1000,1000000,100,4,2,False,Limited,True
8409_1436,8409,1436,12.904240028745958,77.5243307728463,12.899748472871002,12.908731584620913,77.5197214422813,77.52894010341132,1000,1000000,100,1,1,False,Limited,True
8410_1436,8410,1436,12.904240028745958,77.53354943397632,12.899748472871002,12.908731584620913,77.52894010341132,77.53815876454132,1000,1000000,100,6,4,True,Moderate,True
8411_1436,8411,1436,12.904240028745958,77.54276809510633,12.899748472871002,12.908731584620913,77.53815876454132,77.54737742567134,1000,1000000,100,2,2,False,Limited,True
8412_1436,8412,1436,12.904240028745958,77.55198675623635,12.899748472871002,12.908731584620913,77.54737742567134,77.55659608680135,1000,1000000,100,3,3,True,Moderate,True
8413_1436,8413,1436,12.904240028745958,77.56120541736635,12.899748472871002,12.908731584620913,77.55659608680135,77.56581474793137,1000,1000000,100,1,1,False,Limited,True
8414_1436,8414,1436,12.904240028745958,77.57042407849637,12.899748472871002,12.908731584620913,77.56581474793137,77.57503340906138,1000,1000000,100,4,3,True,Moderate,True
8415_1436,8415,1436,12.904240028745958,77.57964273962638,12.899748472871002,12.908731584620913,77.57503340906138,77.5842520701914,1000,1000000,100,5,3,True,Moderate,True
8416_1436,8416,1436,12.904240028745958,77.5888614007564,12.899748472871002,12.908731584620913,77.5842520701914,77.5934707313214,1000,1000000,100,6,2,False,Limited,True
8417_1436,8417,1436,12.904240028745958,77.5980800618864,12.899748472871002,12.908731584620913,77.5934707313214,77.60268939245141,1000,1000000,100,4,4,True,Moderate,True
8418_1436,8418,1436,12.904240028745958,77.60729872301643,12.899748472871002,12.908731584620913,77.60268939245141,77.61190805358143,1000,1000000,100,1,1,False,Limited,True
8419_1436,8419,1436,12.904240028745958,77.61651738414643,12.899748472871002,12.908731584620913,77.61190805358143,77.62112671471144,1000,1000000,100,5,4,True,Moderate,True
8420_1436,8420,1436,12.904240028745958,77.62573604527645,12.899748472871002,12.908731584620913,77.62112671471144,77.63034537584146,1000,1000000,100,2,2,False,Limited,True
8421_1436,8421,1436,12.904240028745958,77.63495470640646,12.899748472871002,12.908731584620913,77.63034537584146,77.63956403697146,1000,1000000,100,7,5,True,High,True
8422_1436,8422,1436,12.904240028745958,77.64417336753648,12.899748472871002,12.908731584620913,77.63956403697146,77.64878269810148,1000,1000000,100,6,4,True,Moderate,True
8423_1436,8423,1436,12.904240028745958,77.65339202866649,12.899748472871002,12.908731584620913,77.64878269810148,77.65800135923149,1000,1000000,100,3,3,True,Moderate,True
8424_1436,8424,1436,12.904240028745958,77.66261068979651,12.899748472871002,12.908731584620913,77.65800135923149,77.66722002036151,1000,1000000,100,4,3,True,Moderate,True
8425_1436,8425,1436,12.904240028745958,77.67182935092652,12.899748472871002,12.908731584620913,77.66722002036151,77.67643868149152,1000,1000000,100,3,2,False,Limited,True
8426_1436,8426,1436,12.904240028745958,77.68104801205654,12.899748472871002,12.908731584620913,77.67643868149152,77.68565734262154,1000,1000000,100,1,1,False,Limited,True
8427_1436,8427,1436,12.904240028745958,77.69026667318654,12.899748472871002,12.908731584620913,77.68565734262154,77.69487600375155,1000,1000000,100,4,4,True,Moderate,True
8428_1436,8428,1436,12.904240028745958,77.69948533431655,12.899748472871002,12.908731584620913,77.69487600375155,77.70409466488157,1000,1000000,100,3,3,True,Moderate,True
8429_1436,8429,1436,12.904240028745958,77.70870399544657,12.899748472871002,12.908731584620913,77.70409466488157,77.71331332601157,1000,1000000,100,0,0,False,Prediction Only,True
8430_1436,8430,1436,12.904240028745958,77.71792265657658,12.899748472871002,12.908731584620913,77.71331332601157,77.7225319871416,1000,1000000,100,1,1,False,Limited,True
8431_1436,8431,1436,12.904240028745958,77.7271413177066,12.899748472871002,12.908731584620913,77.7225319871416,77.7317506482716,1000,1000000,100,0,0,False,Prediction Only,True
8432_1436,8432,1436,12.904240028745958,77.7363599788366,12.899748472871002,12.908731584620913,77.7317506482716,77.74096930940162,1000,1000000,100,7,5,True,High,True
8433_1436,8433,1436,12.904240028745958,77.74557863996662,12.899748472871002,12.908731584620913,77.74096930940162,77.75018797053163,1000,1000000,100,0,0,False,Prediction Only,True
8401_1437,8401,1437,12.913223140495868,77.4505814838062,12.908731584620913,12.917714696370822,77.44597215324119,77.4551908143712,1000,1000000,100,2,2,False,Limited,True
8402_1437,8402,1437,12.913223140495868,77.45980014493621,12.908731584620913,12.917714696370822,77.4551908143712,77.46440947550121,1000,1000000,100,6,3,True,Moderate,True
8403_1437,8403,1437,12.913223140495868,77.46901880606623,12.908731584620913,12.917714696370822,77.46440947550121,77.47362813663123,1000,1000000,100,2,2,False,Limited,True
8404_1437,8404,1437,12.913223140495868,77.47823746719624,12.908731584620913,12.917714696370822,77.47362813663123,77.48284679776124,1000,1000000,100,1,1,False,Limited,True
8405_1437,8405,1437,12.913223140495868,77.48745612832626,12.908731584620913,12.917714696370822,77.48284679776124,77.49206545889126,1000,1000000,100,2,2,False,Limited,True
8406_1437,8406,1437,12.913223140495868,77.49667478945626,12.908731584620913,12.917714696370822,77.49206545889126,77.50128412002127,1000,1000000,100,5,3,True,Moderate,True
8407_1437,8407,1437,12.913223140495868,77.50589345058627,12.908731584620913,12.917714696370822,77.50128412002127,77.51050278115129,1000,1000000,100,3,2,False,Limited,True
8408_1437,8408,1437,12.913223140495868,77.51511211171629,12.908731584620913,12.917714696370822,77.51050278115129,77.5197214422813,1000,1000000,100,4,2,False,Limited,True
8409_1437,8409,1437,12.913223140495868,77.5243307728463,12.908731584620913,12.917714696370822,77.5197214422813,77.52894010341132,1000,1000000,100,5,3,True,Moderate,True
8410_1437,8410,1437,12.913223140495868,77.53354943397632,12.908731584620913,12.917714696370822,77.52894010341132,77.53815876454132,1000,1000000,100,5,5,True,High,True
8411_1437,8411,1437,12.913223140495868,77.54276809510633,12.908731584620913,12.917714696370822,77.53815876454132,77.54737742567134,1000,1000000,100,6,3,True,Moderate,True
8412_1437,8412,1437,12.913223140495868,77.55198675623635,12.908731584620913,12.917714696370822,77.54737742567134,77.55659608680135,1000,1000000,100,2,2,False,Limited,True
8413_1437,8413,1437,12.913223140495868,77.56120541736635,12.908731584620913,12.917714696370822,77.55659608680135,77.56581474793137,1000,1000000,100,3,3,True,Moderate,True
8414_1437,8414,1437,12.913223140495868,77.57042407849637,12.908731584620913,12.917714696370822,77.56581474793137,77.57503340906138,1000,1000000,100,3,2,False,Limited,True
8415_1437,8415,1437,12.913223140495868,77.57964273962638,12.908731584620913,12.917714696370822,77.57503340906138,77.5842520701914,1000,1000000,100,1,1,False,Limited,True
8416_1437,8416,1437,12.913223140495868,77.5888614007564,12.908731584620913,12.917714696370822,77.5842520701914,77.5934707313214,1000,1000000,100,2,2,False,Limited,True
8417_1437,8417,1437,12.913223140495868,77.5980800618864,12.908731584620913,12.917714696370822,77.5934707313214,77.60268939245141,1000,1000000,100,5,4,True,Moderate,True
8418_1437,8418,1437,12.913223140495868,77.60729872301643,12.908731584620913,12.917714696370822,77.60268939245141,77.61190805358143,1000,1000000,100,4,3,True,Moderate,True
8419_1437,8419,1437,12.913223140495868,77.61651738414643,12.908731584620913,12.917714696370822,77.61190805358143,77.62112671471144,1000,1000000,100,1,1,False,Limited,True
8420_1437,8420,1437,12.913223140495868,77.62573604527645,12.908731584620913,12.917714696370822,77.62112671471144,77.63034537584146,1000,1000000,100,2,2,False,Limited,True
8421_1437,8421,1437,12.913223140495868,77.63495470640646,12.908731584620913,12.917714696370822,77.63034537584146,77.63956403697146,1000,1000000,100,1,1,False,Limited,True
8422_1437,8422,1437,12.913223140495868,77.64417336753648,12.908731584620913,12.917714696370822,77.63956403697146,77.64878269810148,1000,1000000,100,2,2,False,Limited,True
8423_1437,8423,1437,12.913223140495868,77.65339202866649,12.908731584620913,12.917714696370822,77.64878269810148,77.65800135923149,1000,1000000,100,2,1,False,Limited,True
8424_1437,8424,1437,12.913223140495868,77.66261068979651,12.908731584620913,12.917714696370822,77.65800135923149,77.66722002036151,1000,1000000,100,0,0,False,Prediction Only,True
8425_1437,8425,1437,12.913223140495868,77.67182935092652,12.908731584620913,12.917714696370822,77.66722002036151,77.67643868149152,1000,1000000,100,2,2,False,Limited,True
8426_1437,8426,1437,12.913223140495868,77.68104801205654,12.908731584620913,12.917714696370822,77.67643868149152,77.68565734262154,1000,1000000,100,2,2,False,Limited,True
8427_1437,8427,1437,12.913223140495868,77.69026667318654,12.908731584620913,12.917714696370822,77.68565734262154,77.69487600375155,1000,1000000,100,2,2,False,Limited,True
8428_1437,8428,1437,12.913223140495868,77.69948533431655,12.908731584620913,12.917714696370822,77.69487600375155,77.70409466488157,1000,1000000,100,5,4,True,Moderate,True
8429_1437,8429,1437,12.913223140495868,77.70870399544657,12.908731584620913,12.917714696370822,77.70409466488157,77.71331332601157,1000,1000000,100,2,2,False,Limited,True
8430_1437,8430,1437,12.913223140495868,77.71792265657658,12.908731584620913,12.917714696370822,77.71331332601157,77.7225319871416,1000,1000000,100,0,0,False,Prediction Only,True
8431_1437,8431,1437,12.913223140495868,77.7271413177066,12.908731584620913,12.917714696370822,77.7225319871416,77.7317506482716,1000,1000000,100,4,4,True,Moderate,True
8432_1437,8432,1437,12.913223140495868,77.7363599788366,12.908731584620913,12.917714696370822,77.7317506482716,77.74096930940162,1000,1000000,100,4,3,True,Moderate,True
8433_1437,8433,1437,12.913223140495868,77.74557863996662,12.908731584620913,12.917714696370822,77.74096930940162,77.75018797053163,1000,1000000,100,5,4,True,Moderate,True
8401_1438,8401,1438,12.922206252245777,77.4505814838062,12.917714696370822,12.926697808120734,77.44597215324119,77.4551908143712,1000,1000000,100,3,2,False,Limited,True
8402_1438,8402,1438,12.922206252245777,77.45980014493621,12.917714696370822,12.926697808120734,77.4551908143712,77.46440947550121,1000,1000000,100,6,4,True,Moderate,True
8403_1438,8403,1438,12.922206252245777,77.46901880606623,12.917714696370822,12.926697808120734,77.46440947550121,77.47362813663123,1000,1000000,100,0,0,False,Prediction Only,True
8404_1438,8404,1438,12.922206252245777,77.47823746719624,12.917714696370822,12.926697808120734,77.47362813663123,77.48284679776124,1000,1000000,100,4,4,True,Moderate,True
8405_1438,8405,1438,12.922206252245777,77.48745612832626,12.917714696370822,12.926697808120734,77.48284679776124,77.49206545889126,1000,1000000,100,3,3,True,Moderate,True
8406_1438,8406,1438,12.922206252245777,77.49667478945626,12.917714696370822,12.926697808120734,77.49206545889126,77.50128412002127,1000,1000000,100,3,3,True,Moderate,True
8407_1438,8407,1438,12.922206252245777,77.50589345058627,12.917714696370822,12.926697808120734,77.50128412002127,77.51050278115129,1000,1000000,100,4,3,True,Moderate,True
8408_1438,8408,1438,12.922206252245777,77.51511211171629,12.917714696370822,12.926697808120734,77.51050278115129,77.5197214422813,1000,1000000,100,5,5,True,High,True
8409_1438,8409,1438,12.922206252245777,77.5243307728463,12.917714696370822,12.926697808120734,77.5197214422813,77.52894010341132,1000,1000000,100,7,6,True,Very High,True
8410_1438,8410,1438,12.922206252245777,77.53354943397632,12.917714696370822,12.926697808120734,77.52894010341132,77.53815876454132,1000,1000000,100,5,3,True,Moderate,True
8411_1438,8411,1438,12.922206252245777,77.54276809510633,12.917714696370822,12.926697808120734,77.53815876454132,77.54737742567134,1000,1000000,100,3,3,True,Moderate,True
8412_1438,8412,1438,12.922206252245777,77.55198675623635,12.917714696370822,12.926697808120734,77.54737742567134,77.55659608680135,1000,1000000,100,7,4,True,Moderate,True
8413_1438,8413,1438,12.922206252245777,77.56120541736635,12.917714696370822,12.926697808120734,77.55659608680135,77.56581474793137,1000,1000000,100,1,1,False,Limited,True
8414_1438,8414,1438,12.922206252245777,77.57042407849637,12.917714696370822,12.926697808120734,77.56581474793137,77.57503340906138,1000,1000000,100,4,4,True,Moderate,True
8415_1438,8415,1438,12.922206252245777,77.57964273962638,12.917714696370822,12.926697808120734,77.57503340906138,77.5842520701914,1000,1000000,100,1,1,False,Limited,True
8416_1438,8416,1438,12.922206252245777,77.5888614007564,12.917714696370822,12.926697808120734,77.5842520701914,77.5934707313214,1000,1000000,100,3,3,True,Moderate,True
8417_1438,8417,1438,12.922206252245777,77.5980800618864,12.917714696370822,12.926697808120734,77.5934707313214,77.60268939245141,1000,1000000,100,5,3,True,Moderate,True
8418_1438,8418,1438,12.922206252245777,77.60729872301643,12.917714696370822,12.926697808120734,77.60268939245141,77.61190805358143,1000,1000000,100,3,2,False,Limited,True
8419_1438,8419,1438,12.922206252245777,77.61651738414643,12.917714696370822,12.926697808120734,77.61190805358143,77.62112671471144,1000,1000000,100,4,3,True,Moderate,True
8420_1438,8420,1438,12.922206252245777,77.62573604527645,12.917714696370822,12.926697808120734,77.62112671471144,77.63034537584146,1000,1000000,100,4,2,False,Limited,True
8421_1438,8421,1438,12.922206252245777,77.63495470640646,12.917714696370822,12.926697808120734,77.63034537584146,77.63956403697146,1000,1000000,100,4,3,True,Moderate,True
8422_1438,8422,1438,12.922206252245777,77.64417336753648,12.917714696370822,12.926697808120734,77.63956403697146,77.64878269810148,1000,1000000,100,2,2,False,Limited,True
8423_1438,8423,1438,12.922206252245777,77.65339202866649,12.917714696370822,12.926697808120734,77.64878269810148,77.65800135923149,1000,1000000,100,4,3,True,Moderate,True
8424_1438,8424,1438,12.922206252245777,77.66261068979651,12.917714696370822,12.926697808120734,77.65800135923149,77.66722002036151,1000,1000000,100,3,2,False,Limited,True
8425_1438,8425,1438,12.922206252245777,77.67182935092652,12.917714696370822,12.926697808120734,77.66722002036151,77.67643868149152,1000,1000000,100,1,1,False,Limited,True
8426_1438,8426,1438,12.922206252245777,77.68104801205654,12.917714696370822,12.926697808120734,77.67643868149152,77.68565734262154,1000,1000000,100,5,4,True,Moderate,True
8427_1438,8427,1438,12.922206252245777,77.69026667318654,12.917714696370822,12.926697808120734,77.68565734262154,77.69487600375155,1000,1000000,100,7,4,True,Moderate,True
8428_1438,8428,1438,12.922206252245777,77.69948533431655,12.917714696370822,12.926697808120734,77.69487600375155,77.70409466488157,1000,1000000,100,2,2,False,Limited,True
8429_1438,8429,1438,12.922206252245777,77.70870399544657,12.917714696370822,12.926697808120734,77.70409466488157,77.71331332601157,1000,1000000,100,2,2,False,Limited,True
8430_1438,8430,1438,12.922206252245777,77.71792265657658,12.917714696370822,12.926697808120734,77.71331332601157,77.7225319871416,1000,1000000,100,5,4,True,Moderate,True
8431_1438,8431,1438,12.922206252245777,77.7271413177066,12.917714696370822,12.926697808120734,77.7225319871416,77.7317506482716,1000,1000000,100,3,3,True,Moderate,True
8432_1438,8432,1438,12.922206252245777,77.7363599788366,12.917714696370822,12.926697808120734,77.7317506482716,77.74096930940162,1000,1000000,100,8,4,True,Moderate,True
8433_1438,8433,1438,12.922206252245777,77.74557863996662,12.917714696370822,12.926697808120734,77.74096930940162,77.75018797053163,1000,1000000,100,1,1,False,Limited,True
8401_1439,8401,1439,12.931189363995689,77.4505814838062,12.926697808120734,12.935680919870643,77.44597215324119,77.4551908143712,1000,1000000,100,1,1,False,Limited,True
8402_1439,8402,1439,12.931189363995689,77.45980014493621,12.926697808120734,12.935680919870643,77.4551908143712,77.46440947550121,1000,1000000,100,1,1,False,Limited,True
8403_1439,8403,1439,12.931189363995689,77.46901880606623,12.926697808120734,12.935680919870643,77.46440947550121,77.47362813663123,1000,1000000,100,5,5,True,High,True
8404_1439,8404,1439,12.931189363995689,77.47823746719624,12.926697808120734,12.935680919870643,77.47362813663123,77.48284679776124,1000,1000000,100,3,3,True,Moderate,True
8405_1439,8405,1439,12.931189363995689,77.48745612832626,12.926697808120734,12.935680919870643,77.48284679776124,77.49206545889126,1000,1000000,100,4,3,True,Moderate,True
8406_1439,8406,1439,12.931189363995689,77.49667478945626,12.926697808120734,12.935680919870643,77.49206545889126,77.50128412002127,1000,1000000,100,9,5,True,High,True
8407_1439,8407,1439,12.931189363995689,77.50589345058627,12.926697808120734,12.935680919870643,77.50128412002127,77.51050278115129,1000,1000000,100,9,4,True,Moderate,True
8408_1439,8408,1439,12.931189363995689,77.51511211171629,12.926697808120734,12.935680919870643,77.51050278115129,77.5197214422813,1000,1000000,100,2,2,False,Limited,True
8409_1439,8409,1439,12.931189363995689,77.5243307728463,12.926697808120734,12.935680919870643,77.5197214422813,77.52894010341132,1000,1000000,100,4,3,True,Moderate,True
8410_1439,8410,1439,12.931189363995689,77.53354943397632,12.926697808120734,12.935680919870643,77.52894010341132,77.53815876454132,1000,1000000,100,9,6,True,Very High,True
8411_1439,8411,1439,12.931189363995689,77.54276809510633,12.926697808120734,12.935680919870643,77.53815876454132,77.54737742567134,1000,1000000,100,3,2,False,Limited,True
8412_1439,8412,1439,12.931189363995689,77.55198675623635,12.926697808120734,12.935680919870643,77.54737742567134,77.55659608680135,1000,1000000,100,5,3,True,Moderate,True
8413_1439,8413,1439,12.931189363995689,77.56120541736635,12.926697808120734,12.935680919870643,77.55659608680135,77.56581474793137,1000,1000000,100,3,3,True,Moderate,True
8414_1439,8414,1439,12.931189363995689,77.57042407849637,12.926697808120734,12.935680919870643,77.56581474793137,77.57503340906138,1000,1000000,100,2,2,False,Limited,True
8415_1439,8415,1439,12.931189363995689,77.57964273962638,12.926697808120734,12.935680919870643,77.57503340906138,77.5842520701914,1000,1000000,100,7,5,True,High,True
8416_1439,8416,1439,12.931189363995689,77.5888614007564,12.926697808120734,12.935680919870643,77.5842520701914,77.5934707313214,1000,1000000,100,3,2,False,Limited,True
8417_1439,8417,1439,12.931189363995689,77.5980800618864,12.926697808120734,12.935680919870643,77.5934707313214,77.60268939245141,1000,1000000,100,4,2,False,Limited,True
8418_1439,8418,1439,12.931189363995689,77.60729872301643,12.926697808120734,12.935680919870643,77.60268939245141,77.61190805358143,1000,1000000,100,3,3,True,Moderate,True
8419_1439,8419,1439,12.931189363995689,77.61651738414643,12.926697808120734,12.935680919870643,77.61190805358143,77.62112671471144,1000,1000000,100,1,1,False,Limited,True
8420_1439,8420,1439,12.931189363995689,77.62573604527645,12.926697808120734,12.935680919870643,77.62112671471144,77.63034537584146,1000,1000000,100,3,2,False,Limited,True
8421_1439,8421,1439,12.931189363995689,77.63495470640646,12.926697808120734,12.935680919870643,77.63034537584146,77.63956403697146,1000,1000000,100,2,2,False,Limited,True
8422_1439,8422,1439,12.931189363995689,77.64417336753648,12.926697808120734,12.935680919870643,77.63956403697146,77.64878269810148,1000,1000000,100,5,4,True,Moderate,True
8423_1439,8423,1439,12.931189363995689,77.65339202866649,12.926697808120734,12.935680919870643,77.64878269810148,77.65800135923149,1000,1000000,100,4,2,False,Limited,True
8424_1439,8424,1439,12.931189363995689,77.66261068979651,12.926697808120734,12.935680919870643,77.65800135923149,77.66722002036151,1000,1000000,100,2,2,False,Limited,True
8425_1439,8425,1439,12.931189363995689,77.67182935092652,12.926697808120734,12.935680919870643,77.66722002036151,77.67643868149152,1000,1000000,100,3,2,False,Limited,True
8426_1439,8426,1439,12.931189363995689,77.68104801205654,12.926697808120734,12.935680919870643,77.67643868149152,77.68565734262154,1000,1000000,100,1,1,False,Limited,True
8427_1439,8427,1439,12.931189363995689,77.69026667318654,12.926697808120734,12.935680919870643,77.68565734262154,77.69487600375155,1000,1000000,100,1,1,False,Limited,True
8428_1439,8428,1439,12.931189363995689,77.69948533431655,12.926697808120734,12.935680919870643,77.69487600375155,77.70409466488157,1000,1000000,100,3,3,True,Moderate,True
8429_1439,8429,1439,12.931189363995689,77.70870399544657,12.926697808120734,12.935680919870643,77.70409466488157,77.71331332601157,1000,1000000,100,2,2,False,Limited,True
8430_1439,8430,1439,12.931189363995689,77.71792265657658,12.926697808120734,12.935680919870643,77.71331332601157,77.7225319871416,1000,1000000,100,4,3,True,Moderate,True
8431_1439,8431,1439,12.931189363995689,77.7271413177066,12.926697808120734,12.935680919870643,77.7225319871416,77.7317506482716,1000,1000000,100,3,2,False,Limited,True
8432_1439,8432,1439,12.931189363995689,77.7363599788366,12.926697808120734,12.935680919870643,77.7317506482716,77.74096930940162,1000,1000000,100,2,1,False,Limited,True
8433_1439,8433,1439,12.931189363995689,77.74557863996662,12.926697808120734,12.935680919870643,77.74096930940162,77.75018797053163,1000,1000000,100,5,4,True,Moderate,True
8401_1440,8401,1440,12.940172475745598,77.4505814838062,12.935680919870643,12.944664031620553,77.44597215324119,77.4551908143712,1000,1000000,100,1,1,False,Limited,True
8402_1440,8402,1440,12.940172475745598,77.45980014493621,12.935680919870643,12.944664031620553,77.4551908143712,77.46440947550121,1000,1000000,100,6,5,True,High,True
8403_1440,8403,1440,12.940172475745598,77.46901880606623,12.935680919870643,12.944664031620553,77.46440947550121,77.47362813663123,1000,1000000,100,2,1,False,Limited,True
8404_1440,8404,1440,12.940172475745598,77.47823746719624,12.935680919870643,12.944664031620553,77.47362813663123,77.48284679776124,1000,1000000,100,8,5,True,High,True
8405_1440,8405,1440,12.940172475745598,77.48745612832626,12.935680919870643,12.944664031620553,77.48284679776124,77.49206545889126,1000,1000000,100,4,3,True,Moderate,True
8406_1440,8406,1440,12.940172475745598,77.49667478945626,12.935680919870643,12.944664031620553,77.49206545889126,77.50128412002127,1000,1000000,100,5,3,True,Moderate,True
8407_1440,8407,1440,12.940172475745598,77.50589345058627,12.935680919870643,12.944664031620553,77.50128412002127,77.51050278115129,1000,1000000,100,1,1,False,Limited,True
8408_1440,8408,1440,12.940172475745598,77.51511211171629,12.935680919870643,12.944664031620553,77.51050278115129,77.5197214422813,1000,1000000,100,1,1,False,Limited,True
8409_1440,8409,1440,12.940172475745598,77.5243307728463,12.935680919870643,12.944664031620553,77.5197214422813,77.52894010341132,1000,1000000,100,7,4,True,Moderate,True
8410_1440,8410,1440,12.940172475745598,77.53354943397632,12.935680919870643,12.944664031620553,77.52894010341132,77.53815876454132,1000,1000000,100,5,4,True,Moderate,True
8411_1440,8411,1440,12.940172475745598,77.54276809510633,12.935680919870643,12.944664031620553,77.53815876454132,77.54737742567134,1000,1000000,100,3,3,True,Moderate,True
8412_1440,8412,1440,12.940172475745598,77.55198675623635,12.935680919870643,12.944664031620553,77.54737742567134,77.55659608680135,1000,1000000,100,0,0,False,Prediction Only,True
8413_1440,8413,1440,12.940172475745598,77.56120541736635,12.935680919870643,12.944664031620553,77.55659608680135,77.56581474793137,1000,1000000,100,5,4,True,Moderate,True
8414_1440,8414,1440,12.940172475745598,77.57042407849637,12.935680919870643,12.944664031620553,77.56581474793137,77.57503340906138,1000,1000000,100,9,4,True,Moderate,True
8415_1440,8415,1440,12.940172475745598,77.57964273962638,12.935680919870643,12.944664031620553,77.57503340906138,77.5842520701914,1000,1000000,100,5,3,True,Moderate,True
8416_1440,8416,1440,12.940172475745598,77.5888614007564,12.935680919870643,12.944664031620553,77.5842520701914,77.5934707313214,1000,1000000,100,3,3,True,Moderate,True
8417_1440,8417,1440,12.940172475745598,77.5980800618864,12.935680919870643,12.944664031620553,77.5934707313214,77.60268939245141,1000,1000000,100,1,1,False,Limited,True
8418_1440,8418,1440,12.940172475745598,77.60729872301643,12.935680919870643,12.944664031620553,77.60268939245141,77.61190805358143,1000,1000000,100,3,3,True,Moderate,True
8419_1440,8419,1440,12.940172475745598,77.61651738414643,12.935680919870643,12.944664031620553,77.61190805358143,77.62112671471144,1000,1000000,100,2,2,False,Limited,True
8420_1440,8420,1440,12.940172475745598,77.62573604527645,12.935680919870643,12.944664031620553,77.62112671471144,77.63034537584146,1000,1000000,100,1,1,False,Limited,True
8421_1440,8421,1440,12.940172475745598,77.63495470640646,12.935680919870643,12.944664031620553,77.63034537584146,77.63956403697146,1000,1000000,100,2,2,False,Limited,True
8422_1440,8422,1440,12.940172475745598,77.64417336753648,12.935680919870643,12.944664031620553,77.63956403697146,77.64878269810148,1000,1000000,100,2,2,False,Limited,True
8423_1440,8423,1440,12.940172475745598,77.65339202866649,12.935680919870643,12.944664031620553,77.64878269810148,77.65800135923149,1000,1000000,100,0,0,False,Prediction Only,True
8424_1440,8424,1440,12.940172475745598,77.66261068979651,12.935680919870643,12.944664031620553,77.65800135923149,77.66722002036151,1000,1000000,100,3,3,True,Moderate,True
8425_1440,8425,1440,12.940172475745598,77.67182935092652,12.935680919870643,12.944664031620553,77.66722002036151,77.67643868149152,1000,1000000,100,9,5,True,High,True
8426_1440,8426,1440,12.940172475745598,77.68104801205654,12.935680919870643,12.944664031620553,77.67643868149152,77.68565734262154,1000,1000000,100,4,3,True,Moderate,True
8427_1440,8427,1440,12.940172475745598,77.69026667318654,12.935680919870643,12.944664031620553,77.68565734262154,77.69487600375155,1000,1000000,100,6,2,False,Limited,True
8428_1440,8428,1440,12.940172475745598,77.69948533431655,12.935680919870643,12.944664031620553,77.69487600375155,77.70409466488157,1000,1000000,100,3,3,True,Moderate,True
8429_1440,8429,1440,12.940172475745598,77.70870399544657,12.935680919870643,12.944664031620553,77.70409466488157,77.71331332601157,1000,1000000,100,2,2,False,Limited,True
8430_1440,8430,1440,12.940172475745598,77.71792265657658,12.935680919870643,12.944664031620553,77.71331332601157,77.7225319871416,1000,1000000,100,3,2,False,Limited,True
8431_1440,8431,1440,12.940172475745598,77.7271413177066,12.935680919870643,12.944664031620553,77.7225319871416,77.7317506482716,1000,1000000,100,1,1,False,Limited,True
8432_1440,8432,1440,12.940172475745598,77.7363599788366,12.935680919870643,12.944664031620553,77.7317506482716,77.74096930940162,1000,1000000,100,3,3,True,Moderate,True
8433_1440,8433,1440,12.940172475745598,77.74557863996662,12.935680919870643,12.944664031620553,77.74096930940162,77.75018797053163,1000,1000000,100,6,4,True,Moderate,True
8401_1441,8401,1441,12.94915558749551,77.4505814838062,12.944664031620553,12.953647143370464,77.44597215324119,77.4551908143712,1000,1000000,100,4,3,True,Moderate,True
8402_1441,8402,1441,12.94915558749551,77.45980014493621,12.944664031620553,12.953647143370464,77.4551908143712,77.46440947550121,1000,1000000,100,3,2,False,Limited,True
8403_1441,8403,1441,12.94915558749551,77.46901880606623,12.944664031620553,12.953647143370464,77.46440947550121,77.47362813663123,1000,1000000,100,5,3,True,Moderate,True
8404_1441,8404,1441,12.94915558749551,77.47823746719624,12.944664031620553,12.953647143370464,77.47362813663123,77.48284679776124,1000,1000000,100,7,5,True,High,True
8405_1441,8405,1441,12.94915558749551,77.48745612832626,12.944664031620553,12.953647143370464,77.48284679776124,77.49206545889126,1000,1000000,100,6,5,True,High,True
8406_1441,8406,1441,12.94915558749551,77.49667478945626,12.944664031620553,12.953647143370464,77.49206545889126,77.50128412002127,1000,1000000,100,2,2,False,Limited,True
8407_1441,8407,1441,12.94915558749551,77.50589345058627,12.944664031620553,12.953647143370464,77.50128412002127,77.51050278115129,1000,1000000,100,2,2,False,Limited,True
8408_1441,8408,1441,12.94915558749551,77.51511211171629,12.944664031620553,12.953647143370464,77.51050278115129,77.5197214422813,1000,1000000,100,3,2,False,Limited,True
8409_1441,8409,1441,12.94915558749551,77.5243307728463,12.944664031620553,12.953647143370464,77.5197214422813,77.52894010341132,1000,1000000,100,7,5,True,High,True
8410_1441,8410,1441,12.94915558749551,77.53354943397632,12.944664031620553,12.953647143370464,77.52894010341132,77.53815876454132,1000,1000000,100,7,5,True,High,True
8411_1441,8411,1441,12.94915558749551,77.54276809510633,12.944664031620553,12.953647143370464,77.53815876454132,77.54737742567134,1000,1000000,100,3,3,True,Moderate,True
8412_1441,8412,1441,12.94915558749551,77.55198675623635,12.944664031620553,12.953647143370464,77.54737742567134,77.55659608680135,1000,1000000,100,3,3,True,Moderate,True
8413_1441,8413,1441,12.94915558749551,77.56120541736635,12.944664031620553,12.953647143370464,77.55659608680135,77.56581474793137,1000,1000000,100,7,4,True,Moderate,True
8414_1441,8414,1441,12.94915558749551,77.57042407849637,12.944664031620553,12.953647143370464,77.56581474793137,77.57503340906138,1000,1000000,100,3,1,False,Limited,True
8415_1441,8415,1441,12.94915558749551,77.57964273962638,12.944664031620553,12.953647143370464,77.57503340906138,77.5842520701914,1000,1000000,100,2,2,False,Limited,True
8416_1441,8416,1441,12.94915558749551,77.5888614007564,12.944664031620553,12.953647143370464,77.5842520701914,77.5934707313214,1000,1000000,100,1,1,False,Limited,True
8417_1441,8417,1441,12.94915558749551,77.5980800618864,12.944664031620553,12.953647143370464,77.5934707313214,77.60268939245141,1000,1000000,100,4,3,True,Moderate,True
8418_1441,8418,1441,12.94915558749551,77.60729872301643,12.944664031620553,12.953647143370464,77.60268939245141,77.61190805358143,1000,1000000,100,3,3,True,Moderate,True
8419_1441,8419,1441,12.94915558749551,77.61651738414643,12.944664031620553,12.953647143370464,77.61190805358143,77.62112671471144,1000,1000000,100,3,2,False,Limited,True
8420_1441,8420,1441,12.94915558749551,77.62573604527645,12.944664031620553,12.953647143370464,77.62112671471144,77.63034537584146,1000,1000000,100,4,3,True,Moderate,True
8421_1441,8421,1441,12.94915558749551,77.63495470640646,12.944664031620553,12.953647143370464,77.63034537584146,77.63956403697146,1000,1000000,100,3,2,False,Limited,True
8422_1441,8422,1441,12.94915558749551,77.64417336753648,12.944664031620553,12.953647143370464,77.63956403697146,77.64878269810148,1000,1000000,100,3,2,False,Limited,True
8423_1441,8423,1441,12.94915558749551,77.65339202866649,12.944664031620553,12.953647143370464,77.64878269810148,77.65800135923149,1000,1000000,100,7,5,True,High,True
8424_1441,8424,1441,12.94915558749551,77.66261068979651,12.944664031620553,12.953647143370464,77.65800135923149,77.66722002036151,1000,1000000,100,4,3,True,Moderate,True
8425_1441,8425,1441,12.94915558749551,77.67182935092652,12.944664031620553,12.953647143370464,77.66722002036151,77.67643868149152,1000,1000000,100,0,0,False,Prediction Only,True
8426_1441,8426,1441,12.94915558749551,77.68104801205654,12.944664031620553,12.953647143370464,77.67643868149152,77.68565734262154,1000,1000000,100,4,2,False,Limited,True
8427_1441,8427,1441,12.94915558749551,77.69026667318654,12.944664031620553,12.953647143370464,77.68565734262154,77.69487600375155,1000,1000000,100,3,2,False,Limited,True
8428_1441,8428,1441,12.94915558749551,77.69948533431655,12.944664031620553,12.953647143370464,77.69487600375155,77.70409466488157,1000,1000000,100,5,5,True,High,True
8429_1441,8429,1441,12.94915558749551,77.70870399544657,12.944664031620553,12.953647143370464,77.70409466488157,77.71331332601157,1000,1000000,100,1,1,False,Limited,True
8430_1441,8430,1441,12.94915558749551,77.71792265657658,12.944664031620553,12.953647143370464,77.71331332601157,77.7225319871416,1000,1000000,100,3,3,True,Moderate,True
8431_1441,8431,1441,12.94915558749551,77.7271413177066,12.944664031620553,12.953647143370464,77.7225319871416,77.7317506482716,1000,1000000,100,3,2,False,Limited,True
8432_1441,8432,1441,12.94915558749551,77.7363599788366,12.944664031620553,12.953647143370464,77.7317506482716,77.74096930940162,1000,1000000,100,4,4,True,Moderate,True
8433_1441,8433,1441,12.94915558749551,77.74557863996662,12.944664031620553,12.953647143370464,77.74096930940162,77.75018797053163,1000,1000000,100,5,4,True,Moderate,True
8401_1442,8401,1442,12.958138699245419,77.4505814838062,12.953647143370464,12.962630255120374,77.44597215324119,77.4551908143712,1000,1000000,100,0,0,False,Prediction Only,True
8402_1442,8402,1442,12.958138699245419,77.45980014493621,12.953647143370464,12.962630255120374,77.4551908143712,77.46440947550121,1000,1000000,100,9,4,True,Moderate,True
8403_1442,8403,1442,12.958138699245419,77.46901880606623,12.953647143370464,12.962630255120374,77.46440947550121,77.47362813663123,1000,1000000,100,4,3,True,Moderate,True
8404_1442,8404,1442,12.958138699245419,77.47823746719624,12.953647143370464,12.962630255120374,77.47362813663123,77.48284679776124,1000,1000000,100,1,1,False,Limited,True
8405_1442,8405,1442,12.958138699245419,77.48745612832626,12.953647143370464,12.962630255120374,77.48284679776124,77.49206545889126,1000,1000000,100,2,2,False,Limited,True
8406_1442,8406,1442,12.958138699245419,77.49667478945626,12.953647143370464,12.962630255120374,77.49206545889126,77.50128412002127,1000,1000000,100,4,4,True,Moderate,True
8407_1442,8407,1442,12.958138699245419,77.50589345058627,12.953647143370464,12.962630255120374,77.50128412002127,77.51050278115129,1000,1000000,100,3,3,True,Moderate,True
8408_1442,8408,1442,12.958138699245419,77.51511211171629,12.953647143370464,12.962630255120374,77.51050278115129,77.5197214422813,1000,1000000,100,2,1,False,Limited,True
8409_1442,8409,1442,12.958138699245419,77.5243307728463,12.953647143370464,12.962630255120374,77.5197214422813,77.52894010341132,1000,1000000,100,4,4,True,Moderate,True
8410_1442,8410,1442,12.958138699245419,77.53354943397632,12.953647143370464,12.962630255120374,77.52894010341132,77.53815876454132,1000,1000000,100,6,4,True,Moderate,True
8411_1442,8411,1442,12.958138699245419,77.54276809510633,12.953647143370464,12.962630255120374,77.53815876454132,77.54737742567134,1000,1000000,100,3,3,True,Moderate,True
8412_1442,8412,1442,12.958138699245419,77.55198675623635,12.953647143370464,12.962630255120374,77.54737742567134,77.55659608680135,1000,1000000,100,5,3,True,Moderate,True
8413_1442,8413,1442,12.958138699245419,77.56120541736635,12.953647143370464,12.962630255120374,77.55659608680135,77.56581474793137,1000,1000000,100,4,3,True,Moderate,True
8414_1442,8414,1442,12.958138699245419,77.57042407849637,12.953647143370464,12.962630255120374,77.56581474793137,77.57503340906138,1000,1000000,100,1,1,False,Limited,True
8415_1442,8415,1442,12.958138699245419,77.57964273962638,12.953647143370464,12.962630255120374,77.57503340906138,77.5842520701914,1000,1000000,100,1,1,False,Limited,True
8416_1442,8416,1442,12.958138699245419,77.5888614007564,12.953647143370464,12.962630255120374,77.5842520701914,77.5934707313214,1000,1000000,100,3,3,True,Moderate,True
8417_1442,8417,1442,12.958138699245419,77.5980800618864,12.953647143370464,12.962630255120374,77.5934707313214,77.60268939245141,1000,1000000,100,3,3,True,Moderate,True
8418_1442,8418,1442,12.958138699245419,77.60729872301643,12.953647143370464,12.962630255120374,77.60268939245141,77.61190805358143,1000,1000000,100,7,3,True,Moderate,True
8419_1442,8419,1442,12.958138699245419,77.61651738414643,12.953647143370464,12.962630255120374,77.61190805358143,77.62112671471144,1000,1000000,100,5,3,True,Moderate,True
8420_1442,8420,1442,12.958138699245419,77.62573604527645,12.953647143370464,12.962630255120374,77.62112671471144,77.63034537584146,1000,1000000,100,4,3,True,Moderate,True
8421_1442,8421,1442,12.958138699245419,77.63495470640646,12.953647143370464,12.962630255120374,77.63034537584146,77.63956403697146,1000,1000000,100,2,1,False,Limited,True
8422_1442,8422,1442,12.958138699245419,77.64417336753648,12.953647143370464,12.962630255120374,77.63956403697146,77.64878269810148,1000,1000000,100,8,4,True,Moderate,True
8423_1442,8423,1442,12.958138699245419,77.65339202866649,12.953647143370464,12.962630255120374,77.64878269810148,77.65800135923149,1000,1000000,100,7,4,True,Moderate,True
8424_1442,8424,1442,12.958138699245419,77.66261068979651,12.953647143370464,12.962630255120374,77.65800135923149,77.66722002036151,1000,1000000,100,4,3,True,Moderate,True
8425_1442,8425,1442,12.958138699245419,77.67182935092652,12.953647143370464,12.962630255120374,77.66722002036151,77.67643868149152,1000,1000000,100,3,2,False,Limited,True
8426_1442,8426,1442,12.958138699245419,77.68104801205654,12.953647143370464,12.962630255120374,77.67643868149152,77.68565734262154,1000,1000000,100,0,0,False,Prediction Only,True
8427_1442,8427,1442,12.958138699245419,77.69026667318654,12.953647143370464,12.962630255120374,77.68565734262154,77.69487600375155,1000,1000000,100,4,4,True,Moderate,True
8428_1442,8428,1442,12.958138699245419,77.69948533431655,12.953647143370464,12.962630255120374,77.69487600375155,77.70409466488157,1000,1000000,100,4,3,True,Moderate,True
8429_1442,8429,1442,12.958138699245419,77.70870399544657,12.953647143370464,12.962630255120374,77.70409466488157,77.71331332601157,1000,1000000,100,2,2,False,Limited,True
8430_1442,8430,1442,12.958138699245419,77.71792265657658,12.953647143370464,12.962630255120374,77.71331332601157,77.7225319871416,1000,1000000,100,6,4,True,Moderate,True
8431_1442,8431,1442,12.958138699245419,77.7271413177066,12.953647143370464,12.962630255120374,77.7225319871416,77.7317506482716,1000,1000000,100,3,3,True,Moderate,True
8432_1442,8432,1442,12.958138699245419,77.7363599788366,12.953647143370464,12.962630255120374,77.7317506482716,77.74096930940162,1000,1000000,100,1,1,False,Limited,True
8433_1442,8433,1442,12.958138699245419,77.74557863996662,12.953647143370464,12.962630255120374,77.74096930940162,77.75018797053163,1000,1000000,100,5,5,True,High,True
8401_1443,8401,1443,12.967121810995328,77.4505814838062,12.962630255120374,12.971613366870283,77.44597215324119,77.4551908143712,1000,1000000,100,2,2,False,Limited,True
8402_1443,8402,1443,12.967121810995328,77.45980014493621,12.962630255120374,12.971613366870283,77.4551908143712,77.46440947550121,1000,1000000,100,6,4,True,Moderate,True
8403_1443,8403,1443,12.967121810995328,77.46901880606623,12.962630255120374,12.971613366870283,77.46440947550121,77.47362813663123,1000,1000000,100,1,1,False,Limited,True
8404_1443,8404,1443,12.967121810995328,77.47823746719624,12.962630255120374,12.971613366870283,77.47362813663123,77.48284679776124,1000,1000000,100,3,2,False,Limited,True
8405_1443,8405,1443,12.967121810995328,77.48745612832626,12.962630255120374,12.971613366870283,77.48284679776124,77.49206545889126,1000,1000000,100,1,1,False,Limited,True
8406_1443,8406,1443,12.967121810995328,77.49667478945626,12.962630255120374,12.971613366870283,77.49206545889126,77.50128412002127,1000,1000000,100,1,1,False,Limited,True
8407_1443,8407,1443,12.967121810995328,77.50589345058627,12.962630255120374,12.971613366870283,77.50128412002127,77.51050278115129,1000,1000000,100,5,3,True,Moderate,True
8408_1443,8408,1443,12.967121810995328,77.51511211171629,12.962630255120374,12.971613366870283,77.51050278115129,77.5197214422813,1000,1000000,100,2,2,False,Limited,True
8409_1443,8409,1443,12.967121810995328,77.5243307728463,12.962630255120374,12.971613366870283,77.5197214422813,77.52894010341132,1000,1000000,100,6,4,True,Moderate,True
8410_1443,8410,1443,12.967121810995328,77.53354943397632,12.962630255120374,12.971613366870283,77.52894010341132,77.53815876454132,1000,1000000,100,6,3,True,Moderate,True
8411_1443,8411,1443,12.967121810995328,77.54276809510633,12.962630255120374,12.971613366870283,77.53815876454132,77.54737742567134,1000,1000000,100,2,2,False,Limited,True
8412_1443,8412,1443,12.967121810995328,77.55198675623635,12.962630255120374,12.971613366870283,77.54737742567134,77.55659608680135,1000,1000000,100,5,3,True,Moderate,True
8413_1443,8413,1443,12.967121810995328,77.56120541736635,12.962630255120374,12.971613366870283,77.55659608680135,77.56581474793137,1000,1000000,100,3,3,True,Moderate,True
8414_1443,8414,1443,12.967121810995328,77.57042407849637,12.962630255120374,12.971613366870283,77.56581474793137,77.57503340906138,1000,1000000,100,0,0,False,Prediction Only,True
8415_1443,8415,1443,12.967121810995328,77.57964273962638,12.962630255120374,12.971613366870283,77.57503340906138,77.5842520701914,1000,1000000,100,3,3,True,Moderate,True
8416_1443,8416,1443,12.967121810995328,77.5888614007564,12.962630255120374,12.971613366870283,77.5842520701914,77.5934707313214,1000,1000000,100,3,3,True,Moderate,True
8417_1443,8417,1443,12.967121810995328,77.5980800618864,12.962630255120374,12.971613366870283,77.5934707313214,77.60268939245141,1000,1000000,100,3,3,True,Moderate,True
8418_1443,8418,1443,12.967121810995328,77.60729872301643,12.962630255120374,12.971613366870283,77.60268939245141,77.61190805358143,1000,1000000,100,2,1,False,Limited,True
8419_1443,8419,1443,12.967121810995328,77.61651738414643,12.962630255120374,12.971613366870283,77.61190805358143,77.62112671471144,1000,1000000,100,3,2,False,Limited,True
8420_1443,8420,1443,12.967121810995328,77.62573604527645,12.962630255120374,12.971613366870283,77.62112671471144,77.63034537584146,1000,1000000,100,3,2,False,Limited,True
8421_1443,8421,1443,12.967121810995328,77.63495470640646,12.962630255120374,12.971613366870283,77.63034537584146,77.63956403697146,1000,1000000,100,2,2,False,Limited,True
8422_1443,8422,1443,12.967121810995328,77.64417336753648,12.962630255120374,12.971613366870283,77.63956403697146,77.64878269810148,1000,1000000,100,1,1,False,Limited,True
8423_1443,8423,1443,12.967121810995328,77.65339202866649,12.962630255120374,12.971613366870283,77.64878269810148,77.65800135923149,1000,1000000,100,5,2,False,Limited,True
8424_1443,8424,1443,12.967121810995328,77.66261068979651,12.962630255120374,12.971613366870283,77.65800135923149,77.66722002036151,1000,1000000,100,0,0,False,Prediction Only,True
8425_1443,8425,1443,12.967121810995328,77.67182935092652,12.962630255120374,12.971613366870283,77.66722002036151,77.67643868149152,1000,1000000,100,2,2,False,Limited,True
8426_1443,8426,1443,12.967121810995328,77.68104801205654,12.962630255120374,12.971613366870283,77.67643868149152,77.68565734262154,1000,1000000,100,3,3,True,Moderate,True
8427_1443,8427,1443,12.967121810995328,77.69026667318654,12.962630255120374,12.971613366870283,77.68565734262154,77.69487600375155,1000,1000000,100,1,1,False,Limited,True
8428_1443,8428,1443,12.967121810995328,77.69948533431655,12.962630255120374,12.971613366870283,77.69487600375155,77.70409466488157,1000,1000000,100,1,1,False,Limited,True
8429_1443,8429,1443,12.967121810995328,77.70870399544657,12.962630255120374,12.971613366870283,77.70409466488157,77.71331332601157,1000,1000000,100,3,2,False,Limited,True
8430_1443,8430,1443,12.967121810995328,77.71792265657658,12.962630255120374,12.971613366870283,77.71331332601157,77.7225319871416,1000,1000000,100,4,4,True,Moderate,True
8431_1443,8431,1443,12.967121810995328,77.7271413177066,12.962630255120374,12.971613366870283,77.7225319871416,77.7317506482716,1000,1000000,100,1,1,False,Limited,True
8432_1443,8432,1443,12.967121810995328,77.7363599788366,12.962630255120374,12.971613366870283,77.7317506482716,77.74096930940162,1000,1000000,100,4,4,True,Moderate,True
8433_1443,8433,1443,12.967121810995328,77.74557863996662,12.962630255120374,12.971613366870283,77.74096930940162,77.75018797053163,1000,1000000,100,2,1,False,Limited,True
8401_1444,8401,1444,12.97610492274524,77.4505814838062,12.971613366870283,12.980596478620194,77.44597215324119,77.4551908143712,1000,1000000,100,2,1,False,Limited,True
8402_1444,8402,1444,12.97610492274524,77.45980014493621,12.971613366870283,12.980596478620194,77.4551908143712,77.46440947550121,1000,1000000,100,6,3,True,Moderate,True
8403_1444,8403,1444,12.97610492274524,77.46901880606623,12.971613366870283,12.980596478620194,77.46440947550121,77.47362813663123,1000,1000000,100,2,1,False,Limited,True
8404_1444,8404,1444,12.97610492274524,77.47823746719624,12.971613366870283,12.980596478620194,77.47362813663123,77.48284679776124,1000,1000000,100,4,3,True,Moderate,True
8405_1444,8405,1444,12.97610492274524,77.48745612832626,12.971613366870283,12.980596478620194,77.48284679776124,77.49206545889126,1000,1000000,100,3,2,False,Limited,True
8406_1444,8406,1444,12.97610492274524,77.49667478945626,12.971613366870283,12.980596478620194,77.49206545889126,77.50128412002127,1000,1000000,100,2,2,False,Limited,True
8407_1444,8407,1444,12.97610492274524,77.50589345058627,12.971613366870283,12.980596478620194,77.50128412002127,77.51050278115129,1000,1000000,100,3,2,False,Limited,True
8408_1444,8408,1444,12.97610492274524,77.51511211171629,12.971613366870283,12.980596478620194,77.51050278115129,77.5197214422813,1000,1000000,100,4,3,True,Moderate,True
8409_1444,8409,1444,12.97610492274524,77.5243307728463,12.971613366870283,12.980596478620194,77.5197214422813,77.52894010341132,1000,1000000,100,0,0,False,Prediction Only,True
8410_1444,8410,1444,12.97610492274524,77.53354943397632,12.971613366870283,12.980596478620194,77.52894010341132,77.53815876454132,1000,1000000,100,6,4,True,Moderate,True
8411_1444,8411,1444,12.97610492274524,77.54276809510633,12.971613366870283,12.980596478620194,77.53815876454132,77.54737742567134,1000,1000000,100,2,2,False,Limited,True
8412_1444,8412,1444,12.97610492274524,77.55198675623635,12.971613366870283,12.980596478620194,77.54737742567134,77.55659608680135,1000,1000000,100,6,4,True,Moderate,True
8413_1444,8413,1444,12.97610492274524,77.56120541736635,12.971613366870283,12.980596478620194,77.55659608680135,77.56581474793137,1000,1000000,100,5,4,True,Moderate,True
8414_1444,8414,1444,12.97610492274524,77.57042407849637,12.971613366870283,12.980596478620194,77.56581474793137,77.57503340906138,1000,1000000,100,1,1,False,Limited,True
8415_1444,8415,1444,12.97610492274524,77.57964273962638,12.971613366870283,12.980596478620194,77.57503340906138,77.5842520701914,1000,1000000,100,3,3,True,Moderate,True
8416_1444,8416,1444,12.97610492274524,77.5888614007564,12.971613366870283,12.980596478620194,77.5842520701914,77.5934707313214,1000,1000000,100,2,2,False,Limited,True
8417_1444,8417,1444,12.97610492274524,77.5980800618864,12.971613366870283,12.980596478620194,77.5934707313214,77.60268939245141,1000,1000000,100,3,2,False,Limited,True
8418_1444,8418,1444,12.97610492274524,77.60729872301643,12.971613366870283,12.980596478620194,77.60268939245141,77.61190805358143,1000,1000000,100,2,2,False,Limited,True
8419_1444,8419,1444,12.97610492274524,77.61651738414643,12.971613366870283,12.980596478620194,77.61190805358143,77.62112671471144,1000,1000000,100,13,6,True,Very High,True
8420_1444,8420,1444,12.97610492274524,77.62573604527645,12.971613366870283,12.980596478620194,77.62112671471144,77.63034537584146,1000,1000000,100,6,4,True,Moderate,True
8421_1444,8421,1444,12.97610492274524,77.63495470640646,12.971613366870283,12.980596478620194,77.63034537584146,77.63956403697146,1000,1000000,100,5,4,True,Moderate,True
8422_1444,8422,1444,12.97610492274524,77.64417336753648,12.971613366870283,12.980596478620194,77.63956403697146,77.64878269810148,1000,1000000,100,5,5,True,High,True
8423_1444,8423,1444,12.97610492274524,77.65339202866649,12.971613366870283,12.980596478620194,77.64878269810148,77.65800135923149,1000,1000000,100,2,2,False,Limited,True
8424_1444,8424,1444,12.97610492274524,77.66261068979651,12.971613366870283,12.980596478620194,77.65800135923149,77.66722002036151,1000,1000000,100,5,3,True,Moderate,True
8425_1444,8425,1444,12.97610492274524,77.67182935092652,12.971613366870283,12.980596478620194,77.66722002036151,77.67643868149152,1000,1000000,100,4,3,True,Moderate,True
8426_1444,8426,1444,12.97610492274524,77.68104801205654,12.971613366870283,12.980596478620194,77.67643868149152,77.68565734262154,1000,1000000,100,4,4,True,Moderate,True
8427_1444,8427,1444,12.97610492274524,77.69026667318654,12.971613366870283,12.980596478620194,77.68565734262154,77.69487600375155,1000,1000000,100,4,3,True,Moderate,True
8428_1444,8428,1444,12.97610492274524,77.69948533431655,12.971613366870283,12.980596478620194,77.69487600375155,77.70409466488157,1000,1000000,100,2,2,False,Limited,True
8429_1444,8429,1444,12.97610492274524,77.70870399544657,12.971613366870283,12.980596478620194,77.70409466488157,77.71331332601157,1000,1000000,100,2,2,False,Limited,True
8430_1444,8430,1444,12.97610492274524,77.71792265657658,12.971613366870283,12.980596478620194,77.71331332601157,77.7225319871416,1000,1000000,100,4,3,True,Moderate,True
8431_1444,8431,1444,12.97610492274524,77.7271413177066,12.971613366870283,12.980596478620194,77.7225319871416,77.7317506482716,1000,1000000,100,5,4,True,Moderate,True
8432_1444,8432,1444,12.97610492274524,77.7363599788366,12.971613366870283,12.980596478620194,77.7317506482716,77.74096930940162,1000,1000000,100,1,1,False,Limited,True
8433_1444,8433,1444,12.97610492274524,77.74557863996662,12.971613366870283,12.980596478620194,77.74096930940162,77.75018797053163,1000,1000000,100,0,0,False,Prediction Only,True
8401_1445,8401,1445,12.98508803449515,77.4505814838062,12.980596478620194,12.989579590370104,77.44597215324119,77.4551908143712,1000,1000000,100,2,2,False,Limited,True
8402_1445,8402,1445,12.98508803449515,77.45980014493621,12.980596478620194,12.989579590370104,77.4551908143712,77.46440947550121,1000,1000000,100,5,4,True,Moderate,True
8403_1445,8403,1445,12.98508803449515,77.46901880606623,12.980596478620194,12.989579590370104,77.46440947550121,77.47362813663123,1000,1000000,100,6,4,True,Moderate,True
8404_1445,8404,1445,12.98508803449515,77.47823746719624,12.980596478620194,12.989579590370104,77.47362813663123,77.48284679776124,1000,1000000,100,6,5,True,High,True
8405_1445,8405,1445,12.98508803449515,77.48745612832626,12.980596478620194,12.989579590370104,77.48284679776124,77.49206545889126,1000,1000000,100,4,2,False,Limited,True
8406_1445,8406,1445,12.98508803449515,77.49667478945626,12.980596478620194,12.989579590370104,77.49206545889126,77.50128412002127,1000,1000000,100,2,1,False,Limited,True
8407_1445,8407,1445,12.98508803449515,77.50589345058627,12.980596478620194,12.989579590370104,77.50128412002127,77.51050278115129,1000,1000000,100,2,2,False,Limited,True
8408_1445,8408,1445,12.98508803449515,77.51511211171629,12.980596478620194,12.989579590370104,77.51050278115129,77.5197214422813,1000,1000000,100,1,1,False,Limited,True
8409_1445,8409,1445,12.98508803449515,77.5243307728463,12.980596478620194,12.989579590370104,77.5197214422813,77.52894010341132,1000,1000000,100,0,0,False,Prediction Only,True
8410_1445,8410,1445,12.98508803449515,77.53354943397632,12.980596478620194,12.989579590370104,77.52894010341132,77.53815876454132,1000,1000000,100,4,4,True,Moderate,True
8411_1445,8411,1445,12.98508803449515,77.54276809510633,12.980596478620194,12.989579590370104,77.53815876454132,77.54737742567134,1000,1000000,100,2,2,False,Limited,True
8412_1445,8412,1445,12.98508803449515,77.55198675623635,12.980596478620194,12.989579590370104,77.54737742567134,77.55659608680135,1000,1000000,100,3,3,True,Moderate,True
8413_1445,8413,1445,12.98508803449515,77.56120541736635,12.980596478620194,12.989579590370104,77.55659608680135,77.56581474793137,1000,1000000,100,5,4,True,Moderate,True
8414_1445,8414,1445,12.98508803449515,77.57042407849637,12.980596478620194,12.989579590370104,77.56581474793137,77.57503340906138,1000,1000000,100,3,2,False,Limited,True
8415_1445,8415,1445,12.98508803449515,77.57964273962638,12.980596478620194,12.989579590370104,77.57503340906138,77.5842520701914,1000,1000000,100,5,3,True,Moderate,True
8416_1445,8416,1445,12.98508803449515,77.5888614007564,12.980596478620194,12.989579590370104,77.5842520701914,77.5934707313214,1000,1000000,100,3,2,False,Limited,True
8417_1445,8417,1445,12.98508803449515,77.5980800618864,12.980596478620194,12.989579590370104,77.5934707313214,77.60268939245141,1000,1000000,100,9,4,True,Moderate,True
8418_1445,8418,1445,12.98508803449515,77.60729872301643,12.980596478620194,12.989579590370104,77.60268939245141,77.61190805358143,1000,1000000,100,3,2,False,Limited,True
8419_1445,8419,1445,12.98508803449515,77.61651738414643,12.980596478620194,12.989579590370104,77.61190805358143,77.62112671471144,1000,1000000,100,8,5,True,High,True
8420_1445,8420,1445,12.98508803449515,77.62573604527645,12.980596478620194,12.989579590370104,77.62112671471144,77.63034537584146,1000,1000000,100,2,1,False,Limited,True
8421_1445,8421,1445,12.98508803449515,77.63495470640646,12.980596478620194,12.989579590370104,77.63034537584146,77.63956403697146,1000,1000000,100,1,1,False,Limited,True
8422_1445,8422,1445,12.98508803449515,77.64417336753648,12.980596478620194,12.989579590370104,77.63956403697146,77.64878269810148,1000,1000000,100,3,2,False,Limited,True
8423_1445,8423,1445,12.98508803449515,77.65339202866649,12.980596478620194,12.989579590370104,77.64878269810148,77.65800135923149,1000,1000000,100,4,4,True,Moderate,True
8424_1445,8424,1445,12.98508803449515,77.66261068979651,12.980596478620194,12.989579590370104,77.65800135923149,77.66722002036151,1000,1000000,100,4,2,False,Limited,True
8425_1445,8425,1445,12.98508803449515,77.67182935092652,12.980596478620194,12.989579590370104,77.66722002036151,77.67643868149152,1000,1000000,100,3,3,True,Moderate,True
8426_1445,8426,1445,12.98508803449515,77.68104801205654,12.980596478620194,12.989579590370104,77.67643868149152,77.68565734262154,1000,1000000,100,5,4,True,Moderate,True
8427_1445,8427,1445,12.98508803449515,77.69026667318654,12.980596478620194,12.989579590370104,77.68565734262154,77.69487600375155,1000,1000000,100,7,5,True,High,True
8428_1445,8428,1445,12.98508803449515,77.69948533431655,12.980596478620194,12.989579590370104,77.69487600375155,77.70409466488157,1000,1000000,100,5,3,True,Moderate,True
8429_1445,8429,1445,12.98508803449515,77.70870399544657,12.980596478620194,12.989579590370104,77.70409466488157,77.71331332601157,1000,1000000,100,6,5,True,High,True
8430_1445,8430,1445,12.98508803449515,77.71792265657658,12.980596478620194,12.989579590370104,77.71331332601157,77.7225319871416,1000,1000000,100,1,1,False,Limited,True
8431_1445,8431,1445,12.98508803449515,77.7271413177066,12.980596478620194,12.989579590370104,77.7225319871416,77.7317506482716,1000,1000000,100,5,3,True,Moderate,True
8432_1445,8432,1445,12.98508803449515,77.7363599788366,12.980596478620194,12.989579590370104,77.7317506482716,77.74096930940162,1000,1000000,100,3,3,True,Moderate,True
8433_1445,8433,1445,12.98508803449515,77.74557863996662,12.980596478620194,12.989579590370104,77.74096930940162,77.75018797053163,1000,1000000,100,1,1,False,Limited,True
8401_1446,8401,1446,12.994071146245059,77.4505814838062,12.989579590370104,12.998562702120015,77.44597215324119,77.4551908143712,1000,1000000,100,2,2,False,Limited,True
8402_1446,8402,1446,12.994071146245059,77.45980014493621,12.989579590370104,12.998562702120015,77.4551908143712,77.46440947550121,1000,1000000,100,5,4,True,Moderate,True
8403_1446,8403,1446,12.994071146245059,77.46901880606623,12.989579590370104,12.998562702120015,77.46440947550121,77.47362813663123,1000,1000000,100,4,4,True,Moderate,True
8404_1446,8404,1446,12.994071146245059,77.47823746719624,12.989579590370104,12.998562702120015,77.47362813663123,77.48284679776124,1000,1000000,100,3,3,True,Moderate,True
8405_1446,8405,1446,12.994071146245059,77.48745612832626,12.989579590370104,12.998562702120015,77.48284679776124,77.49206545889126,1000,1000000,100,4,2,False,Limited,True
8406_1446,8406,1446,12.994071146245059,77.49667478945626,12.989579590370104,12.998562702120015,77.49206545889126,77.50128412002127,1000,1000000,100,6,5,True,High,True
8407_1446,8407,1446,12.994071146245059,77.50589345058627,12.989579590370104,12.998562702120015,77.50128412002127,77.51050278115129,1000,1000000,100,3,2,False,Limited,True
8408_1446,8408,1446,12.994071146245059,77.51511211171629,12.989579590370104,12.998562702120015,77.51050278115129,77.5197214422813,1000,1000000,100,1,1,False,Limited,True
8409_1446,8409,1446,12.994071146245059,77.5243307728463,12.989579590370104,12.998562702120015,77.5197214422813,77.52894010341132,1000,1000000,100,3,3,True,Moderate,True
8410_1446,8410,1446,12.994071146245059,77.53354943397632,12.989579590370104,12.998562702120015,77.52894010341132,77.53815876454132,1000,1000000,100,5,4,True,Moderate,True
8411_1446,8411,1446,12.994071146245059,77.54276809510633,12.989579590370104,12.998562702120015,77.53815876454132,77.54737742567134,1000,1000000,100,2,2,False,Limited,True
8412_1446,8412,1446,12.994071146245059,77.55198675623635,12.989579590370104,12.998562702120015,77.54737742567134,77.55659608680135,1000,1000000,100,6,6,True,Very High,True
8413_1446,8413,1446,12.994071146245059,77.56120541736635,12.989579590370104,12.998562702120015,77.55659608680135,77.56581474793137,1000,1000000,100,2,2,False,Limited,True
8414_1446,8414,1446,12.994071146245059,77.57042407849637,12.989579590370104,12.998562702120015,77.56581474793137,77.57503340906138,1000,1000000,100,6,5,True,High,True
8415_1446,8415,1446,12.994071146245059,77.57964273962638,12.989579590370104,12.998562702120015,77.57503340906138,77.5842520701914,1000,1000000,100,2,2,False,Limited,True
8416_1446,8416,1446,12.994071146245059,77.5888614007564,12.989579590370104,12.998562702120015,77.5842520701914,77.5934707313214,1000,1000000,100,3,3,True,Moderate,True
8417_1446,8417,1446,12.994071146245059,77.5980800618864,12.989579590370104,12.998562702120015,77.5934707313214,77.60268939245141,1000,1000000,100,3,3,True,Moderate,True
8418_1446,8418,1446,12.994071146245059,77.60729872301643,12.989579590370104,12.998562702120015,77.60268939245141,77.61190805358143,1000,1000000,100,7,5,True,High,True
8419_1446,8419,1446,12.994071146245059,77.61651738414643,12.989579590370104,12.998562702120015,77.61190805358143,77.62112671471144,1000,1000000,100,7,4,True,Moderate,True
8420_1446,8420,1446,12.994071146245059,77.62573604527645,12.989579590370104,12.998562702120015,77.62112671471144,77.63034537584146,1000,1000000,100,5,3,True,Moderate,True
8421_1446,8421,1446,12.994071146245059,77.63495470640646,12.989579590370104,12.998562702120015,77.63034537584146,77.63956403697146,1000,1000000,100,3,3,True,Moderate,True
8422_1446,8422,1446,12.994071146245059,77.64417336753648,12.989579590370104,12.998562702120015,77.63956403697146,77.64878269810148,1000,1000000,100,3,3,True,Moderate,True
8423_1446,8423,1446,12.994071146245059,77.65339202866649,12.989579590370104,12.998562702120015,77.64878269810148,77.65800135923149,1000,1000000,100,2,2,False,Limited,True
8424_1446,8424,1446,12.994071146245059,77.66261068979651,12.989579590370104,12.998562702120015,77.65800135923149,77.66722002036151,1000,1000000,100,2,1,False,Limited,True
8425_1446,8425,1446,12.994071146245059,77.67182935092652,12.989579590370104,12.998562702120015,77.66722002036151,77.67643868149152,1000,1000000,100,2,1,False,Limited,True
8426_1446,8426,1446,12.994071146245059,77.68104801205654,12.989579590370104,12.998562702120015,77.67643868149152,77.68565734262154,1000,1000000,100,3,3,True,Moderate,True
8427_1446,8427,1446,12.994071146245059,77.69026667318654,12.989579590370104,12.998562702120015,77.68565734262154,77.69487600375155,1000,1000000,100,5,4,True,Moderate,True
8428_1446,8428,1446,12.994071146245059,77.69948533431655,12.989579590370104,12.998562702120015,77.69487600375155,77.70409466488157,1000,1000000,100,1,1,False,Limited,True
8429_1446,8429,1446,12.994071146245059,77.70870399544657,12.989579590370104,12.998562702120015,77.70409466488157,77.71331332601157,1000,1000000,100,4,4,True,Moderate,True
8430_1446,8430,1446,12.994071146245059,77.71792265657658,12.989579590370104,12.998562702120015,77.71331332601157,77.7225319871416,1000,1000000,100,6,5,True,High,True
8431_1446,8431,1446,12.994071146245059,77.7271413177066,12.989579590370104,12.998562702120015,77.7225319871416,77.7317506482716,1000,1000000,100,2,2,False,Limited,True
8432_1446,8432,1446,12.994071146245059,77.7363599788366,12.989579590370104,12.998562702120015,77.7317506482716,77.74096930940162,1000,1000000,100,2,2,False,Limited,True
8433_1446,8433,1446,12.994071146245059,77.74557863996662,12.989579590370104,12.998562702120015,77.74096930940162,77.75018797053163,1000,1000000,100,3,2,False,Limited,True
8401_1447,8401,1447,13.00305425799497,77.4505814838062,12.998562702120015,13.007545813869925,77.44597215324119,77.4551908143712,1000,1000000,100,2,2,False,Limited,True
8402_1447,8402,1447,13.00305425799497,77.45980014493621,12.998562702120015,13.007545813869925,77.4551908143712,77.46440947550121,1000,1000000,100,0,0,False,Prediction Only,True
8403_1447,8403,1447,13.00305425799497,77.46901880606623,12.998562702120015,13.007545813869925,77.46440947550121,77.47362813663123,1000,1000000,100,5,5,True,High,True
8404_1447,8404,1447,13.00305425799497,77.47823746719624,12.998562702120015,13.007545813869925,77.47362813663123,77.48284679776124,1000,1000000,100,6,4,True,Moderate,True
8405_1447,8405,1447,13.00305425799497,77.48745612832626,12.998562702120015,13.007545813869925,77.48284679776124,77.49206545889126,1000,1000000,100,4,3,True,Moderate,True
8406_1447,8406,1447,13.00305425799497,77.49667478945626,12.998562702120015,13.007545813869925,77.49206545889126,77.50128412002127,1000,1000000,100,3,3,True,Moderate,True
8407_1447,8407,1447,13.00305425799497,77.50589345058627,12.998562702120015,13.007545813869925,77.50128412002127,77.51050278115129,1000,1000000,100,1,1,False,Limited,True
8408_1447,8408,1447,13.00305425799497,77.51511211171629,12.998562702120015,13.007545813869925,77.51050278115129,77.5197214422813,1000,1000000,100,7,4,True,Moderate,True
8409_1447,8409,1447,13.00305425799497,77.5243307728463,12.998562702120015,13.007545813869925,77.5197214422813,77.52894010341132,1000,1000000,100,3,2,False,Limited,True
8410_1447,8410,1447,13.00305425799497,77.53354943397632,12.998562702120015,13.007545813869925,77.52894010341132,77.53815876454132,1000,1000000,100,8,6,True,Very High,True
8411_1447,8411,1447,13.00305425799497,77.54276809510633,12.998562702120015,13.007545813869925,77.53815876454132,77.54737742567134,1000,1000000,100,2,1,False,Limited,True
8412_1447,8412,1447,13.00305425799497,77.55198675623635,12.998562702120015,13.007545813869925,77.54737742567134,77.55659608680135,1000,1000000,100,5,4,True,Moderate,True
8413_1447,8413,1447,13.00305425799497,77.56120541736635,12.998562702120015,13.007545813869925,77.55659608680135,77.56581474793137,1000,1000000,100,4,3,True,Moderate,True
8414_1447,8414,1447,13.00305425799497,77.57042407849637,12.998562702120015,13.007545813869925,77.56581474793137,77.57503340906138,1000,1000000,100,4,2,False,Limited,True
8415_1447,8415,1447,13.00305425799497,77.57964273962638,12.998562702120015,13.007545813869925,77.57503340906138,77.5842520701914,1000,1000000,100,1,1,False,Limited,True
8416_1447,8416,1447,13.00305425799497,77.5888614007564,12.998562702120015,13.007545813869925,77.5842520701914,77.5934707313214,1000,1000000,100,5,4,True,Moderate,True
8417_1447,8417,1447,13.00305425799497,77.5980800618864,12.998562702120015,13.007545813869925,77.5934707313214,77.60268939245141,1000,1000000,100,6,3,True,Moderate,True
8418_1447,8418,1447,13.00305425799497,77.60729872301643,12.998562702120015,13.007545813869925,77.60268939245141,77.61190805358143,1000,1000000,100,3,3,True,Moderate,True
8419_1447,8419,1447,13.00305425799497,77.61651738414643,12.998562702120015,13.007545813869925,77.61190805358143,77.62112671471144,1000,1000000,100,4,4,True,Moderate,True
8420_1447,8420,1447,13.00305425799497,77.62573604527645,12.998562702120015,13.007545813869925,77.62112671471144,77.63034537584146,1000,1000000,100,2,1,False,Limited,True
8421_1447,8421,1447,13.00305425799497,77.63495470640646,12.998562702120015,13.007545813869925,77.63034537584146,77.63956403697146,1000,1000000,100,2,2,False,Limited,True
8422_1447,8422,1447,13.00305425799497,77.64417336753648,12.998562702120015,13.007545813869925,77.63956403697146,77.64878269810148,1000,1000000,100,3,3,True,Moderate,True
8423_1447,8423,1447,13.00305425799497,77.65339202866649,12.998562702120015,13.007545813869925,77.64878269810148,77.65800135923149,1000,1000000,100,6,4,True,Moderate,True
8424_1447,8424,1447,13.00305425799497,77.66261068979651,12.998562702120015,13.007545813869925,77.65800135923149,77.66722002036151,1000,1000000,100,5,3,True,Moderate,True
8425_1447,8425,1447,13.00305425799497,77.67182935092652,12.998562702120015,13.007545813869925,77.66722002036151,77.67643868149152,1000,1000000,100,6,5,True,High,True
8426_1447,8426,1447,13.00305425799497,77.68104801205654,12.998562702120015,13.007545813869925,77.67643868149152,77.68565734262154,1000,1000000,100,5,5,True,High,True
8427_1447,8427,1447,13.00305425799497,77.69026667318654,12.998562702120015,13.007545813869925,77.68565734262154,77.69487600375155,1000,1000000,100,2,2,False,Limited,True
8428_1447,8428,1447,13.00305425799497,77.69948533431655,12.998562702120015,13.007545813869925,77.69487600375155,77.70409466488157,1000,1000000,100,4,4,True,Moderate,True
8429_1447,8429,1447,13.00305425799497,77.70870399544657,12.998562702120015,13.007545813869925,77.70409466488157,77.71331332601157,1000,1000000,100,3,3,True,Moderate,True
8430_1447,8430,1447,13.00305425799497,77.71792265657658,12.998562702120015,13.007545813869925,77.71331332601157,77.7225319871416,1000,1000000,100,2,1,False,Limited,True
8431_1447,8431,1447,13.00305425799497,77.7271413177066,12.998562702120015,13.007545813869925,77.7225319871416,77.7317506482716,1000,1000000,100,3,3,True,Moderate,True
8432_1447,8432,1447,13.00305425799497,77.7363599788366,12.998562702120015,13.007545813869925,77.7317506482716,77.74096930940162,1000,1000000,100,3,3,True,Moderate,True
8433_1447,8433,1447,13.00305425799497,77.74557863996662,12.998562702120015,13.007545813869925,77.74096930940162,77.75018797053163,1000,1000000,100,3,3,True,Moderate,True
8401_1448,8401,1448,13.01203736974488,77.4505814838062,13.007545813869925,13.016528925619834,77.44597215324119,77.4551908143712,1000,1000000,100,5,4,True,Moderate,True
8402_1448,8402,1448,13.01203736974488,77.45980014493621,13.007545813869925,13.016528925619834,77.4551908143712,77.46440947550121,1000,1000000,100,4,4,True,Moderate,True
8403_1448,8403,1448,13.01203736974488,77.46901880606623,13.007545813869925,13.016528925619834,77.46440947550121,77.47362813663123,1000,1000000,100,5,4,True,Moderate,True
8404_1448,8404,1448,13.01203736974488,77.47823746719624,13.007545813869925,13.016528925619834,77.47362813663123,77.48284679776124,1000,1000000,100,0,0,False,Prediction Only,True
8405_1448,8405,1448,13.01203736974488,77.48745612832626,13.007545813869925,13.016528925619834,77.48284679776124,77.49206545889126,1000,1000000,100,2,2,False,Limited,True
8406_1448,8406,1448,13.01203736974488,77.49667478945626,13.007545813869925,13.016528925619834,77.49206545889126,77.50128412002127,1000,1000000,100,5,4,True,Moderate,True
8407_1448,8407,1448,13.01203736974488,77.50589345058627,13.007545813869925,13.016528925619834,77.50128412002127,77.51050278115129,1000,1000000,100,2,2,False,Limited,True
8408_1448,8408,1448,13.01203736974488,77.51511211171629,13.007545813869925,13.016528925619834,77.51050278115129,77.5197214422813,1000,1000000,100,3,3,True,Moderate,True
8409_1448,8409,1448,13.01203736974488,77.5243307728463,13.007545813869925,13.016528925619834,77.5197214422813,77.52894010341132,1000,1000000,100,2,2,False,Limited,True
8410_1448,8410,1448,13.01203736974488,77.53354943397632,13.007545813869925,13.016528925619834,77.52894010341132,77.53815876454132,1000,1000000,100,2,2,False,Limited,True
8411_1448,8411,1448,13.01203736974488,77.54276809510633,13.007545813869925,13.016528925619834,77.53815876454132,77.54737742567134,1000,1000000,100,5,4,True,Moderate,True
8412_1448,8412,1448,13.01203736974488,77.55198675623635,13.007545813869925,13.016528925619834,77.54737742567134,77.55659608680135,1000,1000000,100,6,4,True,Moderate,True
8413_1448,8413,1448,13.01203736974488,77.56120541736635,13.007545813869925,13.016528925619834,77.55659608680135,77.56581474793137,1000,1000000,100,4,1,False,Limited,True
8414_1448,8414,1448,13.01203736974488,77.57042407849637,13.007545813869925,13.016528925619834,77.56581474793137,77.57503340906138,1000,1000000,100,3,3,True,Moderate,True
8415_1448,8415,1448,13.01203736974488,77.57964273962638,13.007545813869925,13.016528925619834,77.57503340906138,77.5842520701914,1000,1000000,100,1,1,False,Limited,True
8416_1448,8416,1448,13.01203736974488,77.5888614007564,13.007545813869925,13.016528925619834,77.5842520701914,77.5934707313214,1000,1000000,100,8,3,True,Moderate,True
8417_1448,8417,1448,13.01203736974488,77.5980800618864,13.007545813869925,13.016528925619834,77.5934707313214,77.60268939245141,1000,1000000,100,1,1,False,Limited,True
8418_1448,8418,1448,13.01203736974488,77.60729872301643,13.007545813869925,13.016528925619834,77.60268939245141,77.61190805358143,1000,1000000,100,1,1,False,Limited,True
8419_1448,8419,1448,13.01203736974488,77.61651738414643,13.007545813869925,13.016528925619834,77.61190805358143,77.62112671471144,1000,1000000,100,5,4,True,Moderate,True
8420_1448,8420,1448,13.01203736974488,77.62573604527645,13.007545813869925,13.016528925619834,77.62112671471144,77.63034537584146,1000,1000000,100,3,3,True,Moderate,True
8421_1448,8421,1448,13.01203736974488,77.63495470640646,13.007545813869925,13.016528925619834,77.63034537584146,77.63956403697146,1000,1000000,100,2,2,False,Limited,True
8422_1448,8422,1448,13.01203736974488,77.64417336753648,13.007545813869925,13.016528925619834,77.63956403697146,77.64878269810148,1000,1000000,100,1,1,False,Limited,True
8423_1448,8423,1448,13.01203736974488,77.65339202866649,13.007545813869925,13.016528925619834,77.64878269810148,77.65800135923149,1000,1000000,100,4,3,True,Moderate,True
8424_1448,8424,1448,13.01203736974488,77.66261068979651,13.007545813869925,13.016528925619834,77.65800135923149,77.66722002036151,1000,1000000,100,3,2,False,Limited,True
8425_1448,8425,1448,13.01203736974488,77.67182935092652,13.007545813869925,13.016528925619834,77.66722002036151,77.67643868149152,1000,1000000,100,4,3,True,Moderate,True
8426_1448,8426,1448,13.01203736974488,77.68104801205654,13.007545813869925,13.016528925619834,77.67643868149152,77.68565734262154,1000,1000000,100,1,1,False,Limited,True
8427_1448,8427,1448,13.01203736974488,77.69026667318654,13.007545813869925,13.016528925619834,77.68565734262154,77.69487600375155,1000,1000000,100,2,2,False,Limited,True
8428_1448,8428,1448,13.01203736974488,77.69948533431655,13.007545813869925,13.016528925619834,77.69487600375155,77.70409466488157,1000,1000000,100,7,5,True,High,True
8429_1448,8429,1448,13.01203736974488,77.70870399544657,13.007545813869925,13.016528925619834,77.70409466488157,77.71331332601157,1000,1000000,100,3,2,False,Limited,True
8430_1448,8430,1448,13.01203736974488,77.71792265657658,13.007545813869925,13.016528925619834,77.71331332601157,77.7225319871416,1000,1000000,100,8,4,True,Moderate,True
8431_1448,8431,1448,13.01203736974488,77.7271413177066,13.007545813869925,13.016528925619834,77.7225319871416,77.7317506482716,1000,1000000,100,3,3,True,Moderate,True
8432_1448,8432,1448,13.01203736974488,77.7363599788366,13.007545813869925,13.016528925619834,77.7317506482716,77.74096930940162,1000,1000000,100,3,3,True,Moderate,True
8433_1448,8433,1448,13.01203736974488,77.74557863996662,13.007545813869925,13.016528925619834,77.74096930940162,77.75018797053163,1000,1000000,100,1,1,False,Limited,True
8401_1449,8401,1449,13.021020481494789,77.4505814838062,13.016528925619834,13.025512037369745,77.44597215324119,77.4551908143712,1000,1000000,100,2,2,False,Limited,True
8402_1449,8402,1449,13.021020481494789,77.45980014493621,13.016528925619834,13.025512037369745,77.4551908143712,77.46440947550121,1000,1000000,100,3,2,False,Limited,True
8403_1449,8403,1449,13.021020481494789,77.46901880606623,13.016528925619834,13.025512037369745,77.46440947550121,77.47362813663123,1000,1000000,100,4,2,False,Limited,True
8404_1449,8404,1449,13.021020481494789,77.47823746719624,13.016528925619834,13.025512037369745,77.47362813663123,77.48284679776124,1000,1000000,100,3,2,False,Limited,True
8405_1449,8405,1449,13.021020481494789,77.48745612832626,13.016528925619834,13.025512037369745,77.48284679776124,77.49206545889126,1000,1000000,100,2,2,False,Limited,True
8406_1449,8406,1449,13.021020481494789,77.49667478945626,13.016528925619834,13.025512037369745,77.49206545889126,77.50128412002127,1000,1000000,100,0,0,False,Prediction Only,True
8407_1449,8407,1449,13.021020481494789,77.50589345058627,13.016528925619834,13.025512037369745,77.50128412002127,77.51050278115129,1000,1000000,100,6,4,True,Moderate,True
8408_1449,8408,1449,13.021020481494789,77.51511211171629,13.016528925619834,13.025512037369745,77.51050278115129,77.5197214422813,1000,1000000,100,1,1,False,Limited,True
8409_1449,8409,1449,13.021020481494789,77.5243307728463,13.016528925619834,13.025512037369745,77.5197214422813,77.52894010341132,1000,1000000,100,6,4,True,Moderate,True
8410_1449,8410,1449,13.021020481494789,77.53354943397632,13.016528925619834,13.025512037369745,77.52894010341132,77.53815876454132,1000,1000000,100,2,2,False,Limited,True
8411_1449,8411,1449,13.021020481494789,77.54276809510633,13.016528925619834,13.025512037369745,77.53815876454132,77.54737742567134,1000,1000000,100,6,5,True,High,True
8412_1449,8412,1449,13.021020481494789,77.55198675623635,13.016528925619834,13.025512037369745,77.54737742567134,77.55659608680135,1000,1000000,100,3,2,False,Limited,True
8413_1449,8413,1449,13.021020481494789,77.56120541736635,13.016528925619834,13.025512037369745,77.55659608680135,77.56581474793137,1000,1000000,100,4,4,True,Moderate,True
8414_1449,8414,1449,13.021020481494789,77.57042407849637,13.016528925619834,13.025512037369745,77.56581474793137,77.57503340906138,1000,1000000,100,2,2,False,Limited,True
8415_1449,8415,1449,13.021020481494789,77.57964273962638,13.016528925619834,13.025512037369745,77.57503340906138,77.5842520701914,1000,1000000,100,6,5,True,High,True
8416_1449,8416,1449,13.021020481494789,77.5888614007564,13.016528925619834,13.025512037369745,77.5842520701914,77.5934707313214,1000,1000000,100,6,5,True,High,True
8417_1449,8417,1449,13.021020481494789,77.5980800618864,13.016528925619834,13.025512037369745,77.5934707313214,77.60268939245141,1000,1000000,100,5,5,True,High,True
8418_1449,8418,1449,13.021020481494789,77.60729872301643,13.016528925619834,13.025512037369745,77.60268939245141,77.61190805358143,1000,1000000,100,6,5,True,High,True
8419_1449,8419,1449,13.021020481494789,77.61651738414643,13.016528925619834,13.025512037369745,77.61190805358143,77.62112671471144,1000,1000000,100,1,1,False,Limited,True
8420_1449,8420,1449,13.021020481494789,77.62573604527645,13.016528925619834,13.025512037369745,77.62112671471144,77.63034537584146,1000,1000000,100,5,4,True,Moderate,True
8421_1449,8421,1449,13.021020481494789,77.63495470640646,13.016528925619834,13.025512037369745,77.63034537584146,77.63956403697146,1000,1000000,100,1,1,False,Limited,True
8422_1449,8422,1449,13.021020481494789,77.64417336753648,13.016528925619834,13.025512037369745,77.63956403697146,77.64878269810148,1000,1000000,100,3,2,False,Limited,True
8423_1449,8423,1449,13.021020481494789,77.65339202866649,13.016528925619834,13.025512037369745,77.64878269810148,77.65800135923149,1000,1000000,100,6,5,True,High,True
8424_1449,8424,1449,13.021020481494789,77.66261068979651,13.016528925619834,13.025512037369745,77.65800135923149,77.66722002036151,1000,1000000,100,5,4,True,Moderate,True
8425_1449,8425,1449,13.021020481494789,77.67182935092652,13.016528925619834,13.025512037369745,77.66722002036151,77.67643868149152,1000,1000000,100,2,2,False,Limited,True
8426_1449,8426,1449,13.021020481494789,77.68104801205654,13.016528925619834,13.025512037369745,77.67643868149152,77.68565734262154,1000,1000000,100,1,1,False,Limited,True
8427_1449,8427,1449,13.021020481494789,77.69026667318654,13.016528925619834,13.025512037369745,77.68565734262154,77.69487600375155,1000,1000000,100,5,4,True,Moderate,True
8428_1449,8428,1449,13.021020481494789,77.69948533431655,13.016528925619834,13.025512037369745,77.69487600375155,77.70409466488157,1000,1000000,100,4,3,True,Moderate,True
8429_1449,8429,1449,13.021020481494789,77.70870399544657,13.016528925619834,13.025512037369745,77.70409466488157,77.71331332601157,1000,1000000,100,8,5,True,High,True
8430_1449,8430,1449,13.021020481494789,77.71792265657658,13.016528925619834,13.025512037369745,77.71331332601157,77.7225319871416,1000,1000000,100,5,5,True,High,True
8431_1449,8431,1449,13.021020481494789,77.7271413177066,13.016528925619834,13.025512037369745,77.7225319871416,77.7317506482716,1000,1000000,100,10,4,True,Moderate,True
8432_1449,8432,1449,13.021020481494789,77.7363599788366,13.016528925619834,13.025512037369745,77.7317506482716,77.74096930940162,1000,1000000,100,11,7,True,Very High,True
8433_1449,8433,1449,13.021020481494789,77.74557863996662,13.016528925619834,13.025512037369745,77.74096930940162,77.75018797053163,1000,1000000,100,3,2,False,Limited,True
8401_1450,8401,1450,13.0300035932447,77.4505814838062,13.025512037369745,13.034495149119655,77.44597215324119,77.4551908143712,1000,1000000,100,3,3,True,Moderate,True
8402_1450,8402,1450,13.0300035932447,77.45980014493621,13.025512037369745,13.034495149119655,77.4551908143712,77.46440947550121,1000,1000000,100,2,1,False,Limited,True
8403_1450,8403,1450,13.0300035932447,77.46901880606623,13.025512037369745,13.034495149119655,77.46440947550121,77.47362813663123,1000,1000000,100,1,1,False,Limited,True
8404_1450,8404,1450,13.0300035932447,77.47823746719624,13.025512037369745,13.034495149119655,77.47362813663123,77.48284679776124,1000,1000000,100,5,3,True,Moderate,True
8405_1450,8405,1450,13.0300035932447,77.48745612832626,13.025512037369745,13.034495149119655,77.48284679776124,77.49206545889126,1000,1000000,100,1,1,False,Limited,True
8406_1450,8406,1450,13.0300035932447,77.49667478945626,13.025512037369745,13.034495149119655,77.49206545889126,77.50128412002127,1000,1000000,100,2,2,False,Limited,True
8407_1450,8407,1450,13.0300035932447,77.50589345058627,13.025512037369745,13.034495149119655,77.50128412002127,77.51050278115129,1000,1000000,100,6,4,True,Moderate,True
8408_1450,8408,1450,13.0300035932447,77.51511211171629,13.025512037369745,13.034495149119655,77.51050278115129,77.5197214422813,1000,1000000,100,6,4,True,Moderate,True
8409_1450,8409,1450,13.0300035932447,77.5243307728463,13.025512037369745,13.034495149119655,77.5197214422813,77.52894010341132,1000,1000000,100,6,5,True,High,True
8410_1450,8410,1450,13.0300035932447,77.53354943397632,13.025512037369745,13.034495149119655,77.52894010341132,77.53815876454132,1000,1000000,100,1,1,False,Limited,True
8411_1450,8411,1450,13.0300035932447,77.54276809510633,13.025512037369745,13.034495149119655,77.53815876454132,77.54737742567134,1000,1000000,100,1,1,False,Limited,True
8412_1450,8412,1450,13.0300035932447,77.55198675623635,13.025512037369745,13.034495149119655,77.54737742567134,77.55659608680135,1000,1000000,100,4,4,True,Moderate,True
8413_1450,8413,1450,13.0300035932447,77.56120541736635,13.025512037369745,13.034495149119655,77.55659608680135,77.56581474793137,1000,1000000,100,5,4,True,Moderate,True
8414_1450,8414,1450,13.0300035932447,77.57042407849637,13.025512037369745,13.034495149119655,77.56581474793137,77.57503340906138,1000,1000000,100,5,2,False,Limited,True
8415_1450,8415,1450,13.0300035932447,77.57964273962638,13.025512037369745,13.034495149119655,77.57503340906138,77.5842520701914,1000,1000000,100,1,1,False,Limited,True
8416_1450,8416,1450,13.0300035932447,77.5888614007564,13.025512037369745,13.034495149119655,77.5842520701914,77.5934707313214,1000,1000000,100,1,1,False,Limited,True
8417_1450,8417,1450,13.0300035932447,77.5980800618864,13.025512037369745,13.034495149119655,77.5934707313214,77.60268939245141,1000,1000000,100,6,4,True,Moderate,True
8418_1450,8418,1450,13.0300035932447,77.60729872301643,13.025512037369745,13.034495149119655,77.60268939245141,77.61190805358143,1000,1000000,100,4,4,True,Moderate,True
8419_1450,8419,1450,13.0300035932447,77.61651738414643,13.025512037369745,13.034495149119655,77.61190805358143,77.62112671471144,1000,1000000,100,4,4,True,Moderate,True
8420_1450,8420,1450,13.0300035932447,77.62573604527645,13.025512037369745,13.034495149119655,77.62112671471144,77.63034537584146,1000,1000000,100,7,4,True,Moderate,True
8421_1450,8421,1450,13.0300035932447,77.63495470640646,13.025512037369745,13.034495149119655,77.63034537584146,77.63956403697146,1000,1000000,100,4,3,True,Moderate,True
8422_1450,8422,1450,13.0300035932447,77.64417336753648,13.025512037369745,13.034495149119655,77.63956403697146,77.64878269810148,1000,1000000,100,1,1,False,Limited,True
8423_1450,8423,1450,13.0300035932447,77.65339202866649,13.025512037369745,13.034495149119655,77.64878269810148,77.65800135923149,1000,1000000,100,6,5,True,High,True
8424_1450,8424,1450,13.0300035932447,77.66261068979651,13.025512037369745,13.034495149119655,77.65800135923149,77.66722002036151,1000,1000000,100,4,4,True,Moderate,True
8425_1450,8425,1450,13.0300035932447,77.67182935092652,13.025512037369745,13.034495149119655,77.66722002036151,77.67643868149152,1000,1000000,100,6,3,True,Moderate,True
8426_1450,8426,1450,13.0300035932447,77.68104801205654,13.025512037369745,13.034495149119655,77.67643868149152,77.68565734262154,1000,1000000,100,7,6,True,Very High,True
8427_1450,8427,1450,13.0300035932447,77.69026667318654,13.025512037369745,13.034495149119655,77.68565734262154,77.69487600375155,1000,1000000,100,4,3,True,Moderate,True
8428_1450,8428,1450,13.0300035932447,77.69948533431655,13.025512037369745,13.034495149119655,77.69487600375155,77.70409466488157,1000,1000000,100,6,4,True,Moderate,True
8429_1450,8429,1450,13.0300035932447,77.70870399544657,13.025512037369745,13.034495149119655,77.70409466488157,77.71331332601157,1000,1000000,100,2,1,False,Limited,True
8430_1450,8430,1450,13.0300035932447,77.71792265657658,13.025512037369745,13.034495149119655,77.71331332601157,77.7225319871416,1000,1000000,100,4,4,True,Moderate,True
8431_1450,8431,1450,13.0300035932447,77.7271413177066,13.025512037369745,13.034495149119655,77.7225319871416,77.7317506482716,1000,1000000,100,5,5,True,High,True
8432_1450,8432,1450,13.0300035932447,77.7363599788366,13.025512037369745,13.034495149119655,77.7317506482716,77.74096930940162,1000,1000000,100,6,3,True,Moderate,True
8433_1450,8433,1450,13.0300035932447,77.74557863996662,13.025512037369745,13.034495149119655,77.74096930940162,77.75018797053163,1000,1000000,100,6,4,True,Moderate,True
8401_1451,8401,1451,13.03898670499461,77.4505814838062,13.034495149119655,13.043478260869565,77.44597215324119,77.4551908143712,1000,1000000,100,3,3,True,Moderate,True
8402_1451,8402,1451,13.03898670499461,77.45980014493621,13.034495149119655,13.043478260869565,77.4551908143712,77.46440947550121,1000,1000000,100,1,1,False,Limited,True
8403_1451,8403,1451,13.03898670499461,77.46901880606623,13.034495149119655,13.043478260869565,77.46440947550121,77.47362813663123,1000,1000000,100,4,4,True,Moderate,True
8404_1451,8404,1451,13.03898670499461,77.47823746719624,13.034495149119655,13.043478260869565,77.47362813663123,77.48284679776124,1000,1000000,100,1,1,False,Limited,True
8405_1451,8405,1451,13.03898670499461,77.48745612832626,13.034495149119655,13.043478260869565,77.48284679776124,77.49206545889126,1000,1000000,100,2,2,False,Limited,True
8406_1451,8406,1451,13.03898670499461,77.49667478945626,13.034495149119655,13.043478260869565,77.49206545889126,77.50128412002127,1000,1000000,100,7,3,True,Moderate,True
8407_1451,8407,1451,13.03898670499461,77.50589345058627,13.034495149119655,13.043478260869565,77.50128412002127,77.51050278115129,1000,1000000,100,3,3,True,Moderate,True
8408_1451,8408,1451,13.03898670499461,77.51511211171629,13.034495149119655,13.043478260869565,77.51050278115129,77.5197214422813,1000,1000000,100,9,6,True,Very High,True
8409_1451,8409,1451,13.03898670499461,77.5243307728463,13.034495149119655,13.043478260869565,77.5197214422813,77.52894010341132,1000,1000000,100,6,4,True,Moderate,True
8410_1451,8410,1451,13.03898670499461,77.53354943397632,13.034495149119655,13.043478260869565,77.52894010341132,77.53815876454132,1000,1000000,100,7,5,True,High,True
8411_1451,8411,1451,13.03898670499461,77.54276809510633,13.034495149119655,13.043478260869565,77.53815876454132,77.54737742567134,1000,1000000,100,4,3,True,Moderate,True
8412_1451,8412,1451,13.03898670499461,77.55198675623635,13.034495149119655,13.043478260869565,77.54737742567134,77.55659608680135,1000,1000000,100,3,3,True,Moderate,True
8413_1451,8413,1451,13.03898670499461,77.56120541736635,13.034495149119655,13.043478260869565,77.55659608680135,77.56581474793137,1000,1000000,100,4,4,True,Moderate,True
8414_1451,8414,1451,13.03898670499461,77.57042407849637,13.034495149119655,13.043478260869565,77.56581474793137,77.57503340906138,1000,1000000,100,7,6,True,Very High,True
8415_1451,8415,1451,13.03898670499461,77.57964273962638,13.034495149119655,13.043478260869565,77.57503340906138,77.5842520701914,1000,1000000,100,4,2,False,Limited,True
8416_1451,8416,1451,13.03898670499461,77.5888614007564,13.034495149119655,13.043478260869565,77.5842520701914,77.5934707313214,1000,1000000,100,5,3,True,Moderate,True
8417_1451,8417,1451,13.03898670499461,77.5980800618864,13.034495149119655,13.043478260869565,77.5934707313214,77.60268939245141,1000,1000000,100,3,3,True,Moderate,True
8418_1451,8418,1451,13.03898670499461,77.60729872301643,13.034495149119655,13.043478260869565,77.60268939245141,77.61190805358143,1000,1000000,100,4,4,True,Moderate,True
8419_1451,8419,1451,13.03898670499461,77.61651738414643,13.034495149119655,13.043478260869565,77.61190805358143,77.62112671471144,1000,1000000,100,4,3,True,Moderate,True
8420_1451,8420,1451,13.03898670499461,77.62573604527645,13.034495149119655,13.043478260869565,77.62112671471144,77.63034537584146,1000,1000000,100,8,6,True,Very High,True
8421_1451,8421,1451,13.03898670499461,77.63495470640646,13.034495149119655,13.043478260869565,77.63034537584146,77.63956403697146,1000,1000000,100,2,2,False,Limited,True
8422_1451,8422,1451,13.03898670499461,77.64417336753648,13.034495149119655,13.043478260869565,77.63956403697146,77.64878269810148,1000,1000000,100,3,3,True,Moderate,True
8423_1451,8423,1451,13.03898670499461,77.65339202866649,13.034495149119655,13.043478260869565,77.64878269810148,77.65800135923149,1000,1000000,100,3,2,False,Limited,True
8424_1451,8424,1451,13.03898670499461,77.66261068979651,13.034495149119655,13.043478260869565,77.65800135923149,77.66722002036151,1000,1000000,100,3,3,True,Moderate,True
8425_1451,8425,1451,13.03898670499461,77.67182935092652,13.034495149119655,13.043478260869565,77.66722002036151,77.67643868149152,1000,1000000,100,4,3,True,Moderate,True
8426_1451,8426,1451,13.03898670499461,77.68104801205654,13.034495149119655,13.043478260869565,77.67643868149152,77.68565734262154,1000,1000000,100,2,2,False,Limited,True
8427_1451,8427,1451,13.03898670499461,77.69026667318654,13.034495149119655,13.043478260869565,77.68565734262154,77.69487600375155,1000,1000000,100,1,1,False,Limited,True
8428_1451,8428,1451,13.03898670499461,77.69948533431655,13.034495149119655,13.043478260869565,77.69487600375155,77.70409466488157,1000,1000000,100,3,2,False,Limited,True
8429_1451,8429,1451,13.03898670499461,77.70870399544657,13.034495149119655,13.043478260869565,77.70409466488157,77.71331332601157,1000,1000000,100,2,2,False,Limited,True
8430_1451,8430,1451,13.03898670499461,77.71792265657658,13.034495149119655,13.043478260869565,77.71331332601157,77.7225319871416,1000,1000000,100,4,4,True,Moderate,True
8431_1451,8431,1451,13.03898670499461,77.7271413177066,13.034495149119655,13.043478260869565,77.7225319871416,77.7317506482716,1000,1000000,100,5,5,True,High,True
8432_1451,8432,1451,13.03898670499461,77.7363599788366,13.034495149119655,13.043478260869565,77.7317506482716,77.74096930940162,1000,1000000,100,2,2,False,Limited,True
8433_1451,8433,1451,13.03898670499461,77.74557863996662,13.034495149119655,13.043478260869565,77.74096930940162,77.75018797053163,1000,1000000,100,3,3,True,Moderate,True
8401_1452,8401,1452,13.047969816744521,77.4505814838062,13.043478260869565,13.052461372619476,77.44597215324119,77.4551908143712,1000,1000000,100,1,1,False,Limited,True
8402_1452,8402,1452,13.047969816744521,77.45980014493621,13.043478260869565,13.052461372619476,77.4551908143712,77.46440947550121,1000,1000000,100,4,4,True,Moderate,True
8403_1452,8403,1452,13.047969816744521,77.46901880606623,13.043478260869565,13.052461372619476,77.46440947550121,77.47362813663123,1000,1000000,100,4,4,True,Moderate,True
8404_1452,8404,1452,13.047969816744521,77.47823746719624,13.043478260869565,13.052461372619476,77.47362813663123,77.48284679776124,1000,1000000,100,3,1,False,Limited,True
8405_1452,8405,1452,13.047969816744521,77.48745612832626,13.043478260869565,13.052461372619476,77.48284679776124,77.49206545889126,1000,1000000,100,10,5,True,High,True
8406_1452,8406,1452,13.047969816744521,77.49667478945626,13.043478260869565,13.052461372619476,77.49206545889126,77.50128412002127,1000,1000000,100,1,1,False,Limited,True
8407_1452,8407,1452,13.047969816744521,77.50589345058627,13.043478260869565,13.052461372619476,77.50128412002127,77.51050278115129,1000,1000000,100,4,3,True,Moderate,True
8408_1452,8408,1452,13.047969816744521,77.51511211171629,13.043478260869565,13.052461372619476,77.51050278115129,77.5197214422813,1000,1000000,100,1,1,False,Limited,True
8409_1452,8409,1452,13.047969816744521,77.5243307728463,13.043478260869565,13.052461372619476,77.5197214422813,77.52894010341132,1000,1000000,100,2,2,False,Limited,True
8410_1452,8410,1452,13.047969816744521,77.53354943397632,13.043478260869565,13.052461372619476,77.52894010341132,77.53815876454132,1000,1000000,100,7,3,True,Moderate,True
8411_1452,8411,1452,13.047969816744521,77.54276809510633,13.043478260869565,13.052461372619476,77.53815876454132,77.54737742567134,1000,1000000,100,4,4,True,Moderate,True
8412_1452,8412,1452,13.047969816744521,77.55198675623635,13.043478260869565,13.052461372619476,77.54737742567134,77.55659608680135,1000,1000000,100,4,4,True,Moderate,True
8413_1452,8413,1452,13.047969816744521,77.56120541736635,13.043478260869565,13.052461372619476,77.55659608680135,77.56581474793137,1000,1000000,100,5,4,True,Moderate,True
8414_1452,8414,1452,13.047969816744521,77.57042407849637,13.043478260869565,13.052461372619476,77.56581474793137,77.57503340906138,1000,1000000,100,2,2,False,Limited,True
8415_1452,8415,1452,13.047969816744521,77.57964273962638,13.043478260869565,13.052461372619476,77.57503340906138,77.5842520701914,1000,1000000,100,5,4,True,Moderate,True
8416_1452,8416,1452,13.047969816744521,77.5888614007564,13.043478260869565,13.052461372619476,77.5842520701914,77.5934707313214,1000,1000000,100,6,4,True,Moderate,True
8417_1452,8417,1452,13.047969816744521,77.5980800618864,13.043478260869565,13.052461372619476,77.5934707313214,77.60268939245141,1000,1000000,100,4,4,True,Moderate,True
8418_1452,8418,1452,13.047969816744521,77.60729872301643,13.043478260869565,13.052461372619476,77.60268939245141,77.61190805358143,1000,1000000,100,6,4,True,Moderate,True
8419_1452,8419,1452,13.047969816744521,77.61651738414643,13.043478260869565,13.052461372619476,77.61190805358143,77.62112671471144,1000,1000000,100,5,4,True,Moderate,True
8420_1452,8420,1452,13.047969816744521,77.62573604527645,13.043478260869565,13.052461372619476,77.62112671471144,77.63034537584146,1000,1000000,100,4,3,True,Moderate,True
8421_1452,8421,1452,13.047969816744521,77.63495470640646,13.043478260869565,13.052461372619476,77.63034537584146,77.63956403697146,1000,1000000,100,3,3,True,Moderate,True
8422_1452,8422,1452,13.047969816744521,77.64417336753648,13.043478260869565,13.052461372619476,77.63956403697146,77.64878269810148,1000,1000000,100,4,4,True,Moderate,True
8423_1452,8423,1452,13.047969816744521,77.65339202866649,13.043478260869565,13.052461372619476,77.64878269810148,77.65800135923149,1000,1000000,100,3,2,False,Limited,True
8424_1452,8424,1452,13.047969816744521,77.66261068979651,13.043478260869565,13.052461372619476,77.65800135923149,77.66722002036151,1000,1000000,100,2,2,False,Limited,True
8425_1452,8425,1452,13.047969816744521,77.67182935092652,13.043478260869565,13.052461372619476,77.66722002036151,77.67643868149152,1000,1000000,100,2,2,False,Limited,True
8426_1452,8426,1452,13.047969816744521,77.68104801205654,13.043478260869565,13.052461372619476,77.67643868149152,77.68565734262154,1000,1000000,100,8,5,True,High,True
8427_1452,8427,1452,13.047969816744521,77.69026667318654,13.043478260869565,13.052461372619476,77.68565734262154,77.69487600375155,1000,1000000,100,6,4,True,Moderate,True
8428_1452,8428,1452,13.047969816744521,77.69948533431655,13.043478260869565,13.052461372619476,77.69487600375155,77.70409466488157,1000,1000000,100,4,3,True,Moderate,True
8429_1452,8429,1452,13.047969816744521,77.70870399544657,13.043478260869565,13.052461372619476,77.70409466488157,77.71331332601157,1000,1000000,100,9,4,True,Moderate,True
8430_1452,8430,1452,13.047969816744521,77.71792265657658,13.043478260869565,13.052461372619476,77.71331332601157,77.7225319871416,1000,1000000,100,4,3,True,Moderate,True
8431_1452,8431,1452,13.047969816744521,77.7271413177066,13.043478260869565,13.052461372619476,77.7225319871416,77.7317506482716,1000,1000000,100,4,3,True,Moderate,True
8432_1452,8432,1452,13.047969816744521,77.7363599788366,13.043478260869565,13.052461372619476,77.7317506482716,77.74096930940162,1000,1000000,100,5,4,True,Moderate,True
8433_1452,8433,1452,13.047969816744521,77.74557863996662,13.043478260869565,13.052461372619476,77.74096930940162,77.75018797053163,1000,1000000,100,2,2,False,Limited,True
8401_1453,8401,1453,13.05695292849443,77.4505814838062,13.052461372619476,13.061444484369385,77.44597215324119,77.4551908143712,1000,1000000,100,1,1,False,Limited,True
8402_1453,8402,1453,13.05695292849443,77.45980014493621,13.052461372619476,13.061444484369385,77.4551908143712,77.46440947550121,1000,1000000,100,4,3,True,Moderate,True
8403_1453,8403,1453,13.05695292849443,77.46901880606623,13.052461372619476,13.061444484369385,77.46440947550121,77.47362813663123,1000,1000000,100,1,1,False,Limited,True
8404_1453,8404,1453,13.05695292849443,77.47823746719624,13.052461372619476,13.061444484369385,77.47362813663123,77.48284679776124,1000,1000000,100,4,2,False,Limited,True
8405_1453,8405,1453,13.05695292849443,77.48745612832626,13.052461372619476,13.061444484369385,77.48284679776124,77.49206545889126,1000,1000000,100,2,2,False,Limited,True
8406_1453,8406,1453,13.05695292849443,77.49667478945626,13.052461372619476,13.061444484369385,77.49206545889126,77.50128412002127,1000,1000000,100,5,4,True,Moderate,True
8407_1453,8407,1453,13.05695292849443,77.50589345058627,13.052461372619476,13.061444484369385,77.50128412002127,77.51050278115129,1000,1000000,100,4,2,False,Limited,True
8408_1453,8408,1453,13.05695292849443,77.51511211171629,13.052461372619476,13.061444484369385,77.51050278115129,77.5197214422813,1000,1000000,100,4,3,True,Moderate,True
8409_1453,8409,1453,13.05695292849443,77.5243307728463,13.052461372619476,13.061444484369385,77.5197214422813,77.52894010341132,1000,1000000,100,6,5,True,High,True
8410_1453,8410,1453,13.05695292849443,77.53354943397632,13.052461372619476,13.061444484369385,77.52894010341132,77.53815876454132,1000,1000000,100,6,3,True,Moderate,True
8411_1453,8411,1453,13.05695292849443,77.54276809510633,13.052461372619476,13.061444484369385,77.53815876454132,77.54737742567134,1000,1000000,100,3,2,False,Limited,True
8412_1453,8412,1453,13.05695292849443,77.55198675623635,13.052461372619476,13.061444484369385,77.54737742567134,77.55659608680135,1000,1000000,100,1,1,False,Limited,True
8413_1453,8413,1453,13.05695292849443,77.56120541736635,13.052461372619476,13.061444484369385,77.55659608680135,77.56581474793137,1000,1000000,100,5,4,True,Moderate,True
8414_1453,8414,1453,13.05695292849443,77.57042407849637,13.052461372619476,13.061444484369385,77.56581474793137,77.57503340906138,1000,1000000,100,3,3,True,Moderate,True
8415_1453,8415,1453,13.05695292849443,77.57964273962638,13.052461372619476,13.061444484369385,77.57503340906138,77.5842520701914,1000,1000000,100,3,3,True,Moderate,True
8416_1453,8416,1453,13.05695292849443,77.5888614007564,13.052461372619476,13.061444484369385,77.5842520701914,77.5934707313214,1000,1000000,100,3,3,True,Moderate,True
8417_1453,8417,1453,13.05695292849443,77.5980800618864,13.052461372619476,13.061444484369385,77.5934707313214,77.60268939245141,1000,1000000,100,4,2,False,Limited,True
8418_1453,8418,1453,13.05695292849443,77.60729872301643,13.052461372619476,13.061444484369385,77.60268939245141,77.61190805358143,1000,1000000,100,2,2,False,Limited,True
8419_1453,8419,1453,13.05695292849443,77.61651738414643,13.052461372619476,13.061444484369385,77.61190805358143,77.62112671471144,1000,1000000,100,0,0,False,Prediction Only,True
8420_1453,8420,1453,13.05695292849443,77.62573604527645,13.052461372619476,13.061444484369385,77.62112671471144,77.63034537584146,1000,1000000,100,2,2,False,Limited,True
8421_1453,8421,1453,13.05695292849443,77.63495470640646,13.052461372619476,13.061444484369385,77.63034537584146,77.63956403697146,1000,1000000,100,7,4,True,Moderate,True
8422_1453,8422,1453,13.05695292849443,77.64417336753648,13.052461372619476,13.061444484369385,77.63956403697146,77.64878269810148,1000,1000000,100,1,1,False,Limited,True
8423_1453,8423,1453,13.05695292849443,77.65339202866649,13.052461372619476,13.061444484369385,77.64878269810148,77.65800135923149,1000,1000000,100,2,2,False,Limited,True
8424_1453,8424,1453,13.05695292849443,77.66261068979651,13.052461372619476,13.061444484369385,77.65800135923149,77.66722002036151,1000,1000000,100,3,3,True,Moderate,True
8425_1453,8425,1453,13.05695292849443,77.67182935092652,13.052461372619476,13.061444484369385,77.66722002036151,77.67643868149152,1000,1000000,100,8,7,True,Very High,True
8426_1453,8426,1453,13.05695292849443,77.68104801205654,13.052461372619476,13.061444484369385,77.67643868149152,77.68565734262154,1000,1000000,100,6,3,True,Moderate,True
8427_1453,8427,1453,13.05695292849443,77.69026667318654,13.052461372619476,13.061444484369385,77.68565734262154,77.69487600375155,1000,1000000,100,3,2,False,Limited,True
8428_1453,8428,1453,13.05695292849443,77.69948533431655,13.052461372619476,13.061444484369385,77.69487600375155,77.70409466488157,1000,1000000,100,3,3,True,Moderate,True
8429_1453,8429,1453,13.05695292849443,77.70870399544657,13.052461372619476,13.061444484369385,77.70409466488157,77.71331332601157,1000,1000000,100,2,2,False,Limited,True
8430_1453,8430,1453,13.05695292849443,77.71792265657658,13.052461372619476,13.061444484369385,77.71331332601157,77.7225319871416,1000,1000000,100,4,4,True,Moderate,True
8431_1453,8431,1453,13.05695292849443,77.7271413177066,13.052461372619476,13.061444484369385,77.7225319871416,77.7317506482716,1000,1000000,100,2,2,False,Limited,True
8432_1453,8432,1453,13.05695292849443,77.7363599788366,13.052461372619476,13.061444484369385,77.7317506482716,77.74096930940162,1000,1000000,100,5,4,True,Moderate,True
8433_1453,8433,1453,13.05695292849443,77.74557863996662,13.052461372619476,13.061444484369385,77.74096930940162,77.75018797053163,1000,1000000,100,2,2,False,Limited,True
8401_1454,8401,1454,13.06593604024434,77.4505814838062,13.061444484369385,13.070427596119297,77.44597215324119,77.4551908143712,1000,1000000,100,1,1,False,Limited,True
8402_1454,8402,1454,13.06593604024434,77.45980014493621,13.061444484369385,13.070427596119297,77.4551908143712,77.46440947550121,1000,1000000,100,6,4,True,Moderate,True
8403_1454,8403,1454,13.06593604024434,77.46901880606623,13.061444484369385,13.070427596119297,77.46440947550121,77.47362813663123,1000,1000000,100,1,1,False,Limited,True
8404_1454,8404,1454,13.06593604024434,77.47823746719624,13.061444484369385,13.070427596119297,77.47362813663123,77.48284679776124,1000,1000000,100,3,3,True,Moderate,True
8405_1454,8405,1454,13.06593604024434,77.48745612832626,13.061444484369385,13.070427596119297,77.48284679776124,77.49206545889126,1000,1000000,100,2,2,False,Limited,True
8406_1454,8406,1454,13.06593604024434,77.49667478945626,13.061444484369385,13.070427596119297,77.49206545889126,77.50128412002127,1000,1000000,100,7,6,True,Very High,True
8407_1454,8407,1454,13.06593604024434,77.50589345058627,13.061444484369385,13.070427596119297,77.50128412002127,77.51050278115129,1000,1000000,100,6,4,True,Moderate,True
8408_1454,8408,1454,13.06593604024434,77.51511211171629,13.061444484369385,13.070427596119297,77.51050278115129,77.5197214422813,1000,1000000,100,4,3,True,Moderate,True
8409_1454,8409,1454,13.06593604024434,77.5243307728463,13.061444484369385,13.070427596119297,77.5197214422813,77.52894010341132,1000,1000000,100,5,4,True,Moderate,True
8410_1454,8410,1454,13.06593604024434,77.53354943397632,13.061444484369385,13.070427596119297,77.52894010341132,77.53815876454132,1000,1000000,100,1,1,False,Limited,True
8411_1454,8411,1454,13.06593604024434,77.54276809510633,13.061444484369385,13.070427596119297,77.53815876454132,77.54737742567134,1000,1000000,100,5,5,True,High,True
8412_1454,8412,1454,13.06593604024434,77.55198675623635,13.061444484369385,13.070427596119297,77.54737742567134,77.55659608680135,1000,1000000,100,7,3,True,Moderate,True
8413_1454,8413,1454,13.06593604024434,77.56120541736635,13.061444484369385,13.070427596119297,77.55659608680135,77.56581474793137,1000,1000000,100,5,4,True,Moderate,True
8414_1454,8414,1454,13.06593604024434,77.57042407849637,13.061444484369385,13.070427596119297,77.56581474793137,77.57503340906138,1000,1000000,100,8,6,True,Very High,True
8415_1454,8415,1454,13.06593604024434,77.57964273962638,13.061444484369385,13.070427596119297,77.57503340906138,77.5842520701914,1000,1000000,100,3,2,False,Limited,True
8416_1454,8416,1454,13.06593604024434,77.5888614007564,13.061444484369385,13.070427596119297,77.5842520701914,77.5934707313214,1000,1000000,100,2,2,False,Limited,True
8417_1454,8417,1454,13.06593604024434,77.5980800618864,13.061444484369385,13.070427596119297,77.5934707313214,77.60268939245141,1000,1000000,100,5,3,True,Moderate,True
8418_1454,8418,1454,13.06593604024434,77.60729872301643,13.061444484369385,13.070427596119297,77.60268939245141,77.61190805358143,1000,1000000,100,3,3,True,Moderate,True
8419_1454,8419,1454,13.06593604024434,77.61651738414643,13.061444484369385,13.070427596119297,77.61190805358143,77.62112671471144,1000,1000000,100,1,1,False,Limited,True
8420_1454,8420,1454,13.06593604024434,77.62573604527645,13.061444484369385,13.070427596119297,77.62112671471144,77.63034537584146,1000,1000000,100,1,1,False,Limited,True
8421_1454,8421,1454,13.06593604024434,77.63495470640646,13.061444484369385,13.070427596119297,77.63034537584146,77.63956403697146,1000,1000000,100,5,4,True,Moderate,True
8422_1454,8422,1454,13.06593604024434,77.64417336753648,13.061444484369385,13.070427596119297,77.63956403697146,77.64878269810148,1000,1000000,100,3,2,False,Limited,True
8423_1454,8423,1454,13.06593604024434,77.65339202866649,13.061444484369385,13.070427596119297,77.64878269810148,77.65800135923149,1000,1000000,100,7,5,True,High,True
8424_1454,8424,1454,13.06593604024434,77.66261068979651,13.061444484369385,13.070427596119297,77.65800135923149,77.66722002036151,1000,1000000,100,2,1,False,Limited,True
8425_1454,8425,1454,13.06593604024434,77.67182935092652,13.061444484369385,13.070427596119297,77.66722002036151,77.67643868149152,1000,1000000,100,2,2,False,Limited,True
8426_1454,8426,1454,13.06593604024434,77.68104801205654,13.061444484369385,13.070427596119297,77.67643868149152,77.68565734262154,1000,1000000,100,8,5,True,High,True
8427_1454,8427,1454,13.06593604024434,77.69026667318654,13.061444484369385,13.070427596119297,77.68565734262154,77.69487600375155,1000,1000000,100,2,2,False,Limited,True
8428_1454,8428,1454,13.06593604024434,77.69948533431655,13.061444484369385,13.070427596119297,77.69487600375155,77.70409466488157,1000,1000000,100,5,4,True,Moderate,True
8429_1454,8429,1454,13.06593604024434,77.70870399544657,13.061444484369385,13.070427596119297,77.70409466488157,77.71331332601157,1000,1000000,100,5,3,True,Moderate,True
8430_1454,8430,1454,13.06593604024434,77.71792265657658,13.061444484369385,13.070427596119297,77.71331332601157,77.7225319871416,1000,1000000,100,7,5,True,High,True
8431_1454,8431,1454,13.06593604024434,77.7271413177066,13.061444484369385,13.070427596119297,77.7225319871416,77.7317506482716,1000,1000000,100,4,4,True,Moderate,True
8432_1454,8432,1454,13.06593604024434,77.7363599788366,13.061444484369385,13.070427596119297,77.7317506482716,77.74096930940162,1000,1000000,100,2,2,False,Limited,True
8433_1454,8433,1454,13.06593604024434,77.74557863996662,13.061444484369385,13.070427596119297,77.74096930940162,77.75018797053163,1000,1000000,100,3,2,False,Limited,True
8401_1455,8401,1455,13.074919151994251,77.4505814838062,13.070427596119297,13.079410707869206,77.44597215324119,77.4551908143712,1000,1000000,100,1,1,False,Limited,True
8402_1455,8402,1455,13.074919151994251,77.45980014493621,13.070427596119297,13.079410707869206,77.4551908143712,77.46440947550121,1000,1000000,100,2,1,False,Limited,True
8403_1455,8403,1455,13.074919151994251,77.46901880606623,13.070427596119297,13.079410707869206,77.46440947550121,77.47362813663123,1000,1000000,100,6,4,True,Moderate,True
8404_1455,8404,1455,13.074919151994251,77.47823746719624,13.070427596119297,13.079410707869206,77.47362813663123,77.48284679776124,1000,1000000,100,3,3,True,Moderate,True
8405_1455,8405,1455,13.074919151994251,77.48745612832626,13.070427596119297,13.079410707869206,77.48284679776124,77.49206545889126,1000,1000000,100,1,1,False,Limited,True
8406_1455,8406,1455,13.074919151994251,77.49667478945626,13.070427596119297,13.079410707869206,77.49206545889126,77.50128412002127,1000,1000000,100,4,3,True,Moderate,True
8407_1455,8407,1455,13.074919151994251,77.50589345058627,13.070427596119297,13.079410707869206,77.50128412002127,77.51050278115129,1000,1000000,100,5,3,True,Moderate,True
8408_1455,8408,1455,13.074919151994251,77.51511211171629,13.070427596119297,13.079410707869206,77.51050278115129,77.5197214422813,1000,1000000,100,5,3,True,Moderate,True
8409_1455,8409,1455,13.074919151994251,77.5243307728463,13.070427596119297,13.079410707869206,77.5197214422813,77.52894010341132,1000,1000000,100,6,5,True,High,True
8410_1455,8410,1455,13.074919151994251,77.53354943397632,13.070427596119297,13.079410707869206,77.52894010341132,77.53815876454132,1000,1000000,100,6,4,True,Moderate,True
8411_1455,8411,1455,13.074919151994251,77.54276809510633,13.070427596119297,13.079410707869206,77.53815876454132,77.54737742567134,1000,1000000,100,2,2,False,Limited,True
8412_1455,8412,1455,13.074919151994251,77.55198675623635,13.070427596119297,13.079410707869206,77.54737742567134,77.55659608680135,1000,1000000,100,5,2,False,Limited,True
8413_1455,8413,1455,13.074919151994251,77.56120541736635,13.070427596119297,13.079410707869206,77.55659608680135,77.56581474793137,1000,1000000,100,7,4,True,Moderate,True
8414_1455,8414,1455,13.074919151994251,77.57042407849637,13.070427596119297,13.079410707869206,77.56581474793137,77.57503340906138,1000,1000000,100,5,3,True,Moderate,True
8415_1455,8415,1455,13.074919151994251,77.57964273962638,13.070427596119297,13.079410707869206,77.57503340906138,77.5842520701914,1000,1000000,100,1,1,False,Limited,True
8416_1455,8416,1455,13.074919151994251,77.5888614007564,13.070427596119297,13.079410707869206,77.5842520701914,77.5934707313214,1000,1000000,100,2,2,False,Limited,True
8417_1455,8417,1455,13.074919151994251,77.5980800618864,13.070427596119297,13.079410707869206,77.5934707313214,77.60268939245141,1000,1000000,100,3,3,True,Moderate,True
8418_1455,8418,1455,13.074919151994251,77.60729872301643,13.070427596119297,13.079410707869206,77.60268939245141,77.61190805358143,1000,1000000,100,2,2,False,Limited,True
8419_1455,8419,1455,13.074919151994251,77.61651738414643,13.070427596119297,13.079410707869206,77.61190805358143,77.62112671471144,1000,1000000,100,1,1,False,Limited,True
8420_1455,8420,1455,13.074919151994251,77.62573604527645,13.070427596119297,13.079410707869206,77.62112671471144,77.63034537584146,1000,1000000,100,6,5,True,High,True
8421_1455,8421,1455,13.074919151994251,77.63495470640646,13.070427596119297,13.079410707869206,77.63034537584146,77.63956403697146,1000,1000000,100,6,5,True,High,True
8422_1455,8422,1455,13.074919151994251,77.64417336753648,13.070427596119297,13.079410707869206,77.63956403697146,77.64878269810148,1000,1000000,100,5,5,True,High,True
8423_1455,8423,1455,13.074919151994251,77.65339202866649,13.070427596119297,13.079410707869206,77.64878269810148,77.65800135923149,1000,1000000,100,2,2,False,Limited,True
8424_1455,8424,1455,13.074919151994251,77.66261068979651,13.070427596119297,13.079410707869206,77.65800135923149,77.66722002036151,1000,1000000,100,5,4,True,Moderate,True
8425_1455,8425,1455,13.074919151994251,77.67182935092652,13.070427596119297,13.079410707869206,77.66722002036151,77.67643868149152,1000,1000000,100,3,3,True,Moderate,True
8426_1455,8426,1455,13.074919151994251,77.68104801205654,13.070427596119297,13.079410707869206,77.67643868149152,77.68565734262154,1000,1000000,100,3,2,False,Limited,True
8427_1455,8427,1455,13.074919151994251,77.69026667318654,13.070427596119297,13.079410707869206,77.68565734262154,77.69487600375155,1000,1000000,100,3,2,False,Limited,True
8428_1455,8428,1455,13.074919151994251,77.69948533431655,13.070427596119297,13.079410707869206,77.69487600375155,77.70409466488157,1000,1000000,100,4,3,True,Moderate,True
8429_1455,8429,1455,13.074919151994251,77.70870399544657,13.070427596119297,13.079410707869206,77.70409466488157,77.71331332601157,1000,1000000,100,3,3,True,Moderate,True
8430_1455,8430,1455,13.074919151994251,77.71792265657658,13.070427596119297,13.079410707869206,77.71331332601157,77.7225319871416,1000,1000000,100,3,2,False,Limited,True
8431_1455,8431,1455,13.074919151994251,77.7271413177066,13.070427596119297,13.079410707869206,77.7225319871416,77.7317506482716,1000,1000000,100,6,5,True,High,True
8432_1455,8432,1455,13.074919151994251,77.7363599788366,13.070427596119297,13.079410707869206,77.7317506482716,77.74096930940162,1000,1000000,100,0,0,False,Prediction Only,True
8433_1455,8433,1455,13.074919151994251,77.74557863996662,13.070427596119297,13.079410707869206,77.74096930940162,77.75018797053163,1000,1000000,100,1,1,False,Limited,True
8401_1456,8401,1456,13.08390226374416,77.4505814838062,13.079410707869206,13.088393819619116,77.44597215324119,77.4551908143712,1000,1000000,100,1,1,False,Limited,True
8402_1456,8402,1456,13.08390226374416,77.45980014493621,13.079410707869206,13.088393819619116,77.4551908143712,77.46440947550121,1000,1000000,100,4,4,True,Moderate,True
8403_1456,8403,1456,13.08390226374416,77.46901880606623,13.079410707869206,13.088393819619116,77.46440947550121,77.47362813663123,1000,1000000,100,2,2,False,Limited,True
8404_1456,8404,1456,13.08390226374416,77.47823746719624,13.079410707869206,13.088393819619116,77.47362813663123,77.48284679776124,1000,1000000,100,1,1,False,Limited,True
8405_1456,8405,1456,13.08390226374416,77.48745612832626,13.079410707869206,13.088393819619116,77.48284679776124,77.49206545889126,1000,1000000,100,3,2,False,Limited,True
8406_1456,8406,1456,13.08390226374416,77.49667478945626,13.079410707869206,13.088393819619116,77.49206545889126,77.50128412002127,1000,1000000,100,3,2,False,Limited,True
8407_1456,8407,1456,13.08390226374416,77.50589345058627,13.079410707869206,13.088393819619116,77.50128412002127,77.51050278115129,1000,1000000,100,4,3,True,Moderate,True
8408_1456,8408,1456,13.08390226374416,77.51511211171629,13.079410707869206,13.088393819619116,77.51050278115129,77.5197214422813,1000,1000000,100,3,3,True,Moderate,True
8409_1456,8409,1456,13.08390226374416,77.5243307728463,13.079410707869206,13.088393819619116,77.5197214422813,77.52894010341132,1000,1000000,100,5,4,True,Moderate,True
8410_1456,8410,1456,13.08390226374416,77.53354943397632,13.079410707869206,13.088393819619116,77.52894010341132,77.53815876454132,1000,1000000,100,3,3,True,Moderate,True
8411_1456,8411,1456,13.08390226374416,77.54276809510633,13.079410707869206,13.088393819619116,77.53815876454132,77.54737742567134,1000,1000000,100,3,3,True,Moderate,True
8412_1456,8412,1456,13.08390226374416,77.55198675623635,13.079410707869206,13.088393819619116,77.54737742567134,77.55659608680135,1000,1000000,100,2,2,False,Limited,True
8413_1456,8413,1456,13.08390226374416,77.56120541736635,13.079410707869206,13.088393819619116,77.55659608680135,77.56581474793137,1000,1000000,100,1,1,False,Limited,True
8414_1456,8414,1456,13.08390226374416,77.57042407849637,13.079410707869206,13.088393819619116,77.56581474793137,77.57503340906138,1000,1000000,100,3,3,True,Moderate,True
8415_1456,8415,1456,13.08390226374416,77.57964273962638,13.079410707869206,13.088393819619116,77.57503340906138,77.5842520701914,1000,1000000,100,4,2,False,Limited,True
8416_1456,8416,1456,13.08390226374416,77.5888614007564,13.079410707869206,13.088393819619116,77.5842520701914,77.5934707313214,1000,1000000,100,2,1,False,Limited,True
8417_1456,8417,1456,13.08390226374416,77.5980800618864,13.079410707869206,13.088393819619116,77.5934707313214,77.60268939245141,1000,1000000,100,3,3,True,Moderate,True
8418_1456,8418,1456,13.08390226374416,77.60729872301643,13.079410707869206,13.088393819619116,77.60268939245141,77.61190805358143,1000,1000000,100,3,2,False,Limited,True
8419_1456,8419,1456,13.08390226374416,77.61651738414643,13.079410707869206,13.088393819619116,77.61190805358143,77.62112671471144,1000,1000000,100,4,3,True,Moderate,True
8420_1456,8420,1456,13.08390226374416,77.62573604527645,13.079410707869206,13.088393819619116,77.62112671471144,77.63034537584146,1000,1000000,100,0,0,False,Prediction Only,True
8421_1456,8421,1456,13.08390226374416,77.63495470640646,13.079410707869206,13.088393819619116,77.63034537584146,77.63956403697146,1000,1000000,100,3,2,False,Limited,True
8422_1456,8422,1456,13.08390226374416,77.64417336753648,13.079410707869206,13.088393819619116,77.63956403697146,77.64878269810148,1000,1000000,100,6,3,True,Moderate,True
8423_1456,8423,1456,13.08390226374416,77.65339202866649,13.079410707869206,13.088393819619116,77.64878269810148,77.65800135923149,1000,1000000,100,7,5,True,High,True
8424_1456,8424,1456,13.08390226374416,77.66261068979651,13.079410707869206,13.088393819619116,77.65800135923149,77.66722002036151,1000,1000000,100,2,2,False,Limited,True
8425_1456,8425,1456,13.08390226374416,77.67182935092652,13.079410707869206,13.088393819619116,77.66722002036151,77.67643868149152,1000,1000000,100,3,3,True,Moderate,True
8426_1456,8426,1456,13.08390226374416,77.68104801205654,13.079410707869206,13.088393819619116,77.67643868149152,77.68565734262154,1000,1000000,100,4,4,True,Moderate,True
8427_1456,8427,1456,13.08390226374416,77.69026667318654,13.079410707869206,13.088393819619116,77.68565734262154,77.69487600375155,1000,1000000,100,1,1,False,Limited,True
8428_1456,8428,1456,13.08390226374416,77.69948533431655,13.079410707869206,13.088393819619116,77.69487600375155,77.70409466488157,1000,1000000,100,2,2,False,Limited,True
8429_1456,8429,1456,13.08390226374416,77.70870399544657,13.079410707869206,13.088393819619116,77.70409466488157,77.71331332601157,1000,1000000,100,5,3,True,Moderate,True
8430_1456,8430,1456,13.08390226374416,77.71792265657658,13.079410707869206,13.088393819619116,77.71331332601157,77.7225319871416,1000,1000000,100,1,1,False,Limited,True
8431_1456,8431,1456,13.08390226374416,77.7271413177066,13.079410707869206,13.088393819619116,77.7225319871416,77.7317506482716,1000,1000000,100,3,3,True,Moderate,True
8432_1456,8432,1456,13.08390226374416,77.7363599788366,13.079410707869206,13.088393819619116,77.7317506482716,77.74096930940162,1000,1000000,100,5,3,True,Moderate,True
8433_1456,8433,1456,13.08390226374416,77.74557863996662,13.079410707869206,13.088393819619116,77.74096930940162,77.75018797053163,1000,1000000,100,1,1,False,Limited,True
8401_1457,8401,1457,13.09288537549407,77.4505814838062,13.088393819619116,13.097376931369027,77.44597215324119,77.4551908143712,1000,1000000,100,2,2,False,Limited,True
8402_1457,8402,1457,13.09288537549407,77.45980014493621,13.088393819619116,13.097376931369027,77.4551908143712,77.46440947550121,1000,1000000,100,3,3,True,Moderate,True
8403_1457,8403,1457,13.09288537549407,77.46901880606623,13.088393819619116,13.097376931369027,77.46440947550121,77.47362813663123,1000,1000000,100,3,3,True,Moderate,True
8404_1457,8404,1457,13.09288537549407,77.47823746719624,13.088393819619116,13.097376931369027,77.47362813663123,77.48284679776124,1000,1000000,100,3,3,True,Moderate,True
8405_1457,8405,1457,13.09288537549407,77.48745612832626,13.088393819619116,13.097376931369027,77.48284679776124,77.49206545889126,1000,1000000,100,3,2,False,Limited,True
8406_1457,8406,1457,13.09288537549407,77.49667478945626,13.088393819619116,13.097376931369027,77.49206545889126,77.50128412002127,1000,1000000,100,1,1,False,Limited,True
8407_1457,8407,1457,13.09288537549407,77.50589345058627,13.088393819619116,13.097376931369027,77.50128412002127,77.51050278115129,1000,1000000,100,5,2,False,Limited,True
8408_1457,8408,1457,13.09288537549407,77.51511211171629,13.088393819619116,13.097376931369027,77.51050278115129,77.5197214422813,1000,1000000,100,6,3,True,Moderate,True
8409_1457,8409,1457,13.09288537549407,77.5243307728463,13.088393819619116,13.097376931369027,77.5197214422813,77.52894010341132,1000,1000000,100,1,1,False,Limited,True
8410_1457,8410,1457,13.09288537549407,77.53354943397632,13.088393819619116,13.097376931369027,77.52894010341132,77.53815876454132,1000,1000000,100,4,3,True,Moderate,True
8411_1457,8411,1457,13.09288537549407,77.54276809510633,13.088393819619116,13.097376931369027,77.53815876454132,77.54737742567134,1000,1000000,100,3,3,True,Moderate,True
8412_1457,8412,1457,13.09288537549407,77.55198675623635,13.088393819619116,13.097376931369027,77.54737742567134,77.55659608680135,1000,1000000,100,6,4,True,Moderate,True
8413_1457,8413,1457,13.09288537549407,77.56120541736635,13.088393819619116,13.097376931369027,77.55659608680135,77.56581474793137,1000,1000000,100,1,1,False,Limited,True
8414_1457,8414,1457,13.09288537549407,77.57042407849637,13.088393819619116,13.097376931369027,77.56581474793137,77.57503340906138,1000,1000000,100,5,4,True,Moderate,True
8415_1457,8415,1457,13.09288537549407,77.57964273962638,13.088393819619116,13.097376931369027,77.57503340906138,77.5842520701914,1000,1000000,100,3,3,True,Moderate,True
8416_1457,8416,1457,13.09288537549407,77.5888614007564,13.088393819619116,13.097376931369027,77.5842520701914,77.5934707313214,1000,1000000,100,2,1,False,Limited,True
8417_1457,8417,1457,13.09288537549407,77.5980800618864,13.088393819619116,13.097376931369027,77.5934707313214,77.60268939245141,1000,1000000,100,1,1,False,Limited,True
8418_1457,8418,1457,13.09288537549407,77.60729872301643,13.088393819619116,13.097376931369027,77.60268939245141,77.61190805358143,1000,1000000,100,3,2,False,Limited,True
8419_1457,8419,1457,13.09288537549407,77.61651738414643,13.088393819619116,13.097376931369027,77.61190805358143,77.62112671471144,1000,1000000,100,3,2,False,Limited,True
8420_1457,8420,1457,13.09288537549407,77.62573604527645,13.088393819619116,13.097376931369027,77.62112671471144,77.63034537584146,1000,1000000,100,7,6,True,Very High,True
8421_1457,8421,1457,13.09288537549407,77.63495470640646,13.088393819619116,13.097376931369027,77.63034537584146,77.63956403697146,1000,1000000,100,4,2,False,Limited,True
8422_1457,8422,1457,13.09288537549407,77.64417336753648,13.088393819619116,13.097376931369027,77.63956403697146,77.64878269810148,1000,1000000,100,4,3,True,Moderate,True
8423_1457,8423,1457,13.09288537549407,77.65339202866649,13.088393819619116,13.097376931369027,77.64878269810148,77.65800135923149,1000,1000000,100,2,2,False,Limited,True
8424_1457,8424,1457,13.09288537549407,77.66261068979651,13.088393819619116,13.097376931369027,77.65800135923149,77.66722002036151,1000,1000000,100,0,0,False,Prediction Only,True
8425_1457,8425,1457,13.09288537549407,77.67182935092652,13.088393819619116,13.097376931369027,77.66722002036151,77.67643868149152,1000,1000000,100,2,2,False,Limited,True
8426_1457,8426,1457,13.09288537549407,77.68104801205654,13.088393819619116,13.097376931369027,77.67643868149152,77.68565734262154,1000,1000000,100,4,3,True,Moderate,True
8427_1457,8427,1457,13.09288537549407,77.69026667318654,13.088393819619116,13.097376931369027,77.68565734262154,77.69487600375155,1000,1000000,100,3,3,True,Moderate,True
8428_1457,8428,1457,13.09288537549407,77.69948533431655,13.088393819619116,13.097376931369027,77.69487600375155,77.70409466488157,1000,1000000,100,2,2,False,Limited,True
8429_1457,8429,1457,13.09288537549407,77.70870399544657,13.088393819619116,13.097376931369027,77.70409466488157,77.71331332601157,1000,1000000,100,7,5,True,High,True
8430_1457,8430,1457,13.09288537549407,77.71792265657658,13.088393819619116,13.097376931369027,77.71331332601157,77.7225319871416,1000,1000000,100,3,3,True,Moderate,True
8431_1457,8431,1457,13.09288537549407,77.7271413177066,13.088393819619116,13.097376931369027,77.7225319871416,77.7317506482716,1000,1000000,100,2,2,False,Limited,True
8432_1457,8432,1457,13.09288537549407,77.7363599788366,13.088393819619116,13.097376931369027,77.7317506482716,77.74096930940162,1000,1000000,100,3,3,True,Moderate,True
8433_1457,8433,1457,13.09288537549407,77.74557863996662,13.088393819619116,13.097376931369027,77.74096930940162,77.75018797053163,1000,1000000,100,3,2,False,Limited,True
8401_1458,8401,1458,13.101868487243982,77.4505814838062,13.097376931369027,13.106360043118936,77.44597215324119,77.4551908143712,1000,1000000,100,3,3,True,Moderate,True
8402_1458,8402,1458,13.101868487243982,77.45980014493621,13.097376931369027,13.106360043118936,77.4551908143712,77.46440947550121,1000,1000000,100,1,1,False,Limited,True
8403_1458,8403,1458,13.101868487243982,77.46901880606623,13.097376931369027,13.106360043118936,77.46440947550121,77.47362813663123,1000,1000000,100,2,2,False,Limited,True
8404_1458,8404,1458,13.101868487243982,77.47823746719624,13.097376931369027,13.106360043118936,77.47362813663123,77.48284679776124,1000,1000000,100,1,1,False,Limited,True
8405_1458,8405,1458,13.101868487243982,77.48745612832626,13.097376931369027,13.106360043118936,77.48284679776124,77.49206545889126,1000,1000000,100,2,1,False,Limited,True
8406_1458,8406,1458,13.101868487243982,77.49667478945626,13.097376931369027,13.106360043118936,77.49206545889126,77.50128412002127,1000,1000000,100,8,4,True,Moderate,True
8407_1458,8407,1458,13.101868487243982,77.50589345058627,13.097376931369027,13.106360043118936,77.50128412002127,77.51050278115129,1000,1000000,100,7,5,True,High,True
8408_1458,8408,1458,13.101868487243982,77.51511211171629,13.097376931369027,13.106360043118936,77.51050278115129,77.5197214422813,1000,1000000,100,2,2,False,Limited,True
8409_1458,8409,1458,13.101868487243982,77.5243307728463,13.097376931369027,13.106360043118936,77.5197214422813,77.52894010341132,1000,1000000,100,5,4,True,Moderate,True
8410_1458,8410,1458,13.101868487243982,77.53354943397632,13.097376931369027,13.106360043118936,77.52894010341132,77.53815876454132,1000,1000000,100,3,3,True,Moderate,True
8411_1458,8411,1458,13.101868487243982,77.54276809510633,13.097376931369027,13.106360043118936,77.53815876454132,77.54737742567134,1000,1000000,100,2,2,False,Limited,True
8412_1458,8412,1458,13.101868487243982,77.55198675623635,13.097376931369027,13.106360043118936,77.54737742567134,77.55659608680135,1000,1000000,100,4,3,True,Moderate,True
8413_1458,8413,1458,13.101868487243982,77.56120541736635,13.097376931369027,13.106360043118936,77.55659608680135,77.56581474793137,1000,1000000,100,3,2,False,Limited,True
8414_1458,8414,1458,13.101868487243982,77.57042407849637,13.097376931369027,13.106360043118936,77.56581474793137,77.57503340906138,1000,1000000,100,1,1,False,Limited,True
8415_1458,8415,1458,13.101868487243982,77.57964273962638,13.097376931369027,13.106360043118936,77.57503340906138,77.5842520701914,1000,1000000,100,1,1,False,Limited,True
8416_1458,8416,1458,13.101868487243982,77.5888614007564,13.097376931369027,13.106360043118936,77.5842520701914,77.5934707313214,1000,1000000,100,1,1,False,Limited,True
8417_1458,8417,1458,13.101868487243982,77.5980800618864,13.097376931369027,13.106360043118936,77.5934707313214,77.60268939245141,1000,1000000,100,8,4,True,Moderate,True
8418_1458,8418,1458,13.101868487243982,77.60729872301643,13.097376931369027,13.106360043118936,77.60268939245141,77.61190805358143,1000,1000000,100,1,1,False,Limited,True
8419_1458,8419,1458,13.101868487243982,77.61651738414643,13.097376931369027,13.106360043118936,77.61190805358143,77.62112671471144,1000,1000000,100,0,0,False,Prediction Only,True
8420_1458,8420,1458,13.101868487243982,77.62573604527645,13.097376931369027,13.106360043118936,77.62112671471144,77.63034537584146,1000,1000000,100,5,3,True,Moderate,True
8421_1458,8421,1458,13.101868487243982,77.63495470640646,13.097376931369027,13.106360043118936,77.63034537584146,77.63956403697146,1000,1000000,100,1,1,False,Limited,True
8422_1458,8422,1458,13.101868487243982,77.64417336753648,13.097376931369027,13.106360043118936,77.63956403697146,77.64878269810148,1000,1000000,100,3,2,False,Limited,True
8423_1458,8423,1458,13.101868487243982,77.65339202866649,13.097376931369027,13.106360043118936,77.64878269810148,77.65800135923149,1000,1000000,100,4,4,True,Moderate,True
8424_1458,8424,1458,13.101868487243982,77.66261068979651,13.097376931369027,13.106360043118936,77.65800135923149,77.66722002036151,1000,1000000,100,2,1,False,Limited,True
8425_1458,8425,1458,13.101868487243982,77.67182935092652,13.097376931369027,13.106360043118936,77.66722002036151,77.67643868149152,1000,1000000,100,3,3,True,Moderate,True
8426_1458,8426,1458,13.101868487243982,77.68104801205654,13.097376931369027,13.106360043118936,77.67643868149152,77.68565734262154,1000,1000000,100,3,2,False,Limited,True
8427_1458,8427,1458,13.101868487243982,77.69026667318654,13.097376931369027,13.106360043118936,77.68565734262154,77.69487600375155,1000,1000000,100,3,2,False,Limited,True
8428_1458,8428,1458,13.101868487243982,77.69948533431655,13.097376931369027,13.106360043118936,77.69487600375155,77.70409466488157,1000,1000000,100,2,2,False,Limited,True
8429_1458,8429,1458,13.101868487243982,77.70870399544657,13.097376931369027,13.106360043118936,77.70409466488157,77.71331332601157,1000,1000000,100,5,4,True,Moderate,True
8430_1458,8430,1458,13.101868487243982,77.71792265657658,13.097376931369027,13.106360043118936,77.71331332601157,77.7225319871416,1000,1000000,100,3,3,True,Moderate,True
8431_1458,8431,1458,13.101868487243982,77.7271413177066,13.097376931369027,13.106360043118936,77.7225319871416,77.7317506482716,1000,1000000,100,2,2,False,Limited,True
8432_1458,8432,1458,13.101868487243982,77.7363599788366,13.097376931369027,13.106360043118936,77.7317506482716,77.74096930940162,1000,1000000,100,2,2,False,Limited,True
8433_1458,8433,1458,13.101868487243982,77.74557863996662,13.097376931369027,13.106360043118936,77.74096930940162,77.75018797053163,1000,1000000,100,4,4,True,Moderate,True
8401_1459,8401,1459,13.110851598993891,77.4505814838062,13.106360043118936,13.115343154868846,77.44597215324119,77.4551908143712,1000,1000000,100,0,0,False,Prediction Only,True
8402_1459,8402,1459,13.110851598993891,77.45980014493621,13.106360043118936,13.115343154868846,77.4551908143712,77.46440947550121,1000,1000000,100,6,3,True,Moderate,True
8403_1459,8403,1459,13.110851598993891,77.46901880606623,13.106360043118936,13.115343154868846,77.46440947550121,77.47362813663123,1000,1000000,100,4,4,True,Moderate,True
8404_1459,8404,1459,13.110851598993891,77.47823746719624,13.106360043118936,13.115343154868846,77.47362813663123,77.48284679776124,1000,1000000,100,3,3,True,Moderate,True
8405_1459,8405,1459,13.110851598993891,77.48745612832626,13.106360043118936,13.115343154868846,77.48284679776124,77.49206545889126,1000,1000000,100,1,1,False,Limited,True
8406_1459,8406,1459,13.110851598993891,77.49667478945626,13.106360043118936,13.115343154868846,77.49206545889126,77.50128412002127,1000,1000000,100,1,1,False,Limited,True
8407_1459,8407,1459,13.110851598993891,77.50589345058627,13.106360043118936,13.115343154868846,77.50128412002127,77.51050278115129,1000,1000000,100,4,4,True,Moderate,True
8408_1459,8408,1459,13.110851598993891,77.51511211171629,13.106360043118936,13.115343154868846,77.51050278115129,77.5197214422813,1000,1000000,100,4,3,True,Moderate,True
8409_1459,8409,1459,13.110851598993891,77.5243307728463,13.106360043118936,13.115343154868846,77.5197214422813,77.52894010341132,1000,1000000,100,4,4,True,Moderate,True
8410_1459,8410,1459,13.110851598993891,77.53354943397632,13.106360043118936,13.115343154868846,77.52894010341132,77.53815876454132,1000,1000000,100,5,5,True,High,True
8411_1459,8411,1459,13.110851598993891,77.54276809510633,13.106360043118936,13.115343154868846,77.53815876454132,77.54737742567134,1000,1000000,100,4,4,True,Moderate,True
8412_1459,8412,1459,13.110851598993891,77.55198675623635,13.106360043118936,13.115343154868846,77.54737742567134,77.55659608680135,1000,1000000,100,3,3,True,Moderate,True
8413_1459,8413,1459,13.110851598993891,77.56120541736635,13.106360043118936,13.115343154868846,77.55659608680135,77.56581474793137,1000,1000000,100,1,1,False,Limited,True
8414_1459,8414,1459,13.110851598993891,77.57042407849637,13.106360043118936,13.115343154868846,77.56581474793137,77.57503340906138,1000,1000000,100,5,4,True,Moderate,True
8415_1459,8415,1459,13.110851598993891,77.57964273962638,13.106360043118936,13.115343154868846,77.57503340906138,77.5842520701914,1000,1000000,100,3,2,False,Limited,True
8416_1459,8416,1459,13.110851598993891,77.5888614007564,13.106360043118936,13.115343154868846,77.5842520701914,77.5934707313214,1000,1000000,100,3,2,False,Limited,True
8417_1459,8417,1459,13.110851598993891,77.5980800618864,13.106360043118936,13.115343154868846,77.5934707313214,77.60268939245141,1000,1000000,100,2,2,False,Limited,True
8418_1459,8418,1459,13.110851598993891,77.60729872301643,13.106360043118936,13.115343154868846,77.60268939245141,77.61190805358143,1000,1000000,100,5,5,True,High,True
8419_1459,8419,1459,13.110851598993891,77.61651738414643,13.106360043118936,13.115343154868846,77.61190805358143,77.62112671471144,1000,1000000,100,5,4,True,Moderate,True
8420_1459,8420,1459,13.110851598993891,77.62573604527645,13.106360043118936,13.115343154868846,77.62112671471144,77.63034537584146,1000,1000000,100,7,5,True,High,True
8421_1459,8421,1459,13.110851598993891,77.63495470640646,13.106360043118936,13.115343154868846,77.63034537584146,77.63956403697146,1000,1000000,100,4,3,True,Moderate,True
8422_1459,8422,1459,13.110851598993891,77.64417336753648,13.106360043118936,13.115343154868846,77.63956403697146,77.64878269810148,1000,1000000,100,3,2,False,Limited,True
8423_1459,8423,1459,13.110851598993891,77.65339202866649,13.106360043118936,13.115343154868846,77.64878269810148,77.65800135923149,1000,1000000,100,4,4,True,Moderate,True
8424_1459,8424,1459,13.110851598993891,77.66261068979651,13.106360043118936,13.115343154868846,77.65800135923149,77.66722002036151,1000,1000000,100,2,2,False,Limited,True
8425_1459,8425,1459,13.110851598993891,77.67182935092652,13.106360043118936,13.115343154868846,77.66722002036151,77.67643868149152,1000,1000000,100,4,3,True,Moderate,True
8426_1459,8426,1459,13.110851598993891,77.68104801205654,13.106360043118936,13.115343154868846,77.67643868149152,77.68565734262154,1000,1000000,100,3,2,False,Limited,True
8427_1459,8427,1459,13.110851598993891,77.69026667318654,13.106360043118936,13.115343154868846,77.68565734262154,77.69487600375155,1000,1000000,100,1,1,False,Limited,True
8428_1459,8428,1459,13.110851598993891,77.69948533431655,13.106360043118936,13.115343154868846,77.69487600375155,77.70409466488157,1000,1000000,100,1,1,False,Limited,True
8429_1459,8429,1459,13.110851598993891,77.70870399544657,13.106360043118936,13.115343154868846,77.70409466488157,77.71331332601157,1000,1000000,100,6,4,True,Moderate,True
8430_1459,8430,1459,13.110851598993891,77.71792265657658,13.106360043118936,13.115343154868846,77.71331332601157,77.7225319871416,1000,1000000,100,2,2,False,Limited,True
8431_1459,8431,1459,13.110851598993891,77.7271413177066,13.106360043118936,13.115343154868846,77.7225319871416,77.7317506482716,1000,1000000,100,2,2,False,Limited,True
8432_1459,8432,1459,13.110851598993891,77.7363599788366,13.106360043118936,13.115343154868846,77.7317506482716,77.74096930940162,1000,1000000,100,5,3,True,Moderate,True
8433_1459,8433,1459,13.110851598993891,77.74557863996662,13.106360043118936,13.115343154868846,77.74096930940162,77.75018797053163,1000,1000000,100,3,3,True,Moderate,True
8401_1460,8401,1460,13.119834710743802,77.4505814838062,13.115343154868846,13.124326266618757,77.44597215324119,77.4551908143712,1000,1000000,100,6,4,True,Moderate,True
8402_1460,8402,1460,13.119834710743802,77.45980014493621,13.115343154868846,13.124326266618757,77.4551908143712,77.46440947550121,1000,1000000,100,4,3,True,Moderate,True
8403_1460,8403,1460,13.119834710743802,77.46901880606623,13.115343154868846,13.124326266618757,77.46440947550121,77.47362813663123,1000,1000000,100,2,1,False,Limited,True
8404_1460,8404,1460,13.119834710743802,77.47823746719624,13.115343154868846,13.124326266618757,77.47362813663123,77.48284679776124,1000,1000000,100,6,5,True,High,True
8405_1460,8405,1460,13.119834710743802,77.48745612832626,13.115343154868846,13.124326266618757,77.48284679776124,77.49206545889126,1000,1000000,100,1,1,False,Limited,True
8406_1460,8406,1460,13.119834710743802,77.49667478945626,13.115343154868846,13.124326266618757,77.49206545889126,77.50128412002127,1000,1000000,100,6,4,True,Moderate,True
8407_1460,8407,1460,13.119834710743802,77.50589345058627,13.115343154868846,13.124326266618757,77.50128412002127,77.51050278115129,1000,1000000,100,4,4,True,Moderate,True
8408_1460,8408,1460,13.119834710743802,77.51511211171629,13.115343154868846,13.124326266618757,77.51050278115129,77.5197214422813,1000,1000000,100,5,3,True,Moderate,True
8409_1460,8409,1460,13.119834710743802,77.5243307728463,13.115343154868846,13.124326266618757,77.5197214422813,77.52894010341132,1000,1000000,100,2,2,False,Limited,True
8410_1460,8410,1460,13.119834710743802,77.53354943397632,13.115343154868846,13.124326266618757,77.52894010341132,77.53815876454132,1000,1000000,100,3,2,False,Limited,True
8411_1460,8411,1460,13.119834710743802,77.54276809510633,13.115343154868846,13.124326266618757,77.53815876454132,77.54737742567134,1000,1000000,100,3,3,True,Moderate,True
8412_1460,8412,1460,13.119834710743802,77.55198675623635,13.115343154868846,13.124326266618757,77.54737742567134,77.55659608680135,1000,1000000,100,6,5,True,High,True
8413_1460,8413,1460,13.119834710743802,77.56120541736635,13.115343154868846,13.124326266618757,77.55659608680135,77.56581474793137,1000,1000000,100,1,1,False,Limited,True
8414_1460,8414,1460,13.119834710743802,77.57042407849637,13.115343154868846,13.124326266618757,77.56581474793137,77.57503340906138,1000,1000000,100,2,2,False,Limited,True
8415_1460,8415,1460,13.119834710743802,77.57964273962638,13.115343154868846,13.124326266618757,77.57503340906138,77.5842520701914,1000,1000000,100,8,5,True,High,True
8416_1460,8416,1460,13.119834710743802,77.5888614007564,13.115343154868846,13.124326266618757,77.5842520701914,77.5934707313214,1000,1000000,100,1,1,False,Limited,True
8417_1460,8417,1460,13.119834710743802,77.5980800618864,13.115343154868846,13.124326266618757,77.5934707313214,77.60268939245141,1000,1000000,100,9,5,True,High,True
8418_1460,8418,1460,13.119834710743802,77.60729872301643,13.115343154868846,13.124326266618757,77.60268939245141,77.61190805358143,1000,1000000,100,3,2,False,Limited,True
8419_1460,8419,1460,13.119834710743802,77.61651738414643,13.115343154868846,13.124326266618757,77.61190805358143,77.62112671471144,1000,1000000,100,0,0,False,Prediction Only,True
8420_1460,8420,1460,13.119834710743802,77.62573604527645,13.115343154868846,13.124326266618757,77.62112671471144,77.63034537584146,1000,1000000,100,3,1,False,Limited,True
8421_1460,8421,1460,13.119834710743802,77.63495470640646,13.115343154868846,13.124326266618757,77.63034537584146,77.63956403697146,1000,1000000,100,5,4,True,Moderate,True
8422_1460,8422,1460,13.119834710743802,77.64417336753648,13.115343154868846,13.124326266618757,77.63956403697146,77.64878269810148,1000,1000000,100,2,2,False,Limited,True
8423_1460,8423,1460,13.119834710743802,77.65339202866649,13.115343154868846,13.124326266618757,77.64878269810148,77.65800135923149,1000,1000000,100,3,2,False,Limited,True
8424_1460,8424,1460,13.119834710743802,77.66261068979651,13.115343154868846,13.124326266618757,77.65800135923149,77.66722002036151,1000,1000000,100,1,1,False,Limited,True
8425_1460,8425,1460,13.119834710743802,77.67182935092652,13.115343154868846,13.124326266618757,77.66722002036151,77.67643868149152,1000,1000000,100,2,2,False,Limited,True
8426_1460,8426,1460,13.119834710743802,77.68104801205654,13.115343154868846,13.124326266618757,77.67643868149152,77.68565734262154,1000,1000000,100,2,2,False,Limited,True
8427_1460,8427,1460,13.119834710743802,77.69026667318654,13.115343154868846,13.124326266618757,77.68565734262154,77.69487600375155,1000,1000000,100,6,4,True,Moderate,True
8428_1460,8428,1460,13.119834710743802,77.69948533431655,13.115343154868846,13.124326266618757,77.69487600375155,77.70409466488157,1000,1000000,100,4,4,True,Moderate,True
8429_1460,8429,1460,13.119834710743802,77.70870399544657,13.115343154868846,13.124326266618757,77.70409466488157,77.71331332601157,1000,1000000,100,2,2,False,Limited,True
8430_1460,8430,1460,13.119834710743802,77.71792265657658,13.115343154868846,13.124326266618757,77.71331332601157,77.7225319871416,1000,1000000,100,2,2,False,Limited,True
8431_1460,8431,1460,13.119834710743802,77.7271413177066,13.115343154868846,13.124326266618757,77.7225319871416,77.7317506482716,1000,1000000,100,2,2,False,Limited,True
8432_1460,8432,1460,13.119834710743802,77.7363599788366,13.115343154868846,13.124326266618757,77.7317506482716,77.74096930940162,1000,1000000,100,3,3,True,Moderate,True
8433_1460,8433,1460,13.119834710743802,77.74557863996662,13.115343154868846,13.124326266618757,77.74096930940162,77.75018797053163,1000,1000000,100,6,4,True,Moderate,True
8401_1461,8401,1461,13.128817822493712,77.4505814838062,13.124326266618757,13.133309378368667,77.44597215324119,77.4551908143712,1000,1000000,100,2,2,False,Limited,True
8402_1461,8402,1461,13.128817822493712,77.45980014493621,13.124326266618757,13.133309378368667,77.4551908143712,77.46440947550121,1000,1000000,100,4,3,True,Moderate,True
8403_1461,8403,1461,13.128817822493712,77.46901880606623,13.124326266618757,13.133309378368667,77.46440947550121,77.47362813663123,1000,1000000,100,3,3,True,Moderate,True
8404_1461,8404,1461,13.128817822493712,77.47823746719624,13.124326266618757,13.133309378368667,77.47362813663123,77.48284679776124,1000,1000000,100,4,4,True,Moderate,True
8405_1461,8405,1461,13.128817822493712,77.48745612832626,13.124326266618757,13.133309378368667,77.48284679776124,77.49206545889126,1000,1000000,100,5,5,True,High,True
8406_1461,8406,1461,13.128817822493712,77.49667478945626,13.124326266618757,13.133309378368667,77.49206545889126,77.50128412002127,1000,1000000,100,1,1,False,Limited,True
8407_1461,8407,1461,13.128817822493712,77.50589345058627,13.124326266618757,13.133309378368667,77.50128412002127,77.51050278115129,1000,1000000,100,3,3,True,Moderate,True
8408_1461,8408,1461,13.128817822493712,77.51511211171629,13.124326266618757,13.133309378368667,77.51050278115129,77.5197214422813,1000,1000000,100,9,4,True,Moderate,True
8409_1461,8409,1461,13.128817822493712,77.5243307728463,13.124326266618757,13.133309378368667,77.5197214422813,77.52894010341132,1000,1000000,100,4,3,True,Moderate,True
8410_1461,8410,1461,13.128817822493712,77.53354943397632,13.124326266618757,13.133309378368667,77.52894010341132,77.53815876454132,1000,1000000,100,6,3,True,Moderate,True
8411_1461,8411,1461,13.128817822493712,77.54276809510633,13.124326266618757,13.133309378368667,77.53815876454132,77.54737742567134,1000,1000000,100,2,1,False,Limited,True
8412_1461,8412,1461,13.128817822493712,77.55198675623635,13.124326266618757,13.133309378368667,77.54737742567134,77.55659608680135,1000,1000000,100,5,5,True,High,True
8413_1461,8413,1461,13.128817822493712,77.56120541736635,13.124326266618757,13.133309378368667,77.55659608680135,77.56581474793137,1000,1000000,100,10,7,True,Very High,True
8414_1461,8414,1461,13.128817822493712,77.57042407849637,13.124326266618757,13.133309378368667,77.56581474793137,77.57503340906138,1000,1000000,100,3,3,True,Moderate,True
8415_1461,8415,1461,13.128817822493712,77.57964273962638,13.124326266618757,13.133309378368667,77.57503340906138,77.5842520701914,1000,1000000,100,2,1,False,Limited,True
8416_1461,8416,1461,13.128817822493712,77.5888614007564,13.124326266618757,13.133309378368667,77.5842520701914,77.5934707313214,1000,1000000,100,5,4,True,Moderate,True
8417_1461,8417,1461,13.128817822493712,77.5980800618864,13.124326266618757,13.133309378368667,77.5934707313214,77.60268939245141,1000,1000000,100,7,4,True,Moderate,True
8418_1461,8418,1461,13.128817822493712,77.60729872301643,13.124326266618757,13.133309378368667,77.60268939245141,77.61190805358143,1000,1000000,100,2,2,False,Limited,True
8419_1461,8419,1461,13.128817822493712,77.61651738414643,13.124326266618757,13.133309378368667,77.61190805358143,77.62112671471144,1000,1000000,100,5,3,True,Moderate,True
8420_1461,8420,1461,13.128817822493712,77.62573604527645,13.124326266618757,13.133309378368667,77.62112671471144,77.63034537584146,1000,1000000,100,3,3,True,Moderate,True
8421_1461,8421,1461,13.128817822493712,77.63495470640646,13.124326266618757,13.133309378368667,77.63034537584146,77.63956403697146,1000,1000000,100,6,4,True,Moderate,True
8422_1461,8422,1461,13.128817822493712,77.64417336753648,13.124326266618757,13.133309378368667,77.63956403697146,77.64878269810148,1000,1000000,100,3,2,False,Limited,True
8423_1461,8423,1461,13.128817822493712,77.65339202866649,13.124326266618757,13.133309378368667,77.64878269810148,77.65800135923149,1000,1000000,100,3,3,True,Moderate,True
8424_1461,8424,1461,13.128817822493712,77.66261068979651,13.124326266618757,13.133309378368667,77.65800135923149,77.66722002036151,1000,1000000,100,3,2,False,Limited,True
8425_1461,8425,1461,13.128817822493712,77.67182935092652,13.124326266618757,13.133309378368667,77.66722002036151,77.67643868149152,1000,1000000,100,3,3,True,Moderate,True
8426_1461,8426,1461,13.128817822493712,77.68104801205654,13.124326266618757,13.133309378368667,77.67643868149152,77.68565734262154,1000,1000000,100,5,4,True,Moderate,True
8427_1461,8427,1461,13.128817822493712,77.69026667318654,13.124326266618757,13.133309378368667,77.68565734262154,77.69487600375155,1000,1000000,100,7,3,True,Moderate,True
8428_1461,8428,1461,13.128817822493712,77.69948533431655,13.124326266618757,13.133309378368667,77.69487600375155,77.70409466488157,1000,1000000,100,2,2,False,Limited,True
8429_1461,8429,1461,13.128817822493712,77.70870399544657,13.124326266618757,13.133309378368667,77.70409466488157,77.71331332601157,1000,1000000,100,2,2,False,Limited,True
8430_1461,8430,1461,13.128817822493712,77.71792265657658,13.124326266618757,13.133309378368667,77.71331332601157,77.7225319871416,1000,1000000,100,1,1,False,Limited,True
8431_1461,8431,1461,13.128817822493712,77.7271413177066,13.124326266618757,13.133309378368667,77.7225319871416,77.7317506482716,1000,1000000,100,8,6,True,Very High,True
8432_1461,8432,1461,13.128817822493712,77.7363599788366,13.124326266618757,13.133309378368667,77.7317506482716,77.74096930940162,1000,1000000,100,4,3,True,Moderate,True
8433_1461,8433,1461,13.128817822493712,77.74557863996662,13.124326266618757,13.133309378368667,77.74096930940162,77.75018797053163,1000,1000000,100,3,3,True,Moderate,True
8401_1462,8401,1462,13.137800934243621,77.4505814838062,13.133309378368667,13.142292490118576,77.44597215324119,77.4551908143712,1000,1000000,100,5,5,True,High,True
8402_1462,8402,1462,13.137800934243621,77.45980014493621,13.133309378368667,13.142292490118576,77.4551908143712,77.46440947550121,1000,1000000,100,6,3,True,Moderate,True
8403_1462,8403,1462,13.137800934243621,77.46901880606623,13.133309378368667,13.142292490118576,77.46440947550121,77.47362813663123,1000,1000000,100,4,2,False,Limited,True
8404_1462,8404,1462,13.137800934243621,77.47823746719624,13.133309378368667,13.142292490118576,77.47362813663123,77.48284679776124,1000,1000000,100,1,1,False,Limited,True
8405_1462,8405,1462,13.137800934243621,77.48745612832626,13.133309378368667,13.142292490118576,77.48284679776124,77.49206545889126,1000,1000000,100,4,3,True,Moderate,True
8406_1462,8406,1462,13.137800934243621,77.49667478945626,13.133309378368667,13.142292490118576,77.49206545889126,77.50128412002127,1000,1000000,100,4,3,True,Moderate,True
8407_1462,8407,1462,13.137800934243621,77.50589345058627,13.133309378368667,13.142292490118576,77.50128412002127,77.51050278115129,1000,1000000,100,5,3,True,Moderate,True
8408_1462,8408,1462,13.137800934243621,77.51511211171629,13.133309378368667,13.142292490118576,77.51050278115129,77.5197214422813,1000,1000000,100,4,3,True,Moderate,True
8409_1462,8409,1462,13.137800934243621,77.5243307728463,13.133309378368667,13.142292490118576,77.5197214422813,77.52894010341132,1000,1000000,100,5,4,True,Moderate,True
8410_1462,8410,1462,13.137800934243621,77.53354943397632,13.133309378368667,13.142292490118576,77.52894010341132,77.53815876454132,1000,1000000,100,5,4,True,Moderate,True
8411_1462,8411,1462,13.137800934243621,77.54276809510633,13.133309378368667,13.142292490118576,77.53815876454132,77.54737742567134,1000,1000000,100,4,2,False,Limited,True
8412_1462,8412,1462,13.137800934243621,77.55198675623635,13.133309378368667,13.142292490118576,77.54737742567134,77.55659608680135,1000,1000000,100,4,4,True,Moderate,True
8413_1462,8413,1462,13.137800934243621,77.56120541736635,13.133309378368667,13.142292490118576,77.55659608680135,77.56581474793137,1000,1000000,100,3,3,True,Moderate,True
8414_1462,8414,1462,13.137800934243621,77.57042407849637,13.133309378368667,13.142292490118576,77.56581474793137,77.57503340906138,1000,1000000,100,10,5,True,High,True
8415_1462,8415,1462,13.137800934243621,77.57964273962638,13.133309378368667,13.142292490118576,77.57503340906138,77.5842520701914,1000,1000000,100,3,2,False,Limited,True
8416_1462,8416,1462,13.137800934243621,77.5888614007564,13.133309378368667,13.142292490118576,77.5842520701914,77.5934707313214,1000,1000000,100,5,4,True,Moderate,True
8417_1462,8417,1462,13.137800934243621,77.5980800618864,13.133309378368667,13.142292490118576,77.5934707313214,77.60268939245141,1000,1000000,100,5,4,True,Moderate,True
8418_1462,8418,1462,13.137800934243621,77.60729872301643,13.133309378368667,13.142292490118576,77.60268939245141,77.61190805358143,1000,1000000,100,6,3,True,Moderate,True
8419_1462,8419,1462,13.137800934243621,77.61651738414643,13.133309378368667,13.142292490118576,77.61190805358143,77.62112671471144,1000,1000000,100,1,1,False,Limited,True
8420_1462,8420,1462,13.137800934243621,77.62573604527645,13.133309378368667,13.142292490118576,77.62112671471144,77.63034537584146,1000,1000000,100,4,3,True,Moderate,True
8421_1462,8421,1462,13.137800934243621,77.63495470640646,13.133309378368667,13.142292490118576,77.63034537584146,77.63956403697146,1000,1000000,100,6,3,True,Moderate,True
8422_1462,8422,1462,13.137800934243621,77.64417336753648,13.133309378368667,13.142292490118576,77.63956403697146,77.64878269810148,1000,1000000,100,7,4,True,Moderate,True
8423_1462,8423,1462,13.137800934243621,77.65339202866649,13.133309378368667,13.142292490118576,77.64878269810148,77.65800135923149,1000,1000000,100,2,2,False,Limited,True
8424_1462,8424,1462,13.137800934243621,77.66261068979651,13.133309378368667,13.142292490118576,77.65800135923149,77.66722002036151,1000,1000000,100,2,2,False,Limited,True
8425_1462,8425,1462,13.137800934243621,77.67182935092652,13.133309378368667,13.142292490118576,77.66722002036151,77.67643868149152,1000,1000000,100,3,2,False,Limited,True
8426_1462,8426,1462,13.137800934243621,77.68104801205654,13.133309378368667,13.142292490118576,77.67643868149152,77.68565734262154,1000,1000000,100,2,2,False,Limited,True
8427_1462,8427,1462,13.137800934243621,77.69026667318654,13.133309378368667,13.142292490118576,77.68565734262154,77.69487600375155,1000,1000000,100,5,3,True,Moderate,True
8428_1462,8428,1462,13.137800934243621,77.69948533431655,13.133309378368667,13.142292490118576,77.69487600375155,77.70409466488157,1000,1000000,100,1,1,False,Limited,True
8429_1462,8429,1462,13.137800934243621,77.70870399544657,13.133309378368667,13.142292490118576,77.70409466488157,77.71331332601157,1000,1000000,100,4,3,True,Moderate,True
8430_1462,8430,1462,13.137800934243621,77.71792265657658,13.133309378368667,13.142292490118576,77.71331332601157,77.7225319871416,1000,1000000,100,2,2,False,Limited,True
8431_1462,8431,1462,13.137800934243621,77.7271413177066,13.133309378368667,13.142292490118576,77.7225319871416,77.7317506482716,1000,1000000,100,4,3,True,Moderate,True
8432_1462,8432,1462,13.137800934243621,77.7363599788366,13.133309378368667,13.142292490118576,77.7317506482716,77.74096930940162,1000,1000000,100,7,5,True,High,True
8433_1462,8433,1462,13.137800934243621,77.74557863996662,13.133309378368667,13.142292490118576,77.74096930940162,77.75018797053163,1000,1000000,100,4,3,True,Moderate,True
8401_1463,8401,1463,13.146784045993533,77.4505814838062,13.142292490118576,13.151275601868488,77.44597215324119,77.4551908143712,1000,1000000,100,1,1,False,Limited,True
8402_1463,8402,1463,13.146784045993533,77.45980014493621,13.142292490118576,13.151275601868488,77.4551908143712,77.46440947550121,1000,1000000,100,3,1,False,Limited,True
8403_1463,8403,1463,13.146784045993533,77.46901880606623,13.142292490118576,13.151275601868488,77.46440947550121,77.47362813663123,1000,1000000,100,3,3,True,Moderate,True
8404_1463,8404,1463,13.146784045993533,77.47823746719624,13.142292490118576,13.151275601868488,77.47362813663123,77.48284679776124,1000,1000000,100,4,4,True,Moderate,True
8405_1463,8405,1463,13.146784045993533,77.48745612832626,13.142292490118576,13.151275601868488,77.48284679776124,77.49206545889126,1000,1000000,100,5,4,True,Moderate,True
8406_1463,8406,1463,13.146784045993533,77.49667478945626,13.142292490118576,13.151275601868488,77.49206545889126,77.50128412002127,1000,1000000,100,4,3,True,Moderate,True
8407_1463,8407,1463,13.146784045993533,77.50589345058627,13.142292490118576,13.151275601868488,77.50128412002127,77.51050278115129,1000,1000000,100,3,2,False,Limited,True
8408_1463,8408,1463,13.146784045993533,77.51511211171629,13.142292490118576,13.151275601868488,77.51050278115129,77.5197214422813,1000,1000000,100,3,3,True,Moderate,True
8409_1463,8409,1463,13.146784045993533,77.5243307728463,13.142292490118576,13.151275601868488,77.5197214422813,77.52894010341132,1000,1000000,100,1,1,False,Limited,True
8410_1463,8410,1463,13.146784045993533,77.53354943397632,13.142292490118576,13.151275601868488,77.52894010341132,77.53815876454132,1000,1000000,100,2,2,False,Limited,True
8411_1463,8411,1463,13.146784045993533,77.54276809510633,13.142292490118576,13.151275601868488,77.53815876454132,77.54737742567134,1000,1000000,100,1,1,False,Limited,True
8412_1463,8412,1463,13.146784045993533,77.55198675623635,13.142292490118576,13.151275601868488,77.54737742567134,77.55659608680135,1000,1000000,100,3,2,False,Limited,True
8413_1463,8413,1463,13.146784045993533,77.56120541736635,13.142292490118576,13.151275601868488,77.55659608680135,77.56581474793137,1000,1000000,100,0,0,False,Prediction Only,True
8414_1463,8414,1463,13.146784045993533,77.57042407849637,13.142292490118576,13.151275601868488,77.56581474793137,77.57503340906138,1000,1000000,100,7,4,True,Moderate,True
8415_1463,8415,1463,13.146784045993533,77.57964273962638,13.142292490118576,13.151275601868488,77.57503340906138,77.5842520701914,1000,1000000,100,6,5,True,High,True
8416_1463,8416,1463,13.146784045993533,77.5888614007564,13.142292490118576,13.151275601868488,77.5842520701914,77.5934707313214,1000,1000000,100,0,0,False,Prediction Only,True
8417_1463,8417,1463,13.146784045993533,77.5980800618864,13.142292490118576,13.151275601868488,77.5934707313214,77.60268939245141,1000,1000000,100,5,4,True,Moderate,True
8418_1463,8418,1463,13.146784045993533,77.60729872301643,13.142292490118576,13.151275601868488,77.60268939245141,77.61190805358143,1000,1000000,100,2,2,False,Limited,True
8419_1463,8419,1463,13.146784045993533,77.61651738414643,13.142292490118576,13.151275601868488,77.61190805358143,77.62112671471144,1000,1000000,100,2,2,False,Limited,True
8420_1463,8420,1463,13.146784045993533,77.62573604527645,13.142292490118576,13.151275601868488,77.62112671471144,77.63034537584146,1000,1000000,100,3,3,True,Moderate,True
8421_1463,8421,1463,13.146784045993533,77.63495470640646,13.142292490118576,13.151275601868488,77.63034537584146,77.63956403697146,1000,1000000,100,3,3,True,Moderate,True
8422_1463,8422,1463,13.146784045993533,77.64417336753648,13.142292490118576,13.151275601868488,77.63956403697146,77.64878269810148,1000,1000000,100,4,3,True,Moderate,True
8423_1463,8423,1463,13.146784045993533,77.65339202866649,13.142292490118576,13.151275601868488,77.64878269810148,77.65800135923149,1000,1000000,100,0,0,False,Prediction Only,True
8424_1463,8424,1463,13.146784045993533,77.66261068979651,13.142292490118576,13.151275601868488,77.65800135923149,77.66722002036151,1000,1000000,100,2,2,False,Limited,True
8425_1463,8425,1463,13.146784045993533,77.67182935092652,13.142292490118576,13.151275601868488,77.66722002036151,77.67643868149152,1000,1000000,100,3,3,True,Moderate,True
8426_1463,8426,1463,13.146784045993533,77.68104801205654,13.142292490118576,13.151275601868488,77.67643868149152,77.68565734262154,1000,1000000,100,5,3,True,Moderate,True
8427_1463,8427,1463,13.146784045993533,77.69026667318654,13.142292490118576,13.151275601868488,77.68565734262154,77.69487600375155,1000,1000000,100,4,3,True,Moderate,True
8428_1463,8428,1463,13.146784045993533,77.69948533431655,13.142292490118576,13.151275601868488,77.69487600375155,77.70409466488157,1000,1000000,100,4,3,True,Moderate,True
8429_1463,8429,1463,13.146784045993533,77.70870399544657,13.142292490118576,13.151275601868488,77.70409466488157,77.71331332601157,1000,1000000,100,2,1,False,Limited,True
8430_1463,8430,1463,13.146784045993533,77.71792265657658,13.142292490118576,13.151275601868488,77.71331332601157,77.7225319871416,1000,1000000,100,1,1,False,Limited,True
8431_1463,8431,1463,13.146784045993533,77.7271413177066,13.142292490118576,13.151275601868488,77.7225319871416,77.7317506482716,1000,1000000,100,5,4,True,Moderate,True
8432_1463,8432,1463,13.146784045993533,77.7363599788366,13.142292490118576,13.151275601868488,77.7317506482716,77.74096930940162,1000,1000000,100,5,4,True,Moderate,True
8433_1463,8433,1463,13.146784045993533,77.74557863996662,13.142292490118576,13.151275601868488,77.74096930940162,77.75018797053163,1000,1000000,100,3,2,False,Limited,True
