L_NDVI,NDBI,NDWI,S2_NDVI,Air_Temp,Wind_Speed,Relative_Humidity,LST
0.3753957595735157,0.0580063993221624,-0.4619097877052443,0.2944623498388514,18.77092323303225,2.9235547705381517,62.60771955682329,34.893888619999984
0.1814021067925899,0.0515967240704175,-0.2269239060142271,0.2157838606469961,18.178475316365564,3.0367836134203143,64.33165852586,29.291753840000013
0.559444213211006,-0.1043007111412123,-0.5446977605066712,0.5156422524843578,18.77092323303225,2.9235547705381517,62.60771955682329,32.56963502000002
0.4010126068632241,-0.0155152244393194,-0.4162417146000166,0.4889663182346109,18.77092323303225,2.9235547705381517,62.60771955682329,32.10820232000003
0.2992185696857791,-0.0954075391971533,-0.3464241374990033,0.0958904109589041,18.54354693094893,2.984148439590686,62.90115217725584,29.45581880000003
0.1762817779362852,0.0364664041661374,-0.2294415091893294,0.1191512513601741,18.57479693094893,2.94861928655015,63.63319549091134,31.94755538000004
0.2201627662474204,-0.0526581002771478,-0.2842476280251644,0.052695336159903,18.178475316365564,3.0367836134203143,64.33165852586,31.48954070000002
0.253564517377506,0.04209623517582,-0.3282047076191257,0.1931087683209051,18.178475316365564,3.0367836134203143,64.33165852586,30.843534920000025
0.7649528218608391,-0.470755549743355,-0.7101529162429553,0.8012713282034125,18.12785682678225,3.042692733145983,65.54639981076248,27.37766264000004
0.1895316478181064,0.0348041537120541,-0.2225187554875558,0.0898292501855976,18.178475316365564,3.0367836134203143,64.33165852586,29.67115406000005
0.5205529878522639,-0.193106325620206,-0.5288070074433523,0.6618505994466646,18.178475316365564,3.0367836134203143,64.33165852586,29.797620800000004
0.3092581624540453,0.107864702823963,-0.3860553920544091,0.259244917715392,18.12785682678225,3.042692733145983,65.54639981076248,33.01397761999999
0.8371251721677371,-0.4191476679122415,-0.77836856647176,0.8135474860335196,18.54354693094893,2.984148439590686,62.90115217725584,26.769255079999997
0.6956189140516678,-0.160263470703061,-0.6727458533134186,0.7377892030848329,18.34579302469893,2.935192618336431,64.89503711773511,30.93240344000003
0.7904093760316936,-0.2722484839243193,-0.7500524388079449,0.7524359437026344,18.77092323303225,2.9235547705381517,62.60771955682329,28.49193716000002
0.2545236354090491,0.0088001303723018,-0.2569866513860576,0.0929167788849986,18.178475316365564,3.0367836134203143,64.33165852586,29.565195440000025
0.7071163435941659,-0.1984864438010002,-0.6890047112067367,0.6613272311212814,18.23601112365725,2.988557521308597,65.39613749133562,29.582285540000044
0.3167447853448114,0.0641627127641925,-0.2873913678521873,0.3386374937841869,18.42692909240725,3.0261659658319164,63.215962152773066,30.03688220000004
0.6826460332555258,-0.2281989661500923,-0.6873261618708415,0.349171270718232,18.079354222615564,3.078370231760757,65.82244784811813,31.974899540000024
0.2036645760432935,0.0354104899644623,-0.2668588706841993,0.2332361516034985,18.33977088928225,2.992261602896399,64.03543207444856,30.464134700000045
0.1296714008818562,0.0716717509256455,-0.1785302516983877,0.0682025964527335,18.34579302469893,2.935192618336431,64.89503711773511,31.99540766000001
0.4603121005282073,-0.0702593775410396,-0.4831345075080224,0.3041125541125541,18.079354222615564,3.078370231760757,65.82244784811813,31.523720900000058
0.4804530148263232,-0.0742359860638552,-0.5034732881651187,0.4716756112104949,18.34579302469893,2.935192618336431,64.89503711773511,32.91485504000002
0.6980403691312181,-0.2457433393797582,-0.6678553694759175,0.7238493723849372,18.079354222615564,3.078370231760757,65.82244784811813,29.725842380000017
0.8388953235847691,-0.3970947139743845,-0.7614020489885069,0.8420628525382756,18.42692909240725,3.0261659658319164,63.215962152773066,27.685284440000032
0.2299178629290531,0.1442858125886775,-0.3886165200838021,0.2975529508533827,18.12785682678225,3.042692733145983,65.54639981076248,31.10672246000001
0.1765910169026041,0.0195292453222741,-0.2231729579609459,0.0803253685815963,18.54354693094893,2.984148439590686,62.90115217725584,31.058870179999985
0.5833277590730377,-0.1829393570885183,-0.5896961375440272,0.507984262902106,18.12785682678225,3.042692733145983,65.54639981076248,27.57248978000001
-0.0004463276508675331,0.1981940511561513,-0.0756850831831026,-0.0335332000888296,18.079354222615564,3.078370231760757,65.82244784811813,35.91245858000002
0.7732343945502572,-0.2946154431728793,-0.7104566179428726,0.7073023536511768,18.33977088928225,2.992261602896399,64.03543207444856,30.563257280000016
0.1820496499045194,0.0166869409660107,-0.2540770417149585,0.1852404025344763,18.12785682678225,3.042692733145983,65.54639981076248,30.939239480000023
0.2190043315269118,0.0786464068120091,-0.2550721449498535,0.1036505867014341,18.77092323303225,2.9235547705381517,62.60771955682329,32.13896450000004
0.7140488270865064,-0.219400544959128,-0.70106430551829,0.6409699601882012,18.12785682678225,3.042692733145983,65.54639981076248,28.03392248
0.6708574210430233,-0.3151889639315993,-0.6285602438937591,0.5394038383013475,18.12785682678225,3.042692733145983,65.54639981076248,29.72242435999999
0.1742651239263049,0.0362083969176829,-0.2591860273521173,0.1081213307240704,18.54354693094893,2.984148439590686,62.90115217725584,30.52565906000001
0.5026663665225459,-0.2117251610237921,-0.5287734843279871,0.7192182410423453,18.23601112365725,2.988557521308597,65.39613749133562,31.175082860000032
0.3900786389040011,-0.0462718236980233,-0.4631810017960487,0.3762872986532876,18.079354222615564,3.078370231760757,65.82244784811813,30.91873136000004
0.5573644676681908,-0.0039950101849073,-0.593280932851093,0.5217838765008577,18.079354222615564,3.078370231760757,65.82244784811813,32.82256849999999
0.4219978540395067,-0.1360276552092409,-0.4647943468019568,0.6829875518672199,18.079354222615564,3.078370231760757,65.82244784811813,29.47632692000002
0.6572604474461797,-0.1918429920160286,-0.627041027766266,0.6668183887118798,18.34579302469893,2.935192618336431,64.89503711773511,30.286397660000038
0.3846105374260575,0.0523614682558935,-0.4210556098980607,0.2814710042432815,18.77092323303225,2.9235547705381517,62.60771955682329,32.86358474000002
0.2340469290455269,0.0272361497988238,-0.2706323996534797,0.1596373669688608,18.178475316365564,3.0367836134203143,64.33165852586,30.877715120000005
0.4800134541849596,0.021122390436381,-0.5435872344746728,0.5003579098067287,19.11906776428225,2.8733089733618686,62.28048726827334,33.15411644000005
0.5100544579757141,-0.2015341359266867,-0.5036414369197831,0.4285714285714285,18.77092323303225,2.9235547705381517,62.60771955682329,30.347922020000052
0.2499016849683879,0.0558834954414241,-0.3359991377452036,0.0983050847457627,18.23601112365725,2.988557521308597,65.39613749133562,31.855268840000008
0.145937126246505,0.0525840165544699,-0.2337591458734841,0.1050800278357689,18.178475316365564,3.0367836134203143,64.33165852586,31.56815516000006
0.7706859023564421,-0.3443235432649705,-0.7130272018880592,0.7116953762466002,18.33977088928225,2.992261602896399,64.03543207444856,27.03927866000004
0.2343060287364834,-0.0282329713721619,-0.3302151095502255,0.1252771618625277,18.17033729553225,3.0582498735863317,64.52942736293296,29.15161502000001
0.1190804921161168,0.0783904749489418,-0.2067480939195084,0.1139058569888609,18.77092323303225,2.9235547705381517,62.60771955682329,31.82450666
0.3368939104264057,0.0746165437927693,-0.4041456147169322,0.179429849077697,18.12785682678225,3.042692733145983,65.54639981076248,32.34062768000001
0.7107473769168686,-0.1765290988374675,-0.6702936466909586,0.7311966916515895,18.12785682678225,3.042692733145983,65.54639981076248,29.175541160000023
0.6162427878562279,-0.0804247751341145,-0.6158535917951862,0.6122531237404273,18.079354222615564,3.078370231760757,65.82244784811813,30.829862840000036
0.4751637353741998,0.001096272672912,-0.5001443248270774,0.2700278379214352,18.17033729553225,3.0582498735863317,64.52942736293296,29.531015239999988
0.7911699528382296,-0.2678394748908033,-0.7004056445000647,0.7775051124744377,18.12785682678225,3.042692733145983,65.54639981076248,29.68482614000004
0.1988182578008915,0.0747072368715784,-0.2224675209375277,0.0531193116001985,18.079354222615564,3.078370231760757,65.82244784811813,33.68390954000006
0.7100773872107452,-0.2415362926795722,-0.6671714839782067,0.7621621621621621,18.77092323303225,2.9235547705381517,62.60771955682329,29.448982760000035
0.5237447079308121,-0.1431849076622127,-0.567169063505627,0.6136288455176977,18.079354222615564,3.078370231760757,65.82244784811813,31.503212780000013
0.3678650897798499,0.072129951124577,-0.5064405805947775,0.2581403155421282,18.17033729553225,3.0582498735863317,64.52942736293296,30.14967686
0.318652336174724,-0.0391496298308768,-0.3835844381341676,0.1238380809595202,18.12785682678225,3.042692733145983,65.54639981076248,30.006120020000026
0.4959736415926731,-0.0671308837120367,-0.4853891963226245,0.5723140495867769,19.11906776428225,2.8733089733618686,62.28048726827334,30.464134700000045
0.6491159469568173,-0.1608683684582151,-0.6266056276620721,0.7364098552991787,18.079354222615564,3.078370231760757,65.82244784811813,29.97193981999999
0.5908620354154505,-0.1334061631795218,-0.6073768235617947,0.5794241345842769,19.11906776428225,2.8733089733618686,62.28048726827334,30.67605193999998
0.1154985356762512,0.0317749180351546,-0.1732677599453944,0.0584120321790836,18.33977088928225,2.992261602896399,64.03543207444856,31.670695760000054
0.5596405507909933,-0.1326550868486352,-0.5510419055871283,0.6219211822660099,18.77092323303225,2.9235547705381517,62.60771955682329,29.56861346000005
0.2182943534794988,-0.0199464412234457,-0.2452113739489947,0.3022585295530994,18.77092323303225,2.9235547705381517,62.60771955682329,30.89138720000005
0.321924876514142,-0.0101056499770325,-0.3261634335109056,0.1642685851318945,18.33977088928225,2.992261602896399,64.03543207444856,28.62182192
0.6137980231704724,-0.1588596309759533,-0.632396203374778,0.6184683439314349,18.23601112365725,2.988557521308597,65.39613749133562,31.57157318000003
0.5222031236474706,-0.1083538924204499,-0.5213753383347135,0.6313131313131313,18.178475316365564,3.0367836134203143,64.33165852586,31.137484640000025
0.2028952077947902,0.0743306932389917,-0.2549393831268516,0.2364672364672364,18.23601112365725,2.988557521308597,65.39613749133562,32.53887284000001
0.77581360754841,-0.303480060434468,-0.7130700305351155,0.8395522388059702,18.079354222615564,3.078370231760757,65.82244784811813,29.60279366000003
0.179830655666522,0.1305050440403523,-0.2317508528168455,0.1139526137645731,18.34579302469893,2.935192618336431,64.89503711773511,32.26201322000003
0.1385465689603249,0.0575820523473203,-0.2424943453857703,0.108740408010481,18.23601112365725,2.988557521308597,65.39613749133562,32.60039720000003
0.8210877583279669,-0.3830882271206412,-0.7389189755773731,0.77491961414791,18.77092323303225,2.9235547705381517,62.60771955682329,27.82542325999998
0.221414198251977,0.0136907819352799,-0.2482888379099755,0.173932384341637,18.079354222615564,3.078370231760757,65.82244784811813,30.939239480000023
0.6005578194936203,-0.1277624797006284,-0.6130036691688828,0.4712430426716141,18.42692909240725,3.0261659658319164,63.215962152773066,31.564737140000037
0.4124841352255682,-0.2137616498116198,-0.3017864738409186,0.0366492146596858,18.23601112365725,2.988557521308597,65.39613749133562,28.98071402000005
0.1847487360933256,0.040299321848936,-0.1980149849177775,0.1035111719106247,18.178475316365564,3.0367836134203143,64.33165852586,30.27956161999998
0.5310045615118153,0.0264490837418011,-0.5736003031611603,0.5471204188481675,18.34579302469893,2.935192618336431,64.89503711773511,30.81277274000001
0.3390401866527212,-0.0461882731569948,-0.3209206349206348,0.3298153034300791,18.17033729553225,3.0582498735863317,64.52942736293296,28.32103616000001
0.4220202356582466,-0.0010618492725643,-0.4634893754284103,0.6131816398587682,18.34579302469893,2.935192618336431,64.89503711773511,32.72344592000002
0.7570121623076094,-0.3288651793321646,-0.7093851223053724,0.8222791293213828,18.33977088928225,2.992261602896399,64.03543207444856,28.286855960000025
0.3260775578488318,0.0419761804527615,-0.3786728422204632,0.1949044585987261,18.42692909240725,3.0261659658319164,63.215962152773066,29.80103882000003
0.3019074043639245,0.0315625966330353,-0.3501498852049768,0.1646919431279621,18.23601112365725,2.988557521308597,65.39613749133562,32.73711800000001
0.2885980710525767,0.1211359518908818,-0.397410471227877,0.2146050670640834,18.42692909240725,3.0261659658319164,63.215962152773066,34.72982366000002
0.3498866474543709,-0.0690922812868985,-0.4223917338774983,-0.0282666666666666,18.42692909240725,3.0261659658319164,63.215962152773066,29.41480256
0.6222195646974408,-0.1302081163594813,-0.6245092084890894,0.6438176451295506,18.77092323303225,2.9235547705381517,62.60771955682329,31.482704660000024
0.7036140535876912,-0.1852438516048353,-0.6759993869876336,0.6059739434381951,18.079354222615564,3.078370231760757,65.82244784811813,29.814710900000023
0.744338946455592,-0.3257248155595757,-0.6762985135548829,0.8175582990397805,18.54354693094893,2.984148439590686,62.90115217725584,28.69018232000002
0.1461405808098225,0.120011016015592,-0.1354572416526576,0.0520336287207452,18.23601112365725,2.988557521308597,65.39613749133562,30.62136362000001
0.5426851858852707,-0.0532037351530762,-0.5539291099907084,0.4906179634726044,18.57479693094893,2.94861928655015,63.63319549091134,31.503212780000013
0.4016047384551809,0.0141741590451093,-0.4385506057992733,0.401814457126134,18.23601112365725,2.988557521308597,65.39613749133562,31.742474180000045
0.3325312077004062,-0.3177072488771232,-0.319650277781915,0.2954403497813866,18.42692909240725,3.0261659658319164,63.215962152773066,28.939697780000017
0.53579013699909,-0.0296622766983961,-0.5721145805958382,0.5317626006561288,18.33977088928225,2.992261602896399,64.03543207444856,33.53351666000003
0.646670390781981,-0.08924050981971,-0.6314089591197827,0.6275650842266463,18.42692909240725,3.0261659658319164,63.215962152773066,29.749768520000032
0.4690223335567863,-0.0161067929178919,-0.4917461597026289,0.4458214172227518,18.12785682678225,3.042692733145983,65.54639981076248,32.80206038000006
0.3469026682494196,-0.0842955487519097,-0.3550168483345631,0.591626882115314,18.77092323303225,2.9235547705381517,62.60771955682329,33.33185348000001
0.3580646403944681,-0.0104675425924652,-0.391316015880909,0.3151862464183381,18.12785682678225,3.042692733145983,65.54639981076248,31.137484640000025
0.2805651757787446,-0.0370027086845699,-0.3345947391152336,0.0721003134796238,18.12785682678225,3.042692733145983,65.54639981076248,30.52907707999998
0.4366634005027051,0.0065458830461039,-0.5181970430930471,0.347410358565737,18.17033729553225,3.0582498735863317,64.52942736293296,32.614069280000024
0.8738058317370548,-0.5358137912128991,-0.7898766235274984,0.8956602031394275,18.23601112365725,2.988557521308597,65.39613749133562,24.55779614000005
0.3490273733255677,-0.0350979112854933,-0.3589523954800933,0.1840942562592047,18.178475316365564,3.0367836134203143,64.33165852586,30.16334893999999
0.5979954458250408,-0.1698727414728912,-0.5652716064560319,0.4936206407711936,18.54354693094893,2.984148439590686,62.90115217725584,30.877715120000005
0.5550373738551423,-0.1667995100993409,-0.527823032277772,0.5672268907563025,18.77092323303225,2.9235547705381517,62.60771955682329,29.84889110000006
0.116158366124081,0.0530640007875919,-0.1808350353232666,0.1173333333333333,18.17033729553225,3.0582498735863317,64.52942736293296,29.028566300000023
0.2148377413370373,-0.0268711289026177,-0.2515438768356046,0.1670220326936745,18.54354693094893,2.984148439590686,62.90115217725584,31.093050380000022
0.2074179245753002,0.1805245028634221,-0.3759402764767663,0.1492842535787321,18.079354222615564,3.078370231760757,65.82244784811813,33.236148920000005
0.7838468352321064,-0.3740930402237504,-0.7193237531699072,0.8251639088354668,18.42692909240725,3.0261659658319164,63.215962152773066,30.39919232
0.4160641472104489,0.0553570470518804,-0.5151191807933911,0.3450591621362328,18.17033729553225,3.0582498735863317,64.52942736293296,33.15411644000005
0.0911623108665748,0.0530956946009056,-0.1604055623108639,0.0394952091610189,18.12785682678225,3.042692733145983,65.54639981076248,32.14580053999998
0.2146410346930261,0.0332266860802983,-0.2855529419756964,0.1666207656293032,18.23601112365725,2.988557521308597,65.39613749133562,31.137484640000025
0.2967669560100044,0.0315013082623117,-0.3887756408362629,0.1329113924050632,18.54354693094893,2.984148439590686,62.90115217725584,31.711712000000038
0.3932182911774748,-0.0503901041597909,-0.4159918848214127,0.3240705970709726,18.33977088928225,2.992261602896399,64.03543207444856,30.12916874000001
0.6592789626181542,-0.1157288226538994,-0.6506544440769269,0.6164658634538153,19.11906776428225,2.8733089733618686,62.28048726827334,31.42801634
0.5905075076264807,-0.0312223064178472,-0.574044305038228,0.3154454764361885,18.34579302469893,2.935192618336431,64.89503711773511,33.560860820000016
0.3770273337677838,0.047575155984118,-0.3726051192969908,0.2164031620553359,18.17033729553225,3.0582498735863317,64.52942736293296,32.911437019999994
0.2362474570254366,0.0978213757267478,-0.3432731750376454,0.1060395212913999,18.42692909240725,3.0261659658319164,63.215962152773066,33.51300853999999
0.4734370481753514,-0.1156008617518784,-0.4885889570552147,0.6508921644685803,18.12785682678225,3.042692733145983,65.54639981076248,29.31226196
0.3662411853967688,0.0257657153041219,-0.4163042472471548,0.4410174880763116,18.079354222615564,3.078370231760757,65.82244784811813,31.14090266000005
0.2034820457018496,0.0136360798722899,-0.2810711886394698,0.5854870775347912,18.12785682678225,3.042692733145983,65.54639981076248,31.663859720000005
0.0127837545402547,0.081250433765281,-0.09849370930012,-0.0015424164524421,18.54354693094893,2.984148439590686,62.90115217725584,33.13360832000001
0.3219230952494403,-0.0225419805687833,-0.3754139647411111,0.1196003526300323,18.54354693094893,2.984148439590686,62.90115217725584,30.956329579999988
0.7217562048382029,-0.2644578521740133,-0.6563579076216309,0.8001172332942555,18.178475316365564,3.0367836134203143,64.33165852586,28.99438610000004
0.5152071566546459,-0.0643566910527999,-0.5831235803302843,0.6566049983771503,18.42692909240725,3.0261659658319164,63.215962152773066,31.014435919999983
0.2772361598567239,0.1428682200597061,-0.4462315913421045,0.2684846780995221,18.23601112365725,2.988557521308597,65.39613749133562,34.32649730000003
0.58484593698996,-0.0873430607397352,-0.5939513020120873,0.4616410940627085,18.079354222615564,3.078370231760757,65.82244784811813,31.19559098000002
0.2744415633103189,0.0182660050153299,-0.3284961539213069,0.1545166402535657,18.54354693094893,2.984148439590686,62.90115217725584,32.38847996000004
0.3628731170013187,-0.0802458684530163,-0.382935012062726,0.2650996727164534,18.12785682678225,3.042692733145983,65.54639981076248,30.37868420000001
0.5257940958980368,-0.0024017467248909,-0.5797940521149662,0.4252645502645503,19.11906776428225,2.8733089733618686,62.28048726827334,31.564737140000037
0.6117974795489721,-0.1213491580067802,-0.6305143276344867,0.6,18.33977088928225,2.992261602896399,64.03543207444856,29.73951446000001
0.5375402035682857,0.0293647711239042,-0.5733924117211097,0.5098280098280098,18.12785682678225,3.042692733145983,65.54639981076248,34.463218100000006
0.3392275628500715,-0.0516154603454668,-0.4151389761103893,0.1359447004608295,18.12785682678225,3.042692733145983,65.54639981076248,33.72150776000001
0.3183875381538784,0.0273334368690791,-0.3827811645221827,0.2198236546062633,18.33977088928225,2.992261602896399,64.03543207444856,31.034944040000028
0.0374109102734343,0.0697648988518316,-0.0951965440292956,0.0162937214859874,18.57479693094893,2.94861928655015,63.63319549091134,32.01249776000003
0.4504026040774371,-0.0797826659977721,-0.464756565971141,0.5685848715164676,18.17033729553225,3.0582498735863317,64.52942736293296,30.805936700000014
0.101098321764344,0.0162910088075065,-0.1447659299769187,0.0729253981559094,18.12785682678225,3.042692733145983,65.54639981076248,32.361135800000056
0.5883613621629867,-0.1894136259016637,-0.5652494156376127,0.370242214532872,18.42692909240725,3.0261659658319164,63.215962152773066,30.99734582000002
0.4810485966246696,-0.1374896612355618,-0.4952935630540897,0.2467532467532467,18.77092323303225,2.9235547705381517,62.60771955682329,31.219517119999978
0.4074871787147839,-0.0504496402877698,-0.4114626207396554,0.4242024782494068,18.33977088928225,2.992261602896399,64.03543207444856,32.75079008
0.2288725939505043,0.0855330468590136,-0.2693468407162386,0.0747143275710518,18.77092323303225,2.9235547705381517,62.60771955682329,31.23660722
0.5456943301470742,-0.0115444100751215,-0.5559874674738463,0.5832380952380952,18.17033729553225,3.0582498735863317,64.52942736293296,29.78736674000004
0.1131168158615077,0.0584259643139311,-0.2102516665493629,0.0933971946630174,18.33977088928225,2.992261602896399,64.03543207444856,30.019792100000014
0.4504334761088325,0.0263492876867204,-0.5248170487042143,0.376937618147448,18.42692909240725,3.0261659658319164,63.215962152773066,31.73905616000002
0.7933529736696743,-0.3571279278777153,-0.7171847176431179,0.7258006477150054,18.77092323303225,2.9235547705381517,62.60771955682329,28.027086440000005
0.5754153164158796,-0.1077255426396461,-0.5881949514391276,0.5126737530662305,18.77092323303225,2.9235547705381517,62.60771955682329,31.045198099999997
0.5377043710377042,-0.0825222050943257,-0.5152841568796687,0.7217712177121771,18.54354693094893,2.984148439590686,62.90115217725584,31.045198099999997
0.1494110813115647,0.1076568796776049,-0.2280470091113166,0.06368330464716,18.23601112365725,2.988557521308597,65.39613749133562,32.562798980000025
0.0972310969116078,-0.037092958880668,-0.1604437686546149,-0.0183387270765911,18.079354222615564,3.078370231760757,65.82244784811813,31.011017900000013
0.2581245338382225,0.1608078113211672,-0.4253082751448521,0.176043557168784,18.57479693094893,2.94861928655015,63.63319549091134,33.61896716000001
0.1777994157740993,0.0192460334394497,-0.2531024405138383,0.1359253499222395,18.178475316365564,3.0367836134203143,64.33165852586,32.19707084000004
0.7524538514359576,-0.2938439860134647,-0.7220397511336913,0.6687268232385661,18.23601112365725,2.988557521308597,65.39613749133562,30.04030022000001
0.5319200349452123,-0.1524316916967306,-0.5138128650674111,0.319280843149411,18.54354693094893,2.984148439590686,62.90115217725584,27.500711360000025
0.449335785273752,-0.0411277707832589,-0.490255507089076,0.6021039603960396,18.23601112365725,2.988557521308597,65.39613749133562,32.06035004
0.3208759282150302,-0.0028634844083959,-0.4185877496438849,0.0698529411764705,18.17033729553225,3.0582498735863317,64.52942736293296,28.420158740000037
0.1711130393626252,-0.0145074108747497,-0.2317124770809654,0.1716393968559512,18.17033729553225,3.0582498735863317,64.52942736293296,31.339147819999997
0.4350615496017378,-0.0870664640802154,-0.4870602006438008,0.4265402843601896,18.33977088928225,2.992261602896399,64.03543207444856,31.933883300000048
0.5760038942675455,-0.2315272125683787,-0.50232749985269,0.4614485981308411,18.178475316365564,3.0367836134203143,64.33165852586,30.365012120000017
0.5170613379875459,-0.1083471561100275,-0.5384626922759623,0.4747720364741641,18.54354693094893,2.984148439590686,62.90115217725584,30.85037096000002
0.3450805565834376,-0.0376304378361478,-0.4096544252526869,0.3135574598989233,18.12785682678225,3.042692733145983,65.54639981076248,31.533974960000023
0.4883870391859323,-0.1617038471720985,-0.4593000358821316,0.3508830389870043,18.23601112365725,2.988557521308597,65.39613749133562,31.882612999999992
0.4753704776885503,0.0104850128170722,-0.4677959587085438,0.633524206142634,18.12785682678225,3.042692733145983,65.54639981076248,29.81812892000005
0.3580117435193299,-0.0620268396259503,-0.3982324775152385,0.4029680365296804,18.54354693094893,2.984148439590686,62.90115217725584,32.57647106000002
0.6144793463885552,-0.1322730397280525,-0.6217849291234507,0.6328380760513724,18.42692909240725,3.0261659658319164,63.215962152773066,31.369910000000004
0.3113794298429605,-0.0772999700329637,-0.4687353175494862,0.2602365787079163,18.178475316365564,3.0367836134203143,64.33165852586,30.829862840000036
0.4129275616297833,-0.0262965895155155,-0.4365676911878142,0.1841627315655648,18.12785682678225,3.042692733145983,65.54639981076248,30.58376540000006
0.7594323362796175,-0.3022577384104366,-0.7180109234091198,0.7284679366782936,18.12785682678225,3.042692733145983,65.54639981076248,28.355216359999982
0.4819134902450879,0.0112109700731957,-0.4325244254388908,0.0915830789358918,18.77092323303225,2.9235547705381517,62.60771955682329,31.216099100000008
0.5161490221351908,-0.3550588183167549,-0.4046941025169943,0.2094395280235988,18.17033729553225,3.0582498735863317,64.52942736293296,27.220433720000017
0.7539339600684078,-0.2126440400478559,-0.695793830168188,0.78500823723229,18.079354222615564,3.078370231760757,65.82244784811813,28.057848620000016
0.6810927669773205,-0.2550778605280975,-0.6443325096622949,0.6374966133839068,18.23601112365725,2.988557521308597,65.39613749133562,27.77073494000001
0.2524465229063827,-0.0168434868205184,-0.3413234127188598,0.3955065705807545,18.178475316365564,3.0367836134203143,64.33165852586,28.632075980000025
0.5493722696682279,-0.0888372607589334,-0.5660503452884829,0.5569553805774278,18.079354222615564,3.078370231760757,65.82244784811813,32.15605460000006
0.2140859331557236,-0.0211156018121024,-0.2522706844155287,0.2945159106296547,18.12785682678225,3.042692733145983,65.54639981076248,30.727322240000035
0.3724356855722005,0.1020603159117539,-0.4789739172209292,0.3987220447284345,18.77092323303225,2.9235547705381517,62.60771955682329,33.48224635999998
0.1877287494345518,0.1153922724697162,-0.215636344504656,0.0202312138728323,18.33977088928225,2.992261602896399,64.03543207444856,32.04667796000001
0.6020558572536852,-0.0521207489491783,-0.610819138252128,0.5415746872700515,19.11906776428225,2.8733089733618686,62.28048726827334,33.09259208000003
0.4884489147697193,-0.0611074210494535,-0.5468168914904386,0.4308217379889735,18.17033729553225,3.0582498735863317,64.52942736293296,31.98173558000002
0.1807135705834166,0.0418420858261319,-0.2221633398103986,0.0865424430641822,18.33977088928225,2.992261602896399,64.03543207444856,30.645289760000026
0.2596566523605151,0.0132084534101824,-0.3642497924906011,0.25303197353914,18.17033729553225,3.0582498735863317,64.52942736293296,31.80741655999998
0.522268773403257,-0.0310707989540393,-0.5657643312101912,0.3996010638297872,18.42692909240725,3.0261659658319164,63.215962152773066,32.32011956000002
0.4879340668329995,-0.0993057286826976,-0.5108762238996583,0.360381861575179,18.178475316365564,3.0367836134203143,64.33165852586,29.80103882000003
0.5494513767338566,-0.1655435059603023,-0.5571885225746656,0.2927016645326504,18.54354693094893,2.984148439590686,62.90115217725584,30.98025572000006
0.5971626733921815,-0.0129209299070792,-0.5919181762478593,0.5252032520325203,18.23601112365725,2.988557521308597,65.39613749133562,34.200030560000016
0.4772959444274185,-0.0511730178633084,-0.5350830635316598,0.4091203803760536,18.23601112365725,2.988557521308597,65.39613749133562,32.091112220000014
0.2685726789937466,0.0589263638974563,-0.3587667898674839,0.3354173179118475,18.77092323303225,2.9235547705381517,62.60771955682329,32.764462159999994
0.8054112198946198,-0.2965460354037919,-0.7401504235054301,0.8225644459323737,19.11906776428225,2.8733089733618686,62.28048726827334,27.75706286000002
0.294260700389105,0.0946259363641003,-0.3908755912920003,0.2465593655236762,18.34579302469893,2.935192618336431,64.89503711773511,33.318181400000014
0.4316384862776881,-0.1370188521615274,-0.4008149766727691,0.3079178885630498,18.33977088928225,2.992261602896399,64.03543207444856,29.729260400000044
0.485761290380265,-0.075846352059149,-0.4997743641581977,0.5837050252750521,18.42692909240725,3.0261659658319164,63.215962152773066,31.086214340000023
0.2513904877309906,0.0761640649461018,-0.3646196029202868,0.120145355439473,18.17033729553225,3.0582498735863317,64.52942736293296,33.62580320000001
0.2392028494383319,0.0081886328618665,-0.2530164400539497,0.0450193522102261,18.178475316365564,3.0367836134203143,64.33165852586,32.32353757999999
0.7391739038339334,-0.2495723477953843,-0.6831704277092627,0.5968512791678381,19.11906776428225,2.8733089733618686,62.28048726827334,30.245381420000054
0.7413231288538342,-0.229213973541572,-0.678089471480563,0.7774936061381074,18.54354693094893,2.984148439590686,62.90115217725584,29.418220580000025
0.3363368775154683,-0.0877479742944957,-0.3784977647944053,0.6483180428134556,18.178475316365564,3.0367836134203143,64.33165852586,30.08815249999998
0.3394976555266851,0.0222067191349277,-0.4265757398407083,0.4205564497585652,18.079354222615564,3.078370231760757,65.82244784811813,32.68584770000001
0.4386625171889702,0.0121178487712351,-0.4447970926711084,0.4993270524899058,18.54354693094893,2.984148439590686,62.90115217725584,31.322057720000032
0.4345690572462226,-0.136830317993551,-0.4565269999308579,0.4825737265415549,18.17033729553225,3.0582498735863317,64.52942736293296,28.878173420000053
0.1426004364009755,0.0618839169909209,-0.2062707818672669,0.142393509127789,18.178475316365564,3.0367836134203143,64.33165852586,31.595499320000044
0.3064879119665319,-0.0842600390734661,-0.3210339315505483,0.2795107033639143,18.23601112365725,2.988557521308597,65.39613749133562,30.696560060000024
0.6572248185721342,-0.0938650114423649,-0.6319875776397517,0.6467836257309941,18.33977088928225,2.992261602896399,64.03543207444856,31.66727774000003
0.7595546282470903,-0.2636400434606618,-0.6946695745754803,0.6465927099841522,19.11906776428225,2.8733089733618686,62.28048726827334,32.47051243999999
0.339364717140859,0.0138321282615529,-0.3967052537845058,0.2475017429700209,18.17033729553225,3.0582498735863317,64.52942736293296,31.11355850000001
0.7962017447667477,-0.3847761001141576,-0.7515239437962717,0.8316100443131462,18.12785682678225,3.042692733145983,65.54639981076248,26.19844574000001
0.6185680538533952,-0.0560245676043688,-0.6287511841141038,0.6615027110766848,18.42692909240725,3.0261659658319164,63.215962152773066,32.268849260000025
0.5263059909893142,-0.2085261947581003,-0.4096770865573096,0.5141509433962265,18.17033729553225,3.0582498735863317,64.52942736293296,28.80639500000001
0.381356876909014,-0.3874818049490539,-0.1774834185370305,0.5685522531160115,18.17033729553225,3.0582498735863317,64.52942736293296,24.02116699999999
0.285217118670638,-0.7344503681137348,-0.0103021639473556,0.4943820224719101,18.12785682678225,3.042692733145983,65.54639981076248,23.956224620000057
0.504734158776402,-0.1271638797959245,-0.498407346786761,0.2433980273623926,18.33977088928225,2.992261602896399,64.03543207444856,30.81619076000004
0.2249730893433799,-0.0183340847302484,-0.305949033314937,0.1721337082161824,18.12785682678225,3.042692733145983,65.54639981076248,31.786908440000047
0.5071020527907035,0.0507042542706965,-0.5443416393880688,0.4666666666666667,18.17033729553225,3.0582498735863317,64.52942736293296,31.43485238000005
0.3730491172546464,-0.0493516841036926,-0.492670224177129,0.3350717079530639,18.34579302469893,2.935192618336431,64.89503711773511,33.284001200000034
0.3666998822357097,-0.0756835763430892,-0.4101427714644006,0.4059097978227061,18.42692909240725,3.0261659658319164,63.215962152773066,31.43827040000002
0.6781180577594415,-0.1854114416219472,-0.6541179920817245,0.6760869565217391,18.42692909240725,3.0261659658319164,63.215962152773066,29.219975420000026
0.2268171869600276,-0.0305644258283914,-0.3182091452417159,0.176959619952494,18.54354693094893,2.984148439590686,62.90115217725584,31.157992760000013
0.5334333336438934,-0.030368668498845,-0.5642124670930706,0.3724137931034483,18.079354222615564,3.078370231760757,65.82244784811813,31.55448308000001
0.7339059624072731,-0.0905264044116099,-0.7351834693399123,0.4713478611783696,18.079354222615564,3.078370231760757,65.82244784811813,31.58866327999999
0.2379782427692013,0.0474249975056057,-0.2700133025274803,0.1026775320139697,18.34579302469893,2.935192618336431,64.89503711773511,31.564737140000037
0.6600407558354946,-0.1282500031477028,-0.6598716321975346,0.6557436082102989,18.42692909240725,3.0261659658319164,63.215962152773066,30.08815249999998
0.123718351119481,0.0781280175096023,-0.1359748278004733,0.3297902097902098,18.178475316365564,3.0367836134203143,64.33165852586,30.898223239999997
0.3111791686019509,-0.0500589920782066,-0.3513089005235602,0.3856874832484588,18.54354693094893,2.984148439590686,62.90115217725584,31.74589220000001
0.2336981277520178,0.0485506854744276,-0.3406610143676701,0.0729343348679428,18.12785682678225,3.042692733145983,65.54639981076248,29.028566300000023
0.3937974696660417,-0.0663611932489319,-0.4234888249238065,0.3092904743237946,18.54354693094893,2.984148439590686,62.90115217725584,31.920211220000056
0.3443490711346691,0.1304311219836196,-0.5101172151055586,0.4686998394863563,18.42692909240725,3.0261659658319164,63.215962152773066,33.64972934000002
0.2432509259336672,-0.0360193403653488,-0.2975463334613102,0.2327698309492847,18.34579302469893,2.935192618336431,64.89503711773511,32.42266016000002
0.4714657826189911,-0.1052132326785501,-0.4564315352697093,0.2727272727272727,18.17033729553225,3.0582498735863317,64.52942736293296,30.778592539999977
0.4397547506068895,-0.0959864670972928,-0.4240160164807266,0.5852225020990764,18.12785682678225,3.042692733145983,65.54639981076248,30.83669888000003
0.1423794233616716,0.0133559404838026,-0.1908705417147218,0.1081807081807081,18.12785682678225,3.042692733145983,65.54639981076248,30.46071668000002
0.2622121167669062,-0.0032705839828832,-0.3174858367784411,0.1860712387028176,18.54354693094893,2.984148439590686,62.90115217725584,31.762982300000036
0.6948746164237724,-0.2011361619030711,-0.6415642032112436,0.7784193431974017,18.079354222615564,3.078370231760757,65.82244784811813,29.141360960000043
0.3765190920204225,0.1763786303334528,-0.3361797177658597,0.3494578815679733,18.178475316365564,3.0367836134203143,64.33165852586,33.10284614
0.5396849212303074,-0.0524588482641915,-0.5471858126890495,0.2361382909328114,18.079354222615564,3.078370231760757,65.82244784811813,31.776654380000025
0.251785258862535,0.0876063783438379,-0.3014160597247424,0.2025989367985824,18.77092323303225,2.9235547705381517,62.60771955682329,34.907560699999976
0.6340684149266089,-0.1914721529225476,-0.6332263681009378,0.6551105797967722,18.33977088928225,2.992261602896399,64.03543207444856,30.310323799999992
0.4798765752130249,-0.1120438850593491,-0.5381687019251663,0.5,18.17033729553225,3.0582498735863317,64.52942736293296,28.502191219999983
0.1730355573013111,0.0414440852572773,-0.2547442553744886,0.0722405573890722,18.178475316365564,3.0367836134203143,64.33165852586,31.991989640000043
0.4969498049593594,-0.0586876997678743,-0.5427336804448696,0.5936748023375731,18.77092323303225,2.9235547705381517,62.60771955682329,32.73369997999998
0.3731211725215877,0.0611303829846875,-0.4589847046844286,0.3044263775971093,18.42692909240725,3.0261659658319164,63.215962152773066,31.633097539999994
0.4706090338548572,0.0542161483056387,-0.542133607704643,0.4812030075187969,18.42692909240725,3.0261659658319164,63.215962152773066,32.65850354000003
0.5864618292233826,-0.2619843800953996,-0.60759573883839,0.4868270332187858,18.34579302469893,2.935192618336431,64.89503711773511,31.533974960000023
0.5054065085903001,-0.0796859614105123,-0.5504666396594027,0.4582238570677877,18.079354222615564,3.078370231760757,65.82244784811813,30.939239480000023
0.4022142194965413,-0.1143966335595572,-0.4075969755268219,0.2247377139701822,18.12785682678225,3.042692733145983,65.54639981076248,29.77027664000002
0.4929519224379186,-0.0436052813593616,-0.5347117851558351,0.5066296638914586,18.54354693094893,2.984148439590686,62.90115217725584,30.488060840000003
0.566401217032242,-0.1147801781995548,-0.6068729945140255,0.4627473806752037,18.34579302469893,2.935192618336431,64.89503711773511,30.792264620000022
0.4333610188261351,-0.0504978771108417,-0.4772237677437762,0.4081632653061224,18.77092323303225,2.9235547705381517,62.60771955682329,31.093050380000022
0.5140286981984539,-0.0988179056679304,-0.5337348704590835,0.6013374485596708,18.54354693094893,2.984148439590686,62.90115217725584,32.333791640000015
0.7968387705008536,-0.3414112977370287,-0.713436462298534,0.7967589466576638,18.77092323303225,2.9235547705381517,62.60771955682329,30.494896880000056
0.1872044652730241,0.0583464198603361,-0.2928682428364175,0.2824990298797051,18.17033729553225,3.0582498735863317,64.52942736293296,35.327977160000046
0.5261713186118683,-0.0709940490769119,-0.5244313791998794,0.3678832116788321,18.17033729553225,3.0582498735863317,64.52942736293296,27.84934940000005
0.693456880435666,-0.1921631008851988,-0.677706647340661,0.6779761904761905,18.42692909240725,3.0261659658319164,63.215962152773066,30.34450400000003
0.5765666305415725,-0.1729033230351895,-0.5477686739320659,0.841764705882353,18.178475316365564,3.0367836134203143,64.33165852586,30.778592539999977
0.3281033773422599,-0.0424654317000851,-0.3496194521250819,0.2314730100640439,18.23601112365725,2.988557521308597,65.39613749133562,30.023210120000044
0.2457124512106517,0.0002983172196835098,-0.2943066308526887,0.2422641509433962,18.23601112365725,2.988557521308597,65.39613749133562,33.51642656000001
0.3659910502763885,0.0736357307342153,-0.4717839999432773,0.3275946876537137,18.54354693094893,2.984148439590686,62.90115217725584,34.43929195999999
0.2561510909883197,0.0332897104531326,-0.2705596525553096,0.279322853688029,18.178475316365564,3.0367836134203143,64.33165852586,30.177021019999984
0.3937515690331293,-0.0114016848109455,-0.438828218556185,0.3757455268389662,18.54354693094893,2.984148439590686,62.90115217725584,29.71558832000005
0.2611084362777753,0.0744880128946693,-0.4310690656527857,0.2999093929326487,18.079354222615564,3.078370231760757,65.82244784811813,31.455360499999983
0.7077577691664767,-0.2758742052679382,-0.6359719037740656,0.7399103139013453,18.12785682678225,3.042692733145983,65.54639981076248,31.40750822000001
0.3953754091058736,-0.0827303805552426,-0.4283901791112829,0.5459363957597173,18.33977088928225,2.992261602896399,64.03543207444856,30.88455116
0.2135271702125118,0.0439451332847092,-0.2890733056708161,0.109451758695225,18.17033729553225,3.0582498735863317,64.52942736293296,30.566675300000043
0.2385157846174125,-0.0536585365853659,-0.2660513373307284,0.0655021834061135,18.54354693094893,2.984148439590686,62.90115217725584,30.69997808000005
0.2580251831999323,0.0711360101259956,-0.3645780134878544,0.1683926159387663,19.11906776428225,2.8733089733618686,62.28048726827334,33.413885960000016
0.4236424699896918,0.0650057436372293,-0.5225502677866527,0.3271867612293144,18.42692909240725,3.0261659658319164,63.215962152773066,31.732220120000022
0.2444414906472038,0.1478208342642472,-0.3651065070717515,0.189970019078768,18.12785682678225,3.042692733145983,65.54639981076248,31.46561456000001
0.6121159671138036,-0.1279511229253582,-0.6598353352104646,0.8262068965517242,18.42692909240725,3.0261659658319164,63.215962152773066,29.961685760000023
0.4255212471363226,0.0839170198527772,-0.5293319320429323,0.374054054054054,18.77092323303225,2.9235547705381517,62.60771955682329,35.034027440000045
0.3175326648435126,0.0025304807913503,-0.3560594214229868,0.2757494805580291,18.77092323303225,2.9235547705381517,62.60771955682329,31.216099100000008
0.2617512396825146,0.0585154800042556,-0.3540122407344441,0.3069243156199678,18.12785682678225,3.042692733145983,65.54639981076248,31.455360499999983
0.4779738733055346,-0.0500855439006926,-0.5466922154145901,0.4005340453938584,18.42692909240725,3.0261659658319164,63.215962152773066,33.16437050000002
0.7508633346429826,-0.278452629910084,-0.6904923531525777,0.8148609381486094,18.079354222615564,3.078370231760757,65.82244784811813,29.223393439999995
0.2497105753259174,0.0663884031812285,-0.2916673892309025,0.134572072072072,18.33977088928225,2.992261602896399,64.03543207444856,33.09942812000003
0.716687979539642,-0.1759050919462829,-0.6714290160923834,0.8090909090909091,18.17033729553225,3.0582498735863317,64.52942736293296,31.284459500000025
0.297077949932225,-0.0226181296754732,-0.377271692097472,0.2859082269888677,18.12785682678225,3.042692733145983,65.54639981076248,30.922149380000008
0.6467345739093564,-0.0852279944112791,-0.6337457215519054,0.6713902719264649,18.42692909240725,3.0261659658319164,63.215962152773066,29.77027664000002
0.2622937293729374,-0.038064866331931,-0.315576193393742,0.2490445859872611,18.178475316365564,3.0367836134203143,64.33165852586,29.503671080000004
0.6397042887759772,-0.1781438161810506,-0.6134907784052763,0.6539624924379915,18.23601112365725,2.988557521308597,65.39613749133562,31.616007440000036
0.2044476738627454,0.0615394929938392,-0.2533503128948494,0.0903267136450993,18.54354693094893,2.984148439590686,62.90115217725584,30.54616718
0.4462056566986556,0.0304372920486181,-0.4988059936494607,0.3034111310592459,18.23601112365725,2.988557521308597,65.39613749133562,30.611109560000045
0.2203299169954055,0.0951969518845342,-0.268164853490034,0.1680599596425482,18.178475316365564,3.0367836134203143,64.33165852586,31.39041812000005
0.1928023992002666,0.09584034137847,-0.3102714713887071,0.1234298197706171,18.33977088928225,2.992261602896399,64.03543207444856,30.306905780000022
0.2095596997140133,-0.0184871630858762,-0.2906584018754719,0.148708254568368,18.23601112365725,2.988557521308597,65.39613749133562,29.510507120000057
0.5636385928703523,-0.0252771915720363,-0.576931003214904,0.3097725875845113,18.23601112365725,2.988557521308597,65.39613749133562,31.762982300000036
0.2546710837671556,0.0200853089677911,-0.3026848539643852,0.1324146195326543,18.54354693094893,2.984148439590686,62.90115217725584,31.650187640000013
0.6472035146795748,-0.1928482637417068,-0.6432803406578265,0.4860309397367813,18.23601112365725,2.988557521308597,65.39613749133562,29.33618810000001
0.6596640389615751,-0.1869387152713722,-0.6590991139671374,0.7023705004389815,18.17033729553225,3.0582498735863317,64.52942736293296,29.141360960000043
0.3365120313125472,-0.0010260510360451,-0.3765162898083336,0.1754793724578733,18.17033729553225,3.0582498735863317,64.52942736293296,30.170184980000045
0.1552520025420237,0.0179579576014104,-0.1717240402323274,0.2323101777059774,18.33977088928225,2.992261602896399,64.03543207444856,32.00224370000001
0.0974834826016736,0.041632477229835,-0.1736031300437728,0.0904839841010053,18.23601112365725,2.988557521308597,65.39613749133562,32.039841920000015
0.4164322463006771,0.0795152700506139,-0.5000969138328345,0.2886943085243368,18.77092323303225,2.9235547705381517,62.60771955682329,32.62090532000002
0.2852315162073444,-0.0077214461427549,-0.3288524562822619,0.3374161563137941,18.54354693094893,2.984148439590686,62.90115217725584,31.16482880000001
0.5374864366786655,-0.1324258838752235,-0.5650618885655175,0.4001109877913429,18.42692909240725,3.0261659658319164,63.215962152773066,32.579889080000044
0.6186952066492087,-0.2103282707893483,-0.5550111017533115,0.7679477882523568,18.178475316365564,3.0367836134203143,64.33165852586,29.903579420000028
0.5415772030493688,-0.1120837605915051,-0.5822014051522248,0.5923935510541546,18.77092323303225,2.9235547705381517,62.60771955682329,32.039841920000015
0.4523843484048875,0.0182647912671801,-0.5173224500608458,0.3532562729066817,18.54354693094893,2.984148439590686,62.90115217725584,33.43439408000006
0.2833275321963104,0.0353358431326948,-0.3264975715056665,0.1196501093408309,18.33977088928225,2.992261602896399,64.03543207444856,32.303029460000005
0.3790943643325884,-0.0313844057403228,-0.4763004106760536,0.3812244897959184,18.17033729553225,3.0582498735863317,64.52942736293296,30.46755272000001
0.6466094264109665,-0.1378555273593338,-0.6384730344940783,0.590066225165563,18.77092323303225,2.9235547705381517,62.60771955682329,32.84307662000003
0.5695449429168675,-0.0190767303331033,-0.5821379366237136,0.5665344392354851,18.77092323303225,2.9235547705381517,62.60771955682329,31.592081300000014
0.2381924668206975,0.0692226288280865,-0.3226195259140217,0.1312043093497499,18.12785682678225,3.042692733145983,65.54639981076248,31.841596760000016
0.1794835634404659,0.194250426304685,-0.3281352971535194,0.1338974614235938,18.42692909240725,3.0261659658319164,63.215962152773066,36.69176714000002
0.6627300139168084,-0.1424340619936785,-0.6238874154058162,0.6359429232549171,19.11906776428225,2.8733089733618686,62.28048726827334,31.694621900000016
0.2641666752447321,-0.0322683679215942,-0.3022086969430277,0.4041759880686055,18.12785682678225,3.042692733145983,65.54639981076248,30.02662814000001
0.1374595085976211,0.1636675154978372,-0.2026723344343965,0.3185595567867036,18.34579302469893,2.935192618336431,64.89503711773511,33.352361599999995
0.4044808979063241,-0.0501329821571512,-0.4612399619136589,0.1753940010167768,18.12785682678225,3.042692733145983,65.54639981076248,32.80547840000003
0.5891400207027524,-0.1917627354857639,-0.5868636308143084,0.5323554788610871,18.17033729553225,3.0582498735863317,64.52942736293296,28.31761814000004
0.2931912306698582,-0.0729050917716779,-0.3933557129405984,0.2014719411223551,18.33977088928225,2.992261602896399,64.03543207444856,29.84889110000006
0.4160849256900212,0.0298248676325129,-0.497059642129268,0.4822939517392667,18.54354693094893,2.984148439590686,62.90115217725584,33.608713100000045
0.3365086741016108,0.0082967581584788,-0.3571758599333483,0.3069734004313443,18.17033729553225,3.0582498735863317,64.52942736293296,30.300069740000023
0.5239606881182561,-0.1016027906868936,-0.5863484646194926,0.3430656934306569,18.12785682678225,3.042692733145983,65.54639981076248,31.54422901999999
0.3958151182038114,-0.1093914451491026,-0.399867193352857,0.4272300469483568,18.079354222615564,3.078370231760757,65.82244784811813,30.40944638000002
0.591302802481823,-0.0990927526950582,-0.5938767297155063,0.5723410163843377,18.57479693094893,2.94861928655015,63.63319549091134,31.39725415999999
0.6037899522890774,-0.1247220474092721,-0.6169580722746226,0.5645308229577892,18.77092323303225,2.9235547705381517,62.60771955682329,33.52668061999998
0.2842954756986221,0.0150336014485184,-0.3258457247981627,0.1363467951092997,18.23601112365725,2.988557521308597,65.39613749133562,29.924087540000016
0.4072604284103721,-0.0742168674698796,-0.4082384158558818,0.3363373028644995,18.77092323303225,2.9235547705381517,62.60771955682329,30.91531334000001
0.2495440564828246,0.0527041086389107,-0.3257339182967093,0.1087058823529411,18.77092323303225,2.9235547705381517,62.60771955682329,32.95928930000002
0.3270451374560317,-0.0317632499656241,-0.3781337686852712,0.5116370808678501,18.178475316365564,3.0367836134203143,64.33165852586,29.40796652000006
0.6496823635299155,-0.1287772795216741,-0.6410069190918258,0.7024372499090579,18.54354693094893,2.984148439590686,62.90115217725584,31.58182724000005
0.7584704182945189,-0.2665566257232412,-0.6961534165397797,0.6766076421248836,18.079354222615564,3.078370231760757,65.82244784811813,30.46071668000002
0.4922058184976119,-0.1745375315076688,-0.5080524837633843,0.5124324324324324,18.33977088928225,2.992261602896399,64.03543207444856,30.68630600000006
0.7716389290511788,-0.3820654347652189,-0.7162724626739646,0.8050609184629803,18.17033729553225,3.0582498735863317,64.52942736293296,28.57055162000006
0.6250485940132174,-0.1588236653036707,-0.6169814970021275,0.7194703285924473,18.178475316365564,3.0367836134203143,64.33165852586,29.903579420000028
0.8915114460400967,-0.3691300494582464,-0.7840810031516127,0.4850982878883957,18.12785682678225,3.042692733145983,65.54639981076248,30.207783199999994
0.2143172535599957,-0.0081488326625376,-0.2817609818619646,0.1255474452554744,18.54354693094893,2.984148439590686,62.90115217725584,30.341085980000003
0.7891974522292995,-0.2376806485724356,-0.7211833043307763,0.850538315389487,19.11906776428225,2.8733089733618686,62.28048726827334,31.12723058000006
0.1141627415949327,0.0215727804996326,-0.2006055620701122,0.0360593919396653,18.079354222615564,3.078370231760757,65.82244784811813,30.9426575
0.6059870957351505,-0.2289336660812768,-0.5931103344982525,0.8258726899383984,18.17033729553225,3.0582498735863317,64.52942736293296,30.11891467999999
0.6218853685511678,-0.0792541513343022,-0.6223829534044848,0.5134370579915134,19.11906776428225,2.8733089733618686,62.28048726827334,31.633097539999994
0.3709145709710841,0.0015092268642381,-0.4837981504405447,0.3322243346007604,18.54354693094893,2.984148439590686,62.90115217725584,31.75614626000004
0.3463899364144347,0.0169130430413328,-0.3827094184411197,0.0651933701657458,18.42692909240725,3.0261659658319164,63.215962152773066,31.578409220000022
0.0942179888814443,0.0363985743559485,-0.1587293977775009,0.037786373103243,18.23601112365725,2.988557521308597,65.39613749133562,30.617945599999985
0.6608201819621782,-0.1375291066892463,-0.6445711115999274,0.6582227583433856,18.079354222615564,3.078370231760757,65.82244784811813,29.589121579999983
0.7095962562051422,-0.2123786726990557,-0.6690768190816476,0.8939187876432874,18.12785682678225,3.042692733145983,65.54639981076248,30.361594100000048
0.415808861500327,-0.1484462813379225,-0.4674921495860691,0.1080300404390525,18.178475316365564,3.0367836134203143,64.33165852586,30.82302679999998
0.4361030965947907,0.0666492556803342,-0.5156964365992893,0.3871064467766117,18.57479693094893,2.94861928655015,63.63319549091134,34.135088180000025
0.1399508297480024,0.0321452799666022,-0.1912265302190157,0.0943245403677058,18.178475316365564,3.0367836134203143,64.33165852586,31.85185081999998
0.2153996563932684,0.0032538298667329,-0.2979301396800942,0.0394114555964267,18.17033729553225,3.0582498735863317,64.52942736293296,30.75466640000002
0.2786857358105398,-0.0026201206208257,-0.3111061274326581,0.0628099173553719,18.17033729553225,3.0582498735863317,64.52942736293296,29.66431802
0.3033845545728543,-0.0107902642388572,-0.352946003610701,0.1652415068176565,18.54354693094893,2.984148439590686,62.90115217725584,31.352819899999982
0.7634329177604983,-0.2714632197888403,-0.7141221559210206,0.6004993757802747,18.42692909240725,3.0261659658319164,63.215962152773066,26.205281780000007
0.2401005018319235,0.0590145737836338,-0.3348690733072841,0.1578699340245052,18.77092323303225,2.9235547705381517,62.60771955682329,32.45684036
0.6518509375315596,-0.124532107008082,-0.6520548560141854,0.6429518338488732,18.42692909240725,3.0261659658319164,63.215962152773066,28.42699478000003
0.8155507615532567,-0.4151080047608195,-0.7700055747009934,0.737361998837885,18.42692909240725,3.0261659658319164,63.215962152773066,30.21120122000002
0.3231861467325099,-0.0719640895850245,-0.4034678226075358,0.5620863118877416,18.33977088928225,2.992261602896399,64.03543207444856,30.515404999999987
0.2372456438298216,0.0324815263447215,-0.2969754672440103,0.1826385904598195,18.17033729553225,3.0582498735863317,64.52942736293296,30.44362658
0.5237280794304816,-0.0257410937908864,-0.5591567702710382,0.2713643178410794,18.34579302469893,2.935192618336431,64.89503711773511,33.50959052000002
0.6246003467928972,-0.0783096840612647,-0.6261708251250466,0.6653718091009989,18.42692909240725,3.0261659658319164,63.215962152773066,31.27762346000003
0.8033469404333964,-0.444760820045558,-0.7181362589733171,0.8167701863354038,18.77092323303225,2.9235547705381517,62.60771955682329,27.179417479999984
0.5776873313054283,-0.0886472615901283,-0.6073819937319401,0.5172832019405701,18.77092323303225,2.9235547705381517,62.60771955682329,30.67263392000001
0.1405914228511848,0.1494506296769483,-0.2808760231539252,0.1066031877458083,18.23601112365725,2.988557521308597,65.39613749133562,33.345525560000056
0.5083259263920461,-0.0524010756819054,-0.5539042494570678,0.6185749734136831,18.57479693094893,2.94861928655015,63.63319549091134,33.119936240000015
0.4727130940942197,-0.0707184222249221,-0.532088427884337,0.4816441794791339,18.079354222615564,3.078370231760757,65.82244784811813,31.58866327999999
0.2519610919359898,0.0801012684658349,-0.305257570333428,0.1204848484848484,18.57479693094893,2.94861928655015,63.63319549091134,32.81231444000002
0.1581189533861038,0.1675943165599087,-0.2003047977154415,0.2555276954638705,18.12785682678225,3.042692733145983,65.54639981076248,36.38414534000003
0.4080737958252103,-0.0969802038880986,-0.4446450001463515,0.4537583628492719,18.12785682678225,3.042692733145983,65.54639981076248,30.09498854000003
0.7950327206128693,-0.1878625745471744,-0.7310272785035055,0.7379145025968837,18.54354693094893,2.984148439590686,62.90115217725584,28.26634783999998
0.210997442455243,0.1094408024750249,-0.2620691653226973,0.1194306930693069,18.12785682678225,3.042692733145983,65.54639981076248,34.00520342000004
0.6764991718794914,-0.2306702973182079,-0.598287921494937,0.7684113015284854,18.77092323303225,2.9235547705381517,62.60771955682329,27.025606580000044
0.7718684712507948,-0.2704506968868048,-0.7307956788891107,0.6560680698611733,18.57479693094893,2.94861928655015,63.63319549091134,30.68630600000006
0.3972403533551184,-0.0835558551318279,-0.4138779652416592,0.4263082093134901,18.23601112365725,2.988557521308597,65.39613749133562,32.37138986000002
0.2912988650693568,0.1049681834553967,-0.3570814825602563,0.1997780244173141,18.23601112365725,2.988557521308597,65.39613749133562,34.57259474
0.5314895034988337,0.003780048744125,-0.5633560933520281,0.5621604346436562,18.33977088928225,2.992261602896399,64.03543207444856,30.54616718
0.7504179098161197,-0.2181000272413361,-0.6762852337433384,0.789515806322529,18.57479693094893,2.94861928655015,63.63319549091134,29.325934039999996
0.3588343366098568,0.0579783300268819,-0.4206203087381391,0.3533458411507192,18.42692909240725,3.0261659658319164,63.215962152773066,33.33868952
0.1045701209545603,-0.0539370422587929,-0.1773921527632588,0.0828079024800336,18.54354693094893,2.984148439590686,62.90115217725584,31.793744479999987
0.2942859789803082,-0.0021040550879877,-0.2877245447655722,0.3291323315559864,18.33977088928225,2.992261602896399,64.03543207444856,32.61748729999999
0.1649940451899292,0.0372486131567717,-0.2065553974209686,0.050510337607956,18.178475316365564,3.0367836134203143,64.33165852586,30.20094716000005
0.7628072228005127,-0.2509477616951657,-0.7163557781705181,0.8387329013678906,18.079354222615564,3.078370231760757,65.82244784811813,29.989029920000007
0.2864190270835376,0.0215258838658375,-0.3493364859886744,0.2444987775061124,18.178475316365564,3.0367836134203143,64.33165852586,31.841596760000016
0.58132758944292,-0.1160100417565503,-0.6123975904712432,0.6903852828878861,18.77092323303225,2.9235547705381517,62.60771955682329,32.501274620000004
0.327435222890915,0.0295597649972337,-0.3808033287725151,0.1795774647887324,18.54354693094893,2.984148439590686,62.90115217725584,31.455360499999983
0.4281112352902503,0.0747853123286359,-0.493733991163982,0.2882537469501569,18.42692909240725,3.0261659658319164,63.215962152773066,34.347005420000016
0.5071328391103989,-0.1515592229145297,-0.512633600450446,0.4990642545227698,18.34579302469893,2.935192618336431,64.89503711773511,30.44362658
0.612714511446735,-0.0837745466039748,-0.6014508619053874,0.661410294555192,18.079354222615564,3.078370231760757,65.82244784811813,29.66431802
0.7705537348532787,-0.2891929993466974,-0.69500904159132,0.7893527384144006,18.77092323303225,2.9235547705381517,62.60771955682329,27.08713094000001
0.6540102666291233,-0.1613825548266736,-0.6600749269932826,0.642495784148398,18.079354222615564,3.078370231760757,65.82244784811813,31.188754940000024
0.5961903713286905,-0.105596812171708,-0.5916121152236267,0.6112517580872011,18.23601112365725,2.988557521308597,65.39613749133562,30.450462620000053
0.4699772038259971,0.047329662714278,-0.5794005504633488,0.4790390956194065,18.42692909240725,3.0261659658319164,63.215962152773066,31.181918900000028
0.18682258222527,0.1556363774608262,-0.1856610287117526,0.0306748466257668,18.57479693094893,2.94861928655015,63.63319549091134,33.62238518000004
0.2462017270854336,0.0661244440356606,-0.3173439599647839,0.0764593039188818,18.17033729553225,3.0582498735863317,64.52942736293296,33.01055960000002
0.3938992042440318,-0.091640880271785,-0.4372922562631769,0.5054012345679012,18.178475316365564,3.0367836134203143,64.33165852586,31.25027929999999
0.3071244660743256,0.0313608064364925,-0.3163913786384483,0.3905236907730673,18.17033729553225,3.0582498735863317,64.52942736293296,31.29129554000002
0.7337936544167998,-0.2623291370642734,-0.6986079275451443,0.7372577171572147,18.17033729553225,3.0582498735863317,64.52942736293296,29.093508680000014
0.3382336189972059,0.1612653964547733,-0.4782396305178079,0.3202447730749617,18.54354693094893,2.984148439590686,62.90115217725584,33.32843546000004
0.1519581834974159,0.0430076808175459,-0.2118117642194913,0.0726429675425038,18.23601112365725,2.988557521308597,65.39613749133562,33.00714158000005
0.5894072515777751,0.012961729596803,-0.5855224175390086,0.5236139630390144,19.11906776428225,2.8733089733618686,62.28048726827334,31.25711534000004
0.5361969556230596,0.0136528490449454,-0.5676552719447315,0.5733333333333334,18.54354693094893,2.984148439590686,62.90115217725584,32.067186080000056
0.172502641481454,0.0638962269037523,-0.2592924406219515,0.1184014315538323,18.178475316365564,3.0367836134203143,64.33165852586,30.98709176
0.5099029872250505,0.0826778086412547,-0.5577996016212629,0.5227272727272727,18.079354222615564,3.078370231760757,65.82244784811813,32.42266016000002
0.320707024001085,0.0822355032881348,-0.4683867076113182,0.3303571428571428,18.17033729553225,3.0582498735863317,64.52942736293296,34.30598917999998
0.3870374045939265,0.0078088698435644,-0.4126933078499297,0.4249780637613337,18.178475316365564,3.0367836134203143,64.33165852586,30.81619076000004
0.2112716822758378,0.1178188899707887,-0.3368320175238443,0.1527777777777778,18.17033729553225,3.0582498735863317,64.52942736293296,32.28252134000002
0.4440478435386978,0.0569436808655685,-0.5334520514635944,0.6688552669140736,18.23601112365725,2.988557521308597,65.39613749133562,32.82940454000004
0.231866282552269,0.0403306446236916,-0.2867741262699997,0.2779827798277983,18.54354693094893,2.984148439590686,62.90115217725584,32.40898808000003
0.3284457274986673,0.0060963292535752,-0.4051698886936145,0.3420884048686739,18.079354222615564,3.078370231760757,65.82244784811813,32.12529242000005
0.6956121892292104,-0.1740416163011569,-0.6528199829828614,0.6528349699081406,18.77092323303225,2.9235547705381517,62.60771955682329,32.610651260000054
0.3850711858922503,-0.0851375652573456,-0.3752811244979919,0.4640743871513102,18.17033729553225,3.0582498735863317,64.52942736293296,30.44362658
0.4293606402202909,-0.1569929022686271,-0.4527374497113871,0.4631317315658658,18.17033729553225,3.0582498735863317,64.52942736293296,30.450462620000053
0.327368811422214,-0.0589888679315064,-0.3866455742177097,0.3129862357869539,18.42692909240725,3.0261659658319164,63.215962152773066,31.60917140000004
0.6353382882537737,-0.1326947061164919,-0.6407315441916959,0.7641277641277642,18.42692909240725,3.0261659658319164,63.215962152773066,30.26247152000002
0.5199382472736828,0.0328207218364137,-0.5744069137398671,0.6633872101194659,18.34579302469893,2.935192618336431,64.89503711773511,32.039841920000015
0.2527245949926364,0.1057683754255723,-0.3198300350910699,0.3209109730848861,18.17033729553225,3.0582498735863317,64.52942736293296,33.68390954000006
0.5485730758143559,-0.20107627190514,-0.5120350958925384,0.5194704049844237,18.33977088928225,2.992261602896399,64.03543207444856,29.48999900000001
0.4209231825201623,-0.0341476759122698,-0.4847126525106084,0.1862665585293322,18.77092323303225,2.9235547705381517,62.60771955682329,32.15605460000006
0.5965790140726067,-0.0595550349828979,-0.6169504739629386,0.5891415994130594,18.23601112365725,2.988557521308597,65.39613749133562,28.46117498000001
0.177998368234974,0.1123369082587609,-0.3227637103957247,0.0460908159781495,18.23601112365725,2.988557521308597,65.39613749133562,31.23660722
0.5522770041400076,-0.1964184415450467,-0.5568604095190961,0.59688995215311,18.42692909240725,3.0261659658319164,63.215962152773066,30.453880640000023
0.1775773233495351,0.0392335494780967,-0.211120868892942,0.2026979055733049,18.12785682678225,3.042692733145983,65.54639981076248,31.42801634
0.3831912302070646,0.0741827763429077,-0.5526048103951786,0.2600806451612903,18.34579302469893,2.935192618336431,64.89503711773511,30.62478164000004
0.5915175975647297,-0.1879962622358162,-0.5750436654616353,0.6955307262569832,18.178475316365564,3.0367836134203143,64.33165852586,31.369910000000004
0.5604126875034965,-0.0916999804310754,-0.5960502546245208,0.7761092150170649,18.77092323303225,2.9235547705381517,62.60771955682329,32.55254492000006
0.1604073209011481,-0.0232550536696998,-0.232270341207349,0.3557299843014129,18.079354222615564,3.078370231760757,65.82244784811813,29.643809900000008
0.6307409775853869,-0.0981383742243225,-0.6044073046396077,0.5834112878079202,19.11906776428225,2.8733089733618686,62.28048726827334,32.26543124
0.5882617292827611,-0.0565620328849028,-0.6121704224067147,0.6454689984101749,18.57479693094893,2.94861928655015,63.63319549091134,30.402610340000024
0.3953598269704377,-0.121299312077351,-0.4498550560418496,0.2564263322884012,18.33977088928225,2.992261602896399,64.03543207444856,30.87087908000001
0.4016253083732406,-0.1081586525774734,-0.3509476187145957,0.24263431542461,18.178475316365564,3.0367836134203143,64.33165852586,29.67457208000002
0.5071441632056005,-0.1266170052818105,-0.5160743611640283,0.5477445811364968,18.34579302469893,2.935192618336431,64.89503711773511,30.67605193999998
0.1467167192787874,0.0705522356236061,-0.2257044715323587,0.1126041386723998,18.12785682678225,3.042692733145983,65.54639981076248,31.54764704000001
0.365383935828121,-0.0656021400845278,-0.391756940504813,0.2256728778467908,18.178475316365564,3.0367836134203143,64.33165852586,31.151156720000017
0.5936821282540201,-0.1126028645462571,-0.5659309280726187,0.4728002920774005,18.33977088928225,2.992261602896399,64.03543207444856,28.91918966000003
0.1795266645629535,0.0774804657614034,-0.2726480361714876,-0.0451350351461339,18.12785682678225,3.042692733145983,65.54639981076248,30.778592539999977
0.3877308441927335,-0.0606971555306157,-0.4506285630755738,0.2786675208199872,18.33977088928225,2.992261602896399,64.03543207444856,30.645289760000026
0.509744186402535,-0.0699983182609733,-0.5444657609334013,0.5264623955431755,18.77092323303225,2.9235547705381517,62.60771955682329,34.104326000000015
0.8046657193733474,-0.3161491742421262,-0.7409425319267074,0.857824013870828,18.42692909240725,3.0261659658319164,63.215962152773066,27.900619699999996
0.7095861664592185,-0.281520607626171,-0.675460970028127,0.7066895368782161,18.57479693094893,2.94861928655015,63.63319549091134,31.03152602
0.7130627610747252,-0.2655380146200918,-0.6774967333051377,0.6843091334894613,18.42692909240725,3.0261659658319164,63.215962152773066,29.380622360000014
0.5072427609081703,-0.0955144274361299,-0.4931412246203503,0.6815856777493606,18.54354693094893,2.984148439590686,62.90115217725584,32.49443858000001
0.732232779741617,-0.2395295578931025,-0.6734850734536308,0.6840547539770625,18.079354222615564,3.078370231760757,65.82244784811813,28.683346280000023
0.2977649994575241,0.0611896516202455,-0.4285053181563724,0.2325842696629213,18.42692909240725,3.0261659658319164,63.215962152773066,35.37924745999999
0.2148651418865494,0.1447920424676595,-0.2607585703865794,0.1990820424555364,18.178475316365564,3.0367836134203143,64.33165852586,30.060808339999998
0.6523131337442316,-0.0873382592947106,-0.6273988415476264,0.6236391912908242,18.77092323303225,2.9235547705381517,62.60771955682329,31.46219654000004
0.1304139254385965,0.0392941039430002,-0.1348339085665798,0.0326727370112479,18.54354693094893,2.984148439590686,62.90115217725584,31.202427020000016
0.353984543266185,-0.0723908117103028,-0.3538273142820949,0.2315297995056303,18.23601112365725,2.988557521308597,65.39613749133562,30.37868420000001
0.2787098624485698,-0.0306096140681536,-0.2968050832289243,0.2565217391304348,18.17033729553225,3.0582498735863317,64.52942736293296,29.185795220000045
0.5130793222889206,-0.0537926668194867,-0.5378696763813331,0.5936335929563156,18.42692909240725,3.0261659658319164,63.215962152773066,31.56815516000006
0.3748639937591098,0.1152403096678733,-0.3461372247515101,0.4470446320868516,18.34579302469893,2.935192618336431,64.89503711773511,33.24640298000003
0.659779720414372,-0.2102776510232019,-0.6437643020594966,0.7546689303904923,18.54354693094893,2.984148439590686,62.90115217725584,30.030046159999984
0.7293873661790258,-0.2777994052894452,-0.6940832820873232,0.7418065547561951,18.12785682678225,3.042692733145983,65.54639981076248,29.12085284
0.4458620918502787,0.1125266690089567,-0.5043415215177202,0.4073844244492708,18.77092323303225,2.9235547705381517,62.60771955682329,34.907560699999976
0.2498601817973546,0.0691671141310074,-0.1972374620796488,-0.0441839495040577,18.33977088928225,2.992261602896399,64.03543207444856,31.058870179999985
0.136044759314753,0.0544738947717458,-0.1814030568590189,0.0845347313237221,18.23601112365725,2.988557521308597,65.39613749133562,31.46561456000001
0.7028163093736864,-0.2084381728100438,-0.6591224758716479,0.6780449961210241,19.11906776428225,2.8733089733618686,62.28048726827334,31.014435919999983
0.3635494554269521,-0.0797796478421035,-0.3912422490071763,0.5346088913899831,18.178475316365564,3.0367836134203143,64.33165852586,29.54468731999998
0.7826144281382165,-0.2471015623891357,-0.7136004679730914,0.7895120174799709,19.11906776428225,2.8733089733618686,62.28048726827334,28.324454180000032
0.3234491575552884,-0.0427500770508685,-0.3849302622777328,0.3151581243184296,18.178475316365564,3.0367836134203143,64.33165852586,30.85037096000002
0.3272104180945854,-0.005713098576919,-0.3853673613058683,0.3791617704661183,18.17033729553225,3.0582498735863317,64.52942736293296,32.50469264000003
0.5418820340963494,-0.0006951466127401352,-0.5822737378531639,0.6017201455507774,18.42692909240725,3.0261659658319164,63.215962152773066,33.089174060000005
0.6383308688282179,-0.0817968029053671,-0.6075589882421637,0.617369414726243,19.11906776428225,2.8733089733618686,62.28048726827334,31.76981834000003
0.5355921083462206,-0.0038416057544435,-0.5876430516390981,0.4340770791075051,18.23601112365725,2.988557521308597,65.39613749133562,34.40169374000004
0.2885004736519495,0.0390108748354922,-0.3836303617197393,0.2266763848396501,18.178475316365564,3.0367836134203143,64.33165852586,31.14432068000002
0.3632435477333773,0.032084048696738,-0.456698230932981,0.3882030178326474,18.57479693094893,2.94861928655015,63.63319549091134,32.214160940000056
0.2297686636725701,0.0292479807354638,-0.2756980078893296,0.1039145907473309,18.12785682678225,3.042692733145983,65.54639981076248,31.10672246000001
0.2310697228977909,0.1265701692430108,-0.3668180005736232,0.1978459377195036,18.77092323303225,2.9235547705381517,62.60771955682329,36.42174355999998
0.2190530321409015,-0.019317147808347,-0.3441913787832467,0.2226377461979556,18.33977088928225,2.992261602896399,64.03543207444856,30.515404999999987
0.0384837046958074,0.0882684112256097,-0.1207414610216114,-0.0120102382358732,18.23601112365725,2.988557521308597,65.39613749133562,33.1472804
0.3270816978352278,-0.0823962810279799,-0.3603933327453919,0.1634154141349536,18.12785682678225,3.042692733145983,65.54639981076248,30.18043904000001
0.3978402226468814,0.0738436960936769,-0.4904650224613848,0.3620309050772627,18.23601112365725,2.988557521308597,65.39613749133562,32.856748700000026
0.2311489626648284,0.0168952812180937,-0.2675801595750771,0.2308930008045052,18.33977088928225,2.992261602896399,64.03543207444856,30.597437480000053
0.4176707825064386,-0.0336752993460578,-0.4398371658788501,0.7355371900826446,18.079354222615564,3.078370231760757,65.82244784811813,30.727322240000035
0.4052415368730916,-0.0392260391366859,-0.3789178702306532,0.2025222551928783,18.33977088928225,2.992261602896399,64.03543207444856,31.267369400000007
0.5065500770914422,-0.1850997421631157,-0.5004993503076642,0.5837610825944937,18.33977088928225,2.992261602896399,64.03543207444856,28.303946060000044
0.6098873313510124,-0.1090626589466495,-0.6109626750870374,0.6429738562091504,18.079354222615564,3.078370231760757,65.82244784811813,29.989029920000007
0.3211394735891975,-0.0292706252988664,-0.3521795042348455,0.2519417475728155,18.54354693094893,2.984148439590686,62.90115217725584,30.52224104000004
0.3758018349125239,-0.0333567649941249,-0.4222941001991552,0.1881390593047034,18.079354222615564,3.078370231760757,65.82244784811813,31.06228820000001
0.6531964830781579,-0.1645222635302987,-0.6082337631610081,0.7312335958005249,18.079354222615564,3.078370231760757,65.82244784811813,30.604273519999992
0.3994336702305974,-0.1078224340225627,-0.4344348588974996,0.5113250283125708,18.079354222615564,3.078370231760757,65.82244784811813,32.54912690000003
0.4066701852270728,-0.0761392039992309,-0.4592494742147984,0.3123287671232876,18.23601112365725,2.988557521308597,65.39613749133562,31.639933580000047
0.1498034150696119,0.0287667057068138,-0.2149114444834679,0.075036075036075,18.12785682678225,3.042692733145983,65.54639981076248,30.66921590000004
0.3634782608695653,-0.0428643297492262,-0.4446150575228554,0.659505472233482,18.34579302469893,2.935192618336431,64.89503711773511,30.75466640000002
0.3863976650958042,0.0426110780226324,-0.4633670288694032,0.3682539682539683,18.079354222615564,3.078370231760757,65.82244784811813,31.137484640000025
0.4012562956256011,0.0103316933185719,-0.4875584231457783,0.4175293305728088,18.77092323303225,2.9235547705381517,62.60771955682329,33.58136894000006
0.2606296656929568,0.0033293416325617,-0.3218608466485737,0.2831727205337286,18.42692909240725,3.0261659658319164,63.215962152773066,30.46071668000002
0.2612362667850406,0.017991050763771,-0.3014068378864715,0.1538925769462884,18.23601112365725,2.988557521308597,65.39613749133562,31.31180366000001
0.5096974148298211,-0.0149819034234272,-0.5427058590657164,0.3763826606875934,19.11906776428225,2.8733089733618686,62.28048726827334,32.25517718000003
0.553400392136241,-0.1389920132194987,-0.5872396932736665,0.7206349206349206,18.12785682678225,3.042692733145983,65.54639981076248,31.448524460000044
0.413245154771746,-0.0117339334249057,-0.4402471241653318,0.3920240782543265,18.33977088928225,2.992261602896399,64.03543207444856,31.492958720000047
0.4696524198687491,0.0474271925565756,-0.5101379682707443,0.5392545598731165,18.57479693094893,2.94861928655015,63.63319549091134,31.66727774000003
0.6298322801931381,-0.2678069464957836,-0.5896690429726394,0.735474006116208,18.33977088928225,2.992261602896399,64.03543207444856,30.11549666000002
0.5130047682551256,-0.1103663387947361,-0.5166862220854413,0.4982857142857143,18.12785682678225,3.042692733145983,65.54639981076248,30.57009332000001
0.1666892670689538,0.0640213223095542,-0.2635153740247819,0.0597014925373134,18.54354693094893,2.984148439590686,62.90115217725584,32.53545482000004
0.6062587113888762,-0.1592713018308313,-0.6096022491754824,0.5802743789395625,18.178475316365564,3.0367836134203143,64.33165852586,28.60814984000001
0.6012596938650957,-0.0622307634172937,-0.618646507687119,0.581425346662367,18.079354222615564,3.078370231760757,65.82244784811813,31.25711534000004
0.5641217734795342,-0.0858821373901428,-0.5411742008002484,0.497786211258697,18.77092323303225,2.9235547705381517,62.60771955682329,32.51836472000002
0.0416243396993092,0.0785837845123896,-0.0933178725417675,0.0629921259842519,18.12785682678225,3.042692733145983,65.54639981076248,32.63799542000004
0.7610134338505495,-0.2607155399202764,-0.6959901868151905,0.8016630736064059,18.33977088928225,2.992261602896399,64.03543207444856,30.62136362000001
0.4269094890635825,0.0159630949290922,-0.4481668938335055,0.3438055720213396,18.12785682678225,3.042692733145983,65.54639981076248,30.53933114000006
0.3191484820999841,-0.0341383435249241,-0.3378352055061358,0.1698259187620889,18.178475316365564,3.0367836134203143,64.33165852586,29.52759722000002
0.297252611575749,0.0359821286101804,-0.3276708896922281,0.1409759876065066,18.178475316365564,3.0367836134203143,64.33165852586,30.829862840000036
0.6645914569301666,-0.1529301640400815,-0.6077764225032635,0.581998474446987,18.079354222615564,3.078370231760757,65.82244784811813,31.455360499999983
0.2820676390137347,0.0770729399322298,-0.3072238099931013,0.1927247289261979,18.42692909240725,3.0261659658319164,63.215962152773066,32.214160940000056
0.3317908939248182,0.0608319307525847,-0.3436697585846797,0.1617007030465349,18.34579302469893,2.935192618336431,64.89503711773511,31.72196606
0.4207685412525819,-0.0862863996305096,-0.4049580406779008,0.4341007674341007,18.77092323303225,2.9235547705381517,62.60771955682329,28.946533820000013
0.4032813086093578,-0.0720181400245438,-0.4483617664138969,0.3900567233900567,18.17033729553225,3.0582498735863317,64.52942736293296,31.875776960000053
0.3547653336287435,-0.0436835757037846,-0.4275975314598784,0.313937378775284,18.34579302469893,2.935192618336431,64.89503711773511,31.89286706000001
0.4190576383575619,-0.0807929975355404,-0.4743797820542546,0.6731914893617021,18.33977088928225,2.992261602896399,64.03543207444856,29.879653280000014
0.7545278277729957,-0.2488164124145186,-0.7148368784682977,0.7428129829984544,18.42692909240725,3.0261659658319164,63.215962152773066,27.876693560000035
0.1945602588711724,0.0951277616421367,-0.3530033668938371,0.0695118008406078,18.079354222615564,3.078370231760757,65.82244784811813,31.91679320000003
0.1970856795914238,-0.057494715365928,-0.2312684438022703,0.4010743061772605,18.23601112365725,2.988557521308597,65.39613749133562,31.62284348000003
0.3750428617765627,-0.0992620910384068,-0.4141092600358356,0.4288777698355968,18.54354693094893,2.984148439590686,62.90115217725584,30.012956060000025
0.1585828264475865,0.0202984227182018,-0.2000327285372388,0.1073552425665101,18.33977088928225,2.992261602896399,64.03543207444856,30.631617679999977
0.5893842234421702,-0.1303582807848508,-0.5813585257135254,0.7241379310344828,18.77092323303225,2.9235547705381517,62.60771955682329,33.04132178000003
0.3601918650755275,0.0602651130471965,-0.5293912967835941,0.1899237653297978,18.178475316365564,3.0367836134203143,64.33165852586,30.20094716000005
0.5925393066100032,-0.1549776600583246,-0.6184149358926296,0.5661375661375662,18.079354222615564,3.078370231760757,65.82244784811813,31.47586862000003
0.5142711271029854,-0.0982393962636761,-0.4874207453223322,0.5654618473895582,18.17033729553225,3.0582498735863317,64.52942736293296,32.477348480000046
0.4923981184833738,-0.0795949779148557,-0.5340808151909766,0.4046920821114369,18.77092323303225,2.9235547705381517,62.60771955682329,32.43633224000001
0.2493612068416793,-0.0014431697255061,-0.3222341981676804,0.1391304347826087,18.54354693094893,2.984148439590686,62.90115217725584,30.41286439999999
0.1235036356334034,0.1318179923198428,-0.2626246294799245,0.0747702589807852,18.23601112365725,2.988557521308597,65.39613749133562,32.91485504000002
0.688801312353792,-0.1696426170435905,-0.642160702993006,0.6677115987460815,19.11906776428225,2.8733089733618686,62.28048726827334,31.328893760000028
0.3955335540557748,-0.117572451067247,-0.4388662771614259,0.2110148514851485,18.17033729553225,3.0582498735863317,64.52942736293296,29.418220580000025
0.2448215813271416,-0.000945783280516924,-0.2995207986158176,0.2556935817805383,18.23601112365725,2.988557521308597,65.39613749133562,32.074022119999995
0.4567712510024057,-0.0770933986779754,-0.5052143009729478,0.5419201269505421,18.33977088928225,2.992261602896399,64.03543207444856,30.85037096000002
0.119253489983829,0.0424704429151226,-0.1325124180823976,0.2295936088919764,18.33977088928225,2.992261602896399,64.03543207444856,31.31863970000001
0.3126555833926985,-0.0135286301412193,-0.338103902673858,0.2053763440860215,18.54354693094893,2.984148439590686,62.90115217725584,31.069124240000008
0.7017862459065198,-0.2578432289403183,-0.690575300737148,0.7306076729207505,18.17033729553225,3.0582498735863317,64.52942736293296,29.62330178000002
0.4554994760880171,-0.1154374264417418,-0.5248629895922368,0.287135065768367,18.77092323303225,2.9235547705381517,62.60771955682329,30.9426575
0.2221574405277782,0.1712536374613102,-0.4128498302841147,0.168609492089925,18.178475316365564,3.0367836134203143,64.33165852586,31.680949820000023
0.6390034282825411,-0.1229346278947681,-0.6188878572487458,0.6053760366028024,18.12785682678225,3.042692733145983,65.54639981076248,32.12529242000005
0.7549867808848754,-0.2814619025213805,-0.6944063237635175,0.8731265249215755,18.12785682678225,3.042692733145983,65.54639981076248,28.727780540000023
0.5699809486269872,-0.0962499999999999,-0.5763887171115014,0.537722520486013,18.33977088928225,2.992261602896399,64.03543207444856,31.06570622000004
0.7406499795787385,-0.3161714424370766,-0.6905582682445388,0.8214542836573074,18.17033729553225,3.0582498735863317,64.52942736293296,28.02025040000001
0.1934899762879932,0.035821883217526,-0.2192200127722358,0.0834482758620689,18.33977088928225,2.992261602896399,64.03543207444856,30.55642124000002
0.4790730649695391,0.0036651191719051,-0.5632792827331423,0.5160213618157543,18.23601112365725,2.988557521308597,65.39613749133562,33.06524792000005
0.6559056844907248,-0.1900458144704161,-0.630942716053061,0.6779511333529585,19.11906776428225,2.8733089733618686,62.28048726827334,33.70441765999999
0.6981965875438935,-0.1459824660178557,-0.675386229603097,0.6715458764726884,19.11906776428225,2.8733089733618686,62.28048726827334,29.66431802
0.293211851963405,-0.0190918396107459,-0.3512721407566951,0.2775098640946953,18.33977088928225,2.992261602896399,64.03543207444856,29.97193981999999
0.4717522436368987,-0.0311092786693037,-0.5307428199806811,0.5569570358691368,18.079354222615564,3.078370231760757,65.82244784811813,30.402610340000024
0.2863968578543517,0.0194371783297453,-0.3011754587155962,0.1928632115548003,18.17033729553225,3.0582498735863317,64.52942736293296,30.392356280000055
0.3724828439644504,0.0852434866601685,-0.4890012061340532,0.1571180555555555,18.079354222615564,3.078370231760757,65.82244784811813,30.727322240000035
0.6771720047449586,-0.2149034165119956,-0.6442174402485882,0.7711346833815493,18.17033729553225,3.0582498735863317,64.52942736293296,29.3703683
0.4659783403558867,-0.0819107584567445,-0.4651365131292743,0.4747765926780052,18.17033729553225,3.0582498735863317,64.52942736293296,30.04030022000001
0.1656243734305928,0.074931993665371,-0.2124859716552948,0.1305050505050505,18.54354693094893,2.984148439590686,62.90115217725584,31.650187640000013
0.4226520617362153,0.0458753620034917,-0.482750569613629,0.3701171875,18.77092323303225,2.9235547705381517,62.60771955682329,36.343129100000056
0.7235346293749543,-0.2729818909611072,-0.6896554475034105,0.7579042457091237,18.77092323303225,2.9235547705381517,62.60771955682329,28.796140939999987
0.528815296668638,0.0389825384001546,-0.5829081320260264,0.5457227138643068,18.079354222615564,3.078370231760757,65.82244784811813,33.810376280000014
0.3784914316556468,-0.0803976404784845,-0.39528954716523,0.3258728737690242,18.23601112365725,2.988557521308597,65.39613749133562,29.510507120000057
0.4792578244068398,0.0472987948907928,-0.547900525768847,0.3576864535768645,18.178475316365564,3.0367836134203143,64.33165852586,30.04713626
0.7375471287703016,-0.2323485549727449,-0.6865988088221064,0.6458885941644562,18.33977088928225,2.992261602896399,64.03543207444856,29.944595660000005
0.0188360607018354,0.2390166903321506,-0.047592254860114,-0.0262185465423192,18.57479693094893,2.94861928655015,63.63319549091134,27.15207332
0.7477989149795924,-0.2548119784283062,-0.68388640464423,0.7624499141385231,18.77092323303225,2.9235547705381517,62.60771955682329,29.42163860000005
0.2457527590256673,0.0530723782395071,-0.3312161100572895,0.2270394620421164,18.23601112365725,2.988557521308597,65.39613749133562,32.890928900000006
0.5038078943782458,-0.0964811083818618,-0.5459037954193484,0.5461514872738423,18.17033729553225,3.0582498735863317,64.52942736293296,30.85378897999999
0.2961579628894993,0.0309623337306451,-0.3995183215607675,0.130909855011557,19.11906776428225,2.8733089733618686,62.28048726827334,31.86552290000003
0.0806833299975275,-0.0155783231174347,-0.0570013818516811,0.1191847585290208,18.17033729553225,3.0582498735863317,64.52942736293296,28.62523994000003
0.0259112323332504,-0.3438895655704426,0.163000050574015,-0.4809160305343511,18.079354222615564,3.078370231760757,65.82244784811813,23.85368402000006
0.1644443599661665,-0.0504548221435367,-0.2196539847498455,0.0393922341024198,18.23601112365725,2.988557521308597,65.39613749133562,32.4124061
0.5713172372817272,-0.2260332941991029,-0.6173041489294109,0.6754478398314014,18.54354693094893,2.984148439590686,62.90115217725584,29.025148280000053
0.6489693480226614,-0.088505978158252,-0.6338785324422422,0.593783881460065,18.33977088928225,2.992261602896399,64.03543207444856,31.889449040000045
0.5525692095076699,-0.0901251372118552,-0.5712676412885261,0.6338255033557046,18.23601112365725,2.988557521308597,65.39613749133562,31.69120387999999
0.5570462947434431,-0.0796416328759366,-0.5600493866845901,0.482256829206025,18.23601112365725,2.988557521308597,65.39613749133562,30.67605193999998
0.1526679568703346,0.0331617271926162,-0.1996086856441342,0.055575221238938,18.33977088928225,2.992261602896399,64.03543207444856,33.93342500000006
0.7366206980313352,-0.1840910630801545,-0.6751765344921239,0.5884325230511316,18.079354222615564,3.078370231760757,65.82244784811813,29.57544949999999
0.2270510872913858,0.0337702751311243,-0.2417062630345511,0.2337721289151157,18.178475316365564,3.0367836134203143,64.33165852586,30.245381420000054
0.1466753778992072,0.0889385263952684,-0.2248316115593246,0.0711086226203807,18.178475316365564,3.0367836134203143,64.33165852586,31.16482880000001
0.6495105778339121,-0.0991561648689952,-0.659369227039814,0.6548494983277592,18.42692909240725,3.0261659658319164,63.215962152773066,31.855268840000008
0.45595124338686,-0.0420650972705852,-0.5112581419681034,0.4289209689258625,18.12785682678225,3.042692733145983,65.54639981076248,34.60335692000001
0.1522472993827161,-0.0207557514436461,-0.2161144195042501,0.0943854324734446,18.17033729553225,3.0582498735863317,64.52942736293296,30.740994320000027
0.3928660702788277,-0.0474324285836347,-0.4221345707656612,0.4026745913818722,18.079354222615564,3.078370231760757,65.82244784811813,31.335729800000024
0.188324079564444,0.0574276222116753,-0.2705162268239688,0.1446041976532804,18.23601112365725,2.988557521308597,65.39613749133562,30.908477300000012
0.7068786303882604,-0.2582497140700093,-0.6997336174746936,0.8233731739707836,18.079354222615564,3.078370231760757,65.82244784811813,30.074480419999983
0.1601923725953425,0.0666739066986133,-0.2659362916589946,0.1675485008818342,18.17033729553225,3.0582498735863317,64.52942736293296,31.03152602
0.3518076763752196,0.1143677999569517,-0.4633226125680356,0.2970495560011458,18.57479693094893,2.94861928655015,63.63319549091134,32.990051480000034
0.1282179498232606,-0.0067701681771321,-0.2328607094069432,0.0238831132340545,18.178475316365564,3.0367836134203143,64.33165852586,30.091570520000005
0.4448701575138358,-0.0607789076540122,-0.4960368373410996,0.4262424401788062,18.17033729553225,3.0582498735863317,64.52942736293296,31.03836206000005
0.3134860050890584,0.1080509509159821,-0.4759480609891782,0.2797685288226129,18.34579302469893,2.935192618336431,64.89503711773511,32.214160940000056
0.2034813979706877,0.0379107964295498,-0.3061088652447561,0.449403446752099,18.33977088928225,2.992261602896399,64.03543207444856,30.874297100000035
0.5050811300491677,-0.0681550689846476,-0.4819765057944221,0.3538848694558037,18.079354222615564,3.078370231760757,65.82244784811813,32.385061940000014
0.6285855455239635,-0.2042300768561388,-0.6199412022268092,0.4574151280524121,18.079354222615564,3.078370231760757,65.82244784811813,29.80103882000003
0.3658676566857676,0.0908700219654282,-0.4481493102104071,0.3245952197378566,18.42692909240725,3.0261659658319164,63.215962152773066,36.41832554000001
0.229998587793552,-0.0416326645468103,-0.3057657371642238,0.1245481432796582,18.77092323303225,2.9235547705381517,62.60771955682329,30.464134700000045
0.2242097277248589,0.0264001179893541,-0.2750482879719051,0.1831442463533225,18.33977088928225,2.992261602896399,64.03543207444856,31.192172959999997
0.233719727313722,-0.0524370559217969,-0.27694039480548,0.1304860088365243,18.77092323303225,2.9235547705381517,62.60771955682329,30.648707779999995
0.3705224256677306,0.0365779927448609,-0.4796694886359515,0.6279769365755828,18.079354222615564,3.078370231760757,65.82244784811813,32.45684036
0.4052505564410242,0.0722533572524534,-0.5195620648550973,0.4170451509484371,18.54354693094893,2.984148439590686,62.90115217725584,34.073563820000004
0.3513832939374771,-0.0235774715368225,-0.377617512302732,0.213781877373847,18.77092323303225,2.9235547705381517,62.60771955682329,31.762982300000036
0.6654360629840135,-0.1327762302692665,-0.6306321452589105,0.7027758970886933,18.23601112365725,2.988557521308597,65.39613749133562,30.11549666000002
0.2817974676242393,0.0197500474230533,-0.3327055831778951,0.2988929889298893,18.23601112365725,2.988557521308597,65.39613749133562,31.988571620000016
0.2225619284442813,0.0234022229940951,-0.3279607982052191,0.4597191426459719,18.33977088928225,2.992261602896399,64.03543207444856,32.05693201999998
0.2458157593507337,-0.048398434449063,-0.3189798235653769,0.1672380952380952,18.23601112365725,2.988557521308597,65.39613749133562,30.85378897999999
0.166929277225712,-0.0070466797205501,-0.2479704023246756,0.2003786683496371,18.17033729553225,3.0582498735863317,64.52942736293296,30.77175650000004
0.3787340908738587,0.056701030927835,-0.4406414513647039,0.1734502191609267,18.42692909240725,3.0261659658319164,63.215962152773066,33.12677228000001
0.3809604170182444,-0.0430767705522862,-0.4221741607206652,0.1569945021380574,18.77092323303225,2.9235547705381517,62.60771955682329,31.26053336000001
0.4267568687008146,0.0652435163528758,-0.5431557989049279,0.3562422744128554,18.42692909240725,3.0261659658319164,63.215962152773066,32.99688752000003
0.6973670855240455,-0.1551607421632151,-0.6881315553043075,0.6356854211998757,18.33977088928225,2.992261602896399,64.03543207444856,31.175082860000032
0.7547747216281984,-0.1921944865420022,-0.6830993386851505,0.8017015706806283,18.57479693094893,2.94861928655015,63.63319549091134,26.735074880000013
0.5947986827574542,-0.1023484509851115,-0.5850843971561076,0.1925675675675675,18.23601112365725,2.988557521308597,65.39613749133562,31.773236360000052
0.1453408268657012,0.0413413753909718,-0.1627087945260615,0.1267811472415053,18.178475316365564,3.0367836134203143,64.33165852586,31.09646840000005
0.3219709911901652,0.0940378134670302,-0.4772082438107787,0.2264409881061299,18.77092323303225,2.9235547705381517,62.60771955682329,34.31282522000004
0.5235893875164451,-0.0065730306560355,-0.5557981154958486,0.5453194650817236,18.42692909240725,3.0261659658319164,63.215962152773066,34.11116204000001
0.7029964971063052,-0.188533847073673,-0.6571878473508708,0.7707150964812712,18.23601112365725,2.988557521308597,65.39613749133562,28.485101120000024
0.5169174768056111,-0.1006196936317138,-0.5517733072975795,0.359765832889835,18.079354222615564,3.078370231760757,65.82244784811813,31.80058052000004
0.5503222843387231,-0.1682250240168028,-0.5423957143419861,0.3917948717948717,18.079354222615564,3.078370231760757,65.82244784811813,30.361594100000048
0.4386046828338246,-0.0939823205237266,-0.4627078243840684,0.1301850670070198,18.33977088928225,2.992261602896399,64.03543207444856,29.736096439999983
0.2997013746951666,0.1133803887501357,-0.4333202258236665,0.2471033341215417,18.54354693094893,2.984148439590686,62.90115217725584,33.21564080000002
0.1029414662017062,0.0690535383182699,-0.177589162696284,0.0592314360011557,18.12785682678225,3.042692733145983,65.54639981076248,32.26201322000003
0.4273124210966459,0.0879981914308762,-0.5012771284063807,0.4207216153591526,18.079354222615564,3.078370231760757,65.82244784811813,32.11162034000006
0.2404235409997537,0.0266121489909334,-0.2992664582624038,0.2280595201943516,18.33977088928225,2.992261602896399,64.03543207444856,31.171664840000005
0.7114313197017171,-0.2047115294370029,-0.6534052223837477,0.8603506613349738,18.12785682678225,3.042692733145983,65.54639981076248,29.63697386000001
0.2295522920809748,0.0861882745291241,-0.2924410736060675,0.2172447013487476,18.34579302469893,2.935192618336431,64.89503711773511,33.77277806000001
0.1310290475118216,0.10548951515961,-0.2092009918389946,0.033320853612879,18.33977088928225,2.992261602896399,64.03543207444856,30.481224800000007
0.2738757542706036,-0.0183542636339686,-0.3507055378061767,0.2195121951219512,18.178475316365564,3.0367836134203143,64.33165852586,31.007599880000043
0.2041527526172963,0.0340255162190239,-0.2625540646716452,0.1922330097087378,18.54354693094893,2.984148439590686,62.90115217725584,30.80251868000005
0.5971744536747975,-0.1327091581139652,-0.5956265858471949,0.700509337860781,18.12785682678225,3.042692733145983,65.54639981076248,31.11014048000004
0.5812571622596664,-0.1188592776786732,-0.5948083969727065,0.6305084745762712,18.079354222615564,3.078370231760757,65.82244784811813,31.11014048000004
0.6424768697989353,-0.1571156769747563,-0.668927213881029,0.6110019646365422,18.42692909240725,3.0261659658319164,63.215962152773066,31.602335359999984
0.8443515750662859,-0.4775235943420648,-0.7896957473042028,0.8621296567908477,18.23601112365725,2.988557521308597,65.39613749133562,24.26726444000002
0.5296417260490894,-0.0345450792924757,-0.5833660593849778,0.6501529051987768,18.42692909240725,3.0261659658319164,63.215962152773066,31.968063500000028
0.6497325105695951,-0.1751851851851851,-0.6348462763974103,0.7172848145556333,18.42692909240725,3.0261659658319164,63.215962152773066,32.64141344000001
0.4493958055770359,-0.1254123502517508,-0.4313527041201258,0.3875638841567291,18.178475316365564,3.0367836134203143,64.33165852586,30.641871740000056
0.2478673748591662,0.1312678581433133,-0.4204750184742977,0.1285952866951197,18.17033729553225,3.0582498735863317,64.52942736293296,33.42414001999998
0.2861771628196603,-0.0230871266181977,-0.336609121021344,0.1933287950987066,18.33977088928225,2.992261602896399,64.03543207444856,30.645289760000026
0.523020268926404,-0.0522156247137302,-0.5732954793079188,0.7421796165489405,18.54354693094893,2.984148439590686,62.90115217725584,31.84843280000001
0.1972512420485675,0.058102411619021,-0.2552062543202905,0.1037472901827191,18.178475316365564,3.0367836134203143,64.33165852586,31.858686860000034
0.6330360566919884,-0.2541436117882231,-0.6645596992581257,0.7478424015009381,18.17033729553225,3.0582498735863317,64.52942736293296,31.161410779999983
0.3149451066215703,-0.0598963458636751,-0.365052244200565,0.323087431693989,18.17033729553225,3.0582498735863317,64.52942736293296,29.99928398000003
0.6056450009938383,-0.1740899841736378,-0.5746588693957115,0.5849310460813992,18.77092323303225,2.9235547705381517,62.60771955682329,29.97877586000004
0.4387459133204796,-0.0262438785211584,-0.4742267155704826,0.3166522864538395,18.57479693094893,2.94861928655015,63.63319549091134,32.14580053999998
0.3615295301493924,0.0257713972384227,-0.4558637300424601,0.2,18.33977088928225,2.992261602896399,64.03543207444856,31.19559098000002
0.4683761490996095,0.0321282015366338,-0.5530859264439006,0.4541112248379392,18.42692909240725,3.0261659658319164,63.215962152773066,31.02810800000003
0.5253060447076344,0.0039799644969075,-0.5704735078086001,0.5326155794806839,19.11906776428225,2.8733089733618686,62.28048726827334,32.38164391999999
0.5462791455668531,-0.1433509090588463,-0.5553920706254898,0.4480787551603684,18.57479693094893,2.94861928655015,63.63319549091134,31.39725415999999
0.6321381578947369,-0.0697238212276049,-0.638958164731531,0.6290265486725664,18.079354222615564,3.078370231760757,65.82244784811813,31.06570622000004
0.3789178157009669,-0.1250371343246243,-0.4080053225317249,0.3348399246704331,18.34579302469893,2.935192618336431,64.89503711773511,30.600855500000023
0.3527499064158367,-0.0730088495575221,-0.3693337593152588,0.1706553343770968,18.54354693094893,2.984148439590686,62.90115217725584,29.34644216000004
0.6390592202039569,-0.1177196571370606,-0.6543992526108572,0.5984900480439259,18.23601112365725,2.988557521308597,65.39613749133562,29.85572714
0.7615889323136912,-0.3062110940212691,-0.7191635027237422,0.7475247524752475,18.34579302469893,2.935192618336431,64.89503711773511,30.074480419999983
0.298845227894071,-0.0382475161620709,-0.3308637226454382,0.215607130844265,18.54354693094893,2.984148439590686,62.90115217725584,29.78394872000001
0.4725536992840095,-0.0791277610087732,-0.4916602489739816,0.5255596391580354,18.34579302469893,2.935192618336431,64.89503711773511,30.453880640000023
0.2446429034124772,-0.0061441358412579,-0.2476061849600886,0.1227821149751596,18.77092323303225,2.9235547705381517,62.60771955682329,32.72002789999999
0.5839685404153312,-0.1503312294611653,-0.5712440885975616,0.47911051212938,18.42692909240725,3.0261659658319164,63.215962152773066,29.70533426000003
0.1743135193526297,-0.0032630728917747,-0.2177226583987597,0.0683970536653805,18.178475316365564,3.0367836134203143,64.33165852586,31.503212780000013
0.6594955557382589,-0.2126511975648181,-0.6223264121455684,0.7486054295277055,18.079354222615564,3.078370231760757,65.82244784811813,31.352819899999982
0.2740806876933618,0.0280523347905974,-0.3020349268996542,0.1198215423836838,18.77092323303225,2.9235547705381517,62.60771955682329,30.47780678000004
0.4847007475507267,-0.0995570960908915,-0.48926458944623,0.5793731041456016,18.23601112365725,2.988557521308597,65.39613749133562,29.619883759999997
0.3555707100843917,0.0280363549682475,-0.3944038652087369,0.1229621442387399,18.079354222615564,3.078370231760757,65.82244784811813,31.08963236
0.4333124909816745,-0.0348899127173383,-0.546204534841488,0.2771392081736909,18.42692909240725,3.0261659658319164,63.215962152773066,30.549585200000024
0.6792110862199008,-0.1868619759549971,-0.6293747542272906,0.7922586967172954,18.42692909240725,3.0261659658319164,63.215962152773066,28.66283815999998
0.2611139149551336,-0.0243817703013499,-0.3211578098395913,0.2975702114231618,18.12785682678225,3.042692733145983,65.54639981076248,30.70339610000002
0.2656192105449872,0.0683071208867739,-0.3250247606470782,0.2536475869809203,18.57479693094893,2.94861928655015,63.63319549091134,33.119936240000015
0.7896175915585166,-0.3545335966363285,-0.713753618645474,0.7711293941660434,18.42692909240725,3.0261659658319164,63.215962152773066,29.70875228
0.1288441827759635,0.1831012153849868,-0.2791685123761573,0.0825356691349106,18.23601112365725,2.988557521308597,65.39613749133562,34.94174090000001
0.2471931919098057,0.0866082042623571,-0.3914960629921258,0.1043388429752066,18.17033729553225,3.0582498735863317,64.52942736293296,31.674113780000027
0.4690139104403829,-0.069325536646925,-0.5135968759727214,0.319598248776719,18.77092323303225,2.9235547705381517,62.60771955682329,31.25711534000004
0.205959366521547,0.0808672810007273,-0.2753325826765085,0.2661466458658346,18.178475316365564,3.0367836134203143,64.33165852586,30.75808442000005
0.5296708529254212,-0.1249867115243913,-0.5580883753962342,0.4599504541701073,18.178475316365564,3.0367836134203143,64.33165852586,28.90209956000001
0.7192063747128828,-0.1707078444119748,-0.6663612709348774,0.7533490937746257,18.23601112365725,2.988557521308597,65.39613749133562,30.35817608000002
0.7246372288968638,-0.2361085223926221,-0.6813507757833892,0.7451979615836927,18.42692909240725,3.0261659658319164,63.215962152773066,30.153094880000022
0.3833633705795186,0.1005411148319628,-0.5129343950662706,0.301845480137629,18.77092323303225,2.9235547705381517,62.60771955682329,35.762065699999994
0.2159366581833875,-0.0420918367346937,-0.3184649646580382,0.1963443396226415,18.178475316365564,3.0367836134203143,64.33165852586,29.56861346000005
0.3437904598990906,-0.0760269927240282,-0.3706460494301447,0.1630558722919042,18.12785682678225,3.042692733145983,65.54639981076248,30.42653647999998
0.7266694995587225,-0.2813169576080012,-0.6680911980800404,0.7754120879120879,18.77092323303225,2.9235547705381517,62.60771955682329,30.89138720000005
0.4792264789902127,-0.0530962174615552,-0.515877208428714,0.4146225291736127,18.54354693094893,2.984148439590686,62.90115217725584,31.80399854000001
0.4406821219815074,0.0524733263625534,-0.5089512795234821,0.4088379705400982,19.11906776428225,2.8733089733618686,62.28048726827334,31.85185081999998
0.6924048235368394,-0.3181679599523991,-0.6397915239307038,0.7801539777587682,18.12785682678225,3.042692733145983,65.54639981076248,27.517801459999987
0.1673624079973636,0.0599276062131855,-0.2385799621193725,0.0651575405322728,18.23601112365725,2.988557521308597,65.39613749133562,31.39725415999999
0.4474169333549633,-0.0474274554166977,-0.5197782543725853,0.435118306351183,18.42692909240725,3.0261659658319164,63.215962152773066,29.883071299999983
0.446477865248952,-0.0558208955223881,-0.4840299994755336,0.2486878280429892,18.33977088928225,2.992261602896399,64.03543207444856,32.34404570000004
0.4078583287216381,-0.0224976342379193,-0.4616967889741446,0.4569536423841059,18.17033729553225,3.0582498735863317,64.52942736293296,31.205845039999986
0.2587058976297961,0.0302313400775644,-0.3318946355972617,0.0606694560669456,18.33977088928225,2.992261602896399,64.03543207444856,31.137484640000025
0.8083124851627983,-0.3471872661723691,-0.7251441612515462,0.8408880666049954,18.33977088928225,2.992261602896399,64.03543207444856,28.42699478000003
0.4961552011078853,-0.1568417493237149,-0.4760369602473606,0.6750769230769231,18.54354693094893,2.984148439590686,62.90115217725584,31.47928664000005
0.6109722041823612,-0.1541852782430671,-0.6023868738089855,0.5170088875268158,19.11906776428225,2.8733089733618686,62.28048726827334,31.513466839999975
0.3187759651433782,0.0018078229429166,-0.3785928834615762,0.2078037245048773,18.17033729553225,3.0582498735863317,64.52942736293296,31.961227460000032
0.4082341727392922,0.0400033537000744,-0.4731306438513682,0.3712998712998713,18.17033729553225,3.0582498735863317,64.52942736293296,31.69120387999999
0.1938289821954538,-0.0138378272953337,-0.2706273450581146,0.1217329036877909,18.54354693094893,2.984148439590686,62.90115217725584,30.19752914000003
0.2836324145420698,0.154266555817535,-0.3335482345862077,0.3725981620718462,18.178475316365564,3.0367836134203143,64.33165852586,32.97979742000001
0.3288179548370187,-0.0347383346223253,-0.3287171458719836,0.5507405375754251,18.17033729553225,3.0582498735863317,64.52942736293296,31.957809440000005
0.132426218386039,0.0604724468544196,-0.1823290517567057,0.066827940731781,18.17033729553225,3.0582498735863317,64.52942736293296,31.71513002000006
0.2386276135757863,0.1289764976622619,-0.3243771720802096,0.2169642857142857,18.23601112365725,2.988557521308597,65.39613749133562,34.72640564000005
0.4420615076391573,0.050392670157068,-0.4913614487315441,0.4050738778923892,19.11906776428225,2.8733089733618686,62.28048726827334,33.82063033999998
0.3559426334592572,0.00804701910151,-0.3114331297066287,0.6728896103896104,18.57479693094893,2.94861928655015,63.63319549091134,30.53933114000006
0.2311039463164655,0.179726319282527,-0.4582657362198916,0.2186329588014981,18.42692909240725,3.0261659658319164,63.215962152773066,33.00030554
0.3233741189547877,0.0091548762956798,-0.3822730031400901,0.2876254180602006,18.77092323303225,2.9235547705381517,62.60771955682329,31.6775318
0.1982364118693755,0.1571613442961529,-0.3713398520787141,0.1543942992874109,18.42692909240725,3.0261659658319164,63.215962152773066,32.75079008
0.7706639237681215,-0.3655882595062228,-0.7551146036723192,0.5697724345212538,18.12785682678225,3.042692733145983,65.54639981076248,29.84889110000006
0.6925967018003935,-0.2207541851181653,-0.6170217891427676,0.7122106218792555,18.77092323303225,2.9235547705381517,62.60771955682329,27.780988999999977
0.76385181120807,-0.2399729992359673,-0.6917860901951258,0.7931034482758621,18.23601112365725,2.988557521308597,65.39613749133562,28.618403900000036
0.5771558095988965,-0.0973785082937332,-0.6214512958722568,0.6121867881548975,18.77092323303225,2.9235547705381517,62.60771955682329,29.483162960000016
0.5942171715228781,-0.111986475970698,-0.5864297253634894,0.6368455931080186,18.33977088928225,2.992261602896399,64.03543207444856,30.751248379999996
0.275764217777604,0.0844305868638561,-0.2981201959456768,0.2432175154688243,18.178475316365564,3.0367836134203143,64.33165852586,30.573511339999985
0.2109512178374189,0.0687105826971242,-0.2759351324534112,0.1240310077519379,18.178475316365564,3.0367836134203143,64.33165852586,31.007599880000043
0.3116829578871188,0.0083799656490664,-0.3738437919785071,0.2459639126305793,18.178475316365564,3.0367836134203143,64.33165852586,31.60575338000001
0.7546085115225157,-0.2864998984300183,-0.705779368194236,0.7964257964257965,18.42692909240725,3.0261659658319164,63.215962152773066,28.80639500000001
0.2919165816399507,-0.0810107796280191,-0.3445209693745907,0.090248672813635,18.54354693094893,2.984148439590686,62.90115217725584,29.88648932000001
0.6555485939630709,-0.1375391725491438,-0.6288050474101203,0.6041388518024032,18.23601112365725,2.988557521308597,65.39613749133562,31.24686128000002
0.3692703409765427,0.0978301804803152,-0.4522702895959957,0.3018714401952807,18.17033729553225,3.0582498735863317,64.52942736293296,32.39189798000001
0.5490934777489993,-0.0158320512184227,-0.573842762674504,0.5698924731182796,19.11906776428225,2.8733089733618686,62.28048726827334,31.445106440000018
0.5951153270880895,-0.2190503406681005,-0.5464059146196041,0.6603396603396603,18.178475316365564,3.0367836134203143,64.33165852586,30.82644482000001
0.5002576168721876,-0.0644748546848153,-0.552463211772233,0.4203856749311295,18.77092323303225,2.9235547705381517,62.60771955682329,30.39919232
0.8587122762423798,-0.4676531870561721,-0.7628479493334696,0.8760262725779967,18.42692909240725,3.0261659658319164,63.215962152773066,27.01535252000002
0.2022717109381988,-0.0145281922400587,-0.2570578939001468,0.1233333333333333,18.54354693094893,2.984148439590686,62.90115217725584,30.55300322000005
0.4142716967490381,0.0469889161490143,-0.4665497436172064,0.4496741491672701,18.23601112365725,2.988557521308597,65.39613749133562,32.08085816000005
0.3993131518697533,0.0462964166980915,-0.4666186743454382,0.37949052906597,18.33977088928225,2.992261602896399,64.03543207444856,33.32501744000001
0.3087071811245195,-0.021655189894808,-0.3750056856947918,0.3680113234253361,18.12785682678225,3.042692733145983,65.54639981076248,31.47586862000003
0.2366499707726339,0.00010194152263570225,-0.2282874739586296,0.1044282881692002,18.54354693094893,2.984148439590686,62.90115217725584,30.03346418000001
0.5520092650152005,-0.038224034999772,-0.5753243497878004,0.4671508748761968,19.11906776428225,2.8733089733618686,62.28048726827334,32.54229085999998
0.7386149049229283,-0.26918144902757,-0.6706873632904536,0.7943607194944093,18.34579302469893,2.935192618336431,64.89503711773511,29.18237720000002
0.2632118187526854,-0.0148964418481147,-0.3072930472778268,0.2691564713457823,18.77092323303225,2.9235547705381517,62.60771955682329,34.09065392000002
0.7995950445738852,-0.3949582332244842,-0.7128113326452886,0.8240445859872612,18.17033729553225,3.0582498735863317,64.52942736293296,31.03836206000005
0.4095512539414063,-0.1643093693942319,-0.411821300092027,0.29,18.57479693094893,2.94861928655015,63.63319549091134,28.368888439999974
0.3515500654957251,-0.156584101729645,-0.3861265998324328,0.5981638418079096,18.178475316365564,3.0367836134203143,64.33165852586,28.963623920000032
0.4972422321235793,-0.2082046408489745,-0.396532469196829,0.5917044718081659,18.42692909240725,3.0261659658319164,63.215962152773066,30.218037260000017
0.4612192011013707,-0.1578499867649536,-0.4672643551977558,0.6847501067919692,18.23601112365725,2.988557521308597,65.39613749133562,30.371848160000013
0.2640016957154282,0.0138090190860639,-0.3506012189095703,0.0711297071129707,18.33977088928225,2.992261602896399,64.03543207444856,29.766858619999997
0.2921490609590702,-0.0149780232960116,-0.341727054829654,0.0371075166508087,18.17033729553225,3.0582498735863317,64.52942736293296,30.84695294000005
0.4840387678335422,-0.1361248394754252,-0.5013885079539222,0.5158462575859744,18.54354693094893,2.984148439590686,62.90115217725584,31.14090266000005
0.3221613514695774,0.0303321952076505,-0.3488965158164294,0.1451667228022903,18.12785682678225,3.042692733145983,65.54639981076248,32.32695560000002
0.4651450658446401,-0.0880709786850438,-0.4779988721501652,0.456,18.42692909240725,3.0261659658319164,63.215962152773066,31.68436784000005
0.2556172491796538,-0.0640964439695999,-0.2907827493657857,0.1290668573471576,18.12785682678225,3.042692733145983,65.54639981076248,30.337667960000037
0.513324158638809,0.0414353111478579,-0.5293195438339192,0.4877577319587629,19.11906776428225,2.8733089733618686,62.28048726827334,31.561319120000007
0.4554899606430524,0.0854678912541193,-0.5369727921105928,0.3910355486862442,18.23601112365725,2.988557521308597,65.39613749133562,33.19171466
0.5461881005792345,-0.1579545644506111,-0.5520950033609681,0.4766277128547579,18.178475316365564,3.0367836134203143,64.33165852586,28.26292982000001
0.4790998589582559,-0.0491088537285799,-0.5501739264728593,0.6116264687693259,18.77092323303225,2.9235547705381517,62.60771955682329,31.57157318000003
0.6673991974011083,-0.1348398634368394,-0.6512589536633139,0.6214833759590793,18.23601112365725,2.988557521308597,65.39613749133562,28.843993220000016
0.3813463674738945,0.0234285175761003,-0.4032952647496952,0.3158478019948282,18.57479693094893,2.94861928655015,63.63319549091134,30.35817608000002
0.5511762647276122,-0.0956521739130434,-0.5799654631580614,0.3914590747330961,18.42692909240725,3.0261659658319164,63.215962152773066,32.24834113999998
0.1287116810258464,0.0631143042458714,-0.1984427519891078,0.0749034749034749,18.178475316365564,3.0367836134203143,64.33165852586,32.12871044000002
0.321913049232398,0.03768824553058,-0.3796574467350393,0.3474110500433902,18.23601112365725,2.988557521308597,65.39613749133562,32.34062768000001
0.4660814502394587,-0.0740567064694946,-0.4785365178900776,0.4565685570710696,18.178475316365564,3.0367836134203143,64.33165852586,29.076418579999995
0.512233757561169,-0.0766211509757311,-0.5582867247573555,0.4289821736630247,19.11906776428225,2.8733089733618686,62.28048726827334,32.60039720000003
0.2782210834553441,-0.0552621837439279,-0.3324048990804686,0.4421875,18.17033729553225,3.0582498735863317,64.52942736293296,29.83521902000001
0.409378519968854,0.0552410874908151,-0.4964882285420731,0.335368717707844,18.42692909240725,3.0261659658319164,63.215962152773066,33.755687960000046
0.3495722351148211,-0.005892565557212,-0.3802038593352875,0.1936645068394528,18.77092323303225,2.9235547705381517,62.60771955682329,33.48224635999998
0.5539042494570678,-0.0914751802922241,-0.5796722986053332,0.4573816155988858,18.42692909240725,3.0261659658319164,63.215962152773066,30.928985420000004
0.2039808658297608,0.0249284442072725,-0.2640695752174227,0.0926365795724465,18.77092323303225,2.9235547705381517,62.60771955682329,30.47780678000004
0.5162027699341132,-0.0947322733918128,-0.53166124663412,0.632613599742185,18.54354693094893,2.984148439590686,62.90115217725584,33.253239020000024
0.1769324025292152,0.1490400281539605,-0.3752633131108863,0.1150467159391995,18.079354222615564,3.078370231760757,65.82244784811813,33.16437050000002
0.2995864374334835,-0.0076761187416925,-0.3120601130725741,0.1076413532055831,18.54354693094893,2.984148439590686,62.90115217725584,30.70681411999999
0.6267759765552547,-0.0856449676309306,-0.6484695843396705,0.6693766937669376,18.23601112365725,2.988557521308597,65.39613749133562,30.946075520000026
0.164582510640165,-0.042965035404698,-0.2600645651348272,0.1253687315634218,18.17033729553225,3.0582498735863317,64.52942736293296,29.777112680000016
0.3937780855314881,-0.0412553347415613,-0.4405248248099001,0.4440599769319492,18.23601112365725,2.988557521308597,65.39613749133562,32.75079008
0.4567064644508982,0.010164500989303,-0.5308384804812079,0.3884848484848485,18.079354222615564,3.078370231760757,65.82244784811813,32.480766500000016
0.1758900968408984,-0.0171430595402543,-0.2325157192214426,0.1360440232344848,18.54354693094893,2.984148439590686,62.90115217725584,29.302007900000035
0.3833115662270191,-0.238348526020287,-0.3966512827572216,0.2288838612368024,18.23601112365725,2.988557521308597,65.39613749133562,30.49147886000003
0.1452759905181172,0.0416801207240809,-0.251525400390709,0.1053787047200878,18.12785682678225,3.042692733145983,65.54639981076248,32.39189798000001
0.5374093195438173,-0.1137675582066577,-0.558612913269213,0.6328784925276153,18.17033729553225,3.0582498735863317,64.52942736293296,31.28787752000005
0.5116234656851684,0.008517809966293,-0.5540641844857744,0.4684894964988329,18.34579302469893,2.935192618336431,64.89503711773511,32.68242968000004
0.2006921893693386,0.0636823297153663,-0.238229526977902,0.1691777873439517,18.54354693094893,2.984148439590686,62.90115217725584,31.58182724000005
0.180919575881743,0.0065712225769904,-0.2441459492462613,0.0817364098552991,18.34579302469893,2.935192618336431,64.89503711773511,32.49102056000004
0.4078286145267492,-0.0160112531343649,-0.4334849125471347,0.1943099273607748,18.42692909240725,3.0261659658319164,63.215962152773066,30.713650160000043
0.3135758317255659,-0.0167474048442907,-0.3685469716728601,0.1893129770992366,18.54354693094893,2.984148439590686,62.90115217725584,30.27956161999998
0.2439501990036157,0.1279625089386045,-0.2297815634510452,0.2986698911729141,18.178475316365564,3.0367836134203143,64.33165852586,31.11014048000004
0.3917842751561216,-0.0726107337606429,-0.448060721665872,0.3255649717514124,18.12785682678225,3.042692733145983,65.54639981076248,29.37720434000005
0.1272730496768302,0.0827676259044705,-0.1599671562813612,0.1177704525022475,18.12785682678225,3.042692733145983,65.54639981076248,32.08427618000002
0.0226523278194274,0.1615121033377292,-0.091494160405683,0.065860505290434,18.178475316365564,3.0367836134203143,64.33165852586,32.795224340000004
0.5164611168208292,-0.1825656027303024,-0.5176049094898519,0.2597904026475455,18.12785682678225,3.042692733145983,65.54639981076248,32.3098655
0.1482963779685408,0.0889747230900311,-0.2154966616395481,0.4844668345927791,18.17033729553225,3.0582498735863317,64.52942736293296,32.65166750000003
0.7172470306435782,-0.1801961815762602,-0.6597070521579447,0.7339312406576981,18.77092323303225,2.9235547705381517,62.60771955682329,28.48168310000005
0.4031577203184548,-0.1115958969614761,-0.440285089495424,0.35586699642759,18.17033729553225,3.0582498735863317,64.52942736293296,30.857207000000017
0.372554562931132,-0.0500816489850653,-0.4258757535041154,0.4611718530978413,18.23601112365725,2.988557521308597,65.39613749133562,31.961227460000032
0.5264568175533284,-0.0153496809549784,-0.5655397013232143,0.492769744160178,18.77092323303225,2.9235547705381517,62.60771955682329,33.09601010000006
0.2423619090323123,0.0264752903146466,-0.3301967185568371,0.2443593018305662,18.33977088928225,2.992261602896399,64.03543207444856,28.87133738
0.2264533149084514,-0.0205540310989154,-0.2947788102086321,0.0687447815196214,18.54354693094893,2.984148439590686,62.90115217725584,31.670695760000054
0.2346846760422862,0.0840017365435666,-0.2899494868505451,0.1792905081495685,18.77092323303225,2.9235547705381517,62.60771955682329,32.764462159999994
0.3809627532128078,-0.0033850617663866,-0.4113980409617098,0.1245762711864406,18.12785682678225,3.042692733145983,65.54639981076248,32.12529242000005
0.0335812948164743,-0.0579078254691082,-0.0752407564697531,-0.0125986432230375,18.178475316365564,3.0367836134203143,64.33165852586,34.76742188000003
0.753472479344963,-0.2849944182584967,-0.687682000529456,0.870892926169308,18.178475316365564,3.0367836134203143,64.33165852586,26.21553584000003
0.7009167649995462,-0.1484869378686892,-0.6809167495159856,0.6797601199400299,18.23601112365725,2.988557521308597,65.39613749133562,31.202427020000016
0.220788163588145,0.0579753852340124,-0.2877489521678101,0.1880804953560371,18.54354693094893,2.984148439590686,62.90115217725584,31.99882567999998
0.7268947938055693,-0.261469347342599,-0.6758051375678517,0.7045643153526971,18.23601112365725,2.988557521308597,65.39613749133562,30.26247152000002
0.216251493518881,0.0628070528343636,-0.3082169219886496,0.2164246823956442,18.33977088928225,2.992261602896399,64.03543207444856,30.665797880000014
0.1426793549979078,0.0901184892829989,-0.1834616709445871,0.110879388251651,18.54354693094893,2.984148439590686,62.90115217725584,31.154574740000044
0.7611829561826541,-0.2658836952612455,-0.71432890217583,0.8449564134495642,18.42692909240725,3.0261659658319164,63.215962152773066,30.204365180000025
0.1697082602325959,0.017381791661602,-0.2238865285807556,0.1393557422969187,18.54354693094893,2.984148439590686,62.90115217725584,29.814710900000023
0.1495632491711297,0.0181211708645337,-0.1916654962450118,0.0661282180716809,18.54354693094893,2.984148439590686,62.90115217725584,31.12723058000006
0.3119466003942516,0.1372329228952568,-0.4613957533154577,0.2884326489734602,18.23601112365725,2.988557521308597,65.39613749133562,33.45490219999999
0.3969826284912325,0.055064656956625,-0.4801462769406334,0.2586651389286737,18.42692909240725,3.0261659658319164,63.215962152773066,32.446586300000035
0.2656018733293568,-0.0384141331142152,-0.3188002117814967,0.1377595788242176,18.178475316365564,3.0367836134203143,64.33165852586,31.773236360000052
0.2683382915427114,0.173155155774532,-0.4006007133470998,0.2426900584795321,18.12785682678225,3.042692733145983,65.54639981076248,35.902204520000055
0.1606671109790665,0.0318289595306032,-0.269060579455663,0.0708044591744501,18.178475316365564,3.0367836134203143,64.33165852586,30.002702
0.2262728761083464,0.0809192022888939,-0.3130147269397991,0.0967741935483871,18.33977088928225,2.992261602896399,64.03543207444856,30.498314900000025
0.7156535505159359,-0.1682197473943959,-0.6617863048116981,0.6689881196231053,18.77092323303225,2.9235547705381517,62.60771955682329,29.13110690000002
0.7570614833519291,-0.2174473250554383,-0.6753548531593829,0.7854588796185935,18.079354222615564,3.078370231760757,65.82244784811813,27.61008800000002
0.3314739202944389,-0.008746419196375,-0.413869699629785,0.2212436615959434,18.079354222615564,3.078370231760757,65.82244784811813,32.67217562000002
0.4930503261948159,-0.0006225827752098802,-0.5401457734413567,0.4513422818791946,18.34579302469893,2.935192618336431,64.89503711773511,31.89286706000001
0.576798694098805,-0.1376145769679463,-0.6032788682111065,0.5846603834904127,18.17033729553225,3.0582498735863317,64.52942736293296,29.41138454000003
0.3040660230970985,0.0134837530125488,-0.4342717332205643,0.317759808325846,18.23601112365725,2.988557521308597,65.39613749133562,33.23956694000003
0.744522604962409,-0.2938529614016205,-0.7098351425833919,0.7793446702613024,18.42692909240725,3.0261659658319164,63.215962152773066,29.94801368000003
0.623576415750252,-0.1558217029404794,-0.5849911572104584,0.7648711943793911,18.178475316365564,3.0367836134203143,64.33165852586,27.23752381999998
0.0819508733993309,0.0514802802091201,-0.137879878119198,0.0865746549560853,18.12785682678225,3.042692733145983,65.54639981076248,31.041780080000024
0.1117158977763026,0.0809836935149026,-0.2205143776758874,0.1018288552720704,18.23601112365725,2.988557521308597,65.39613749133562,33.93342500000006
0.5586686203073024,-0.0641657372672276,-0.5593478863753417,0.5055679287305123,18.17033729553225,3.0582498735863317,64.52942736293296,30.12575072000004
0.4841780014652947,-0.0664701250663785,-0.5233573969449675,0.4154555940023068,18.33977088928225,2.992261602896399,64.03543207444856,29.61304772000005
0.582357956747539,-0.17090518013981,-0.5820207304078271,0.6926812348248352,18.178475316365564,3.0367836134203143,64.33165852586,29.01147620000006
0.3979461820829414,0.0246790767570084,-0.4760165921939814,0.2615621788283658,18.23601112365725,2.988557521308597,65.39613749133562,30.864043040000013
0.1136187912118412,0.0041732409098162,-0.1681876034639092,0.0125078173858661,18.54354693094893,2.984148439590686,62.90115217725584,30.61452758000001
0.1739849271848005,0.0209181944053453,-0.2402424912850145,0.029951690821256,18.33977088928225,2.992261602896399,64.03543207444856,30.481224800000007
0.2502853209180992,0.0094722792313102,-0.2868263305583263,0.2640449438202247,18.54354693094893,2.984148439590686,62.90115217725584,31.4724506
0.5950035382327918,-0.0392647508328023,-0.6252815452173772,0.5957309184993532,18.57479693094893,2.94861928655015,63.63319549091134,31.776654380000025
0.7082654408864039,-0.2305724929110217,-0.6529113524906441,0.7850862911103875,18.54354693094893,2.984148439590686,62.90115217725584,29.83180100000004
0.6379267841735485,-0.1940604735446962,-0.5903102591975745,0.6227290297642056,18.178475316365564,3.0367836134203143,64.33165852586,26.601772100000005
0.6335393534977847,-0.1624856470038728,-0.6071101863643703,0.6977256052824652,18.17033729553225,3.0582498735863317,64.52942736293296,30.860625020000043
0.5452435822285747,-0.2245469354510282,-0.5152636593412651,0.3746928746928747,18.77092323303225,2.9235547705381517,62.60771955682329,28.221913579999978
0.4119776536312849,0.0326156295770839,-0.4547701092086782,0.4791431792559188,19.11906776428225,2.8733089733618686,62.28048726827334,30.05055428000003
0.3969170873755677,-0.0348862430605628,-0.4910092146048531,0.3541919805589307,18.77092323303225,2.9235547705381517,62.60771955682329,32.87042078000002
0.6459074733096084,-0.294349073726691,-0.5906343846182602,0.5500945179584121,18.77092323303225,2.9235547705381517,62.60771955682329,29.93434160000004
0.413238274721758,-0.0836798407656337,-0.4722638958344911,0.4069731564331996,18.178475316365564,3.0367836134203143,64.33165852586,29.81129288
0.3600115401912616,-0.0397472575235648,-0.4873146378129581,0.6284924777402517,18.079354222615564,3.078370231760757,65.82244784811813,29.64039188000004
0.1191633304074162,0.0933844379503811,-0.1744815655260735,0.0094117647058823,18.33977088928225,2.992261602896399,64.03543207444856,30.15651290000005
0.6674298199781505,-0.1529674516372712,-0.6467795656049163,0.7099533437013997,19.11906776428225,2.8733089733618686,62.28048726827334,31.26395137999998
0.681430449252799,-0.1145358932687375,-0.6519540945768953,0.6571811181787747,18.57479693094893,2.94861928655015,63.63319549091134,30.05397230000005
0.2174107659656569,-0.041165871334376,-0.2723914305994708,0.2170868347338935,18.178475316365564,3.0367836134203143,64.33165852586,31.21268108000004
0.344735987917249,0.1279619224358643,-0.5168270667702791,0.2162162162162162,18.23601112365725,2.988557521308597,65.39613749133562,33.89582677999999
0.6588196364839632,-0.1977745351526167,-0.6371121996734314,0.4682884448305821,18.57479693094893,2.94861928655015,63.63319549091134,28.69360033999999
0.6842856813837261,-0.2674835780023225,-0.6594808023962967,0.7542451373880827,18.23601112365725,2.988557521308597,65.39613749133562,30.665797880000014
0.457245564531715,-0.0337203117031252,-0.4907118172256446,0.5427295918367347,18.17033729553225,3.0582498735863317,64.52942736293296,31.455360499999983
0.2092015244042427,0.003993827720795,-0.2531262490721177,0.1055031924597141,18.178475316365564,3.0367836134203143,64.33165852586,31.181918900000028
0.3183913720426841,-0.0267411942152426,-0.3663347632728561,0.3190005810575247,18.54354693094893,2.984148439590686,62.90115217725584,29.302007900000035
0.2053502127773467,0.0010369934952225,-0.2186248511743695,0.305874840357599,18.54354693094893,2.984148439590686,62.90115217725584,31.45877852000001
0.2272078391286724,0.0414882927030709,-0.2833092212567155,0.1747747747747747,18.178475316365564,3.0367836134203143,64.33165852586,30.453880640000023
0.7795100410405941,-0.3062832893084484,-0.7238980823080878,0.7470379146919431,19.11906776428225,2.8733089733618686,62.28048726827334,29.70191624000006
0.3532943118715292,0.0774834132192933,-0.4884450313634862,0.3700636942675159,18.17033729553225,3.0582498735863317,64.52942736293296,32.890928900000006
0.0723684210526315,-0.0498335243709402,0.1237756822012666,0.3141919606234618,18.33977088928225,2.992261602896399,64.03543207444856,25.887405919999992
0.6624241061389701,-0.2704900324069527,-0.6354925161812297,0.7915218902015289,18.23601112365725,2.988557521308597,65.39613749133562,30.99392780000005
0.4667660653049053,-0.00011182839424586336,-0.5667213454157444,0.7051724137931035,18.34579302469893,2.935192618336431,64.89503711773511,33.888990740000054
0.5340815121086829,-0.0139569384528294,-0.5765927095031416,0.5821684926331696,18.23601112365725,2.988557521308597,65.39613749133562,31.4724506
0.4069240043633857,0.1501187840673282,-0.4016129339764732,0.3364928909952606,18.12785682678225,3.042692733145983,65.54639981076248,31.72196606
0.5734418827392761,-0.1804574471497771,-0.5704872136296903,0.277465205803968,18.33977088928225,2.992261602896399,64.03543207444856,29.99928398000003
0.4585448704931045,-0.0950635165947066,-0.4497128282290768,0.3246753246753247,18.57479693094893,2.94861928655015,63.63319549091134,30.306905780000022
0.6257331719579181,-0.1082832462759981,-0.6167919706677532,0.6704338315712723,18.079354222615564,3.078370231760757,65.82244784811813,30.04713626
0.664567206192822,-0.2192997151951749,-0.6342061627746303,0.7704561911658219,18.42692909240725,3.0261659658319164,63.215962152773066,30.501732919999995
0.2155456554022239,-0.0847641704592469,-0.2893113172028553,0.149000605693519,18.42692909240725,3.0261659658319164,63.215962152773066,30.402610340000024
0.3773623068602535,-0.0749686000782423,-0.3242023030487497,0.2458660883708322,18.178475316365564,3.0367836134203143,64.33165852586,32.074022119999995
0.3038775170577467,-0.0185300537864466,-0.3717837419844322,0.1679881070366699,18.27303911844893,2.957028316047857,66.18516624851286,32.68926571999998
0.5717118428233581,-0.1123027010325204,-0.5869549245068147,0.4063205417607223,18.23601112365725,2.988557521308597,65.39613749133562,30.635035700000003
0.2354495877305636,-0.0054150667605783,-0.2890239639569659,0.0322452229299363,18.178475316365564,3.0367836134203143,64.33165852586,30.023210120000044
0.1889614630960157,0.1043263257599054,-0.2187332619175147,0.2487949573600296,18.178475316365564,3.0367836134203143,64.33165852586,30.720486199999986
0.1989186829423912,0.019263389944579,-0.2469374034070568,0.2741751990898748,18.12785682678225,3.042692733145983,65.54639981076248,30.323995879999984
0.4838014413686266,-0.0994903759240054,-0.5399611650485437,0.3746365466338626,18.17033729553225,3.0582498735863317,64.52942736293296,30.81277274000001
0.0424892703862663,-0.3773745392685007,0.1270048070443416,-0.0224215246636771,18.54354693094893,2.984148439590686,62.90115217725584,25.13885954
0.7104104607528338,-0.3366023544207363,-0.7149351455346615,0.7762022194821209,18.17033729553225,3.0582498735863317,64.52942736293296,29.520761180000022
0.2456588199327423,-0.0296743216350254,-0.2744817447470696,0.2256503327283726,18.17033729553225,3.0582498735863317,64.52942736293296,28.341544279999997
0.5716126517308961,-0.2395593133487061,-0.4771316330476908,0.5150501672240803,18.12785682678225,3.042692733145983,65.54639981076248,31.58182724000005
0.6387002749163659,-0.1470968415073121,-0.6112554042061212,0.5234090271937202,18.54354693094893,2.984148439590686,62.90115217725584,30.90164126000002
0.3479168909462806,-0.055351859812375,-0.3924377224199287,0.301981860933826,18.77092323303225,2.9235547705381517,62.60771955682329,31.492958720000047
0.4111413202362159,0.05134428678118,-0.4610628911304663,0.245022564374834,18.23601112365725,2.988557521308597,65.39613749133562,34.07014579999998
0.2164507543307808,0.1041978685595681,-0.2227838948233361,0.0684128898845424,18.34579302469893,2.935192618336431,64.89503711773511,31.06570622000004
0.1689306720271816,0.0586382069506824,-0.2538823990648844,0.0022379709063782,18.079354222615564,3.078370231760757,65.82244784811813,33.41046793999999
0.2333600223927718,0.0042778163166635,-0.2599749960100015,0.1215841584158415,18.17033729553225,3.0582498735863317,64.52942736293296,30.764920459999985
0.6696687908341321,-0.2332583978211059,-0.6487042963754975,0.5739041794087666,18.57479693094893,2.94861928655015,63.63319549091134,29.41480256
0.6206702527514574,-0.1394211750557779,-0.6557877148069229,0.6924444444444444,18.23601112365725,2.988557521308597,65.39613749133562,32.22783302000005
0.5431759055433261,-0.1566802707483078,-0.5312378478111581,0.7138473341004986,18.54354693094893,2.984148439590686,62.90115217725584,29.500253059999977
0.5687034045120978,-0.161283350024857,-0.5790154298310065,0.7711053089643168,18.178475316365564,3.0367836134203143,64.33165852586,30.006120020000026
0.5753128507878436,-0.0673145311784795,-0.6029867478926716,0.5920074349442379,18.079354222615564,3.078370231760757,65.82244784811813,30.81619076000004
0.3137865360423358,-0.0283180778032036,-0.375013791328013,0.2367270455965021,18.77092323303225,2.9235547705381517,62.60771955682329,30.54616718
0.6271916275847865,-0.0747438774816215,-0.622846900002801,0.6574035669846536,19.11906776428225,2.8733089733618686,62.28048726827334,29.97193981999999
0.6042179382007111,-0.1550534974866333,-0.5879481995889124,0.5193193902871323,18.34579302469893,2.935192618336431,64.89503711773511,32.11845638
0.1960304982778833,0.0551978119010186,-0.2545995309908295,0.1482293951739266,18.54354693094893,2.984148439590686,62.90115217725584,30.566675300000043
0.2958180035631833,0.098139343781182,-0.3417163315650448,0.1111111111111111,18.54354693094893,2.984148439590686,62.90115217725584,34.53157850000002
0.5908861489653182,-0.0739548665405185,-0.6171803422875362,0.5742257030971876,18.57479693094893,2.94861928655015,63.63319549091134,32.08769419999999
0.1693368146214098,0.0489603153030714,-0.2029180141173438,0.0675351388412752,18.33977088928225,2.992261602896399,64.03543207444856,32.68926571999998
0.2615172397531198,0.0850751820230098,-0.4014682672220148,0.2466940264477884,18.42692909240725,3.0261659658319164,63.215962152773066,31.86894092
0.3626935884560493,-0.0900419429035312,-0.4441407125252071,0.5702846975088968,18.33977088928225,2.992261602896399,64.03543207444856,30.40602836000005
0.6738770309015611,-0.1800322278181093,-0.6504531105212733,0.6615969581749049,18.079354222615564,3.078370231760757,65.82244784811813,28.85424727999998
0.5237404803749267,-0.038540626871631,-0.5446433873745472,0.4728304947283049,18.42692909240725,3.0261659658319164,63.215962152773066,33.57453290000001
0.2514317665796876,0.0692425473998601,-0.2985047074026213,0.1386903059765513,18.12785682678225,3.042692733145983,65.54639981076248,29.89332536000001
0.4112345879872954,-0.0813878484662875,-0.519795229642947,0.3250283125707814,18.23601112365725,2.988557521308597,65.39613749133562,30.29323370000003
0.2249941266298601,0.0525311603872688,-0.2873742361582618,0.1969205834683954,18.34579302469893,2.935192618336431,64.89503711773511,34.27864502
0.3361222928241125,0.0644436162034987,-0.3796686734054157,0.1267846944603084,18.17033729553225,3.0582498735863317,64.52942736293296,32.59014314000001
0.5066433459142655,0.0591751974821919,-0.5602284733752253,0.3948229693543588,18.42692909240725,3.0261659658319164,63.215962152773066,32.921691080000016
0.4233863367336937,0.0403163903842536,-0.4802258115101144,0.239111623882319,18.42692909240725,3.0261659658319164,63.215962152773066,30.696560060000024
0.4553833757504888,0.0459841931348994,-0.4796942904240971,0.322072072072072,19.407723363240564,2.794135863941774,61.12294896329315,34.09065392000002
0.2165769000598443,-0.0266653199333366,-0.2856962158743543,0.1475290697674418,18.54354693094893,2.984148439590686,62.90115217725584,30.402610340000024
0.1291236879909923,0.0871289407874773,-0.2410506625319174,0.0861138861138861,18.23601112365725,2.988557521308597,65.39613749133562,32.03300588000002
0.0269708681378049,-0.233318361032091,0.0385184032371022,-0.2707182320441988,18.42692909240725,3.0261659658319164,63.215962152773066,26.9606642
0.4840638183518256,-0.1579824208651691,-0.5176178286402651,0.4944182584966509,18.54354693094893,2.984148439590686,62.90115217725584,31.58182724000005
0.5097252098039811,-0.0934734786353388,-0.5717980664595393,0.5140825035561878,18.079354222615564,3.078370231760757,65.82244784811813,31.284459500000025
0.2047798275076371,0.0310574182163703,-0.2710922753659317,0.1006528835690968,18.12785682678225,3.042692733145983,65.54639981076248,30.84695294000005
0.5137270614632583,-0.0232384295371814,-0.5064237011045097,0.5090252707581228,19.11906776428225,2.8733089733618686,62.28048726827334,32.477348480000046
0.4739899329205901,-0.1682354001294308,-0.4899129726171946,0.4085441725425134,18.33977088928225,2.992261602896399,64.03543207444856,29.879653280000014
0.2796561504863659,0.0196501893030449,-0.3254508259509927,0.2089460784313725,18.12785682678225,3.042692733145983,65.54639981076248,30.66921590000004
0.4315446739234526,0.0054158109744467,-0.4686752906500737,0.3616619452313503,18.17033729553225,3.0582498735863317,64.52942736293296,29.61304772000005
0.296835871497526,0.0674371202976272,-0.4310372052910953,0.1973633191159364,18.23601112365725,2.988557521308597,65.39613749133562,31.968063500000028
0.5641133762161415,-0.1934295040539117,-0.5699389760598388,0.6431153466973382,18.12785682678225,3.042692733145983,65.54639981076248,31.07937830000003
0.8013674407638808,-0.4308243823486135,-0.7074288085812797,0.8382165605095542,18.178475316365564,3.0367836134203143,64.33165852586,27.37766264000004
0.4303880922495657,0.1051757026320694,-0.5227702191987907,0.3626955475330926,18.17033729553225,3.0582498735863317,64.52942736293296,32.79864236000003
0.2276644451563001,0.0598280370252918,-0.2961740880669163,0.0781329274479959,18.17033729553225,3.0582498735863317,64.52942736293296,30.53249510000001
0.5225984759399146,-0.0869132195737334,-0.5651485040327261,0.5067264573991032,18.33977088928225,2.992261602896399,64.03543207444856,31.188754940000024
0.2220234657802441,0.1013982392542725,-0.3342765748031496,0.2008434370057986,18.12785682678225,3.042692733145983,65.54639981076248,31.31180366000001
0.5834802356790065,-0.11112101676594,-0.6026585869626366,0.4728260869565217,18.17033729553225,3.0582498735863317,64.52942736293296,29.807874860000027
0.1247907755253857,0.0520845363205912,-0.1715911176362634,0.1023368251410153,18.178475316365564,3.0367836134203143,64.33165852586,30.14625884000003
0.3459865741006367,0.1106359586769026,-0.4576726152010738,0.2448642266824085,18.77092323303225,2.9235547705381517,62.60771955682329,32.26543124
0.5537624048559592,-0.0926676679502671,-0.5691454426038095,0.6753358102314947,18.57479693094893,2.94861928655015,63.63319549091134,31.855268840000008
0.7551902005069384,-0.2273633247584433,-0.6714158253111059,0.7843061461151913,18.23601112365725,2.988557521308597,65.39613749133562,28.023668420000035
0.6828165661553767,-0.2837329683657083,-0.6602698913424465,0.8635077793493635,18.42692909240725,3.0261659658319164,63.215962152773066,28.69018232000002
0.1945075399078806,0.0695385598348619,-0.2574536095313215,0.1374927787406123,18.079354222615564,3.078370231760757,65.82244784811813,31.523720900000058
0.5475979598692851,-0.1261417427828521,-0.544355299549704,0.6209631728045326,18.34579302469893,2.935192618336431,64.89503711773511,30.23512735999998
0.1864089722550528,0.0036916178140195,-0.2401123415752707,0.1107738998482549,18.54354693094893,2.984148439590686,62.90115217725584,31.780072399999995
0.2785992088370569,0.1346163233885958,-0.3890589965523061,0.1251428571428571,18.42692909240725,3.0261659658319164,63.215962152773066,30.99392780000005
0.5650410473264784,-0.0869937190910418,-0.595357134653814,0.5662232504337767,18.54354693094893,2.984148439590686,62.90115217725584,32.56621700000005
0.3743003184906838,0.1160467089398947,-0.4697032974171932,0.3615994484660462,18.079354222615564,3.078370231760757,65.82244784811813,32.220996979999995
0.2849447084718651,-0.0597881492223233,-0.3610445984737099,0.1623255813953488,18.34579302469893,2.935192618336431,64.89503711773511,32.361135800000056
0.4003570938057958,-0.1009610193283662,-0.4187096157023716,0.3071079761258817,18.33977088928225,2.992261602896399,64.03543207444856,31.29471355999999
-0.1911409905391849,-0.6208376337660934,0.4336528423649995,-0.0862068965517241,18.178475316365564,3.0367836134203143,64.33165852586,24.732115160000035
0.2291448183811611,0.0283927124743297,-0.2087568657171208,0.1469619874289135,18.17033729553225,3.0582498735863317,64.52942736293296,30.61452758000001
0.6064016764686001,-0.2826069356362163,-0.6249796992931079,0.2701575532900834,18.23601112365725,2.988557521308597,65.39613749133562,32.11845638
0.5873290525363326,-0.1157442535148404,-0.5923339676574332,0.5640119597716771,18.079354222615564,3.078370231760757,65.82244784811813,28.68676430000005
0.3338500036123134,0.0504049226625768,-0.4533380087162496,0.2895569620253164,18.54354693094893,2.984148439590686,62.90115217725584,31.503212780000013
0.6293925290239979,-0.0860737742257281,-0.6469456637694339,0.6594969012030624,18.57479693094893,2.94861928655015,63.63319549091134,32.38164391999999
0.3693841687041564,0.0635123837391576,-0.3996759015209201,0.2701331642358909,18.34579302469893,2.935192618336431,64.89503711773511,33.30792733999999
0.1524999183211179,0.0172633142963271,-0.1418305801620613,0.1459557162223226,18.178475316365564,3.0367836134203143,64.33165852586,30.57009332000001
0.3584929165138313,0.079017130309528,-0.4862347810285299,0.223562412342216,18.17033729553225,3.0582498735863317,64.52942736293296,31.48954070000002
0.4136504493337465,-0.0221831340959252,-0.458648419639003,0.2309289050337312,18.77092323303225,2.9235547705381517,62.60771955682329,32.54570888000001
0.5404895339368683,-0.008137624916931,-0.5665728175202392,0.6177017478616587,18.77092323303225,2.9235547705381517,62.60771955682329,31.71854804000003
0.7261577476800162,-0.266882988536039,-0.6546731635956845,0.7060960839725474,18.23601112365725,2.988557521308597,65.39613749133562,27.76389890000001
0.2900504593090956,-0.0435965781430984,-0.3309661745468139,0.1411003236245954,18.23601112365725,2.988557521308597,65.39613749133562,31.431434360000026
0.4100893734713938,-0.0207492223178239,-0.4930538748245318,0.4801223241590214,18.079354222615564,3.078370231760757,65.82244784811813,31.431434360000026
0.3234044607511828,-0.0494085520691106,-0.3592549129795217,0.2729805013927576,18.12785682678225,3.042692733145983,65.54639981076248,30.628199660000007
0.5775530311323696,-0.0112822948943566,-0.5972307482436396,0.5538621406304122,19.11906776428225,2.8733089733618686,62.28048726827334,32.67217562000002
0.6128471413713344,-0.1398011069118913,-0.6196229121037575,0.6074349442379182,18.23601112365725,2.988557521308597,65.39613749133562,31.786908440000047
0.6141637790078455,-0.0903996595192736,-0.6062125893750092,0.6488954344624448,18.17033729553225,3.0582498735863317,64.52942736293296,29.49341702000004
0.1876070729319628,0.0446653787944039,-0.2357411725383776,0.1035277841826147,18.17033729553225,3.0582498735863317,64.52942736293296,32.511528680000026
0.6875830476031184,-0.1890455084096608,-0.6434052410597945,0.7265203310543361,18.23601112365725,2.988557521308597,65.39613749133562,27.70579256000002
0.4161203038817775,-0.0117915321556259,-0.5213401283854919,0.4662004662004662,18.079354222615564,3.078370231760757,65.82244784811813,31.937301320000017
0.618469928402903,-0.1949273091110736,-0.6099399057982785,0.7751196172248804,18.079354222615564,3.078370231760757,65.82244784811813,31.00076383999999
0.5589599223106049,-0.0873128819415377,-0.551881822625319,0.6864910790144435,18.12785682678225,3.042692733145983,65.54639981076248,30.05055428000003
0.2862782140389956,0.2347943505099302,-0.249650732776332,0.2109678739512993,18.42692909240725,3.0261659658319164,63.215962152773066,31.308385639999983
0.4774270284646242,-0.1240220323741007,-0.4986174286420825,0.2731048805815161,18.54354693094893,2.984148439590686,62.90115217725584,30.030046159999984
0.2021937983748927,0.037356055694483,-0.2936832278809254,0.1472412667319621,18.54354693094893,2.984148439590686,62.90115217725584,31.366491979999974
0.6459848163342291,-0.1622526920029033,-0.6259129527500373,0.5553863722877808,18.77092323303225,2.9235547705381517,62.60771955682329,30.354758059999995
0.321931711455146,0.0636192928805194,-0.3924684857188446,0.2266872746007212,18.57479693094893,2.94861928655015,63.63319549091134,31.773236360000052
0.5168312555543559,-0.0530904561731278,-0.5651637342200664,0.3888228299643281,18.17033729553225,3.0582498735863317,64.52942736293296,30.23170934000001
0.6302590018951358,-0.1377242869109024,-0.6227415636134983,0.570906432748538,18.079354222615564,3.078370231760757,65.82244784811813,29.53443326000001
0.5313637529727444,-0.0917862933523153,-0.5631962630051666,0.52884886011821,19.11906776428225,2.8733089733618686,62.28048726827334,33.18829664000003
0.2726729505194781,0.0757590604308692,-0.2935172305703033,0.0694942903752039,18.079354222615564,3.078370231760757,65.82244784811813,30.14967686
0.1479430379746835,0.0223068799523152,-0.2300820032931741,0.1004197610590894,18.17033729553225,3.0582498735863317,64.52942736293296,30.04713626
0.4967554819903615,-0.0058471473008622,-0.520271376073081,0.4476479514415781,18.23601112365725,2.988557521308597,65.39613749133562,34.599938899999984
0.3186925202736375,-0.0671469423669158,-0.3168877879949782,0.4647422680412371,18.33977088928225,2.992261602896399,64.03543207444856,31.161410779999983
0.0846187089930458,0.1979477167477237,-0.1846581644037831,-0.0087051142546245,18.33977088928225,2.992261602896399,64.03543207444856,33.06524792000005
0.6494103920199693,-0.1192928486594887,-0.6221066393280725,0.7011922503725783,18.77092323303225,2.9235547705381517,62.60771955682329,33.150698420000026
0.3631742130108096,0.0180384108492037,-0.4564798925613669,0.3217131474103585,18.42692909240725,3.0261659658319164,63.215962152773066,31.304967620000014
0.5022415669205658,-0.0397662228113514,-0.5328825377791101,0.7922297297297297,18.42692909240725,3.0261659658319164,63.215962152773066,30.864043040000013
0.3259659702206224,-0.0088935602538707,-0.3822093916799933,0.2454177576767436,18.77092323303225,2.9235547705381517,62.60771955682329,31.99882567999998
0.345075498216152,0.0204957289630105,-0.3889865751207124,0.2202143950995405,18.54354693094893,2.984148439590686,62.90115217725584,31.37332802000003
0.3141545551866165,-0.0630471954969433,-0.3636911374291578,0.1371769383697813,18.54354693094893,2.984148439590686,62.90115217725584,30.54616718
0.5038849161543931,-0.0599810182919999,-0.533224758477792,0.5860165593376265,18.23601112365725,2.988557521308597,65.39613749133562,32.16630866000003
0.1487694051901911,0.0428715934785195,-0.2657276625880318,0.0748799095789771,18.77092323303225,2.9235547705381517,62.60771955682329,30.641871740000056
0.3277069603123773,-0.0300611481098581,-0.3995905655857307,0.1659192825112107,18.33977088928225,2.992261602896399,64.03543207444856,30.49147886000003
0.2215766509167363,0.0799173581864208,-0.2871980561246366,0.2097389263713699,18.33977088928225,2.992261602896399,64.03543207444856,31.961227460000032
0.3308875291059729,0.0818756595720836,-0.4197927573383399,0.2901234567901234,18.34579302469893,2.935192618336431,64.89503711773511,31.73905616000002
0.3383066575855611,-0.0586135780125424,-0.3922525933552536,0.2905591200733272,18.178475316365564,3.0367836134203143,64.33165852586,30.792264620000022
0.5571649544450702,-0.0048233922987271,-0.5801660391053849,0.582122905027933,18.42692909240725,3.0261659658319164,63.215962152773066,32.93878117999998
0.8058693218733609,-0.29840497979491,-0.7390825826391768,0.8415233415233415,18.34579302469893,2.935192618336431,64.89503711773511,29.75318654
0.7478659724435944,-0.2961455118523869,-0.69792007156743,0.8550079491255962,19.11906776428225,2.8733089733618686,62.28048726827334,31.57157318000003
0.3700371080012611,-0.0384205301665502,-0.4089418220365407,0.467680608365019,18.33977088928225,2.992261602896399,64.03543207444856,29.647227919999978
0.6540945234814656,-0.2232193277517248,-0.67025948772965,0.7317554240631163,18.77092323303225,2.9235547705381517,62.60771955682329,28.5329534
0.4613123391616572,-0.1104446694543852,-0.4896467343404913,0.4481683554169914,18.178475316365564,3.0367836134203143,64.33165852586,29.31226196
0.6969091597457728,-0.1990414771724715,-0.6625836595529739,0.6977699530516432,18.42692909240725,3.0261659658319164,63.215962152773066,28.174061300000005
0.5558507842143996,-0.1799618721775625,-0.5875635136584844,0.6582043343653251,18.33977088928225,2.992261602896399,64.03543207444856,31.25027929999999
0.6138787604947095,-0.1263255159061909,-0.5901683473795375,0.6063738156761412,18.77092323303225,2.9235547705381517,62.60771955682329,34.45638206000001
0.4222860024046854,-0.0305418165467626,-0.5129091614202139,0.5615678113076656,18.079354222615564,3.078370231760757,65.82244784811813,32.66192156
0.1674462395962791,0.0580270322831583,-0.3137369576457225,0.1070544554455445,18.178475316365564,3.0367836134203143,64.33165852586,29.609629700000028
0.1529654562429366,0.1555206315120177,-0.2494253587625023,0.0887305699481865,18.17033729553225,3.0582498735863317,64.52942736293296,31.417762280000037
0.7671142658519631,-0.2537022856178696,-0.6902428781409674,0.8025609252375052,18.77092323303225,2.9235547705381517,62.60771955682329,27.603251960000023
0.3726804374578498,0.0400073907673755,-0.4728165189627905,0.4161339421613394,18.079354222615564,3.078370231760757,65.82244784811813,32.774716220000016
0.3251266420537477,-0.0569704233189231,-0.3588140778729118,0.5874769797421732,18.178475316365564,3.0367836134203143,64.33165852586,30.484642819999976
0.4211257519335434,0.0103677845655155,-0.4565806181692736,0.3107708836959441,18.57479693094893,2.94861928655015,63.63319549091134,32.80889642
0.7272916144284843,-0.2571184257864029,-0.6765571000424174,0.7379480840543882,18.57479693094893,2.94861928655015,63.63319549091134,31.045198099999997
0.4183449069512647,0.0253804907111519,-0.4756644606818051,0.3380323054331864,18.77092323303225,2.9235547705381517,62.60771955682329,34.42561988
0.6373196477827286,-0.1484661321228582,-0.6382755692373017,0.4265734265734265,19.11906776428225,2.8733089733618686,62.28048726827334,32.28935738000001
0.7385096396746014,-0.3129648574667514,-0.6879349935661832,0.6548111386821064,18.079354222615564,3.078370231760757,65.82244784811813,29.763440600000024
0.6319725411038691,-0.150059843467036,-0.6467917485441511,0.6070016939582157,19.11906776428225,2.8733089733618686,62.28048726827334,32.59356116000004
0.132208273307265,0.0941811835215858,-0.2410805933111499,0.1400318979266347,18.178475316365564,3.0367836134203143,64.33165852586,31.16824682000004
0.1279606306462999,0.0614315875502281,-0.1765559634594041,0.0381519075953797,18.12785682678225,3.042692733145983,65.54639981076248,30.019792100000014
0.2359948979591836,0.0812929894336653,-0.2871953932905162,0.3699405604302292,18.079354222615564,3.078370231760757,65.82244784811813,31.43485238000005
0.6462026712177724,-0.2205098312410253,-0.6070499260562721,0.6931864545083639,18.54354693094893,2.984148439590686,62.90115217725584,30.01637407999999
0.7038634638027224,-0.2101001891245564,-0.6428162200012733,0.5603305785123966,18.33977088928225,2.992261602896399,64.03543207444856,30.96658364000001
0.640180215851076,-0.240894133666175,-0.6216665084938787,0.5423973591912523,18.079354222615564,3.078370231760757,65.82244784811813,30.81277274000001
0.4777341245705456,0.0633791077121841,-0.4975012493753123,0.3560454241816967,18.57479693094893,2.94861928655015,63.63319549091134,36.41832554000001
0.7944492972286191,-0.3348889069387936,-0.7253127952586824,0.8703499079189687,18.17033729553225,3.0582498735863317,64.52942736293296,25.70283284000004
0.7964463957371759,-0.1753361935099769,-0.7310661532064148,0.7061165399927615,19.11906776428225,2.8733089733618686,62.28048726827334,29.565195440000025
0.3850237986644683,0.0394341979333948,-0.4182284119894141,0.3738656987295826,18.77092323303225,2.9235547705381517,62.60771955682329,32.04667796000001
0.6123008147667461,-0.0667080100893853,-0.6325323744946476,0.6474719101123596,18.23601112365725,2.988557521308597,65.39613749133562,33.089174060000005
0.7014312357243144,-0.2636411740903291,-0.647873031336256,0.7159047978843974,18.54354693094893,2.984148439590686,62.90115217725584,29.88990734000004
0.7376925653047556,-0.2792480449940289,-0.6821161190975494,0.8382706164931946,18.178475316365564,3.0367836134203143,64.33165852586,28.55004350000001
0.3712958453527143,-0.0863494042054342,-0.4330064399945191,0.3976377952755905,18.34579302469893,2.935192618336431,64.89503711773511,33.45490219999999
0.3133795780879791,0.0223799329611312,-0.3981098820955391,0.2456769983686786,18.42692909240725,3.0261659658319164,63.215962152773066,34.661463260000005
0.1891152895347966,0.0777565821963572,-0.288764698718556,0.1508620689655172,18.23601112365725,2.988557521308597,65.39613749133562,31.082796320000057
0.2628504903411669,-0.0937428792781297,-0.3250700492760425,0.457449898344467,18.12785682678225,3.042692733145983,65.54639981076248,29.80103882000003
0.1611664147104405,0.0586711885309079,-0.2007236117665566,0.0784245381666085,18.33977088928225,2.992261602896399,64.03543207444856,30.792264620000022
0.2682232389594768,0.0208824341877125,-0.3082093888897615,0.2028571428571428,18.23601112365725,2.988557521308597,65.39613749133562,32.186816780000015
-0.3050570962479606,-0.2656699252443941,0.415379166851122,-0.1840607210626186,18.12785682678225,3.042692733145983,65.54639981076248,25.60371026000001
0.3565995931535781,0.0811833052513339,-0.3605748926299649,0.2659128978224455,18.34579302469893,2.935192618336431,64.89503711773511,33.53693468000006
0.2398995374385659,0.0642037938605463,-0.2922975517890771,0.1534452808338158,18.42692909240725,3.0261659658319164,63.215962152773066,32.890928900000006
0.3448450821376586,0.0748967237689816,-0.4617352704523058,0.2631919715118161,18.23601112365725,2.988557521308597,65.39613749133562,33.30109130000005
0.6177222864288285,-0.0299199681561314,-0.6500473457398497,0.5597243491577335,18.42692909240725,3.0261659658319164,63.215962152773066,31.927047259999995
0.5591370104995731,-0.0260047281323876,-0.6068484464172479,0.5639464068209501,18.23601112365725,2.988557521308597,65.39613749133562,31.28787752000005
0.2155999392676227,0.0739667835568617,-0.2923196572166461,0.1937122128174123,18.54354693094893,2.984148439590686,62.90115217725584,33.35577962000002
0.1467083121069642,0.0816624085394401,-0.2096022552085627,0.1597163120567375,18.178475316365564,3.0367836134203143,64.33165852586,28.454338940000014
0.3684221954423564,-0.0729431793998723,-0.4320415374302693,0.4240766073871409,18.178475316365564,3.0367836134203143,64.33165852586,30.16334893999999
0.2144609675235021,0.030877192982456,-0.2692198112253808,0.2838767574035297,18.12785682678225,3.042692733145983,65.54639981076248,29.941177639999975
0.2464555150884496,0.0599559787373622,-0.3196199263262989,0.136653155761436,18.57479693094893,2.94861928655015,63.63319549091134,31.014435919999983
0.4124882548902365,-0.0286337710063927,-0.4758508001675169,0.4914835843001728,18.23601112365725,2.988557521308597,65.39613749133562,31.42118030000006
0.133361204013378,0.0399638004301977,-0.170234536123679,0.0825812274368231,18.33977088928225,2.992261602896399,64.03543207444856,31.810834580000005
0.142470677611221,0.0756129922115694,-0.2724008419662388,0.1394658753709199,18.33977088928225,2.992261602896399,64.03543207444856,31.34256584000002
0.1677446152020413,-0.005055921556611,-0.1945130093473071,0.0812020460358056,18.33977088928225,2.992261602896399,64.03543207444856,30.81277274000001
0.1743854486204288,0.005883015256432,-0.216432882987609,0.0837696335078534,18.33977088928225,2.992261602896399,64.03543207444856,31.73905616000002
0.6437147985393329,-0.160064429823364,-0.6528578430228489,0.6439083232810615,18.77092323303225,2.9235547705381517,62.60771955682329,32.20390687999998
0.7172435705081815,-0.2499373663011428,-0.6495053366000051,0.7968647942521228,18.54354693094893,2.984148439590686,62.90115217725584,29.643809900000008
0.8119215804782232,-0.3123037884643007,-0.7499338763076532,0.82992700729927,18.178475316365564,3.0367836134203143,64.33165852586,26.38985486000001
0.4370792956826573,-0.0719068615997972,-0.4502629773610794,0.5670055452865065,18.12785682678225,3.042692733145983,65.54639981076248,32.49102056000004
0.302047141028479,-0.0947078815342288,-0.355578268101565,0.1538461538461538,18.178475316365564,3.0367836134203143,64.33165852586,29.503671080000004
0.5846609600248015,-0.0415926097834331,-0.6259388198702882,0.6267348429510592,18.42692909240725,3.0261659658319164,63.215962152773066,31.776654380000025
0.1196488053625035,0.0776930894308944,-0.1994052863436123,0.0684931506849315,18.33977088928225,2.992261602896399,64.03543207444856,31.29471355999999
0.7583049564888386,-0.324182623420607,-0.7258788451131649,0.766855154414963,18.17033729553225,3.0582498735863317,64.52942736293296,28.796140939999987
-0.0644381146880203,-0.1538410552130978,0.2033681127585576,0.2724968314321926,18.23601112365725,2.988557521308597,65.39613749133562,25.784865319999994
0.1430981740199943,-0.0165824107249284,-0.183858772424042,0.0994263862332696,18.17033729553225,3.0582498735863317,64.52942736293296,29.004640160000008
0.0882909508419798,0.1481495350433751,-0.1808832774820189,0.0610918544194107,18.12785682678225,3.042692733145983,65.54639981076248,31.91679320000003
0.184428745600913,-0.0379244239351988,-0.2424533778390538,0.3235724743777452,18.33977088928225,2.992261602896399,64.03543207444856,29.626719800000046
0.5000239195537568,-0.0471693072216729,-0.5127608865559596,0.2440582673140812,18.17033729553225,3.0582498735863317,64.52942736293296,31.616007440000036
0.3935689653732788,-0.0147132139252666,-0.4393093991738316,0.5719789842381786,18.34579302469893,2.935192618336431,64.89503711773511,31.60575338000001
0.4660894471305445,-0.0555655406619809,-0.5325358457397131,0.6079077429983526,18.77092323303225,2.9235547705381517,62.60771955682329,34.10090797999999
0.4308262672980216,-0.0422041896715372,-0.4492591972933282,0.4402014267729752,18.33977088928225,2.992261602896399,64.03543207444856,30.49147886000003
0.3499411675533642,0.0838024408287647,-0.4804265391587964,0.300763358778626,18.42692909240725,3.0261659658319164,63.215962152773066,33.09259208000003
0.5387836695348488,-0.0235293499340422,-0.5757619891416043,0.4676827547276319,18.34579302469893,2.935192618336431,64.89503711773511,31.58866327999999
0.2061087157996536,0.1303893085415456,-0.3113116621396653,0.0758002985569746,18.12785682678225,3.042692733145983,65.54639981076248,31.01785394000001
0.2962744411661749,-0.0142899625925403,-0.3162582388008165,0.0877639277537522,18.54354693094893,2.984148439590686,62.90115217725584,30.170184980000045
0.436310308852188,0.0596801422735415,-0.5193811363186773,0.4085447263017356,18.54354693094893,2.984148439590686,62.90115217725584,33.167788520000045
0.5718716258126767,-0.0735220283670139,-0.5754547547778034,0.4736557687111591,18.17033729553225,3.0582498735863317,64.52942736293296,30.11549666000002
0.2069237067594277,0.0763065673619592,-0.3942464680543423,0.1212070410729254,18.33977088928225,2.992261602896399,64.03543207444856,32.00224370000001
0.4595846148529565,0.028158238369986,-0.5195128751697652,0.5119402985074627,18.17033729553225,3.0582498735863317,64.52942736293296,31.07937830000003
0.583666780180487,-0.1354646726690065,-0.5416187545969691,0.6340057636887608,18.178475316365564,3.0367836134203143,64.33165852586,28.727780540000023
0.1852651100059007,0.0336419180360541,-0.2769079879399906,0.2742049469964664,18.17033729553225,3.0582498735863317,64.52942736293296,31.36307396000001
0.5666626016968346,-0.0483440388897308,-0.5793744182370607,0.6210329807093964,18.77092323303225,2.9235547705381517,62.60771955682329,32.82256849999999
0.3626638974021259,-0.0140995513779107,-0.3958504501543757,0.1989295272078501,18.33977088928225,2.992261602896399,64.03543207444856,33.10284614
0.7295298838289149,-0.2124778125134353,-0.6704490645546164,0.7565485362095532,19.11906776428225,2.8733089733618686,62.28048726827334,29.175541160000023
0.4774626004350334,-0.1075438421350371,-0.5033017461765689,0.7207285342584562,18.17033729553225,3.0582498735863317,64.52942736293296,31.16482880000001
0.7649626282909415,-0.2756721344520875,-0.7114094867218346,0.8139773895169579,18.079354222615564,3.078370231760757,65.82244784811813,28.77563282000005
0.4720360131134707,-0.0689464034451881,-0.5142546508818555,0.6965575860603485,18.178475316365564,3.0367836134203143,64.33165852586,32.82256849999999
0.6189025155916456,-0.0530081513305127,-0.6067698596674893,0.5853658536585366,18.42692909240725,3.0261659658319164,63.215962152773066,33.50959052000002
0.6670887857042354,-0.2238405123437661,-0.617318547901427,0.6933821084137014,18.23601112365725,2.988557521308597,65.39613749133562,30.38210221999998
0.6318819014801473,-0.130299763362557,-0.6296006647441225,0.4680851063829787,18.33977088928225,2.992261602896399,64.03543207444856,31.09646840000005
0.6571552590697249,-0.1366941423512082,-0.6365913090564507,0.621256038647343,18.079354222615564,3.078370231760757,65.82244784811813,29.76002258000005
0.1856990480467717,0.0350359627710261,-0.2624325432065031,0.1646157418156489,18.23601112365725,2.988557521308597,65.39613749133562,31.39383614000002
0.2110640418639421,0.0212663122281294,-0.2731845331656711,0.1298800714467976,18.12785682678225,3.042692733145983,65.54639981076248,32.17998074000002
0.7068601504653722,-0.1615279286085273,-0.6645722571290479,0.7756528135343876,18.42692909240725,3.0261659658319164,63.215962152773066,30.255635480000024
0.2983716150597376,0.0497589465274526,-0.3455039086270655,0.1444915254237288,18.079354222615564,3.078370231760757,65.82244784811813,31.84843280000001
0.743756065491657,-0.2736618739252918,-0.6793333413731142,0.7103155911446067,18.17033729553225,3.0582498735863317,64.52942736293296,31.40750822000001
0.587067584126685,-0.2030094527683107,-0.5803493490768813,0.4364508393285372,18.079354222615564,3.078370231760757,65.82244784811813,29.67115406000005
0.1720120770194827,-0.0202515481555408,-0.2301138274576043,0.0671793711829902,18.12785682678225,3.042692733145983,65.54639981076248,29.992447940000037
0.1237376460017972,-0.3564704351221208,0.0313506815365548,-0.3894736842105263,18.079354222615564,3.078370231760757,65.82244784811813,24.5509601
0.6279689446947188,-0.0372844919720777,-0.6267683201317918,0.5454194047158871,19.11906776428225,2.8733089733618686,62.28048726827334,31.322057720000032
0.4790466596903697,-0.0551822780394209,-0.4912389685943892,0.553072625698324,18.12785682678225,3.042692733145983,65.54639981076248,32.00224370000001
0.280272823746381,-0.01839072923667,-0.2925781453164822,0.1024425811155669,18.17033729553225,3.0582498735863317,64.52942736293296,29.090090659999987
0.6074511113584921,-0.1505824732136692,-0.6233539441633879,0.6022408963585434,18.42692909240725,3.0261659658319164,63.215962152773066,30.38893826000003
0.1345902270103885,0.0415912808901119,-0.1836285060588085,0.0334139058723162,18.12785682678225,3.042692733145983,65.54639981076248,34.073563820000004
0.1260148017121258,0.0923984316679331,-0.1975685508918273,0.0891719745222929,18.17033729553225,3.0582498735863317,64.52942736293296,32.09794826000001
0.3730082580920281,-0.0535768223922674,-0.4028740206963006,0.2689210950080515,18.57479693094893,2.94861928655015,63.63319549091134,31.680949820000023
0.4531339947851411,-0.0863236504018732,-0.4580218809459093,0.5246073298429319,18.57479693094893,2.94861928655015,63.63319549091134,32.01933380000003
0.2703753928104522,0.0177491759535394,-0.3283972421288591,0.1699550017307026,18.12785682678225,3.042692733145983,65.54639981076248,30.710232140000016
0.5024839060525,0.0323814211477846,-0.5454600429353249,0.4791418355184744,18.12785682678225,3.042692733145983,65.54639981076248,34.8221102
0.1633977240913656,-0.0166210965606562,-0.2535488679111362,0.1294851794071763,18.33977088928225,2.992261602896399,64.03543207444856,31.561319120000007
0.4469902346596705,-0.0101854960977644,-0.5289886879047596,0.6891527253103076,18.12785682678225,3.042692733145983,65.54639981076248,30.023210120000044
0.1841275242445261,0.1520138709904169,-0.2701608091698428,0.1249486230990546,18.77092323303225,2.9235547705381517,62.60771955682329,31.933883300000048
0.14438255569987,0.1297952051509726,-0.284391710527238,0.1055849979616795,18.77092323303225,2.9235547705381517,62.60771955682329,30.864043040000013
0.6683280107965099,-0.2242344612548656,-0.5829403113748162,0.6831683168316832,18.12785682678225,3.042692733145983,65.54639981076248,29.876235260000044
0.2202676422793104,0.0846306029056174,-0.3002848140192841,0.1263630532392559,18.178475316365564,3.0367836134203143,64.33165852586,30.744412340000054
0.4061894354871962,-0.1770197858332398,-0.4287090861482062,0.4931354359925788,18.23601112365725,2.988557521308597,65.39613749133562,30.617945599999985
0.6053736932974857,-0.0275786232680888,-0.5927324169315596,0.5459748187714613,19.11906776428225,2.8733089733618686,62.28048726827334,34.19319452000002
0.7705995885384631,-0.3692195405975021,-0.7188683907099325,0.8414133114215283,18.42692909240725,3.0261659658319164,63.215962152773066,29.83863703999998
0.2880119149386186,0.0259520413739786,-0.3503210606550561,0.2494508942579228,18.12785682678225,3.042692733145983,65.54639981076248,32.09453024000004
0.714623054856057,-0.1954646892746202,-0.6833659349416794,0.682312925170068,19.11906776428225,2.8733089733618686,62.28048726827334,30.71706818000001
0.3207001862197392,0.0011154803889534,-0.3390226035208022,0.3450400492914356,18.57479693094893,2.94861928655015,63.63319549091134,31.40067218000001
0.2606764555482505,-0.1401935846189423,-0.3067748994782713,0.0817295676080979,18.33977088928225,2.992261602896399,64.03543207444856,29.56861346000005
0.1719985986392049,0.0709833010560163,-0.243368544600939,0.1215663354763296,18.17033729553225,3.0582498735863317,64.52942736293296,30.385520240000005
0.4643569686797353,-0.1107107684177656,-0.4960165001819873,0.415545179895633,18.12785682678225,3.042692733145983,65.54639981076248,29.117434820000028
0.2663133347466609,-0.0818858560794044,-0.359976928447831,0.1391162029459901,18.17033729553225,3.0582498735863317,64.52942736293296,29.86939921999999
0.6232104283054003,-0.2093947365500094,-0.6177756661049286,0.6835769561478934,18.42692909240725,3.0261659658319164,63.215962152773066,31.5749912
0.647388178405548,-0.1590491964725367,-0.6359385859607001,0.6846526655896608,18.079354222615564,3.078370231760757,65.82244784811813,31.6775318
0.2191006349482473,0.0415848547900243,-0.2341985923554459,0.0475669764898851,18.54354693094893,2.984148439590686,62.90115217725584,31.16482880000001
0.3104044316714566,-0.0297941982733931,-0.36285466753303,0.1019180142910868,18.23601112365725,2.988557521308597,65.39613749133562,30.67605193999998
0.2769895930649401,0.0665586735909285,-0.323649630105057,0.2770745428973277,18.178475316365564,3.0367836134203143,64.33165852586,31.55790109999998
0.5406700334831752,0.013292893870104,-0.5789034655342381,0.5339382940108893,18.23601112365725,2.988557521308597,65.39613749133562,33.15753446000002
0.457045520911067,-0.0990117909636872,-0.5174870072381003,0.4764011799410029,18.12785682678225,3.042692733145983,65.54639981076248,31.75272824000001
0.2982992666562645,-0.0053160641793931,-0.2895933212101174,0.2417783191230207,18.178475316365564,3.0367836134203143,64.33165852586,30.956329579999988
0.493638447601029,0.0367831228858418,-0.5348770226204314,0.6351351351351351,18.178475316365564,3.0367836134203143,64.33165852586,30.14284082000006
0.4407142474892522,-0.0655997255683242,-0.5032479014275875,0.4464223385689354,18.178475316365564,3.0367836134203143,64.33165852586,30.67946996000001
0.2568418511866308,0.1058360059597465,-0.4027525770745351,0.1381215469613259,18.42692909240725,3.0261659658319164,63.215962152773066,30.139422800000037
0.4216060775140564,-0.0216007813704826,-0.5071096516839447,0.4263508512213175,18.34579302469893,2.935192618336431,64.89503711773511,31.216099100000008
0.1499285075041404,0.0415898627388781,-0.2339857160203552,0.0775697363393198,18.178475316365564,3.0367836134203143,64.33165852586,31.728802100000053
0.1256056705575343,0.0447705807007673,-0.187225685507268,0.0513620295279683,18.12785682678225,3.042692733145983,65.54639981076248,31.05203414000005
0.3634007055567467,-0.0200504542339267,-0.3958713719855926,0.2713550600343053,18.12785682678225,3.042692733145983,65.54639981076248,30.40602836000005
0.6154413163401178,-0.1398969815942685,-0.5923265325255177,0.7182368193604148,18.42692909240725,3.0261659658319164,63.215962152773066,30.40602836000005
0.2865393235182566,0.015955272492319,-0.291806229931019,0.3197152584339214,18.54354693094893,2.984148439590686,62.90115217725584,34.63411910000002
0.3497095554897155,0.0064701178367732,-0.3913445875907005,0.2726766833611574,18.12785682678225,3.042692733145983,65.54639981076248,31.20926306000001
0.5124972388833194,-0.0498166078947057,-0.5286399972523461,0.4427890345649583,18.178475316365564,3.0367836134203143,64.33165852586,31.05203414000005
0.7640646511891066,-0.2735603074430351,-0.7056785440752763,0.8236472945891784,18.77092323303225,2.9235547705381517,62.60771955682329,27.801497120000025
0.1979036567435537,0.0386586820269481,-0.2930204778156997,0.1478153083359157,18.33977088928225,2.992261602896399,64.03543207444856,30.604273519999992
0.1250350600079715,-0.0154629216327672,-0.2598525424849567,0.0596129032258064,18.33977088928225,2.992261602896399,64.03543207444856,29.551523360000036
0.3201385963253058,0.0437089722350245,-0.3669376018232481,0.2105263157894736,18.54354693094893,2.984148439590686,62.90115217725584,31.694621900000016
0.6264293486070909,-0.2126522990265109,-0.6466956964551095,0.1392493861802876,18.33977088928225,2.992261602896399,64.03543207444856,30.18385706000004
0.4387924010463571,-0.0571902118085971,-0.5019921388856556,0.5207339449541284,18.23601112365725,2.988557521308597,65.39613749133562,32.450004320000005
0.662374395236323,-0.2322789649165673,-0.6350268777845175,0.6737109044801353,18.23601112365725,2.988557521308597,65.39613749133562,29.589121579999983
0.6433697432602419,-0.2962574326687653,-0.6068985656009697,0.6532663316582915,18.33977088928225,2.992261602896399,64.03543207444856,30.166766960000015
0.8031343579667293,-0.2719433856651652,-0.7423029528547306,0.8592824799721351,18.34579302469893,2.935192618336431,64.89503711773511,29.626719800000046
0.6470954944743553,-0.1867858139424091,-0.6221511097880891,0.7639318885448917,18.23601112365725,2.988557521308597,65.39613749133562,32.299611440000035
0.5278095965381189,-0.1177949529751373,-0.5461255709345989,0.5110163468372424,18.178475316365564,3.0367836134203143,64.33165852586,29.219975420000026
0.2790627115083904,0.0466271969754078,-0.3415145605718155,0.2267766189667717,18.42692909240725,3.0261659658319164,63.215962152773066,31.91679320000003
0.5402861931158954,-0.0602403529232797,-0.5219412776256289,0.5145762711864407,18.178475316365564,3.0367836134203143,64.33165852586,32.19365282000001
0.7832435099805518,-0.3658731805650252,-0.7346861940438989,0.771585557299843,18.17033729553225,3.0582498735863317,64.52942736293296,28.10228288000002
0.507889854709941,-0.1632022983823418,-0.4991813754274464,0.6055854973052426,18.42692909240725,3.0261659658319164,63.215962152773066,31.75272824000001
0.1915569996026272,0.0343808603739274,-0.2479232288283583,0.0827482447342026,18.23601112365725,2.988557521308597,65.39613749133562,31.80741655999998
0.8063446365773217,-0.2951920564410765,-0.7103569641655597,0.608440797186401,18.079354222615564,3.078370231760757,65.82244784811813,28.40990468000001
0.561578145557787,-0.1236678687768995,-0.587116980003343,0.3039039039039039,18.57479693094893,2.94861928655015,63.63319549091134,31.776654380000025
0.1658622410125785,0.1559628143951636,-0.3635001167033156,0.1351351351351351,18.178475316365564,3.0367836134203143,64.33165852586,29.68824416000001
0.5381388774905393,-0.1319893699836254,-0.5466715569411331,0.5418006430868167,18.17033729553225,3.0582498735863317,64.52942736293296,29.34302414000001
0.1490765547511827,0.0387501713686243,-0.208166017380881,0.0539341583002568,18.079354222615564,3.078370231760757,65.82244784811813,31.968063500000028
0.1471552140976736,0.04336917562724,-0.2115984792600579,0.0589496248660235,18.77092323303225,2.9235547705381517,62.60771955682329,30.091570520000005
0.5205053315590273,-0.1676697966090447,-0.5261628663365048,0.555628272251309,18.178475316365564,3.0367836134203143,64.33165852586,30.611109560000045
0.4130037593625344,0.0558268562078134,-0.4519629622348478,0.5620663068619892,18.57479693094893,2.94861928655015,63.63319549091134,30.53933114000006
0.5260356759918121,-0.0773635024842753,-0.5607321352615907,0.6149986796936889,18.77092323303225,2.9235547705381517,62.60771955682329,34.073563820000004
0.1241113608219052,0.0313732981154942,-0.1903736562621423,0.049476688867745,18.12785682678225,3.042692733145983,65.54639981076248,31.58866327999999
0.5322916010333312,0.017716764027244,-0.5855908720456398,0.5044757033248082,18.57479693094893,2.94861928655015,63.63319549091134,30.501732919999995
0.6683794315403422,-0.1279961772910423,-0.6459004654493375,0.7227036395147314,18.42692909240725,3.0261659658319164,63.215962152773066,31.43485238000005
0.5533921979833313,-0.009291755075772,-0.5767463415783645,0.5307045895281189,19.11906776428225,2.8733089733618686,62.28048726827334,33.909498859999985
0.4109455071783437,-0.0521771092842931,-0.4503896605248553,0.2644203312392918,18.12785682678225,3.042692733145983,65.54639981076248,32.53887284000001
0.3648103619141269,0.0090197631545185,-0.4119404883011189,0.2680874929893438,18.57479693094893,2.94861928655015,63.63319549091134,30.764920459999985
0.5762465451408305,-0.0891288029319557,-0.5958785565242708,0.5559678416821274,18.34579302469893,2.935192618336431,64.89503711773511,31.205845039999986
0.3515620680121648,0.0092884694628899,-0.386273193878612,0.3277870216306156,18.17033729553225,3.0582498735863317,64.52942736293296,31.821088640000028
0.5062743776183368,-0.1199633371762464,-0.535223848366167,0.3497677742050732,18.178475316365564,3.0367836134203143,64.33165852586,30.15651290000005
0.5543480681438592,-0.1742301254174272,-0.5398259373241999,0.3442748091603053,18.54354693094893,2.984148439590686,62.90115217725584,31.339147819999997
0.3235125230990887,-0.0742947213206443,-0.3777850233670255,0.2726648351648351,18.178475316365564,3.0367836134203143,64.33165852586,29.732678420000013
0.6375064530444784,-0.2504460889411439,-0.6194366071028707,0.6169193934557063,18.23601112365725,2.988557521308597,65.39613749133562,31.417762280000037
0.7207593386405389,-0.2571873601882383,-0.6555019747321564,0.6065891472868217,18.77092323303225,2.9235547705381517,62.60771955682329,32.69951978000006
0.3333175224317168,-0.1081194728058764,-0.3896299714095032,0.1934316726969106,18.33977088928225,2.992261602896399,64.03543207444856,29.657481980000057
0.5676761967563154,-0.095855832126081,-0.5784440035726425,0.6203129613227044,18.42692909240725,3.0261659658319164,63.215962152773066,31.99540766000001
-0.2935853379152347,-0.5989110707803996,0.5159150673103339,-0.1470985155195681,18.178475316365564,3.0367836134203143,64.33165852586,24.407403260000024
0.2683504766007862,0.0884155388406507,-0.332968598190788,0.1289334447229184,18.42692909240725,3.0261659658319164,63.215962152773066,32.26201322000003
0.5629844177278683,-0.0614025448871503,-0.6254774926377786,0.5033401103688644,18.17033729553225,3.0582498735863317,64.52942736293296,29.47632692000002
0.2869740951681059,0.076340877025655,-0.3894674204105921,0.3765586034912718,18.079354222615564,3.078370231760757,65.82244784811813,31.516884860000005
0.2345801239530325,-0.0616862108501435,-0.3616113675076797,0.1639522258414766,18.34579302469893,2.935192618336431,64.89503711773511,32.14580053999998
0.0723684210526315,-0.0498335243709402,0.1237756822012666,0.3141919606234618,18.33977088928225,2.992261602896399,64.03543207444856,25.887405919999992
0.2727838147618328,0.0258087770244077,-0.3810363943118823,0.2858136300417246,18.54354693094893,2.984148439590686,62.90115217725584,30.90164126000002
0.3358068971203595,-0.0466353879822018,-0.3911662104867708,0.2482269503546099,18.33977088928225,2.992261602896399,64.03543207444856,31.58182724000005
0.51823486183296,-0.07023423895744,-0.5695991651944674,0.3833883388338834,18.23601112365725,2.988557521308597,65.39613749133562,32.64483145999998
0.566207462822735,-0.1262941045255933,-0.6366704483702129,0.711310592459605,18.23601112365725,2.988557521308597,65.39613749133562,34.32649730000003
0.3191126279863481,0.1345175219224786,-0.4779535641803208,0.2545410511019617,18.23601112365725,2.988557521308597,65.39613749133562,34.79476604000001
0.3907871192242678,0.0780317415664486,-0.4762358770316429,0.3036622583926754,18.42692909240725,3.0261659658319164,63.215962152773066,33.21222278000005
0.2924981758825343,-0.0057302732854542,-0.2895106154642811,0.1637704054765666,18.54354693094893,2.984148439590686,62.90115217725584,30.68972402000003
0.4848831199085634,0.0433873153893414,-0.5191902339473116,0.4509237875288683,18.57479693094893,2.94861928655015,63.63319549091134,34.350423439999986
0.4648744684569232,0.019409052358624,-0.4156639223137006,0.4330218068535825,18.12785682678225,3.042692733145983,65.54639981076248,30.030046159999984
0.111693959969822,0.132360275984372,-0.2396901986984387,0.0703414232825997,18.17033729553225,3.0582498735863317,64.52942736293296,35.17758428000002
0.5405438915523227,-0.1067152602005596,-0.5328782333347042,0.7246435845213849,18.33977088928225,2.992261602896399,64.03543207444856,29.944595660000005
0.4914480267001539,-0.0162065210428544,-0.5238670280284058,0.5109637939826619,18.42692909240725,3.0261659658319164,63.215962152773066,32.067186080000056
0.599105770574263,-0.1952127992870718,-0.6073404803145921,0.7262786596119929,18.178475316365564,3.0367836134203143,64.33165852586,27.96556208000004
0.6893933481251882,-0.1654039918470945,-0.6313698467899096,0.7329995828118482,18.42692909240725,3.0261659658319164,63.215962152773066,28.67992826
0.2582045263297753,-0.0590493942218078,-0.2493788068694065,0.1464465183058148,18.178475316365564,3.0367836134203143,64.33165852586,29.52759722000002
0.194047739626591,0.0097785990774378,-0.2649867658630804,0.1128366901237563,18.12785682678225,3.042692733145983,65.54639981076248,30.37868420000001
0.4255441345389213,-0.0173404937311487,-0.4942885369392732,0.405599794502954,18.77092323303225,2.9235547705381517,62.60771955682329,33.45148418000002
0.7097930584976374,-0.1810788755381713,-0.658873979803569,0.7614539946989777,18.23601112365725,2.988557521308597,65.39613749133562,27.080294900000013
0.229329634506115,0.0484967056682126,-0.3112880210289147,0.1017786561264822,18.178475316365564,3.0367836134203143,64.33165852586,30.928985420000004
0.2312407337744241,0.0451175562038783,-0.2812978549469782,0.1778523489932885,18.23601112365725,2.988557521308597,65.39613749133562,30.720486199999986
0.2387235584047774,-0.0157432827760025,-0.2937116652335912,0.1807486631016042,18.178475316365564,3.0367836134203143,64.33165852586,31.99540766000001
0.2085769390765042,-0.0260638400339042,-0.2940614345526842,0.1046258925799441,18.77092323303225,2.9235547705381517,62.60771955682329,32.67559363999999
0.596712441611203,-0.0654091193004371,-0.5797945744690703,0.6397560100466452,18.079354222615564,3.078370231760757,65.82244784811813,30.12916874000001
0.7189408167078004,-0.1639867100786343,-0.6624791973753033,0.6931818181818182,19.11906776428225,2.8733089733618686,62.28048726827334,31.151156720000017
0.3297821007720438,0.0464730894952971,-0.4248124136898891,0.3681541582150101,18.079354222615564,3.078370231760757,65.82244784811813,32.14238252000001
0.6840808858027588,-0.2645921593841653,-0.6510619703085292,0.7191528545119705,18.42692909240725,3.0261659658319164,63.215962152773066,27.12131113999999
0.2335907335907335,0.0410275650504291,-0.2754116645630926,0.1258969341161122,18.178475316365564,3.0367836134203143,64.33165852586,30.88113314000003
0.3578662046243608,0.0817729530132834,-0.4587566717667049,0.2293577981651376,18.079354222615564,3.078370231760757,65.82244784811813,34.07014579999998
0.3048957359718953,-0.010224004890555,-0.3548505839440484,0.1929537074969275,18.12785682678225,3.042692733145983,65.54639981076248,30.238545380000005
0.6449578671849979,-0.2050452258054077,-0.5847005000531973,0.6774496015002344,18.178475316365564,3.0367836134203143,64.33165852586,27.722882659999986
0.254222903432158,0.0717248944119177,-0.2232029797458815,0.2835743801652892,18.54354693094893,2.984148439590686,62.90115217725584,31.40409020000004
0.1540136722319997,-0.0659006714517249,-0.1612852368039351,0.1223938223938223,18.17033729553225,3.0582498735863317,64.52942736293296,32.39189798000001
0.6985100051524168,-0.1501463227074328,-0.680433606591486,0.7632071937055077,18.34579302469893,2.935192618336431,64.89503711773511,30.166766960000015
0.1548789403517825,-0.0091769321538357,-0.2470234225532625,0.1542639869636067,18.12785682678225,3.042692733145983,65.54639981076248,30.77175650000004
0.5543435845024621,-0.1020249529004124,-0.523056053750421,0.451123595505618,18.77092323303225,2.9235547705381517,62.60771955682329,31.103304439999988
0.1132471898308645,0.0725267672200017,-0.2188865884518059,0.0308522114347357,18.42692909240725,3.0261659658319164,63.215962152773066,30.90505928000005
0.1135896469100064,-0.0176676874169829,-0.2291128279824672,-0.0116390001908032,18.77092323303225,2.9235547705381517,62.60771955682329,32.005661720000035
0.3346398620527275,-0.0619448546428335,-0.3202581246232258,0.0588882773802971,18.33977088928225,2.992261602896399,64.03543207444856,30.511986980000017
0.2919691285398212,0.1149242911962853,-0.406449118341241,0.1997996995493239,18.54354693094893,2.984148439590686,62.90115217725584,30.55983925999999
0.3900815784481122,0.0872589565997309,-0.483054552520362,0.370227878070435,18.079354222615564,3.078370231760757,65.82244784811813,30.002702
0.8292350550523994,-0.4508498570021139,-0.767453783813702,0.8433978618896273,18.17033729553225,3.0582498735863317,64.52942736293296,26.94015608000001
0.7889080385015608,-0.2757557135071831,-0.7141054402692092,0.8307600950118765,18.178475316365564,3.0367836134203143,64.33165852586,26.31465842
0.2660685317000495,-0.087187418265349,-0.3225157180503393,0.0618846694796061,18.17033729553225,3.0582498735863317,64.52942736293296,28.57055162000006
0.2448566343112033,-0.0717963990122721,-0.2986964170262672,0.2624633431085044,18.42692909240725,3.0261659658319164,63.215962152773066,30.060808339999998
0.6803970307242259,-0.16237206854202,-0.6713814793635845,0.7051487048289095,18.34579302469893,2.935192618336431,64.89503711773511,31.650187640000013
0.6745331227352968,-0.1614853195164076,-0.6470943037569798,0.6279361102411525,18.42692909240725,3.0261659658319164,63.215962152773066,30.864043040000013
0.320401893918043,0.046295400994407,-0.3931784052217612,0.1913175164058556,18.079354222615564,3.078370231760757,65.82244784811813,32.34746372000001
0.1701850330112493,0.0213749140974902,-0.2875738538045429,0.0519010259505129,18.23601112365725,2.988557521308597,65.39613749133562,30.303487760000053
0.5699472924640774,-0.1041227673400042,-0.5625326890500464,0.3868702290076335,18.42692909240725,3.0261659658319164,63.215962152773066,32.532036800000014
0.5325969359815145,-0.0992120704107292,-0.5606863298490918,0.6247272727272727,18.178475316365564,3.0367836134203143,64.33165852586,28.782468859999994
0.3974541166510447,-0.0070103766647602,-0.4641703098270292,0.4544873842222932,18.23601112365725,2.988557521308597,65.39613749133562,30.63845372000003
0.5628931750741839,-0.0749864783500525,-0.5918607901954709,0.6377805486284289,18.17033729553225,3.0582498735863317,64.52942736293296,31.97148152
0.463442999791025,-0.150189951155417,-0.3972500542181739,0.4155725190839694,18.17033729553225,3.0582498735863317,64.52942736293296,31.35965594000004
0.5895819396097195,-0.2717145785897658,-0.5524057361164941,0.4162210338680926,18.33977088928225,2.992261602896399,64.03543207444856,29.53785128000004
0.6038715411378341,-0.1147706470397685,-0.574770134513877,0.6402737047898338,19.11906776428225,2.8733089733618686,62.28048726827334,30.727322240000035
0.4813478695279273,-0.1433875216685093,-0.4454970578592259,0.647608773822366,18.079354222615564,3.078370231760757,65.82244784811813,32.25517718000003
0.5648610577538736,-0.1525787416660281,-0.5590960560100794,0.7128048780487805,18.12785682678225,3.042692733145983,65.54639981076248,29.746350500000005
0.3594626271282563,-0.0824544679143044,-0.349918658490802,0.4915254237288136,18.178475316365564,3.0367836134203143,64.33165852586,30.25221746
0.3670626907724819,-0.0739355305193415,-0.3979696699032855,0.5543905635648755,18.17033729553225,3.0582498735863317,64.52942736293296,29.11401680000006
0.1642539610167559,0.0413815218326437,-0.2110744422267456,0.0901803607214428,18.77092323303225,2.9235547705381517,62.60771955682329,32.20048886000001
0.2723790414519589,0.1784589111680359,-0.2226993865030679,0.1586901763224181,18.34579302469893,2.935192618336431,64.89503711773511,26.77267310000002
0.334870465146166,0.0303825688728303,-0.4036183844453983,0.1815301041195111,18.42692909240725,3.0261659658319164,63.215962152773066,30.973419680000006
0.1309377497786907,0.0548332878424387,-0.2151445193462,0.0818307905686546,18.23601112365725,2.988557521308597,65.39613749133562,32.35771778000003
0.7865431723496701,-0.3064245134380658,-0.7303868934224654,0.7786377708978328,18.77092323303225,2.9235547705381517,62.60771955682329,29.660900000000023
0.6003998667110962,-0.2307718590904431,-0.5994227673863574,0.7268431001890359,18.12785682678225,3.042692733145983,65.54639981076248,30.464134700000045
0.3984335917958978,0.0568295640255153,-0.4889438161103205,0.2727272727272727,18.42692909240725,3.0261659658319164,63.215962152773066,31.940719339999987
0.3778117166619631,0.0603964543262427,-0.4512169534200587,0.3492791612057667,18.079354222615564,3.078370231760757,65.82244784811813,30.98367374000003
0.2006815950806617,0.0328230835795064,-0.2582320002329126,0.0884112563704852,18.23601112365725,2.988557521308597,65.39613749133562,32.45684036
0.4576128452728499,-0.3748312107813288,-0.2025196266876636,0.453083109919571,18.12785682678225,3.042692733145983,65.54639981076248,27.435768980000034
0.3563657726909164,-0.031073279132208,-0.4155512218183965,0.5426334917528656,18.23601112365725,2.988557521308597,65.39613749133562,32.67559363999999
0.4957551619327114,-0.1988239411970598,-0.550680631432797,0.5453557848995111,18.42692909240725,3.0261659658319164,63.215962152773066,30.97000165999998
0.4862050174581711,0.016238602585084,-0.489180553308526,0.3861260690528983,18.77092323303225,2.9235547705381517,62.60771955682329,31.879194980000022
0.5229776197692038,-0.1177470753042325,-0.5555125638984173,0.5606900800985829,18.23601112365725,2.988557521308597,65.39613749133562,31.181918900000028
0.3590958414207334,-0.0550061988005765,-0.3730612749071651,0.4265773310999441,18.17033729553225,3.0582498735863317,64.52942736293296,30.071062400000017
0.2493527814611353,0.1503657157579835,-0.3879609350033906,0.1865229110512129,18.42692909240725,3.0261659658319164,63.215962152773066,34.91439674000003
0.3516118289143688,0.0692937707680066,-0.4355405727320633,0.1669106881405563,18.17033729553225,3.0582498735863317,64.52942736293296,32.220996979999995
0.5372536779491119,-0.1253289979568073,-0.5838956059247348,0.6142567110309046,18.079354222615564,3.078370231760757,65.82244784811813,31.25027929999999
0.2093691816436585,-0.0537189735313649,-0.2926316223629127,0.2841587636108184,18.33977088928225,2.992261602896399,64.03543207444856,28.751706679999984
0.5625961374124082,-0.176285169787956,-0.4844536450722521,0.6437659033078881,18.33977088928225,2.992261602896399,64.03543207444856,29.486580979999985
0.6515776368517294,-0.1408664570399634,-0.6198616742189365,0.7404640188753441,18.77092323303225,2.9235547705381517,62.60771955682329,29.86598120000002
0.1881145788798627,-0.373872203683105,0.0343988881167483,-0.056,18.34579302469893,2.935192618336431,64.89503711773511,23.768233520000024
0.4720405789142828,-0.0619246687447223,-0.4919625921830259,0.524556616643929,18.079354222615564,3.078370231760757,65.82244784811813,30.098406560000058
0.3064794186293232,0.0342884029132399,-0.379634362374754,0.284789644012945,18.77092323303225,2.9235547705381517,62.60771955682329,32.08427618000002
0.5765460625457468,-0.1356718979385066,-0.5786644822407611,0.6660168940870695,18.12785682678225,3.042692733145983,65.54639981076248,30.877715120000005
0.3829219414438633,-0.1236288830112549,-0.4062086857983518,0.1438016528925619,18.178475316365564,3.0367836134203143,64.33165852586,29.45581880000003
0.1702067436402448,0.1145981591123048,-0.3303701915986216,0.1083676268861454,18.23601112365725,2.988557521308597,65.39613749133562,35.23910864000004
0.3032545761858526,0.0251515819941572,-0.3902588733561464,0.2860435339308578,18.23601112365725,2.988557521308597,65.39613749133562,31.24686128000002
0.4537371854613234,-0.1653443303898276,-0.5375956154877375,0.2827435242612185,18.17033729553225,3.0582498735863317,64.52942736293296,28.642330040000047
0.4746800599649358,-0.1112004595060309,-0.5179550665632112,0.5783511642542479,18.079354222615564,3.078370231760757,65.82244784811813,31.920211220000056
0.2748109417277939,0.0465453070235439,-0.3328849057972447,0.0843716625133499,18.57479693094893,2.94861928655015,63.63319549091134,32.42607817999999
0.6199961762911848,-0.0930433981387634,-0.6253676537751875,0.600705467372134,18.57479693094893,2.94861928655015,63.63319549091134,30.93240344000003
0.4968352597569148,-0.1013155251447321,-0.5089203052671089,0.4361671048787613,18.77092323303225,2.9235547705381517,62.60771955682329,30.96316562000004
0.1756836692906219,0.0196167710111932,-0.247887024640915,0.1179273377010125,18.33977088928225,2.992261602896399,64.03543207444856,30.19411112
0.7149681696217183,-0.2835350727285615,-0.6592720794095189,0.7439949431099874,18.23601112365725,2.988557521308597,65.39613749133562,24.024585020000018
0.5948148148148149,-0.1742668927844013,-0.5444763271162123,0.7381237524950099,18.178475316365564,3.0367836134203143,64.33165852586,28.67992826
0.623313877174854,-0.1217048977858971,-0.6248113154805166,0.6517762926486106,18.34579302469893,2.935192618336431,64.89503711773511,31.53739298000005
0.6463979300013619,-0.2168187613232236,-0.6459869749710682,0.715360930550804,19.11906776428225,2.8733089733618686,62.28048726827334,30.42653647999998
0.7023334694262116,-0.208380009697537,-0.6693177706089326,0.6884263639230527,18.77092323303225,2.9235547705381517,62.60771955682329,31.16482880000001
0.69800826956389,-0.2310964401543658,-0.663636481864409,0.7633663366336634,18.33977088928225,2.992261602896399,64.03543207444856,33.73859786000003
0.5103527607361963,-0.0106115495530628,-0.565829225632056,0.5047425474254743,18.079354222615564,3.078370231760757,65.82244784811813,31.88603102000002
0.2939057962816305,0.006529418577716,-0.3452460301901587,0.2838688307386552,18.079354222615564,3.078370231760757,65.82244784811813,32.27910331999999
0.3572187133195461,-0.0983702216010095,-0.4358786344901808,0.4474675596483884,18.12785682678225,3.042692733145983,65.54639981076248,30.38210221999998
0.7016296726147299,-0.1391683824767232,-0.6529189605606809,0.6637589214908802,18.42692909240725,3.0261659658319164,63.215962152773066,29.51734316
0.3795808406956936,-0.0683397505714153,-0.4204364674688966,0.1415525114155251,18.12785682678225,3.042692733145983,65.54639981076248,29.65406396000003
0.7792424600362232,-0.2496875034568201,-0.7356429559072055,0.785402370555209,18.34579302469893,2.935192618336431,64.89503711773511,29.41480256
0.5867995497350577,-0.1002335143915935,-0.5998449869899797,0.4575766597201548,18.17033729553225,3.0582498735863317,64.52942736293296,31.513466839999975
0.3021217512040612,-0.1626525472977335,-0.219109263497136,-0.0319410319410319,18.33977088928225,2.992261602896399,64.03543207444856,28.676510240000027
0.4446312404064031,-0.0732749257837955,-0.4446312404064031,0.5275541795665635,18.178475316365564,3.0367836134203143,64.33165852586,32.091112220000014
0.6879007411108335,-0.2589280168933607,-0.6217153219784519,0.7396358000774893,18.17033729553225,3.0582498735863317,64.52942736293296,27.68870246000006
0.3863712109511539,-0.1507398336133433,-0.3691097374969898,0.6649508656995788,18.12785682678225,3.042692733145983,65.54639981076248,28.80981301999998
0.5399986301838977,-0.0703647063723944,-0.579110006935239,0.3611111111111111,18.54354693094893,2.984148439590686,62.90115217725584,32.44316828000001
0.3449163203842783,-0.081159353667226,-0.3699058343850112,0.1021924934968413,18.33977088928225,2.992261602896399,64.03543207444856,30.498314900000025
0.5988631538814803,-0.1101952408170633,-0.6066732842240915,0.7582037996545768,18.57479693094893,2.94861928655015,63.63319549091134,31.728802100000053
0.2616668512979579,0.1367384889032624,-0.4188918696688564,0.1488469601677149,18.12785682678225,3.042692733145983,65.54639981076248,29.03540234000002
0.5402869757174393,-0.0227365118263069,-0.5916170652600063,0.4181472081218274,18.079354222615564,3.078370231760757,65.82244784811813,31.61258942000001
0.1822739632902787,0.0914923314260527,-0.2403909375592032,0.0861423220973782,18.178475316365564,3.0367836134203143,64.33165852586,30.751248379999996
0.1712231554945437,-0.0043161640009309,-0.2272372655462731,0.1358778625954198,18.33977088928225,2.992261602896399,64.03543207444856,29.582285540000044
0.4018264840182647,0.0155963702992759,-0.4365544847563645,0.1950927588270496,18.23601112365725,2.988557521308597,65.39613749133562,31.533974960000023
0.2447792726386294,0.097736642827093,-0.261858533083866,0.1002378525314305,18.178475316365564,3.0367836134203143,64.33165852586,31.821088640000028
0.1693813232886306,0.0463554691117903,-0.2102020627442529,0.1153333333333333,18.54354693094893,2.984148439590686,62.90115217725584,31.192172959999997
0.4776468430464486,-0.0780089650097009,-0.5047803602488822,0.5695364238410596,18.23601112365725,2.988557521308597,65.39613749133562,32.30644748000003
0.5513898363711484,-0.1040198015740064,-0.4869551603783141,0.5513021650454973,18.77092323303225,2.9235547705381517,62.60771955682329,32.81231444000002
0.2209526888489972,0.0344150120772134,-0.2755034928986614,0.1355371900826446,18.12785682678225,3.042692733145983,65.54639981076248,31.007599880000043
0.4037987973656581,-0.0143382276874693,-0.4600577764982678,0.4727503168567807,18.17033729553225,3.0582498735863317,64.52942736293296,29.67457208000002
0.20490105404765,0.0535612432980901,-0.2791080745543213,0.285863146926016,18.12785682678225,3.042692733145983,65.54639981076248,33.36261566000002
0.2159072332356114,0.0836604957537328,-0.2829659272547463,0.1144144144144144,18.178475316365564,3.0367836134203143,64.33165852586,31.004181860000017
0.559555010994896,-0.1108105765062851,-0.5758713708255783,0.4752829064919595,18.34579302469893,2.935192618336431,64.89503711773511,29.9001614
0.5091203196398091,0.0245394930207233,-0.5559432497655901,0.4038410944488292,18.77092323303225,2.9235547705381517,62.60771955682329,32.31328352000003
0.7011416667636483,-0.4566707856658826,-0.6047910765650045,0.6674816625916871,18.33977088928225,2.992261602896399,64.03543207444856,27.285376100000008
0.4841519608285165,-0.0181687709943024,-0.5380043732595734,0.4144079885877318,18.57479693094893,2.94861928655015,63.63319549091134,32.45684036
0.4051354128884052,-0.0216359360921257,-0.4411935671381515,0.2506596306068601,18.54354693094893,2.984148439590686,62.90115217725584,31.639933580000047
0.1863919412209534,0.0091770301352774,-0.2619463753723932,0.1013751199232491,18.17033729553225,3.0582498735863317,64.52942736293296,29.630137820000016
0.4995433502346235,0.0426307297138347,-0.5564272288959711,0.4598623853211009,18.23601112365725,2.988557521308597,65.39613749133562,34.84261832000004
0.2820465475421118,0.1019817870769375,-0.3782425494672069,0.3181198910081744,18.34579302469893,2.935192618336431,64.89503711773511,32.32353757999999
0.1765046551300854,0.0498279078989512,-0.2564605910667707,0.1212509612919764,18.12785682678225,3.042692733145983,65.54639981076248,31.52030288000003
0.5279989829058839,-0.0807514346909077,-0.5279989829058839,0.4728682170542636,18.12785682678225,3.042692733145983,65.54639981076248,31.53055694
0.461695076967637,-0.0779514499673317,-0.4825336754883918,0.3868436934218467,18.54354693094893,2.984148439590686,62.90115217725584,30.764920459999985
0.6009085746734811,-0.0841825943160404,-0.5862441483615413,0.6042462845010615,18.17033729553225,3.0582498735863317,64.52942736293296,29.315679980000027
0.6251332885747007,-0.1657884299393733,-0.6390895982537621,0.4228971962616822,19.11906776428225,2.8733089733618686,62.28048726827334,30.809354719999988
0.1961271794871795,-0.0053100518592077,-0.2607608949466819,0.1317494600431965,18.54354693094893,2.984148439590686,62.90115217725584,30.238545380000005
0.150202922889302,0.069337575153002,-0.2753901631591393,0.2072263549415515,18.33977088928225,2.992261602896399,64.03543207444856,31.496376740000017
0.738871104544584,-0.2671960441247577,-0.714362785428159,0.78369384359401,18.34579302469893,2.935192618336431,64.89503711773511,30.23512735999998
0.62236906292962,-0.2594000234096903,-0.6098041804180417,0.5805106826472121,18.12785682678225,3.042692733145983,65.54639981076248,30.973419680000006
0.1307021088383369,0.0784724725526584,-0.2069689091990068,0.1351020408163265,18.12785682678225,3.042692733145983,65.54639981076248,31.98515359999999
0.7212129847308305,-0.2030207468879667,-0.6648941668293692,0.5935461723309303,18.33977088928225,2.992261602896399,64.03543207444856,30.792264620000022
0.511311453901374,0.0934357204292612,-0.56303368063969,0.3751783166904422,18.12785682678225,3.042692733145983,65.54639981076248,36.61315267999999
0.1653880122154949,0.0850903866074114,-0.226546313820792,0.1007751937984496,18.178475316365564,3.0367836134203143,64.33165852586,31.47928664000005
0.5958968794582757,-0.0358666023241557,-0.5888731070078219,0.5743519781718963,19.11906776428225,2.8733089733618686,62.28048726827334,32.93536316000001
0.1880145045263838,-0.0543676187503252,-0.2305223531044532,0.4632861376358248,18.178475316365564,3.0367836134203143,64.33165852586,29.68482614000004
0.4229240375484272,-0.1849037061919157,-0.4002712582080418,0.7104166666666667,18.178475316365564,3.0367836134203143,64.33165852586,28.843993220000016
0.1717884130982369,-0.336167279411765,0.0570779957840116,0.1839258114374034,18.77092323303225,2.9235547705381517,62.60771955682329,26.84103349999998
0.2029686650807652,-0.0102884507463802,-0.3032315354619512,0.0905730129390018,18.178475316365564,3.0367836134203143,64.33165852586,30.470970739999984
0.3602256145470872,0.1788064885011223,-0.500189562458896,0.3138312979267253,18.42692909240725,3.0261659658319164,63.215962152773066,33.50617250000005
0.2586991146632995,-0.1611929629482548,-0.2950851136078429,0.146726862302483,18.23601112365725,2.988557521308597,65.39613749133562,30.515404999999987
0.1173088351027094,0.0861897975134148,-0.2038729103935208,0.0399755874275251,18.17033729553225,3.0582498735863317,64.52942736293296,31.29471355999999
0.3073513542437727,-0.0167855062009266,-0.3692764669618337,0.3639181649101053,18.178475316365564,3.0367836134203143,64.33165852586,31.17850088
0.2533462760592432,0.0564572759606986,-0.3326076439283985,0.2833483890394459,18.12785682678225,3.042692733145983,65.54639981076248,32.09453024000004
0.3308294571403807,0.0437300837649598,-0.4243000479260394,0.2125269978401728,18.42692909240725,3.0261659658319164,63.215962152773066,32.774716220000016
0.466745707836476,-0.0175148153615791,-0.5427105149562743,0.5393898759637948,18.33977088928225,2.992261602896399,64.03543207444856,33.42414001999998
0.287924306778549,0.0205105310152843,-0.3903821062441753,0.1865338371693576,18.178475316365564,3.0367836134203143,64.33165852586,29.619883759999997
0.1784127442834952,0.0590169608861198,-0.2411707075799225,0.1453149001536098,18.12785682678225,3.042692733145983,65.54639981076248,30.628199660000007
0.5670880292415473,-0.1568303668673979,-0.5349444320131275,0.1021765417170495,18.17033729553225,3.0582498735863317,64.52942736293296,27.25461392
0.4042205814265175,0.0605257794986753,-0.4981930686633908,0.4114173228346456,18.079354222615564,3.078370231760757,65.82244784811813,31.86894092
0.1681913886156137,0.0791642206422716,-0.2376629195971089,0.0788281485955904,18.178475316365564,3.0367836134203143,64.33165852586,31.742474180000045
0.5366430588023113,-0.0999533253225021,-0.5723969535004224,0.4953271028037383,18.079354222615564,3.078370231760757,65.82244784811813,29.39087642000004
0.4170186463376944,0.1006218165412353,-0.5315666406858924,0.4699962728289228,19.11906776428225,2.8733089733618686,62.28048726827334,33.91633490000004
0.746658863485911,-0.2678965658929306,-0.6979192897046342,0.7482774460266421,18.77092323303225,2.9235547705381517,62.60771955682329,28.86450134000006
0.6290364696666375,-0.0764921402729766,-0.6064270816345798,0.5790155440414507,19.11906776428225,2.8733089733618686,62.28048726827334,31.94755538000004
0.5250432071571385,-0.0068912282271868,-0.5435999897099052,0.5880306193458594,18.77092323303225,2.9235547705381517,62.60771955682329,33.38995982000006
0.3843314938187112,0.1195790517645113,-0.4761931156809489,0.2985959438377535,18.079354222615564,3.078370231760757,65.82244784811813,33.73517984
0.1736766464658646,0.0578601739354922,-0.2257102973435351,0.0749842470069313,18.33977088928225,2.992261602896399,64.03543207444856,32.22783302000005
0.4498766943279391,0.1362466487935656,-0.5155991269004967,0.4308715435771789,18.77092323303225,2.9235547705381517,62.60771955682329,35.58774668000001
0.1875765203678854,-0.0117489986648865,-0.2615150916109165,0.0915824915824915,18.54354693094893,2.984148439590686,62.90115217725584,30.928985420000004
0.0730023002046318,0.0550430408049189,-0.1456981289612509,0.0275195917623473,18.079354222615564,3.078370231760757,65.82244784811813,29.924087540000016
0.3682220145229707,0.0376045554308138,-0.4786101658042359,0.3103064066852368,18.079354222615564,3.078370231760757,65.82244784811813,32.039841920000015
0.616206555339925,-0.1569866729631928,-0.6076606134594844,0.73215859030837,18.079354222615564,3.078370231760757,65.82244784811813,31.88603102000002
0.3382476832350463,-0.0026035502958579,-0.4233503062886093,0.2366261896947817,19.11906776428225,2.8733089733618686,62.28048726827334,32.01249776000003
0.5466738290387982,-0.0641288538114881,-0.5819538477898692,0.6080977845683728,18.77092323303225,2.9235547705381517,62.60771955682329,31.352819899999982
0.2552524990522556,-0.00026233991303029747,-0.3174184361519452,0.0991711917690768,18.77092323303225,2.9235547705381517,62.60771955682329,30.799100660000025
0.685514918190568,-0.1634537663459303,-0.6499952890926792,0.6734932709186658,18.079354222615564,3.078370231760757,65.82244784811813,30.91531334000001
0.3340154543032241,-0.1048691783482221,-0.3883817151224057,0.1234303215926493,18.77092323303225,2.9235547705381517,62.60771955682329,33.1472804
0.684937986732045,-0.2897932508456314,-0.6793965110796795,0.6398601398601399,18.33977088928225,2.992261602896399,64.03543207444856,29.97535784000001
0.7492560106507948,-0.3296079408897785,-0.7232766269336112,0.6411483253588517,18.34579302469893,2.935192618336431,64.89503711773511,31.94755538000004
0.3511384886151139,0.0106321283587859,-0.4531172364840887,0.2503576537911302,18.54354693094893,2.984148439590686,62.90115217725584,32.17656271999999
0.3339374716810148,0.0480480974224912,-0.4095497776479372,0.447263833690003,18.079354222615564,3.078370231760757,65.82244784811813,30.87087908000001
0.2386234444615148,-0.0612486672195237,-0.3009528573618517,0.1596592470458917,18.23601112365725,2.988557521308597,65.39613749133562,31.889449040000045
0.1326072564041003,0.0625308619672171,-0.2098730891484615,0.0637619553666312,18.17033729553225,3.0582498735863317,64.52942736293296,31.03836206000005
0.6017861367400049,-0.1700520589569487,-0.5702869070282075,0.6140717520027865,18.178475316365564,3.0367836134203143,64.33165852586,30.894805220000023
0.1759497286489573,0.0248094747682801,-0.4443961407924342,0.0818739054290718,18.77092323303225,2.9235547705381517,62.60771955682329,29.81812892000005
0.1844580777096114,-0.0361688058768648,-0.2542432349458356,0.3339975093399751,18.23601112365725,2.988557521308597,65.39613749133562,32.74737206000003
0.2978974276739644,-0.0141067216981131,-0.3699669441236211,0.2168077035307849,18.33977088928225,2.992261602896399,64.03543207444856,30.535913120000032
0.4905436993412465,-0.1903391011848843,-0.4643821112751457,0.2620366425223689,18.079354222615564,3.078370231760757,65.82244784811813,30.1052426
0.7901955586718771,-0.281088225575504,-0.7035102279939464,0.8175582990397805,18.77092323303225,2.9235547705381517,62.60771955682329,27.606669979999992
0.5701875562065992,-0.1840267339676592,-0.570828348034169,0.4858681022880215,18.23601112365725,2.988557521308597,65.39613749133562,30.70681411999999
0.2155366045178137,0.0680704505362193,-0.285515643105446,0.1038294512435846,18.23601112365725,2.988557521308597,65.39613749133562,31.47586862000003
0.1347794895030961,-0.0111023264420407,-0.177702669605682,0.0189907759088442,18.23601112365725,2.988557521308597,65.39613749133562,31.47586862000003
0.7157522938533736,-0.1878303396393713,-0.6526340137627942,0.7074492099322799,18.77092323303225,2.9235547705381517,62.60771955682329,28.36205240000004
0.3958881728238177,0.0425737232033536,-0.4819555755424571,0.4860933911712171,18.77092323303225,2.9235547705381517,62.60771955682329,36.64733288000002
0.7801688347633546,-0.3005586027348786,-0.7180540251761326,0.8308248043347382,18.12785682678225,3.042692733145983,65.54639981076248,29.531015239999988
0.6343254242330866,-0.1400785708991178,-0.6445128731502866,0.6936005171299289,18.77092323303225,2.9235547705381517,62.60771955682329,30.170184980000045
0.4287086272765148,-0.0800373682103295,-0.4880043540296838,0.4484356894553882,18.42692909240725,3.0261659658319164,63.215962152773066,33.871900640000035
0.1453088913154819,0.0894913535480797,-0.1891718339253104,0.020926243567753,18.33977088928225,2.992261602896399,64.03543207444856,31.920211220000056
0.6237041155552467,-0.2396453759589662,-0.6298303035235708,0.856917885264342,18.33977088928225,2.992261602896399,64.03543207444856,28.70727241999998
0.7735505907054459,-0.4008981389020281,-0.6798358635370568,0.8129857107044371,18.23601112365725,2.988557521308597,65.39613749133562,28.21507754000004
0.4597799916624837,-0.0992984591728865,-0.4951811638404294,0.4139968895800933,18.23601112365725,2.988557521308597,65.39613749133562,31.91679320000003
0.6991618638983328,-0.3196509509891134,-0.6585300929006841,0.6703770197486535,18.12785682678225,3.042692733145983,65.54639981076248,27.452859080000053
0.3762685454459974,0.0419654962831362,-0.5019937256281702,0.3378413524057217,18.42692909240725,3.0261659658319164,63.215962152773066,32.333791640000015
0.6404274799763023,-0.1339101947040085,-0.6304918057860405,0.6852229670649956,18.42692909240725,3.0261659658319164,63.215962152773066,30.96316562000004
0.3300371190891886,0.0417428622770947,-0.4177868487109109,0.3745661091827075,18.42692909240725,3.0261659658319164,63.215962152773066,32.074022119999995
0.3057924067984693,0.0466562615419441,-0.3767194583759882,0.1889895938234306,18.33977088928225,2.992261602896399,64.03543207444856,31.25711534000004
0.705862795079242,-0.2000191910953317,-0.6818888636726598,0.6912928759894459,19.11906776428225,2.8733089733618686,62.28048726827334,30.99392780000005
0.1104758637775617,0.0207956980212578,-0.1724110178869641,0.06875,18.178475316365564,3.0367836134203143,64.33165852586,31.35623792000001
0.4026272667191758,0.0365948450082391,-0.4513348946135831,0.3925399644760213,18.23601112365725,2.988557521308597,65.39613749133562,30.27272558000004
0.4355571030640668,0.0302708144189744,-0.5094419752363238,0.381120646138314,18.079354222615564,3.078370231760757,65.82244784811813,32.268849260000025
0.6860781539131381,-0.1938408689285379,-0.6700808625336928,0.7506742583158525,18.57479693094893,2.94861928655015,63.63319549091134,29.99928398000003
0.2780712183522715,0.0057540539925856,-0.2912207464876094,0.1370525636891325,18.77092323303225,2.9235547705381517,62.60771955682329,32.11845638
0.3381890932962379,-0.0331175373922277,-0.3989199611120643,0.1307385229540918,18.77092323303225,2.9235547705381517,62.60771955682329,32.96270732000005
0.6119515681039829,-0.1371320592002638,-0.6391806290618915,0.5894039735099338,18.079354222615564,3.078370231760757,65.82244784811813,30.334249940000007
0.3999833709795879,-0.0881488103572698,-0.4348693694653345,0.2437877770315648,18.23601112365725,2.988557521308597,65.39613749133562,30.62478164000004
0.1914492240996199,-0.0238329046839685,-0.2503259824683299,0.1724137931034483,18.12785682678225,3.042692733145983,65.54639981076248,30.416282420000016
0.4597006307575215,-0.0124820233378034,-0.5195067754626256,0.3547008547008547,19.11906776428225,2.8733089733618686,62.28048726827334,33.71467172000001
0.5723726171072212,-0.0924073925914073,-0.5839483147872179,0.5867875647668394,18.079354222615564,3.078370231760757,65.82244784811813,29.06616452000003
0.4617658425511026,-0.1307375956434267,-0.4832384767839921,0.1664837175265276,18.12785682678225,3.042692733145983,65.54639981076248,30.70339610000002
0.3894887594927168,-0.07359332571362,-0.3807593277468284,0.3601928374655647,18.33977088928225,2.992261602896399,64.03543207444856,29.777112680000016
0.3849985972846833,-0.0803090083220052,-0.4234687636522499,0.2638530002871088,18.34579302469893,2.935192618336431,64.89503711773511,32.98663346000001
0.4503782498100492,-0.1113799981774182,-0.4825955992597897,0.2918760469011725,18.54354693094893,2.984148439590686,62.90115217725584,31.93046528000002
0.1307801507275422,0.0941845394874367,-0.2276928133092322,0.1061297361634596,18.12785682678225,3.042692733145983,65.54639981076248,30.956329579999988
0.45059172343124,-0.0482022771964748,-0.474015721150153,0.2977605750622062,18.34579302469893,2.935192618336431,64.89503711773511,32.764462159999994
0.4449418862413394,0.0508776538035471,-0.5102170614477426,0.4093333333333333,18.34579302469893,2.935192618336431,64.89503711773511,31.51004882000001
0.2543523102310229,-0.0130101615858737,-0.2639597601405069,0.4641148325358851,18.33977088928225,2.992261602896399,64.03543207444856,31.171664840000005
0.3362050509116135,0.1443002709194808,-0.3859477704743294,0.2827260458839406,18.54354693094893,2.984148439590686,62.90115217725584,34.41878384000006
0.1049434374661559,0.0310554716166631,-0.1634064168351214,0.0974279033515198,18.23601112365725,2.988557521308597,65.39613749133562,32.14238252000001
0.1699123302472925,0.1022737122979456,-0.2538425906430285,0.099234153495193,18.12785682678225,3.042692733145983,65.54639981076248,31.82450666
0.4199794877087512,-0.0505523873153737,-0.454025455914504,0.5129130797000833,18.23601112365725,2.988557521308597,65.39613749133562,31.5749912
0.5926973684210526,-0.1282236501010713,-0.5981911505008995,0.6383105294467579,18.77092323303225,2.9235547705381517,62.60771955682329,30.05397230000005
0.3737604710770357,0.0634892333712003,-0.3959057844462329,0.3568193256165073,18.77092323303225,2.9235547705381517,62.60771955682329,32.036423900000045
0.4178537511870844,-0.0088090292549862,-0.4516939310183391,0.4259051885031728,18.23601112365725,2.988557521308597,65.39613749133562,30.136004780000007
0.5149004448982569,-0.1384940884998437,-0.4806883474244002,0.5802538787023978,18.17033729553225,3.0582498735863317,64.52942736293296,31.616007440000036
0.4173943494910926,-0.075323740390631,-0.432884909668136,0.2411214953271028,18.33977088928225,2.992261602896399,64.03543207444856,29.496835040000008
0.3397448823039494,-0.0588390172248935,-0.4183961388527937,0.2533642691415313,18.54354693094893,2.984148439590686,62.90115217725584,31.14773869999999
0.5802195904849357,-0.1008567382711053,-0.5989930354264114,0.4602161100196463,18.57479693094893,2.94861928655015,63.63319549091134,31.42801634
0.2694686672783802,-0.0417720764692817,-0.3416587598370264,0.3204419889502762,18.12785682678225,3.042692733145983,65.54639981076248,30.747830360000023
0.2485534037961983,0.1339692163956775,-0.23464693210468,0.1083177320139074,18.77092323303225,2.9235547705381517,62.60771955682329,33.755687960000046
0.7526355681113484,-0.2525818161352956,-0.6786589734887053,0.7811291569992266,19.11906776428225,2.8733089733618686,62.28048726827334,27.81858722000004
0.5902065444418659,-0.1461882657968469,-0.5801222183788769,0.5395264116575592,18.079354222615564,3.078370231760757,65.82244784811813,28.28343794
0.3542431201409923,-0.0304606542625758,-0.4256730707447151,0.2262256349675133,18.079354222615564,3.078370231760757,65.82244784811813,31.60917140000004
0.3735220455472072,-0.1112511707084332,-0.4704401437267633,0.3133655394524959,18.17033729553225,3.0582498735863317,64.52942736293296,28.604731819999984
0.3164901332542533,0.0193856334064836,-0.3666936601101601,0.2869318181818182,18.079354222615564,3.078370231760757,65.82244784811813,31.445106440000018
0.5830678600323626,-0.1837319217317327,-0.5818580297987102,0.5207070707070707,18.77092323303225,2.9235547705381517,62.60771955682329,31.527138920000027
0.6352824999734542,-0.1436910075228172,-0.5988663026099956,0.3897849462365591,18.079354222615564,3.078370231760757,65.82244784811813,30.67263392000001
0.1714029081347062,0.1136567347943857,-0.1894571266175828,0.0647900994904149,18.079354222615564,3.078370231760757,65.82244784811813,28.85082926000001
0.2613358085156804,-0.0187743252727619,-0.31281281795665,0.1675840978593272,18.42692909240725,3.0261659658319164,63.215962152773066,30.02662814000001
0.1724770247910205,0.0510186333963336,-0.2983018314204811,0.2532751091703056,18.17033729553225,3.0582498735863317,64.52942736293296,32.10820232000003
0.5735962169934828,-0.0981956523909852,-0.610346064586033,0.5128939828080229,18.77092323303225,2.9235547705381517,62.60771955682329,32.80889642
0.3150731510894368,-0.0530441449381283,-0.3581177862179222,0.1822916666666666,18.178475316365564,3.0367836134203143,64.33165852586,29.55835940000003
0.3372331340734416,0.0084167532967815,-0.3814631564243755,0.1334882520010328,18.57479693094893,2.94861928655015,63.63319549091134,34.562340680000034
0.6329481481481481,-0.196647510965071,-0.6406124413308593,0.6872427983539094,18.079354222615564,3.078370231760757,65.82244784811813,30.03346418000001
0.2509135977982522,-0.0385334150456606,-0.2955911918223262,0.2075606276747503,18.178475316365564,3.0367836134203143,64.33165852586,29.117434820000028
0.748590190968388,-0.2869907289504911,-0.6900143729276658,0.7479305740987984,18.12785682678225,3.042692733145983,65.54639981076248,28.379142500000057
0.7245465498176299,-0.2752802475087416,-0.65947242206235,0.7572335920959774,18.33977088928225,2.992261602896399,64.03543207444856,28.88842748000002
0.7333919109620046,-0.4203493001996314,-0.6788127288668835,0.7161290322580646,18.23601112365725,2.988557521308597,65.39613749133562,26.9606642
0.6407134663064796,-0.1202789516572229,-0.6586050165535043,0.6734207389749702,18.079354222615564,3.078370231760757,65.82244784811813,30.23170934000001
0.59461044549893,-0.1628932634198365,-0.5753403011354657,0.4793429566948731,18.54354693094893,2.984148439590686,62.90115217725584,30.498314900000025
0.1626165958188417,0.0512836367233874,-0.2053135163160456,0.0973316391359593,18.23601112365725,2.988557521308597,65.39613749133562,29.19604928000001
0.7356267005901268,-0.2157022901235713,-0.6856655026554899,0.5833333333333334,18.57479693094893,2.94861928655015,63.63319549091134,28.98755005999999
0.3130562347188264,0.0578300711691744,-0.3543375924680566,0.2025562656293414,18.23601112365725,2.988557521308597,65.39613749133562,31.339147819999997
0.3165409875942594,-0.0870473397738457,-0.3034619784454211,0.13382416630576,18.54354693094893,2.984148439590686,62.90115217725584,30.40944638000002
0.4190563140639915,0.0734694430520369,-0.4989424773427141,0.5567010309278351,18.42692909240725,3.0261659658319164,63.215962152773066,30.33083192000004
0.1733653497989442,0.0633390888968335,-0.3116744780570942,0.2664004563605248,18.33977088928225,2.992261602896399,64.03543207444856,31.32547574
0.4184737501320417,0.0839874679023353,-0.5033185663793243,0.2649122807017544,18.54354693094893,2.984148439590686,62.90115217725584,35.28354290000004
0.6668361241680288,-0.233140655105973,-0.6658329164582292,0.6717460317460318,18.42692909240725,3.0261659658319164,63.215962152773066,30.433372520000034
0.454568991556751,0.0536324246422789,-0.5349564372666281,0.3542128603104212,18.77092323303225,2.9235547705381517,62.60771955682329,33.8821547
0.4312573201553413,0.0912708249076985,-0.4780274577206273,0.2725395732966276,18.57479693094893,2.94861928655015,63.63319549091134,30.57009332000001
0.506455152825743,-0.1613461059965165,-0.517364130655635,0.4051536789816827,18.54354693094893,2.984148439590686,62.90115217725584,30.61452758000001
0.1659792199655405,-0.0494525290183118,-0.193394966066371,0.219137625516834,18.23601112365725,2.988557521308597,65.39613749133562,34.483726219999994
0.6844786614147597,-0.1563369423122046,-0.6733931603201554,0.6391085549964055,19.11906776428225,2.8733089733618686,62.28048726827334,28.471429040000032
0.1342572979079666,0.070385740976505,-0.2099769729055029,0.0998384491114701,18.12785682678225,3.042692733145983,65.54639981076248,32.484184519999985
0.3604628286156948,-0.0520905641718095,-0.4234198304365167,0.4019030357951971,18.23601112365725,2.988557521308597,65.39613749133562,31.47586862000003
0.2139525778182111,0.1850454573566702,-0.3722200165318303,0.1419893697798026,19.11906776428225,2.8733089733618686,62.28048726827334,36.73620140000003
0.6637905114211001,-0.1126709929013191,-0.6574779206869322,0.6440677966101694,18.079354222615564,3.078370231760757,65.82244784811813,30.84695294000005
0.4599931604745579,-0.0967282978849536,-0.4937067704922444,0.4226097788850825,18.178475316365564,3.0367836134203143,64.33165852586,30.08815249999998
0.6470588235294117,-0.0922467083203304,-0.6160881824165677,0.7447811447811448,18.57479693094893,2.94861928655015,63.63319549091134,28.44066686000002
0.2386443849130416,0.0192584811388093,-0.2578243747409148,0.0968694624926166,18.33977088928225,2.992261602896399,64.03543207444856,31.879194980000022
0.4501129675601797,-0.1381492049360372,-0.4548744881111184,0.2563494751100575,18.178475316365564,3.0367836134203143,64.33165852586,28.156971200000044
0.0979152137847988,0.1522412420648458,-0.2054348911642595,0.0660391234005,18.23601112365725,2.988557521308597,65.39613749133562,34.955412980000006
0.6663533127773182,-0.1989502590533393,-0.6802532797452036,0.609969392216878,18.178475316365564,3.0367836134203143,64.33165852586,30.518823020000013
0.2793871448951541,-0.0012336993647976,-0.3533813861822793,0.2188301095315777,18.23601112365725,2.988557521308597,65.39613749133562,31.906539140000007
0.3817706246550902,-0.0072131942492822,-0.4336292903306769,0.2373779637377963,18.17033729553225,3.0582498735863317,64.52942736293296,30.190693100000036
0.5635807381835848,-0.1816378179091421,-0.5810166799046863,0.7037374658158614,18.17033729553225,3.0582498735863317,64.52942736293296,27.70921057999999
0.1706188283272618,0.1483027397534289,-0.1254085867084871,0.0263193413416115,18.54354693094893,2.984148439590686,62.90115217725584,30.453880640000023
0.1428138659280738,0.0842984950412649,-0.1910066750856936,0.1261943986820428,18.77092323303225,2.9235547705381517,62.60771955682329,31.47928664000005
0.4920142005709342,0.0536574356659605,-0.5482046505383114,0.4849624060150376,18.17033729553225,3.0582498735863317,64.52942736293296,30.52224104000004
0.5682585846686239,-0.0416231118609669,-0.5684173708142339,0.646908315565032,18.17033729553225,3.0582498735863317,64.52942736293296,29.141360960000043
0.700932024569227,-0.2343907897755101,-0.6491704698876013,0.6359462118727451,18.77092323303225,2.9235547705381517,62.60771955682329,30.566675300000043
0.233860313124286,0.0465481016778622,-0.3661225355098581,0.3393085787451985,18.77092323303225,2.9235547705381517,62.60771955682329,31.98173558000002
0.297225297536673,0.0342811518054911,-0.3400643316654754,0.3845633039945836,18.34579302469893,2.935192618336431,64.89503711773511,31.76981834000003
0.1496635933217044,0.1210572105340031,-0.1668282484256315,0.0291139240506329,18.178475316365564,3.0367836134203143,64.33165852586,31.578409220000022
0.2397183282447729,-0.0290017336030048,-0.2867304464332759,0.2660660660660661,18.54354693094893,2.984148439590686,62.90115217725584,31.940719339999987
0.6607997612016674,-0.1380524508729636,-0.6260946714680862,0.5692963752665245,19.11906776428225,2.8733089733618686,62.28048726827334,30.35817608000002
0.1142961570593149,0.0243891288943746,-0.175273061037173,0.0802065404475043,18.33977088928225,2.992261602896399,64.03543207444856,32.55254492000006
0.7516680727049619,-0.2725550594172098,-0.6942901954135051,0.7973484848484849,18.42692909240725,3.0261659658319164,63.215962152773066,28.078356740000004
0.1943782945986745,0.0343180127142427,-0.3393561936488395,0.1014975041597337,18.54354693094893,2.984148439590686,62.90115217725584,31.25027929999999
0.5078419642624912,-0.0508456142258958,-0.520457406630298,0.2143537630993966,18.54354693094893,2.984148439590686,62.90115217725584,30.775174520000007
0.7220946485623004,-0.2459188095926032,-0.6679049453250281,0.7262479871175523,18.77092323303225,2.9235547705381517,62.60771955682329,31.523720900000058
0.3819102965280883,0.0734992507272353,-0.4880836644737463,0.5591240875912409,18.079354222615564,3.078370231760757,65.82244784811813,34.035965600000054
0.2758879038156229,0.0795552524225616,-0.3261087214476416,0.2907245039224734,18.17033729553225,3.0582498735863317,64.52942736293296,31.61942546
0.526067693960052,-0.022426768206758,-0.5616871221835503,0.5351997825496059,18.34579302469893,2.935192618336431,64.89503711773511,31.29471355999999
0.5962239507989386,-0.0671102367426335,-0.6023433545485473,0.4619229638341664,18.079354222615564,3.078370231760757,65.82244784811813,28.929443719999995
0.588788288757068,-0.1732233543172953,-0.6223731635391115,0.6449623029472241,18.34579302469893,2.935192618336431,64.89503711773511,30.43679054000006
0.3325101254568801,-0.4567741238727791,-0.1452222269389139,0.452,18.23601112365725,2.988557521308597,65.39613749133562,23.58024241999999
0.2881005293143158,-0.0629376225343095,-0.3261781150159744,0.2628380431479793,18.34579302469893,2.935192618336431,64.89503711773511,31.957809440000005
0.3443878479170456,-0.0793667022069025,-0.371979689777126,0.1457357075913777,18.42692909240725,3.0261659658319164,63.215962152773066,33.495918440000025
0.6497368766035545,-0.1207007321556928,-0.6377597025331164,0.5800118976799524,18.42692909240725,3.0261659658319164,63.215962152773066,28.77563282000005
0.3216196873296957,0.0135313288735327,-0.4092557585941329,0.2088293650793651,18.54354693094893,2.984148439590686,62.90115217725584,35.69370530000003
0.2648018378023589,-0.0714776332573783,-0.3252112001833884,0.0905972243879619,18.23601112365725,2.988557521308597,65.39613749133562,32.52178274000005
0.4969095931792437,-0.146510388918487,-0.4776885122078025,0.5871435038478949,18.178475316365564,3.0367836134203143,64.33165852586,28.99780412000001
0.6767342987034854,-0.2562980484920166,-0.6395348837209303,0.6808417360806663,18.77092323303225,2.9235547705381517,62.60771955682329,29.65406396000003
0.654047720494248,-0.1343560523047703,-0.6292309306473612,0.7119928666963887,18.42692909240725,3.0261659658319164,63.215962152773066,30.99734582000002
0.233814194382832,0.1021680261550147,-0.3750466255729414,0.2222920595013618,18.23601112365725,2.988557521308597,65.39613749133562,32.043259939999984
0.6311467893732131,-0.1878395687514796,-0.60335955424451,0.7044785877737822,18.57479693094893,2.94861928655015,63.63319549091134,33.84797450000002
0.6647994988606343,-0.0862027093464752,-0.640067972453269,0.6430649854510184,19.11906776428225,2.8733089733618686,62.28048726827334,30.25221746
0.6013489167090128,-0.1550410843879325,-0.6236252927400469,0.4750082754054949,18.77092323303225,2.9235547705381517,62.60771955682329,33.577950920000035
0.5715885292471024,0.0296446609523931,-0.6007983610366021,0.4482297929191717,18.079354222615564,3.078370231760757,65.82244784811813,31.157992760000013
0.7101576856630389,-0.2337675740471711,-0.6728991076522319,0.7383512544802867,18.17033729553225,3.0582498735863317,64.52942736293296,27.958726039999988
0.1018851064561029,0.0859301496792587,-0.1872795445077071,0.0112359550561797,18.12785682678225,3.042692733145983,65.54639981076248,31.76981834000003
0.112229235580435,0.0247020210744516,-0.1529311665106779,0.0572519083969465,18.12785682678225,3.042692733145983,65.54639981076248,34.8221102
0.5049126228155703,-0.292376065440024,-0.506155231947155,0.3720095693779904,18.77092323303225,2.9235547705381517,62.60771955682329,32.04667796000001
0.3843212741272018,0.019315188762072,-0.4258864429566657,0.5292463442069741,18.57479693094893,2.94861928655015,63.63319549091134,32.99346950000006
0.3177038537302666,0.0516705187019223,-0.4268997063219643,0.2707528957528957,18.42692909240725,3.0261659658319164,63.215962152773066,32.69951978000006
0.6092969620470146,-0.1740811059698269,-0.6246135936381584,0.5192366882117575,18.17033729553225,3.0582498735863317,64.52942736293296,30.030046159999984
0.6416620161331237,-0.0997417074497008,-0.6151619214950286,0.6607287449392713,19.11906776428225,2.8733089733618686,62.28048726827334,31.161410779999983
0.729613127338456,-0.2481762403980868,-0.6489309647909797,0.7431568176004093,18.42692909240725,3.0261659658319164,63.215962152773066,29.951431700000057
0.7083704030132453,-0.2526230437671846,-0.6599395692287804,0.7241155469003571,18.42692909240725,3.0261659658319164,63.215962152773066,29.192631259999985
0.3374128450328454,-0.0144303454929436,-0.3885896042195112,0.2678018575851393,18.42692909240725,3.0261659658319164,63.215962152773066,31.42459832000003
0.4447910815365338,-0.1452841562996657,-0.463855421686747,0.3380105236782761,18.54354693094893,2.984148439590686,62.90115217725584,30.775174520000007
0.6012868371194358,-0.0240835937640588,-0.5889913721694295,0.5718575718575719,18.77092323303225,2.9235547705381517,62.60771955682329,30.740994320000027
0.4321889856881275,-0.0821700232041593,-0.4628422862414558,0.1916299559471365,18.23601112365725,2.988557521308597,65.39613749133562,32.11162034000006
0.5578833165245559,-0.0609562561463573,-0.5748246779325898,0.5958518518518519,18.42692909240725,3.0261659658319164,63.215962152773066,30.72390422000001
0.3625087242849542,0.0417010935601457,-0.437581113201219,0.3419312169312169,18.23601112365725,2.988557521308597,65.39613749133562,31.004181860000017
0.5790806052586159,-0.0850151212666284,-0.6195674623078513,0.6965708347765847,19.11906776428225,2.8733089733618686,62.28048726827334,31.349401880000016
0.0282979359856417,-0.2626166164695516,0.1551732612435487,0.1497005988023952,18.23601112365725,2.988557521308597,65.39613749133562,25.791701360000047
0.331841993031471,-0.0777906567860074,-0.3776937995788142,0.1594125500667556,18.54354693094893,2.984148439590686,62.90115217725584,31.616007440000036
0.3916022728470679,-0.0400397088021178,-0.4415856721633722,0.2365210547028728,18.33977088928225,2.992261602896399,64.03543207444856,29.62330178000002
0.4509305118348031,-0.1476393884892086,-0.5043135521420413,0.529632609278627,18.77092323303225,2.9235547705381517,62.60771955682329,33.42755804000001
0.652228458237042,-0.2139205734141061,-0.6237761897423002,0.4625164401578255,18.178475316365564,3.0367836134203143,64.33165852586,30.71706818000001
0.5192451840191888,-0.0514282008883701,-0.5301267351772687,0.377466581795035,18.42692909240725,3.0261659658319164,63.215962152773066,30.648707779999995
0.4002020077092738,-0.0550119591215481,-0.3946679533112278,0.2146433041301627,18.77092323303225,2.9235547705381517,62.60771955682329,29.431892660000017
0.4578058415502816,-0.1363556460754184,-0.458929002233515,0.527249274427604,18.17033729553225,3.0582498735863317,64.52942736293296,31.991989640000043
0.2348404770057617,0.1449263409655569,-0.414082345921064,0.2026525198938992,18.079354222615564,3.078370231760757,65.82244784811813,33.9846953
0.2148905286077175,0.0384394447103876,-0.2434306230462101,0.0921171851404409,18.33977088928225,2.992261602896399,64.03543207444856,30.09498854000003
0.548835020004707,-0.1081223295657847,-0.5212667591308366,0.5453339230429014,18.77092323303225,2.9235547705381517,62.60771955682329,32.761044140000024
0.751972497745717,-0.2095795180410365,-0.6936990928655098,0.795429815016322,19.11906776428225,2.8733089733618686,62.28048726827334,30.50515094000002
0.2643909282207154,-0.0291684640564337,-0.2899363118097464,0.1945679012345679,18.23601112365725,2.988557521308597,65.39613749133562,31.80741655999998
0.2962006639616377,0.2080649472487042,-0.3818703930642181,0.2055427251732101,18.178475316365564,3.0367836134203143,64.33165852586,32.06035004
0.1946818762290523,-0.0021687982228999,-0.2575396465417,0.1179653679653679,18.178475316365564,3.0367836134203143,64.33165852586,30.7375763
0.6927897987934833,-0.1397942306756822,-0.6690797382129023,0.6490842490842491,19.11906776428225,2.8733089733618686,62.28048726827334,31.937301320000017
0.7892009924004667,-0.2897562186528555,-0.726907387822934,0.8466813617438158,18.33977088928225,2.992261602896399,64.03543207444856,29.879653280000014
0.509392747924858,-0.0195409557421844,-0.5522090338116504,0.3984962406015037,18.54354693094893,2.984148439590686,62.90115217725584,30.46755272000001
0.3249055788556232,0.0735178442128074,-0.4343295859610638,0.1418542225893041,18.12785682678225,3.042692733145983,65.54639981076248,30.65212580000002
0.1939723746227157,0.1729397648682469,-0.3769493908555458,0.1585959518319241,18.42692909240725,3.0261659658319164,63.215962152773066,33.902662820000046
0.3518156532217948,0.0529653425740046,-0.454012464298902,0.3186689227298364,18.079354222615564,3.078370231760757,65.82244784811813,32.268849260000025
0.7081109155437574,-0.2014897352371094,-0.6551820552072193,0.6603034752814488,19.11906776428225,2.8733089733618686,62.28048726827334,30.341085980000003
0.2166305603152198,0.0097989224257093,-0.2745172462874222,0.3405684754521964,18.54354693094893,2.984148439590686,62.90115217725584,31.13064860000003
0.4467660983163066,0.0445788003873965,-0.4965755946682376,0.429451287793953,18.12785682678225,3.042692733145983,65.54639981076248,31.13406662
0.2099612066936942,0.0116591337203236,-0.1770561496451813,0.5524425287356322,18.54354693094893,2.984148439590686,62.90115217725584,29.384040379999988
0.3289466266117924,0.0280557698990982,-0.4134729051380014,0.2603701340140396,18.33977088928225,2.992261602896399,64.03543207444856,32.41924214000005
0.4047325693260646,-0.0230537100432064,-0.4367415284227244,0.3271889400921659,18.079354222615564,3.078370231760757,65.82244784811813,31.171664840000005
0.1420517000291625,0.0628394008750023,-0.2240040391412016,0.1511147811725846,18.12785682678225,3.042692733145983,65.54639981076248,31.5749912
0.4589149593481705,-0.1429159096362824,-0.4805801529429527,0.6544179523141656,18.17033729553225,3.0582498735863317,64.52942736293296,29.951431700000057
0.6342084296846157,-0.0940929285570248,-0.6243131271185623,0.6063829787234043,18.33977088928225,2.992261602896399,64.03543207444856,30.012956060000025
0.7929273813499573,-0.3870895509533844,-0.7431220462498647,0.7541322314049587,18.17033729553225,3.0582498735863317,64.52942736293296,28.42357676000006
0.6040446513490513,-0.1050798358450874,-0.6332730191900914,0.6288274831964152,18.079354222615564,3.078370231760757,65.82244784811813,30.071062400000017
0.0026340095098003,-0.5212539575439875,0.1827915017007753,-0.0716612377850162,18.54354693094893,2.984148439590686,62.90115217725584,24.718443080000043
0.5310957971754298,-0.0921807910747429,-0.5662750217580504,0.4957160342717258,18.34579302469893,2.935192618336431,64.89503711773511,31.58182724000005
0.5467252908308143,-0.0727486420380546,-0.555975341178205,0.2894356005788712,18.23601112365725,2.988557521308597,65.39613749133562,31.83476072000002
0.5667997974911402,-0.1342337450794082,-0.5509647242252974,0.5156794425087108,18.42692909240725,3.0261659658319164,63.215962152773066,31.42118030000006
0.6016400772793616,-0.1222482324844528,-0.6134690894256428,0.6549609810479375,18.42692909240725,3.0261659658319164,63.215962152773066,31.59891734000001
0.2429031372785264,0.2174986725551838,-0.4152572730806461,0.2948188904172398,18.77092323303225,2.9235547705381517,62.60771955682329,36.67809506000003
0.5633617859487854,-0.122249510059289,-0.5745847219442582,0.6630265210608425,18.17033729553225,3.0582498735863317,64.52942736293296,29.52759722000002
0.6952769679300291,-0.1850171186348567,-0.6417486235941838,0.7222790856363016,18.77092323303225,2.9235547705381517,62.60771955682329,29.39429444000001
0.4484262656322768,-0.1701905076533423,-0.4806153846153847,0.4271758436944938,18.33977088928225,2.992261602896399,64.03543207444856,30.204365180000025
0.5032907122095213,0.0550361874647947,-0.5662113711429985,0.3916825224245719,18.57479693094893,2.94861928655015,63.63319549091134,32.17998074000002
0.2066552507656337,-0.0135396785882222,-0.2811391010960963,0.2668161434977578,18.33977088928225,2.992261602896399,64.03543207444856,31.233189200000027
0.6053651324372118,-0.173510401582312,-0.6268079397565586,0.5841766329346826,18.178475316365564,3.0367836134203143,64.33165852586,30.323995879999984
0.7164282302960319,-0.2939551729511588,-0.6914939202146716,0.7222082177968238,18.77092323303225,2.9235547705381517,62.60771955682329,32.76788018000002
0.463645943097998,-0.1065637814898605,-0.4995224979585058,0.611348229977404,18.34579302469893,2.935192618336431,64.89503711773511,29.510507120000057
0.4091482793753137,0.0695804090484652,-0.5160369409974724,0.4364754098360656,18.079354222615564,3.078370231760757,65.82244784811813,31.80741655999998
0.5410561397460206,-0.0217216003250938,-0.5511876301380426,0.6073871409028728,18.77092323303225,2.9235547705381517,62.60771955682329,35.396337560000006
0.3067729083665338,0.0900898416602782,-0.4163540370004721,0.1857858335320772,18.54354693094893,2.984148439590686,62.90115217725584,31.72196606
0.3978690736518867,-0.0402177074244878,-0.4948801385198674,0.3553888130968622,19.11906776428225,2.8733089733618686,62.28048726827334,31.46219654000004
0.5093100012454851,-0.0533658573687041,-0.5635316791523197,0.6108256252141144,18.57479693094893,2.94861928655015,63.63319549091134,30.956329579999988
0.4121332071250322,-0.0096098239224323,-0.4913258026699623,0.1764705882352941,18.34579302469893,2.935192618336431,64.89503711773511,30.935821460000057
0.3637095451767266,-0.0523899913718723,-0.4462397040456578,0.588707090150786,18.23601112365725,2.988557521308597,65.39613749133562,31.790326460000017
0.1458145155384127,0.0579753776247075,-0.2018415810147132,0.3228346456692913,18.079354222615564,3.078370231760757,65.82244784811813,33.04815782000003
0.714794204207072,-0.1968999200135734,-0.6644083792574617,0.7295756808106396,18.17033729553225,3.0582498735863317,64.52942736293296,31.86552290000003
0.6703631302530472,-0.1627974062786118,-0.6276224083144608,0.7689641894493646,18.17033729553225,3.0582498735863317,64.52942736293296,31.041780080000024
0.3750568011152272,0.0583097298922418,-0.4096913516885249,0.2936507936507936,18.23601112365725,2.988557521308597,65.39613749133562,32.08769419999999
0.1473449811579307,0.0294081421212405,-0.2027545092969177,0.0719696969696969,18.178475316365564,3.0367836134203143,64.33165852586,30.177021019999984
0.5548568980528187,-0.1203819880105953,-0.5853429994575133,0.5437100213219617,18.42692909240725,3.0261659658319164,63.215962152773066,32.37480788000005
0.446586175245358,-0.5347966139785748,-0.0856870330136189,0.540625,18.12785682678225,3.042692733145983,65.54639981076248,25.25849024000001
0.2021710732838497,0.119948998880644,-0.2319490276653593,0.101945003353454,18.33977088928225,2.992261602896399,64.03543207444856,33.38995982000006
0.0665541847569101,0.106597111260144,-0.0707946937696569,0.0624881291547958,18.54354693094893,2.984148439590686,62.90115217725584,33.19171466
0.0943456162642946,-0.1354380017421192,-0.1354380017421192,0.0554134697357203,18.17033729553225,3.0582498735863317,64.52942736293296,27.48020324000004
0.2852515147954816,0.0065646081992734,-0.32399650733546,0.1308953341740227,18.54354693094893,2.984148439590686,62.90115217725584,31.188754940000024
0.6837136113296616,-0.2782258788869528,-0.6520013001485885,0.7439273552780931,18.079354222615564,3.078370231760757,65.82244784811813,31.35965594000004
0.453196755422839,-0.0206446716645984,-0.506554845741621,0.4602761135712425,18.54354693094893,2.984148439590686,62.90115217725584,30.67605193999998
0.1027396243225183,0.0230092221067449,-0.1513530693084656,0.0423877602207173,18.079354222615564,3.078370231760757,65.82244784811813,32.30644748000003
0.1668241149880645,0.0727253646762514,-0.1965042759080444,0.1147407104940792,18.54354693094893,2.984148439590686,62.90115217725584,31.011017900000013
0.1218614996364258,0.1533463377742115,-0.2783278327832783,0.0054425665998281,18.079354222615564,3.078370231760757,65.82244784811813,31.991989640000043
0.5695264877099426,-0.0477193384078292,-0.5645099262475108,0.4357798165137614,18.17033729553225,3.0582498735863317,64.52942736293296,30.12575072000004
0.3713554503997732,-0.033607353226746,-0.4069766417312082,0.2575606513791957,18.23601112365725,2.988557521308597,65.39613749133562,31.181918900000028
0.164348208499213,0.2131069327993993,-0.3596821385373236,0.1801007556675063,18.34579302469893,2.935192618336431,64.89503711773511,32.99688752000003
0.5710658235313391,-0.0341625958396686,-0.6126217020632598,0.4792196776929601,19.11906776428225,2.8733089733618686,62.28048726827334,33.174624559999984
0.465154452226113,0.0160521563851677,-0.5180149172747225,0.4087007990529742,18.42692909240725,3.0261659658319164,63.215962152773066,30.245381420000054
0.2286702733777499,0.0093776641091219,-0.3336379033695846,0.3502949852507375,18.23601112365725,2.988557521308597,65.39613749133562,32.921691080000016
0.3804073788661508,-0.0157867839065813,-0.3929438871021934,0.2160210111621799,18.079354222615564,3.078370231760757,65.82244784811813,31.31863970000001
0.2582050195413666,0.0067467102817634,-0.2985615007046703,0.082442748091603,18.178475316365564,3.0367836134203143,64.33165852586,31.27762346000003
0.352316096684876,-0.065420698498795,-0.4019394879751745,0.2164285714285714,18.77092323303225,2.9235547705381517,62.60771955682329,31.034944040000028
0.3906747281697171,-0.0099342863593692,-0.4497799460953227,0.3734196731421523,18.77092323303225,2.9235547705381517,62.60771955682329,33.85481054000002
0.1332612106858474,0.0800658248678755,-0.2166070270157155,0.0671256454388984,18.178475316365564,3.0367836134203143,64.33165852586,29.633555839999985
0.8019193267946859,-0.2996826628604686,-0.7234288864388093,0.8336373586282378,18.42692909240725,3.0261659658319164,63.215962152773066,25.81220947999998
0.5238212345458203,-0.1188096058830288,-0.4879603554041957,0.4629173989455185,18.33977088928225,2.992261602896399,64.03543207444856,30.060808339999998
0.7522798776332768,-0.2582374681172245,-0.7043058894866354,0.6936936936936937,19.11906776428225,2.8733089733618686,62.28048726827334,31.817670620000055
0.54994131723749,-0.0707726975970347,-0.578929389387058,0.6046343229543809,18.079354222615564,3.078370231760757,65.82244784811813,31.711712000000038
0.6885915776747935,-0.2467019333186554,-0.6630840305450157,0.6492109038737446,18.33977088928225,2.992261602896399,64.03543207444856,32.58672511999998
0.5412276462058965,-0.1114131760736666,-0.5496311559058792,0.3290488431876606,18.23601112365725,2.988557521308597,65.39613749133562,30.101824580000027
0.5420974657646995,-0.0482985729967068,-0.5599873126635477,0.5822187254130606,18.17033729553225,3.0582498735863317,64.52942736293296,32.83965860000001
0.261110837594334,0.0695794307656384,-0.3553805218758503,0.2121529596647459,18.42692909240725,3.0261659658319164,63.215962152773066,33.37970575999998
0.4726076677973069,-0.1243035391979911,-0.5021598725046135,0.4600075103266992,18.23601112365725,2.988557521308597,65.39613749133562,29.903579420000028
0.3869595552654677,0.0182258475656384,-0.4946398253698763,0.2927453769559032,18.079354222615564,3.078370231760757,65.82244784811813,32.27226728000005
0.8004197181892159,-0.308046549256332,-0.7350282719055677,0.8102189781021898,18.23601112365725,2.988557521308597,65.39613749133562,29.67457208000002
0.3013163131858761,0.0719282238442821,-0.3951202413971775,0.3838076816800221,18.17033729553225,3.0582498735863317,64.52942736293296,30.9426575
0.4881914260064175,-0.143409343905154,-0.5083966989801435,0.4089759797724399,18.178475316365564,3.0367836134203143,64.33165852586,31.5749912
0.3322266984979608,0.0998958280827327,-0.3497650512100177,0.3180616740088106,18.178475316365564,3.0367836134203143,64.33165852586,30.952911560000015
0.5118839630195822,0.0338992906151878,-0.5765851251589397,0.366296079578701,18.079354222615564,3.078370231760757,65.82244784811813,31.499794759999983
0.1212164762059295,-0.0165052012188715,-0.2169082684673171,0.1340450771055753,18.12785682678225,3.042692733145983,65.54639981076248,32.19365282000001
0.3734818388195232,0.0133418949771689,-0.427162423152339,0.4751266011319631,18.23601112365725,2.988557521308597,65.39613749133562,31.75272824000001
0.2968370634505845,0.0487868788819876,-0.3968631754469725,0.3472222222222222,18.23601112365725,2.988557521308597,65.39613749133562,33.936843020000026
0.1601717674704861,0.1390193646163667,-0.2777366977847614,0.0858666666666666,18.54354693094893,2.984148439590686,62.90115217725584,35.94322076000003
0.2099917418639276,0.0906891834349547,-0.3094023561336447,0.1226730310262529,18.33977088928225,2.992261602896399,64.03543207444856,33.318181400000014
0.4264455053962059,-0.0585497697915688,-0.4519017186350989,0.5778571428571428,18.77092323303225,2.9235547705381517,62.60771955682329,34.88021653999999
0.157584876038464,0.0909744696152464,-0.2749075423063991,0.0670785525154457,18.54354693094893,2.984148439590686,62.90115217725584,31.39383614000002
0.5841519632742642,-0.0987894782325451,-0.5811515319641473,0.6099744245524297,18.079354222615564,3.078370231760757,65.82244784811813,29.39087642000004
0.1820288256791397,0.1777494858485947,-0.3400010639995743,0.1506942092786996,18.57479693094893,2.94861928655015,63.63319549091134,31.616007440000036
0.6892160119945139,-0.1717307805944573,-0.6757117625683453,0.700625,19.11906776428225,2.8733089733618686,62.28048726827334,29.24390156000004
0.1555343563764754,0.0866599642925238,-0.2480370444936582,0.1253502708761442,18.33977088928225,2.992261602896399,64.03543207444856,31.496376740000017
0.5064728308684905,-0.1409370419022597,-0.5330371684132439,0.4521227145955996,18.178475316365564,3.0367836134203143,64.33165852586,31.014435919999983
0.6732611511826891,-0.1316513885508775,-0.6473237130283493,0.6480990274093722,19.11906776428225,2.8733089733618686,62.28048726827334,32.61748729999999
0.2900568563370194,0.0599288813492969,-0.3755802990703282,0.0985754985754985,18.34579302469893,2.935192618336431,64.89503711773511,32.10136627999998
0.4787660841714894,-0.0719563357908028,-0.5012207086955531,0.3932926829268293,18.17033729553225,3.0582498735863317,64.52942736293296,28.83373916000005
0.7236178022482223,-0.1796129842603133,-0.6923004730084841,0.7486631016042781,18.42692909240725,3.0261659658319164,63.215962152773066,28.55004350000001
0.7532460625584063,-0.269000863363157,-0.7156792041813195,0.8219552157291098,18.54354693094893,2.984148439590686,62.90115217725584,30.42653647999998
0.2487778967374616,0.0440296326416508,-0.3091339377381803,0.1265863976570126,18.12785682678225,3.042692733145983,65.54639981076248,31.55448308000001
0.352078354187169,-0.0394719776339871,-0.3830195191164628,0.2784420908780321,18.54354693094893,2.984148439590686,62.90115217725584,30.351340040000025
0.1413401495917108,0.0537409596142768,-0.2129847399223322,0.0685822716183247,18.12785682678225,3.042692733145983,65.54639981076248,30.365012120000017
0.4425880255190061,-0.0987530204419986,-0.4610098735899061,0.2727272727272727,18.54354693094893,2.984148439590686,62.90115217725584,29.88990734000004
0.7636934247504074,-0.2468632832128639,-0.7060291939919612,0.8295199641094662,18.17033729553225,3.0582498735863317,64.52942736293296,28.963623920000032
0.3566424810782724,0.1159944684895631,-0.4742005047653385,0.3610149942329873,18.42692909240725,3.0261659658319164,63.215962152773066,34.19661254000005
0.7281277728482698,-0.2082510468903479,-0.6787002054273032,0.7224301756406565,18.12785682678225,3.042692733145983,65.54639981076248,30.69997808000005
0.7048673012883044,-0.3353004715862687,-0.6790843285683523,0.7105713308244954,18.23601112365725,2.988557521308597,65.39613749133562,30.713650160000043
0.5349302587549283,-0.1242289380578217,-0.5602915224097749,0.4706022375624851,18.17033729553225,3.0582498735863317,64.52942736293296,28.48168310000005
0.6754208044675079,-0.1928135627125424,-0.6532256667070993,0.7585840707964602,18.17033729553225,3.0582498735863317,64.52942736293296,30.091570520000005
0.2673670441074277,0.1120873833676046,-0.3662788647981668,0.1980289497998152,18.23601112365725,2.988557521308597,65.39613749133562,31.827924680000024
0.2795690463940926,0.0554858079822002,-0.3624815514207822,0.323756318169726,18.079354222615564,3.078370231760757,65.82244784811813,34.26155491999998
0.75982325324496,-0.2704493799593284,-0.7005187762857327,0.7865926219754066,18.57479693094893,2.94861928655015,63.63319549091134,27.914291779999985
0.6341557724176026,-0.1559506365797272,-0.6176103380084024,0.6460105305791819,18.57479693094893,2.94861928655015,63.63319549091134,29.81812892000005
0.5250766005482986,-0.1576054691564302,-0.5480058600623655,0.5523465703971119,18.079354222615564,3.078370231760757,65.82244784811813,30.939239480000023
0.5766611288456688,-0.0715979024906446,-0.5856120645917527,0.6328810853950518,18.57479693094893,2.94861928655015,63.63319549091134,32.20048886000001
0.80232605507577,-0.406151425824547,-0.744290797267862,0.8164983164983165,18.33977088928225,2.992261602896399,64.03543207444856,26.236043960000018
0.7437772905650644,-0.2305402067217056,-0.6812533861498697,0.7403508771929824,18.77092323303225,2.9235547705381517,62.60771955682329,28.00316029999999
0.2220994875323686,0.0111213679722187,-0.2767792954708842,0.1767698177193726,18.23601112365725,2.988557521308597,65.39613749133562,30.922149380000008
0.1428753008841825,0.0392285191467763,-0.2737752671701655,0.0624525916561314,18.178475316365564,3.0367836134203143,64.33165852586,30.177021019999984
0.4953200377977819,0.0523522255211584,-0.564475341082932,0.4574589851201831,19.11906776428225,2.8733089733618686,62.28048726827334,32.190234799999985
0.5920793802767866,-0.0966132890484955,-0.5907086764820983,0.657560600230858,19.11906776428225,2.8733089733618686,62.28048726827334,31.61258942000001
0.3438769030848063,0.061484200973517,-0.3897016156124975,0.2720430107526881,18.34579302469893,2.935192618336431,64.89503711773511,33.12335426000004
0.8026978709572565,-0.3108356531330427,-0.7396335247322883,0.8677991137370753,18.42692909240725,3.0261659658319164,63.215962152773066,29.797620800000004
0.5168195283126353,-0.0235747510859955,-0.578132408724514,0.4859948021946289,18.23601112365725,2.988557521308597,65.39613749133562,35.42709974000002
0.7827739635206411,-0.2952224640525208,-0.6987150090314369,0.7983458054352107,18.77092323303225,2.9235547705381517,62.60771955682329,26.581263980000017
0.4164054012106162,0.0065858225202473,-0.4682959792769455,0.2713321055862492,18.57479693094893,2.94861928655015,63.63319549091134,31.157992760000013
0.209124544468245,0.0760865406280955,-0.3167917886075413,0.1517323775388291,18.079354222615564,3.078370231760757,65.82244784811813,32.84649464000006
0.7792697903314002,-0.2954152390275738,-0.7256698718506026,0.7982520029133284,18.57479693094893,2.94861928655015,63.63319549091134,27.466531160000045
0.2539619103247921,0.036944344428245,-0.295809771904187,0.2338776639911431,18.23601112365725,2.988557521308597,65.39613749133562,31.045198099999997
0.2445556158057688,0.0508693138867891,-0.3420814365835869,0.1384863123993558,18.079354222615564,3.078370231760757,65.82244784811813,31.80399854000001
0.2858700239133493,0.0382398197384629,-0.3696723000181049,0.1112732579350602,18.42692909240725,3.0261659658319164,63.215962152773066,30.01637407999999
0.444288794007365,-0.0155058419689882,-0.5206175096485881,0.5887913571910871,18.77092323303225,2.9235547705381517,62.60771955682329,31.65360566000004
0.6688259521025066,-0.1087284053212261,-0.623779226818915,0.6866776315789473,18.23601112365725,2.988557521308597,65.39613749133562,30.55642124000002
0.7009148247059492,-0.1587390065650934,-0.6481703758355266,0.8090159961221522,18.178475316365564,3.0367836134203143,64.33165852586,28.105700899999988
0.2977477787726428,-0.0773629138315512,-0.2719221266656764,0.256291730868002,18.178475316365564,3.0367836134203143,64.33165852586,30.177021019999984
0.3280622311808878,-0.0387773342733899,-0.3890076607874577,0.3532110091743119,18.23601112365725,2.988557521308597,65.39613749133562,30.70339610000002
0.2410588580610818,0.1231802045622297,-0.3418824567254419,0.1906037502575726,18.12785682678225,3.042692733145983,65.54639981076248,32.05351400000001
0.6534516325878285,-0.1338540836388757,-0.6377469274975774,0.6790923824959482,18.57479693094893,2.94861928655015,63.63319549091134,28.93286174000002
0.5736993297159273,-0.1222713718825162,-0.5526210820229671,0.4991909385113268,18.079354222615564,3.078370231760757,65.82244784811813,30.973419680000006
0.5886857190677435,-0.0981503709381191,-0.5930852179750765,0.5353455123113582,18.12785682678225,3.042692733145983,65.54639981076248,30.53933114000006
0.2530896976133494,0.0777903285384669,-0.3591220374285984,0.4493280058118416,18.34579302469893,2.935192618336431,64.89503711773511,29.794202779999974
0.3559948412010044,-0.0625384142593729,-0.3977407894020788,0.4241010156464452,18.23601112365725,2.988557521308597,65.39613749133562,32.135546480000016
0.5227457742841887,0.0523144642438836,-0.5758531039668088,0.4153149754809506,18.12785682678225,3.042692733145983,65.54639981076248,35.49546013999998
0.7707548473264864,-0.267836180175427,-0.7186868596563378,0.8081664098613252,18.57479693094893,2.94861928655015,63.63319549091134,31.86552290000003
0.6707836786561082,-0.164631346983748,-0.6555441241957526,0.6518853695324284,18.34579302469893,2.935192618336431,64.89503711773511,31.875776960000053
0.5326111426281618,-0.1156574065576779,-0.5740855491329481,0.6506386175807664,18.23601112365725,2.988557521308597,65.39613749133562,33.677073500000006
0.3992046558684177,-0.094556367882022,-0.3780978689818469,0.3704427083333333,18.17033729553225,3.0582498735863317,64.52942736293296,29.73951446000001
0.4522197280299799,0.069679826959188,-0.5007620855261267,0.5196998123827392,18.57479693094893,2.94861928655015,63.63319549091134,31.492958720000047
0.1382105663027975,0.0281395348837208,-0.1950243065484701,0.0425574425574425,18.12785682678225,3.042692733145983,65.54639981076248,32.624323340000046
0.6135318958107551,-0.1894762216329763,-0.6186887857912743,0.7796143250688705,18.17033729553225,3.0582498735863317,64.52942736293296,32.01249776000003
0.3479634640178685,-0.00118689559365,-0.3913182014132287,0.1444241316270566,18.42692909240725,3.0261659658319164,63.215962152773066,29.548105340000006
0.525260412829844,0.0236025899185581,-0.5635232284178096,0.5351901766996107,18.17033729553225,3.0582498735863317,64.52942736293296,31.31863970000001
0.3150629933272841,-0.0775881354370912,-0.3263093107441631,0.1797026502908855,18.77092323303225,2.9235547705381517,62.60771955682329,30.31374182000002
0.3450182197954388,0.1455285637532587,-0.4450766237963692,0.3566402814423922,18.23601112365725,2.988557521308597,65.39613749133562,31.762982300000036
0.2497854966123257,0.0026620705124043,-0.2999184502469572,0.4255752985726769,18.33977088928225,2.992261602896399,64.03543207444856,28.97387798
0.402220422166103,-0.1457872605513161,-0.4032501096721281,0.5330739299610895,18.54354693094893,2.984148439590686,62.90115217725584,30.27272558000004
0.5342169509279674,-0.0946064043298236,-0.5544390903566508,0.5374592833876222,18.079354222615564,3.078370231760757,65.82244784811813,30.27614360000001
0.6334254522647537,-0.1606214008676216,-0.6077746696247708,0.4363636363636363,18.77092323303225,2.9235547705381517,62.60771955682329,30.351340040000025
0.6381015161502966,-0.0808072771633914,-0.643332956983177,0.5929311395490554,18.079354222615564,3.078370231760757,65.82244784811813,33.70441765999999
0.6618089151685282,-0.1980652060024543,-0.6319663717679261,0.7757234726688103,18.17033729553225,3.0582498735863317,64.52942736293296,28.09202882
0.3104348893056847,0.006432492059062,-0.3433299791561848,0.2340301974448315,18.42692909240725,3.0261659658319164,63.215962152773066,31.161410779999983
0.2426219322771046,0.050058087664234,-0.2786398037115111,0.0609212481426448,18.23601112365725,2.988557521308597,65.39613749133562,30.96658364000001
0.5025692938057361,-0.1539270271871113,-0.4748845484139601,0.4567674915979224,18.33977088928225,2.992261602896399,64.03543207444856,30.42653647999998
0.3974399523712067,-0.1339306607084896,-0.4441368172117437,0.6757741347905283,18.23601112365725,2.988557521308597,65.39613749133562,30.549585200000024
0.481484988212125,0.1044477131851715,-0.5347117327422171,0.3994357114066909,18.42692909240725,3.0261659658319164,63.215962152773066,30.47438876000001
0.4049242973927346,-0.0106629946859014,-0.4150351134837168,0.5542064180398959,18.17033729553225,3.0582498735863317,64.52942736293296,29.48999900000001
0.2914830790161247,-0.049400473591317,-0.3426284575451227,0.1530776667740896,18.54354693094893,2.984148439590686,62.90115217725584,31.793744479999987
0.4092705928068091,0.0260742928852143,-0.5350741530597294,0.2654590880699563,18.42692909240725,3.0261659658319164,63.215962152773066,30.060808339999998
0.2738224025242281,-0.01919114962064,-0.3175937150317046,0.3036028119507908,18.34579302469893,2.935192618336431,64.89503711773511,31.352819899999982
0.4716688562014085,-0.0534153447717708,-0.51313089561713,0.4276875483372003,19.11906776428225,2.8733089733618686,62.28048726827334,31.93046528000002
0.1714332072313643,0.0934168698904903,-0.2527488584474887,0.067016317016317,18.12785682678225,3.042692733145983,65.54639981076248,31.663859720000005
0.351322640753705,-0.0226143566900806,-0.3793305721954602,0.3333333333333333,18.17033729553225,3.0582498735863317,64.52942736293296,29.28149977999999
0.5073415097598893,-0.0412939602921653,-0.5537172914703723,0.4299065420560747,18.42692909240725,3.0261659658319164,63.215962152773066,32.99346950000006
0.4379569411798634,0.0091810576101429,-0.474682046731736,0.3658109684947491,18.17033729553225,3.0582498735863317,64.52942736293296,31.04861612000002
0.7966324257837174,-0.3288133509542982,-0.7369275269162783,0.8230283044792526,18.17033729553225,3.0582498735863317,64.52942736293296,28.697018360000012
0.5528887831245433,-0.0460340632603406,-0.5905082739229974,0.4477815699658703,19.11906776428225,2.8733089733618686,62.28048726827334,34.39485769999999
0.6864396092620796,-0.2453795237685894,-0.6310925552376038,0.6336825766395033,18.178475316365564,3.0367836134203143,64.33165852586,25.969438400000055
0.3867053634381096,0.0273885167188982,-0.4429202709389021,0.3812220566318927,18.34579302469893,2.935192618336431,64.89503711773511,32.415824120000025
0.4791231381006944,0.0827033099088272,-0.5753317720530836,0.3891213389121339,18.079354222615564,3.078370231760757,65.82244784811813,30.645289760000026
0.1257906087460809,0.0540221570792249,-0.1855866860065654,0.0524806423860051,18.178475316365564,3.0367836134203143,64.33165852586,31.188754940000024
0.6264905745963346,-0.0627604092450625,-0.6221323241550305,0.5422750424448217,19.11906776428225,2.8733089733618686,62.28048726827334,31.369910000000004
0.5745600740256218,-0.0944768811927852,-0.5876552345408919,0.6282958199356913,18.12785682678225,3.042692733145983,65.54639981076248,28.618403900000036
0.4729426323698399,0.0618088867869288,-0.5170473684689689,0.4066478076379066,18.12785682678225,3.042692733145983,65.54639981076248,31.455360499999983
0.7247378950251937,-0.2680667191533771,-0.6904701852590129,0.7028360049321825,19.11906776428225,2.8733089733618686,62.28048726827334,31.07937830000003
0.360483393230915,-0.0158292050011795,-0.4325493196713131,0.2224788298691301,18.12785682678225,3.042692733145983,65.54639981076248,33.59504102000005
0.5234013817464028,-0.0574448777966743,-0.5157508463334166,0.5294535131298793,18.54354693094893,2.984148439590686,62.90115217725584,31.974899540000024
0.7659020847484196,-0.3060562030481962,-0.7154226431566018,0.7991997089850855,18.23601112365725,2.988557521308597,65.39613749133562,28.96704194000006
0.4736093588714302,-0.0296182325223578,-0.5051309685581745,0.3929770992366412,18.079354222615564,3.078370231760757,65.82244784811813,31.90312112000004
0.2996840854418456,0.0557629036927855,-0.3743927668377902,0.2178477690288714,18.42692909240725,3.0261659658319164,63.215962152773066,32.93536316000001
0.5738704307252221,-0.0368722677912168,-0.5911062649631403,0.5680580762250453,18.42692909240725,3.0261659658319164,63.215962152773066,32.11503836000003
0.6900685273609973,-0.2338445606435193,-0.648231317038004,0.5828307910606598,18.77092323303225,2.9235547705381517,62.60771955682329,27.521219480000013
0.6038683695296224,-0.1545969804885388,-0.5810867429992238,0.6051282051282051,18.17033729553225,3.0582498735863317,64.52942736293296,30.99734582000002
0.3842490784540175,-0.0462331326489738,-0.3646565236717538,0.2699159663865546,18.17033729553225,3.0582498735863317,64.52942736293296,29.60621168
0.4770273990466117,-0.0973975294022661,-0.4941736899963357,0.1727748691099476,18.23601112365725,2.988557521308597,65.39613749133562,29.96852180000002
0.2466181665203926,-0.081991362703499,-0.3695475480899484,0.1342865152789459,18.42692909240725,3.0261659658319164,63.215962152773066,30.057390320000025
0.1553609278703892,0.1049742319718637,-0.2326660994432255,0.0726577437858508,18.54354693094893,2.984148439590686,62.90115217725584,33.66681944000004
0.238516765190718,0.0899483106684118,-0.3358516125670817,0.1334760885082084,18.079354222615564,3.078370231760757,65.82244784811813,32.14238252000001
0.3540408529128022,0.0324804324934593,-0.4945333199181674,0.4420446364290856,18.17033729553225,3.0582498735863317,64.52942736293296,31.585245260000026
0.3341252076953709,0.0023720041895139,-0.4598139828407434,0.2650693568726355,18.42692909240725,3.0261659658319164,63.215962152773066,32.40215204000003
0.3223945873754348,-0.0502610966057441,-0.3482971209672593,0.3384192859322551,18.12785682678225,3.042692733145983,65.54639981076248,29.96852180000002
0.4111830360607895,-0.055089048926132,-0.4627619775534012,0.3023132145705929,18.42692909240725,3.0261659658319164,63.215962152773066,30.85378897999999
0.3119532516624617,0.0144714218725576,-0.3333157111011252,0.15,18.54354693094893,2.984148439590686,62.90115217725584,30.47780678000004
0.4618954029831271,-0.0723848721599406,-0.50468372280419,0.1205186880244088,18.12785682678225,3.042692733145983,65.54639981076248,31.68436784000005
0.2391021854695806,0.0751664241943305,-0.3276654993460192,0.0940456316082359,18.33977088928225,2.992261602896399,64.03543207444856,31.01785394000001
0.129592352294873,0.0828047875180703,-0.2157123375166153,0.0514820592823713,18.34579302469893,2.935192618336431,64.89503711773511,33.58820498
0.5929568973348861,-0.164579584837763,-0.5784735748072736,0.4991055456171735,18.54354693094893,2.984148439590686,62.90115217725584,31.06228820000001
0.4935211392181143,-0.0510075468762157,-0.478952035822595,0.416204217536071,18.77092323303225,2.9235547705381517,62.60771955682329,31.39383614000002
0.5304370402423193,-0.0620311927597243,-0.5718869719029714,0.4728682170542636,18.54354693094893,2.984148439590686,62.90115217725584,33.020813660000044
0.6525087735938538,-0.2188610605848607,-0.6184000297254115,0.6279707495429616,18.12785682678225,3.042692733145983,65.54639981076248,28.39623260000002
0.7380493955061231,-0.2012997101997527,-0.6819923009259697,0.7772043010752688,18.42692909240725,3.0261659658319164,63.215962152773066,28.75854272000004
0.3496548402632845,0.0965396188565698,-0.4728773843155289,0.2605566218809981,18.23601112365725,2.988557521308597,65.39613749133562,33.73517984
0.6696035683857064,-0.1457264310574898,-0.6395940585288068,0.7504982064567557,19.11906776428225,2.8733089733618686,62.28048726827334,30.19411112
0.1671618567776831,0.1927787400202924,-0.3534789407660714,0.1136729222520107,18.23601112365725,2.988557521308597,65.39613749133562,30.727322240000035
0.6001443182531218,-0.0129993942222707,-0.6298142600359498,0.5856209150326798,18.42692909240725,3.0261659658319164,63.215962152773066,32.596979180000005
0.3692485304615275,-0.0571041727617246,-0.4391441274546127,0.29024,18.54354693094893,2.984148439590686,62.90115217725584,30.62478164000004
0.6070421149304643,-0.0832343040962177,-0.6241826544565534,0.6179566563467492,19.11906776428225,2.8733089733618686,62.28048726827334,33.85822856000004
0.595518120701646,-0.1384681550261079,-0.5782127815698354,0.6562123039806996,18.33977088928225,2.992261602896399,64.03543207444856,32.64483145999998
0.6069753353526613,-0.1112534112127161,-0.6213294681603466,0.6862745098039216,18.34579302469893,2.935192618336431,64.89503711773511,31.564737140000037
0.3031852745695187,-0.0538397199591091,-0.3224101068999029,0.2657430730478589,18.178475316365564,3.0367836134203143,64.33165852586,29.404548500000036
0.2491332219201316,0.030298922909355,-0.3278271244862786,0.3879873551106428,18.23601112365725,2.988557521308597,65.39613749133562,30.53249510000001
0.3247322819715918,0.2189006843988178,-0.4264004899828684,0.2292490118577075,18.17033729553225,3.0582498735863317,64.52942736293296,31.68436784000005
0.0979687347076774,0.0949534656878205,-0.1330095393740186,0.0515046296296296,18.178475316365564,3.0367836134203143,64.33165852586,31.25369732000001
0.5339502302914797,0.0403254906677683,-0.590245762418108,0.535670356703567,18.17033729553225,3.0582498735863317,64.52942736293296,33.44806616000005
0.5809053341566522,-0.0503348291771596,-0.5918843685131866,0.5899099099099099,18.42692909240725,3.0261659658319164,63.215962152773066,31.592081300000014
0.411243975721401,-0.1241215917760913,-0.4364147612987974,0.3152173913043478,18.77092323303225,2.9235547705381517,62.60771955682329,31.595499320000044
0.3590209226899189,0.0291512076928901,-0.4223698028369004,0.337466307277628,18.42692909240725,3.0261659658319164,63.215962152773066,32.54229085999998
0.3205989177970498,-0.1524062095730919,-0.3615639162100405,0.1169950738916256,18.33977088928225,2.992261602896399,64.03543207444856,30.14967686
0.7681936041486602,-0.2793746335743599,-0.7063441588906845,0.7265625,18.77092323303225,2.9235547705381517,62.60771955682329,26.94015608000001
0.3210416755172267,-0.0597561224976656,-0.3412235602636211,0.4271815141380359,18.54354693094893,2.984148439590686,62.90115217725584,29.763440600000024
0.1120479349454312,0.0148065292812861,-0.2418391244085457,0.0552303385085263,18.54354693094893,2.984148439590686,62.90115217725584,30.453880640000023
0.5404909536500113,-0.1122660620095823,-0.5871351403558396,0.5166061959252023,19.11906776428225,2.8733089733618686,62.28048726827334,34.022293520000005
0.5181415613170488,-0.110563955197074,-0.527140137227431,0.2449047778149014,18.17033729553225,3.0582498735863317,64.52942736293296,31.469032580000032
0.3209158198129931,0.0077707699110097,-0.4404479957502379,0.2021321961620469,18.54354693094893,2.984148439590686,62.90115217725584,30.713650160000043
0.6078552627406211,-0.1568721406487091,-0.6240010250004006,0.6513513513513514,18.42692909240725,3.0261659658319164,63.215962152773066,30.46755272000001
0.3632105184794932,0.0532001209093657,-0.3914334478969396,0.167055167055167,18.178475316365564,3.0367836134203143,64.33165852586,30.63845372000003
0.4466817901884204,0.0271602090617906,-0.5062253461682062,0.4432510885341074,18.17033729553225,3.0582498735863317,64.52942736293296,30.04030022000001
0.5467669273668169,0.0490952613832334,-0.5937429897672171,0.5081639453515495,18.57479693094893,2.94861928655015,63.63319549091134,33.16095247999999
0.3894689060372219,0.0083846256455209,-0.4392454865408684,0.314650262018683,18.079354222615564,3.078370231760757,65.82244784811813,33.09259208000003
0.7126995020148164,-0.1553875191415106,-0.6620305149287502,0.7067288992609879,18.77092323303225,2.9235547705381517,62.60771955682329,29.18921324000001
0.4407107400988055,-0.0291371708434577,-0.4871960273605804,0.0970350404312668,18.42692909240725,3.0261659658319164,63.215962152773066,31.95439141999998
0.1530551919260166,0.1288027438781208,-0.2567470385520403,0.1148648648648648,18.23601112365725,2.988557521308597,65.39613749133562,31.991989640000043
0.8000819589741209,-0.4410839853421808,-0.7494908809450452,0.8201811125485123,18.33977088928225,2.992261602896399,64.03543207444856,25.19012984000005
0.4131470400278857,-0.0401586461623984,-0.4962132570602573,0.5884401114206128,18.17033729553225,3.0582498735863317,64.52942736293296,28.86450134000006
0.6907971678014199,-0.3021378799938559,-0.6655503460593882,0.7049924357034796,18.57479693094893,2.94861928655015,63.63319549091134,30.214619240000047
0.1628329033104473,0.1708218345105009,-0.3565629962183774,0.0882061446977205,18.42692909240725,3.0261659658319164,63.215962152773066,36.14488394
0.804800219857398,-0.4164484839044029,-0.7365544798813004,0.8150152977171099,18.57479693094893,2.94861928655015,63.63319549091134,29.71558832000005
0.8841230303196198,-0.4168444886617037,-0.8122762058555081,0.7417168674698795,18.33977088928225,2.992261602896399,64.03543207444856,29.52759722000002
0.3104604432196579,-0.1021375837143836,-0.4139539493653635,0.3052087817477399,18.42692909240725,3.0261659658319164,63.215962152773066,30.47780678000004
0.6609210336364949,-0.194080039853869,-0.6440814810051516,0.5663883652033396,18.77092323303225,2.9235547705381517,62.60771955682329,30.04030022000001
0.5273340508292162,-0.0351264114315908,-0.5802163887281464,0.4979111279908849,18.77092323303225,2.9235547705381517,62.60771955682329,32.88751088000004
0.207381306985361,0.0203444032627676,-0.2515131832857963,0.075880758807588,18.178475316365564,3.0367836134203143,64.33165852586,31.821088640000028
0.3158653711533615,-0.0538372269034765,-0.3610356886851879,0.4918549658434051,18.17033729553225,3.0582498735863317,64.52942736293296,32.62090532000002
0.2179837525328573,0.0977084308810974,-0.2867930827924149,0.0678976726293518,18.12785682678225,3.042692733145983,65.54639981076248,31.188754940000024
0.3415169357116474,0.1724831135413317,-0.4338693759071118,0.3369763205828779,18.17033729553225,3.0582498735863317,64.52942736293296,32.94561722000003
0.538070123310058,-0.0206729969375619,-0.5560294214348116,0.4077124672407338,18.33977088928225,2.992261602896399,64.03543207444856,31.62626150000005
0.1219744598167158,0.0743501013479665,-0.1678156449025232,0.0253496503496503,18.54354693094893,2.984148439590686,62.90115217725584,30.85037096000002
0.0793300947583063,0.1472452231185661,-0.1087716596072391,-0.0071033938437253,18.23601112365725,2.988557521308597,65.39613749133562,32.54570888000001
0.7096634435494988,-0.1901595744680851,-0.6536032990161998,0.7240046385775029,18.77092323303225,2.9235547705381517,62.60771955682329,30.95974760000001
0.2111923819026167,-0.0068426316688215,-0.2438146038634241,0.0764497041420118,18.12785682678225,3.042692733145983,65.54639981076248,31.011017900000013
0.4789994618246485,-0.0234511196627788,-0.52236289629814,0.5265259555048488,19.11906776428225,2.8733089733618686,62.28048726827334,33.492500420000056
0.4769630742982491,0.0368890890307541,-0.5434485452060145,0.3831891223733004,18.12785682678225,3.042692733145983,65.54639981076248,31.25711534000004
0.1436433502670313,0.0793047399328859,-0.2068695928589225,0.0907775768535262,18.178475316365564,3.0367836134203143,64.33165852586,32.480766500000016
0.3148408087380897,-0.0297920670976759,-0.3543086939869781,0.1771844660194174,18.23601112365725,2.988557521308597,65.39613749133562,32.01249776000003
0.3271768373403937,0.1023806257355966,-0.4547050253637817,0.2776837751457041,18.57479693094893,2.94861928655015,63.63319549091134,34.104326000000015
0.7394376586971882,-0.2789754950099345,-0.6921740444175856,0.6816455696202531,18.23601112365725,2.988557521308597,65.39613749133562,28.922607680000056
0.7405326305470511,-0.2732280191228435,-0.7005357985619499,0.7499326327135543,18.23601112365725,2.988557521308597,65.39613749133562,26.70773072000003
0.7504782146652498,-0.2854366585775996,-0.7042085238460768,0.8293084522502744,18.54354693094893,2.984148439590686,62.90115217725584,30.658961840000018
0.4463431202354894,-0.1835779227196362,-0.4655684043073909,0.4229524520786656,18.77092323303225,2.9235547705381517,62.60771955682329,30.447044600000027
0.7360953733701464,-0.3204583525527421,-0.679058460351148,0.757295719844358,18.77092323303225,2.9235547705381517,62.60771955682329,31.301549600000044
0.3719890721174418,-0.1278682136981557,-0.4910854820708009,0.6571244773238983,18.77092323303225,2.9235547705381517,62.60771955682329,29.49341702000004
0.1278346629813432,-0.043918133188619,-0.121120662739629,0.0496688741721854,18.33977088928225,2.992261602896399,64.03543207444856,31.725384080000023
0.1789754561028175,-0.0055549196388291,-0.2472085584720353,0.284841075794621,18.54354693094893,2.984148439590686,62.90115217725584,31.742474180000045
0.7513786856198611,-0.3328182052330953,-0.6963958578398287,0.8427869584635999,18.178475316365564,3.0367836134203143,64.33165852586,27.17599946000001
0.6152147371444987,-0.105131260518654,-0.628238658473679,0.5975855130784709,18.079354222615564,3.078370231760757,65.82244784811813,31.41092623999998
0.4693097354868431,-0.1106248733154199,-0.4763444426021112,0.5736187445762222,18.079354222615564,3.078370231760757,65.82244784811813,30.077898440000013
0.4912198053899512,-0.0190493106280943,-0.5383635678076164,0.3936675461741424,18.42692909240725,3.0261659658319164,63.215962152773066,29.356696220000003
0.2116258697915806,0.0270101669719412,-0.27380776548884,0.2574257425742574,18.17033729553225,3.0582498735863317,64.52942736293296,31.810834580000005
0.1908421790506709,0.1286579166704828,-0.2571390815989429,0.0845771144278607,18.54354693094893,2.984148439590686,62.90115217725584,30.778592539999977
0.6948785448270397,-0.1806707227319562,-0.6750867972468523,0.722264728385616,19.11906776428225,2.8733089733618686,62.28048726827334,29.37720434000005
0.2055839653106219,0.0900076646342726,-0.2192021611220071,0.1485587583148558,18.23601112365725,2.988557521308597,65.39613749133562,32.74737206000003
0.1774547777822145,0.0352690986422378,-0.2238189609554145,0.0822510822510822,18.33977088928225,2.992261602896399,64.03543207444856,30.69997808000005
0.1310370682787384,0.0692314811958165,-0.1906974908484544,0.1307550644567219,18.178475316365564,3.0367836134203143,64.33165852586,32.316701540000054
0.3086123436869707,-0.0902995420745285,-0.3575561018988336,0.2247946228528752,18.17033729553225,3.0582498735863317,64.52942736293296,27.750226820000023
0.6687888515508412,-0.0658492933698134,-0.6591874639738691,0.7047797563261481,18.079354222615564,3.078370231760757,65.82244784811813,30.47438876000001
0.5458135925837734,0.0440694834441121,-0.5876871178578957,0.5536684782608695,18.34579302469893,2.935192618336431,64.89503711773511,31.46219654000004
0.5331761167504017,-0.0786624923655495,-0.5321392953263112,0.3080335140463282,18.17033729553225,3.0582498735863317,64.52942736293296,31.810834580000005
0.7444731869301191,-0.3795708337162009,-0.7124487480414697,0.8204545454545454,18.12785682678225,3.042692733145983,65.54639981076248,29.920669520000047
0.5524686723064857,-0.1975852903508151,-0.5597689876866079,0.5877970911670806,18.77092323303225,2.9235547705381517,62.60771955682329,31.417762280000037
0.1123257691078404,0.1308404094106889,-0.1968384607313974,0.0925825663237682,18.33977088928225,2.992261602896399,64.03543207444856,29.94801368000003
0.1994210536082092,0.1340960240060014,-0.3364531069085296,0.1861184792219275,18.42692909240725,3.0261659658319164,63.215962152773066,34.72640564000005
0.184852314749801,0.068983908045977,-0.240642410181842,0.1034482758620689,18.33977088928225,2.992261602896399,64.03543207444856,31.578409220000022
0.6564586886609137,-0.182665802339741,-0.6195730629786033,0.6808424463345484,18.77092323303225,2.9235547705381517,62.60771955682329,30.515404999999987
0.3981126936571767,-0.0978374366264514,-0.4668773427913467,0.2780401416765053,18.54354693094893,2.984148439590686,62.90115217725584,31.02810800000003
0.193181647367709,0.0352932597651977,-0.3170181347580098,0.1804840861444635,18.23601112365725,2.988557521308597,65.39613749133562,32.43975025999998
0.1461249776612853,-0.1536847154764047,-0.1869582652148431,0.0553043478260869,18.12785682678225,3.042692733145983,65.54639981076248,29.384040379999988
0.1857824613692409,0.0027899621042581,-0.2476247363410673,0.1202710333145115,18.178475316365564,3.0367836134203143,64.33165852586,28.936279760000048
0.4342303512889116,0.0597897660608672,-0.520685481918962,0.5606233371341696,18.17033729553225,3.0582498735863317,64.52942736293296,33.60529508000002
0.6086796403942665,-0.2133415392659321,-0.6051097677836778,0.5563044088739119,18.42692909240725,3.0261659658319164,63.215962152773066,31.83817873999999
0.6685011203270568,-0.1371049300444045,-0.6434510730153814,0.6602787456445993,18.17033729553225,3.0582498735863317,64.52942736293296,30.32741390000001
0.4666676836709788,-0.0265436646486648,-0.5029858679339669,0.5310077519379846,18.079354222615564,3.078370231760757,65.82244784811813,32.61748729999999
0.0337162579847517,0.0827853997115776,-0.0829312782652809,-0.012186749055956,18.42692909240725,3.0261659658319164,63.215962152773066,35.16049418
0.712152178580801,-0.2296980843262013,-0.6665221766390587,0.7122641509433962,18.77092323303225,2.9235547705381517,62.60771955682329,31.855268840000008
0.3503641700184804,-0.0670904561463792,-0.4469942025609089,0.1678832116788321,18.178475316365564,3.0367836134203143,64.33165852586,28.009996340000043
0.5698065567745081,-0.2503404824031057,-0.5441555583501007,0.5890939135224456,18.23601112365725,2.988557521308597,65.39613749133562,30.645289760000026
0.2115554969874004,0.0090241142056443,-0.2904307413992077,0.1703835860838537,18.12785682678225,3.042692733145983,65.54639981076248,31.694621900000016
0.4632887799742862,-0.0949604519774011,-0.4895867187843119,0.5665713377820146,18.23601112365725,2.988557521308597,65.39613749133562,29.21313938000003
0.5655682082268184,-0.1522478328988868,-0.5119218615340418,0.6851032448377581,18.178475316365564,3.0367836134203143,64.33165852586,28.416740720000007
0.4825764510014487,-0.0718152592445928,-0.5233983307536788,0.2677813825804842,18.12785682678225,3.042692733145983,65.54639981076248,30.542749160000028
0.1707232007174708,0.096379287138105,-0.2170827721951725,0.0944751381215469,18.54354693094893,2.984148439590686,62.90115217725584,34.25471888000004
0.3311615730799778,-0.0730281798674585,-0.3838861834611298,0.3596597812879708,18.33977088928225,2.992261602896399,64.03543207444856,31.093050380000022
0.6587269546494416,-0.1637450826121165,-0.6137380261406534,0.5703812316715543,18.12785682678225,3.042692733145983,65.54639981076248,28.91918966000003
0.7244085640444972,-0.2479950956473871,-0.6953931658069396,0.7319796954314721,18.34579302469893,2.935192618336431,64.89503711773511,28.31761814000004
0.7071362198590214,-0.2430544639378881,-0.666697212396679,0.6430732002419842,18.12785682678225,3.042692733145983,65.54639981076248,30.594019460000027
0.5731764969831973,-0.1551301134926192,-0.5825219241681714,0.4943934760448522,18.54354693094893,2.984148439590686,62.90115217725584,29.954849720000027
0.2225132715157914,-0.0006277156855551512,-0.270247335196109,0.0452012383900928,18.23601112365725,2.988557521308597,65.39613749133562,32.726863940000044
0.2970474698225681,-0.071766458836634,-0.3496802871040022,0.5179407176287052,18.77092323303225,2.9235547705381517,62.60771955682329,30.030046159999984
0.7197845775014917,-0.2073666739138503,-0.6787760368663595,0.7196796338672768,18.77092323303225,2.9235547705381517,62.60771955682329,31.616007440000036
0.2304308035901697,0.0129653202939254,-0.3482248820114629,0.1278145695364238,18.34579302469893,2.935192618336431,64.89503711773511,32.48760254000001
0.3349235302371264,-0.0176489464113808,-0.3900338778752819,0.4173602853745541,18.34579302469893,2.935192618336431,64.89503711773511,30.453880640000023
0.6464938398805524,-0.1316297994406904,-0.6425497813626941,0.5521207764198418,18.57479693094893,2.94861928655015,63.63319549091134,31.202427020000016
0.2268408358827434,-0.0206643010564446,-0.2737891163322241,0.2851749307827838,18.33977088928225,2.992261602896399,64.03543207444856,30.067644380000047
0.4603009942705756,-0.1105433714029105,-0.4520165353518522,0.3678373382624769,18.12785682678225,3.042692733145983,65.54639981076248,31.27762346000003
0.3172838528499808,-0.0541597199879103,-0.3825016782277914,0.3659322944653412,18.23601112365725,2.988557521308597,65.39613749133562,32.873838800000044
0.3879492391797747,-0.1565730073759774,-0.42491566118591,0.5660007833920877,18.23601112365725,2.988557521308597,65.39613749133562,29.404548500000036
0.2211307441987773,0.0289095628899888,-0.30479429797006,0.1628358692133376,18.54354693094893,2.984148439590686,62.90115217725584,30.136004780000007
0.4617491842243081,-0.1548284943627119,-0.4718588378460603,0.5951035781544256,18.12785682678225,3.042692733145983,65.54639981076248,29.94801368000003
0.5201929629496791,-0.084661399187486,-0.5641624150052128,0.2242382745635056,18.57479693094893,2.94861928655015,63.63319549091134,32.95587128
0.4644735354932217,-0.0368672271439196,-0.480060473710734,0.5366453516969996,18.23601112365725,2.988557521308597,65.39613749133562,30.385520240000005
0.4883120713811665,-0.0959417358429094,-0.4575720372643894,0.5105105105105106,18.54354693094893,2.984148439590686,62.90115217725584,29.69166217999998
0.3306595121417034,0.0149914631242432,-0.4011242432977803,0.2821285140562249,18.079354222615564,3.078370231760757,65.82244784811813,30.23512735999998
0.2716510530065451,0.0417252037089069,-0.3304076457967622,0.1384772611139499,18.57479693094893,2.94861928655015,63.63319549091134,31.42801634
0.3858983008299731,0.0523379625904529,-0.4328840008435122,0.527063599458728,18.42692909240725,3.0261659658319164,63.215962152773066,33.59162300000003
0.5152239396982083,-0.0240228616212445,-0.5511784804262221,0.5731599172332249,18.34579302469893,2.935192618336431,64.89503711773511,30.76833848000001
0.2422432484071141,0.0695388138082083,-0.2693858494970502,0.1325301204819277,18.77092323303225,2.9235547705381517,62.60771955682329,30.72390422000001
0.20087678245671,0.1394987544143011,-0.3997784544133773,0.2100770351863418,18.23601112365725,2.988557521308597,65.39613749133562,33.83088440000006
0.191316538510557,0.0937752470576068,-0.2568642039495505,0.0802563320109856,18.17033729553225,3.0582498735863317,64.52942736293296,32.24834113999998
0.4222819278697172,-0.0427369018918314,-0.5193914475132285,0.2928280613842781,18.079354222615564,3.078370231760757,65.82244784811813,32.60723324000003
0.610274592524441,-0.1261973393041176,-0.5927139823768339,0.6498079385403329,18.17033729553225,3.0582498735863317,64.52942736293296,31.875776960000053
0.5044106624642054,-0.1412014257910735,-0.5007620855261267,0.4455205811138014,18.54354693094893,2.984148439590686,62.90115217725584,31.380164060000027
0.2892187877088049,0.10468597830272,-0.3916649651122674,0.1524953789279112,18.17033729553225,3.0582498735863317,64.52942736293296,32.36797184
0.4020625927183684,-0.0413242888054054,-0.4432056518379512,0.1665598975016015,18.33977088928225,2.992261602896399,64.03543207444856,32.58330710000001
0.1244820217411502,0.0712443980600405,-0.1771777613508152,0.0554402608953453,18.33977088928225,2.992261602896399,64.03543207444856,31.773236360000052
0.3651835228474178,0.0008786117933665836,-0.4568986853407485,0.5393794749403341,18.17033729553225,3.0582498735863317,64.52942736293296,29.660900000000023
0.4178914871722082,-0.0281920642272656,-0.5050737138681513,0.3281127642913077,18.079354222615564,3.078370231760757,65.82244784811813,31.91679320000003
0.2582805658825927,0.0267869761374137,-0.3491221460327028,0.3437004125674389,18.23601112365725,2.988557521308597,65.39613749133562,31.742474180000045
0.5966324598983762,-0.1068182446059066,-0.6175508720930232,0.5660522273425499,18.079354222615564,3.078370231760757,65.82244784811813,31.448524460000044
0.7015636207143882,-0.2356541260176364,-0.6599168754110749,0.7133627019089575,18.12785682678225,3.042692733145983,65.54639981076248,32.532036800000014
0.4507037136608369,0.0353431157021998,-0.4997295835586804,0.4954846478025286,18.079354222615564,3.078370231760757,65.82244784811813,31.380164060000027
0.7155547514586819,-0.2391194976772145,-0.6791301807106239,0.7172259507829978,18.33977088928225,2.992261602896399,64.03543207444856,29.462654840000027
0.6768891561435157,-0.2174193630025182,-0.6510897545906984,0.7026745397707538,18.079354222615564,3.078370231760757,65.82244784811813,27.538309580000032
0.3318736110086025,-0.0616212258878436,-0.3550992482332228,0.2046524508446413,18.42692909240725,3.0261659658319164,63.215962152773066,29.763440600000024
0.413720569484037,-0.009118999171,-0.4503899480069324,0.5240875912408759,18.079354222615564,3.078370231760757,65.82244784811813,31.46219654000004
0.2138549508412522,0.0144027148716715,-0.2605129607162994,0.238244514106583,18.12785682678225,3.042692733145983,65.54639981076248,31.492958720000047
0.4332147725164735,0.0236317382871522,-0.5156425915185424,0.4754620777565328,18.42692909240725,3.0261659658319164,63.215962152773066,32.23466905999999
0.5332897337105648,-0.1128859995356396,-0.5571550267835227,0.698873335609423,18.42692909240725,3.0261659658319164,63.215962152773066,31.492958720000047
0.3677680441073823,-0.0278776448399835,-0.4080981793225951,0.4713375796178344,18.34579302469893,2.935192618336431,64.89503711773511,33.73859786000003
0.766994917407878,-0.2236255980641967,-0.7144104653950207,0.8052459016393443,19.11906776428225,2.8733089733618686,62.28048726827334,27.657940280000048
0.5176680638169892,-0.0667328805733766,-0.5181463936430319,0.4070703535176759,18.42692909240725,3.0261659658319164,63.215962152773066,30.922149380000008
0.3840710707091575,-0.0931081604764526,-0.4275998011081119,0.4826900119379228,18.42692909240725,3.0261659658319164,63.215962152773066,31.595499320000044
0.643652629016553,-0.154456080359051,-0.6444782707968644,0.5966029723991507,18.42692909240725,3.0261659658319164,63.215962152773066,30.515404999999987
0.1274533781718127,-0.0154468858417312,-0.1279275146232365,0.1039159921242616,18.178475316365564,3.0367836134203143,64.33165852586,30.710232140000016
0.5340076205425522,0.0891310883944679,-0.6121273397278133,0.455070371706965,18.57479693094893,2.94861928655015,63.63319549091134,32.84991266000003
0.2141009364350555,0.0352120154744748,-0.2578175992404912,0.0903361344537815,18.42692909240725,3.0261659658319164,63.215962152773066,30.88113314000003
0.2002677011166605,0.0988107719126287,-0.3433605977519569,0.0780795344325897,18.17033729553225,3.0582498735863317,64.52942736293296,30.860625020000043
0.3884111867254383,-0.0467299030107235,-0.4222260896469043,0.4665565648224608,18.12785682678225,3.042692733145983,65.54639981076248,31.31863970000001
0.7054456951627625,-0.125188173661709,-0.6392506238303183,0.7108183079056866,18.57479693094893,2.94861928655015,63.63319549091134,30.32057786000001
0.2110381077529566,-0.0410030498136224,-0.3488526156050441,0.0718294051627385,18.178475316365564,3.0367836134203143,64.33165852586,29.729260400000044
0.1417264260421935,0.0359296482412059,-0.2037143544322328,0.0546569994422755,18.33977088928225,2.992261602896399,64.03543207444856,30.747830360000023
0.7059695764426768,-0.1381336995484381,-0.655151987001557,0.7004898530440867,19.11906776428225,2.8733089733618686,62.28048726827334,30.665797880000014
0.1922886760355649,0.1326133408929491,-0.2587153366037502,0.2236792806294492,18.23601112365725,2.988557521308597,65.39613749133562,30.935821460000057
0.2825561246834359,-0.0004901742346596875,-0.345397890699904,0.0439442658092175,18.17033729553225,3.0582498735863317,64.52942736293296,29.57203148000002
0.8023198144148467,-0.3890666518702104,-0.7474270380108115,0.8067153284671533,18.77092323303225,2.9235547705381517,62.60771955682329,29.025148280000053
0.606395584070285,-0.1245719719385562,-0.6021935418783464,0.6128629409928192,18.33977088928225,2.992261602896399,64.03543207444856,29.989029920000007
0.2107840901835957,0.0740397156986517,-0.2890239639569659,0.0877817319098457,18.17033729553225,3.0582498735863317,64.52942736293296,30.597437480000053
0.2405526580656967,-0.0076988349550642,-0.2883138273442821,0.1528451135493748,18.77092323303225,2.9235547705381517,62.60771955682329,31.86210488000006
0.4803876394221977,-0.0903674494023089,-0.5445062533861381,0.305597908952298,18.77092323303225,2.9235547705381517,62.60771955682329,30.80251868000005
0.4095084011662201,-0.0808128452815559,-0.4368101426743057,0.6331845238095238,18.42692909240725,3.0261659658319164,63.215962152773066,29.141360960000043
0.430135396880351,-0.0689307894589604,-0.4459107894612363,0.3376953834969102,18.12785682678225,3.042692733145983,65.54639981076248,29.88648932000001
0.2277924975596151,0.0647067415581138,-0.2705479143179256,0.1515151515151515,18.54354693094893,2.984148439590686,62.90115217725584,32.61748729999999
0.2709760508576752,0.0163871850198544,-0.2959765297569152,0.0402915569953431,18.54354693094893,2.984148439590686,62.90115217725584,32.40557006000006
0.3177363113749882,-0.348848426383697,-0.2719168580719986,0.1704312114989733,18.178475316365564,3.0367836134203143,64.33165852586,29.763440600000024
0.6232272446995211,-0.1245194361384024,-0.5963662231344241,0.5323054331864905,18.34579302469893,2.935192618336431,64.89503711773511,30.238545380000005
0.0599917432588053,0.0907057542907416,-0.1168498168498168,-0.0073647134165866,18.17033729553225,3.0582498735863317,64.52942736293296,35.08529773999999
0.3588594515522326,-0.0495839112343966,-0.4274006683089833,0.3777232279840442,18.079354222615564,3.078370231760757,65.82244784811813,31.205845039999986
0.6785929734853925,-0.2234627806305387,-0.6604907574487433,0.5892298058860364,18.23601112365725,2.988557521308597,65.39613749133562,31.23660722
0.7366885552602087,-0.2078145430888443,-0.6881870481575182,0.686305111197815,18.77092323303225,2.9235547705381517,62.60771955682329,28.73803459999999
0.5922029702970297,-0.1063649044058268,-0.6044562737642585,0.5558996593372562,18.77092323303225,2.9235547705381517,62.60771955682329,30.65212580000002
0.2527925015576605,-0.0607205113306216,-0.3115463878542662,0.1071618037135278,18.178475316365564,3.0367836134203143,64.33165852586,30.03346418000001
0.3685705472585661,0.024143698306871,-0.4139478681166926,0.4682492581602374,18.17033729553225,3.0582498735863317,64.52942736293296,30.221455279999983
0.7210401028793447,-0.2960965993777087,-0.6881827209533266,0.8115990613476366,18.178475316365564,3.0367836134203143,64.33165852586,28.80981301999998
0.6284969426932739,-0.2753879278342862,-0.583740526985415,0.5736185383244207,18.77092323303225,2.9235547705381517,62.60771955682329,29.712170300000025
0.6865253035813352,-0.1236056569389901,-0.6727728485070807,0.7965331059960216,18.34579302469893,2.935192618336431,64.89503711773511,33.06182990000002
0.7283185011709603,-0.2723298024936555,-0.6879654535141169,0.8556701030927835,18.42692909240725,3.0261659658319164,63.215962152773066,30.23512735999998
0.388766982585555,0.2030542531815136,-0.4607867210136033,0.3066147859922179,18.54354693094893,2.984148439590686,62.90115217725584,29.11401680000006
0.2117513936036543,0.0070706553581687,-0.3234214835931339,0.177356385945343,18.77092323303225,2.9235547705381517,62.60771955682329,30.25221746
0.4228244001432494,-0.0703845894793562,-0.4292366572402147,0.3513703443429374,18.33977088928225,2.992261602896399,64.03543207444856,29.33277008000005
0.3733918636995826,-0.0622137436655938,-0.4158685351345903,0.1846938775510204,18.33977088928225,2.992261602896399,64.03543207444856,30.108660620000023
0.1442251391555058,-0.0086965612320236,-0.2347239106788661,0.0903543769068293,18.178475316365564,3.0367836134203143,64.33165852586,29.442146719999982
0.137918912584954,0.0885327451486497,-0.1664864864864863,0.0382513661202185,18.178475316365564,3.0367836134203143,64.33165852586,31.29129554000002
0.4830353001446897,-0.1114627705111109,-0.5151107936260955,0.5168938944872555,18.77092323303225,2.9235547705381517,62.60771955682329,31.75614626000004
0.3147851547836533,0.0808735091256598,-0.4481318651028818,0.4281798245614035,19.11906776428225,2.8733089733618686,62.28048726827334,32.01249776000003
0.1093308711709753,0.183257273958703,-0.152985838172722,0.0145878920495988,18.77092323303225,2.9235547705381517,62.60771955682329,31.01785394000001
0.5266303026091791,-0.0757394928667168,-0.538092654497086,0.3864487572352741,19.11906776428225,2.8733089733618686,62.28048726827334,31.84843280000001
0.7097651959668722,-0.2614726452423015,-0.6529142233998795,0.736328125,18.12785682678225,3.042692733145983,65.54639981076248,27.81858722000004
0.4367858343957015,-0.079785108033762,-0.4729001635611429,0.4117043121149897,18.77092323303225,2.9235547705381517,62.60771955682329,31.120394540000007
0.3459762484325441,-0.0562221797743704,-0.3779526369842326,0.4376484560570071,18.23601112365725,2.988557521308597,65.39613749133562,30.764920459999985
0.1759642466102453,-0.000709057773558552,-0.2230267351338188,0.137027846705266,18.57479693094893,2.94861928655015,63.63319549091134,31.674113780000027
0.7107623546142516,-0.2666380872874409,-0.6356467183342075,0.7857762359063313,18.079354222615564,3.078370231760757,65.82244784811813,28.676510240000027
0.508117319939008,0.0022845275181724,-0.5386046653499775,0.388235294117647,18.77092323303225,2.9235547705381517,62.60771955682329,32.186816780000015
0.2189137865552602,0.0663971026718833,-0.2770681628267877,0.0345717234262125,18.33977088928225,2.992261602896399,64.03543207444856,31.25369732000001
0.5934977391883269,-0.1450859485571141,-0.589778597785978,0.6235294117647059,18.57479693094893,2.94861928655015,63.63319549091134,30.35817608000002
0.582707565047139,-0.0632788357412641,-0.5838034763040075,0.3957471943295924,18.23601112365725,2.988557521308597,65.39613749133562,31.011017900000013
0.217049960986832,-0.0042346444358894,-0.2719737030155781,0.3839184597961494,18.178475316365564,3.0367836134203143,64.33165852586,30.33083192000004
0.5987720127928693,-0.0306948190865965,-0.5831382104786926,0.6081830790568654,18.77092323303225,2.9235547705381517,62.60771955682329,32.97637940000004
0.4783862852272821,0.0739149405816071,-0.5207451740706398,0.4967018469656992,18.17033729553225,3.0582498735863317,64.52942736293296,34.746913759999984
0.0521208079602687,0.0874803083690383,-0.2934424991639969,0.3974025974025974,18.33977088928225,2.992261602896399,64.03543207444856,30.12916874000001
0.6402050113895216,-0.2322087764331988,-0.6113650895140664,0.6163884673748103,18.54354693094893,2.984148439590686,62.90115217725584,31.62284348000003
0.5046750064482847,0.0108989948763597,-0.5589981710525217,0.5839311334289814,18.079354222615564,3.078370231760757,65.82244784811813,32.757626120000054
0.1459898099825003,0.0233730582940702,-0.226312693164964,0.1327384272169548,18.33977088928225,2.992261602896399,64.03543207444856,30.93240344000003
0.6355846352593475,-0.1835392385653662,-0.6034550308419815,0.7736339982653946,18.12785682678225,3.042692733145983,65.54639981076248,29.53443326000001
0.4242060441695962,-0.0928008588867608,-0.5004731746378394,0.4318112166717744,18.54354693094893,2.984148439590686,62.90115217725584,28.379142500000057
0.0103995542534643,0.0801006699328758,-0.0691197614356461,-0.0219435736677116,18.33977088928225,2.992261602896399,64.03543207444856,31.86210488000006
0.5259628061613044,-0.0761678707762318,-0.5735891438173972,0.431937984496124,18.54354693094893,2.984148439590686,62.90115217725584,31.41092623999998
0.3945057506994093,-0.0887661923975366,-0.4199968346917782,0.2757807896287566,18.42692909240725,3.0261659658319164,63.215962152773066,30.55300322000005
0.5449285478123509,-0.2393118945003132,-0.4983076813453042,0.5665671641791045,19.11906776428225,2.8733089733618686,62.28048726827334,29.81129288
0.695501208992562,-0.1678653757491932,-0.6678710463288368,0.7028164454516025,18.54354693094893,2.984148439590686,62.90115217725584,29.25073759999998
0.3751069538706916,0.0334006796921532,-0.4783121232417951,0.3579474342928661,18.17033729553225,3.0582498735863317,64.52942736293296,30.03346418000001
0.2083990408502731,0.0070295026094365,-0.2771378668706263,0.1252364737041241,18.77092323303225,2.9235547705381517,62.60771955682329,30.40602836000005
0.3665043369898503,0.131636666753497,-0.4434369939293169,0.2426778242677824,18.12785682678225,3.042692733145983,65.54639981076248,32.91827306000005
0.4234340566989131,-0.0247876991916703,-0.5186495791889825,0.4169184290030212,18.23601112365725,2.988557521308597,65.39613749133562,32.27910331999999
0.547479621670981,-0.1207324398279324,-0.5699036222399754,0.2455603184323331,18.54354693094893,2.984148439590686,62.90115217725584,30.25221746
0.2263601183701342,0.085431998166586,-0.3342744631844861,0.2489025460930641,18.57479693094893,2.94861928655015,63.63319549091134,33.01397761999999
0.314078417002565,0.0503363169323658,-0.3957684643168515,0.2299222797927461,18.079354222615564,3.078370231760757,65.82244784811813,30.655543820000048
0.3053504972240864,-0.0184125976756177,-0.3483316003402968,0.5245579567779961,18.33977088928225,2.992261602896399,64.03543207444856,28.98413204000002
0.7074563128617184,-0.2010339430540842,-0.6430703348040487,0.6074226804123711,18.178475316365564,3.0367836134203143,64.33165852586,29.773694660000046
0.3021929894411618,-0.0890009123176197,-0.3265948471672399,0.3219936708860759,18.079354222615564,3.078370231760757,65.82244784811813,29.15161502000001
0.6751942910210665,-0.2301882999877959,-0.6735746235130966,0.8085981308411215,18.17033729553225,3.0582498735863317,64.52942736293296,30.303487760000053
0.1634803396599256,-0.0166693835165698,-0.2358013547331265,0.0889487870619946,18.42692909240725,3.0261659658319164,63.215962152773066,31.35965594000004
0.7303218593451011,-0.1987458293612965,-0.6771699489423779,0.681047018904508,18.079354222615564,3.078370231760757,65.82244784811813,28.204823480000016
0.4416904091235604,-0.1048474389663084,-0.4556478229335592,0.3448684522398673,18.77092323303225,2.9235547705381517,62.60771955682329,31.034944040000028
0.548905743458194,-0.0502427566749525,-0.5568616702703252,0.1262994912629949,18.42692909240725,3.0261659658319164,63.215962152773066,31.499794759999983
0.5541825095057034,-0.1139266227207803,-0.5414578474668783,0.4096891626995239,18.42692909240725,3.0261659658319164,63.215962152773066,30.14967686
0.3462503636892639,-0.071652939218042,-0.4679621275962922,0.2325915290739411,18.33977088928225,2.992261602896399,64.03543207444856,29.028566300000023
0.639824256533001,-0.1342809677437644,-0.6279346065897938,0.6390738978750397,18.54354693094893,2.984148439590686,62.90115217725584,30.66921590000004
0.1253636051732625,0.0405021271724822,-0.188449632552754,0.1301093839953943,18.12785682678225,3.042692733145983,65.54639981076248,31.650187640000013
0.264332077677901,0.0281436238937375,-0.3332165725574814,0.1856052344601963,18.54354693094893,2.984148439590686,62.90115217725584,30.956329579999988
0.1553627460663572,-0.0070660847797727,-0.194082589338296,0.2569870483980913,18.12785682678225,3.042692733145983,65.54639981076248,31.011017900000013
0.2955223880597015,-0.0117532782904322,-0.3190967302775822,0.3855799373040752,18.17033729553225,3.0582498735863317,64.52942736293296,31.10672246000001
0.1153333126531624,0.0347715787142367,-0.2071917808219179,0.0586264656616415,18.77092323303225,2.9235547705381517,62.60771955682329,31.27762346000003
0.1893843621249465,-0.0462003696029568,-0.2102092375461553,0.2827094474153298,18.178475316365564,3.0367836134203143,64.33165852586,29.38745840000001
0.1604296212549463,0.0502917356091612,-0.2296980161386941,0.2426141450313339,18.33977088928225,2.992261602896399,64.03543207444856,29.237065519999987
0.1202056995928861,0.0915133479592501,-0.1631563334322159,0.0873015873015873,18.12785682678225,3.042692733145983,65.54639981076248,31.759564280000006
0.2284813397518161,0.0966626244683939,-0.3563583907677513,0.1613640693465422,18.079354222615564,3.078370231760757,65.82244784811813,32.84307662000003
0.1543281345774025,0.003315128305021,-0.2013538178016408,0.1275167785234899,18.178475316365564,3.0367836134203143,64.33165852586,29.295171859999986
0.2841539198319783,0.1104049500557601,-0.4027442502473858,0.2229729729729729,18.23601112365725,2.988557521308597,65.39613749133562,31.448524460000044
0.4269337420377931,-0.1431856573026531,-0.4773221312152036,0.4936026936026936,18.178475316365564,3.0367836134203143,64.33165852586,30.33083192000004
0.1601022676002204,0.087672727033793,-0.2524173762447682,0.0412371134020618,18.12785682678225,3.042692733145983,65.54639981076248,30.69314204
0.7679834937507427,-0.3182550422063276,-0.7116442510824322,0.8251162790697675,18.12785682678225,3.042692733145983,65.54639981076248,26.60860814
0.3182038627221635,0.0254052286892421,-0.4026029216467463,0.1842040716212901,18.77092323303225,2.9235547705381517,62.60771955682329,32.65166750000003
0.3421012366868236,0.0336169071295816,-0.4154336188812415,0.1953806269149187,18.42692909240725,3.0261659658319164,63.215962152773066,33.762523999999985
0.5545961246412073,-0.006170202911677,-0.5839659097353307,0.4271058315334773,19.11906776428225,2.8733089733618686,62.28048726827334,33.22931288000001
0.2428542018363734,-0.0123961952803229,-0.284268926726742,0.2591029023746702,18.23601112365725,2.988557521308597,65.39613749133562,31.47928664000005
0.198880372341291,0.0441715483071574,-0.278038963967871,0.1308470290771175,18.12785682678225,3.042692733145983,65.54639981076248,30.90505928000005
0.4527744748315498,-0.1038548411383829,-0.4195091252359976,0.532258064516129,18.17033729553225,3.0582498735863317,64.52942736293296,29.90699744000005
0.1372403624794144,0.1384583227188702,-0.1875889143001206,0.1045977011494252,18.178475316365564,3.0367836134203143,64.33165852586,31.72196606
0.7131744237996372,-0.2925578321216127,-0.6815766393231182,0.6460878177616375,18.23601112365725,2.988557521308597,65.39613749133562,31.03836206000005
0.1901315026854368,0.2064563500753584,-0.3306787825548491,0.1520428667113195,18.079354222615564,3.078370231760757,65.82244784811813,34.022293520000005
0.1409771123066465,0.0414192838708767,-0.2031826670324905,0.1365600691443388,18.23601112365725,2.988557521308597,65.39613749133562,32.17314470000002
0.5100159009262922,-0.1068409011020184,-0.575937974694659,0.5285864608909154,18.77092323303225,2.9235547705381517,62.60771955682329,33.91291688000001
0.4480711181875476,0.0166630063239459,-0.4900715937502668,0.2775902363022591,18.23601112365725,2.988557521308597,65.39613749133562,32.98663346000001
0.5864371236710432,-0.1641716736254908,-0.6250246787809869,0.5203905801263642,18.23601112365725,2.988557521308597,65.39613749133562,30.433372520000034
0.3729348457388372,0.096725779422868,-0.4545548899828006,0.254246885617214,19.11906776428225,2.8733089733618686,62.28048726827334,34.24446482000002
0.2121411352180582,0.006258421919449,-0.2999945157827937,0.0901821412705464,18.12785682678225,3.042692733145983,65.54639981076248,31.20926306000001
0.4804830282030748,-0.0497200296835998,-0.5198528334445766,0.3341948823985526,18.34579302469893,2.935192618336431,64.89503711773511,32.25517718000003
0.3848645489835957,-0.0435247567105122,-0.4300393962121016,0.4844551765771204,18.42692909240725,3.0261659658319164,63.215962152773066,30.573511339999985
0.3032211832965406,-0.0191895727314633,-0.269017365761426,0.3859154929577464,18.54354693094893,2.984148439590686,62.90115217725584,29.03540234000002
0.4332328984835443,-0.0129999297933585,-0.518837884542847,0.4030584380120153,19.11906776428225,2.8733089733618686,62.28048726827334,33.37628774000001
0.2364549217801866,-0.005128759569968,-0.3038120031204257,0.1569290197971994,18.77092323303225,2.9235547705381517,62.60771955682329,31.52030288000003
0.5972092811853739,-0.0663409675388222,-0.5847303802748622,0.542709232096635,18.079354222615564,3.078370231760757,65.82244784811813,30.911895319999985
0.6367136649493041,-0.1411040592104001,-0.6332549651002167,0.6375617792421746,18.57479693094893,2.94861928655015,63.63319549091134,31.199009000000046
0.2143690386330887,0.0295569203772757,-0.31204300078773,0.1506024096385542,18.33977088928225,2.992261602896399,64.03543207444856,29.73951446000001
0.4420856149264596,0.0431869103167588,-0.4995771687217609,0.2664442326024785,18.77092323303225,2.9235547705381517,62.60771955682329,31.810834580000005
0.5315582774210513,-0.0356477100002867,-0.574756451739506,0.4738480697384807,18.54354693094893,2.984148439590686,62.90115217725584,33.47541032000004
0.5198119435186526,-0.0170671263872427,-0.5577467345473749,0.5548517132162396,18.42692909240725,3.0261659658319164,63.215962152773066,31.469032580000032
0.7652705600014117,-0.35356159471765,-0.7216590654848979,0.8024606971975393,18.42692909240725,3.0261659658319164,63.215962152773066,27.81516920000001
0.6119915530205845,-0.1935295321039249,-0.5723938781403406,0.5384615384615384,18.33977088928225,2.992261602896399,64.03543207444856,28.765378760000036
0.7229493972344785,-0.2173827972137433,-0.6531219555398106,0.8078078078078078,18.42692909240725,3.0261659658319164,63.215962152773066,26.796599239999978
0.3502635088394913,-0.0008140223274696047,-0.4053873503410703,0.3264462809917355,18.57479693094893,2.94861928655015,63.63319549091134,31.35623792000001
0.3603731642432855,-0.0231391707721506,-0.3522422661740201,0.1833872707659115,18.17033729553225,3.0582498735863317,64.52942736293296,32.46025838000003
0.4575112947533317,-0.0612808305230444,-0.4698078001762883,0.6668463611859838,18.54354693094893,2.984148439590686,62.90115217725584,31.171664840000005
0.1885859836306474,0.0910960676682512,-0.2667698119654875,0.1099128992119452,18.33977088928225,2.992261602896399,64.03543207444856,32.37138986000002
0.3838640051675514,0.0802255509191147,-0.4891582605747223,0.4163141993957704,18.42692909240725,3.0261659658319164,63.215962152773066,35.51596826000002
0.5995692650776316,-0.0986063247782551,-0.6098475823001775,0.5511163337250293,18.079354222615564,3.078370231760757,65.82244784811813,31.90312112000004
0.434728991720007,-0.1220893740144822,-0.4646896606850247,0.2034402911015547,18.33977088928225,2.992261602896399,64.03543207444856,30.071062400000017
0.1683155781439346,0.0666743727378466,-0.2584503886691733,0.1106194690265486,18.54354693094893,2.984148439590686,62.90115217725584,28.02025040000001
0.2875296109668438,0.0030507790832534,-0.3930612927944196,0.1389167502507522,18.54354693094893,2.984148439590686,62.90115217725584,30.81277274000001
0.6024069454503188,-0.0808701578322045,-0.585719341709432,0.6122881355932204,18.42692909240725,3.0261659658319164,63.215962152773066,29.469490880000023
0.3450439146800502,0.1401476061683532,-0.4705321444702812,0.2928403755868544,18.17033729553225,3.0582498735863317,64.52942736293296,30.908477300000012
0.4641876566790021,-0.0289129674938833,-0.4686876347090285,0.6778178075141533,18.079354222615564,3.078370231760757,65.82244784811813,31.284459500000025
0.5958226170992128,-0.0382630036407152,-0.6168922440341762,0.6361916771752837,18.57479693094893,2.94861928655015,63.63319549091134,31.725384080000023
0.6271568602139432,-0.0968696338237342,-0.631326465462201,0.6791636625811103,18.54354693094893,2.984148439590686,62.90115217725584,30.81619076000004
-0.3244128891316222,-0.3688170853159233,0.4464581375576142,-0.2543103448275862,18.12785682678225,3.042692733145983,65.54639981076248,24.23308424000004
0.3750931865664085,-0.0935546674864226,-0.4502674212053854,0.2117339529480104,18.33977088928225,2.992261602896399,64.03543207444856,29.88648932000001
0.2120570669489054,0.0538783837327916,-0.2858386801099907,0.2420435510887772,18.178475316365564,3.0367836134203143,64.33165852586,30.190693100000036
0.2045980221871153,0.0366259711431741,-0.2698231602966344,0.0794003331482509,18.42692909240725,3.0261659658319164,63.215962152773066,30.00953804000005
0.3254053854734182,0.1300538512736734,-0.3560703237002944,0.4045217391304347,18.178475316365564,3.0367836134203143,64.33165852586,34.23421076
0.229521463757917,0.0021203835252624,-0.2932152737298877,0.1624825662482566,18.34579302469893,2.935192618336431,64.89503711773511,30.91531334000001
0.6399735691136215,-0.1582393813241678,-0.6286991031530265,0.59983429991715,19.11906776428225,2.8733089733618686,62.28048726827334,30.450462620000053
0.2725901389504457,-0.027698065342568,-0.3210641870076197,0.3056109370549701,18.54354693094893,2.984148439590686,62.90115217725584,30.631617679999977
0.1218291263593928,-0.009726454040111,-0.1437137972390211,0.0555272542027508,18.12785682678225,3.042692733145983,65.54639981076248,30.29323370000003
0.5755957579538366,-0.0128216095985628,-0.6164145098942733,0.4199438202247191,19.11906776428225,2.8733089733618686,62.28048726827334,32.20048886000001
0.3123485853700296,0.021072527809351,-0.3484092848158605,0.3688254665203073,18.54354693094893,2.984148439590686,62.90115217725584,31.39383614000002
0.478700385139143,-0.108504362094557,-0.501187406703759,0.2096143096702068,18.17033729553225,3.0582498735863317,64.52942736293296,31.82450666
0.2788291329817323,-0.2087070511935974,-0.2894417252419679,0.0736040609137055,18.178475316365564,3.0367836134203143,64.33165852586,30.395774300000028
0.7929117164686588,-0.2441119731308897,-0.7197011117186077,0.8279970215934475,19.11906776428225,2.8733089733618686,62.28048726827334,27.26144996000005
0.2478117631859435,-0.0036434959375993,-0.3077482905693587,0.161581321305386,18.77092323303225,2.9235547705381517,62.60771955682329,31.66727774000003
0.7024779406023062,-0.2601387149600231,-0.6678566419746791,0.7679980865821574,18.33977088928225,2.992261602896399,64.03543207444856,29.55494138000006
0.7435717880823687,-0.2418232401555473,-0.6798827733794368,0.7686653771760155,18.12785682678225,3.042692733145983,65.54639981076248,27.54172760000006
0.3629724398955168,-0.0361724792737715,-0.4118166758696854,0.5122110061869098,18.54354693094893,2.984148439590686,62.90115217725584,34.65120920000004
0.4160801846982263,0.0842035464096099,-0.5003436375326086,0.2873144047929148,19.11906776428225,2.8733089733618686,62.28048726827334,32.57305303999999
0.5551998399279675,-0.1365499809382555,-0.5681428427317662,0.4809782608695652,18.34579302469893,2.935192618336431,64.89503711773511,31.04861612000002
0.5739659419821451,-0.2451166437507811,-0.6095715849081548,0.5904271432899122,18.079354222615564,3.078370231760757,65.82244784811813,28.02025040000001
0.3211916332136066,0.0401378862701412,-0.3913137451845448,0.1973051010587103,18.57479693094893,2.94861928655015,63.63319549091134,35.60141876
0.2146756844850066,0.0250020439865914,-0.1534190927555856,0.2414296134208607,18.12785682678225,3.042692733145983,65.54639981076248,31.499794759999983
0.5727437620985565,-0.1350391058994356,-0.5461717702237974,0.5902527075812274,18.17033729553225,3.0582498735863317,64.52942736293296,28.43724884000005
0.6478780512508862,-0.2329192742704498,-0.6298701840798095,0.5934032983508246,18.12785682678225,3.042692733145983,65.54639981076248,30.60769154000002
0.3205341470969517,0.0420642219013578,-0.4341942959668075,0.2524452724732184,18.079354222615564,3.078370231760757,65.82244784811813,32.679011660000015
0.3911350089879844,-0.0333708154707522,-0.4256304184475669,0.3373421527360192,18.12785682678225,3.042692733145983,65.54639981076248,32.38847996000004
0.2084133577006148,0.1772387299949775,-0.3730207271491675,0.2788148148148148,18.42692909240725,3.0261659658319164,63.215962152773066,35.4544439
0.2346169839450705,-0.0004520164040862698,-0.2700393327003932,0.2417623102554609,18.178475316365564,3.0367836134203143,64.33165852586,31.53055694
0.4532633179816066,0.0529657055237667,-0.5375892769045109,0.4591268678581893,18.42692909240725,3.0261659658319164,63.215962152773066,34.51790642000003
0.4163293238838689,-0.1599867002327458,-0.4768147843545147,0.5811138014527845,18.42692909240725,3.0261659658319164,63.215962152773066,30.310323799999992
0.1743048576214406,-0.0099037000223282,-0.2842161181890623,0.1330224294914501,18.178475316365564,3.0367836134203143,64.33165852586,29.148196999999985
0.2452809581884704,0.0445518281612244,-0.3498816101026046,0.2854368932038835,18.178475316365564,3.0367836134203143,64.33165852586,31.369910000000004
0.2171026230345481,0.098665369860053,-0.219647727189641,0.1121951219512195,18.178475316365564,3.0367836134203143,64.33165852586,30.98367374000003
0.4295108150816441,-0.00045782917620473725,-0.5175828635851185,0.3324439701173959,18.079354222615564,3.078370231760757,65.82244784811813,31.45877852000001
0.343222747798479,-0.0787413105462188,-0.3725339763261728,0.0902753572673405,18.12785682678225,3.042692733145983,65.54639981076248,29.192631259999985
0.1098023106546855,0.0759081269667532,-0.2186243720363782,0.0757369614512471,18.42692909240725,3.0261659658319164,63.215962152773066,36.38414534000003
0.6377501466501264,-0.1568343759976634,-0.5680836763067517,0.729497638471447,18.178475316365564,3.0367836134203143,64.33165852586,31.91679320000003
0.8111492689353966,-0.5653709688473686,-0.7473679254721257,0.6815010825114265,18.34579302469893,2.935192618336431,64.89503711773511,30.75808442000005
0.4934948819720074,-0.1503765205638153,-0.5105728435962881,0.5004492362982929,18.42692909240725,3.0261659658319164,63.215962152773066,31.96464548000006
0.5127723717666751,-0.1512410189418681,-0.5478446052010493,0.5301560522986082,18.178475316365564,3.0367836134203143,64.33165852586,29.021730260000027
0.1585954972416877,-0.0286867884564468,-0.1959614925855526,0.0918055881662362,18.178475316365564,3.0367836134203143,64.33165852586,31.267369400000007
0.1753942834327179,0.1039411344326514,-0.2606101227879092,0.0846915947587088,18.178475316365564,3.0367836134203143,64.33165852586,31.595499320000044
0.7384468569592865,-0.213603503772888,-0.6927054104529105,0.7543859649122807,19.11906776428225,2.8733089733618686,62.28048726827334,28.676510240000027
0.7747896485190858,-0.3186332466304091,-0.7095176510034966,0.8371124479407681,18.12785682678225,3.042692733145983,65.54639981076248,28.28343794
0.7539213089667756,-0.2783207383946636,-0.7023059199878134,0.7363289529461636,18.12785682678225,3.042692733145983,65.54639981076248,29.319098000000054
0.498395076114707,-0.1100699267770112,-0.5670555389370825,0.2986003110419907,18.12785682678225,3.042692733145983,65.54639981076248,30.860625020000043
0.4225633460870633,-0.0185156662559408,-0.4895338921693242,0.407563025210084,18.57479693094893,2.94861928655015,63.63319549091134,32.69268374000001
0.3058775997751546,0.0680523257636064,-0.3549680582515422,0.238550922761449,18.12785682678225,3.042692733145983,65.54639981076248,30.091570520000005
0.2508732278611054,-0.0328814490458724,-0.3140918902251001,0.0697263901147396,18.178475316365564,3.0367836134203143,64.33165852586,30.8401169
0.6734563231100505,-0.160310169274949,-0.681529779830999,0.5297273133661153,18.42692909240725,3.0261659658319164,63.215962152773066,27.18625352000004
0.6894909114919868,-0.2210799018271065,-0.6561531988867005,0.6764835164835165,18.178475316365564,3.0367836134203143,64.33165852586,29.031984319999992
0.2666307213036185,0.0365421859691494,-0.367859892473814,0.1690901537183215,18.17033729553225,3.0582498735863317,64.52942736293296,35.08187972000002
0.3667765542977022,-0.078636769384532,-0.4101137043686416,0.4492017416545718,18.33977088928225,2.992261602896399,64.03543207444856,31.188754940000024
0.5711472381806082,-0.1787806841456332,-0.5954597487139173,0.5388046387154326,18.33977088928225,2.992261602896399,64.03543207444856,28.204823480000016
0.1727594452415112,0.0701561469100506,-0.2189283228949198,0.0649253731343283,18.12785682678225,3.042692733145983,65.54639981076248,30.81960878000001
0.4567594281463669,-0.1095313118456487,-0.431409261576971,0.3846153846153846,18.33977088928225,2.992261602896399,64.03543207444856,30.566675300000043
0.3017328917589748,0.104107286413798,-0.426381394266432,0.0940462646947288,18.54354693094893,2.984148439590686,62.90115217725584,32.84991266000003
0.3850528338136409,-0.1183573680160838,-0.4323976347914549,0.5906506632975363,18.42692909240725,3.0261659658319164,63.215962152773066,29.9001614
0.3632466593063541,0.0099151159897143,-0.4755884486055252,0.2550247977029496,18.12785682678225,3.042692733145983,65.54639981076248,30.58718342000003
0.7654820174505214,-0.3104768644597915,-0.711786068009244,0.8342032545287074,18.42692909240725,3.0261659658319164,63.215962152773066,31.97148152
0.2685332612906748,0.036313776178582,-0.41509300879111,0.1568962246253082,18.33977088928225,2.992261602896399,64.03543207444856,32.50469264000003
0.5462467384759484,-0.0983432240894861,-0.5892283096388236,0.5133911731422105,18.23601112365725,2.988557521308597,65.39613749133562,31.366491979999974
0.1760007639751014,0.0612872824038142,-0.2724864494189924,0.1176983435047951,18.54354693094893,2.984148439590686,62.90115217725584,31.827924680000024
0.2205927513978618,0.1050538694218809,-0.3477240011515946,0.1696026218762802,18.42692909240725,3.0261659658319164,63.215962152773066,35.69028728000001
0.3307121358807685,-0.0840388432855839,-0.3674657209761909,0.4906077348066298,18.079354222615564,3.078370231760757,65.82244784811813,31.181918900000028
0.6447041453955644,-0.3086850770223538,-0.6090038957208099,0.8306228904571955,18.178475316365564,3.0367836134203143,64.33165852586,29.448982760000035
0.200504983595826,0.0528218591867978,-0.2237942786326552,0.0671163575042158,18.17033729553225,3.0582498735863317,64.52942736293296,31.093050380000022
0.410450289515831,0.0751435163914147,-0.5244634193027571,0.5979705242812273,19.11906776428225,2.8733089733618686,62.28048726827334,30.00953804000005
0.3427663510031143,0.0382398568694726,-0.3678624632604583,0.4505270316218973,18.42692909240725,3.0261659658319164,63.215962152773066,32.14921856000001
0.8135265403862094,-0.4052493854571407,-0.7459188398372463,0.8578199052132701,18.42692909240725,3.0261659658319164,63.215962152773066,27.34690046000003
0.5012159317715821,-0.057145735296234,-0.5364450796528045,0.5269240226210966,18.17033729553225,3.0582498735863317,64.52942736293296,32.40215204000003
0.6093706712175445,-0.178425660708055,-0.5615913978494624,0.7298340409108452,18.178475316365564,3.0367836134203143,64.33165852586,28.67992826
0.1665395537525355,0.0202390525125046,-0.2295272627762194,0.1297615360792815,18.12785682678225,3.042692733145983,65.54639981076248,31.29471355999999
0.2512710222735287,0.0114748671051727,-0.3253936348408709,0.0640709709216362,18.079354222615564,3.078370231760757,65.82244784811813,32.42949620000002
0.2343457467103221,-0.0150085732005399,-0.2958129570117832,0.256213562442467,18.12785682678225,3.042692733145983,65.54639981076248,29.732678420000013
0.6273284556060905,-0.1141512946353021,-0.6229157422472021,0.6260434056761269,18.42692909240725,3.0261659658319164,63.215962152773066,27.40158878
0.44589361301468,-0.0810016710841235,-0.4528283260390273,0.4107294919103037,18.12785682678225,3.042692733145983,65.54639981076248,30.89138720000005
0.7941740042885167,-0.3911651558699978,-0.7374966864009896,0.7987643424536628,18.33977088928225,2.992261602896399,64.03543207444856,26.287314260000016
0.7148270406469128,-0.225480000837515,-0.6768180298906556,0.7635359116022099,18.42692909240725,3.0261659658319164,63.215962152773066,31.202427020000016
0.256444454843968,-0.088607766019273,-0.2844351244249185,0.2153363877501808,18.23601112365725,2.988557521308597,65.39613749133562,31.335729800000024
0.6503920392246105,-0.1786999209521206,-0.615467174274027,0.6031353135313532,18.57479693094893,2.94861928655015,63.63319549091134,30.35817608000002
0.2381136909182892,9.56247337720954e-05,-0.2486105080330004,0.1540362438220757,18.178475316365564,3.0367836134203143,64.33165852586,30.447044600000027
0.5420798150029782,-0.09376359050187,-0.5627080429977719,0.4606995110943964,18.34579302469893,2.935192618336431,64.89503711773511,30.62478164000004
0.5383625852050095,-0.1360234103304634,-0.5286658830443728,0.6397783251231527,18.079354222615564,3.078370231760757,65.82244784811813,31.80399854000001
0.3938798059816095,0.0147074397670107,-0.4390897050435522,0.3474610155937624,18.54354693094893,2.984148439590686,62.90115217725584,32.92852712000001
0.4560718960829726,-0.0819997194032644,-0.4641808424463345,0.4462540716612377,18.33977088928225,2.992261602896399,64.03543207444856,29.77027664000002
0.2506943949861122,0.0725591368319875,-0.3393585783472523,0.3194614443084455,18.12785682678225,3.042692733145983,65.54639981076248,31.882612999999992
0.177857596084119,0.194197146633283,-0.3977061876462204,0.1189355168884339,18.079354222615564,3.078370231760757,65.82244784811813,34.299153140000044
0.3755210675352138,0.1227323636899156,-0.4903840456140581,0.2876350011020498,18.17033729553225,3.0582498735863317,64.52942736293296,31.28787752000005
0.7272376019465128,-0.1824394847085401,-0.6577333226427198,0.7509433962264151,18.23601112365725,2.988557521308597,65.39613749133562,27.510965420000048
0.7273982950253587,-0.1812566874515736,-0.6517190144042263,0.759075907590759,18.34579302469893,2.935192618336431,64.89503711773511,28.40306864000001
0.7495959612789282,-0.2728749356041091,-0.694923734968929,0.8056810845706908,18.54354693094893,2.984148439590686,62.90115217725584,28.91918966000003
0.1976034435163125,-0.0081419767962266,-0.2814835074667688,0.0524737631184407,18.17033729553225,3.0582498735863317,64.52942736293296,29.10034472000001
0.2897136779693663,-0.1024446114749991,-0.3754956950448359,0.1794534079683898,18.33977088928225,2.992261602896399,64.03543207444856,31.072542259999977
0.4164998959350635,-0.0207493294107467,-0.5668898097970462,0.3316484133670317,18.079354222615564,3.078370231760757,65.82244784811813,29.756604560000028
0.5398735916460565,-0.0217964770668968,-0.5786864000901526,0.444851904090268,18.42692909240725,3.0261659658319164,63.215962152773066,30.84695294000005
0.3990719640675056,-0.0518964553976038,-0.4346430960182199,0.4349122225902617,18.17033729553225,3.0582498735863317,64.52942736293296,30.002702
0.6913303827128352,-0.210650684676223,-0.6394948567044549,0.741123595505618,18.17033729553225,3.0582498735863317,64.52942736293296,29.302007900000035
0.5915883157584887,-0.1446521300574074,-0.6135623568237473,0.4794058068872383,18.57479693094893,2.94861928655015,63.63319549091134,34.00520342000004
0.2445793103448276,0.0369934683926174,-0.2955102353361579,0.0814574898785425,18.54354693094893,2.984148439590686,62.90115217725584,32.54570888000001
0.3715824280813207,-0.0238403971547124,-0.4322808017725028,0.3893530675578897,18.17033729553225,3.0582498735863317,64.52942736293296,31.486122679999998
0.6735402279319845,-0.0808810848945676,-0.6333086558678078,0.6066746126340882,18.12785682678225,3.042692733145983,65.54639981076248,31.25711534000004
0.4242798564463904,0.0663063373870378,-0.4953342746638837,0.4395126196692776,18.079354222615564,3.078370231760757,65.82244784811813,31.76640032
0.3966134203595556,-0.0312144959548507,-0.4165753235723254,0.3421530479896238,18.54354693094893,2.984148439590686,62.90115217725584,31.991989640000043
0.3212743211460337,-0.0791422184967869,-0.3847160476122186,0.2463272975743081,18.12785682678225,3.042692733145983,65.54639981076248,29.920669520000047
0.6743350949641298,-0.1988374042814822,-0.661636194607995,0.5815236125473975,18.12785682678225,3.042692733145983,65.54639981076248,28.61498588000001
0.2346484862273758,-0.0578207972037374,-0.2612058118753957,0.1710205503308951,18.17033729553225,3.0582498735863317,64.52942736293296,31.08963236
0.3777198945395636,-0.0438960051217622,-0.4468811924126474,0.247809152872444,18.17033729553225,3.0582498735863317,64.52942736293296,30.53933114000006
0.5561027710199966,-0.2720188195730025,-0.5423446383062146,0.4112038140643623,18.77092323303225,2.9235547705381517,62.60771955682329,30.433372520000034
0.3644864988336598,0.0063212017340457,-0.4112282007960825,0.3686049413526329,18.23601112365725,2.988557521308597,65.39613749133562,31.879194980000022
0.5231845201727967,-0.0859661260153227,-0.5497747484203137,0.4827052142488384,18.23601112365725,2.988557521308597,65.39613749133562,31.219517119999978
0.3987171648420105,-0.0413821536241592,-0.4532106792916429,0.5228008237716976,18.77092323303225,2.9235547705381517,62.60771955682329,33.50617250000005
0.2823566465227062,-0.009718218171673,-0.3396465035935716,0.1039770004791566,18.12785682678225,3.042692733145983,65.54639981076248,30.83669888000003
0.2332078067856755,-0.0445323641716887,-0.2782667442340533,0.140625,18.17033729553225,3.0582498735863317,64.52942736293296,31.181918900000028
0.645502910559168,-0.1089608977778378,-0.6157645160655609,0.6394066184861164,18.54354693094893,2.984148439590686,62.90115217725584,28.874755400000023
0.5779298093096213,-0.0367422455112126,-0.5933322519393528,0.5123346442617089,19.11906776428225,2.8733089733618686,62.28048726827334,35.85777026000005
0.352984019536438,-0.001185698071814,-0.4028323175607243,0.1512250070402703,18.54354693094893,2.984148439590686,62.90115217725584,32.47393046000002
0.0964087437648539,0.0349264097899785,-0.1533771431394832,0.0633423180592991,18.54354693094893,2.984148439590686,62.90115217725584,32.16289064
0.194869009749916,0.0037949027556168,-0.2335884656461375,0.3513333333333333,18.54354693094893,2.984148439590686,62.90115217725584,30.740994320000027
0.4286664690101021,-0.1251680069253023,-0.4489516028485306,0.4545985401459854,18.079354222615564,3.078370231760757,65.82244784811813,29.435310680000043
0.1391572568043156,0.080253211774128,-0.1596981581004157,0.0512280701754385,18.12785682678225,3.042692733145983,65.54639981076248,33.23956694000003
0.2896591637212957,0.0027251440490365,-0.3090043217387657,0.2213414634146341,18.12785682678225,3.042692733145983,65.54639981076248,30.696560060000024
0.6361894146060055,-0.0862577085361894,-0.6434365854137613,0.6741154562383612,18.34579302469893,2.935192618336431,64.89503711773511,30.887969180000027
0.2941467113053403,-0.061896673446991,-0.3592326825689387,0.1452830188679245,18.17033729553225,3.0582498735863317,64.52942736293296,29.045656399999984
0.7420230678565416,-0.2769729229345057,-0.6719592751954426,0.7476993865030674,18.77092323303225,2.9235547705381517,62.60771955682329,29.486580979999985
0.1731504180802152,0.0855006627459558,-0.2548427539686743,0.3004067402672865,18.17033729553225,3.0582498735863317,64.52942736293296,31.192172959999997
0.265785747994337,0.0653285343767579,-0.3266864988234962,0.1965192168237853,18.34579302469893,2.935192618336431,64.89503711773511,33.54377072
0.5796265148574634,-0.0707461674286983,-0.574547111573481,0.4740508533611982,18.17033729553225,3.0582498735863317,64.52942736293296,32.53545482000004
0.2137167994134702,0.0375009910409893,-0.3178748995853144,0.14733395696913,18.23601112365725,2.988557521308597,65.39613749133562,34.54866860000004
0.5586960383727128,0.0256527001965595,-0.6010912508325807,0.5454191033138401,18.57479693094893,2.94861928655015,63.63319549091134,31.913375180000003
0.6106591597681131,-0.1225392391593508,-0.6325079794951155,0.6033376123234917,18.079354222615564,3.078370231760757,65.82244784811813,31.62284348000003
0.3210749914653114,-0.0718544906171377,-0.3184618733496748,0.305995650823237,18.54354693094893,2.984148439590686,62.90115217725584,31.082796320000057
0.5833584720270981,-0.1077169836350261,-0.5686351526743629,0.6167621776504298,18.23601112365725,2.988557521308597,65.39613749133562,29.384040379999988
0.3946782696008702,-0.0270443468134007,-0.4448133283635134,0.2667478684531059,18.57479693094893,2.94861928655015,63.63319549091134,32.16630866000003
0.2898210861738375,0.1533822876959155,-0.4362759404617441,0.2481051035876705,18.42692909240725,3.0261659658319164,63.215962152773066,33.75226994000002
0.5531332997640276,-0.0156965294592412,-0.5805994594214404,0.5831052014078999,18.42692909240725,3.0261659658319164,63.215962152773066,29.53443326000001
0.5889284694353009,-0.2059159042686683,-0.6065927552640977,0.5600802982506452,19.11906776428225,2.8733089733618686,62.28048726827334,31.43485238000005
0.1970112726194008,0.0239470262752093,-0.2539110675199317,0.0946527350952673,18.12785682678225,3.042692733145983,65.54639981076248,31.26053336000001
0.2626862185034564,0.083739135794859,-0.3378484800756023,0.1797090051120723,18.34579302469893,2.935192618336431,64.89503711773511,32.09453024000004
0.749727741590811,-0.2341069992246433,-0.6851666782106212,0.7607090103397341,18.23601112365725,2.988557521308597,65.39613749133562,28.799558960000013
0.7872027596346878,-0.3027384272935874,-0.7225547995603316,0.8309561542525092,18.178475316365564,3.0367836134203143,64.33165852586,28.35863438000001
0.2566534658949292,0.0251099736278138,-0.2556015966020323,0.2610396869759642,18.33977088928225,2.992261602896399,64.03543207444856,32.01933380000003
0.52712773885825,-0.1088578482767951,-0.5809127030050535,0.70801317233809,18.42692909240725,3.0261659658319164,63.215962152773066,29.531015239999988
0.7251604457938657,-0.2984974547046911,-0.6620076016324244,0.7590534241663679,18.17033729553225,3.0582498735863317,64.52942736293296,29.941177639999975
0.4373683618180942,-0.1842549724799809,-0.4587820638339533,0.1895838403504502,18.42692909240725,3.0261659658319164,63.215962152773066,28.874755400000023
0.2594928951389514,-0.0442670930327092,-0.3170248216345539,0.073440643863179,18.34579302469893,2.935192618336431,64.89503711773511,30.44362658
0.4795637709885006,0.0008431951790463299,-0.5038294624552935,0.4798967170785688,18.57479693094893,2.94861928655015,63.63319549091134,32.21074292000003
0.1093384211363125,0.0017366250271347,-0.1729311104412549,0.2889358703312191,18.77092323303225,2.9235547705381517,62.60771955682329,30.498314900000025
0.2097211208035951,-0.0976165492429918,-0.250397035468502,0.1038251366120218,18.77092323303225,2.9235547705381517,62.60771955682329,29.53785128000004
0.3431568048471832,0.0097958837498586,-0.3414592110302565,0.1376746952126077,18.33977088928225,2.992261602896399,64.03543207444856,32.303029460000005
0.7701439985555004,-0.2984510241518381,-0.716614573757431,0.8600212089077413,18.23601112365725,2.988557521308597,65.39613749133562,29.54126930000001
0.1686142425075611,0.1378730381426483,-0.2918529400590163,0.1737113402061855,18.23601112365725,2.988557521308597,65.39613749133562,32.65850354000003
0.367099451720987,-0.0599957193360543,-0.4400794128263747,0.5894612662209988,18.12785682678225,3.042692733145983,65.54639981076248,33.56769686000001
0.1748094759851124,0.0146482257994587,-0.2156928672953187,0.0625,18.12785682678225,3.042692733145983,65.54639981076248,31.161410779999983
0.6960203734552018,-0.2953644678030682,-0.6672296573187356,0.5990865262623699,18.42692909240725,3.0261659658319164,63.215962152773066,27.579325820000008
0.3670472108772429,-0.0635121633866957,-0.4021719152064699,0.3370892018779343,18.42692909240725,3.0261659658319164,63.215962152773066,33.297673280000026
0.4741451618174092,-0.0389307292506351,-0.5346442584654466,0.3325272067714631,18.17033729553225,3.0582498735863317,64.52942736293296,29.19604928000001
0.292152338360531,-0.03853930167531,-0.3493516494435612,0.2741502683363148,18.079354222615564,3.078370231760757,65.82244784811813,32.54570888000001
0.4126834749631294,-0.0236795098193883,-0.4882179294629448,0.3230616302186879,18.77092323303225,2.9235547705381517,62.60771955682329,32.70293780000003
0.2964786320193966,-0.0041198073261827,-0.4197225777032494,0.2935805991440799,18.178475316365564,3.0367836134203143,64.33165852586,33.13360832000001
0.3631356887500402,-0.0497935088611362,-0.4194586980581547,0.2612752721617418,18.17033729553225,3.0582498735863317,64.52942736293296,28.40648666000004
0.5905524505588995,-0.4208833413346134,-0.4588246891673752,0.7687655638562789,18.33977088928225,2.992261602896399,64.03543207444856,28.86450134000006
0.3204658319052326,0.0143788164553415,-0.3576407644622785,0.2496062992125984,18.33977088928225,2.992261602896399,64.03543207444856,30.337667960000037
0.5386352445795202,0.0184086957934586,-0.5772243107769424,0.5412724306688418,18.77092323303225,2.9235547705381517,62.60771955682329,32.19707084000004
0.3616063195426323,-0.0590379879987567,-0.402505916527493,0.4667176740627391,18.23601112365725,2.988557521308597,65.39613749133562,34.27180898000006
0.4911108451209981,0.0398951844698926,-0.5444607317624581,0.4495268138801261,19.11906776428225,2.8733089733618686,62.28048726827334,32.35088173999998
0.4046051882387774,-0.4388502636367877,-0.203755392032479,0.3132780082987552,18.12785682678225,3.042692733145983,65.54639981076248,27.31613828000002
0.5968977729346864,-0.0050095637125422,-0.6119934000206251,0.5987800745509997,18.23601112365725,2.988557521308597,65.39613749133562,31.759564280000006
0.4810847058438692,-0.0850822903498313,-0.5090487934942007,0.1375787872201695,18.178475316365564,3.0367836134203143,64.33165852586,28.929443719999995
0.6044382628913062,-0.1664239415044935,-0.6066395044277221,0.5424545791620319,18.178475316365564,3.0367836134203143,64.33165852586,27.869857519999982
0.6622617393720479,-0.2313987666416921,-0.655179282868526,0.6809009854528391,18.079354222615564,3.078370231760757,65.82244784811813,29.83180100000004
0.6102411933356056,-0.1209837255394578,-0.6107740596263576,0.4909359970403256,18.54354693094893,2.984148439590686,62.90115217725584,29.18921324000001
0.3238757393250649,-0.0183905177791639,-0.2902668296589806,0.0983493810178817,18.178475316365564,3.0367836134203143,64.33165852586,29.284917800000017
0.3282289189505283,-0.0699158397186283,-0.4188905547226387,0.3239848086473853,18.178475316365564,3.0367836134203143,64.33165852586,29.031984319999992
0.5508364984994266,0.00011536323688261632,-0.5790912027030385,0.5367070563079116,19.11906776428225,2.8733089733618686,62.28048726827334,33.21564080000002
0.6762979088330365,-0.3039640795381655,-0.6039428974194431,0.7215189873417721,18.178475316365564,3.0367836134203143,64.33165852586,28.139881100000025
0.4976198660458527,-0.097024263696017,-0.4943666070760405,0.2150659133709981,18.77092323303225,2.9235547705381517,62.60771955682329,30.26588953999999
0.4461332416977258,-0.1566721871806617,-0.477640830804966,0.4045020463847203,18.33977088928225,2.992261602896399,64.03543207444856,28.218495560000008
0.6065038249651649,-0.1560200802146139,-0.5424662874559212,0.2407672487832808,18.178475316365564,3.0367836134203143,64.33165852586,32.091112220000014
0.4345626690068994,0.0912772304076652,-0.5111799234879857,0.5523956723338486,18.079354222615564,3.078370231760757,65.82244784811813,31.12723058000006
0.240693135823307,0.0996341483069286,-0.3730176773107384,0.180327868852459,18.77092323303225,2.9235547705381517,62.60771955682329,35.823590060000015
0.2138485539421577,-0.0260355029585798,-0.2589980292500778,0.1438427043808209,18.42692909240725,3.0261659658319164,63.215962152773066,31.60917140000004
0.2504348438435265,-0.0133713796547295,-0.2886669763121225,0.2253680634201585,18.42692909240725,3.0261659658319164,63.215962152773066,31.322057720000032
0.3787483750081702,0.0081606637200505,-0.4439221770942665,0.2772675086107922,18.17033729553225,3.0582498735863317,64.52942736293296,29.961685760000023
0.6376461546906734,-0.154364060827282,-0.6484293699982503,0.6399162595952547,18.079354222615564,3.078370231760757,65.82244784811813,31.014435919999983
0.5546124143092861,-0.1603290885314169,-0.55156402529604,0.6986657988935894,18.079354222615564,3.078370231760757,65.82244784811813,30.18385706000004
0.5999656966439882,-0.1402901149050607,-0.584684497631137,0.7554585152838428,18.17033729553225,3.0582498735863317,64.52942736293296,32.54912690000003
0.6165556108774642,-0.2067757471273458,-0.5713285417138619,0.6661828737300436,18.178475316365564,3.0367836134203143,64.33165852586,27.93479990000003
0.3114385065885797,-0.0721718898456611,-0.3468221672978788,0.4612743227775658,18.42692909240725,3.0261659658319164,63.215962152773066,31.790326460000017
0.506677865059368,-0.0136497595780983,-0.5717365722090036,0.5309882747068677,18.23601112365725,2.988557521308597,65.39613749133562,33.65314736000005
0.6426650966539104,-0.1267533586409283,-0.6013545184093976,0.7187237615449202,18.079354222615564,3.078370231760757,65.82244784811813,30.05055428000003
0.1048151988886497,0.0041708919359817,-0.1523085556859344,0.0780287474332648,18.33977088928225,2.992261602896399,64.03543207444856,31.39041812000005
0.6615251140790671,-0.182928277860927,-0.6627457528071129,0.6148432501599488,19.11906776428225,2.8733089733618686,62.28048726827334,33.36603367999999
0.2800168425677592,-0.0084083304488288,-0.3498788528182405,0.39375,18.33977088928225,2.992261602896399,64.03543207444856,30.25221746
0.3272236395610929,-0.0088014082253162,-0.3526531024385319,0.1296849087893864,18.33977088928225,2.992261602896399,64.03543207444856,31.74589220000001
0.3160915943677997,0.1425394377891116,-0.2780994475138122,0.2447916666666666,18.12785682678225,3.042692733145983,65.54639981076248,33.83088440000006
0.4950520490596073,-0.0581618168914124,-0.5483150734721428,0.3811787072243346,18.17033729553225,3.0582498735863317,64.52942736293296,30.12916874000001
0.5518097545469386,-0.002931737165321,-0.5846053970593396,0.5481396240889912,18.77092323303225,2.9235547705381517,62.60771955682329,31.46219654000004
0.7102496964177293,-0.2047260406712153,-0.6818173337065027,0.7154236060825488,18.34579302469893,2.935192618336431,64.89503711773511,27.169163420000014
0.2104996958929544,0.0628116542583248,-0.2858415565514849,0.3104080696928015,18.57479693094893,2.94861928655015,63.63319549091134,29.910415460000024
0.2359492195418609,0.0631716428660603,-0.3310183448059435,0.0707322132337689,18.57479693094893,2.94861928655015,63.63319549091134,32.579889080000044
0.3778850102669405,0.0138220403124471,-0.421884601529888,0.2520267888614734,18.77092323303225,2.9235547705381517,62.60771955682329,32.477348480000046
0.069071271030104,0.1979199867270352,-0.1268509317532173,-0.0072210575355229,18.54354693094893,2.984148439590686,62.90115217725584,31.270787420000037
0.5460360827170379,-0.0632147045294044,-0.5568457802064359,0.4368023046453007,18.178475316365564,3.0367836134203143,64.33165852586,31.26053336000001
0.4877612145832617,-0.0213837072576975,-0.5188205110181704,0.3999394489857705,18.23601112365725,2.988557521308597,65.39613749133562,31.11014048000004
0.6265210852198371,-0.275901694603622,-0.5971805322464635,0.2850307587149692,18.77092323303225,2.9235547705381517,62.60771955682329,30.658961840000018
0.1202581094829379,-0.0047691547605844,-0.1566595090244327,0.2405307599517491,18.12785682678225,3.042692733145983,65.54639981076248,30.874297100000035
0.2265707597039723,0.0078948172128393,-0.2750269845942499,0.2978316326530612,18.178475316365564,3.0367836134203143,64.33165852586,30.730740260000005
0.3779624543421016,0.0043882978723403,-0.4352958525345622,0.3690003057169061,19.11906776428225,2.8733089733618686,62.28048726827334,33.742015880000054
0.4622652772329574,-0.0362970483718906,-0.5059147953313955,0.5886979318380425,18.42692909240725,3.0261659658319164,63.215962152773066,31.08963236
0.2590351702200311,0.0634296765683626,-0.3756062440684622,0.2181290466622014,18.33977088928225,2.992261602896399,64.03543207444856,32.35088173999998
0.4777420899895754,-0.0781208246829328,-0.4981718986546317,0.5453976205385097,18.33977088928225,2.992261602896399,64.03543207444856,32.679011660000015
0.8052624723199165,-0.3341596221533647,-0.7284859067099027,0.8375333530981323,18.42692909240725,3.0261659658319164,63.215962152773066,30.82302679999998
0.7409725790629234,-0.2614245984960879,-0.6901657558785514,0.7737056428155905,18.54354693094893,2.984148439590686,62.90115217725584,31.011017900000013
0.5109885750555379,-0.1088823546537016,-0.5119782466308078,0.3745829542007886,18.42692909240725,3.0261659658319164,63.215962152773066,29.025148280000053
0.6783027538550567,-0.2317329852414887,-0.637976428767203,0.5153374233128835,18.34579302469893,2.935192618336431,64.89503711773511,28.915771640000003
0.4228915100937106,0.0642809401463076,-0.4967338211350216,0.389010989010989,18.57479693094893,2.94861928655015,63.63319549091134,31.841596760000016
0.3930828449959785,0.0359852787496023,-0.5062206052001067,0.3333333333333333,18.079354222615564,3.078370231760757,65.82244784811813,31.072542259999977
0.2682974787061946,-0.0069468590121126,-0.3316629599391908,0.1786974655117099,18.33977088928225,2.992261602896399,64.03543207444856,31.345983860000047
0.6375183275399088,-0.109048206146688,-0.6183095495876851,0.5347769028871391,18.57479693094893,2.94861928655015,63.63319549091134,30.805936700000014
0.5568979792094694,-0.0787634123021354,-0.5383473340554626,0.4594427244582043,19.11906776428225,2.8733089733618686,62.28048726827334,31.711712000000038
0.2915378237331122,-0.0777182672114868,-0.3775659900325657,0.1099476439790576,18.42692909240725,3.0261659658319164,63.215962152773066,29.09692670000004
0.1668810641057022,0.0501316352875838,-0.2719572634530994,0.2062105773896166,18.079354222615564,3.078370231760757,65.82244784811813,32.778134239999986
0.7070482813962821,-0.2302324348551078,-0.6552994196414098,0.776660492193702,18.079354222615564,3.078370231760757,65.82244784811813,31.14773869999999
0.1555281973578295,0.0657764778843724,-0.2578656550245351,0.0591441809757427,18.178475316365564,3.0367836134203143,64.33165852586,30.29323370000003
0.5330716135986999,-0.1358461776871818,-0.5396112394771285,0.3813490997043805,18.77092323303225,2.9235547705381517,62.60771955682329,30.074480419999983
0.372976236684349,0.0167826898012885,-0.4446642827322065,0.3863089095287237,18.23601112365725,2.988557521308597,65.39613749133562,31.00076383999999
0.3467020588432112,-0.3910739383885164,-0.1644197573723698,0.4155844155844156,18.17033729553225,3.0582498735863317,64.52942736293296,24.253592360000027
0.2712503626341747,-0.1407214577910003,-0.1351491377396195,0.4502564102564103,18.23601112365725,2.988557521308597,65.39613749133562,28.126209020000037
0.3752596822814911,0.0076482933270394,-0.4648587570621469,0.3966017405719022,18.77092323303225,2.9235547705381517,62.60771955682329,30.67605193999998
0.3695985523679712,-0.0541171150802622,-0.407250007545803,0.4323561346362649,18.17033729553225,3.0582498735863317,64.52942736293296,29.442146719999982
0.1936670608330048,-0.0059376340811892,-0.278553271587021,0.2797074954296161,18.17033729553225,3.0582498735863317,64.52942736293296,30.52565906000001
0.1550865203619568,-0.0145345169879223,-0.2237777920164029,0.1298349347129835,18.77092323303225,2.9235547705381517,62.60771955682329,30.911895319999985
0.1477061217811048,0.1428658715883617,-0.2869027756276839,0.1187662727818946,18.77092323303225,2.9235547705381517,62.60771955682329,35.068207640000026
0.6581475747099621,-0.2267089272965487,-0.6168426277311879,0.7376294591484465,18.54354693094893,2.984148439590686,62.90115217725584,31.21268108000004
-0.1016327047209219,-0.3407631280695131,0.2402055234425179,-0.4246575342465753,18.079354222615564,3.078370231760757,65.82244784811813,24.868835960000013
0.1616933111023931,0.1846229966655911,-0.3717491223625637,0.1084563129538533,18.17033729553225,3.0582498735863317,64.52942736293296,36.32945702000001
0.5044562766133739,-0.0068422143893842,-0.5362340165683259,0.4929819535949584,18.12785682678225,3.042692733145983,65.54639981076248,32.074022119999995
0.4865062116838041,0.0109795246702096,-0.5551747249111317,0.4859559045605557,18.17033729553225,3.0582498735863317,64.52942736293296,30.221455279999983
0.5866941669791702,-0.171123566526386,-0.5795859494315291,0.6804026423403586,18.34579302469893,2.935192618336431,64.89503711773511,31.13406662
0.409108555554597,-0.0807945792858845,-0.5434203314875362,0.399314807765512,18.23601112365725,2.988557521308597,65.39613749133562,29.712170300000025
0.3975145716485209,0.0184098996338618,-0.4853193279930182,0.2940870018233915,18.23601112365725,2.988557521308597,65.39613749133562,31.448524460000044
0.1862750354229693,0.0334968237922299,-0.2425970941940038,0.4814108674928503,18.079354222615564,3.078370231760757,65.82244784811813,31.61258942000001
0.766795394280223,-0.2738073853575919,-0.7058515253829567,0.7505315379163714,18.079354222615564,3.078370231760757,65.82244784811813,29.794202779999974
0.5379516304441644,-0.0416705640258161,-0.5925353258198002,0.4906444906444906,18.079354222615564,3.078370231760757,65.82244784811813,31.70145794000001
0.7401458898956527,-0.1920051984135876,-0.6721569120512982,0.8212962962962963,18.42692909240725,3.0261659658319164,63.215962152773066,27.71946464000001
0.5398905671504867,-0.0451945048285678,-0.5565804181328917,0.6800264988406757,18.17033729553225,3.0582498735863317,64.52942736293296,30.52224104000004
0.6883911644107402,-0.173616431806898,-0.6656111903684887,0.7911975435005117,19.11906776428225,2.8733089733618686,62.28048726827334,31.725384080000023
0.2975111494748955,-0.0277330674453386,-0.3538865694047004,0.3594989561586639,18.54354693094893,2.984148439590686,62.90115217725584,31.240025240000023
0.5974351649049296,-0.2087875133912057,-0.6092350984906625,0.5655806182121972,18.23601112365725,2.988557521308597,65.39613749133562,29.353278199999977
0.4071794393540214,0.0492677829760198,-0.4883564177386872,0.3744602097470697,18.079354222615564,3.078370231760757,65.82244784811813,32.83282256000001
0.4115841545592645,-0.0109859453548253,-0.4696416695054097,0.4670487106017192,18.77092323303225,2.9235547705381517,62.60771955682329,33.62238518000004
0.5613515981735161,-0.0811043239620088,-0.5509130328292678,0.6249033255993813,18.17033729553225,3.0582498735863317,64.52942736293296,30.166766960000015
0.563532411108932,-0.0755684235650612,-0.5919301452235953,0.5580274378939563,18.77092323303225,2.9235547705381517,62.60771955682329,31.03836206000005
0.3561092048336567,0.0215109707745026,-0.4443345927050598,0.3715114171801377,18.77092323303225,2.9235547705381517,62.60771955682329,30.782010560000003
0.5392175010517459,0.0191099195710456,-0.5722499634732237,0.4827586206896552,19.11906776428225,2.8733089733618686,62.28048726827334,34.740077720000045
0.2929132017011822,0.0061787339212492,-0.3442383814133003,0.2438954323470267,18.34579302469893,2.935192618336431,64.89503711773511,33.65314736000005
0.7261957664502563,-0.2961359419251929,-0.6472462119253245,0.7574906367041199,18.17033729553225,3.0582498735863317,64.52942736293296,27.534891560000005
0.4785417751258125,-0.080420416026532,-0.5132040930639234,0.4938448325221872,19.11906776428225,2.8733089733618686,62.28048726827334,32.72002789999999
0.2281695841343722,0.0338833305475297,-0.2779532533164877,0.1549677856900644,18.12785682678225,3.042692733145983,65.54639981076248,29.97193981999999
0.40799149682985,-0.0244323546603119,-0.428578594269233,0.3624678663239074,18.178475316365564,3.0367836134203143,64.33165852586,30.799100660000025
0.7594240508978277,-0.3060245455957745,-0.717821296629287,0.8275290215588723,18.42692909240725,3.0261659658319164,63.215962152773066,28.72094450000003
0.4838276687602049,-0.0972903302271144,-0.509440883662635,0.2311977715877437,18.178475316365564,3.0367836134203143,64.33165852586,30.39919232
0.5586073206059484,-0.1596321354778593,-0.5456459991576037,0.7610544217687075,18.33977088928225,2.992261602896399,64.03543207444856,28.635493999999994
0.2510618150422637,0.0010396570799535,-0.2781789080561978,0.1079380445304937,18.079354222615564,3.078370231760757,65.82244784811813,31.093050380000022
0.4110345347041765,-0.0035355375088388,-0.5051904226257432,0.342204223315013,18.079354222615564,3.078370231760757,65.82244784811813,29.961685760000023
0.1765419584715566,0.0348542019691709,-0.277549863251284,0.1310513447432763,18.42692909240725,3.0261659658319164,63.215962152773066,32.91485504000002
0.8151091171774011,-0.3884184556325158,-0.758718502873422,0.8051363516018004,18.34579302469893,2.935192618336431,64.89503711773511,28.420158740000037
0.3796312318548,-0.0123374928577978,-0.3610644815584069,0.2049792531120332,18.178475316365564,3.0367836134203143,64.33165852586,29.944595660000005
0.30364072905184,0.1231737229391063,-0.4219758861510081,0.3807133421400264,18.079354222615564,3.078370231760757,65.82244784811813,31.732220120000022
0.309165380324311,-0.0462162294200986,-0.3201513411880745,0.5866579463701765,18.54354693094893,2.984148439590686,62.90115217725584,29.95826774
0.5254774349375975,-0.044025959529922,-0.5466177431673765,0.5503585905830994,18.54354693094893,2.984148439590686,62.90115217725584,33.68732756000003
0.3817726074940549,0.1135273767848822,-0.4926855008366371,0.2356418918918918,18.23601112365725,2.988557521308597,65.39613749133562,35.55356648000003
0.5799070915013781,-0.1912939210057773,-0.577565632458234,0.5362095531587057,18.77092323303225,2.9235547705381517,62.60771955682329,31.827924680000024
0.7174370184435597,-0.181080308659617,-0.6813129587137302,0.8340425531914893,18.42692909240725,3.0261659658319164,63.215962152773066,27.394752740000055
0.1441677588466579,-0.0562539128722065,-0.2099889602488377,0.1584008097165992,18.33977088928225,2.992261602896399,64.03543207444856,29.667736040000023
0.4111033648967055,-0.1502665218360873,-0.438472126015419,0.146807440925088,18.12785682678225,3.042692733145983,65.54639981076248,30.53249510000001
0.4147041014691353,0.0833070906791254,-0.5109726937771765,0.4189978481401783,18.77092323303225,2.9235547705381517,62.60771955682329,35.97398294000004
0.3400656215822094,-0.0286273961102561,-0.422798529127153,0.4661508704061896,18.12785682678225,3.042692733145983,65.54639981076248,31.35965594000004
0.4237577338179397,0.0024057037047837,-0.5053020636247634,0.4115068493150685,18.079354222615564,3.078370231760757,65.82244784811813,32.55596294000003
0.6925206859141474,-0.2058304396479125,-0.6461926135916214,0.7468536497662711,18.12785682678225,3.042692733145983,65.54639981076248,27.47678522000001
0.3236462594175996,-0.0440912433664375,-0.3032964488330936,0.4048991354466859,18.33977088928225,2.992261602896399,64.03543207444856,29.85230912000003
0.3566677872477869,-0.0405415653422448,-0.4443228070175438,0.3373584905660377,18.42692909240725,3.0261659658319164,63.215962152773066,30.1052426
0.7910299990099336,-0.3438989661363213,-0.7682420214065785,0.7628128724672228,18.34579302469893,2.935192618336431,64.89503711773511,26.00020058000001
0.7470561699877113,-0.2237730997210599,-0.7036222431210752,0.7955696202531646,19.11906776428225,2.8733089733618686,62.28048726827334,28.84057519999999
0.5671286362221157,-0.1034311140603985,-0.582361187815965,0.5987862440997977,18.54354693094893,2.984148439590686,62.90115217725584,31.045198099999997
0.7452793392222095,-0.2159207161125319,-0.6848960063791615,0.8146431881371641,19.11906776428225,2.8733089733618686,62.28048726827334,29.60279366000003
0.3762298162737396,0.1230464347434067,-0.342598317636063,0.5657075051913378,18.079354222615564,3.078370231760757,65.82244784811813,31.940719339999987
0.5872691427704845,-0.1013560500695409,-0.5840522204894354,0.5374793095294396,18.23601112365725,2.988557521308597,65.39613749133562,30.25905350000005
0.6233705409413783,-0.2827558557308292,-0.5842617456055154,0.460183227625088,18.23601112365725,2.988557521308597,65.39613749133562,30.62136362000001
0.154075686302043,0.0171016832600831,-0.2211542926127131,0.0316690442225392,18.12785682678225,3.042692733145983,65.54639981076248,30.69997808000005
0.2933191118006401,-0.0718992767211359,-0.3455850826824941,0.1452618453865336,18.34579302469893,2.935192618336431,64.89503711773511,31.12723058000006
0.1393741460325923,0.0588073359137133,-0.2069815224068177,0.1797410510281797,18.33977088928225,2.992261602896399,64.03543207444856,30.81277274000001
0.1373979278959429,0.0930032043445248,-0.2051056262770478,0.0670653566851772,18.12785682678225,3.042692733145983,65.54639981076248,30.077898440000013
0.5828502603828191,-0.0569644789297968,-0.6097002167744664,0.592212389380531,18.42692909240725,3.0261659658319164,63.215962152773066,32.484184519999985
0.332156408094435,-0.0352114118008395,-0.3756155960057682,0.3224043715846995,18.42692909240725,3.0261659658319164,63.215962152773066,29.89332536000001
0.5345355213703302,-0.144776759721754,-0.5483530033468381,0.3543522960932145,18.33977088928225,2.992261602896399,64.03543207444856,29.75318654
0.2057713279087323,0.0366166975715466,-0.2365794907088782,0.0793541738234283,18.77092323303225,2.9235547705381517,62.60771955682329,32.337209659999985
0.692923458608726,-0.1858635366954727,-0.6558542503981194,0.735062893081761,18.17033729553225,3.0582498735863317,64.52942736293296,28.139881100000025
0.7975131772368816,-0.346347101405195,-0.7310161975300918,0.8358092259577795,18.42692909240725,3.0261659658319164,63.215962152773066,29.223393439999995
0.1117725185220745,0.0623498609948986,-0.196960996003124,0.0280834291345048,18.17033729553225,3.0582498735863317,64.52942736293296,32.074022119999995
0.4363058090255802,-0.0283288881241217,-0.4725101434039127,0.3401626996083157,18.54354693094893,2.984148439590686,62.90115217725584,32.92852712000001
0.6203528670447385,-0.0913051075939886,-0.6225028532192665,0.6280160857908847,18.77092323303225,2.9235547705381517,62.60771955682329,30.628199660000007
0.4132289227954036,-0.1897690329742526,-0.4065672121488066,0.6,18.77092323303225,2.9235547705381517,62.60771955682329,27.716046620000043
0.6825579892422872,-0.1849263753422162,-0.6195033255179673,0.7056986729117877,18.77092323303225,2.9235547705381517,62.60771955682329,29.01489422000003
0.5180631128752317,-0.0299510091323747,-0.5563013348949652,0.4113737075332349,18.17033729553225,3.0582498735863317,64.52942736293296,31.492958720000047
0.5977732431847889,-0.164586460496645,-0.6356722725478682,0.7510010921004733,18.178475316365564,3.0367836134203143,64.33165852586,30.00953804000005
0.7526937902343327,-0.2559729855744098,-0.6917850583790882,0.8191489361702128,18.42692909240725,3.0261659658319164,63.215962152773066,28.98071402000005
0.4626007749802582,-0.1171928151104315,-0.4890717023464524,0.2213691618682021,18.12785682678225,3.042692733145983,65.54639981076248,31.014435919999983
0.3820544426140748,-0.1117165202564957,-0.41193362363187,0.1884476534296029,18.178475316365564,3.0367836134203143,64.33165852586,32.39531599999998
0.4577669329765043,-0.0402853451665449,-0.4568839382640298,0.6128654970760234,18.34579302469893,2.935192618336431,64.89503711773511,35.44077182000001
0.6822412101467913,-0.2122543400215542,-0.6658334355220586,0.698389458272328,18.12785682678225,3.042692733145983,65.54639981076248,30.573511339999985
0.5020552799433026,-0.0181428045284952,-0.5618531376916023,0.5912856704510586,18.34579302469893,2.935192618336431,64.89503711773511,33.70783568000002
0.6176849235767301,-0.1181877362829003,-0.6012486636732948,0.6692357096981374,18.33977088928225,2.992261602896399,64.03543207444856,31.175082860000032
0.40605455812393,-0.0405475091516791,-0.4516613228410798,0.3894200127469726,18.54354693094893,2.984148439590686,62.90115217725584,31.74589220000001
0.1248978305612179,-0.0178386855330221,-0.1320100288378638,0.0668276972624798,18.178475316365564,3.0367836134203143,64.33165852586,30.87087908000001
0.7005209003767302,-0.1950307562417079,-0.6691655856736132,0.7520661157024794,18.54354693094893,2.984148439590686,62.90115217725584,29.13110690000002
0.5019318747481452,-0.0397098880903153,-0.5623592458040867,0.4589648269945667,18.54354693094893,2.984148439590686,62.90115217725584,31.298131580000017
0.3043392153367795,-0.0189762274981241,-0.3695297310223644,0.3725888324873096,18.178475316365564,3.0367836134203143,64.33165852586,29.95826774
0.7391254267966596,-0.2444703485873412,-0.6961444332998998,0.7472924187725631,18.42692909240725,3.0261659658319164,63.215962152773066,29.404548500000036
0.5787892495327182,-0.1052213346398122,-0.548692274203811,0.2541541814219559,18.77092323303225,2.9235547705381517,62.60771955682329,29.626719800000046
0.5519706163014712,-0.2347868439147376,-0.5483928913584978,0.5352345038887579,18.17033729553225,3.0582498735863317,64.52942736293296,29.729260400000044
0.0780968070918649,0.0604462752001913,-0.130918704288521,0.0490883590462833,18.17033729553225,3.0582498735863317,64.52942736293296,31.889449040000045
0.178547291492457,0.0221635081449942,-0.2467252347773402,0.1265884652981427,18.23601112365725,2.988557521308597,65.39613749133562,32.58672511999998
0.7748332183114792,-0.3233074453195751,-0.7080968110448896,0.7233404710920771,18.77092323303225,2.9235547705381517,62.60771955682329,28.57396964000003
0.2301029939162661,0.0241472769923286,-0.3418732632267203,0.1414192249622546,18.17033729553225,3.0582498735863317,64.52942736293296,31.99540766000001
0.5527420106882822,-0.1705760677058688,-0.6120497854237068,0.4617169373549884,18.77092323303225,2.9235547705381517,62.60771955682329,26.776091120000046
0.1599457673353737,0.02777040590657,-0.2389458805574102,0.0861895161290322,18.33977088928225,2.992261602896399,64.03543207444856,31.913375180000003
0.6584448127066472,-0.1456333230102198,-0.6346921705096034,0.7019464720194647,19.11906776428225,2.8733089733618686,62.28048726827334,29.989029920000007
0.2115931136529112,-0.1140902636424008,-0.2750900653166654,0.3464608834486429,18.33977088928225,2.992261602896399,64.03543207444856,32.19365282000001
0.2105215419501133,0.1358714600205201,-0.2889704462043656,0.1935683364254792,18.079354222615564,3.078370231760757,65.82244784811813,31.349401880000016
0.8153491864831038,-0.3916901419261739,-0.7316243887530565,0.803671787186212,18.42692909240725,3.0261659658319164,63.215962152773066,27.67844839999998
0.3793901905856826,-0.0120887019644882,-0.4194639539436959,0.4890885750962773,18.54354693094893,2.984148439590686,62.90115217725584,30.805936700000014
0.6634788765636063,-0.1516224959968628,-0.6176189776733256,0.6619394403986202,19.11906776428225,2.8733089733618686,62.28048726827334,31.38358208
0.7460620254599026,-0.2870697156381608,-0.6967110817457695,0.8484848484848485,18.17033729553225,3.0582498735863317,64.52942736293296,27.12472916000001
0.312455551744045,0.0339395357716918,-0.436751815792125,0.2524736674114267,18.34579302469893,2.935192618336431,64.89503711773511,34.51107037999998
0.101365651697023,0.1388780683715776,-0.2897433810027769,0.0629370629370629,18.17033729553225,3.0582498735863317,64.52942736293296,32.95587128
0.4221743170414421,-0.0423095362622036,-0.4569616108077646,0.3255095738109944,19.11906776428225,2.8733089733618686,62.28048726827334,31.879194980000022
0.4607069765654275,-0.0507087615506361,-0.514655773637541,0.4502396391316605,18.23601112365725,2.988557521308597,65.39613749133562,32.2073249
0.570941091954023,0.0395978260017096,-0.5821038216066767,0.7147487844408428,18.42692909240725,3.0261659658319164,63.215962152773066,28.372306460000004
0.3922183257253688,-0.0713068909894019,-0.3829791374747003,0.3501519756838905,18.17033729553225,3.0582498735863317,64.52942736293296,29.230229480000048
0.6215293460204697,-0.1461175108350421,-0.6062453554150173,0.6479068477959523,18.57479693094893,2.94861928655015,63.63319549091134,32.53545482000004
0.6269783159673331,-0.0949234345782584,-0.657790530846485,0.6,18.17033729553225,3.0582498735863317,64.52942736293296,29.237065519999987
0.4408374472134658,-0.0914923718809417,-0.5382583406357552,0.4814660558100791,18.079354222615564,3.078370231760757,65.82244784811813,31.68436784000005
0.1601903107927204,-0.005779077699974,-0.2286486072263304,0.1888726207906295,18.17033729553225,3.0582498735863317,64.52942736293296,31.202427020000016
0.5623622741295724,-0.1309932516316071,-0.5459070009954021,0.5796344647519582,18.12785682678225,3.042692733145983,65.54639981076248,30.091570520000005
0.7883440566712159,-0.376137727545509,-0.7266267177009473,0.8590785907859079,18.54354693094893,2.984148439590686,62.90115217725584,27.367408580000017
0.1171827048707118,0.0736119649677998,-0.2645169278177491,0.1150196713723675,18.33977088928225,2.992261602896399,64.03543207444856,30.54616718
0.3223155499612704,-0.0621873739165942,-0.4481122384736204,0.3988203266787659,18.178475316365564,3.0367836134203143,64.33165852586,31.448524460000044
0.4251367725353405,0.0463770109972188,-0.49455525606469,0.3234581201185025,18.33977088928225,2.992261602896399,64.03543207444856,32.80889642
0.5123823567680096,-0.0628054169926141,-0.5574595423484048,0.5321241930525669,18.17033729553225,3.0582498735863317,64.52942736293296,30.87087908000001
0.183633387888707,0.0936537326466092,-0.232447171097478,0.1809235427706283,18.178475316365564,3.0367836134203143,64.33165852586,32.56963502000002
0.5392859314070331,-0.1482268492724705,-0.5583417593528817,0.4071702944942381,18.54354693094893,2.984148439590686,62.90115217725584,33.724925780000035
0.3698208647464399,-0.0092698096187627,-0.3742040789941498,0.6044978673904614,18.079354222615564,3.078370231760757,65.82244784811813,31.192172959999997
0.3030128681887708,0.1543736624015301,-0.4008614511907186,0.3100820633059788,18.42692909240725,3.0261659658319164,63.215962152773066,34.68197138000005
0.7166894152604815,-0.1993451504424032,-0.6832536848525764,0.8346486283352124,18.57479693094893,2.94861928655015,63.63319549091134,30.26247152000002
0.2461777607427281,0.082517460591191,-0.2604973238420366,0.1790490341753343,18.54354693094893,2.984148439590686,62.90115217725584,29.766858619999997
0.6601922428038726,-0.220278408404398,-0.6907650692113171,0.7462537462537463,18.77092323303225,2.9235547705381517,62.60771955682329,30.33083192000004
0.5989192929276289,-0.0638430805149537,-0.5934329338368083,0.5260854930999663,18.17033729553225,3.0582498735863317,64.52942736293296,30.15651290000005
0.2034633643314349,0.035622026844938,-0.2593154267160508,0.1982082866741321,18.17033729553225,3.0582498735863317,64.52942736293296,29.418220580000025
0.7122357107312728,-0.2455886314655174,-0.6699322799097066,0.652636671504596,18.57479693094893,2.94861928655015,63.63319549091134,29.19946730000004
0.7757016180638083,-0.3020082044132237,-0.7095181518151815,0.7926033357505439,18.178475316365564,3.0367836134203143,64.33165852586,31.157992760000013
0.7209063038091639,-0.4003554158194215,-0.6752452984464433,0.8054375531011045,18.17033729553225,3.0582498735863317,64.52942736293296,29.88990734000004
0.7046881875275012,-0.2225545251773278,-0.6558711532483681,0.7199646643109541,18.77092323303225,2.9235547705381517,62.60771955682329,27.750226820000023
0.5105868391690475,-0.0324386513208645,-0.5552737124492019,0.4422046440418474,18.12785682678225,3.042692733145983,65.54639981076248,32.13212845999999
0.2612531621751582,-0.0250454522284335,-0.2760732303201445,0.1732946298984035,18.33977088928225,2.992261602896399,64.03543207444856,30.25905350000005
-0.2399883642005242,-0.1924539783964696,0.4396225066132843,-0.5428571428571428,18.42692909240725,3.0261659658319164,63.215962152773066,24.106617500000027
0.4955625155907869,-0.2801882853129864,-0.486678459054515,0.4418853776111409,18.12785682678225,3.042692733145983,65.54639981076248,35.69712332000006
0.4287989035131921,0.002167762278121,-0.4685214725197323,0.2561297623538287,18.42692909240725,3.0261659658319164,63.215962152773066,30.829862840000036
0.7009909733124019,-0.2623894852454838,-0.6596437204330241,0.7172093023255814,18.57479693094893,2.94861928655015,63.63319549091134,29.339606119999985
0.1204040563469201,-0.0036548725743168,-0.2722645398333184,0.0439581351094196,18.178475316365564,3.0367836134203143,64.33165852586,30.286397660000038
0.7894620527081531,-0.220525059665871,-0.710955177362411,0.7945439045183291,19.11906776428225,2.8733089733618686,62.28048726827334,27.77415296000004
0.6148709556024261,-0.1248613126226849,-0.6040614432380274,0.6339563862928349,18.77092323303225,2.9235547705381517,62.60771955682329,32.610651260000054
0.2980714616520591,0.0145217893179601,-0.3480892615683391,0.1872113676731794,18.178475316365564,3.0367836134203143,64.33165852586,32.03300588000002
0.6726246472248354,-0.3150982011417902,-0.6484450245285567,0.7308828355759763,18.12785682678225,3.042692733145983,65.54639981076248,30.41970044000004
0.5732662943701344,-0.1589214863960644,-0.5749285997874002,0.5408388520971302,18.079354222615564,3.078370231760757,65.82244784811813,32.135546480000016
0.5115887315316036,-0.1694853263137289,-0.5508904722542918,0.5052457205963556,18.34579302469893,2.935192618336431,64.89503711773511,30.939239480000023
0.261477585291705,-0.0367315212132269,-0.3350356464363777,0.3390424289606851,18.17033729553225,3.0582498735863317,64.52942736293296,29.81129288
0.2462936071054676,0.0929513491193487,-0.3782903582419551,0.2899973467763332,18.42692909240725,3.0261659658319164,63.215962152773066,35.396337560000006
0.5713959767273834,-0.2809758517003007,-0.4887281701177169,0.4911067193675889,18.178475316365564,3.0367836134203143,64.33165852586,29.34644216000004
0.7642898172029691,-0.2715288769836438,-0.6829721628329233,0.8001978239366964,18.42692909240725,3.0261659658319164,63.215962152773066,25.95576632000001
0.7734083807085577,-0.3214894407933958,-0.6909490688804129,0.7871635610766046,18.34579302469893,2.935192618336431,64.89503711773511,29.13452491999999
0.5217333861804729,0.0372643016938319,-0.5701913361453707,0.5325008005123278,18.42692909240725,3.0261659658319164,63.215962152773066,33.94026104
0.262127550485335,0.0575254735779608,-0.2818443258340534,0.3479087452471482,18.54354693094893,2.984148439590686,62.90115217725584,31.192172959999997
0.6995031504149665,-0.3039070929638253,-0.6634427298413389,0.7691046244670384,18.12785682678225,3.042692733145983,65.54639981076248,29.06616452000003
0.4761199749181355,-0.0347176860573723,-0.5265741382881949,0.3840719332048812,18.23601112365725,2.988557521308597,65.39613749133562,29.91725150000002
0.439347279077628,-0.0763020065433815,-0.4282839387699961,0.579923273657289,18.77092323303225,2.9235547705381517,62.60771955682329,31.024689980000005
0.5615088053716633,-0.1306202128717795,-0.5640200901303793,0.3265822784810127,18.77092323303225,2.9235547705381517,62.60771955682329,30.747830360000023
0.2188927885570492,0.0445378805575021,-0.2709696352431424,0.0786749482401656,18.34579302469893,2.935192618336431,64.89503711773511,32.34746372000001
0.5648106279138666,-0.2391924430450084,-0.5496602841260039,0.2748365323771356,18.34579302469893,2.935192618336431,64.89503711773511,32.238087080000014
0.37346302073775,0.0488803190323852,-0.4711612111681251,0.5259138025095472,18.23601112365725,2.988557521308597,65.39613749133562,33.16095247999999
0.551524525643578,-0.0992388774663245,-0.5945010151245693,0.5357929515418502,18.079354222615564,3.078370231760757,65.82244784811813,32.091112220000014
0.128011343115879,-0.009414369931472,-0.204295700729041,0.103076923076923,18.12785682678225,3.042692733145983,65.54639981076248,31.21268108000004
0.5140082371485228,-0.0519993499197999,-0.5275070280918476,0.5502392344497608,18.42692909240725,3.0261659658319164,63.215962152773066,29.29858988000001
0.570358562850389,0.0062415103423374,-0.5948270311537082,0.5413870246085011,18.079354222615564,3.078370231760757,65.82244784811813,32.47393046000002
0.3238138547824769,0.0596368060902007,-0.4011455341815207,0.1968716289104638,18.079354222615564,3.078370231760757,65.82244784811813,32.42266016000002
0.7191547697834926,-0.3015640098779571,-0.6801312061106319,0.7400197954470472,18.42692909240725,3.0261659658319164,63.215962152773066,29.52759722000002
-0.2169529682376547,-0.3473684210526319,0.4252047708004025,-0.1447368421052631,18.23601112365725,2.988557521308597,65.39613749133562,24.475763659999984
0.343839117069738,0.004601847597232,-0.3699302481429395,0.3608938547486033,18.77092323303225,2.9235547705381517,62.60771955682329,30.334249940000007
0.0798803929944468,0.0038344371864626,-0.2038977214447946,0.0815992518120177,18.54354693094893,2.984148439590686,62.90115217725584,29.804456840000057
0.6242464628306653,-0.2089763997508478,-0.6118817667322836,0.6862745098039216,18.079354222615564,3.078370231760757,65.82244784811813,30.713650160000043
0.3348870139831258,-0.0041497459112797,-0.4316335650839603,0.3019512195121951,18.17033729553225,3.0582498735863317,64.52942736293296,30.976837700000036
0.3655771178140409,0.0010686225697944,-0.4221918708182778,0.2012825080156751,18.17033729553225,3.0582498735863317,64.52942736293296,31.85185081999998
0.4180617954506508,0.0719781559315422,-0.5056761097091143,0.374739970282318,18.42692909240725,3.0261659658319164,63.215962152773066,33.00030554
0.1255791418102534,0.1005299541029095,-0.1863712530255073,0.1553213909378293,18.42692909240725,3.0261659658319164,63.215962152773066,31.896285079999984
0.4576489237060351,0.0244114948773274,-0.5458015267175573,0.370939161252215,18.079354222615564,3.078370231760757,65.82244784811813,32.11503836000003
0.2585776618525495,0.0010542928889541,-0.3450512767568311,0.1262135922330097,18.42692909240725,3.0261659658319164,63.215962152773066,32.95587128
0.3122922695143473,-0.0031639501438159,-0.3499400976868492,0.3632088520055325,18.12785682678225,3.042692733145983,65.54639981076248,32.00907974000006
0.5608379252515572,-0.0351748314249679,-0.5966027447616712,0.5975733063700708,18.42692909240725,3.0261659658319164,63.215962152773066,31.10672246000001
0.3214667750631125,-0.0393316563044228,-0.3782270120713124,0.4945054945054945,18.54354693094893,2.984148439590686,62.90115217725584,31.57157318000003
0.6362148741677012,-0.1823204419889502,-0.6066303444454705,0.57153905645785,18.57479693094893,2.94861928655015,63.63319549091134,31.06228820000001
0.2293998428258261,0.0823227208733668,-0.2611890901067566,0.1109112709832134,18.54354693094893,2.984148439590686,62.90115217725584,29.59595762000004
0.7507077445353812,-0.2178519084284623,-0.7039852581839608,0.7723028015100338,19.11906776428225,2.8733089733618686,62.28048726827334,31.80058052000004
0.3720665162025679,0.0031369624112931,-0.4419896077109199,0.0988582567529935,18.42692909240725,3.0261659658319164,63.215962152773066,31.137484640000025
0.6797961946303679,-0.1566444430060198,-0.6449264022240428,0.7301518438177874,18.17033729553225,3.0582498735863317,64.52942736293296,29.90699744000005
0.0976211435707413,0.0986984496547549,-0.1990093142352375,0.1677233429394812,18.17033729553225,3.0582498735863317,64.52942736293296,31.762982300000036
0.5738683500367123,-0.0152237428878979,-0.5969850315913733,0.5339805825242718,19.11906776428225,2.8733089733618686,62.28048726827334,31.759564280000006
0.3310806787734446,0.0233668081016585,-0.3860008059766267,0.2008733624454148,18.54354693094893,2.984148439590686,62.90115217725584,31.33231178000005
0.633030569256418,-0.1611249926220316,-0.6071046844896487,0.7443526170798898,18.12785682678225,3.042692733145983,65.54639981076248,28.46459300000004
0.4968271031278173,-0.0839747372650453,-0.5057294846080056,0.7023287208909889,18.54354693094893,2.984148439590686,62.90115217725584,31.27420544000006
0.4719102394444256,-0.1307521201167801,-0.4949740950499142,0.5231545162769372,18.42692909240725,3.0261659658319164,63.215962152773066,29.086672640000018
0.4771020569484303,0.0641334821307057,-0.5310777232528521,0.3722669735327963,18.42692909240725,3.0261659658319164,63.215962152773066,31.55448308000001
0.1991887295249701,0.0347089528745982,-0.2231736165870401,0.148491879350348,18.178475316365564,3.0367836134203143,64.33165852586,31.055452160000016
0.5362823694089202,-0.0871016213721726,-0.5896866153137138,0.5666003976143141,18.079354222615564,3.078370231760757,65.82244784811813,31.74589220000001
0.7295986651139347,-0.2406136430223353,-0.6723639541528017,0.6345628415300546,18.77092323303225,2.9235547705381517,62.60771955682329,31.171664840000005
0.2820133359119458,0.010141013322253,-0.3303724128302677,0.2789256198347107,18.33977088928225,2.992261602896399,64.03543207444856,30.864043040000013
0.58388947141183,-0.1583876148030531,-0.5418367837071906,0.6639344262295082,18.54354693094893,2.984148439590686,62.90115217725584,31.181918900000028
0.2583268845054407,0.0381128294278851,-0.3283650519752253,0.2726457399103139,18.12785682678225,3.042692733145983,65.54639981076248,31.646769619999983
0.6151837561869131,-0.1930880119757894,-0.6036682692772775,0.6475409836065574,18.079354222615564,3.078370231760757,65.82244784811813,30.47780678000004
0.4216834562426697,0.031950332303148,-0.4777017943772285,0.394282123782595,18.77092323303225,2.9235547705381517,62.60771955682329,33.30450932000002
0.5030476448477871,-0.0531791838937957,-0.5472822818897225,0.4589855979962429,18.079354222615564,3.078370231760757,65.82244784811813,32.49443858000001
0.6059886144605315,-0.1182795698924731,-0.604933478669872,0.6295815763866364,18.33977088928225,2.992261602896399,64.03543207444856,32.29277539999998
0.6900057963041194,-0.1385456446777108,-0.6369363111267593,0.6240057845263919,18.77092323303225,2.9235547705381517,62.60771955682329,31.60917140000004
0.5821127730980376,-0.1769646665895073,-0.5826931842184252,0.6452328159645233,18.178475316365564,3.0367836134203143,64.33165852586,30.566675300000043
0.4838345447763451,-0.1052323311206559,-0.5356028753560286,0.3365718251214434,18.12785682678225,3.042692733145983,65.54639981076248,30.269307560000016
0.6925875073554323,-0.2605257391754698,-0.6707942794279428,0.5149501661129569,18.23601112365725,2.988557521308597,65.39613749133562,29.004640160000008
0.1506319901625358,0.0785524799699884,-0.2004503325129602,0.0403111739745403,18.33977088928225,2.992261602896399,64.03543207444856,33.119936240000015
0.5673587323170253,-0.0946137199937909,-0.5699552773394274,0.4913344887348354,18.57479693094893,2.94861928655015,63.63319549091134,33.48908240000003
0.6858346815842635,-0.1706400589026837,-0.6215940563590804,0.7283406754772394,18.079354222615564,3.078370231760757,65.82244784811813,28.221913579999978
0.2476387361074232,-0.0025985902076585,-0.2677394488340721,0.1646223369916075,18.178475316365564,3.0367836134203143,64.33165852586,30.946075520000026
0.160420698688249,0.0510834552270419,-0.214344895308041,0.0869349230004967,18.23601112365725,2.988557521308597,65.39613749133562,32.22783302000005
0.7687200900816366,-0.3347436623707689,-0.7076883005107415,0.7702857142857142,18.12785682678225,3.042692733145983,65.54639981076248,27.04953272
0.2748499578393929,0.0497190076533441,-0.3748010858373116,0.1628318584070796,18.12785682678225,3.042692733145983,65.54639981076248,32.778134239999986
0.2793779059871173,-0.0265685203289436,-0.3194253245253385,0.5265278710543989,18.12785682678225,3.042692733145983,65.54639981076248,29.944595660000005
0.4286480768935967,0.0351885210261506,-0.5093285395005345,0.3779363663395778,18.079354222615564,3.078370231760757,65.82244784811813,33.50275448000002
0.3415302963290578,-0.0594234620220742,-0.3704216867469878,0.5511306108673641,18.54354693094893,2.984148439590686,62.90115217725584,31.06570622000004
0.4951201426882303,0.0726711124093397,-0.5352244549392434,0.4712918660287081,18.17033729553225,3.0582498735863317,64.52942736293296,32.15947262000003
0.4707896074386343,0.0604037741615096,-0.5401847213525359,0.3415166393889798,18.57479693094893,2.94861928655015,63.63319549091134,32.925109099999986
0.3989030779305828,0.0175489026546129,-0.4693579243782377,0.1585790573485024,18.12785682678225,3.042692733145983,65.54639981076248,31.120394540000007
0.2373414923155828,0.0525824012133359,-0.293323843942657,0.2160356347438752,18.178475316365564,3.0367836134203143,64.33165852586,32.942199200000005
0.2442770245170876,-0.0312193338592677,-0.2900729364754592,0.0435535044707239,18.54354693094893,2.984148439590686,62.90115217725584,31.52030288000003
0.3559528103998823,0.0396574564723694,-0.4533516633013992,0.2374491180461329,18.42692909240725,3.0261659658319164,63.215962152773066,31.71513002000006
0.4607896751613256,0.0695183972451407,-0.5236387933703818,0.3825658847379091,19.11906776428225,2.8733089733618686,62.28048726827334,33.024231680000014
0.3066388599235314,0.1139117180256769,-0.3972181842209594,0.1806674338319908,18.77092323303225,2.9235547705381517,62.60771955682329,34.58284880000002
0.2763402995738599,0.1000913069487736,-0.3419769399486212,0.3821675172620835,18.079354222615564,3.078370231760757,65.82244784811813,33.909498859999985
0.1265993570878797,0.074843286412207,-0.1726185427093052,0.1310301898537192,18.178475316365564,3.0367836134203143,64.33165852586,31.123812560000037
0.3641471843870705,-0.0458081891177497,-0.3950950959275491,0.3139671361502347,18.23601112365725,2.988557521308597,65.39613749133562,31.12723058000006
0.182230146348711,0.0744924202282332,-0.2404600647832186,0.0531852717708942,18.178475316365564,3.0367836134203143,64.33165852586,32.251759160000006
0.1824267836659041,-0.0879601194983929,-0.2470575369431193,0.4387850467289719,18.33977088928225,2.992261602896399,64.03543207444856,32.12871044000002
0.2475610110541664,0.022217497608164,-0.3068921072128121,0.1281306715063521,18.178475316365564,3.0367836134203143,64.33165852586,30.542749160000028
0.3920726004196261,-0.0677149476990489,-0.3662391147939564,0.1834831834831835,18.178475316365564,3.0367836134203143,64.33165852586,29.70533426000003
0.3000596102011196,0.086444598237051,-0.4309064846708457,0.1197906180793235,18.42692909240725,3.0261659658319164,63.215962152773066,31.376746040000057
0.4524604689203926,-0.0290142868352274,-0.5150766496334149,0.7203895695884386,18.178475316365564,3.0367836134203143,64.33165852586,30.470970739999984
0.7070243420368253,-0.2386024832999962,-0.6924990975194678,0.7545232273838631,18.42692909240725,3.0261659658319164,63.215962152773066,30.68630600000006
0.2882242266615019,-0.0527934334669327,-0.373614296988516,0.3946893529260118,18.079354222615564,3.078370231760757,65.82244784811813,31.417762280000037
0.5784370165149499,-0.038743170369318,-0.611279452004481,0.5203836930455635,18.42692909240725,3.0261659658319164,63.215962152773066,29.22681146000002
0.5579235623288487,-0.0210292224259684,-0.5676760415730674,0.4565737051792828,18.77092323303225,2.9235547705381517,62.60771955682329,33.57111487999998
0.4435821282036757,-0.0104682384129969,-0.5034049152142399,0.2964550058433969,18.77092323303225,2.9235547705381517,62.60771955682329,37.75477136000001
0.4541019723038186,-0.0934299275543342,-0.52925167566176,0.2839385815257129,18.23601112365725,2.988557521308597,65.39613749133562,32.83624057999998
0.719231619346153,-0.2484642435031298,-0.6789670431020104,0.7434322756738314,18.178475316365564,3.0367836134203143,64.33165852586,28.29711001999999
0.3433956960364807,0.0083689725529976,-0.4135732478843151,0.3399842478340771,18.12785682678225,3.042692733145983,65.54639981076248,31.72196606
0.3808225865505879,-0.0538784571557206,-0.4137198550543547,0.2255017709563164,18.12785682678225,3.042692733145983,65.54639981076248,29.503671080000004
0.307619386183197,-0.0009264838318853248,-0.390061094665239,0.18120011823825,18.17033729553225,3.0582498735863317,64.52942736293296,29.68482614000004
0.6873601562182174,-0.1011933997955689,-0.6611564455569462,0.7017222425796995,18.079354222615564,3.078370231760757,65.82244784811813,31.123812560000037
0.4095867826574996,0.0030700911103806,-0.463223245821651,0.2495329597010942,18.54354693094893,2.984148439590686,62.90115217725584,31.66727774000003
0.399199769005486,-0.0750215506313067,-0.4514925373134328,0.5200823892893924,18.42692909240725,3.0261659658319164,63.215962152773066,30.99734582000002
0.446646921587769,-0.1115264084618953,-0.4647757543265929,0.2551662174303684,18.17033729553225,3.0582498735863317,64.52942736293296,29.883071299999983
0.6335444019800026,-0.1646892030486456,-0.6208467141028062,0.7181418706842435,18.77092323303225,2.9235547705381517,62.60771955682329,32.337209659999985
0.4833749488622738,-0.1249812774152134,-0.460373454068205,0.3587286749240477,18.42692909240725,3.0261659658319164,63.215962152773066,31.80058052000004
0.521064686285397,-0.057104785563119,-0.5333566555885954,0.3425780018909549,18.54354693094893,2.984148439590686,62.90115217725584,31.43827040000002
0.3428412411298177,-0.1301745506118704,-0.4028409228557816,0.3605381165919282,18.12785682678225,3.042692733145983,65.54639981076248,30.53249510000001
0.2223941693290735,0.028158672831544,-0.2538360443086585,0.1974317817014446,18.54354693094893,2.984148439590686,62.90115217725584,30.030046159999984
0.4789924313156797,-0.0538750088470521,-0.4859737538047002,0.662799690641918,18.42692909240725,3.0261659658319164,63.215962152773066,31.376746040000057
0.35514760082839,0.018128363462497,-0.4791990743224086,0.2267969295184926,18.42692909240725,3.0261659658319164,63.215962152773066,32.463676400000054
0.2624941089007042,-0.0152666865952085,-0.3248906350135138,0.4915979223953559,18.34579302469893,2.935192618336431,64.89503711773511,30.922149380000008
0.4529102039788044,0.0576374212945815,-0.5305284761416111,0.4009630818619583,18.77092323303225,2.9235547705381517,62.60771955682329,33.201968720000025
0.4440923132351665,-0.0528666076449356,-0.5049506327353637,0.4403066812705367,18.54354693094893,2.984148439590686,62.90115217725584,31.80058052000004
0.4346336467740433,-0.1613258169540575,-0.4889172319168261,0.6084592145015105,18.23601112365725,2.988557521308597,65.39613749133562,29.74293248000004
0.4009815728474677,-0.0118309437632688,-0.4629786140729272,0.4914440108075653,18.57479693094893,2.94861928655015,63.63319549091134,31.10672246000001
0.2774232756001216,0.0768273565167531,-0.3537151495093874,0.193261284170375,18.34579302469893,2.935192618336431,64.89503711773511,32.450004320000005
0.4538545059717697,-0.0889039022132142,-0.4816233423556848,0.3891050583657587,18.079354222615564,3.078370231760757,65.82244784811813,30.648707779999995
0.2157997730673727,0.0132858220060189,-0.2619092321084164,0.1362649294245385,18.33977088928225,2.992261602896399,64.03543207444856,33.465156260000015
0.4405170387779085,-0.04592510010921,-0.4946110704706171,0.4509572901325478,18.42692909240725,3.0261659658319164,63.215962152773066,30.843534920000025
0.6830986481167616,-0.1474650340076449,-0.6576138979645115,0.655433287482806,19.11906776428225,2.8733089733618686,62.28048726827334,32.16972668000005
0.364770052335281,-0.0391767885938352,-0.4125921545436626,0.4024827586206896,18.33977088928225,2.992261602896399,64.03543207444856,30.747830360000023
0.5576359281675163,-0.0989545719073628,-0.5373011358063441,0.6148928168484392,18.77092323303225,2.9235547705381517,62.60771955682329,31.821088640000028
0.3280058519484641,0.094182603824918,-0.3880654072807795,0.3055865921787709,18.079354222615564,3.078370231760757,65.82244784811813,31.708293980000008
0.2318310250590578,0.0,-0.2924138601351024,0.1822493224932249,18.12785682678225,3.042692733145983,65.54639981076248,30.73415828000003
0.2203993937476057,0.084772860693721,-0.3241052793263278,0.1329479768786127,18.12785682678225,3.042692733145983,65.54639981076248,31.123812560000037
0.2007420701336936,0.0399909716008479,-0.2334365581597673,0.0849785407725321,18.178475316365564,3.0367836134203143,64.33165852586,31.63651556000002
0.4569596278451568,-0.0538824287231946,-0.5093700516351118,0.2940309506263817,18.079354222615564,3.078370231760757,65.82244784811813,33.80354024000002
0.4637297226582942,0.003246048228593,-0.5089218735513019,0.4207858048162231,18.57479693094893,2.94861928655015,63.63319549091134,32.48760254000001
0.2507082965325015,0.0472870249017037,-0.2825887500882207,0.2122318575992697,18.33977088928225,2.992261602896399,64.03543207444856,31.445106440000018
0.1564466418389623,-0.0158206429780033,-0.2162579664879923,0.2264631043256997,18.12785682678225,3.042692733145983,65.54639981076248,31.80741655999998
0.7464712864966235,-0.277047972632915,-0.6845498104566359,0.7681498829039812,19.11906776428225,2.8733089733618686,62.28048726827334,29.055910460000007
0.7474138026823117,-0.2573315424222073,-0.7112295973884658,0.7769652650822669,18.42692909240725,3.0261659658319164,63.215962152773066,30.20094716000005
0.5500969484566013,-0.07600621869062,-0.5694294262768357,0.6839134524929446,18.178475316365564,3.0367836134203143,64.33165852586,29.41138454000003
0.8224876740139213,-0.3829468240213475,-0.7349657469241256,0.8107913669064748,18.54354693094893,2.984148439590686,62.90115217725584,29.47632692000002
0.6064392825639516,-0.0598048354680014,-0.6404854247466534,0.5301408450704226,18.42692909240725,3.0261659658319164,63.215962152773066,31.810834580000005
0.145368693018145,0.1175380391259582,-0.2035574972694647,0.1262288635469917,18.178475316365564,3.0367836134203143,64.33165852586,32.316701540000054
0.3412249266243979,0.0379976505890973,-0.3983431952662722,0.4092963202065849,18.42692909240725,3.0261659658319164,63.215962152773066,31.188754940000024
0.1037628800990291,-0.012022363277145,-0.1280837804278049,0.0556449018977163,18.178475316365564,3.0367836134203143,64.33165852586,30.52565906000001
0.4638353676989811,0.0414686967722453,-0.5252488850849136,0.4750143595634692,18.57479693094893,2.94861928655015,63.63319549091134,34.40852977999998
0.4329090653007064,-0.1272006297926933,-0.4756248377788296,0.2941176470588235,18.12785682678225,3.042692733145983,65.54639981076248,28.963623920000032
0.6840253812757432,-0.1831316380852074,-0.6487607809514121,0.7224355458036205,18.23601112365725,2.988557521308597,65.39613749133562,30.09498854000003
0.1290729865285933,0.0737932345115926,-0.1394537346059652,0.3727272727272727,18.079354222615564,3.078370231760757,65.82244784811813,32.97637940000004
0.3741552172298553,-0.0492798003856187,-0.4203758907895241,0.3467904723455793,18.77092323303225,2.9235547705381517,62.60771955682329,33.51642656000001
0.2990062603272127,0.0504325340455754,-0.3277274943802851,0.0538384845463609,18.54354693094893,2.984148439590686,62.90115217725584,30.40944638000002
0.4547154583571189,-0.0774625298886102,-0.4357514765309294,0.4977973568281938,18.77092323303225,2.9235547705381517,62.60771955682329,31.882612999999992
0.3376916714385697,-0.0249354068151904,-0.4313578649964257,0.0615901455767077,18.42692909240725,3.0261659658319164,63.215962152773066,34.336751359999994
0.6221782703335802,-0.1843020207316581,-0.6133541396514209,0.7481865284974093,18.17033729553225,3.0582498735863317,64.52942736293296,27.67844839999998
0.3040909872656712,0.0703079604880882,-0.3853364047978394,0.2459538339081984,18.54354693094893,2.984148439590686,62.90115217725584,31.889449040000045
0.2396851517734996,-0.0040036396724295,-0.2847016279818368,0.3930401942271379,18.23601112365725,2.988557521308597,65.39613749133562,33.22931288000001
0.5788550936379333,-0.0077399774497919,-0.559938585095075,0.6653279785809906,18.42692909240725,3.0261659658319164,63.215962152773066,28.594477760000014
0.6124755944931164,-0.05528507493005,-0.6055790397192534,0.6564945226917058,18.54354693094893,2.984148439590686,62.90115217725584,29.192631259999985
0.7588553450226244,-0.252899034284779,-0.6917545052703162,0.776500179662235,18.23601112365725,2.988557521308597,65.39613749133562,29.74293248000004
0.4739343450098172,-0.1728160726540028,-0.5130252971425343,0.355397148676171,18.33977088928225,2.992261602896399,64.03543207444856,30.433372520000034
0.136892662635619,0.0455425868189313,-0.2195000781990302,0.0831146106736658,18.178475316365564,3.0367836134203143,64.33165852586,30.06422636000002
0.3127034737372043,-0.0093679836899017,-0.3808905953484266,0.3241220495106505,18.178475316365564,3.0367836134203143,64.33165852586,31.61258942000001
0.4618585720263228,-0.1861138373980729,-0.4461260583254939,0.2994350282485876,18.42692909240725,3.0261659658319164,63.215962152773066,33.58478696000003
0.5279237311088243,-0.4550941449574414,-0.3736394847695344,0.3283302063789868,18.33977088928225,2.992261602896399,64.03543207444856,24.462091579999992
0.4169773800646283,-0.1006738622540595,-0.3723248031969957,0.5601503759398496,18.178475316365564,3.0367836134203143,64.33165852586,30.337667960000037
0.2953559427544194,0.0546644662426523,-0.3616720085470085,0.218267846122197,18.42692909240725,3.0261659658319164,63.215962152773066,31.78349042000002
0.6750645994832042,-0.1585833269336833,-0.639032098765432,0.6361835589303401,18.42692909240725,3.0261659658319164,63.215962152773066,30.17360300000001
0.1750529509416679,0.0207284784008778,-0.2198605443524425,0.1019664967225054,18.178475316365564,3.0367836134203143,64.33165852586,32.908019000000024
0.2656042424669642,0.0439747685754076,-0.3591572670575972,0.1450834879406308,18.23601112365725,2.988557521308597,65.39613749133562,31.97148152
0.2711402431415304,0.0440108668807112,-0.3615386779975799,0.2433661865049279,18.42692909240725,3.0261659658319164,63.215962152773066,33.40704992000002
0.307356291540359,-0.096780817590194,-0.3846429960216564,0.2352209085252022,18.12785682678225,3.042692733145983,65.54639981076248,29.86598120000002
0.246337690382998,-0.168473050249422,-0.2404585871424068,0.2668680765357502,18.17033729553225,3.0582498735863317,64.52942736293296,30.55300322000005
0.4456997863247863,0.0037960180920522,-0.5153771854921119,0.4703291008033169,18.77092323303225,2.9235547705381517,62.60771955682329,35.266452800000025
0.2296946739488203,0.0427543438326479,-0.2663751946179168,0.1969298245614035,18.54354693094893,2.984148439590686,62.90115217725584,34.21370264000001
0.5488679658419092,-0.0018071299490718,-0.5864679866151127,0.5540334855403348,18.079354222615564,3.078370231760757,65.82244784811813,31.841596760000016
0.2185928306762485,0.0842928786359077,-0.2889963177988117,0.1381733021077283,18.33977088928225,2.992261602896399,64.03543207444856,31.47586862000003
0.711429624997996,-0.1897925745940102,-0.6790059376351696,0.6650062266500623,19.11906776428225,2.8733089733618686,62.28048726827334,31.34256584000002
0.1661445513537705,0.0617235791874211,-0.1720344462456779,0.1007656967840735,18.54354693094893,2.984148439590686,62.90115217725584,32.68926571999998
0.5020244286706536,-0.0940646594274432,-0.5428506795204204,0.4448476052249637,18.42692909240725,3.0261659658319164,63.215962152773066,30.63845372000003
0.6301474275398657,-0.0655487305218856,-0.6144738671805162,0.5876288659793815,18.079354222615564,3.078370231760757,65.82244784811813,30.665797880000014
0.4452783311158972,0.009530909970178,-0.486504876389204,0.4248328002326257,18.12785682678225,3.042692733145983,65.54639981076248,32.217578960000026
0.6975491590431534,-0.1671808460300936,-0.6536522578569129,0.723998653651969,18.33977088928225,2.992261602896399,64.03543207444856,30.566675300000043
0.367631923906096,-0.1603551601161807,-0.3420434371246026,0.6448132780082988,18.33977088928225,2.992261602896399,64.03543207444856,29.175541160000023
0.1396650121763053,0.0564606114706539,-0.2142807625649913,0.1084404695360536,18.23601112365725,2.988557521308597,65.39613749133562,32.73711800000001
0.2458599625719431,0.0338113982543212,-0.2971224277849771,0.159688131677736,18.54354693094893,2.984148439590686,62.90115217725584,34.57943078000005
0.4121355798625898,0.0667204328175142,-0.3933350892375613,0.2906815020862309,18.33977088928225,2.992261602896399,64.03543207444856,30.470970739999984
0.1948744751022763,0.0562882092962015,-0.2546956464142768,0.2150849564857024,18.54354693094893,2.984148439590686,62.90115217725584,33.577950920000035
0.2899790502793296,0.0728751035157719,-0.3559913013956306,0.2873160476524176,18.12785682678225,3.042692733145983,65.54639981076248,31.629679520000025
0.1978858216321202,0.0198690449311357,-0.2202521244621271,0.0743202416918429,18.33977088928225,2.992261602896399,64.03543207444856,31.94755538000004
0.1726756326572333,0.2214035019681605,-0.2134115016167539,0.0720049658597144,18.12785682678225,3.042692733145983,65.54639981076248,30.61452758000001
0.1638654424177544,0.0472357608483157,-0.2864567688848837,0.1107246376811594,18.12785682678225,3.042692733145983,65.54639981076248,30.23170934000001
0.4175652636803752,0.0128935952793611,-0.4443084455324358,0.3433376455368693,18.079354222615564,3.078370231760757,65.82244784811813,30.52907707999998
0.7148097029740411,-0.2731509426016648,-0.6683160121401637,0.7802275960170697,18.77092323303225,2.9235547705381517,62.60771955682329,28.047594559999997
0.5548829355970712,-0.0914413676334044,-0.5827901119181326,0.302276707530648,18.23601112365725,2.988557521308597,65.39613749133562,31.40067218000001
0.1660163965475256,-0.028510603768001,-0.3718866194672234,0.0787241262300644,18.178475316365564,3.0367836134203143,64.33165852586,29.924087540000016
0.3913934064381699,-0.154105852111696,-0.4560170000461959,0.3851018973998594,18.34579302469893,2.935192618336431,64.89503711773511,31.20926306000001
0.6388079146649297,-0.1105948570797925,-0.6472176980430994,0.5309423347398031,18.77092323303225,2.9235547705381517,62.60771955682329,31.222935140000004
0.4538941672047473,-0.0348468848996832,-0.4804320601127112,0.5788819875776398,18.17033729553225,3.0582498735863317,64.52942736293296,31.60917140000004
0.239194823633085,-0.0633060281453475,-0.2839063649198151,0.160122699386503,18.77092323303225,2.9235547705381517,62.60771955682329,30.549585200000024
0.1891184306350654,0.0333043556461524,-0.2554454674634535,0.1531763947113834,18.54354693094893,2.984148439590686,62.90115217725584,31.44168841999999
0.2247224602874056,0.1399940285138464,-0.4042047531992687,0.3942891859052247,18.17033729553225,3.0582498735863317,64.52942736293296,28.99438610000004
0.4800674536256324,0.0106907400356692,-0.5330238479691964,0.558783228281721,18.12785682678225,3.042692733145983,65.54639981076248,35.88169640000001
0.7828052400281091,-0.2793382707129094,-0.7145595029151284,0.8481208833785354,18.178475316365564,3.0367836134203143,64.33165852586,26.80343528000003
0.2672863502699357,-0.00047436284445202673,-0.315366734072912,0.3372172721041809,18.23601112365725,2.988557521308597,65.39613749133562,33.45148418000002
0.7947036094618793,-0.3492574818621524,-0.7389403965446919,0.8245801119701412,18.34579302469893,2.935192618336431,64.89503711773511,30.83328086000006
0.77197295127422,-0.2766053869684736,-0.7166454178794512,0.8013651877133106,18.57479693094893,2.94861928655015,63.63319549091134,28.69360033999999
0.2629799565322385,0.0053606874992571,-0.3088292797372332,0.3502428494333513,18.54354693094893,2.984148439590686,62.90115217725584,31.55448308000001
0.2003092708777979,0.0128956623681124,-0.2603831028796145,0.2352008456659619,18.33977088928225,2.992261602896399,64.03543207444856,30.925567399999977
0.1653678218095396,0.1008528784648187,-0.2125481626315486,0.2152361074876076,18.33977088928225,2.992261602896399,64.03543207444856,32.214160940000056
0.6917304770819587,-0.2183989346123878,-0.6409046594875382,0.6595744680851063,19.11906776428225,2.8733089733618686,62.28048726827334,33.56769686000001
0.6707024194668837,-0.1428513241054395,-0.6230416967944082,0.753880266075388,19.11906776428225,2.8733089733618686,62.28048726827334,32.34062768000001
0.1836153846153846,0.012617410904074,-0.2192068460045164,0.0916009785267735,18.54354693094893,2.984148439590686,62.90115217725584,30.98709176
0.336204676186933,0.0673970468538557,-0.4493558901133012,0.3636122177954847,18.17033729553225,3.0582498735863317,64.52942736293296,28.72436252
0.42870130387974,-0.107058772639918,-0.4900029941115806,0.4027932960893854,18.23601112365725,2.988557521308597,65.39613749133562,30.11549666000002
0.744352311873561,-0.4031525886317431,-0.6672071475843814,0.1666666666666666,18.178475316365564,3.0367836134203143,64.33165852586,27.37766264000004
0.3411534350665097,0.0682931394877234,-0.3748400224659097,0.1383378016085791,18.33977088928225,2.992261602896399,64.03543207444856,32.135546480000016
0.3587510760876763,-0.0689084823463527,-0.3578855937461224,0.3508121972071815,18.12785682678225,3.042692733145983,65.54639981076248,29.927505559999982
0.2830609364452718,0.0552539028669974,-0.2803241378606495,0.0600169061707523,18.178475316365564,3.0367836134203143,64.33165852586,31.20926306000001
0.5454820004832086,-0.0682763899519866,-0.5451397974999497,0.6027777777777777,18.42692909240725,3.0261659658319164,63.215962152773066,30.535913120000032
0.0991127016030197,0.0024958957863405,-0.1921328420347418,0.0534512339976243,18.77092323303225,2.9235547705381517,62.60771955682329,31.496376740000017
0.3692759678788275,-0.1020777064306957,-0.3952275463840713,0.6418566327931887,18.42692909240725,3.0261659658319164,63.215962152773066,30.70681411999999
0.3993916525488988,-0.022751255751129,-0.4226905010438413,0.5031185031185031,18.57479693094893,2.94861928655015,63.63319549091134,32.238087080000014
0.4562668339298233,-0.0240303038165166,-0.4927384950530998,0.3847448121144139,18.57479693094893,2.94861928655015,63.63319549091134,32.15947262000003
0.259476881827776,-0.043951107643568,-0.2741350620870084,0.1156275748420763,18.54354693094893,2.984148439590686,62.90115217725584,30.83669888000003
0.7581083869515466,-0.2590408382590006,-0.6909420584016671,0.7749307479224377,18.77092323303225,2.9235547705381517,62.60771955682329,27.54172760000006
0.2799127233056047,-0.0642798285468057,-0.3005930935092289,0.0549386323787258,18.23601112365725,2.988557521308597,65.39613749133562,30.911895319999985
0.3304960017998933,0.0971903286749317,-0.3631063858395522,0.2718579234972678,18.77092323303225,2.9235547705381517,62.60771955682329,33.10284614
0.3655283431068184,-0.1384930018533905,-0.4186396540602527,0.5129566031845145,18.17033729553225,3.0582498735863317,64.52942736293296,29.790784760000008
0.1795073775792134,0.1394566867671404,-0.3240289820643783,0.1599109131403118,18.42692909240725,3.0261659658319164,63.215962152773066,36.18590018000003
0.575119807975017,-0.0202988061741081,-0.6086281628256133,0.4925742574257425,18.57479693094893,2.94861928655015,63.63319549091134,33.07550198000001
0.2772220610781917,-0.0101661586864615,-0.3333794762205513,0.1095849507315616,18.42692909240725,3.0261659658319164,63.215962152773066,30.22829132000004
0.1520786238076858,0.1119646405082927,-0.2375495095317416,0.027806925498426,18.42692909240725,3.0261659658319164,63.215962152773066,32.38164391999999
0.8425259296893393,-0.4908582285969249,-0.791845170309045,0.8576779026217228,18.54354693094893,2.984148439590686,62.90115217725584,28.86791936000003
0.5122116817230259,-0.110023603679682,-0.510644711556577,0.4556686046511627,18.33977088928225,2.992261602896399,64.03543207444856,33.58820498
0.5822455129869619,-0.1772220075637829,-0.5866400498670474,0.6668571428571428,18.42692909240725,3.0261659658319164,63.215962152773066,29.56861346000005
0.1649886994041504,0.0049467484178083,-0.2286855827182231,0.2325581395348837,18.23601112365725,2.988557521308597,65.39613749133562,30.450462620000053
0.6401976369495167,-0.0985720945490961,-0.6423710000774389,0.6351633078526755,18.57479693094893,2.94861928655015,63.63319549091134,30.67605193999998
0.291162934090859,-0.034849140023121,-0.3464457533900544,0.253384912959381,18.178475316365564,3.0367836134203143,64.33165852586,29.74293248000004
0.3543327403343428,0.1155522643525764,-0.4428072307458605,0.33663638865951,18.17033729553225,3.0582498735863317,64.52942736293296,35.83384411999998
0.3984822765851224,-0.0729782735267981,-0.4519048359508631,0.1308870268708465,18.33977088928225,2.992261602896399,64.03543207444856,30.44020856000003
-0.1609442843069288,-0.3379101698859672,0.3358172313202207,0.1166875784190715,18.57479693094893,2.94861928655015,63.63319549091134,26.1232493
0.3791211401425178,-0.071888788376687,-0.3869122266413465,0.3275944524151123,18.54354693094893,2.984148439590686,62.90115217725584,30.323995879999984
0.3003254149040025,0.1661832523005654,-0.4791549061161033,0.2605442176870748,18.33977088928225,2.992261602896399,64.03543207444856,33.37628774000001
0.344702216066482,-0.0216520174569096,-0.3598709386958805,0.4348044132397191,18.17033729553225,3.0582498735863317,64.52942736293296,30.341085980000003
0.4812760914857528,-0.1084437901716114,-0.5290863155201638,0.5998565794191466,18.34579302469893,2.935192618336431,64.89503711773511,32.37138986000002
0.4829968763112498,0.0100646703306963,-0.5434721426977088,0.5344705046197583,18.42692909240725,3.0261659658319164,63.215962152773066,30.494896880000056
0.6579435844741289,-0.193666362394325,-0.6303026352243282,0.6538328130419702,18.12785682678225,3.042692733145983,65.54639981076248,31.298131580000017
0.5509237160788475,-0.0306935869494981,-0.5721722923629718,0.4075448361162647,18.54354693094893,2.984148439590686,62.90115217725584,32.091112220000014
0.568851843268255,-0.1171165019262395,-0.56954171863507,0.2028119507908611,18.57479693094893,2.94861928655015,63.63319549091134,31.527138920000027
0.6421162191722826,-0.1433537229469133,-0.640365485095997,0.6915288558893014,18.079354222615564,3.078370231760757,65.82244784811813,29.551523360000036
0.422862751175164,-0.0720980196786649,-0.4591782679634691,0.3242113264918282,18.178475316365564,3.0367836134203143,64.33165852586,29.06616452000003
0.6894073139974779,-0.2239873005721595,-0.6556752790329432,0.57923799006074,18.77092323303225,2.9235547705381517,62.60771955682329,32.17656271999999
0.5291947464213687,-0.1630366328916601,-0.5168829901434567,0.6501210653753027,18.17033729553225,3.0582498735863317,64.52942736293296,30.26588953999999
0.6293217936282921,-0.1097288919379017,-0.6297230535011977,0.6676866585067319,18.77092323303225,2.9235547705381517,62.60771955682329,32.480766500000016
0.5227620746185303,-0.0271344204923809,-0.556695335089044,0.411465892597968,18.079354222615564,3.078370231760757,65.82244784811813,33.728343800000005
0.374722475720882,0.00976712926852,-0.4651665819844668,0.3624816805080605,18.23601112365725,2.988557521308597,65.39613749133562,32.09794826000001
0.4318521349407637,-0.0028774965171949,-0.4790504046367242,0.3015030946065429,18.079354222615564,3.078370231760757,65.82244784811813,31.004181860000017
0.6803222014796377,-0.1900812281550129,-0.6483535117170279,0.6745267353038857,18.57479693094893,2.94861928655015,63.63319549091134,29.89332536000001
0.2169682782080707,0.0357070399675392,-0.2725203905032367,0.1289707750952986,18.17033729553225,3.0582498735863317,64.52942736293296,32.88409286000001
0.1533120376597177,-0.005806196208378,-0.2099229236114785,0.2099817407181984,18.12785682678225,3.042692733145983,65.54639981076248,30.33083192000004
0.3551826693592802,-0.0895597291185725,-0.4567341848092073,0.2545130943300279,18.23601112365725,2.988557521308597,65.39613749133562,31.328893760000028
0.415362526920316,-0.0512797074954296,-0.4187234654961504,0.4980842911877394,18.33977088928225,2.992261602896399,64.03543207444856,29.18921324000001
0.2967185162440959,0.1621818979963109,-0.3984176301087086,0.1271002174342755,18.079354222615564,3.078370231760757,65.82244784811813,31.175082860000032
0.5357245231028137,-0.1680263305952515,-0.5284178752852832,0.4603174603174603,18.42692909240725,3.0261659658319164,63.215962152773066,30.248799440000028
0.2982795355778527,-0.0511596802140013,-0.324396782841823,0.2666436702311142,18.54354693094893,2.984148439590686,62.90115217725584,32.13896450000004
0.6799309203425199,-0.1501949578412466,-0.6570710092171038,0.6218487394957983,18.77092323303225,2.9235547705381517,62.60771955682329,29.30884394000003
0.2106728695858871,-0.0121003513005216,-0.2836761330392908,0.1015824400204185,18.17033729553225,3.0582498735863317,64.52942736293296,29.643809900000008
0.597011130340636,-0.1196112820217935,-0.611111111111111,0.68437212158428,18.54354693094893,2.984148439590686,62.90115217725584,30.341085980000003
0.4094123436714346,-0.019840686179642,-0.4622402770378261,0.3749469214437367,18.34579302469893,2.935192618336431,64.89503711773511,34.21370264000001
0.508902179143466,-0.0648361510660488,-0.5582737592378302,0.5303576379262545,18.54354693094893,2.984148439590686,62.90115217725584,31.188754940000024
0.4558356470158662,0.0296501402836899,-0.5276113091064187,0.4370290635091496,18.42692909240725,3.0261659658319164,63.215962152773066,33.19171466
0.1431321841424714,0.0702840422779116,-0.2303558728235387,0.0933701657458563,18.17033729553225,3.0582498735863317,64.52942736293296,30.365012120000017
0.1687367520731843,0.0445594594800002,-0.2516826635867616,0.0672016048144433,18.12785682678225,3.042692733145983,65.54639981076248,31.99882567999998
0.5183165308443836,-0.0155922664026264,-0.5541449021093346,0.5335035098915124,18.079354222615564,3.078370231760757,65.82244784811813,33.22247684000001
0.1927743327042328,0.0006902004091006694,-0.1827383648826277,0.2214563979622415,18.54354693094893,2.984148439590686,62.90115217725584,31.84843280000001
0.25884353337059,0.0239337672634742,-0.2949191516426527,0.2398713826366559,18.54354693094893,2.984148439590686,62.90115217725584,31.376746040000057
0.0811868312381647,-0.0527841647505747,-0.1835096087808898,0.0490421455938697,18.12785682678225,3.042692733145983,65.54639981076248,29.84889110000006
0.2632102619128906,-0.0544581060174251,-0.3017621809628162,0.1405059433099664,18.77092323303225,2.9235547705381517,62.60771955682329,30.990509780000025
0.5240762169250944,-0.122916903489826,-0.5186637149094486,0.7211508061966487,18.178475316365564,3.0367836134203143,64.33165852586,30.40602836000005
0.4858079721282919,-0.037439823379703,-0.5697251821035866,0.426747896721787,18.17033729553225,3.0582498735863317,64.52942736293296,29.954849720000027
0.1610987115304242,0.0736662883087401,-0.2194247291744488,0.1504885993485342,18.12785682678225,3.042692733145983,65.54639981076248,32.00224370000001
0.7793910033610193,-0.3078296594769693,-0.7039039822128283,0.7727047146401985,18.77092323303225,2.9235547705381517,62.60771955682329,31.09988642000002
0.1223741785477855,-0.0070918903256184,-0.1572121827580178,0.13800832532821,18.12785682678225,3.042692733145983,65.54639981076248,30.82644482000001
0.675749524186406,-0.1928504359490274,-0.6124130803332639,0.4038528896672504,18.42692909240725,3.0261659658319164,63.215962152773066,28.61156786000004
0.6354331356296209,-0.1683358359992166,-0.6097038822725147,0.5347153668970056,18.12785682678225,3.042692733145983,65.54639981076248,28.61498588000001
0.5639708629062384,-0.1101020813999735,-0.5759509156268234,0.6440476190476191,18.54354693094893,2.984148439590686,62.90115217725584,33.150698420000026
0.1660652740246921,0.0558456106332663,-0.2518500503769586,0.2217336683417085,18.54354693094893,2.984148439590686,62.90115217725584,32.039841920000015
0.3578628374283183,-0.0896329829024655,-0.4060306456440509,0.3978831830654645,18.23601112365725,2.988557521308597,65.39613749133562,30.72390422000001
0.5297455866175418,-0.0935769967732069,-0.5262277660667933,0.3236574746008708,18.77092323303225,2.9235547705381517,62.60771955682329,32.330373620000046
0.5686747593556007,-0.0591729029849479,-0.6008344091169456,0.5368639667705088,19.11906776428225,2.8733089733618686,62.28048726827334,32.074022119999995
0.3449110681583004,-0.0467174690968766,-0.4025960804275895,0.1300204220558203,18.178475316365564,3.0367836134203143,64.33165852586,29.025148280000053
0.2802421410032228,0.0124421593830334,-0.3767898402846878,0.1437591063623118,18.178475316365564,3.0367836134203143,64.33165852586,29.93775962000001
0.4954071689403563,-0.0253341785660535,-0.5506600637302913,0.5856481481481481,18.34579302469893,2.935192618336431,64.89503711773511,31.810834580000005
0.5953336165258571,-0.1181426224265881,-0.6050557173610234,0.6074766355140186,18.54354693094893,2.984148439590686,62.90115217725584,31.60917140000004
0.5696513701501235,-0.1069191843278721,-0.6009304280403766,0.5985130111524164,18.079354222615564,3.078370231760757,65.82244784811813,32.12529242000005
0.5902062114294314,-0.0628571428571428,-0.6120933449980672,0.727600918936659,18.12785682678225,3.042692733145983,65.54639981076248,31.57157318000003
0.6294755318630239,-0.2271275228571778,-0.5600298748988612,0.122044241037376,18.23601112365725,2.988557521308597,65.39613749133562,27.58957988000003
0.2045476614338891,-0.0312439382603154,-0.2521386573353635,0.1224788073662671,18.54354693094893,2.984148439590686,62.90115217725584,30.20094716000005
0.5083063283175937,-0.0913508106133985,-0.5122001305454306,0.2823335167859108,18.17033729553225,3.0582498735863317,64.52942736293296,32.00907974000006
0.339813011297234,-0.0668796724260941,-0.3676508599264338,0.5601154216094902,18.54354693094893,2.984148439590686,62.90115217725584,29.81812892000005
0.3374867116615986,-0.0285105924550542,-0.3732126237414332,0.3724075743913435,18.77092323303225,2.9235547705381517,62.60771955682329,30.908477300000012
0.1813528136556574,0.0315412186379928,-0.2440505309199734,0.14721163837894,18.54354693094893,2.984148439590686,62.90115217725584,30.710232140000016
0.2309597798758465,-0.0477032136702501,-0.2905518362142031,0.3569828230022405,18.178475316365564,3.0367836134203143,64.33165852586,29.57544949999999
0.639493202288932,-0.2172183700033388,-0.6337539698518572,0.6464339908952959,18.34579302469893,2.935192618336431,64.89503711773511,31.51004882000001
0.3555630298883103,0.016112196107482,-0.447333878197984,0.2139005392450569,18.57479693094893,2.94861928655015,63.63319549091134,34.073563820000004
0.2030042918454935,0.0399230652693703,-0.2541279114789926,0.2274784039489921,18.33977088928225,2.992261602896399,64.03543207444856,30.71706818000001
0.5592439079936234,-0.1180524256497684,-0.5658338898392689,0.4593202883625129,18.17033729553225,3.0582498735863317,64.52942736293296,29.97877586000004
0.3408790850157985,0.066566153083564,-0.4746716697936209,0.1870422535211267,18.17033729553225,3.0582498735863317,64.52942736293296,32.303029460000005
0.2017413653978342,0.0345114611345883,-0.2508113600779735,0.1500725689404934,18.12785682678225,3.042692733145983,65.54639981076248,32.25859520000006
0.5878434554396932,-0.0758517714130582,-0.6007189885688896,0.4784672770430654,18.77092323303225,2.9235547705381517,62.60771955682329,31.284459500000025
0.6455087411308609,-0.2873656952372776,-0.6207312680115274,0.4019607843137255,18.77092323303225,2.9235547705381517,62.60771955682329,29.431892660000017
0.1237196560383532,0.0399989598276781,-0.2523860141125384,0.0712902657982749,18.77092323303225,2.9235547705381517,62.60771955682329,32.55596294000003
0.3261209510132439,-0.0056570325687767,-0.3835537761056127,0.342498505678422,18.12785682678225,3.042692733145983,65.54639981076248,33.63605726000003
0.6622354728231644,-0.1160153800350929,-0.626946163080617,0.5327763496143959,19.11906776428225,2.8733089733618686,62.28048726827334,32.76788018000002
0.2037343773528084,0.035694037322525,-0.2424233004880171,0.2366553532860228,18.54354693094893,2.984148439590686,62.90115217725584,31.84501478000004
0.4712162162162162,0.049095562096584,-0.5589269221682072,0.2287488061127029,19.11906776428225,2.8733089733618686,62.28048726827334,32.54570888000001
0.3943058305830584,0.0011789553320934,-0.4719687819381214,0.3669064748201439,18.33977088928225,2.992261602896399,64.03543207444856,31.55448308000001
0.6454072527876618,-0.2508921083356629,-0.5956703690884492,0.77882797731569,18.178475316365564,3.0367836134203143,64.33165852586,28.77563282000005
0.6475896081550174,-0.1523950796960494,-0.6423485770128239,0.6570080862533693,19.11906776428225,2.8733089733618686,62.28048726827334,29.845473080000037
0.2634298367916018,-0.0672125696234101,-0.3190002825511803,0.192023158571888,18.54354693094893,2.984148439590686,62.90115217725584,29.913833479999997
0.5434809618076551,-0.0679588281142542,-0.5605429985512221,0.5390266299357208,18.12785682678225,3.042692733145983,65.54639981076248,29.773694660000046
0.2672143743720079,0.0501927081026004,-0.3543903979785218,0.3622377622377622,18.77092323303225,2.9235547705381517,62.60771955682329,32.415824120000025
0.2462807642009419,0.0337930035599667,-0.2834850586817615,0.0892494929006085,18.77092323303225,2.9235547705381517,62.60771955682329,31.54081100000002
0.6621761090155176,-0.2139626719319075,-0.6371749084660988,0.7086513994910941,18.079354222615564,3.078370231760757,65.82244784811813,28.218495560000008
0.6257600622278716,-0.0457060923152018,-0.6303533037803696,0.5550578574094811,19.11906776428225,2.8733089733618686,62.28048726827334,31.940719339999987
0.1369278302644973,0.0584093833661199,-0.1892618954211735,0.0526980119911644,18.12785682678225,3.042692733145983,65.54639981076248,30.481224800000007
0.3510301868711068,0.0389430964510836,-0.418205229661125,0.3821096173733195,18.17033729553225,3.0582498735863317,64.52942736293296,33.16437050000002
0.5601378562577448,-0.1344220751795016,-0.555830163541928,0.2689295039164491,18.54354693094893,2.984148439590686,62.90115217725584,30.323995879999984
0.203158070380356,0.0319457889641819,-0.2417856333559936,0.0428070175438596,18.178475316365564,3.0367836134203143,64.33165852586,29.52759722000002
0.5598783967771415,-0.1477031802120142,-0.558918918918919,0.2914738929279577,18.23601112365725,2.988557521308597,65.39613749133562,30.29665172
0.2852867830423941,0.0640964594413551,-0.4039006319459576,0.3168927250308261,18.17033729553225,3.0582498735863317,64.52942736293296,31.974899540000024
0.1498565371610172,0.1236224630360914,-0.210842274720656,0.06577373834011,18.54354693094893,2.984148439590686,62.90115217725584,36.99938894000002
0.2076995602873567,-0.0026669622261167,-0.3021113520029505,0.1405961487734107,18.17033729553225,3.0582498735863317,64.52942736293296,29.599375640000005
0.5032086453459279,-0.1363648429826658,-0.5017584480051922,0.3543075566009997,18.23601112365725,2.988557521308597,65.39613749133562,30.26588953999999
0.171423128214898,0.0354763010277711,-0.2640303919875668,0.1177829099307159,18.17033729553225,3.0582498735863317,64.52942736293296,31.44168841999999
0.7217872407000475,-0.1552548454513355,-0.6882430463068202,0.7528089887640449,18.079354222615564,3.078370231760757,65.82244784811813,29.903579420000028
0.2747763931698276,-0.008723496580928,-0.2593215273107673,0.0775510204081632,18.23601112365725,2.988557521308597,65.39613749133562,29.45581880000003
0.100203075137801,0.0318718488735719,-0.1453422526916631,0.0173655230834392,18.12785682678225,3.042692733145983,65.54639981076248,30.41970044000004
0.3965063798588831,0.0213620423092876,-0.4527211407940216,0.4078420912243264,18.33977088928225,2.992261602896399,64.03543207444856,32.83624057999998
0.433415159033623,-0.0457365085461877,-0.4689327263530601,0.4286353467561521,18.42692909240725,3.0261659658319164,63.215962152773066,33.76936004000004
0.2270112156178286,-0.0230480566466122,-0.2666410863835041,0.0965103598691385,18.42692909240725,3.0261659658319164,63.215962152773066,30.37526618000004
0.828441540482611,-0.3551160019984883,-0.7399435804225711,0.8470774091627172,18.54354693094893,2.984148439590686,62.90115217725584,30.002702
0.5970254389171742,-0.0576140678236325,-0.6239437130526241,0.6266666666666667,18.17033729553225,3.0582498735863317,64.52942736293296,28.26634783999998
0.1779873301416895,0.0457618752889007,-0.2224664518783936,0.0577367205542725,18.54354693094893,2.984148439590686,62.90115217725584,30.457298659999992
0.5343133193019672,-0.2329142918020559,-0.3554205402239953,0.5562390158172232,18.57479693094893,2.94861928655015,63.63319549091134,29.97193981999999
0.7325361924996295,-0.2413636846390766,-0.6751767628511369,0.782543265613243,18.77092323303225,2.9235547705381517,62.60771955682329,28.078356740000004
0.3157673637042569,0.0844903460482941,-0.2804306105994709,0.166718410431543,18.178475316365564,3.0367836134203143,64.33165852586,31.28787752000005
0.3248107032195843,0.0008511691969604584,-0.347315261169891,0.0823774765380604,18.178475316365564,3.0367836134203143,64.33165852586,28.69018232000002
0.766525380966798,-0.1183286881383814,-0.720682197975032,0.7186456843109204,18.34579302469893,2.935192618336431,64.89503711773511,29.729260400000044
0.198524073488841,0.0962768321193267,-0.2594646992298993,0.0855457227138643,18.12785682678225,3.042692733145983,65.54639981076248,32.890928900000006
0.1797385620915032,0.0293307042505994,-0.2505412661297307,0.079136690647482,18.12785682678225,3.042692733145983,65.54639981076248,30.159930920000026
0.3254410268008595,-0.0522140179994164,-0.3679826097105508,0.3446559297218155,18.12785682678225,3.042692733145983,65.54639981076248,30.05397230000005
0.6374542710591922,-0.1130589480382036,-0.6546658430176442,0.5637606837606838,18.17033729553225,3.0582498735863317,64.52942736293296,30.34450400000003
0.7743990577654051,-0.2692447615825988,-0.712381493632301,0.5286493860845839,18.77092323303225,2.9235547705381517,62.60771955682329,28.18773338000005
0.5651479124750912,-0.1044644312809086,-0.5603562448415517,0.5678191489361702,19.11906776428225,2.8733089733618686,62.28048726827334,30.89138720000005
0.2453437933947002,0.0446376111272795,-0.3295074200302609,0.1477166821994408,18.12785682678225,3.042692733145983,65.54639981076248,32.47393046000002
0.3613072226387903,-0.1039825629605061,-0.3454538454875316,0.5389541088580576,18.33977088928225,2.992261602896399,64.03543207444856,32.37480788000005
0.5007918300895433,-0.1515251311635513,-0.5152230598537093,0.6280288146692862,18.079354222615564,3.078370231760757,65.82244784811813,29.582285540000044
0.7430140682212374,-0.2886014090627382,-0.7036485901034113,0.7418449666783584,18.42692909240725,3.0261659658319164,63.215962152773066,31.26395137999998
0.305439398228657,0.0843705678788222,-0.3821753688843978,0.3463114754098361,18.23601112365725,2.988557521308597,65.39613749133562,32.88409286000001
0.5576223807170622,-0.1449141791449358,-0.5747425563169708,0.6802700214789813,18.54354693094893,2.984148439590686,62.90115217725584,30.238545380000005
0.420985686454459,0.0066854248733821,-0.487644540336446,0.5356679636835279,18.079354222615564,3.078370231760757,65.82244784811813,32.11503836000003
0.6850876170081946,-0.1310213317015554,-0.6528990932534732,0.7274939172749392,18.079354222615564,3.078370231760757,65.82244784811813,29.578867520000017
0.2391696347406226,-0.0287142309262536,-0.3032616021190227,0.0795690012432656,18.178475316365564,3.0367836134203143,64.33165852586,30.21120122000002
0.4756230234029097,0.0897305171158047,-0.5947138169886985,0.2947333987569512,18.77092323303225,2.9235547705381517,62.60771955682329,31.776654380000025
0.4783289074355082,0.0383972773867849,-0.5307625578997334,0.4438775510204081,18.54354693094893,2.984148439590686,62.90115217725584,32.76788018000002
0.1950678858409531,-0.0408625875903915,-0.2192226148409895,0.0392212997423418,18.33977088928225,2.992261602896399,64.03543207444856,30.37868420000001
0.7133244919452355,-0.2385134849360646,-0.6614625197401394,0.8228279386712095,18.12785682678225,3.042692733145983,65.54639981076248,30.35817608000002
0.4182639726016461,-0.0296451278246909,-0.3905447714464622,0.4925014997000599,19.11906776428225,2.8733089733618686,62.28048726827334,33.19171466
0.1639296457732211,0.252472880863081,-0.3577355855734886,0.0918977705274605,18.77092323303225,2.9235547705381517,62.60771955682329,37.58045234000002
0.5446459527937059,-0.0445380273053547,-0.5707979902768455,0.5064215562830521,18.33977088928225,2.992261602896399,64.03543207444856,32.42949620000002
0.3221547691086429,-0.031263005105614,-0.3906336616045825,0.3026419042636672,18.33977088928225,2.992261602896399,64.03543207444856,30.323995879999984
0.5289452963893368,-0.1719812039259076,-0.579766009375121,0.4911914004180352,18.54354693094893,2.984148439590686,62.90115217725584,32.26543124
0.4322945001424833,0.0489449541284403,-0.4573507187291323,0.3723468768950879,18.54354693094893,2.984148439590686,62.90115217725584,31.298131580000017
-0.0007136369534189632,-0.3307127429805613,0.123609570140252,0.1230283911671924,18.42692909240725,3.0261659658319164,63.215962152773066,25.938676220000048
0.465656079563683,-0.0590989967601904,-0.5034596240075693,0.618599501799059,18.42692909240725,3.0261659658319164,63.215962152773066,30.96658364000001
0.1838872104733133,0.0774060219216784,-0.2324286546301689,0.1131782945736434,18.178475316365564,3.0367836134203143,64.33165852586,31.29129554000002
0.37083230427266,0.0118893212278427,-0.453622036196979,0.3390119250425894,18.77092323303225,2.9235547705381517,62.60771955682329,33.22931288000001
0.2351688563279803,0.1241264268815211,-0.2804284245674713,0.3578882750153468,18.178475316365564,3.0367836134203143,64.33165852586,30.204365180000025
0.6650772102494484,-0.1673041119683082,-0.6378674322722797,0.691108545034642,18.17033729553225,3.0582498735863317,64.52942736293296,28.29711001999999
0.7378692959037122,-0.2528727600729227,-0.6948313641245972,0.6973402629165393,18.77092323303225,2.9235547705381517,62.60771955682329,28.242421700000023
0.3132550592153332,-0.0734061538675203,-0.3380132954781525,0.1686681222707423,18.42692909240725,3.0261659658319164,63.215962152773066,29.21313938000003
0.4666926935252531,0.0358993813144697,-0.5849153506117134,0.5284938941655359,18.34579302469893,2.935192618336431,64.89503711773511,31.46219654000004
0.4054778983508061,0.1131882053712175,-0.4981783129380626,0.3748789150791088,18.57479693094893,2.94861928655015,63.63319549091134,33.47199230000001
0.4791358663512715,-0.1309496054202609,-0.4943243344161905,0.6387184730743013,18.178475316365564,3.0367836134203143,64.33165852586,33.27032912000004
0.4577031147246965,-0.1307140290063414,-0.430654364631159,0.3161733161733162,18.178475316365564,3.0367836134203143,64.33165852586,30.11207864000005
0.173480894387525,0.0572972273447862,-0.2476556679312501,0.1278321678321678,18.54354693094893,2.984148439590686,62.90115217725584,32.679011660000015
0.3085636842509013,-0.0599200513659617,-0.370634240411399,0.3369091518605431,18.12785682678225,3.042692733145983,65.54639981076248,31.205845039999986
0.2916857103910578,0.0126748305323674,-0.307718534874659,0.1687641174572442,18.33977088928225,2.992261602896399,64.03543207444856,31.797162500000013
0.4672087112009173,-0.0438642029539452,-0.5454522419952871,0.4172954149738828,18.17033729553225,3.0582498735863317,64.52942736293296,30.26588953999999
0.5380253164556962,-0.113834520297909,-0.5304484129205621,0.503208758021895,18.23601112365725,2.988557521308597,65.39613749133562,30.34450400000003
0.4236004950134674,-0.0552771276129319,-0.4811224296588025,0.3830552829571475,18.33977088928225,2.992261602896399,64.03543207444856,33.65998339999999
0.6208112874779541,-0.1232647212226899,-0.6376554446927976,0.4693422519509476,18.23601112365725,2.988557521308597,65.39613749133562,29.99586596000006
0.1141913467500749,0.1365669007178441,-0.2499668742546707,0.0551442816135367,18.33977088928225,2.992261602896399,64.03543207444856,30.59060144
0.6969196869814384,-0.1679992011034757,-0.6532209618714443,0.7375988497483824,18.77092323303225,2.9235547705381517,62.60771955682329,32.972961380000015
0.3444828636436927,-0.0083508569201931,-0.397928580742507,0.2528856243441763,18.77092323303225,2.9235547705381517,62.60771955682329,35.792827880000004
0.1260273818052585,0.1180956252043368,-0.1834539838381681,0.2319946896780617,18.178475316365564,3.0367836134203143,64.33165852586,31.31863970000001
0.2196587264026922,0.028116194047831,-0.3165647305907561,0.0652765185856754,18.77092323303225,2.9235547705381517,62.60771955682329,31.773236360000052
0.6356880376095749,-0.1528783614646109,-0.6568273739589723,0.6593220338983051,18.17033729553225,3.0582498735863317,64.52942736293296,26.663296460000023
0.2044460117811476,0.0928934334715397,-0.3128047434993986,0.1621307280762968,18.42692909240725,3.0261659658319164,63.215962152773066,35.724467480000044
0.6737650465316715,-0.160150088267474,-0.632040640963901,0.572039942938659,19.11906776428225,2.8733089733618686,62.28048726827334,30.24196340000003
0.2665582740256831,0.032952982716967,-0.3527576740703768,0.2158881941890401,18.178475316365564,3.0367836134203143,64.33165852586,30.47438876000001
0.567005122575924,-0.1827494843314431,-0.5589657251413426,0.3113243761996161,18.23601112365725,2.988557521308597,65.39613749133562,30.05397230000005
0.8313404356813482,-0.3071872428567375,-0.7584469517687833,0.8159895150720838,18.23601112365725,2.988557521308597,65.39613749133562,30.42311846000001
0.4928412634581972,-0.0707591836734694,-0.5412067898575131,0.3063818967709127,18.079354222615564,3.078370231760757,65.82244784811813,30.58718342000003
0.501728598398036,-0.0100008360155499,-0.5330404162172452,0.512966164485058,18.57479693094893,2.94861928655015,63.63319549091134,31.896285079999984
0.5664851299432103,-0.1842818163147547,-0.5438574124126676,0.1131554737810487,18.12785682678225,3.042692733145983,65.54639981076248,27.46311314000002
0.3185810696239019,-0.0279180436219432,-0.2923071809615608,0.4031983667914257,18.17033729553225,3.0582498735863317,64.52942736293296,29.82154694000002
0.1825807603069786,0.0934739978413874,-0.2281236484955825,0.1339820359281437,18.178475316365564,3.0367836134203143,64.33165852586,31.09646840000005
0.1948395847125118,0.0647827515608017,-0.3291662176240255,0.1156501726121979,18.42692909240725,3.0261659658319164,63.215962152773066,33.70783568000002
0.1090034857688055,0.0150430821119044,-0.1640391060344654,0.0667745851881829,18.12785682678225,3.042692733145983,65.54639981076248,32.28935738000001
0.592214121887287,-0.1205655360269795,-0.55388566346567,0.5221295702373316,18.17033729553225,3.0582498735863317,64.52942736293296,32.46025838000003
0.5130433067371516,-0.1351071386290991,-0.5324955547120054,0.595810705973623,18.42692909240725,3.0261659658319164,63.215962152773066,32.2073249
0.7627754579799604,-0.2744671541971373,-0.6898189201508309,0.7792713123452423,18.77092323303225,2.9235547705381517,62.60771955682329,29.585703560000013
0.7418033974253735,-0.2385458440916332,-0.6840208399469666,0.7336244541484717,18.33977088928225,2.992261602896399,64.03543207444856,26.98459034000001
0.3881801757242269,0.066231071720677,-0.5021445827913027,0.3315479378682378,18.57479693094893,2.94861928655015,63.63319549091134,32.57305303999999
0.1438115647116026,0.041180466450298,-0.2181309092303855,0.1022840119165839,18.54354693094893,2.984148439590686,62.90115217725584,31.28787752000005
0.4843842438477364,-0.0459225892351628,-0.5242084648025241,0.5126676602086438,18.33977088928225,2.992261602896399,64.03543207444856,30.635035700000003
0.1061461871306936,0.0234942332336607,-0.2407703147017378,0.0834708017156054,18.54354693094893,2.984148439590686,62.90115217725584,29.64039188000004
0.1015961336922183,0.019053885300713,-0.1685648473990659,0.1184210526315789,18.17033729553225,3.0582498735863317,64.52942736293296,30.47780678000004
0.557821983961721,-0.1856887540043837,-0.6007283984339433,0.7590618336886994,18.178475316365564,3.0367836134203143,64.33165852586,27.603251960000023
0.7549498151082937,-0.2661290322580645,-0.6969678394834703,0.7315373896888063,18.77092323303225,2.9235547705381517,62.60771955682329,30.597437480000053
0.4335046192156621,0.0075437911360454,-0.5322906786079308,0.345636126791142,18.42692909240725,3.0261659658319164,63.215962152773066,30.019792100000014
0.6488064224573343,-0.16379711493718,-0.6293673227064004,0.6188870151770658,18.23601112365725,2.988557521308597,65.39613749133562,29.1652871
0.0948299421132393,0.0439882273821835,-0.173738180849647,0.0544196288140924,18.079354222615564,3.078370231760757,65.82244784811813,30.20094716000005
0.0476138513021971,-0.4690640142820709,0.0948916578934962,-0.1138140747176368,19.11906776428225,2.8733089733618686,62.28048726827334,27.288794120000038
0.744161303716006,-0.3651883372094204,-0.6657084087135389,0.7741407528641571,18.77092323303225,2.9235547705381517,62.60771955682329,27.58957988000003
0.5801354005893082,-0.0852682362719765,-0.5901056328706196,0.7051282051282052,18.178475316365564,3.0367836134203143,64.33165852586,28.990968080000016
0.2070499657768651,0.0868608414239483,-0.2296614146832049,0.1658767772511848,18.57479693094893,2.94861928655015,63.63319549091134,30.597437480000053
0.2704668564507105,0.1081964099974535,-0.4090298471840543,0.2209068572704936,18.54354693094893,2.984148439590686,62.90115217725584,33.41046793999999
0.7724680211183169,-0.3440798099189746,-0.7149834315051372,0.872636815920398,18.34579302469893,2.935192618336431,64.89503711773511,30.26588953999999
0.6282742418186605,-0.1715977161455045,-0.5954266283323622,0.7752467729688687,18.33977088928225,2.992261602896399,64.03543207444856,30.04713626
0.5474425601750547,-0.1249484249091533,-0.5512932127751462,0.2284054712385235,18.54354693094893,2.984148439590686,62.90115217725584,33.39679586
0.5375418007445264,0.0126465598014637,-0.5891031806843933,0.5471927162367223,18.34579302469893,2.935192618336431,64.89503711773511,31.70145794000001
0.3513967262043557,-0.1267907632998371,-0.4045075298597887,0.4504814305364512,18.54354693094893,2.984148439590686,62.90115217725584,30.658961840000018
0.0889568348195396,0.1137748671370471,-0.1746783555226399,0.0429357798165137,18.54354693094893,2.984148439590686,62.90115217725584,31.35623792000001
0.2217928438419799,0.0789503475445467,-0.2662772238189611,0.1702637889688249,18.12785682678225,3.042692733145983,65.54639981076248,32.16289064
0.2949284518145491,0.0220475101243225,-0.3648139770489924,0.2033310201249132,18.77092323303225,2.9235547705381517,62.60771955682329,34.907560699999976
0.4857682181709801,-0.0624530077970055,-0.5165676523032459,0.5244444444444445,18.12785682678225,3.042692733145983,65.54639981076248,31.62284348000003
0.5787185040046751,-0.0942892713117342,-0.5872711406032644,0.478021978021978,18.079354222615564,3.078370231760757,65.82244784811813,31.17850088
0.6401771042541538,-0.200357438137313,-0.6033465335489988,0.7508783136378154,18.178475316365564,3.0367836134203143,64.33165852586,28.22874962000003
0.6390718201565355,-0.0731955097272312,-0.6291853730422565,0.6302410036315615,18.77092323303225,2.9235547705381517,62.60771955682329,32.17998074000002
0.282946682946683,0.0556903627812228,-0.3099235372340426,0.2030728122912491,18.178475316365564,3.0367836134203143,64.33165852586,30.498314900000025
0.4096519749518305,-0.0565292687467212,-0.4202344662329194,0.2467198353485979,18.54354693094893,2.984148439590686,62.90115217725584,32.84991266000003
0.6755270394133821,-0.1385722049547212,-0.6449580943978828,0.7392204208347706,18.079354222615564,3.078370231760757,65.82244784811813,26.69064062000001
0.2606103396877696,0.1317925789850472,-0.3597630632536492,0.2089102950030102,18.12785682678225,3.042692733145983,65.54639981076248,27.914291779999985
0.4294853275001033,-0.0562752079537051,-0.50283123250819,0.6894757903161265,18.17033729553225,3.0582498735863317,64.52942736293296,28.618403900000036
0.8413279421153438,-0.4175153016422233,-0.7718128501687364,0.8849797023004059,18.42692909240725,3.0261659658319164,63.215962152773066,27.022188560000014
0.1635251588058181,0.1211617843113491,-0.2364416894853508,0.1160384331116038,18.77092323303225,2.9235547705381517,62.60771955682329,31.448524460000044
0.6494248832186448,-0.1300673117953941,-0.6273067850700709,0.5813953488372093,19.11906776428225,2.8733089733618686,62.28048726827334,31.99540766000001
0.673407685395634,-0.2701785356068205,-0.6259501212046509,0.7613135762915498,18.17033729553225,3.0582498735863317,64.52942736293296,31.97831756000005
0.521000586281024,0.0356022343710502,-0.5944898343836302,0.476911710380495,19.11906776428225,2.8733089733618686,62.28048726827334,33.32843546000004
0.7617677162983925,-0.2602916727683071,-0.6824323547337312,0.8163592622293504,18.54354693094893,2.984148439590686,62.90115217725584,26.946992120000004
0.4182584450863323,0.0230808347609713,-0.5123356771629473,0.241123476417594,18.079354222615564,3.078370231760757,65.82244784811813,33.335271499999976
0.4471371544327931,-0.0882178339811153,-0.5583321971914572,0.2670497127154634,18.34579302469893,2.935192618336431,64.89503711773511,30.597437480000053
0.2876367815326193,-0.0029968863518421,-0.3119124384863398,0.0783259293897591,18.23601112365725,2.988557521308597,65.39613749133562,30.611109560000045
0.6928580554490864,-0.1599320090168298,-0.637065637065637,0.7231686541737649,18.77092323303225,2.9235547705381517,62.60771955682329,28.191151400000024
0.1286543432668388,0.0634819137656114,-0.1914245113989743,0.0852921423774345,18.12785682678225,3.042692733145983,65.54639981076248,31.335729800000024
0.4870120496834637,0.0109135466054618,-0.5306437233786634,0.3423597678916827,18.54354693094893,2.984148439590686,62.90115217725584,32.75079008
0.2134985641330333,0.1809632020165371,-0.3772336838725214,0.2439320388349514,18.23601112365725,2.988557521308597,65.39613749133562,32.60381522
0.4112851733610512,-0.0692384279181222,-0.4721198228059849,0.3221459445715738,18.57479693094893,2.94861928655015,63.63319549091134,31.674113780000027
0.630309571795631,-0.1313108549688144,-0.6448264896067226,0.5971385542168675,18.42692909240725,3.0261659658319164,63.215962152773066,31.54764704000001
0.2745326414538533,0.0074923682306647,-0.3417557251908397,0.2930800542740841,18.42692909240725,3.0261659658319164,63.215962152773066,32.303029460000005
0.4095918419288883,-0.0013922456138236,-0.465529407613873,0.2973352033660589,18.57479693094893,2.94861928655015,63.63319549091134,32.43975025999998
0.2380331990514556,-0.0346701559679468,-0.3067829527497316,0.0719874804381846,18.54354693094893,2.984148439590686,62.90115217725584,32.463676400000054
0.1546571530295654,0.0055756149759391,-0.2178284593219298,0.0905945945945946,18.23601112365725,2.988557521308597,65.39613749133562,30.99392780000005
0.5825182346811871,-0.0795104754807829,-0.6178097725242251,0.6498618784530387,19.11906776428225,2.8733089733618686,62.28048726827334,31.83134270000005
0.5479205377832941,-0.0998679709842024,-0.5507352624089007,0.4228527995946288,19.11906776428225,2.8733089733618686,62.28048726827334,33.465156260000015
0.2219203735531284,0.2055288317118792,-0.4095033717286416,0.203384708371109,19.11906776428225,2.8733089733618686,62.28048726827334,35.04769952000004
0.322995656056547,0.1280071428215142,-0.4610415117046793,0.2894818492088116,18.42692909240725,3.0261659658319164,63.215962152773066,32.904600980000055
0.4938045489375222,-0.200090086708457,-0.4927304815530717,0.2857718661829907,18.77092323303225,2.9235547705381517,62.60771955682329,31.62626150000005
0.5102046768701283,0.0451351750082985,-0.5399726377777117,0.5391304347826087,18.079354222615564,3.078370231760757,65.82244784811813,32.28935738000001
0.3328539199097575,0.0112756788418894,-0.421133737756429,0.4297940625835785,18.42692909240725,3.0261659658319164,63.215962152773066,33.85481054000002
0.5669123995483829,-0.0104230795997794,-0.590293634410414,0.5864837738374038,18.77092323303225,2.9235547705381517,62.60771955682329,31.103304439999988
0.3942725622980568,-0.0093757409911497,-0.4131242261659101,0.1069182389937107,18.17033729553225,3.0582498735863317,64.52942736293296,31.680949820000023
0.5585376989303419,-0.0256129620687805,-0.5779247042897588,0.6266326855686525,18.57479693094893,2.94861928655015,63.63319549091134,33.32843546000004
0.2543650884459599,0.1469257375856447,-0.4152068676176338,0.2370334464372273,18.079354222615564,3.078370231760757,65.82244784811813,33.530098640000006
0.4669115371123171,-0.397444466286613,-0.3295926383121982,0.5422587883320867,18.33977088928225,2.992261602896399,64.03543207444856,27.39133472000003
0.7881689568464099,-0.2695796440228661,-0.7216289799312021,0.7877927608232789,19.11906776428225,2.8733089733618686,62.28048726827334,27.172581440000044
0.4332788444666093,-0.0621069128586974,-0.5203918687239775,0.3533397870280735,18.178475316365564,3.0367836134203143,64.33165852586,29.68482614000004
0.0594096580406653,-0.0252103189021492,-0.117548042135409,0.0039651070578905,18.178475316365564,3.0367836134203143,64.33165852586,31.16824682000004
0.5698463109848544,-0.1347669093132447,-0.5705355931120921,0.6903390914907229,18.54354693094893,2.984148439590686,62.90115217725584,31.83817873999999
0.3612384578292442,-0.1262892123002167,-0.35951639915758,0.543579507651364,18.42692909240725,3.0261659658319164,63.215962152773066,31.40409020000004
0.4950257611241217,-0.0512261472694099,-0.4621797925752191,0.5952662721893491,18.178475316365564,3.0367836134203143,64.33165852586,31.014435919999983
0.31017057641127,-0.0856744056204346,-0.3891012132252265,0.4816753926701571,18.178475316365564,3.0367836134203143,64.33165852586,31.48954070000002
0.6114968914395027,-0.0372463553979511,-0.6571782665145376,0.5973876296580868,18.57479693094893,2.94861928655015,63.63319549091134,33.56769686000001
0.7427500558483572,-0.2158929540390453,-0.6899932603742097,0.7525581395348837,18.23601112365725,2.988557521308597,65.39613749133562,31.882612999999992
0.7782552722490299,-0.3298148648367859,-0.7202451349317277,0.794014768752429,18.42692909240725,3.0261659658319164,63.215962152773066,29.055910460000007
0.3962320319809473,-0.0390790046287138,-0.3834500921780354,0.2134579439252336,18.33977088928225,2.992261602896399,64.03543207444856,30.177021019999984
0.5825629476831656,-0.1802438817850791,-0.5961863314913963,0.331002331002331,18.079354222615564,3.078370231760757,65.82244784811813,32.06035004
0.5452758209094952,0.0081794215068462,-0.5546817052639016,0.5370451556334941,18.57479693094893,2.94861928655015,63.63319549091134,31.59891734000001
0.122793063583815,0.1018104066941396,-0.1769119657208225,0.0284883720930232,18.178475316365564,3.0367836134203143,64.33165852586,31.08963236
0.3448904969015818,0.1127835585551273,-0.4437961753962614,0.3398363750786658,18.17033729553225,3.0582498735863317,64.52942736293296,35.088715760000014
0.1800068017684596,0.0130676304253254,-0.2508880382572183,0.1659711075441412,18.54354693094893,2.984148439590686,62.90115217725584,31.595499320000044
0.2129422105031862,0.0926633628376767,-0.2676334493013215,0.1267605633802817,18.12785682678225,3.042692733145983,65.54639981076248,30.96316562000004
0.3443618217752592,0.014441011190983,-0.3793188438270222,0.263905325443787,18.12785682678225,3.042692733145983,65.54639981076248,32.25517718000003
0.3614368085634675,0.1618031728776709,-0.4941412754963011,0.3122901276024177,18.34579302469893,2.935192618336431,64.89503711773511,32.53887284000001
0.574692332952822,-0.1066177278621509,-0.5509487432232627,0.4160475482912333,18.42692909240725,3.0261659658319164,63.215962152773066,29.24390156000004
0.6197483059051307,-0.0961240486715581,-0.6113925852727138,0.5507476932866688,18.23601112365725,2.988557521308597,65.39613749133562,33.82746638000003
0.3035021248743975,-0.0757350983301,-0.3188822146774616,0.1461625282167042,18.33977088928225,2.992261602896399,64.03543207444856,29.04223838000001
0.1043598763458055,0.0891006407508764,-0.170588401457586,0.0389610389610389,18.33977088928225,2.992261602896399,64.03543207444856,32.55254492000006
0.4768694080178519,-0.099655598496201,-0.4654857086799011,0.2853172765169059,18.178475316365564,3.0367836134203143,64.33165852586,31.10672246000001
0.473490813648294,0.0389596590439536,-0.5373124462951948,0.4016709511568123,18.079354222615564,3.078370231760757,65.82244784811813,29.794202779999974
0.2270578692697114,0.0471836415563543,-0.1913212312120675,0.4201405152224824,18.178475316365564,3.0367836134203143,64.33165852586,34.13167016
0.2039599396982994,0.0254776079961449,-0.294767603961214,0.0800618238021638,18.178475316365564,3.0367836134203143,64.33165852586,29.90699744000005
0.3637612935294289,-0.0439901514586285,-0.3595344046948173,0.4158815612382234,18.54354693094893,2.984148439590686,62.90115217725584,30.778592539999977
0.162003390917839,0.0310200151317146,-0.2071519698383381,0.1768246802106847,18.54354693094893,2.984148439590686,62.90115217725584,29.859145160000025
0.232120564922466,0.030211194241879,-0.2992965844296942,0.1167883211678832,18.17033729553225,3.0582498735863317,64.52942736293296,28.519281320000005
0.2950334972017223,0.1127001161608244,-0.4436197414283565,0.2395209580838323,18.42692909240725,3.0261659658319164,63.215962152773066,32.82940454000004
0.3893834437977826,0.0033056786837388,-0.4771425844626836,0.3052631578947368,18.42692909240725,3.0261659658319164,63.215962152773066,31.52030288000003
0.1539062149427867,-0.0026592218851622,-0.2242461175171154,0.0668364099299809,18.12785682678225,3.042692733145983,65.54639981076248,30.727322240000035
0.7758841392198084,-0.2344864317169172,-0.7121803129532374,0.8055865921787709,19.11906776428225,2.8733089733618686,62.28048726827334,28.25951180000004
0.7501031847844276,-0.3086650428747788,-0.664717803974831,0.7965981573352232,18.33977088928225,2.992261602896399,64.03543207444856,27.722882659999986
0.645989452109173,-0.0916046119295531,-0.6362201427029814,0.6449968132568515,18.54354693094893,2.984148439590686,62.90115217725584,30.83669888000003
0.2269019266526882,-0.0617630544637842,-0.2623909079067344,0.2914323519682434,18.17033729553225,3.0582498735863317,64.52942736293296,31.058870179999985
0.1080839103777326,0.0999438465999577,-0.1834753558632708,0.0292846855496879,18.33977088928225,2.992261602896399,64.03543207444856,33.33185348000001
0.6729363372908291,-0.192573488740945,-0.6303523924055248,0.6573088092933205,18.57479693094893,2.94861928655015,63.63319549091134,28.96704194000006
0.7135579809891288,-0.2840029562491369,-0.6419113294353457,0.8134453781512605,18.12785682678225,3.042692733145983,65.54639981076248,27.05636876000005
0.7089108430225501,-0.2853022078333049,-0.6718594158157206,0.7705882352941177,18.079354222615564,3.078370231760757,65.82244784811813,31.513466839999975
0.4789946502473,-0.0388924077557926,-0.5211051207341634,0.5006668444918645,18.23601112365725,2.988557521308597,65.39613749133562,29.578867520000017
0.4577311406022663,-0.109646325992254,-0.4889263165479289,0.4637473079684135,18.12785682678225,3.042692733145983,65.54639981076248,32.333791640000015
0.6572625852340606,-0.127117955512778,-0.6242603283826746,0.5495185694635488,18.33977088928225,2.992261602896399,64.03543207444856,32.08427618000002
0.1916730171756845,-0.0344235392893943,-0.2560628996879729,0.3129718599862731,18.54354693094893,2.984148439590686,62.90115217725584,29.68140812000001
0.192993959624861,0.0463854895451981,-0.254552482840039,0.151595744680851,18.12785682678225,3.042692733145983,65.54639981076248,30.60769154000002
0.559984631639612,-0.0407428293133058,-0.5990115094172433,0.5909822866344605,18.079354222615564,3.078370231760757,65.82244784811813,30.857207000000017
0.2183327318657524,0.0666637565386938,-0.2647061723039917,0.1453096259963212,18.178475316365564,3.0367836134203143,64.33165852586,30.90505928000005
0.5046612186607426,0.0442117730067532,-0.5612060094669687,0.4841467759173495,18.77092323303225,2.9235547705381517,62.60771955682329,32.90118296000003
0.5197558766367961,-0.1027617540456377,-0.4933204292898743,0.6318811212428234,18.42692909240725,3.0261659658319164,63.215962152773066,31.13406662
0.1791935233635631,-0.1331336486724582,-0.229156559196695,0.0330594305369768,18.12785682678225,3.042692733145983,65.54639981076248,29.82838298000001
0.3462365901904445,-0.0763831568010621,-0.3745070723599349,0.3572365544381286,18.33977088928225,2.992261602896399,64.03543207444856,30.43679054000006
0.250077244564422,0.0944634232536223,-0.3468064790237664,0.207901554404145,18.17033729553225,3.0582498735863317,64.52942736293296,31.014435919999983
0.541083581861283,0.0218892191955347,-0.5787659495294707,0.4976525821596244,18.23601112365725,2.988557521308597,65.39613749133562,33.167788520000045
0.252094258666485,0.0730698934896326,-0.3039924106074174,0.1230215827338129,18.42692909240725,3.0261659658319164,63.215962152773066,33.01397761999999
0.5810918442744869,-0.2101385940816582,-0.5825953318605323,0.5839668279198341,18.54354693094893,2.984148439590686,62.90115217725584,28.731198560000053
0.3196495515834386,0.0369127516778522,-0.4611292024033389,0.3866587957497048,18.17033729553225,3.0582498735863317,64.52942736293296,33.85139251999999
0.2451687189679576,0.0498043978307468,-0.2980519281935227,0.1031803835882495,18.23601112365725,2.988557521308597,65.39613749133562,31.66727774000003
0.5751156934803321,-0.1097738592569062,-0.5814791721828853,0.5900396968603392,18.54354693094893,2.984148439590686,62.90115217725584,32.08085816000005
0.1804769084715473,0.0685373355306643,-0.2371710834347785,0.0801212646167171,18.178475316365564,3.0367836134203143,64.33165852586,31.024689980000005
0.1231024334130806,0.0840901379213987,-0.1932986172059367,0.051329911339244,18.12785682678225,3.042692733145983,65.54639981076248,32.036423900000045
0.5558768884143624,-0.0360869759942673,-0.5887882559986264,0.4991044776119403,19.11906776428225,2.8733089733618686,62.28048726827334,33.12677228000001
0.6083970347867721,-0.0394353573829262,-0.6495897995986896,0.4700801974090068,18.34579302469893,2.935192618336431,64.89503711773511,30.857207000000017
0.4810871243378496,-0.0756332845736968,-0.5274524158125915,0.4259992797983435,18.77092323303225,2.9235547705381517,62.60771955682329,29.85572714
0.3678022482220694,0.0146941361170021,-0.3906122448979591,0.2156360140980455,18.77092323303225,2.9235547705381517,62.60771955682329,29.582285540000044
0.6246571359340926,-0.2645523401430338,-0.6542876035015347,0.6665468918433345,18.33977088928225,2.992261602896399,64.03543207444856,29.746350500000005
0.7506228611867809,-0.3811031571218797,-0.6886765104687808,0.7796208530805687,18.77092323303225,2.9235547705381517,62.60771955682329,29.257573640000032
0.2277204581121239,0.0110942269677125,-0.2666844657267614,0.0854533594259621,18.57479693094893,2.94861928655015,63.63319549091134,32.05009598000004
0.2227068256044038,0.0703751711357164,-0.2971504528913133,0.2463015831819361,18.54354693094893,2.984148439590686,62.90115217725584,32.34062768000001
0.3693942614240171,0.0597935135529531,-0.4114683169943589,0.4740983606557377,18.12785682678225,3.042692733145983,65.54639981076248,31.123812560000037
0.1658049952668754,0.0663906464122226,-0.3151841750731114,0.0799567801188546,18.12785682678225,3.042692733145983,65.54639981076248,30.70681411999999
0.5210265327150955,-0.1310323360748962,-0.4365610364333068,0.514018691588785,18.57479693094893,2.94861928655015,63.63319549091134,28.94995184000004
0.3205893597623738,0.1100893794962247,-0.3662613211087333,0.2923076923076923,18.17033729553225,3.0582498735863317,64.52942736293296,33.56427884000004
0.7797962770345397,-0.2763563174782815,-0.6975839213170837,0.8333882120513665,18.23601112365725,2.988557521308597,65.39613749133562,27.534891560000005
0.7637245506639809,-0.2473081099024211,-0.692189332457663,0.8698315467075038,18.178475316365564,3.0367836134203143,64.33165852586,29.05249244000004
0.3437715782016445,0.0213369036345232,-0.3776086197069151,0.2926761347813979,18.42692909240725,3.0261659658319164,63.215962152773066,30.40944638000002
0.5267130184608007,-0.167466009592115,-0.5592818594082098,0.648,18.17033729553225,3.0582498735863317,64.52942736293296,30.898223239999997
0.2241878375081594,0.1425919340910035,-0.317139614074915,0.2462282949046399,18.23601112365725,2.988557521308597,65.39613749133562,30.594019460000027
0.7146630044369321,-0.2089229852524951,-0.7133356790992259,0.6919986608637428,18.42692909240725,3.0261659658319164,63.215962152773066,29.47974494000005
0.2108247792692555,0.0053189607387576,-0.2825230759872874,0.0879160636758321,18.42692909240725,3.0261659658319164,63.215962152773066,30.81960878000001
0.1830336291452591,0.0520603485244239,-0.2259430680340018,0.0951515151515151,18.178475316365564,3.0367836134203143,64.33165852586,32.05009598000004
0.5130256029799304,-0.0356092503649789,-0.5539769344942813,0.5141800246609125,18.42692909240725,3.0261659658319164,63.215962152773066,30.604273519999992
0.4143070544990683,-6.527608818209329e-05,-0.4965057320202817,0.3157290470723307,18.23601112365725,2.988557521308597,65.39613749133562,31.84843280000001
0.552751058099269,-0.1772167723760865,-0.5503139131580103,0.6335129838314552,18.33977088928225,2.992261602896399,64.03543207444856,29.291753840000013
0.3253808785003942,-0.1573313196819613,-0.3287266051302971,0.1644236395552955,18.12785682678225,3.042692733145983,65.54639981076248,29.257573640000032
0.7256309179250101,-0.1754567513559805,-0.6679620745091586,0.7934551636209095,18.57479693094893,2.94861928655015,63.63319549091134,29.24390156000004
0.1197585894047572,0.1043768388007667,-0.2062507303496115,0.0065451145395044,18.17033729553225,3.0582498735863317,64.52942736293296,31.797162500000013
0.2145632576935032,0.0916606731614469,-0.2770616713990969,0.0748573346760658,18.178475316365564,3.0367836134203143,64.33165852586,30.573511339999985
0.3629164413087175,-0.0540464611024054,-0.4084405996346134,0.2871388391715673,18.54354693094893,2.984148439590686,62.90115217725584,29.807874860000027
0.5872589403491167,-0.0746765877473192,-0.5952111782551056,0.6812589413447783,18.34579302469893,2.935192618336431,64.89503711773511,35.43051776000004
0.6013895201610285,-0.1658787936087737,-0.5534932549472468,0.6151797603195739,18.178475316365564,3.0367836134203143,64.33165852586,29.88990734000004
0.4353837858585489,-0.0467723231542326,-0.4624344733191184,0.3586044951358604,18.77092323303225,2.9235547705381517,62.60771955682329,33.50617250000005
0.5812501846035698,-0.0466681872983805,-0.5966398250323095,0.605111294311624,18.17033729553225,3.0582498735863317,64.52942736293296,30.594019460000027
0.5142024713596571,-0.1096776774374205,-0.5418606266935314,0.4040816326530612,18.42692909240725,3.0261659658319164,63.215962152773066,32.13896450000004
0.4763999773969339,0.0620538278493476,-0.5326059630951783,0.4600785340314136,18.17033729553225,3.0582498735863317,64.52942736293296,31.4724506
0.7271109001364743,-0.2552072103152357,-0.6783624044976214,0.7318041464490516,18.57479693094893,2.94861928655015,63.63319549091134,29.548105340000006
0.2658006427380097,0.1572946476126854,-0.4154940255959241,0.244824730886006,19.11906776428225,2.8733089733618686,62.28048726827334,37.49158382000002
0.4390460704607047,-0.0881846648195812,-0.4757655708060356,0.5651438240270727,18.57479693094893,2.94861928655015,63.63319549091134,31.55448308000001
0.7660476202097112,-0.2763273152693431,-0.6870939666158963,0.6560967636482511,19.11906776428225,2.8733089733618686,62.28048726827334,30.317159840000045
0.6562707799640267,-0.1716920893934019,-0.6469886831721805,0.7199795605518651,18.57479693094893,2.94861928655015,63.63319549091134,31.154574740000044
0.846731150546881,-0.4066443276367003,-0.7653077168692298,0.9002564833285837,18.17033729553225,3.0582498735863317,64.52942736293296,26.119831280000028
0.5025127661468493,-0.060040651334871,-0.5383927017822963,0.4915572232645403,18.42692909240725,3.0261659658319164,63.215962152773066,31.298131580000017
0.4346775724318821,-0.0547742741695052,-0.4924695280664908,0.4093921060213195,18.42692909240725,3.0261659658319164,63.215962152773066,30.566675300000043
0.0520581455520534,0.0039683423374471,-0.1092285257968195,0.0194926568758344,18.12785682678225,3.042692733145983,65.54639981076248,34.03254758000003
-0.0033700186175854,-0.1751465807097005,0.1245575175440413,0.238150965476887,18.33977088928225,2.992261602896399,64.03543207444856,27.01877053999999
0.6212116423853618,-0.0910018927713149,-0.6075205640423033,0.6087202718006794,18.57479693094893,2.94861928655015,63.63319549091134,31.31863970000001
0.3801818250979497,0.0158724992405503,-0.4569971489378789,0.3030389094007384,18.17033729553225,3.0582498735863317,64.52942736293296,30.908477300000012
0.5173275625590541,-0.0803912951478751,-0.5668389868517338,0.7284162378502002,18.079354222615564,3.078370231760757,65.82244784811813,31.78349042000002
0.2043915599149558,0.0138391093816288,-0.2771830772437051,0.1538461538461538,18.17033729553225,3.0582498735863317,64.52942736293296,29.941177639999975
0.5973126969355602,-0.1812139687905586,-0.6158851801080153,0.5331034482758621,18.57479693094893,2.94861928655015,63.63319549091134,32.511528680000026
0.2173776870305789,0.0960320583920713,-0.1685263340463663,0.0032423669278573,18.34579302469893,2.935192618336431,64.89503711773511,32.02275182000005
0.7396971644882508,-0.2309849901450447,-0.6862090151521708,0.8356789653860783,19.11906776428225,2.8733089733618686,62.28048726827334,32.61748729999999
0.5157085413812913,0.0252304844334203,-0.5788560043660943,0.5084275656069981,18.23601112365725,2.988557521308597,65.39613749133562,34.336751359999994
0.2611624086013241,-0.0088775816084179,-0.2948279093626381,0.2510853835021707,18.54354693094893,2.984148439590686,62.90115217725584,30.788846600000056
0.1822528238908013,0.0062618595825427,-0.2906508000774552,0.1005950694247662,18.33977088928225,2.992261602896399,64.03543207444856,30.54616718
0.6408998514580565,-0.3099751907503629,-0.6140070939028963,0.6291230893000804,18.77092323303225,2.9235547705381517,62.60771955682329,30.935821460000057
0.2044687854245481,0.0721042054648949,-0.2864123696302237,0.1265256305939788,18.57479693094893,2.94861928655015,63.63319549091134,32.66875760000005
0.6980047402128051,-0.1702502316960148,-0.6671782938060109,0.6987283990870558,18.54354693094893,2.984148439590686,62.90115217725584,29.26099166000006
0.6015336881053832,-0.1661495714545689,-0.6215398858200896,0.3215502555366269,18.34579302469893,2.935192618336431,64.89503711773511,30.53249510000001
0.3422268807470579,0.0332797639132748,-0.4120359541551107,0.2340902719372021,18.17033729553225,3.0582498735863317,64.52942736293296,30.09498854000003
0.3159527018881985,-0.0804668028324891,-0.3759983499295282,0.7154508382419574,18.17033729553225,3.0582498735863317,64.52942736293296,28.792722920000017
0.3830073012811681,-0.0405457054201296,-0.3929014299464962,0.3144672249494658,18.178475316365564,3.0367836134203143,64.33165852586,30.153094880000022
0.825597727575898,-0.4554918140471827,-0.7810167571250316,0.8562091503267973,18.33977088928225,2.992261602896399,64.03543207444856,25.00555675999999
0.2999482358441731,-0.0338164892734068,-0.3713591164113901,0.3929731325656923,18.33977088928225,2.992261602896399,64.03543207444856,29.650645940000004
0.3807716454540266,0.1797623285697333,-0.388617839513259,0.1840591618734593,18.42692909240725,3.0261659658319164,63.215962152773066,30.44362658
0.1417897460291677,0.0695748362027399,-0.1856724617775689,0.1362038664323374,18.54354693094893,2.984148439590686,62.90115217725584,29.51734316
0.1690824563685785,0.0755186901719582,-0.2464358452138491,0.0829165569886812,18.34579302469893,2.935192618336431,64.89503711773511,32.990051480000034
0.4104130132430307,-0.0668461427880657,-0.4543608198751124,0.4461637653127014,18.17033729553225,3.0582498735863317,64.52942736293296,29.78394872000001
0.1039914734878765,0.0780336273576088,-0.1417391400196204,0.0355947672649832,18.12785682678225,3.042692733145983,65.54639981076248,30.98025572000006
0.5174498204644674,-0.0483589832061249,-0.5122930772597379,0.5155605549306337,18.77092323303225,2.9235547705381517,62.60771955682329,31.80058052000004
0.3483803345561677,0.1651912359856008,-0.4390754555830178,0.2985938792390405,19.11906776428225,2.8733089733618686,62.28048726827334,33.76936004000004
0.2961866641844302,-0.0267105780574125,-0.3487576195888005,0.524060330380656,18.17033729553225,3.0582498735863317,64.52942736293296,30.58376540000006
0.1274138575732699,0.1563088996815799,-0.3079109285094584,0.2905010759299108,18.23601112365725,2.988557521308597,65.39613749133562,33.37286972000004
0.7775169061358113,-0.2871809914931065,-0.7184462915601024,0.7850888829928363,18.77092323303225,2.9235547705381517,62.60771955682329,29.178959179999996
0.4546237139939403,-0.1204987680325576,-0.4729474502833019,0.2663904460151109,18.23601112365725,2.988557521308597,65.39613749133562,31.646769619999983
0.2788469690546841,0.0682606505811135,-0.3754471613147594,0.1555555555555555,18.17033729553225,3.0582498735863317,64.52942736293296,32.97637940000004
0.7026919207687238,-0.2607090340518708,-0.6514892793755205,0.6857142857142857,18.23601112365725,2.988557521308597,65.39613749133562,30.96658364000001
0.4745090114089397,-0.1375945231497557,-0.4378952648834584,0.4834170854271357,18.77092323303225,2.9235547705381517,62.60771955682329,30.61452758000001
0.4658721000327242,-0.1034688413641991,-0.4928828899939484,0.7470902799622523,18.17033729553225,3.0582498735863317,64.52942736293296,30.69314204
0.3438922767031815,0.0117183933118918,-0.407772462532337,0.362643847742697,18.77092323303225,2.9235547705381517,62.60771955682329,33.348943580000025
0.4297792005253222,-0.0013173463375376,-0.4945516945516944,0.4345440292657434,18.42692909240725,3.0261659658319164,63.215962152773066,32.183398760000046
0.5267132562091622,-0.0413895277118292,-0.5871627239059782,0.5728788977519942,18.079354222615564,3.078370231760757,65.82244784811813,29.565195440000025
0.6013658513451028,-0.2120320183782618,-0.5926419432816462,0.8170955882352942,18.178475316365564,3.0367836134203143,64.33165852586,27.55539968000005
0.1748559642216117,0.0168864253055738,-0.2537673552319676,0.0804137470804137,18.33977088928225,2.992261602896399,64.03543207444856,30.248799440000028
0.2151574367672,0.0567468750223597,-0.2424953581964352,0.1588855421686747,18.12785682678225,3.042692733145983,65.54639981076248,32.873838800000044
0.2700632586766968,-0.0795265463898799,-0.3447985590021633,0.3251404494382022,18.77092323303225,2.9235547705381517,62.60771955682329,31.175082860000032
0.2428566012460664,-0.0323305271555433,-0.2935667591776605,0.187209902011346,18.12785682678225,3.042692733145983,65.54639981076248,31.527138920000027
0.5156727446470437,-0.1053612524715566,-0.4667311827956988,0.4606875934230194,18.178475316365564,3.0367836134203143,64.33165852586,30.580347380000035
0.6888542426299863,-0.1966478987004965,-0.679562524487125,0.5729483282674772,18.42692909240725,3.0261659658319164,63.215962152773066,30.49147886000003
0.424579726854246,0.018944811923847,-0.5085643493249068,0.4409448818897638,18.17033729553225,3.0582498735863317,64.52942736293296,30.508568960000048
0.1513453950000924,0.0141477608163953,-0.2588374660097461,0.2408053691275167,18.54354693094893,2.984148439590686,62.90115217725584,31.05203414000005
0.7192105833875515,-0.2902557959361714,-0.6670339745800493,0.782232976149326,18.42692909240725,3.0261659658319164,63.215962152773066,31.21268108000004
0.7215497441627425,-0.2971582442987818,-0.6908712428035153,0.8043719896257874,18.178475316365564,3.0367836134203143,64.33165852586,27.31613828000002
0.5342125941790055,0.0089771788568528,-0.5732760323266156,0.6517794836008374,18.57479693094893,2.94861928655015,63.63319549091134,33.58820498
0.6216565177184933,-0.1399800072366443,-0.6340444983605403,0.5556847920907241,18.42692909240725,3.0261659658319164,63.215962152773066,30.645289760000026
0.5120355442240637,-0.0043146117783298,-0.554345731354789,0.3261000602772754,18.42692909240725,3.0261659658319164,63.215962152773066,30.81619076000004
0.2414654298268674,-0.0003328743701865579,-0.2768057164928543,0.1714687280393534,18.33977088928225,2.992261602896399,64.03543207444856,30.90505928000005
0.6406959152798789,-0.1318218623481781,-0.611792289656763,0.6632877919788454,18.12785682678225,3.042692733145983,65.54639981076248,37.18738004
0.1969397442340985,-0.0328649357158002,-0.3085066116408837,0.0826306913996627,18.079354222615564,3.078370231760757,65.82244784811813,32.88067483999998
0.5858136796660363,-0.1082916903557856,-0.5676022657534054,0.6065668202764977,18.33977088928225,2.992261602896399,64.03543207444856,32.49102056000004
0.1931834718339524,-0.0597895223777032,-0.2351187644689689,0.1976802824004034,18.12785682678225,3.042692733145983,65.54639981076248,30.7375763
0.1132803598862125,-0.0162379054443952,-0.2106828246654622,0.1421686746987951,18.77092323303225,2.9235547705381517,62.60771955682329,32.37138986000002
0.7850275678987134,-0.2771358942440872,-0.7190730164723651,0.777708786091276,18.34579302469893,2.935192618336431,64.89503711773511,30.91531334000001
0.4928585988992321,-0.001203062340503,-0.5229090707443197,0.5743978884856483,18.079354222615564,3.078370231760757,65.82244784811813,28.519281320000005
0.4389049518720492,-0.0749494176190736,-0.4835812559905207,0.2146671413314346,18.42692909240725,3.0261659658319164,63.215962152773066,30.41286439999999
0.4154899602109745,-0.0010797934649591,-0.4992698297576228,0.2203486710488711,18.17033729553225,3.0582498735863317,64.52942736293296,29.807874860000027
0.6237488717280113,-0.114151229045666,-0.6248243747741962,0.6328635269852183,18.23601112365725,2.988557521308597,65.39613749133562,33.23956694000003
0.747148428876297,-0.2284823038940302,-0.6878141915565622,0.704836709384043,18.77092323303225,2.9235547705381517,62.60771955682329,30.18043904000001
0.0311995307616286,0.0080766704022878,-0.0790269084121893,-0.0226809378185525,18.12785682678225,3.042692733145983,65.54639981076248,32.398734020000006
0.2793941073242817,-0.0182875108854231,-0.3344597348510112,0.1284139913751796,18.54354693094893,2.984148439590686,62.90115217725584,32.20390687999998
0.1355857636066722,0.0378747196512619,-0.2710110334006576,0.0902320252076768,18.54354693094893,2.984148439590686,62.90115217725584,30.775174520000007
0.2813721922039623,0.0001601980630598624,-0.340544973493317,0.100969766115231,18.54354693094893,2.984148439590686,62.90115217725584,31.776654380000025
0.6521147641056947,-0.150505571918744,-0.6497409326424872,0.635846372688478,18.34579302469893,2.935192618336431,64.89503711773511,30.70681411999999
0.3041871165644171,0.0093550491635211,-0.353037583935334,0.3292444940061332,18.079354222615564,3.078370231760757,65.82244784811813,32.25517718000003
0.482221018907089,-0.1426310342728435,-0.4599375534740046,0.5080082135523614,18.17033729553225,3.0582498735863317,64.52942736293296,27.780988999999977
0.3904315612829686,-0.0163787716307021,-0.4387026318663316,0.3594470046082949,18.17033729553225,3.0582498735863317,64.52942736293296,30.47780678000004
0.0238787176710569,0.2208726980050975,-0.0799413508430816,-0.0174520069808027,18.42692909240725,3.0261659658319164,63.215962152773066,30.26588953999999
0.5504399928164437,0.0142159432400309,-0.5829909237141928,0.5442260442260443,18.77092323303225,2.9235547705381517,62.60771955682329,33.94026104
0.171679972821471,0.0632225119513256,-0.2548719963905747,0.0726643598615917,18.23601112365725,2.988557521308597,65.39613749133562,32.10136627999998
0.426206593268521,0.082214417464689,-0.5220535856456844,0.3469858667435823,18.079354222615564,3.078370231760757,65.82244784811813,32.58672511999998
0.4058352335847512,0.0136503020295979,-0.3805299572244711,0.4351936566026227,18.079354222615564,3.078370231760757,65.82244784811813,30.416282420000016
0.3061400153022188,-0.0834088069440129,-0.3028277062746937,0.0866002214839424,18.33977088928225,2.992261602896399,64.03543207444856,30.740994320000027
0.6737622429751725,-0.2155403170020152,-0.648233111070329,0.7255067567567568,18.17033729553225,3.0582498735863317,64.52942736293296,29.989029920000007
0.4604167561761546,-0.116889773869842,-0.4759018358024905,0.3647148871029468,18.33977088928225,2.992261602896399,64.03543207444856,32.121874400000024
0.5683316854740523,-0.0513993349803617,-0.5913605836995275,0.562457337883959,18.33977088928225,2.992261602896399,64.03543207444856,32.64141344000001
0.3314240519502144,-0.112824438104516,-0.4674215244579429,0.360655737704918,18.34579302469893,2.935192618336431,64.89503711773511,32.29277539999998
0.2817122441483856,0.0233004891639686,-0.3196393732864644,0.1814925373134328,18.12785682678225,3.042692733145983,65.54639981076248,30.563257280000016
0.4326748343982649,-0.0125323666494044,-0.4895853966996297,0.2590489709013485,18.42692909240725,3.0261659658319164,63.215962152773066,31.31180366000001
0.2112401278676194,0.0977439659625132,-0.3319461855590162,0.2341227125941873,18.17033729553225,3.0582498735863317,64.52942736293296,30.877715120000005
0.2625882213391852,0.0357486609822105,-0.3253850284442438,0.0654275092936803,19.11906776428225,2.8733089733618686,62.28048726827334,34.31966126000003
0.8087511190689346,-0.3778480802837778,-0.7374587931775834,0.8250309789343246,18.12785682678225,3.042692733145983,65.54639981076248,30.740994320000027
0.6332482900340505,-0.137332706559009,-0.6103873222203734,0.3246682913620363,18.77092323303225,2.9235547705381517,62.60771955682329,30.55983925999999
0.6132049574509186,-0.1304905418403333,-0.5962455483793084,0.2328535139712108,18.12785682678225,3.042692733145983,65.54639981076248,31.98173558000002
0.2646643689479734,-0.7283330342723849,0.0228759827542478,0.4372955288985823,18.12785682678225,3.042692733145983,65.54639981076248,24.61932050000001
0.1350753130925159,0.0200918887780478,-0.2214506510678915,0.0646739130434782,18.54354693094893,2.984148439590686,62.90115217725584,30.498314900000025
0.4314893299228917,-0.0544614369017493,-0.4882372732213566,0.3207877461706783,18.23601112365725,2.988557521308597,65.39613749133562,32.38847996000004
0.4041755979003866,-0.0984710449180067,-0.433721651616461,0.5734035549703752,18.42692909240725,3.0261659658319164,63.215962152773066,30.153094880000022
0.4132563205822698,0.0150375502463599,-0.4368709584344608,0.4002853067047076,18.34579302469893,2.935192618336431,64.89503711773511,31.335729800000024
0.2176414945609335,0.0406483867962613,-0.1583802024746909,0.1325301204819277,18.34579302469893,2.935192618336431,64.89503711773511,27.025606580000044
0.7851097828016809,-0.2611619431223476,-0.7101468448207434,0.7676975945017183,19.11906776428225,2.8733089733618686,62.28048726827334,27.138401240000007
0.7259855810236936,-0.2403029755606596,-0.6729497354497355,0.4703482899278318,19.11906776428225,2.8733089733618686,62.28048726827334,28.97387798
0.2993730135297081,-0.0801204080012126,-0.3584145112529391,0.3651726671565026,18.33977088928225,2.992261602896399,64.03543207444856,30.535913120000032
0.646565081639168,-0.2344360191233385,-0.6360555796249304,0.7288038823865258,18.42692909240725,3.0261659658319164,63.215962152773066,30.1052426
0.1451816464045063,0.1650889204264854,-0.197694189237561,0.0203549060542797,18.23601112365725,2.988557521308597,65.39613749133562,32.990051480000034
0.1038407076551929,-0.0505099239689219,-0.2039736488354576,0.017741237559498,18.34579302469893,2.935192618336431,64.89503711773511,31.90312112000004
0.5371261508289602,-0.1596649016693267,-0.5619297161151041,0.7227184466019417,18.23601112365725,2.988557521308597,65.39613749133562,30.368430139999987
0.661632312742087,-0.1400289645184649,-0.6160415511896696,0.7848156182212581,18.54354693094893,2.984148439590686,62.90115217725584,29.64039188000004
0.4769925585432103,0.020632400115098,-0.5559412143171583,0.4938010281221651,18.42692909240725,3.0261659658319164,63.215962152773066,30.740994320000027
0.2751482012118981,0.0941838859373103,-0.3636772561147035,0.236717385881766,18.57479693094893,2.94861928655015,63.63319549091134,31.35623792000001
0.3687880891768881,0.0177804348788804,-0.4703503596406908,0.4602836879432624,18.42692909240725,3.0261659658319164,63.215962152773066,31.841596760000016
0.399279844353457,0.0279587678776753,-0.376201288037813,0.1859086152772933,18.54354693094893,2.984148439590686,62.90115217725584,33.45490219999999
0.1585820245847406,-0.0254268630956049,-0.1967447506856704,0.114085792515972,18.77092323303225,2.9235547705381517,62.60771955682329,30.952911560000015
0.1694037047165329,0.0900548773658865,-0.3300756310774972,0.1650956100188526,18.079354222615564,3.078370231760757,65.82244784811813,32.87042078000002
0.2573132255791869,0.044470827416564,-0.3187825304688669,0.2145015105740181,18.33977088928225,2.992261602896399,64.03543207444856,30.778592539999977
0.3502528973674778,-0.0958175765215423,-0.3609851069808517,0.162832387212429,18.77092323303225,2.9235547705381517,62.60771955682329,30.221455279999983
0.1807312139203659,0.0024455313472654,-0.236663049282552,0.1399052948773138,18.178475316365564,3.0367836134203143,64.33165852586,28.46117498000001
0.3832949834464411,0.0525216789913282,-0.4580378432034713,0.3183318331833183,18.178475316365564,3.0367836134203143,64.33165852586,28.761960740000006
0.3417254866699636,-0.01540712345546,-0.4161974058842138,0.5370501058574453,18.12785682678225,3.042692733145983,65.54639981076248,32.02275182000005
0.6397079377858286,-0.0703316594651407,-0.6187033286052532,0.5954101147471313,18.178475316365564,3.0367836134203143,64.33165852586,29.589121579999983
0.7290385101542093,-0.3121552702681098,-0.6883485559121205,0.7015425888665325,18.178475316365564,3.0367836134203143,64.33165852586,29.91725150000002
0.4955208359969655,-0.1074041113614704,-0.5041234462066009,0.269989243456436,18.178475316365564,3.0367836134203143,64.33165852586,28.734616580000026
0.415306718007413,0.0323232637323341,-0.4929836485027785,0.3019538188277087,18.34579302469893,2.935192618336431,64.89503711773511,35.792827880000004
0.6055327460437677,-0.1155409382032197,-0.5901930593390975,0.5730784547988849,19.11906776428225,2.8733089733618686,62.28048726827334,31.31180366000001
0.7382079521204837,-0.2767663300512581,-0.7114256043664116,0.6955941255006676,18.23601112365725,2.988557521308597,65.39613749133562,31.58866327999999
0.2174109578364898,0.0623326730295935,-0.2500980352927054,0.3594254937163375,18.77092323303225,2.9235547705381517,62.60771955682329,30.874297100000035
0.6729872855504306,-0.1488213607418166,-0.6509753552219636,0.6889338731443995,18.079354222615564,3.078370231760757,65.82244784811813,27.94505396
0.1315476686963049,0.0639452144588288,-0.2124045556356162,0.1524329692154915,18.34579302469893,2.935192618336431,64.89503711773511,34.13850620000005
0.7038863449571444,-0.1980364638568372,-0.6848046438937262,0.7484551072337332,18.42692909240725,3.0261659658319164,63.215962152773066,28.734616580000026
0.6757257157971303,-0.1191362045552402,-0.652438278900309,0.7338780274292384,18.42692909240725,3.0261659658319164,63.215962152773066,31.841596760000016
0.5255437273977487,-0.1611446294007898,-0.5722309711286089,0.5547703180212014,18.42692909240725,3.0261659658319164,63.215962152773066,32.49443858000001
0.4357228450158467,-0.0800700950326885,-0.4828523509340121,0.0979187990446946,18.178475316365564,3.0367836134203143,64.33165852586,30.87087908000001
0.4184541922194654,-0.0718313346775619,-0.5024793716280548,0.2764423076923077,18.17033729553225,3.0582498735863317,64.52942736293296,27.534891560000005
0.2487004144030693,-0.0042750141322781,-0.2931720817378778,0.1605886116442738,18.34579302469893,2.935192618336431,64.89503711773511,32.299611440000035
0.1938179028680506,0.0387642924175971,-0.2771062876917989,0.0968726163234172,18.23601112365725,2.988557521308597,65.39613749133562,30.306905780000022
0.1143898447636246,-0.0889306533303602,-0.2080459120208074,0.0907266158169409,18.079354222615564,3.078370231760757,65.82244784811813,31.14090266000005
0.1035027013901536,-0.3172463768115944,0.0806655540383346,0.3935860058309038,18.23601112365725,2.988557521308597,65.39613749133562,26.383018820000014
0.3684131568090612,-0.0336562978072411,-0.4337134459262985,0.2801358234295416,18.33977088928225,2.992261602896399,64.03543207444856,29.322516020000023
0.3236071176135544,-0.0135255851102959,-0.387386350558177,0.4804964539007092,18.57479693094893,2.94861928655015,63.63319549091134,32.13896450000004
0.2492500280969301,0.027322110109652,-0.3248434505964004,0.2798541476754785,18.178475316365564,3.0367836134203143,64.33165852586,29.660900000000023
0.5066049960406019,-0.0119003729065557,-0.5462462712067898,0.5556363636363636,18.42692909240725,3.0261659658319164,63.215962152773066,34.28889908000002
0.3593425816687687,-0.040683324119566,-0.3645329249617151,0.1420271142672692,18.178475316365564,3.0367836134203143,64.33165852586,30.566675300000043
0.5963405888395715,-0.2107936461265924,-0.5515178916235742,0.3812045003309067,18.12785682678225,3.042692733145983,65.54639981076248,30.12575072000004
0.3711242122382599,-0.0136220453507105,-0.4532808150108169,0.3790035587188612,18.079354222615564,3.078370231760757,65.82244784811813,32.726863940000044
0.3219748495376034,-0.0466184753891329,-0.3534450801029968,0.2476812092064582,18.33977088928225,2.992261602896399,64.03543207444856,30.44362658
0.7082814820761912,-0.1652040578837122,-0.6735488437942427,0.5755968169761273,18.54354693094893,2.984148439590686,62.90115217725584,30.52224104000004
0.2632199440560996,0.0661163140627697,-0.3924333071792861,0.1995610023779037,18.17033729553225,3.0582498735863317,64.52942736293296,30.067644380000047
0.7253141181156534,-0.1952189236307083,-0.685700134437133,0.7045009784735812,19.11906776428225,2.8733089733618686,62.28048726827334,32.02958785999999
0.6809321745444643,-0.1648425952133849,-0.6241750531693306,0.7401315789473685,18.77092323303225,2.9235547705381517,62.60771955682329,27.70237454000005
0.5996757414037696,-0.1396425783129953,-0.6031171722794322,0.5714742564758555,18.77092323303225,2.9235547705381517,62.60771955682329,33.020813660000044
0.4274055913158738,-0.0494655982878763,-0.4551395843820929,0.3587020648967551,18.77092323303225,2.9235547705381517,62.60771955682329,30.747830360000023
0.4874709976798144,-0.0209032230667969,-0.5731228529363651,0.4964906927067439,18.42692909240725,3.0261659658319164,63.215962152773066,30.85037096000002
0.6214421835618121,-0.0947975738960344,-0.601141244138224,0.6818434203220433,18.42692909240725,3.0261659658319164,63.215962152773066,29.71900634000002
0.3177361163372362,-0.0201048651489017,-0.3514073849878935,0.1958710976837865,18.12785682678225,3.042692733145983,65.54639981076248,31.13406662
0.1689338380253922,0.1266956329626629,-0.2307197343158113,0.1357340720221606,18.33977088928225,2.992261602896399,64.03543207444856,34.035965600000054
0.3538388954779862,-0.0584968492238331,-0.3805066116089027,0.4571099597006333,18.34579302469893,2.935192618336431,64.89503711773511,31.80399854000001
0.224714035002532,-0.0578676796606311,-0.3015842591432174,0.2548517026730135,18.54354693094893,2.984148439590686,62.90115217725584,29.633555839999985
0.6948898678414097,-0.2792472278100114,-0.645066809192945,0.6693394425353189,18.178475316365564,3.0367836134203143,64.33165852586,30.648707779999995
0.431427797741461,-0.0642861807021743,-0.4764773379231211,0.4024096385542168,18.42692909240725,3.0261659658319164,63.215962152773066,31.65702368000001
0.5690109363774248,-0.14672442587204,-0.5344829268768725,0.6290253327608416,18.77092323303225,2.9235547705381517,62.60771955682329,29.531015239999988
0.2044941217351016,0.1326296083483161,-0.2981261356228414,0.1111111111111111,18.079354222615564,3.078370231760757,65.82244784811813,32.71319186000005
0.4016518760836698,-0.0027558309349659,-0.4338488422892093,0.2380310182063385,18.23601112365725,2.988557521308597,65.39613749133562,31.762982300000036
0.1372340217667402,0.0394834557306709,-0.2033825589389185,0.029090349392027,18.54354693094893,2.984148439590686,62.90115217725584,30.911895319999985
0.2058772417628248,-0.0139842768214629,-0.2538125180688059,0.472397476340694,18.178475316365564,3.0367836134203143,64.33165852586,31.88603102000002
0.5229315166250383,-0.1382905484609231,-0.5457891500812774,0.3736501079913606,18.23601112365725,2.988557521308597,65.39613749133562,32.47393046000002
0.6604054812084303,-0.102936166588596,-0.6443167659966195,0.5254001391788448,19.11906776428225,2.8733089733618686,62.28048726827334,32.480766500000016
0.532941167131074,-0.1721358245013414,-0.561299816460353,0.5568755568755569,18.33977088928225,2.992261602896399,64.03543207444856,28.75512470000001
0.6195125600882855,-0.1185912963716579,-0.5992759445506516,0.762550881953867,18.54354693094893,2.984148439590686,62.90115217725584,30.8401169
0.2113911083794305,0.0428258071826916,-0.2691680261011421,0.1362831858407079,18.23601112365725,2.988557521308597,65.39613749133562,31.71854804000003
0.4324376871330248,-0.0696283391405342,-0.4459202738134488,0.299636803874092,19.11906776428225,2.8733089733618686,62.28048726827334,32.05693201999998
0.1429052169215646,0.0357508424049073,-0.2323396291274373,0.045045045045045,18.54354693094893,2.984148439590686,62.90115217725584,30.99392780000005
0.5928672019995711,-0.047848680618186,-0.5971272805483602,0.5869635366247177,19.11906776428225,2.8733089733618686,62.28048726827334,31.74589220000001
0.4909207161125318,-0.1470454405706203,-0.5229200512690729,0.5512133627481879,18.12785682678225,3.042692733145983,65.54639981076248,31.304967620000014
0.4402199626849015,-0.1071141823871316,-0.4667212146006635,0.4511173184357542,18.33977088928225,2.992261602896399,64.03543207444856,29.435310680000043
0.1677644238698964,0.0951305755548928,-0.1946409890097529,0.2039024390243902,18.23601112365725,2.988557521308597,65.39613749133562,32.579889080000044
0.3271988379998763,0.0027459290006095,-0.3406433889521906,0.159375,18.079354222615564,3.078370231760757,65.82244784811813,31.16482880000001
0.7064552354399009,-0.2483534227560516,-0.6693025237937402,0.7022266533732137,18.17033729553225,3.0582498735863317,64.52942736293296,31.301549600000044
0.8006389011498725,-0.3664626599598043,-0.7311180637968857,0.8548425859168469,18.54354693094893,2.984148439590686,62.90115217725584,27.48020324000004
0.6531370927103834,-0.1299634766107333,-0.6397604564530579,0.5941616233535066,19.11906776428225,2.8733089733618686,62.28048726827334,31.28104148
0.0999178996279281,0.074157666830857,-0.2091134281928682,0.0814242340601711,18.33977088928225,2.992261602896399,64.03543207444856,29.920669520000047
0.4410329102232713,0.0249671256775581,-0.5199610318442897,0.4227101993643455,19.11906776428225,2.8733089733618686,62.28048726827334,33.96418718000001
0.3700766464359075,-0.1254839643299858,-0.3849637802894889,0.6424886191198786,18.23601112365725,2.988557521308597,65.39613749133562,31.75272824000001
0.1635416205551093,0.1424723039135723,-0.2463387208215355,0.3289560078791858,18.77092323303225,2.9235547705381517,62.60771955682329,32.69268374000001
0.6332937287327336,-0.1354880762401384,-0.6321328476468165,0.6264236902050114,18.34579302469893,2.935192618336431,64.89503711773511,31.38358208
0.4724513661004043,0.0100559476359381,-0.5718211728275597,0.3665835411471321,18.77092323303225,2.9235547705381517,62.60771955682329,32.97637940000004
0.683319583218749,-0.1944580960365411,-0.6743154119685135,0.6587795765877957,18.079354222615564,3.078370231760757,65.82244784811813,28.57738766
0.5068815895391985,-0.0468097875010229,-0.4876049076425098,0.4805364736669937,18.17033729553225,3.0582498735863317,64.52942736293296,29.99928398000003
0.4490475253816706,0.058910813254196,-0.5399049709365427,0.4002333722287048,18.23601112365725,2.988557521308597,65.39613749133562,34.68197138000005
0.1102854571048271,0.0479607839917231,-0.1369930179650115,0.0662949194547707,18.178475316365564,3.0367836134203143,64.33165852586,30.658961840000018
0.1313018202611264,0.1168705566172402,-0.166300276327909,0.25626204238921,18.42692909240725,3.0261659658319164,63.215962152773066,31.03152602
0.5307953223130947,-0.1352539032615415,-0.5938818474758324,0.5850901313779407,18.34579302469893,2.935192618336431,64.89503711773511,32.02958785999999
0.4718091792623478,-0.1179178277845484,-0.4525411249735246,0.1665807117070655,18.33977088928225,2.992261602896399,64.03543207444856,28.929443719999995
0.4518011270418717,-0.0585255493433883,-0.4492993050017091,0.3498700685093314,18.17033729553225,3.0582498735863317,64.52942736293296,29.725842380000017
0.4950232321372483,-0.1549995816249685,-0.4982362071398336,0.584375,18.12785682678225,3.042692733145983,65.54639981076248,30.98367374000003
0.2263298245614036,0.1005008312872856,-0.3377529070435043,0.1166467065868263,18.23601112365725,2.988557521308597,65.39613749133562,32.14921856000001
0.400134674582234,-0.0026521544449419,-0.4718905526541991,0.3946227233304423,18.33977088928225,2.992261602896399,64.03543207444856,31.25711534000004
0.102338446064873,-0.3740792979156869,-0.0101382488479261,0.5910987482614742,18.17033729553225,3.0582498735863317,64.52942736293296,25.77802928000005
0.5133256430615273,-0.0984417646227287,-0.5312414733969987,0.3643758765778401,18.178475316365564,3.0367836134203143,64.33165852586,30.40944638000002
0.2211369509043929,-0.040443847559499,-0.2904617569154309,0.0647364108167167,18.23601112365725,2.988557521308597,65.39613749133562,29.418220580000025
0.5030261641555337,-0.0064132609316947,-0.5369413407821231,0.4996558843771507,18.23601112365725,2.988557521308597,65.39613749133562,30.53933114000006
0.168547914037364,0.0108411889948013,-0.2316440281030444,0.2389705882352941,18.54354693094893,2.984148439590686,62.90115217725584,30.76833848000001
0.1637810450405643,0.0384899361176207,-0.2311334714412547,0.0856738258201557,18.33977088928225,2.992261602896399,64.03543207444856,31.71513002000006
0.2647702407002187,0.0554717539189589,-0.31281281795665,0.2240549828178694,18.54354693094893,2.984148439590686,62.90115217725584,32.26201322000003
0.6170865857384927,-0.1316721827751614,-0.6184465682015637,0.7186013986013986,18.54354693094893,2.984148439590686,62.90115217725584,33.284001200000034
0.4425623696886908,0.0016419871029375,-0.4690515587705555,0.5150805270863836,18.079354222615564,3.078370231760757,65.82244784811813,31.78349042000002
0.3890637503334221,0.00021118513256677192,-0.3844599624260041,0.5281803542673108,18.17033729553225,3.0582498735863317,64.52942736293296,27.71946464000001
0.1813338169132059,-0.047416334249554,-0.2360472365532133,0.0942662779397473,18.12785682678225,3.042692733145983,65.54639981076248,30.928985420000004
0.5544957932931935,-0.1358926844049742,-0.5822557733674256,0.5949193271541366,18.42692909240725,3.0261659658319164,63.215962152773066,31.175082860000032
0.3200135096653709,0.0941333127309249,-0.4074706962293462,0.2653061224489796,18.77092323303225,2.9235547705381517,62.60771955682329,36.30553087999999
0.1706207850596576,-0.0067067186152336,-0.261697309688662,0.1111111111111111,18.33977088928225,2.992261602896399,64.03543207444856,30.611109560000045
0.225441488187976,0.0628320711009291,-0.3062437633642196,0.2664182580344666,18.42692909240725,3.0261659658319164,63.215962152773066,33.694163600000024
0.7124210176255404,-0.1994805376319037,-0.6125799556867382,0.7537495640041856,18.079354222615564,3.078370231760757,65.82244784811813,27.96214406000001
0.3610803324099723,0.0100956964575522,-0.3784649433841695,0.5088235294117647,18.77092323303225,2.9235547705381517,62.60771955682329,31.011017900000013
0.3283270171088023,-0.0468985192015193,-0.3213507733625105,0.2743628185907046,18.33977088928225,2.992261602896399,64.03543207444856,29.677990099999988
0.6728465819420217,-0.1326359597322984,-0.6230195187208872,0.7241379310344828,18.42692909240725,3.0261659658319164,63.215962152773066,30.973419680000006
0.2565177518668938,-0.0494224811767844,-0.3326154540875696,0.187206441511966,18.54354693094893,2.984148439590686,62.90115217725584,31.069124240000008
0.580651253560805,-0.055123652637993,-0.5954281538669272,0.6892733564013841,18.42692909240725,3.0261659658319164,63.215962152773066,32.11845638
0.1268192371475953,-0.0204182160041809,-0.1675418579715723,0.0417992785911309,18.77092323303225,2.9235547705381517,62.60771955682329,30.7375763
0.7666746059050291,-0.2701166920345003,-0.7155681954462129,0.7260171705860395,18.34579302469893,2.935192618336431,64.89503711773511,30.25905350000005
0.3077669031157403,0.1937089300641619,-0.431945099889885,0.2632674297606659,19.11906776428225,2.8733089733618686,62.28048726827334,38.55117002000003
0.2520400426641992,0.0882676336413615,-0.39379850506062,0.2952333416521088,18.54354693094893,2.984148439590686,62.90115217725584,32.562798980000025
0.2570464385771289,-0.0494077624316734,-0.3067758091918012,0.1291893440274993,18.178475316365564,3.0367836134203143,64.33165852586,30.18043904000001
0.7780060713756848,-0.2435994536474212,-0.7124545389716892,0.7422021796317174,19.11906776428225,2.8733089733618686,62.28048726827334,28.4304128
0.7613491577796283,-0.3775068260992374,-0.6969292776988429,0.7547663551401869,18.77092323303225,2.9235547705381517,62.60771955682329,28.016832379999983
0.2140347281192352,0.1138504613970686,-0.3316685001244609,0.1551297898640296,18.079354222615564,3.078370231760757,65.82244784811813,34.05989174000001
0.3402236646058467,-0.123494365085062,-0.4103663921278858,0.4245614035087719,18.17033729553225,3.0582498735863317,64.52942736293296,28.70043638000004
0.4272261611019146,-0.0357152975708157,-0.4916717672501735,0.2972972972972973,18.42692909240725,3.0261659658319164,63.215962152773066,30.655543820000048
0.1665239648042555,0.0964646785333813,-0.2472536034281261,0.0934343434343434,18.178475316365564,3.0367836134203143,64.33165852586,32.35088173999998
0.5713954924359369,-0.1471232471493066,-0.5906400765669861,0.5907473309608541,18.57479693094893,2.94861928655015,63.63319549091134,30.648707779999995
0.5797947711807665,-0.1344358346471661,-0.5948189134808853,0.4983552631578947,18.77092323303225,2.9235547705381517,62.60771955682329,32.12871044000002
0.4763644917126607,-0.0529904492564321,-0.5170181359897106,0.3413602342987308,18.34579302469893,2.935192618336431,64.89503711773511,30.594019460000027
0.2569033202475213,0.0833896331244332,-0.3398040242678189,0.2764547525367571,18.23601112365725,2.988557521308597,65.39613749133562,34.55892266000001
0.6648558361503282,-0.2014832417787421,-0.6497005044136193,0.7179846046186145,18.33977088928225,2.992261602896399,64.03543207444856,29.814710900000023
0.6089879777050162,-0.0691816239079644,-0.6238701051905792,0.6791177516897902,18.42692909240725,3.0261659658319164,63.215962152773066,31.875776960000053
0.2882997554925375,0.0696059652483239,-0.3713551086771574,0.2270531400966183,19.11906776428225,2.8733089733618686,62.28048726827334,33.957351140000014
0.7694457797005466,-0.2951432778639284,-0.6909622975364094,0.8302148302148302,18.178475316365564,3.0367836134203143,64.33165852586,31.431434360000026
0.719250217069309,-0.2028214913597187,-0.6823870451819274,0.8191387559808613,18.079354222615564,3.078370231760757,65.82244784811813,29.924087540000016
0.4843268413466868,-0.1217852753882248,-0.4995669056152929,0.5014628437682855,18.23601112365725,2.988557521308597,65.39613749133562,30.41970044000004
0.3796883627597539,0.0041701093560145,-0.429891410546297,0.3544030253916801,18.079354222615564,3.078370231760757,65.82244784811813,31.40409020000004
0.5470056927175155,-0.1196398158609176,-0.5842240885665203,0.4484812388326384,18.079354222615564,3.078370231760757,65.82244784811813,31.35965594000004
0.4132865208238804,-0.0033692437684833,-0.4747046678774896,0.4962247055270311,18.42692909240725,3.0261659658319164,63.215962152773066,31.486122679999998
0.2909319899244332,-0.0032041945819982,-0.3601358556139173,0.4975085234723315,18.34579302469893,2.935192618336431,64.89503711773511,30.457298659999992
0.798806125097327,-0.3169201035824996,-0.7332075822205076,0.8095525997581621,18.42692909240725,3.0261659658319164,63.215962152773066,30.98025572000006
0.5064048213753753,-0.0519875392066912,-0.5415051275637819,0.505041774704696,18.23601112365725,2.988557521308597,65.39613749133562,31.26395137999998
0.7829572932385506,-0.3556725970776483,-0.7011370634101496,0.7676314716673461,19.11906776428225,2.8733089733618686,62.28048726827334,32.005661720000035
0.2433879166959496,0.0470534900735673,-0.3442789030791538,0.1670778201390446,18.77092323303225,2.9235547705381517,62.60771955682329,32.88409286000001
0.5722274087833612,-0.0728964842338941,-0.5970826326698214,0.658965896589659,18.178475316365564,3.0367836134203143,64.33165852586,30.91873136000004
0.421798356846725,-0.0938852766434742,-0.4792507682706208,0.3034979423868312,18.23601112365725,2.988557521308597,65.39613749133562,32.22783302000005
0.7521681733870295,-0.2520597998710386,-0.6928889140034067,0.7640925382860867,18.079354222615564,3.078370231760757,65.82244784811813,30.074480419999983
0.2734220021035533,0.0060015276615865,-0.3467945197763978,0.2210334623264284,18.23601112365725,2.988557521308597,65.39613749133562,31.414344260000007
0.2425181794478083,0.1106318561682184,-0.3669307801653525,0.091272218893549,18.079354222615564,3.078370231760757,65.82244784811813,32.08769419999999
0.2136004011115548,0.0372278028719746,-0.2766101997943951,0.2027027027027027,18.33977088928225,2.992261602896399,64.03543207444856,32.68926571999998
0.5335178239813569,-0.0675471004619742,-0.5767797974503454,0.31675815305134,18.77092323303225,2.9235547705381517,62.60771955682329,32.32695560000002
0.4328006505036424,0.0220525773312643,-0.4505409582689337,0.4302901627742392,19.11906776428225,2.8733089733618686,62.28048726827334,32.56621700000005
0.5864019899526899,-0.0343511693135491,-0.5906690140845071,0.6118868600071607,18.42692909240725,3.0261659658319164,63.215962152773066,30.20094716000005
0.4979977836246576,-0.0420339752563278,-0.5397990132360547,0.445771144278607,18.079354222615564,3.078370231760757,65.82244784811813,33.33868952
0.5052591304814772,-0.0569249766700914,-0.5626010368470928,0.5472675472675472,18.42692909240725,3.0261659658319164,63.215962152773066,32.709773840000025
0.461846995473892,-0.1244350935456784,-0.4844800956604058,0.4683291770573566,18.178475316365564,3.0367836134203143,64.33165852586,30.40602836000005
0.6398186089712069,-0.1355969398179327,-0.6103962999130781,0.7098005939753924,18.42692909240725,3.0261659658319164,63.215962152773066,29.954849720000027
0.1774844794841922,-0.00111944095797,-0.2458313281494051,0.0629658185556412,18.42692909240725,3.0261659658319164,63.215962152773066,30.27272558000004
0.6330067646372756,-0.1664139689098451,-0.5863991207695533,0.7031674208144797,18.17033729553225,3.0582498735863317,64.52942736293296,30.40602836000005
0.2279833620195064,0.2928836167291273,-0.3140204128616378,0.0955833882663151,18.34579302469893,2.935192618336431,64.89503711773511,35.32455914000002
0.35983332498049,0.0135964684497533,-0.4183662039145988,0.5350656607991059,18.42692909240725,3.0261659658319164,63.215962152773066,31.60917140000004
0.5590427084346727,-0.1396326243253045,-0.5504150461484877,0.495175607873408,18.17033729553225,3.0582498735863317,64.52942736293296,30.41970044000004
0.2352088059201964,0.0752590880934318,-0.3178206921177135,0.1220798794272795,18.079354222615564,3.078370231760757,65.82244784811813,31.725384080000023
0.3906479799290595,-0.0437478694219437,-0.4297658491027551,0.5110683349374399,18.17033729553225,3.0582498735863317,64.52942736293296,30.347922020000052
0.5302945859872611,-0.0654748293663167,-0.5304621325981148,0.6506874767744333,18.57479693094893,2.94861928655015,63.63319549091134,32.38847996000004
0.3720041047470641,0.0559245969893192,-0.4333680106096583,0.4195478723404255,18.77092323303225,2.9235547705381517,62.60771955682329,35.447607860000005
0.5582739235576774,-0.0052371931886098,-0.5971737136051246,0.5603448275862069,18.34579302469893,2.935192618336431,64.89503711773511,32.764462159999994
0.5530630153172488,-0.0908935567733825,-0.5811698937666404,0.5561625128030044,18.079354222615564,3.078370231760757,65.82244784811813,30.365012120000017
0.1350038117737734,0.0131404513206006,-0.1975780076018741,0.1039839639188173,18.12785682678225,3.042692733145983,65.54639981076248,31.616007440000036
0.1534848336397534,0.0238216013734977,-0.2344871826503169,0.3695514845230574,18.079354222615564,3.078370231760757,65.82244784811813,31.639933580000047
0.408024367369064,-0.1034747837110663,-0.4674701604297256,0.5337166753789859,18.23601112365725,2.988557521308597,65.39613749133562,31.817670620000055
0.4740336631988497,-0.134944604088145,-0.5127381624061457,0.1633175009134088,18.12785682678225,3.042692733145983,65.54639981076248,30.47438876000001
0.195672073825448,0.0249305616269763,-0.2360378178842105,0.245948865682391,18.178475316365564,3.0367836134203143,64.33165852586,30.61452758000001
0.0299787083037615,0.0650552112458284,-0.0317507713745399,-0.3086124401913875,18.42692909240725,3.0261659658319164,63.215962152773066,30.23170934000001
0.5118208659296135,0.0204292516721824,-0.5186612400415657,0.6458752515090543,18.54354693094893,2.984148439590686,62.90115217725584,32.37822590000002
0.2107625253527812,0.043590158765329,-0.2654248601840159,0.1569259088817303,18.17033729553225,3.0582498735863317,64.52942736293296,33.34210754000003
0.2335554237741422,-0.0618203291946291,-0.2920579244157015,0.273841961852861,18.17033729553225,3.0582498735863317,64.52942736293296,28.31761814000004
0.1566842171606984,0.0175747792858085,-0.2192354865085853,0.089977585654819,18.178475316365564,3.0367836134203143,64.33165852586,29.71900634000002
0.4281203685804498,-0.0106592792731169,-0.5329759640325089,0.3224672419303291,18.57479693094893,2.94861928655015,63.63319549091134,30.645289760000026
0.2688393321040355,0.0721921349235317,-0.3198677461743886,0.3606755126658625,18.42692909240725,3.0261659658319164,63.215962152773066,30.58718342000003
0.311536441084439,0.0201772871146905,-0.3312699958269577,0.3582329317269076,18.178475316365564,3.0367836134203143,64.33165852586,32.183398760000046
0.6073282179498233,-0.0991598620405034,-0.5967283316204179,0.4823364812871633,18.12785682678225,3.042692733145983,65.54639981076248,31.60575338000001
0.7233721671710681,-0.1733686176407754,-0.6664121987981286,0.7162790697674418,19.11906776428225,2.8733089733618686,62.28048726827334,29.322516020000023
0.5928345068628549,-0.0686592877701284,-0.5832514610406053,0.6230529595015576,19.11906776428225,2.8733089733618686,62.28048726827334,31.36307396000001
0.4277910094768573,-0.1316291441432522,-0.4590666167409878,0.6298619824341279,18.77092323303225,2.9235547705381517,62.60771955682329,30.740994320000027
0.190914196797687,0.0006798936893503862,-0.2788609847735813,0.155724362452523,18.54354693094893,2.984148439590686,62.90115217725584,31.29471355999999
0.3876575214229136,-0.014947383944466,-0.4255995975557429,0.3177643663080556,18.42692909240725,3.0261659658319164,63.215962152773066,31.84501478000004
0.2988888326414903,0.0771492541339591,-0.4138334802733083,0.3757575757575757,18.178475316365564,3.0367836134203143,64.33165852586,33.68732756000003
0.4064125616948225,0.0663044492805596,-0.5104223785115429,0.3151498784769106,19.11906776428225,2.8733089733618686,62.28048726827334,34.0872359
0.5723622526844558,-0.1098326208245779,-0.6049850156131025,0.7827626918536009,18.57479693094893,2.94861928655015,63.63319549091134,31.70487595999998
0.1285406772132435,0.0310595448511562,-0.2027931282490145,0.0339506172839506,18.33977088928225,2.992261602896399,64.03543207444856,32.4124061
0.194223255353875,0.0017432766710994,-0.2394004722307772,0.1253963678293456,18.17033729553225,3.0582498735863317,64.52942736293296,30.29323370000003
0.2635367147291084,0.0703358963982194,-0.3197747903021945,0.1491957848031059,18.079354222615564,3.078370231760757,65.82244784811813,32.19365282000001
0.1950520524638631,-0.0109658048570433,-0.2596910050421157,0.0886588658865886,18.17033729553225,3.0582498735863317,64.52942736293296,30.341085980000003
0.1167903663298459,0.1092133292757152,-0.2806321949085341,0.0592400283219258,18.42692909240725,3.0261659658319164,63.215962152773066,37.73426324000002
0.7695189764077094,-0.1969062903967924,-0.7096181931984145,0.7248853689037099,18.57479693094893,2.94861928655015,63.63319549091134,28.912353619999976
0.2391649124830589,0.0249585914278582,-0.3673258348314428,0.1721874067442554,18.079354222615564,3.078370231760757,65.82244784811813,32.631159379999986
0.3766824674604055,0.1188220789170594,-0.5274489454890855,0.3761202659728245,18.079354222615564,3.078370231760757,65.82244784811813,31.957809440000005
0.5919605037477849,-0.1453367875647667,-0.5997981183102885,0.5849352687328364,18.57479693094893,2.94861928655015,63.63319549091134,28.39623260000002
0.2570464385771289,-0.0494077624316734,-0.3067758091918012,0.1291893440274993,18.178475316365564,3.0367836134203143,64.33165852586,30.18043904000001
0.2161595901020773,0.0583943569932153,-0.3451619989017024,0.1985932974762101,18.079354222615564,3.078370231760757,65.82244784811813,30.224873300000013
0.2071468315301391,0.062234047662501,-0.3854035107635981,0.2924660739354235,18.079354222615564,3.078370231760757,65.82244784811813,32.00907974000006
0.2800005518611517,0.0893457466909437,-0.3985393097522554,0.1694915254237288,18.57479693094893,2.94861928655015,63.63319549091134,34.480308200000024
0.1285041396053368,0.0451281391007145,-0.1810719249478805,0.1750616414230363,18.54354693094893,2.984148439590686,62.90115217725584,32.53887284000001
0.3109170814428387,-0.0072207911043036,-0.3336098820058997,0.093472383159521,18.34579302469893,2.935192618336431,64.89503711773511,29.67457208000002
0.2171919433891553,0.0612783851023195,-0.2479582918964528,0.2367946405565575,18.54354693094893,2.984148439590686,62.90115217725584,33.97444124000003
0.623231408314333,-0.0993569403900664,-0.6363020976819237,0.5903896864928215,18.34579302469893,2.935192618336431,64.89503711773511,30.282979640000008
0.8230835065411419,-0.4455880689621741,-0.7301990968602841,0.8449612403100775,18.54354693094893,2.984148439590686,62.90115217725584,26.81368934
0.8322249183667356,-0.3574928281701707,-0.7716545126693652,0.8685590867016353,18.17033729553225,3.0582498735863317,64.52942736293296,25.87373384
0.3247253671926231,0.0601434417792709,-0.4412945752096172,0.2368070108592112,18.23601112365725,2.988557521308597,65.39613749133562,32.96954335999999
0.7523955252428182,-0.2318812063017328,-0.6768445111063495,0.7715582450832073,18.23601112365725,2.988557521308597,65.39613749133562,27.897201680000023
0.7488354727447285,-0.2648599993570578,-0.6880899262055946,0.7855979146301727,18.77092323303225,2.9235547705381517,62.60771955682329,30.207783199999994
0.5620235328755746,-0.0899952305829694,-0.5652824462872618,0.4658103513411409,18.77092323303225,2.9235547705381517,62.60771955682329,30.310323799999992
0.4741451618174092,-0.0389307292506351,-0.5346442584654466,0.3325272067714631,18.17033729553225,3.0582498735863317,64.52942736293296,29.19604928000001
0.3098551252373397,-0.0541887045229356,-0.3925964161934961,0.2493523316062176,18.33977088928225,2.992261602896399,64.03543207444856,30.594019460000027
0.5373182075448483,-0.087613924215914,-0.5155749636098982,0.5775347912524851,18.12785682678225,3.042692733145983,65.54639981076248,28.338126260000024
0.6604340201665936,-0.2110345489136517,-0.6261256909783718,0.648881239242685,18.17033729553225,3.0582498735863317,64.52942736293296,28.225331600000004
0.2422377806884463,-0.0040212639563753,-0.3010352620723005,0.1981627296587926,18.77092323303225,2.9235547705381517,62.60771955682329,31.82450666
0.4307866768638412,-0.0680692175944457,-0.4963318440068398,0.365566037735849,18.178475316365564,3.0367836134203143,64.33165852586,29.712170300000025
0.2851036828793259,-0.0714485150406324,-0.3354641365667813,0.2378812199036918,18.33977088928225,2.992261602896399,64.03543207444856,29.845473080000037
0.4816606269461679,0.0039994182664339,-0.5494844694398656,0.460453709380748,18.77092323303225,2.9235547705381517,62.60771955682329,32.53545482000004
0.3794841653300924,-0.0452524551060922,-0.438436847517841,0.4534711964549483,18.42692909240725,3.0261659658319164,63.215962152773066,29.148196999999985
0.2687432800445773,-0.0320937210712803,-0.4053532464597116,0.4398695474928659,18.12785682678225,3.042692733145983,65.54639981076248,31.199009000000046
0.5488825513989077,-0.1887272900672357,-0.6355119339727862,0.3721106479727169,18.34579302469893,2.935192618336431,64.89503711773511,34.64437315999999
0.7058136187363465,-0.1816944698622744,-0.598888888888889,0.7431077694235589,18.079354222615564,3.078370231760757,65.82244784811813,27.23410580000001
0.1075380483437779,0.0790235767939431,-0.1826585727259692,0.0555253130103429,18.23601112365725,2.988557521308597,65.39613749133562,32.596979180000005
0.5001277517044767,-0.0686528559453957,-0.545272577416696,0.3311688311688311,18.12785682678225,3.042692733145983,65.54639981076248,30.730740260000005
0.1073812468695377,0.0588654330640255,-0.1633680909784045,0.0602599448601811,18.178475316365564,3.0367836134203143,64.33165852586,32.14238252000001
0.7521396675762839,-0.2520330607813157,-0.697704464875909,0.7784883720930232,18.42692909240725,3.0261659658319164,63.215962152773066,31.041780080000024
0.2277405899962997,-0.0326783516530153,-0.2875284406582358,0.1877221324717286,18.17033729553225,3.0582498735863317,64.52942736293296,31.646769619999983
0.6185117152759885,-0.0838152380210275,-0.6195482218304001,0.4649350649350649,19.11906776428225,2.8733089733618686,62.28048726827334,34.32307928
0.3462461459603451,-0.0646554106757893,-0.3588999858892145,0.5826477187733732,18.54354693094893,2.984148439590686,62.90115217725584,30.76833848000001
0.3155466826895122,0.0,-0.3585604339515008,0.4335180055401662,18.23601112365725,2.988557521308597,65.39613749133562,32.02616984000002
0.2320617080991879,0.0457461281123972,-0.2994297392622869,0.1198257080610021,18.42692909240725,3.0261659658319164,63.215962152773066,33.724925780000035
0.7292226844755858,-0.2412938920499198,-0.673282934436233,0.7129380053908356,18.42692909240725,3.0261659658319164,63.215962152773066,30.662379859999987
0.5824488499510336,-0.1624377819256493,-0.5711273018730332,0.5523507355062013,18.17033729553225,3.0582498735863317,64.52942736293296,31.469032580000032
0.5366144598844323,-0.2266274238227146,-0.572111231743365,0.1509754028837998,18.77092323303225,2.9235547705381517,62.60771955682329,30.012956060000025
0.1743400917232482,0.0402961412365897,-0.2394346598815252,0.0890850722311396,18.12785682678225,3.042692733145983,65.54639981076248,30.600855500000023
0.2002998843666213,-0.0128563922754421,-0.2440323717083386,0.2275268817204301,18.12785682678225,3.042692733145983,65.54639981076248,30.323995879999984
0.7731307180617601,-0.2494037923616694,-0.7036717710344309,0.8032915360501567,19.11906776428225,2.8733089733618686,62.28048726827334,27.17599946000001
0.2456834276781695,-0.0625587150866205,-0.3236189757141062,0.106644332774986,18.17033729553225,3.0582498735863317,64.52942736293296,29.520761180000022
0.2355084543939033,0.1533898512528863,-0.2577489544820899,0.1148631363520081,18.12785682678225,3.042692733145983,65.54639981076248,30.42311846000001
0.4319666079845535,0.1036241801603241,-0.5257270355103429,0.2620593692022263,18.42692909240725,3.0261659658319164,63.215962152773066,31.6775318
0.0290335481004221,0.0275300243554212,-0.0972528878317808,0.0707257072570725,18.33977088928225,2.992261602896399,64.03543207444856,31.42801634
0.5742133456312745,-0.0216530447795556,-0.6031466478807092,0.5667539267015707,18.42692909240725,3.0261659658319164,63.215962152773066,32.58330710000001
0.5757236289352727,-0.0175535649694673,-0.6012589355967387,0.5794099183929693,18.77092323303225,2.9235547705381517,62.60771955682329,32.46709442000002
0.3894871665234171,0.0183359527551554,-0.4628425432254286,0.3931419457735247,18.42692909240725,3.0261659658319164,63.215962152773066,30.648707779999995
0.6052793817566101,-0.0386884361691369,-0.6123636173348801,0.5830258302583026,18.079354222615564,3.078370231760757,65.82244784811813,32.614069280000024
0.2044224149013671,-0.0250743111402884,-0.2615089992369724,0.2136125654450262,18.12785682678225,3.042692733145983,65.54639981076248,31.19559098000002
0.7553530610023481,-0.2247942582174651,-0.6418919901677017,0.7980799008981109,18.079354222615564,3.078370231760757,65.82244784811813,26.383018820000014
0.7250329442771084,-0.2240887003857266,-0.6783314445322071,0.6344556187144731,18.12785682678225,3.042692733145983,65.54639981076248,30.549585200000024
0.7263329575708153,-0.2648226900502582,-0.6695119688253851,0.8008230452674897,18.42692909240725,3.0261659658319164,63.215962152773066,29.61304772000005
0.1867192258628021,0.0903605171008875,-0.3388828380270732,0.1555857078245138,18.23601112365725,2.988557521308597,65.39613749133562,31.933883300000048
0.7918801036883687,-0.3465816540233629,-0.7104805337387047,0.66005291005291,19.11906776428225,2.8733089733618686,62.28048726827334,32.02958785999999
0.4023629489603024,-0.1011271394777123,-0.3265087170317389,0.0288205376604504,18.33977088928225,2.992261602896399,64.03543207444856,29.667736040000023
0.1791452415072073,-0.0345766121576546,-0.3196166110073394,0.1160058737151248,18.178475316365564,3.0367836134203143,64.33165852586,30.17360300000001
0.5922085339793397,-0.1135645166844588,-0.5844848199760883,0.6402157164869029,18.33977088928225,2.992261602896399,64.03543207444856,32.385061940000014
0.6432350578480347,-0.22848168984917,-0.6121241767897747,0.6456296296296297,18.42692909240725,3.0261659658319164,63.215962152773066,30.42653647999998
0.1673627360958898,0.0312738117672121,-0.2425280591870192,0.1448376504925209,18.12785682678225,3.042692733145983,65.54639981076248,30.42653647999998
0.5488257952758298,0.0188474015035567,-0.5699499422410474,0.5437751004016064,18.42692909240725,3.0261659658319164,63.215962152773066,31.70487595999998
0.6281227088558748,-0.2399217129120799,-0.6519635096511492,0.7175179979430922,18.17033729553225,3.0582498735863317,64.52942736293296,27.025606580000044
0.5386200882593876,-0.0410047825503956,-0.5053646681661883,0.4601694915254237,18.12785682678225,3.042692733145983,65.54639981076248,30.392356280000055
0.6375864402303973,-0.1901237825648898,-0.6131329306855039,0.7327884313109085,18.54354693094893,2.984148439590686,62.90115217725584,31.33231178000005
0.3904711789339822,-0.0788768575146942,-0.3550130869077505,0.5659043659043659,18.54354693094893,2.984148439590686,62.90115217725584,30.368430139999987
0.134698629412076,0.0616181773623219,-0.1961086194970659,0.0637837837837837,18.178475316365564,3.0367836134203143,64.33165852586,29.97193981999999
0.6454876568191016,-0.1767529076953688,-0.6412257391772345,0.5865996649916247,18.77092323303225,2.9235547705381517,62.60771955682329,30.043718240000032
0.1655202063628546,0.1405272118828157,-0.2068456674608212,0.1835395102246907,18.178475316365564,3.0367836134203143,64.33165852586,31.38358208
0.4243383584589615,0.029563986830017,-0.4734790067407164,0.3364135142939647,18.77092323303225,2.9235547705381517,62.60771955682329,31.732220120000022
0.1833195637116224,-0.0309512211081947,-0.2997717543747077,0.0930760499432463,18.178475316365564,3.0367836134203143,64.33165852586,29.124270860000024
0.6765761148129166,-0.2522491481949389,-0.5958238300259792,0.8016,18.178475316365564,3.0367836134203143,64.33165852586,29.216557400000056
0.7934312194929154,-0.3425397201100623,-0.734061965587412,0.8283699059561128,18.12785682678225,3.042692733145983,65.54639981076248,27.57590779999998
0.5608492026874142,-0.1733604473817997,-0.58386351975372,0.6397612250194653,18.079354222615564,3.078370231760757,65.82244784811813,30.662379859999987
0.3795377276892379,0.0017722585762443,-0.4297759789824973,0.2607142857142857,18.079354222615564,3.078370231760757,65.82244784811813,30.32741390000001
0.2497649388841099,-0.0136539538053398,-0.3008631190979416,0.1434159061277705,18.178475316365564,3.0367836134203143,64.33165852586,30.139422800000037
0.7741525545556482,-0.2995939479714247,-0.7028484383537451,0.7542242703533026,19.11906776428225,2.8733089733618686,62.28048726827334,31.120394540000007
0.2125151977285984,-0.0289302774944983,-0.2701532753213481,0.3223668057942548,18.079354222615564,3.078370231760757,65.82244784811813,31.01785394000001
0.5205919991097756,-0.1070262563088864,-0.4775472248953862,0.3260313983205549,18.12785682678225,3.042692733145983,65.54639981076248,29.206303339999977
0.6859929855326611,-0.2203403276347625,-0.6389652453706663,0.657010428736964,18.33977088928225,2.992261602896399,64.03543207444856,29.59253960000001
0.5487981976357542,-0.0535173559822747,-0.5703670065640093,0.5905284435460584,18.079354222615564,3.078370231760757,65.82244784811813,31.36307396000001
0.117903544502213,0.1248984670687659,-0.2250003024035031,0.0746354017729482,18.178475316365564,3.0367836134203143,64.33165852586,32.25859520000006
0.2158957903704824,-0.0212600900159836,-0.2711154764976653,0.0654817586529466,18.12785682678225,3.042692733145983,65.54639981076248,31.54422901999999
0.5316011292115512,-0.1056739717802462,-0.5609875375950575,0.6537122969837587,18.34579302469893,2.935192618336431,64.89503711773511,31.561319120000007
0.2492985503373639,-0.0996075087832771,-0.2559900599425761,0.2737347617288511,18.33977088928225,2.992261602896399,64.03543207444856,28.86450134000006
0.3208852699030294,-0.0110608770408124,-0.3293905109857392,0.3467674223341729,18.33977088928225,2.992261602896399,64.03543207444856,29.57203148000002
0.7953384195422413,-0.2464162495748093,-0.7303897593307811,0.8332756831546178,19.11906776428225,2.8733089733618686,62.28048726827334,27.95189000000005
0.5893008200560685,-0.0738352676652448,-0.6134966712564054,0.7079132294531011,18.42692909240725,3.0261659658319164,63.215962152773066,31.21268108000004
0.7288947035482201,-0.2662953056883516,-0.6913145292293413,0.7365055001279099,18.34579302469893,2.935192618336431,64.89503711773511,29.68140812000001
0.2024464575879938,0.0091658765048989,-0.268624320327273,0.3691520467836257,18.12785682678225,3.042692733145983,65.54639981076248,29.06616452000003
0.0941326040041879,0.1290893165409506,-0.226848274664127,0.0576041459039266,18.33977088928225,2.992261602896399,64.03543207444856,32.32353757999999
0.6976681909941087,-0.2175088452759948,-0.6672567087788152,0.7995562130177515,18.17033729553225,3.0582498735863317,64.52942736293296,28.529535380000027
0.4982748637737257,0.0462635248736499,-0.5871780867957821,0.4387514723203769,18.54354693094893,2.984148439590686,62.90115217725584,31.533974960000023
0.2154070545184648,0.0340286304179327,-0.2845519556333917,0.1421188630490956,18.54354693094893,2.984148439590686,62.90115217725584,32.17998074000002
0.2201520646779692,-0.020871237718979,-0.2767610441114326,0.0817640047675804,18.12785682678225,3.042692733145983,65.54639981076248,29.695080200000007
0.6461303918931037,-0.134884487768687,-0.6298737174427783,0.6781979082864039,18.42692909240725,3.0261659658319164,63.215962152773066,30.80251868000005
0.0882066398541129,0.0617569352708058,-0.1650397154395443,0.0741797432239657,18.33977088928225,2.992261602896399,64.03543207444856,31.84501478000004
0.6843565646451365,-0.2072564397443991,-0.6265100944791995,0.6238174735670562,18.33977088928225,2.992261602896399,64.03543207444856,28.201405460000046
0.6532848106089475,-0.1452574060753245,-0.6462117834545955,0.6196481911715898,19.11906776428225,2.8733089733618686,62.28048726827334,31.595499320000044
0.4658764674113869,-0.15225721403595,-0.4820956431773768,0.6365131578947368,18.12785682678225,3.042692733145983,65.54639981076248,31.25369732000001
0.3879252040270791,0.0569075088849594,-0.4960459351936069,0.350403562482605,18.77092323303225,2.9235547705381517,62.60771955682329,33.67023746000001
0.5251265609179886,0.0123808899379315,-0.560761220577823,0.4324970131421744,18.42692909240725,3.0261659658319164,63.215962152773066,32.17314470000002
0.2853454973808867,0.0410680561701809,-0.3406647031143798,0.1748737373737373,18.42692909240725,3.0261659658319164,63.215962152773066,30.17360300000001
0.5913711061551269,-0.0920054162317696,-0.598055607158338,0.6276300119094879,19.11906776428225,2.8733089733618686,62.28048726827334,30.214619240000047
0.4715993189654435,-0.0232975976583414,-0.5435047919882263,0.5112612612612613,18.57479693094893,2.94861928655015,63.63319549091134,30.809354719999988
0.5375951962507323,-0.0869513451394318,-0.5850922486940242,0.622685865412871,18.178475316365564,3.0367836134203143,64.33165852586,29.18237720000002
0.1875162695146231,0.247467632057638,-0.430520713268696,0.1312991215903837,18.34579302469893,2.935192618336431,64.89503711773511,33.352361599999995
0.5597469734256034,-0.0106536105091365,-0.5584728490919443,0.5680851063829787,18.12785682678225,3.042692733145983,65.54639981076248,29.609629700000028
0.3912314938747153,-0.0561407318927135,-0.3837664251379558,0.4108593415989739,18.178475316365564,3.0367836134203143,64.33165852586,33.15411644000005
0.4953279345020913,-0.0190687495893623,-0.5427745089787831,0.5118971061093247,18.079354222615564,3.078370231760757,65.82244784811813,31.82450666
0.3829003235882761,0.1154209688804871,-0.3529750848651766,0.3151515151515151,18.12785682678225,3.042692733145983,65.54639981076248,33.577950920000035
0.5076521714867673,-0.0534540155093167,-0.5553908375192504,0.5779761904761904,18.33977088928225,2.992261602896399,64.03543207444856,32.596979180000005
0.6145899219903016,-0.1639854570216077,-0.6123463028465553,0.6320842366057603,18.57479693094893,2.94861928655015,63.63319549091134,30.99392780000005
0.5132770956405956,-0.1147946038900167,-0.5132770956405956,0.4039641340254837,18.42692909240725,3.0261659658319164,63.215962152773066,30.751248379999996
0.5887923016646038,-0.0995119429535813,-0.5878968863905846,0.5650644783118406,18.77092323303225,2.9235547705381517,62.60771955682329,31.61942546
0.600006415294061,-0.0380575311249732,-0.6272795484944378,0.6324149108589951,18.42692909240725,3.0261659658319164,63.215962152773066,31.086214340000023
0.362570143066579,-0.7624403321781209,-0.0726708321725636,0.5779674166020171,18.12785682678225,3.042692733145983,65.54639981076248,25.26532628000001
0.436587591240876,-0.0457413476948843,-0.4600010079121102,0.5218543046357615,18.77092323303225,2.9235547705381517,62.60771955682329,30.34450400000003
0.3126395047766434,0.027350662954489,-0.3686464345559487,0.111631537861046,18.079354222615564,3.078370231760757,65.82244784811813,32.35429976
0.1204215264988746,0.0700577445652173,-0.157886389468954,0.1486213853396099,18.33977088928225,2.992261602896399,64.03543207444856,33.03106772000001
0.3656477414412725,-0.0275875178592233,-0.3915946289330111,0.09628802679319,18.57479693094893,2.94861928655015,63.63319549091134,29.56861346000005
0.6240495964440286,-0.0979213737008585,-0.6464449677277272,0.6561220692221809,19.11906776428225,2.8733089733618686,62.28048726827334,32.42607817999999
0.5190378195454339,-0.0559497469545534,-0.5446800595238095,0.502902014339365,18.079354222615564,3.078370231760757,65.82244784811813,30.38210221999998
0.5913250314817408,-0.0199264639942606,-0.6082809528186491,0.5092821782178217,18.12785682678225,3.042692733145983,65.54639981076248,35.14340407999998
0.2383700388646802,0.0312885060515679,-0.2384703154330302,0.0931989924433249,18.178475316365564,3.0367836134203143,64.33165852586,30.63845372000003
0.5925538330554471,-0.1618442506276042,-0.5883700565221622,0.6020738820479585,18.12785682678225,3.042692733145983,65.54639981076248,31.11355850000001
0.3261555929603699,-0.0798426665585338,-0.3681246981700112,0.085650098286998,18.17033729553225,3.0582498735863317,64.52942736293296,29.777112680000016
0.2461543294553756,0.0382271647243279,-0.3133214880866984,0.0611674239776302,18.12785682678225,3.042692733145983,65.54639981076248,29.794202779999974
0.2481083286178627,-0.0267332788455813,-0.3090284247355237,0.0969768354927365,18.42692909240725,3.0261659658319164,63.215962152773066,30.67946996000001
0.1763551251008878,0.1296862460350823,-0.2421711472772025,0.0427670016358962,18.42692909240725,3.0261659658319164,63.215962152773066,32.54229085999998
0.2502988070270391,-0.03753376292036,-0.2957270283955907,0.1135135135135135,18.77092323303225,2.9235547705381517,62.60771955682329,31.14773869999999
0.6702370500438982,-0.2273865132003407,-0.6336344588328239,0.5847482871611558,18.54354693094893,2.984148439590686,62.90115217725584,31.71854804000003
0.7361257139609558,-0.2072956256545708,-0.6544179371225866,0.7924393723252496,18.77092323303225,2.9235547705381517,62.60771955682329,27.210179659999994
0.225341645318388,-0.0763736348135973,-0.2627472180925351,0.2312382739212007,18.77092323303225,2.9235547705381517,62.60771955682329,32.78497028000004
0.5319897993726165,-0.1651005329145534,-0.4808900523560211,0.4583690987124463,18.54354693094893,2.984148439590686,62.90115217725584,33.10626416000002
0.1790475176171965,-0.005662376987131,-0.3111466414006828,0.1820128479657387,18.77092323303225,2.9235547705381517,62.60771955682329,29.74293248000004
0.1475588219554398,-0.0005988256795115583,-0.2174332674129234,0.0406553398058252,18.12785682678225,3.042692733145983,65.54639981076248,30.464134700000045
0.2182941987198457,0.0,-0.2605002318318214,0.2045760430686406,18.33977088928225,2.992261602896399,64.03543207444856,29.483162960000016
0.499897941330845,0.0031443950794334,-0.5521741754428318,0.4797080291970803,18.54354693094893,2.984148439590686,62.90115217725584,31.957809440000005
0.3041099535208574,-0.0443108350145482,-0.3519635899734511,0.1488747836122331,18.12785682678225,3.042692733145983,65.54639981076248,31.86552290000003
0.5234821285811881,-0.0783745826624208,-0.5692736133673707,0.3773693279724296,18.079354222615564,3.078370231760757,65.82244784811813,29.031984319999992
0.3990427261975161,-0.0248686846807819,-0.4584878579753981,0.1185581526330611,18.178475316365564,3.0367836134203143,64.33165852586,28.85082926000001
0.1975059688972059,0.0837715075662198,-0.2541456532941366,0.1967331251501321,18.17033729553225,3.0582498735863317,64.52942736293296,31.08963236
0.3375519724165908,0.0086808817671418,-0.3569268122055101,0.2623318385650224,18.178475316365564,3.0367836134203143,64.33165852586,30.457298659999992
0.1526001990182877,0.0675668362376882,-0.1946885780158439,0.0846128716105847,18.178475316365564,3.0367836134203143,64.33165852586,31.83476072000002
0.6560153436951526,-0.1856001969026692,-0.6300603772240724,0.4511278195488721,18.17033729553225,3.0582498735863317,64.52942736293296,28.307364080000013
0.4704744227018184,-0.0499766936421378,-0.4842141195709988,0.5103789126853377,19.11906776428225,2.8733089733618686,62.28048726827334,32.02958785999999
0.371162265730956,-0.0528964437486022,-0.3443758255095848,0.3536264562194663,18.33977088928225,2.992261602896399,64.03543207444856,31.84501478000004
0.3584102482495225,0.0550015221823482,-0.4591984273392261,0.3496175672341475,18.42692909240725,3.0261659658319164,63.215962152773066,31.093050380000022
0.4170703532568192,-0.1778452294302571,-0.4191062599123054,0.3624751632131706,18.34579302469893,2.935192618336431,64.89503711773511,28.779050840000025
0.256024627933881,-0.1274983498349835,-0.2962865526661946,0.6264020707506471,18.23601112365725,2.988557521308597,65.39613749133562,29.185795220000045
0.7069623457030489,-0.2275607143607228,-0.6276582907109505,0.8151079136690648,18.178475316365564,3.0367836134203143,64.33165852586,29.30884394000003
0.3298809210333829,-0.0076406951998108,-0.3762401219179879,0.1650422352176738,18.12785682678225,3.042692733145983,65.54639981076248,33.0447398
0.2779969095640859,0.1025556824671615,-0.305143165631943,0.2061928219563687,18.77092323303225,2.9235547705381517,62.60771955682329,32.764462159999994
0.6527618991782214,-0.1257820611804797,-0.6292949823239863,0.6190851735015773,19.11906776428225,2.8733089733618686,62.28048726827334,30.751248379999996
0.3942111073777181,-0.1524019615622668,-0.4198506120214306,0.2621359223300971,18.33977088928225,2.992261602896399,64.03543207444856,31.25369732000001
0.3594302814500548,0.0977846605593153,-0.4692617581553779,0.2749929198527329,18.079354222615564,3.078370231760757,65.82244784811813,31.75272824000001
0.1441334851885842,0.1542812305881583,-0.1597919655667145,0.1025819958129797,18.54354693094893,2.984148439590686,62.90115217725584,31.96464548000006
-0.3603624535315993,-0.2527872582480084,0.5484664589142209,-0.7687861271676301,18.42692909240725,3.0261659658319164,63.215962152773066,23.89811828000001
0.6773683672236014,-0.1645182321083922,-0.662912027136642,0.7133620689655172,19.11906776428225,2.8733089733618686,62.28048726827334,28.645748060000017
0.2283726906207079,-0.033881493082746,-0.2680472723281257,0.2094554159186116,18.23601112365725,2.988557521308597,65.39613749133562,30.01637407999999
0.3791612462447005,-0.1152128835005826,-0.4087471918168348,0.2597356198642372,18.178475316365564,3.0367836134203143,64.33165852586,28.78588688000002
0.7753927340676262,-0.2731741478458783,-0.6901980065257229,0.7619728377412437,18.33977088928225,2.992261602896399,64.03543207444856,28.194569419999997
0.377155975611574,-0.0355105197672985,-0.4166474981214826,0.348959705030287,18.12785682678225,3.042692733145983,65.54639981076248,30.511986980000017
0.4043479260377474,-0.0052493294351897,-0.4543650951107443,0.4639801269666023,18.54354693094893,2.984148439590686,62.90115217725584,33.888990740000054
0.4961286228051617,-0.1371650466703648,-0.5171348585770826,0.5366654505654871,18.12785682678225,3.042692733145983,65.54639981076248,31.31863970000001
0.4150107523613402,-0.0472639334120691,-0.4516554019816492,0.3072373979160799,18.54354693094893,2.984148439590686,62.90115217725584,29.18237720000002
0.4137980263040492,-0.0697335286691286,-0.3909982354645294,0.4222084751005258,18.54354693094893,2.984148439590686,62.90115217725584,30.67605193999998
0.5549785565275004,-0.1287574010645834,-0.5639120764333504,0.587143803843605,18.77092323303225,2.9235547705381517,62.60771955682329,32.32353757999999
0.3149263963053831,-0.0701737643060072,-0.3870409134157946,0.2575928008998875,18.42692909240725,3.0261659658319164,63.215962152773066,29.59595762000004
0.4613796995964854,0.0650915636418508,-0.5555037480721638,0.4716981132075472,18.079354222615564,3.078370231760757,65.82244784811813,30.946075520000026
0.574066639903653,-0.1378616124059126,-0.5340563142644056,0.5511274252753016,18.33977088928225,2.992261602896399,64.03543207444856,30.29665172
0.6684592632428072,-0.189568170458669,-0.587464023025264,0.734827264239029,18.54354693094893,2.984148439590686,62.90115217725584,30.72390422000001
0.1530956996479012,0.0114165937442765,-0.2186441670081195,0.0680796403339756,18.54354693094893,2.984148439590686,62.90115217725584,30.37868420000001
0.7690123820051373,-0.2742989717297282,-0.7523041293148268,0.4176470588235294,18.23601112365725,2.988557521308597,65.39613749133562,30.255635480000024
0.2606516899413075,-0.0286284249742383,-0.3360846324784858,0.0884808013355592,18.54354693094893,2.984148439590686,62.90115217725584,31.97148152
0.305636354732873,0.106891989213995,-0.4538871348568873,0.1369135438182354,18.57479693094893,2.94861928655015,63.63319549091134,31.879194980000022
0.1733908469901542,0.0688663519411608,-0.2416115923339921,0.0582444626743232,18.17033729553225,3.0582498735863317,64.52942736293296,31.11355850000001
0.4053279924193479,-0.0386954030306888,-0.4209810005988349,0.3137170056252704,18.42692909240725,3.0261659658319164,63.215962152773066,28.061266639999985
0.5876236414150098,-0.0782203592961581,-0.6063325214716063,0.4909090909090909,18.42692909240725,3.0261659658319164,63.215962152773066,31.219517119999978
0.2762733267854639,-0.0982854382999276,-0.3268299798517602,0.2043774031351671,18.42692909240725,3.0261659658319164,63.215962152773066,29.903579420000028
0.5586715262705271,-0.1422106450915899,-0.5691328402635203,0.6373956594323873,18.54354693094893,2.984148439590686,62.90115217725584,31.352819899999982
0.153545505304299,-0.5905830868349607,0.0787392334952709,0.427172582619339,18.17033729553225,3.0582498735863317,64.52942736293296,24.39373118000003
0.7156632848392037,-0.2462586689378268,-0.6710208932962001,0.8136792452830188,18.57479693094893,2.94861928655015,63.63319549091134,28.26292982000001
0.8142003326661217,-0.4209236340351303,-0.7646744272140183,0.8488145048814505,18.34579302469893,2.935192618336431,64.89503711773511,26.041216820000045
0.4862332681549484,-0.0121595705846362,-0.5594017838754138,0.3451713395638629,19.11906776428225,2.8733089733618686,62.28048726827334,32.17998074000002
0.5671010831227956,-0.1612879307468439,-0.5255442458481469,0.6453980801806889,18.178475316365564,3.0367836134203143,64.33165852586,27.91770980000001
0.3435982935320945,0.1757712855561438,-0.4124730650665513,0.2732130928523714,18.17033729553225,3.0582498735863317,64.52942736293296,29.93775962000001
0.6700026157974792,-0.2355019746414467,-0.6337873316462416,0.7533562285357477,18.17033729553225,3.0582498735863317,64.52942736293296,27.374244620000013
0.0680785501645167,-0.0066327849082608,-0.1134977676140694,0.0485781990521327,18.57479693094893,2.94861928655015,63.63319549091134,31.35965594000004
0.679629986509925,-0.1562141402617388,-0.6648074572127141,0.636724960254372,18.23601112365725,2.988557521308597,65.39613749133562,31.80741655999998
0.2875308335086142,-0.0582614298961133,-0.3458455757430393,0.2292972616298251,18.17033729553225,3.0582498735863317,64.52942736293296,29.21313938000003
0.5612132168323791,-0.057174778976003,-0.5958437520623584,0.4797687861271676,18.23601112365725,2.988557521308597,65.39613749133562,33.18146060000004
0.3609339285826727,0.0373336421457713,-0.4807248312951734,0.3080107134161188,18.34579302469893,2.935192618336431,64.89503711773511,32.82940454000004
0.3783179987653959,0.1246050230335164,-0.5201244914169003,0.2632856102887648,18.42692909240725,3.0261659658319164,63.215962152773066,34.15901431999998
0.1006764185494499,0.0580552699629248,-0.2090344871712841,0.028526563726773,18.079354222615564,3.078370231760757,65.82244784811813,32.477348480000046
0.5423888217116755,-0.1151910784713722,-0.5932495073139589,0.8534393363290702,18.42692909240725,3.0261659658319164,63.215962152773066,30.16334893999999
0.454411694148128,0.0575677496243328,-0.5453502697650708,0.4024210215529967,18.23601112365725,2.988557521308597,65.39613749133562,34.189776499999994
0.194744336831049,0.0489895011013392,-0.2292952594717042,0.0396846254927726,18.54354693094893,2.984148439590686,62.90115217725584,31.123812560000037
0.3158824828804949,0.0540955814702901,-0.3881022548146118,0.1436184385824673,18.12785682678225,3.042692733145983,65.54639981076248,31.882612999999992
0.705743743723839,-0.2489680627243144,-0.656115760717423,0.7925696594427245,18.54354693094893,2.984148439590686,62.90115217725584,29.695080200000007
0.7421928642822999,-0.2535678102837987,-0.7080627843959303,0.8061420345489443,18.42692909240725,3.0261659658319164,63.215962152773066,30.06422636000002
0.3386263201258332,0.0101539711257984,-0.3974752169871156,0.4603385330235645,18.34579302469893,2.935192618336431,64.89503711773511,31.84501478000004
0.2550806157946523,0.0066776632470981,-0.2975449557451239,0.1954022988505747,18.23601112365725,2.988557521308597,65.39613749133562,32.08769419999999
0.2314801649367268,0.0130226963375644,-0.297430904052131,0.1256371814092953,18.23601112365725,2.988557521308597,65.39613749133562,32.44316828000001
0.6862530304390768,-0.1486186459856024,-0.6619586187366148,0.6475290697674418,19.11906776428225,2.8733089733618686,62.28048726827334,30.04030022000001
0.6473121788074068,-0.169516948220046,-0.616845476381105,0.6597905426848619,18.54354693094893,2.984148439590686,62.90115217725584,30.224873300000013
0.6390107425512991,-0.1529542634663928,-0.6132421389766076,0.4656016490595207,18.079354222615564,3.078370231760757,65.82244784811813,32.53887284000001
0.5227000127599847,-0.1129515122688229,-0.5095633254060619,0.5565610859728507,18.33977088928225,2.992261602896399,64.03543207444856,29.322516020000023
0.604238553627321,-0.0751980458346762,-0.6036432637571157,0.6784053156146179,18.34579302469893,2.935192618336431,64.89503711773511,30.361594100000048
0.4988422215097432,-0.0308313487980085,-0.5438526966234414,0.4656144306651634,18.42692909240725,3.0261659658319164,63.215962152773066,32.06035004
0.6814857478184329,-0.2987845823260812,-0.6242101064388136,0.6581132075471698,18.77092323303225,2.9235547705381517,62.60771955682329,30.023210120000044
0.5513259983342832,-0.1491583541147131,-0.6181131523359273,0.7163067758749069,18.34579302469893,2.935192618336431,64.89503711773511,30.792264620000022
0.547374627456365,-0.0460673237052608,-0.5806574040460711,0.6252529340348038,18.57479693094893,2.94861928655015,63.63319549091134,30.662379859999987
0.1891686460807602,0.0991632928475033,-0.2366672430402883,0.0584117260993218,18.12785682678225,3.042692733145983,65.54639981076248,29.73951446000001
0.789144009239141,-0.2510624901621282,-0.7222101841820152,0.8895066018068103,18.42692909240725,3.0261659658319164,63.215962152773066,27.059786780000024
0.1372730474657973,0.1446646721515831,-0.2494669833152498,0.0889724310776942,18.23601112365725,2.988557521308597,65.39613749133562,32.183398760000046
0.4176777059040657,-0.1246729680816848,-0.3962097735399285,0.2508023842274186,18.17033729553225,3.0582498735863317,64.52942736293296,28.389396560000023
0.5509313533932525,-0.0521246396341664,-0.5491278715186012,0.639793124429571,18.54354693094893,2.984148439590686,62.90115217725584,30.52565906000001
0.087881241565452,0.0753666630981693,-0.1986795669931401,0.0595790224759186,18.54354693094893,2.984148439590686,62.90115217725584,31.345983860000047
0.3253363797918253,-0.0046875429576882,-0.3954824913124831,0.3595505617977528,18.33977088928225,2.992261602896399,64.03543207444856,28.912353619999976
0.7469443797428007,-0.1923688394276629,-0.6871093010039779,0.7704106877783276,18.079354222615564,3.078370231760757,65.82244784811813,29.667736040000023
-0.3873927197395672,-0.1369461735627982,0.5539113569427482,-0.3024282560706401,18.23601112365725,2.988557521308597,65.39613749133562,24.26726444000002
0.4020235997650703,-0.0784996252143465,-0.3983278749633889,0.3572359843546284,18.12785682678225,3.042692733145983,65.54639981076248,29.82838298000001
0.6208099978395626,-0.14193216012739,-0.6062749619137809,0.6944178628389155,18.34579302469893,2.935192618336431,64.89503711773511,32.121874400000024
0.1269795840488456,-0.040890391721692,-0.1762787600430661,0.0480367585630743,18.17033729553225,3.0582498735863317,64.52942736293296,32.39531599999998
0.4076917812906315,0.08080790026364,-0.4971760458819763,0.3587482219061166,18.42692909240725,3.0261659658319164,63.215962152773066,34.11799808000001
0.5651051690175924,0.00522384837888,-0.5770190114068441,0.509411050394657,18.17033729553225,3.0582498735863317,64.52942736293296,32.78155226000001
0.5951455252352748,-0.1688775048326028,-0.5893013590517773,0.4810754372226573,18.33977088928225,2.992261602896399,64.03543207444856,31.16824682000004
0.2408326229663467,0.0380253050158156,-0.3307391779965618,0.0672136320605869,18.079354222615564,3.078370231760757,65.82244784811813,32.70635582
0.5391376912378302,0.0328151583657679,-0.5922419498719461,0.4609037328094302,19.11906776428225,2.8733089733618686,62.28048726827334,31.11697651999998
0.4731115415289961,-0.1736086685198842,-0.5212518751654557,0.4593289886555636,18.42692909240725,3.0261659658319164,63.215962152773066,30.29665172
0.7737148199084934,-0.227864721072773,-0.7068811902599369,0.7861818181818182,19.11906776428225,2.8733089733618686,62.28048726827334,28.184315360000028
0.3976202094515971,0.0527772548500837,-0.4905524419535629,0.5546334716459198,18.079354222615564,3.078370231760757,65.82244784811813,31.91679320000003
0.6817351461427886,-0.1742326028772164,-0.6558256792817232,0.3765182186234818,18.178475316365564,3.0367836134203143,64.33165852586,29.98561189999998
0.757876341199098,-0.3133137367887439,-0.7030086921978302,0.8016583747927032,18.42692909240725,3.0261659658319164,63.215962152773066,28.023668420000035
0.4285754957365942,-0.0244798791318728,-0.4940820914409921,0.4234179150107001,18.57479693094893,2.94861928655015,63.63319549091134,31.58866327999999
0.4555867001739803,-0.0749875080305518,-0.5164514261259221,0.4591315453384419,18.079354222615564,3.078370231760757,65.82244784811813,29.96510378000005
0.6078998982620644,-0.0374435774756546,-0.5801886306241302,0.6349881796690308,18.079354222615564,3.078370231760757,65.82244784811813,31.007599880000043
0.8259944287765802,-0.4544990972863462,-0.7411611370498078,0.8522066370167636,18.42692909240725,3.0261659658319164,63.215962152773066,27.92112782000004
0.324815606673364,-0.0821661277765699,-0.3581683582299763,0.2485588335028823,18.33977088928225,2.992261602896399,64.03543207444856,30.99734582000002
0.3896182563618627,-0.0613363981241142,-0.4554622073221225,0.269921875,18.17033729553225,3.0582498735863317,64.52942736293296,30.323995879999984
0.1020382171013249,-0.0638819329745858,-0.2063126196628065,0.0008909252895507191,18.42692909240725,3.0261659658319164,63.215962152773066,29.500253059999977
0.3378450228100692,0.0962366473480936,-0.4125009529221792,0.2256532066508313,18.079354222615564,3.078370231760757,65.82244784811813,31.663859720000005
0.1765763658426048,0.0749168069979826,-0.2562771711558425,0.1263736263736263,18.57479693094893,2.94861928655015,63.63319549091134,31.345983860000047
0.6476721355871002,-0.1314292798586681,-0.6511562164301464,0.6623836951705804,18.079354222615564,3.078370231760757,65.82244784811813,31.19559098000002
0.6365515205196339,-0.0562065939576282,-0.6452696369430733,0.6060983198506534,18.42692909240725,3.0261659658319164,63.215962152773066,33.07892000000004
0.5202506534528704,-0.011465213499949,-0.5766571597601788,0.4029468289557976,18.42692909240725,3.0261659658319164,63.215962152773066,31.31863970000001
0.6974439514165598,-0.3281282699335148,-0.685112814716976,0.6094709149371529,18.12785682678225,3.042692733145983,65.54639981076248,30.077898440000013
0.2424935249006589,-0.0425961191303794,-0.3057479009477873,0.1084400313561536,18.54354693094893,2.984148439590686,62.90115217725584,30.341085980000003
0.6985372526236054,-0.2196979298690325,-0.668306354331448,0.7097393689986282,18.57479693094893,2.94861928655015,63.63319549091134,30.14284082000006
0.7078429642699603,-0.1656560669103347,-0.658746411893235,0.6131611316113161,18.23601112365725,2.988557521308597,65.39613749133562,30.91873136000004
0.3069822999239874,0.0775042291457946,-0.3773756099953408,0.3794901506373117,18.54354693094893,2.984148439590686,62.90115217725584,31.47586862000003
0.601802707201407,-0.0809556357393778,-0.6135083834229674,0.638854296388543,19.11906776428225,2.8733089733618686,62.28048726827334,32.49785659999998
0.3572668220359994,-0.0007468884002486367,-0.4499088150496788,0.4376541518224171,18.42692909240725,3.0261659658319164,63.215962152773066,33.37970575999998
0.3763940621368924,-0.0326207390992635,-0.392697425529343,0.4224137931034483,18.178475316365564,3.0367836134203143,64.33165852586,29.27466374000005
0.5626144243105711,-0.0210863944008251,-0.5571820545603426,0.4952516619183286,18.17033729553225,3.0582498735863317,64.52942736293296,27.75706286000002
0.6962141965534863,-0.2185290170376922,-0.6862689575334593,0.581657280772325,18.23601112365725,2.988557521308597,65.39613749133562,32.238087080000014
0.452712417747856,-0.1479978879405415,-0.5252235532309768,0.4776951672862453,18.17033729553225,3.0582498735863317,64.52942736293296,31.431434360000026
0.1393256137729633,0.0903619357462383,-0.2064724919093849,0.0716930326489397,18.54354693094893,2.984148439590686,62.90115217725584,35.181002300000046
0.7024061509593712,-0.307728139639125,-0.6727223671193452,0.7367137981472452,18.079354222615564,3.078370231760757,65.82244784811813,29.11401680000006
0.5121564219956034,-0.037807547897501,-0.4891435268075133,0.5738764953119948,18.77092323303225,2.9235547705381517,62.60771955682329,32.86016672000005
0.258725940821603,0.0232191995541468,-0.2650973103193151,0.1678705576422999,18.33977088928225,2.992261602896399,64.03543207444856,31.742474180000045
0.2587579431601106,-0.0338110423790678,-0.2730613339221221,0.1563226020577497,18.77092323303225,2.9235547705381517,62.60771955682329,31.39041812000005
0.4881640558700493,-0.1840177933116212,-0.5234668847097301,0.6130978026712623,18.23601112365725,2.988557521308597,65.39613749133562,31.19559098000002
0.3226512446813714,0.1030211067026529,-0.4538551480371471,0.3811499703615886,18.079354222615564,3.078370231760757,65.82244784811813,33.65998339999999
0.6949045162458142,-0.2686380110422382,-0.6505376344086021,0.7569230769230769,18.23601112365725,2.988557521308597,65.39613749133562,27.23068778000004
0.3575729472815673,0.1041896336826569,-0.4751989566815359,0.2549346677787045,18.54354693094893,2.984148439590686,62.90115217725584,32.47393046000002
0.5631240644536408,-0.1121176242114429,-0.6160288388012962,0.5195681511470985,18.34579302469893,2.935192618336431,64.89503711773511,32.43633224000001
0.4675961100136757,0.0584436158026858,-0.5353911373120487,0.4024051803885291,18.34579302469893,2.935192618336431,64.89503711773511,33.70783568000002
0.6808363185585021,-0.1405408627575654,-0.6404999618931484,0.7272727272727273,19.11906776428225,2.8733089733618686,62.28048726827334,30.67946996000001
0.6200300552711342,-0.1162839675900195,-0.6414923909396696,0.6598240469208211,18.34579302469893,2.935192618336431,64.89503711773511,30.67263392000001
0.7567740817740818,-0.2547377017738154,-0.7149404681369234,0.7077764277035237,18.42692909240725,3.0261659658319164,63.215962152773066,30.41286439999999
0.4406105368544001,-0.0747358007220026,-0.5060826133661411,0.2685096917699396,18.33977088928225,2.992261602896399,64.03543207444856,31.154574740000044
0.4274605260323547,-0.0530522736121153,-0.4190543492226647,0.1078167115902965,18.33977088928225,2.992261602896399,64.03543207444856,30.98709176
0.540925300746517,0.0196332306798723,-0.5711667684789249,0.556881760537113,18.079354222615564,3.078370231760757,65.82244784811813,33.22247684000001
0.4705098793754162,0.0030904146975307,-0.5304338449926447,0.4219499200852424,18.33977088928225,2.992261602896399,64.03543207444856,33.058411879999994
0.6812631785416566,-0.1998684155269678,-0.6474941136898755,0.555275325767129,18.12785682678225,3.042692733145983,65.54639981076248,32.217578960000026
0.2249194198227236,-0.0694044452261086,-0.3376843610497465,0.3158738642437199,18.17033729553225,3.0582498735863317,64.52942736293296,27.75706286000002
0.1150352080245829,0.0551022435397123,-0.207328903112336,0.1358695652173913,18.54354693094893,2.984148439590686,62.90115217725584,30.99392780000005
0.1737174215040536,0.1070589163183215,-0.2547026228297008,0.1122052345167141,18.079354222615564,3.078370231760757,65.82244784811813,32.37822590000002
0.3648369325503559,-0.0787244950271711,-0.4258789088970609,0.3677330581355349,18.33977088928225,2.992261602896399,64.03543207444856,28.744870640000045
0.5414956591901811,-0.049260667511618,-0.5757883383034073,0.5176437899416505,18.34579302469893,2.935192618336431,64.89503711773511,31.086214340000023
0.2412789868507373,0.0098443709613809,-0.2855117272888398,0.1696542893725992,18.42692909240725,3.0261659658319164,63.215962152773066,30.402610340000024
0.4207627714969275,-0.0489159797741914,-0.4459828504860302,0.2890387858347386,18.42692909240725,3.0261659658319164,63.215962152773066,30.139422800000037
0.2919417911404576,-0.0131802756713729,-0.3536708237243355,0.0923176242737249,18.54354693094893,2.984148439590686,62.90115217725584,29.19946730000004
0.4856594119721216,-0.0491883185690671,-0.52828863592514,0.6558983666061706,18.57479693094893,2.94861928655015,63.63319549091134,31.937301320000017
0.5409177994708512,-0.1008779648422987,-0.6005079172549725,0.6015625,18.12785682678225,3.042692733145983,65.54639981076248,31.84501478000004
0.346951959423478,-0.0317774508492711,-0.3559363740223217,0.2396207911082053,18.17033729553225,3.0582498735863317,64.52942736293296,30.098406560000058
0.2489907286243284,0.0636023963095163,-0.3374675769953193,0.0740992522093813,18.34579302469893,2.935192618336431,64.89503711773511,31.516884860000005
0.5437061763210653,-0.0207206235848517,-0.5824426505147444,0.6318204997450281,18.17033729553225,3.0582498735863317,64.52942736293296,31.229771180000057
0.621484959496414,-0.1309523809523809,-0.6045461972061107,0.5992895204262877,18.178475316365564,3.0367836134203143,64.33165852586,29.462654840000027
0.2912566371681415,-0.0028224254531458,-0.2957976626052359,0.3134030891878425,18.17033729553225,3.0582498735863317,64.52942736293296,31.448524460000044
0.7276045707836636,-0.2454108613851316,-0.676546590228459,0.5416506717850288,18.178475316365564,3.0367836134203143,64.33165852586,30.73415828000003
0.2227211694928818,0.0273875709091938,-0.2854632139852296,0.227784730913642,18.33977088928225,2.992261602896399,64.03543207444856,30.68972402000003
0.566482963916489,-0.1049343131969468,-0.5906963064630769,0.6301460823373174,18.17033729553225,3.0582498735863317,64.52942736293296,30.44362658
0.0676434490082733,0.0353925353925354,-0.1233573321200116,0.0350981558596073,18.12785682678225,3.042692733145983,65.54639981076248,32.73711800000001
0.4963333272068959,-0.0813029186173922,-0.5240644714427452,0.5995525727069351,18.23601112365725,2.988557521308597,65.39613749133562,31.82450666
0.624737632501076,-0.2122745054354592,-0.601073128515794,0.6042057829515584,18.57479693094893,2.94861928655015,63.63319549091134,27.98948822
0.7096547378802128,-0.2157058815890289,-0.6712130679282335,0.8257607336390163,18.17033729553225,3.0582498735863317,64.52942736293296,30.306905780000022
0.7470137743621929,-0.3338839099093588,-0.6993368967286472,0.7957131516274146,18.079354222615564,3.078370231760757,65.82244784811813,30.306905780000022
0.1367210219072443,0.0073456795929307,-0.1711311835593333,0.1366322008862629,18.33977088928225,2.992261602896399,64.03543207444856,31.486122679999998
0.7592183622828784,-0.3038556676383231,-0.7112254934498344,0.8356722498868266,18.17033729553225,3.0582498735863317,64.52942736293296,30.93240344000003
0.2411827192761232,0.0724940606725146,-0.3655013536464376,0.3382515676872002,18.178475316365564,3.0367836134203143,64.33165852586,31.154574740000044
0.4939973321476212,-0.1744527268145571,-0.498941776984687,0.8261526832955405,18.17033729553225,3.0582498735863317,64.52942736293296,30.166766960000015
0.6603386351975371,-0.1617394561858083,-0.6438005212244358,0.5727034120734908,18.178475316365564,3.0367836134203143,64.33165852586,31.84501478000004
0.5151815385885608,-0.1508077728045901,-0.5252244015957448,0.6966328865642367,18.12785682678225,3.042692733145983,65.54639981076248,32.17998074000002
0.7021940363178004,-0.1842457194220945,-0.6945579458382678,0.6087257617728532,18.17033729553225,3.0582498735863317,64.52942736293296,31.04861612000002
0.3082725547007693,0.0316733297899382,-0.4015586848178747,0.2802701398938736,18.42692909240725,3.0261659658319164,63.215962152773066,32.94903524000006
0.1698674955013905,0.0119305032641358,-0.2560970254770918,0.0448484848484848,18.42692909240725,3.0261659658319164,63.215962152773066,29.045656399999984
0.2736876245192975,0.0575718791424783,-0.4098520399005051,0.3895809739524349,18.77092323303225,2.9235547705381517,62.60771955682329,35.621926880000046
0.4235250394871318,0.0516118649103694,-0.4835679841973779,0.1759112519809825,18.33977088928225,2.992261602896399,64.03543207444856,30.108660620000023
0.2171272802502038,-0.0051960843434038,-0.3639215044525359,0.2922478105741161,18.17033729553225,3.0582498735863317,64.52942736293296,32.49102056000004
0.6275078128795116,-0.0393572137657181,-0.6263490882024563,0.5447909754479098,19.11906776428225,2.8733089733618686,62.28048726827334,32.190234799999985
0.195372892586321,-0.0098344852249493,-0.2452927867469417,0.1191464137522228,18.54354693094893,2.984148439590686,62.90115217725584,31.39041812000005
0.1550597527161793,0.1290371316201161,-0.2845611437361183,0.0050136736554238,19.11906776428225,2.8733089733618686,62.28048726827334,32.251759160000006
0.8375043783463074,-0.5037146233313443,-0.7725539412077038,0.8474721508140531,18.23601112365725,2.988557521308597,65.39613749133562,25.21405598000001
0.7724385679747579,-0.4854218894879631,-0.7184743742550656,0.7205431449846693,18.079354222615564,3.078370231760757,65.82244784811813,26.84103349999998
0.4528149525926599,-0.1962436684746066,-0.4696833409821018,0.4217407545760179,18.33977088928225,2.992261602896399,64.03543207444856,30.12916874000001
0.6324576686909013,-0.1610582417979042,-0.6397804699845377,0.770392749244713,18.42692909240725,3.0261659658319164,63.215962152773066,30.98367374000003
0.4915598130685693,-0.1275017600321834,-0.5021396688747267,0.5383300085494442,18.23601112365725,2.988557521308597,65.39613749133562,30.730740260000005
0.1798078503444051,-0.0447547913758542,-0.2545539764376902,0.2090119435396308,18.12785682678225,3.042692733145983,65.54639981076248,30.12575072000004
0.2516013570495117,0.0368906260062318,-0.2519559799862196,0.1628583298712089,18.34579302469893,2.935192618336431,64.89503711773511,32.52178274000005
0.3620712233374675,0.0827934288130053,-0.4673858921161826,0.436144578313253,18.54354693094893,2.984148439590686,62.90115217725584,32.364553820000026
0.4308951000186497,-0.1375638182662059,-0.4656688897932743,0.5633504687027517,18.77092323303225,2.9235547705381517,62.60771955682329,31.629679520000025
0.3203946020315566,0.0984930247431746,-0.2961866720308054,0.0151515151515151,18.12785682678225,3.042692733145983,65.54639981076248,29.732678420000013
0.6330300730176719,-0.1921269920551923,-0.5953211488250653,0.6213683223992502,18.178475316365564,3.0367836134203143,64.33165852586,27.58957988000003
-0.409650444086636,-0.4435765542643041,0.4481184753580968,-0.5075528700906344,18.42692909240725,3.0261659658319164,63.215962152773066,25.091007260000023
0.1623136714899509,0.0796327301543796,-0.2193366066213037,0.0900704054382131,18.12785682678225,3.042692733145983,65.54639981076248,32.60723324000003
0.480692526846373,-0.0862437633642195,-0.5067236573127671,0.543802549498237,18.77092323303225,2.9235547705381517,62.60771955682329,32.85333068
0.8580266598635117,-0.4978772164357801,-0.7708807336262743,0.8568313953488372,18.33977088928225,2.992261602896399,64.03543207444856,25.72334096000003
0.4262954054384607,-0.1031525310428766,-0.4928399528921812,0.2054467271858576,18.54354693094893,2.984148439590686,62.90115217725584,29.695080200000007
0.1412742757947272,-0.0185055189775368,-0.1814595383837818,0.2826279964486534,18.12785682678225,3.042692733145983,65.54639981076248,31.85185081999998
0.1232868902925682,0.1285784415618877,-0.1922981501763898,0.0501064035596827,18.12785682678225,3.042692733145983,65.54639981076248,35.22885458000002
0.4509831671870715,-0.0189265238429477,-0.5018356603341726,0.4000910332271279,18.178475316365564,3.0367836134203143,64.33165852586,30.874297100000035
0.2467008416750371,-0.0058405175425113,-0.308652299190125,0.080896686159844,18.77092323303225,2.9235547705381517,62.60771955682329,32.00907974000006
0.1616231709156737,0.0180482704095077,-0.1971146372050121,0.0935828877005347,18.54354693094893,2.984148439590686,62.90115217725584,31.66727774000003
0.5053785233225244,-0.1424430470353697,-0.5311102654362098,0.4434684046472088,18.54354693094893,2.984148439590686,62.90115217725584,29.98219388000001
0.830310306876492,-0.2968215951268171,-0.763222030981067,0.851159793814433,18.34579302469893,2.935192618336431,64.89503711773511,30.077898440000013
0.6978663286593255,-0.2390624623611881,-0.6869633662392182,0.5921020948711775,18.54354693094893,2.984148439590686,62.90115217725584,31.33231178000005
0.72556022812374,-0.1833912768647281,-0.6806530948128338,0.7068493150684931,18.57479693094893,2.94861928655015,63.63319549091134,30.648707779999995
0.3904758970725283,0.0341326143014584,-0.4450785621092905,0.3060124022647614,18.34579302469893,2.935192618336431,64.89503711773511,31.27420544000006
0.6264658036960224,-0.0747567374802588,-0.62000860056518,0.5120425398811386,19.11906776428225,2.8733089733618686,62.28048726827334,34.599938899999984
0.1767304272945455,0.078061944801909,-0.2338703609260173,0.1061818181818181,18.54354693094893,2.984148439590686,62.90115217725584,31.219517119999978
0.4531378960895139,-0.1017727856022559,-0.4729429206819865,0.2312342569269521,18.33977088928225,2.992261602896399,64.03543207444856,28.89526352000001
0.4259690609413374,0.0649666513100825,-0.5138763825984115,0.2472666105971404,19.11906776428225,2.8733089733618686,62.28048726827334,32.501274620000004
0.5827348037764174,-0.1385093967643824,-0.5525114155251142,0.7077539476785294,18.34579302469893,2.935192618336431,64.89503711773511,31.76981834000003
0.4483013238296879,-0.0616663444809588,-0.4900428672201422,0.5165847665847666,18.77092323303225,2.9235547705381517,62.60771955682329,31.58866327999999
0.5590833440020484,-0.0832251988279615,-0.5686996582634327,0.4869169510807736,18.57479693094893,2.94861928655015,63.63319549091134,29.404548500000036
0.4317851019241761,-0.0801211849450126,-0.4590594228559003,0.3409889852355284,18.77092323303225,2.9235547705381517,62.60771955682329,31.55790109999998
0.3296849029246384,-0.067371633370001,-0.3662236675962682,0.4116339384957391,18.17033729553225,3.0582498735863317,64.52942736293296,29.589121579999983
0.7139908004048625,-0.2561897277327712,-0.6916138348482299,0.6945812807881774,18.42692909240725,3.0261659658319164,63.215962152773066,29.96510378000005
0.34887222365888,-0.0573296035532011,-0.4283262847232787,0.5359444719881011,18.12785682678225,3.042692733145983,65.54639981076248,30.433372520000034
0.256091445880535,0.0076481526396636,-0.2847259291822359,0.214261912695768,18.33977088928225,2.992261602896399,64.03543207444856,30.65212580000002
0.1259711774977043,0.1329865181711606,-0.1452712675606486,0.0384475879579252,18.079354222615564,3.078370231760757,65.82244784811813,32.93878117999998
0.2147617293459695,0.0157444528107342,-0.2980845791173496,0.1131386861313868,18.42692909240725,3.0261659658319164,63.215962152773066,30.511986980000017
0.3788709338929695,-0.027736586891913,-0.4347807097997083,0.1006903118305165,18.42692909240725,3.0261659658319164,63.215962152773066,30.799100660000025
0.1963328756809426,0.069265821912498,-0.2311198213390457,0.1093232371036441,18.178475316365564,3.0367836134203143,64.33165852586,33.52668061999998
0.2329416539078786,0.0869986886679051,-0.2773939550306261,0.174496644295302,18.23601112365725,2.988557521308597,65.39613749133562,33.30109130000005
0.5842225507324285,-0.1543591300345674,-0.5575139391697276,0.5311601150527325,18.12785682678225,3.042692733145983,65.54639981076248,34.31966126000003
0.684619132694494,-0.1294202196294502,-0.6717760263043373,0.8306939245608984,18.42692909240725,3.0261659658319164,63.215962152773066,28.10228288000002
0.3372617434717249,-0.0586688216279753,-0.3654159560356264,0.2620072871811858,18.54354693094893,2.984148439590686,62.90115217725584,30.78542858000003
0.6027712934698031,-0.195450791312306,-0.6104587349080576,0.4922498825739784,18.77092323303225,2.9235547705381517,62.60771955682329,31.95439141999998
0.6028316424810581,-0.1921391644877443,-0.5699808960762269,0.3298906439854192,18.17033729553225,3.0582498735863317,64.52942736293296,28.457756959999983
0.6542222768927978,-0.0969825095677355,-0.6250868553820126,0.5941921072226359,19.11906776428225,2.8733089733618686,62.28048726827334,30.371848160000013
0.5648882942653448,-0.0634309769341902,-0.5821119531582946,0.4716098864395457,18.57479693094893,2.94861928655015,63.63319549091134,31.40067218000001
0.3503310249679726,-0.017298282320386,-0.3813682811712414,0.1881663113006396,18.34579302469893,2.935192618336431,64.89503711773511,32.38847996000004
0.4194641237955739,-0.0200054417092695,-0.4537216564279445,0.4221498371335505,18.77092323303225,2.9235547705381517,62.60771955682329,30.83669888000003
0.1825132451381621,-0.1606414448077223,-0.096777990289834,0.2981744421906693,18.54354693094893,2.984148439590686,62.90115217725584,27.26486798000002
0.6095068732887345,-0.1450776421682574,-0.609381945963491,0.6280193236714976,18.12785682678225,3.042692733145983,65.54639981076248,31.6775318
0.6506788974161029,-0.1474352094447425,-0.6264676403207333,0.6590311678558017,18.54354693094893,2.984148439590686,62.90115217725584,32.36797184
0.2935550904581375,0.1502189602446483,-0.3359127411464263,0.1092791411042944,18.17033729553225,3.0582498735863317,64.52942736293296,32.06035004
0.5686526998090167,-0.0421346559587832,-0.5813624463065467,0.5783841626538255,18.23601112365725,2.988557521308597,65.39613749133562,30.091570520000005
0.5626140746430135,-0.0266809196425179,-0.5847858680447947,0.4844124700239808,18.42692909240725,3.0261659658319164,63.215962152773066,32.75079008
0.5667998858121611,-0.0460574512057845,-0.610253871331518,0.5538175046554935,18.079354222615564,3.078370231760757,65.82244784811813,32.59356116000004
0.4306099946647698,0.05845229010314,-0.5035550072894472,0.3930775422591896,18.57479693094893,2.94861928655015,63.63319549091134,33.926588960000004
0.4523076462083584,0.0191445657563217,-0.5234884561585489,0.5389162561576355,18.17033729553225,3.0582498735863317,64.52942736293296,31.47928664000005
0.6564044880096037,-0.1324324848296854,-0.6336431521343936,0.6516363636363637,18.77092323303225,2.9235547705381517,62.60771955682329,31.889449040000045
0.576898326898327,-0.0266340543770908,-0.6092284812021361,0.6025496812898388,18.42692909240725,3.0261659658319164,63.215962152773066,31.46561456000001
0.5066533676633188,-0.0853473100252315,-0.5387166569276206,0.1869965477560414,18.77092323303225,2.9235547705381517,62.60771955682329,31.639933580000047
0.2728268662246961,-0.1282640827722121,-0.4207488131204144,0.2726808075645285,18.34579302469893,2.935192618336431,64.89503711773511,29.879653280000014
0.4933433076572415,-0.1123396919647909,-0.4999002101456932,0.5931438881371223,18.178475316365564,3.0367836134203143,64.33165852586,30.511986980000017
0.6763605533724497,-0.1853814970595511,-0.6257022975979954,0.4972094151904877,18.178475316365564,3.0367836134203143,64.33165852586,31.36307396000001
0.743722116645156,-0.2488282046056653,-0.7003835138590214,0.789736279401283,18.079354222615564,3.078370231760757,65.82244784811813,29.004640160000008
0.5705781395576913,-0.0053171120611185,-0.5468814898528886,0.4878149524989674,18.12785682678225,3.042692733145983,65.54639981076248,30.751248379999996
0.5713725621982502,-0.0076646242035471,-0.548100162228378,0.7123342707914825,18.178475316365564,3.0367836134203143,64.33165852586,30.8401169
0.2228360957642725,0.0174400169115316,-0.3310311718282812,0.2246798603026775,18.23601112365725,2.988557521308597,65.39613749133562,31.91679320000003
0.7586936025703224,-0.38948190575371,-0.7044613787780667,0.7631880733944955,18.079354222615564,3.078370231760757,65.82244784811813,30.69997808000005
0.6289143202024188,-0.194894979268303,-0.6312051791671026,0.5794201714985708,18.34579302469893,2.935192618336431,64.89503711773511,28.433830820000026
0.111004471892452,0.0951992568929971,-0.2148136882129278,0.048834628190899,18.33977088928225,2.992261602896399,64.03543207444856,32.06035004
0.5901555392663848,-0.1090008893744265,-0.594558672493304,0.5732924021488872,18.079354222615564,3.078370231760757,65.82244784811813,30.498314900000025
0.1993370885164395,0.0224648634740939,-0.2674144653170153,0.0988286969253294,18.178475316365564,3.0367836134203143,64.33165852586,31.43827040000002
0.126279805435559,0.1362311279225225,-0.1871325111142981,0.0808231434536236,18.33977088928225,2.992261602896399,64.03543207444856,34.336751359999994
0.222811723403416,0.0965010711006833,-0.2874749509401832,0.3121349772874757,18.34579302469893,2.935192618336431,64.89503711773511,33.61896716000001
0.4395354789173972,-0.1146493265211333,-0.4610008523073177,0.1303037911122269,18.77092323303225,2.9235547705381517,62.60771955682329,33.236148920000005
0.5594824629773967,-0.0505971258984192,-0.5921342449358951,0.613838242169238,18.23601112365725,2.988557521308597,65.39613749133562,32.02616984000002
0.6582529303275565,-0.1509320187038487,-0.6317155112937578,0.6657714115189496,18.42692909240725,3.0261659658319164,63.215962152773066,30.091570520000005
0.722506979678978,-0.1617232132447242,-0.6814208572392845,0.7619803237067597,18.23601112365725,2.988557521308597,65.39613749133562,29.39771245999998
0.3402697081836113,0.0764277853517517,-0.4736731752063949,0.2392344497607655,18.079354222615564,3.078370231760757,65.82244784811813,33.058411879999994
0.7064786059351277,-0.2334624587876757,-0.6748901942107213,0.7598956067855589,18.079354222615564,3.078370231760757,65.82244784811813,28.433830820000026
0.7492815359843468,-0.2169616017242357,-0.6896181748383223,0.7257281553398058,18.77092323303225,2.9235547705381517,62.60771955682329,28.18773338000005
0.200441517623288,0.0827859772004432,-0.2438284468136659,0.1456573166610341,18.178475316365564,3.0367836134203143,64.33165852586,32.07744014000002
0.6766126493796878,-0.2392436239941595,-0.6016507159669442,0.5992970123022847,18.33977088928225,2.992261602896399,64.03543207444856,30.518823020000013
0.6049890658898984,-0.1290922800019459,-0.6129637511835374,0.6486591527399922,19.11906776428225,2.8733089733618686,62.28048726827334,33.926588960000004
0.2578846442741886,0.0225838569025303,-0.3341393692300481,0.2267343485617597,18.178475316365564,3.0367836134203143,64.33165852586,29.944595660000005
0.2062366722977651,-0.0713631248501099,-0.2766281728120054,0.1937345424567188,18.12785682678225,3.042692733145983,65.54639981076248,29.749768520000032
0.366253001243889,-0.0878540621778963,-0.4328186148105452,0.2408405172413793,18.42692909240725,3.0261659658319164,63.215962152773066,30.416282420000016
0.5112131856255068,-0.0442859976894262,-0.5560153709725097,0.4257485029940119,18.23601112365725,2.988557521308597,65.39613749133562,32.54912690000003
0.2804803270311701,-0.0439147671649459,-0.3343568899262508,0.1295487627365356,18.12785682678225,3.042692733145983,65.54639981076248,30.29665172
0.7579611395297114,-0.2781248621870729,-0.6933713762647165,0.695139911634757,18.42692909240725,3.0261659658319164,63.215962152773066,28.515863299999975
0.3006573829751537,-0.0540465374988412,-0.3743281465305366,0.1730886850152905,18.42692909240725,3.0261659658319164,63.215962152773066,31.616007440000036
0.6446713574738288,-0.103829164770993,-0.6377152133977017,0.7008995502248876,19.11906776428225,2.8733089733618686,62.28048726827334,30.710232140000016
0.0493820756034589,0.0204863076968919,-0.1165780668829294,0.0098529201770669,18.77092323303225,2.9235547705381517,62.60771955682329,30.973419680000006
0.489694760113253,-0.0014340169683317,-0.5434270696874474,0.5651892591394371,18.57479693094893,2.94861928655015,63.63319549091134,31.98173558000002
0.7054627723923392,-0.2276608497981249,-0.6601312187437871,0.7311923877490336,18.23601112365725,2.988557521308597,65.39613749133562,30.484642819999976
0.1809428863761577,0.0480748896815213,-0.264379008473386,0.1450980392156863,18.17033729553225,3.0582498735863317,64.52942736293296,32.778134239999986
0.5564091145253469,-0.0410962304665683,-0.6006793698653666,0.5186311787072243,18.57479693094893,2.94861928655015,63.63319549091134,29.67457208000002
0.3419817386831276,-0.0119336949604534,-0.3789218965503003,0.5261324041811847,18.54354693094893,2.984148439590686,62.90115217725584,31.32547574
0.3901108955824762,0.0195359691059092,-0.4295930503906897,0.3987218671853292,18.77092323303225,2.9235547705381517,62.60771955682329,32.52861877999999
0.6630177120788389,-0.2002460544779992,-0.6369594854406264,0.7423611111111111,18.23601112365725,2.988557521308597,65.39613749133562,31.54081100000002
0.6899352697417585,-0.150848252936006,-0.6356327021340547,0.655145013905443,18.77092323303225,2.9235547705381517,62.60771955682329,30.617945599999985
0.415990748243661,-0.0236478416652448,-0.4357460793541902,0.1843416370106761,18.54354693094893,2.984148439590686,62.90115217725584,32.14580053999998
0.5932440555374896,-0.3057776485600297,-0.617794498754265,0.617259288853376,18.12785682678225,3.042692733145983,65.54639981076248,30.85037096000002
0.2015711207225931,-0.0570116766044407,-0.2778337613366706,0.2230662983425414,18.23601112365725,2.988557521308597,65.39613749133562,31.09988642000002
0.544785773590006,-0.1811531619313357,-0.5546919026058568,0.6637168141592921,18.17033729553225,3.0582498735863317,64.52942736293296,30.371848160000013
0.2159782283458958,0.1402406774026183,-0.3460407088160375,0.1694402420574886,18.12785682678225,3.042692733145983,65.54639981076248,30.76833848000001
0.7437549064997283,-0.2298824464762336,-0.7035820690062043,0.8352118150019433,18.079354222615564,3.078370231760757,65.82244784811813,29.872817240000018
0.2415939265959355,-0.0472770278066228,-0.2888648284063579,0.0952673632452366,18.77092323303225,2.9235547705381517,62.60771955682329,31.629679520000025
0.8086726764065899,-0.2779047501389833,-0.7486921812632074,0.8501400560224089,18.079354222615564,3.078370231760757,65.82244784811813,27.08371292000004
0.5544685790084563,-0.1008581801101836,-0.6305529386187406,0.6173132752705199,18.42692909240725,3.0261659658319164,63.215962152773066,31.595499320000044
0.156655820644775,0.0564866738075735,-0.1911940179778856,0.1112578408715747,18.54354693094893,2.984148439590686,62.90115217725584,32.08085816000005
0.1003715399039433,0.0845265642488879,-0.1900726757335423,0.1079062580479011,18.33977088928225,2.992261602896399,64.03543207444856,30.648707779999995
0.8473291764292856,-0.2830230684420321,-0.7707693208088259,0.666124308493329,18.23601112365725,2.988557521308597,65.39613749133562,27.162327380000026
0.7311547655350837,-0.3149620419630582,-0.701874165909135,0.8976857490864799,18.17033729553225,3.0582498735863317,64.52942736293296,28.922607680000056
0.7038130226813619,-0.2512990806506164,-0.6711049060167744,0.7501779359430605,18.12785682678225,3.042692733145983,65.54639981076248,28.47826508000003
0.3726034631075983,-0.0871143130826621,-0.4423312718713361,0.3454773869346734,18.079354222615564,3.078370231760757,65.82244784811813,32.067186080000056
0.3166525837387302,0.0657593731991408,-0.3765255799991424,0.199340115479791,18.33977088928225,2.992261602896399,64.03543207444856,32.15605460000006
0.3036720325974266,-0.0588803592876912,-0.3583091892616102,0.3371428571428571,18.33977088928225,2.992261602896399,64.03543207444856,31.22635316000003
0.6482174680457379,-0.1543004556339164,-0.6159337903360641,0.6963097398669087,18.34579302469893,2.935192618336431,64.89503711773511,31.55106506000004
0.2241124095301145,0.0435378973247238,-0.2666035543035704,0.1663414634146341,18.079354222615564,3.078370231760757,65.82244784811813,30.799100660000025
0.1205635529625636,0.1010979693925133,-0.1727856992732381,0.0909448045570614,18.12785682678225,3.042692733145983,65.54639981076248,33.25665704000005
0.6489172155197631,-0.1563125505066202,-0.633940884535992,0.5842928845586064,18.42692909240725,3.0261659658319164,63.215962152773066,29.73951446000001
0.372270281472839,0.041969883714699,-0.434147828458663,0.4560810810810811,18.12785682678225,3.042692733145983,65.54639981076248,31.52030288000003
0.3192990382192721,-0.1394076730871681,-0.3728291037961866,0.3254046911133135,18.54354693094893,2.984148439590686,62.90115217725584,29.435310680000043
0.4104939975924104,-0.0824123669401315,-0.4420269400566801,0.2144277193978983,18.178475316365564,3.0367836134203143,64.33165852586,29.12085284
0.1809080357567077,0.0283809140865836,-0.1995366827310898,0.0525603428829235,18.17033729553225,3.0582498735863317,64.52942736293296,31.43827040000002
0.3880787581479741,-0.0581831687606461,-0.435565980366606,0.2828373910429816,18.12785682678225,3.042692733145983,65.54639981076248,31.906539140000007
0.4926980775556729,0.031133002969304,-0.6119289549772822,0.3512947946638765,18.77092323303225,2.9235547705381517,62.60771955682329,32.10820232000003
0.5034362889852529,-0.1151908226224461,-0.4926616247435751,0.1820464532328939,18.77092323303225,2.9235547705381517,62.60771955682329,30.450462620000053
0.2376299326847601,0.0112460331033959,-0.321219261982875,0.1614657887202977,18.34579302469893,2.935192618336431,64.89503711773511,32.74053602000004
0.4060350144707502,0.0315148478180351,-0.4621210252362041,0.5751058976865429,18.42692909240725,3.0261659658319164,63.215962152773066,34.34016938000002
0.5835180982688611,-0.0593785264725385,-0.6082832921229249,0.5964653902798233,18.079354222615564,3.078370231760757,65.82244784811813,31.920211220000056
0.4216606223529709,-0.0479114675340456,-0.4489447768716802,0.4836505612493899,18.079354222615564,3.078370231760757,65.82244784811813,34.26839096000003
0.6219644029188064,-0.2181723283023792,-0.5935401889011115,0.4738246082027342,19.11906776428225,2.8733089733618686,62.28048726827334,30.012956060000025
0.2073110684754743,0.0230474895066943,-0.2203020422172646,0.347945205479452,18.77092323303225,2.9235547705381517,62.60771955682329,32.21074292000003
0.3323127446017851,-0.0159477321082261,-0.3768132583151529,0.1345578812473302,18.33977088928225,2.992261602896399,64.03543207444856,30.26247152000002
0.1925372587791571,0.0382505592510833,-0.2296858480592055,0.0807613168724279,18.17033729553225,3.0582498735863317,64.52942736293296,31.629679520000025
0.8074435173900816,-0.2942106597848949,-0.729372016305052,0.7432754511406197,18.33977088928225,2.992261602896399,64.03543207444856,29.271245720000024
0.5816714539734648,-0.1817358068933567,-0.5656530098296733,0.4994268246083301,18.54354693094893,2.984148439590686,62.90115217725584,30.13258675999998
0.3845090375326425,-0.0742977472287336,-0.4196930185343998,0.6493411420204978,18.178475316365564,3.0367836134203143,64.33165852586,28.447502900000018
0.251302270917845,-0.0587133362416279,-0.289371908962349,0.1768441621885686,18.54354693094893,2.984148439590686,62.90115217725584,30.594019460000027
0.6724915619871392,-0.1592879832870676,-0.6275864839889108,0.6754716981132075,18.77092323303225,2.9235547705381517,62.60771955682329,32.398734020000006
0.256889914013873,-0.0239369969949225,-0.3704025592189207,0.1628182356423919,18.178475316365564,3.0367836134203143,64.33165852586,30.187275080000006
0.1487046324010386,0.0453040312350702,-0.1752263716652639,0.0905933429811866,18.12785682678225,3.042692733145983,65.54639981076248,30.44020856000003
0.4348014399420615,-0.1262296086988023,-0.5043587662941926,0.4345828295042321,18.57479693094893,2.94861928655015,63.63319549091134,30.03346418000001
0.3876487985756536,-0.0260299085553264,-0.4708538363759719,0.1324606168182826,18.12785682678225,3.042692733145983,65.54639981076248,32.68242968000004
0.3402589744982273,-0.0768674533565226,-0.3479665407784263,0.4812542603953647,18.34579302469893,2.935192618336431,64.89503711773511,32.00907974000006
0.5934470015733052,-0.0720980755383508,-0.5924856019745863,0.6239316239316239,18.77092323303225,2.9235547705381517,62.60771955682329,31.5749912
0.3045090215740971,0.0213439468090037,-0.3277150866096458,0.2182430364248546,18.33977088928225,2.992261602896399,64.03543207444856,32.36797184
0.3366178613559088,-0.1124458561940515,-0.3295140806184428,0.2941970310391363,18.77092323303225,2.9235547705381517,62.60771955682329,29.39087642000004
0.7399336474107788,-0.2739458670123889,-0.6961626182434538,0.7375941803065731,18.77092323303225,2.9235547705381517,62.60771955682329,33.89582677999999
0.2608431631522217,0.0291251921514533,-0.3121158980678388,0.0684766214177979,18.12785682678225,3.042692733145983,65.54639981076248,31.233189200000027
0.5312458259392829,-0.1252453867294857,-0.5326935014085853,0.5218427323272439,18.12785682678225,3.042692733145983,65.54639981076248,30.46071668000002
0.7422262115203195,-0.2035000695964669,-0.6851794431106427,0.7681050656660413,18.77092323303225,2.9235547705381517,62.60771955682329,28.813231040000005
0.261108540964466,0.1415342625986938,-0.3321271496055664,0.2022768855458426,18.12785682678225,3.042692733145983,65.54639981076248,32.79180631999998
0.289722532145666,0.0404175115332797,-0.2630400515870173,0.0568690095846645,18.33977088928225,2.992261602896399,64.03543207444856,31.54422901999999
0.2533266704740149,-0.0542984794984507,-0.319102896427364,0.1362457610213445,18.23601112365725,2.988557521308597,65.39613749133562,30.860625020000043
0.3714121108619163,-0.088960413024654,-0.3446307167786319,0.0236720554272517,18.33977088928225,2.992261602896399,64.03543207444856,29.794202779999974
0.2999948942005411,-0.0199552480528324,-0.3882090865897638,0.3527252188647274,19.11906776428225,2.8733089733618686,62.28048726827334,30.9426575
0.4798461490353045,-0.0681975501850903,-0.4852958100120312,0.3904265711494627,18.12785682678225,3.042692733145983,65.54639981076248,32.54912690000003
0.6089901204541217,-0.2038200486139705,-0.608048046982426,0.4092384519350811,18.23601112365725,2.988557521308597,65.39613749133562,30.27272558000004
0.5166851396116299,-0.0654197385321908,-0.5554713539826988,0.5379910609268408,18.17033729553225,3.0582498735863317,64.52942736293296,30.535913120000032
0.4287590196970681,-0.0487624482862282,-0.4982923287727263,0.2715447154471544,18.42692909240725,3.0261659658319164,63.215962152773066,30.805936700000014
0.1716152876295704,0.0170537127353767,-0.221399474243975,0.0836473247927656,18.12785682678225,3.042692733145983,65.54639981076248,30.060808339999998
0.2586910989757177,0.0160367836716384,-0.3157184416519208,0.0791420118343195,18.23601112365725,2.988557521308597,65.39613749133562,30.55300322000005
0.6158358981129273,-0.1095007960294842,-0.607083945409633,0.5647730688307785,18.57479693094893,2.94861928655015,63.63319549091134,31.827924680000024
0.1934472335817156,0.0210026651109136,-0.2444485644219344,0.1486220472440945,18.23601112365725,2.988557521308597,65.39613749133562,30.82302679999998
0.5295392246443024,-0.1345113036742992,-0.5412682336538336,0.3584715937657114,18.17033729553225,3.0582498735863317,64.52942736293296,29.56861346000005
0.5432214833934462,-0.1062098710973876,-0.5782389035540094,0.5004748338081672,18.77092323303225,2.9235547705381517,62.60771955682329,30.99392780000005
0.342838890323633,0.1124586747161132,-0.4607798199050733,0.2703451751070799,18.34579302469893,2.935192618336431,64.89503711773511,33.171206540000014
0.4436198944612956,-0.0491611204387055,-0.4992620977137974,0.549645390070922,18.42692909240725,3.0261659658319164,63.215962152773066,32.36797184
0.3205731802114958,0.00042741447547371366,-0.3897433918579973,0.3927593550349863,18.57479693094893,2.94861928655015,63.63319549091134,31.940719339999987
0.4789255700612451,-0.1234945907328026,-0.5175941508124401,0.3968156766687079,18.12785682678225,3.042692733145983,65.54639981076248,29.70875228
0.4594812378857505,0.1086356532437734,-0.5340857064371395,0.4476401179941003,18.57479693094893,2.94861928655015,63.63319549091134,31.841596760000016
0.3415946411357101,0.0669417225373903,-0.4736899266901984,0.2993630573248407,18.12785682678225,3.042692733145983,65.54639981076248,31.94755538000004
0.6677779608807536,-0.2977254344952752,-0.6320490237427743,0.6937534549474847,18.178475316365564,3.0367836134203143,64.33165852586,27.6955385
0.2817082235286168,0.0116273876341764,-0.3390076643807987,0.2370502679254912,18.33977088928225,2.992261602896399,64.03543207444856,31.602335359999984
0.8028808747765747,-0.5024884921840316,-0.6565102305002223,0.7487369484674975,18.23601112365725,2.988557521308597,65.39613749133562,28.62865796000005
0.1994624063817566,0.0038615599261892,-0.2665056821433069,0.0529968454258675,18.33977088928225,2.992261602896399,64.03543207444856,30.580347380000035
0.5938957102890892,-0.1284558884212265,-0.6015968921121728,0.6423963133640553,18.12785682678225,3.042692733145983,65.54639981076248,31.86552290000003
0.4494493855832175,-0.0075618810234484,-0.488413231912259,0.3925997116770783,18.54354693094893,2.984148439590686,62.90115217725584,31.913375180000003
0.4046306318495467,0.0331037935189443,-0.4818191550099914,0.4926948051948052,18.17033729553225,3.0582498735863317,64.52942736293296,32.66875760000005
0.5949823674336967,-0.250884016973126,-0.5203843556210475,0.3908754623921085,18.57479693094893,2.94861928655015,63.63319549091134,27.634014139999977
0.2585788045980269,-0.0351798020517181,-0.3566646053304628,0.2821752265861027,18.54354693094893,2.984148439590686,62.90115217725584,28.98071402000005
0.6157862525341391,-0.2140280791504404,-0.6134102324160191,0.6782740348221045,18.178475316365564,3.0367836134203143,64.33165852586,28.044176540000024
0.3628625520636121,0.0157617255862793,-0.4618665063725052,0.3652331920048455,18.17033729553225,3.0582498735863317,64.52942736293296,32.58672511999998
0.2850666329284749,0.0115962243342307,-0.286260025327142,0.4645669291338583,18.12785682678225,3.042692733145983,65.54639981076248,29.582285540000044
0.3495231625203161,-0.0099819154208042,-0.3540059705613362,0.4376974376974377,18.57479693094893,2.94861928655015,63.63319549091134,30.99392780000005
0.7761332461167466,-0.307131874290477,-0.7024518061014412,0.7684936757378306,18.23601112365725,2.988557521308597,65.39613749133562,28.792722920000017
0.2886584478803365,0.078556234955224,-0.33878452610469,0.2285808799206086,18.33977088928225,2.992261602896399,64.03543207444856,34.893888619999984
0.4956821493301113,0.058677491864327,-0.5540006646235646,0.5210918114143921,18.34579302469893,2.935192618336431,64.89503711773511,35.758647680000024
0.5470834686084444,-0.0102162369520885,-0.5797242152289392,0.4526659412404787,18.42692909240725,3.0261659658319164,63.215962152773066,32.69610176000003
0.6374588767075848,-0.2034103771373461,-0.605116935555913,0.4985808893093661,18.12785682678225,3.042692733145983,65.54639981076248,29.551523360000036
0.2098564063728774,0.0442099127153353,-0.2747974465995582,0.0492176386913229,18.12785682678225,3.042692733145983,65.54639981076248,31.66727774000003
0.7354792530683564,-0.2443226843570992,-0.6612324681605675,0.738141905135241,18.77092323303225,2.9235547705381517,62.60771955682329,26.670132500000022
0.5598385689354276,-0.0782977183272761,-0.5510916841111969,0.6076058772687987,18.33977088928225,2.992261602896399,64.03543207444856,27.23752381999998
0.6803530715973981,-0.1141916022329323,-0.6479348506138526,0.7674810446503791,18.42692909240725,3.0261659658319164,63.215962152773066,27.063204799999998
0.6071930145936374,-0.1539616602913291,-0.6107090950814658,0.6535522219077271,18.42692909240725,3.0261659658319164,63.215962152773066,27.70579256000002
0.3939485886045343,-0.0793051803124633,-0.435266091948412,0.5,18.12785682678225,3.042692733145983,65.54639981076248,29.68482614000004
0.4646818346471633,-0.0725274725274725,-0.492722030799522,0.6228199822642625,18.54354693094893,2.984148439590686,62.90115217725584,32.46709442000002
0.8147187007214076,-0.267250498569323,-0.7348653910070747,0.815068493150685,18.42692909240725,3.0261659658319164,63.215962152773066,27.979234160000036
0.5384482847740314,0.0210449569397924,-0.5734891138660535,0.5190886699507389,18.77092323303225,2.9235547705381517,62.60771955682329,30.713650160000043
0.6932164201893295,-0.1954122111072783,-0.6509119368449708,0.6592082616179001,18.23601112365725,2.988557521308597,65.39613749133562,31.31863970000001
0.5066870740862214,-0.0876041536508855,-0.4908500856395925,0.1729035782573067,18.33977088928225,2.992261602896399,64.03543207444856,29.924087540000016
0.146194858124215,-0.0279418863934163,-0.218059859035037,0.1017462165308498,18.12785682678225,3.042692733145983,65.54639981076248,31.59891734000001
0.1034108113817784,0.0685643438237742,-0.2347908317197279,0.0459677419354838,18.079354222615564,3.078370231760757,65.82244784811813,32.81915048000002
0.5454454754065649,0.0126211116777154,-0.5750788047820341,0.4710926694329184,19.11906776428225,2.8733089733618686,62.28048726827334,33.909498859999985
0.2576635128936709,-0.0410574546952223,-0.3212780554738802,0.2505707762557078,18.54354693094893,2.984148439590686,62.90115217725584,31.55790109999998
0.2447028033620209,-0.0053660717915361,-0.2481578681740184,0.2089314194577352,18.178475316365564,3.0367836134203143,64.33165852586,28.037340500000028
0.3810947783953044,0.0141579139720019,-0.4567155301281198,0.3820078226857888,18.23601112365725,2.988557521308597,65.39613749133562,30.57009332000001
0.661777540046733,-0.1327793663282734,-0.6336162361623617,0.7272727272727273,19.11906776428225,2.8733089733618686,62.28048726827334,29.96852180000002
0.5315766903321103,-0.1416677914088639,-0.5618658892128281,0.2622641509433962,18.34579302469893,2.935192618336431,64.89503711773511,31.37332802000003
0.4855336885658886,-0.0020958962660088,-0.5626937346417614,0.4595080983803239,18.23601112365725,2.988557521308597,65.39613749133562,33.47541032000004
0.6910879533138807,-0.2002011715283119,-0.6627266467753041,0.7272139625080801,18.17033729553225,3.0582498735863317,64.52942736293296,31.03152602
0.2297046633626062,0.0642870532711414,-0.3323964671246321,0.0567272727272727,18.17033729553225,3.0582498735863317,64.52942736293296,32.50469264000003
0.2719562195358003,-0.015688340885938,-0.3849499449154571,0.2526002971768202,18.33977088928225,2.992261602896399,64.03543207444856,30.922149380000008
0.3000094372267136,0.0456726661401539,-0.382279158443991,0.1818181818181818,18.079354222615564,3.078370231760757,65.82244784811813,32.27568530000002
0.4298746116575875,0.1364659289942673,-0.5194885958334096,0.3886950453593859,18.17033729553225,3.0582498735863317,64.52942736293296,33.762523999999985
0.3790540540540542,0.0366757634985084,-0.3838009804944196,0.3849557522123893,18.77092323303225,2.9235547705381517,62.60771955682329,29.82838298000001
0.5008728404722796,-0.0539371980676328,-0.5098707545374328,0.4621160409556314,18.77092323303225,2.9235547705381517,62.60771955682329,31.21268108000004
0.3587611623234935,0.0424008400230329,-0.4147059117885486,0.0877954655089242,18.54354693094893,2.984148439590686,62.90115217725584,32.60723324000003
0.6226900584795323,-0.1098585309121341,-0.633195997645674,0.6936376210235131,18.079354222615564,3.078370231760757,65.82244784811813,30.63845372000003
0.2340770101925255,0.1762807187294483,-0.3635100978502966,0.1582441903356695,18.178475316365564,3.0367836134203143,64.33165852586,29.94801368000003
0.4527047026488267,0.0075356768490471,-0.5283635208134732,0.3825857519788918,18.079354222615564,3.078370231760757,65.82244784811813,31.40750822000001
0.5980887943361349,-0.1981800590957821,-0.5687496255467018,0.4601797334986055,18.17033729553225,3.0582498735863317,64.52942736293296,28.348380320000047
0.3727829577622467,-0.0239477027502579,-0.41819083023544,0.1630889322553666,18.77092323303225,2.9235547705381517,62.60771955682329,30.52565906000001
0.548842801322513,-0.111024269293482,-0.5567240972386124,0.2458071278825996,18.34579302469893,2.935192618336431,64.89503711773511,30.88455116
0.1531862589809547,0.2263105095812149,-0.258718819371927,0.0881997583568264,18.77092323303225,2.9235547705381517,62.60771955682329,33.73517984
0.2364210422456464,0.1210656441968798,-0.3713681215459537,0.2136062265782646,18.42692909240725,3.0261659658319164,63.215962152773066,34.69906148000001
0.4273356766999387,0.0331714206643827,-0.529749277123897,0.3736205990541251,19.11906776428225,2.8733089733618686,62.28048726827334,32.480766500000016
0.5989675182014326,-0.1407084621872365,-0.6117179741807349,0.6040980607391145,18.54354693094893,2.984148439590686,62.90115217725584,30.071062400000017
0.387095309449212,-0.0715087456739313,-0.4192309479194091,0.4189415041782729,18.12785682678225,3.042692733145983,65.54639981076248,30.696560060000024
0.2091872452649246,0.0783175684566013,-0.1609350974596948,0.7278911564625851,18.178475316365564,3.0367836134203143,64.33165852586,29.28149977999999
0.5331422582508075,-0.1487939738761119,-0.5204429030513219,0.3681693989071038,18.178475316365564,3.0367836134203143,64.33165852586,27.55881770000002
0.1229778009714584,0.118385805678989,-0.1825041214016993,0.0780597494378413,18.178475316365564,3.0367836134203143,64.33165852586,31.45877852000001
0.7761820770174325,-0.3358382826283113,-0.7011241928706791,0.8297147722435079,18.77092323303225,2.9235547705381517,62.60771955682329,27.80491514000005
0.2617630205017192,0.0062058071310364,-0.3775371889336856,0.3848620910840282,18.54354693094893,2.984148439590686,62.90115217725584,29.438728700000013
0.484202076561698,-0.0577174662271468,-0.5525210951587815,0.3875553484036355,18.42692909240725,3.0261659658319164,63.215962152773066,32.28593936000004
0.16609533810899,-0.0095724231088944,-0.2203695853547486,0.1108955706433883,18.33977088928225,2.992261602896399,64.03543207444856,31.513466839999975
0.4022955859257526,-0.0481471074896193,-0.4462853351943274,0.0994232987312572,18.54354693094893,2.984148439590686,62.90115217725584,31.38358208
0.559984631639612,-0.0407428293133058,-0.5990115094172433,0.5909822866344605,18.079354222615564,3.078370231760757,65.82244784811813,30.857207000000017
0.6904708869782155,-0.2823276954530863,-0.6506334620194661,0.7400690846286702,18.178475316365564,3.0367836134203143,64.33165852586,28.10228288000002
0.5803784520968293,-0.0477607723098658,-0.5871992238495066,0.6141445657826313,18.42692909240725,3.0261659658319164,63.215962152773066,31.841596760000016
0.4550476321019807,-0.0425657293825317,-0.4712412684333075,0.2330029960820465,18.34579302469893,2.935192618336431,64.89503711773511,31.082796320000057
0.3709282067139807,0.0124308641841158,-0.3825126637156026,0.2503528083545018,18.17033729553225,3.0582498735863317,64.52942736293296,31.335729800000024
0.2204518093619432,0.0662846066326745,-0.2783180589437595,0.0770981507823613,18.17033729553225,3.0582498735863317,64.52942736293296,31.47586862000003
0.2515785729107994,0.0557245420590011,-0.3060943542150039,0.2013223140495867,18.77092323303225,2.9235547705381517,62.60771955682329,31.55790109999998
0.1632006086735988,0.0139673624594381,-0.244925483277209,0.0484511517077045,18.12785682678225,3.042692733145983,65.54639981076248,30.782010560000003
0.641583840703929,-0.1463362856906983,-0.6190254099657702,0.7336174746936601,18.23601112365725,2.988557521308597,65.39613749133562,32.091112220000014
0.4263449518246582,0.0015762473848623,-0.489280752377899,0.4068587105624142,18.77092323303225,2.9235547705381517,62.60771955682329,32.4124061
0.2004764090666602,-0.0540408056557119,-0.2469329896907218,0.0776892430278884,18.23601112365725,2.988557521308597,65.39613749133562,32.65508552000006
0.2402649718019872,0.0178692737100157,-0.3132182773192212,0.3038643313872671,18.12785682678225,3.042692733145983,65.54639981076248,31.13406662
0.4324506890029723,-0.0811045048145245,-0.4633027127269591,0.5009761811792268,18.77092323303225,2.9235547705381517,62.60771955682329,32.48760254000001
0.4328409687335983,-0.066680807359114,-0.4838759774193797,0.4782103428239396,18.23601112365725,2.988557521308597,65.39613749133562,29.773694660000046
0.3842620791834717,-0.0431918417477716,-0.4284961946181026,0.3928571428571428,18.17033729553225,3.0582498735863317,64.52942736293296,32.27226728000005
0.5097880783046264,-0.0292149537807106,-0.5335397316821465,0.609895337773549,19.11906776428225,2.8733089733618686,62.28048726827334,31.991989640000043
0.4204781563308079,-0.0622455626119525,-0.4661322495153724,0.4432348367029549,18.17033729553225,3.0582498735863317,64.52942736293296,29.021730260000027
0.4617917529535916,-0.0557217351441178,-0.4457663030683513,0.4749524413443247,18.23601112365725,2.988557521308597,65.39613749133562,31.6775318
0.3340376394280379,-0.107632679427464,-0.4035810298476597,0.5260882098587489,18.178475316365564,3.0367836134203143,64.33165852586,29.746350500000005
0.2320463759993695,0.1096993014073098,-0.2814193466123847,0.1608832807570978,18.17033729553225,3.0582498735863317,64.52942736293296,31.97831756000005
0.6824997562640148,-0.1403593399985462,-0.6108087926447939,0.7093066370040786,18.079354222615564,3.078370231760757,65.82244784811813,27.363990560000047
0.0141833100401244,0.0257722806151394,-0.0155935386587931,-0.0215068683224642,18.34579302469893,2.935192618336431,64.89503711773511,32.55254492000006
0.6078806115810019,-0.141648621336798,-0.6000080929065674,0.7742574257425743,18.54354693094893,2.984148439590686,62.90115217725584,30.166766960000015
0.2908840922136345,0.1104897163251039,-0.4003808530819414,0.2014080965551923,18.77092323303225,2.9235547705381517,62.60771955682329,37.04382320000002
0.5156996223571141,-0.1051210684123134,-0.51202092016017,0.4610778443113772,18.77092323303225,2.9235547705381517,62.60771955682329,30.641871740000056
0.1839256865912762,0.0873314860363024,-0.2685759786738678,0.2040648173578687,18.34579302469893,2.935192618336431,64.89503711773511,33.94367906000002
0.6396997229202913,-0.1130721956127112,-0.6446541388615102,0.598825831702544,18.57479693094893,2.94861928655015,63.63319549091134,31.933883300000048
0.2721282708551963,0.0730805390159824,-0.3771557343464818,0.2964529775463716,18.17033729553225,3.0582498735863317,64.52942736293296,30.54616718
0.7763358993352149,-0.2281163497753777,-0.710359770685686,0.8173913043478261,19.11906776428225,2.8733089733618686,62.28048726827334,29.291753840000013
0.2782236212054846,0.0643771226735498,-0.3256392291523909,0.2183850931677018,18.42692909240725,3.0261659658319164,63.215962152773066,32.08427618000002
0.5623694442326751,-0.1914745177381658,-0.5487322879274513,0.6809508914607445,18.17033729553225,3.0582498735863317,64.52942736293296,28.70727241999998
0.6385240203431999,-0.0898106687433077,-0.6186543292429474,0.6155154814562777,18.12785682678225,3.042692733145983,65.54639981076248,31.95439141999998
0.5212605723554627,-0.0742160867881511,-0.5633682071472799,0.6956810631229235,18.079354222615564,3.078370231760757,65.82244784811813,31.267369400000007
0.2587878845441507,-0.0055080116533139,-0.3144041574103459,0.1739722297849169,18.54354693094893,2.984148439590686,62.90115217725584,30.874297100000035
0.2487674093361089,0.0362212870942389,-0.3536587069820733,0.2898009950248756,18.17033729553225,3.0582498735863317,64.52942736293296,33.45490219999999
0.5068971631205673,-0.1426401091698654,-0.4890366438026159,0.3183925811437403,18.178475316365564,3.0367836134203143,64.33165852586,28.372306460000004
0.2328666648329986,-0.001885007115343,-0.2774426447537167,0.1525318421870146,18.178475316365564,3.0367836134203143,64.33165852586,30.177021019999984
0.2244221581371325,0.0900745289959377,-0.2918025838776329,0.1137855579868709,18.42692909240725,3.0261659658319164,63.215962152773066,35.987655020000034
0.7487517749988548,-0.2257727903933987,-0.6930871999556516,0.7476475620188195,18.54354693094893,2.984148439590686,62.90115217725584,30.08131646000004
0.3805684392190701,-0.0339903865573373,-0.3627821550255537,0.0712788259958071,18.178475316365564,3.0367836134203143,64.33165852586,30.69997808000005
0.4679448771719592,-0.0062648543859456,-0.5662157669982357,0.3493300093487068,18.34579302469893,2.935192618336431,64.89503711773511,31.76640032
0.1619056470068889,0.0909768422583343,-0.3006918435289222,0.0834141610087293,18.77092323303225,2.9235547705381517,62.60771955682329,32.73711800000001
0.3221485720559376,0.0197542797547884,-0.4345424223473004,0.3685553854007146,18.42692909240725,3.0261659658319164,63.215962152773066,32.34062768000001
0.3646688019191752,0.1150123920608058,-0.4852750213531287,0.2937467157120336,18.17033729553225,3.0582498735863317,64.52942736293296,34.329915320000055
0.4279445904232252,-0.5380007693575866,-0.1769381189680187,0.3200442967884828,18.23601112365725,2.988557521308597,65.39613749133562,25.993364540000016
0.5738599060653503,-0.0765014738393514,-0.6006848435560501,0.523209549071618,18.079354222615564,3.078370231760757,65.82244784811813,31.74589220000001
0.265396295171576,-0.0422325604662215,-0.3323794145390015,0.4203040706228543,18.54354693094893,2.984148439590686,62.90115217725584,32.80889642
0.7282790309106099,-0.216814837053421,-0.666848514859795,0.7898805340829234,19.11906776428225,2.8733089733618686,62.28048726827334,27.975816140000006
0.7286082788092155,-0.2403975246069639,-0.6581356328186394,0.7228055438891222,18.079354222615564,3.078370231760757,65.82244784811813,28.88842748000002
0.4443232505963624,-0.0217368120596962,-0.468386840847826,0.1968280940243557,18.17033729553225,3.0582498735863317,64.52942736293296,31.192172959999997
0.4173552325385314,-0.4048470666889519,-0.2737081375966052,0.655593220338983,18.079354222615564,3.078370231760757,65.82244784811813,25.31659658000001
0.8046481300358624,-0.2951786287303455,-0.7291705714872234,0.8258409305249922,18.77092323303225,2.9235547705381517,62.60771955682329,27.979234160000036
0.5358794529404897,0.0313365464667803,-0.5588224571636894,0.45830639948287,18.34579302469893,2.935192618336431,64.89503711773511,32.55596294000003
0.0635980914959301,-0.3004804392587505,0.1453700780298592,0.1165644171779141,18.57479693094893,2.94861928655015,63.63319549091134,25.04315498000005
0.2366305003610036,0.0743512863224134,-0.303869938368807,0.1191742258367219,18.54354693094893,2.984148439590686,62.90115217725584,34.760585839999976
0.4913786069787048,-0.0033713159110557,-0.542843075191672,0.5754137115839244,18.42692909240725,3.0261659658319164,63.215962152773066,32.40898808000003
0.3676337066021015,0.0057051251827053,-0.3639038903081849,0.2628170534268753,18.54354693094893,2.984148439590686,62.90115217725584,33.495918440000025
0.4343538902224642,-0.11413936272709,-0.4492913045046344,0.1257129819758156,18.12785682678225,3.042692733145983,65.54639981076248,30.12916874000001
0.4987898360175492,-0.1145054796865193,-0.5526348114482251,0.5356744704570792,18.079354222615564,3.078370231760757,65.82244784811813,31.810834580000005
0.5595678029489524,-0.043894217661784,-0.5806855967634188,0.5677233429394812,18.23601112365725,2.988557521308597,65.39613749133562,32.50469264000003
0.4944143327698286,0.0669118687225916,-0.5377497220329257,0.5709037472446731,19.11906776428225,2.8733089733618686,62.28048726827334,33.41046793999999
0.7700937233740414,-0.2399459997157879,-0.7074173001849189,0.7513181019332161,18.23601112365725,2.988557521308597,65.39613749133562,28.06810268000004
0.4713823615900767,-0.0692361488849172,-0.5285810496497233,0.2551395801774507,18.23601112365725,2.988557521308597,65.39613749133562,30.01637407999999
0.2382746279902053,-0.0699601872949895,-0.2808380855320838,0.1694869728713403,18.33977088928225,2.992261602896399,64.03543207444856,31.595499320000044
0.6077652258953804,-0.1509956118106243,-0.6180445767072756,0.5516627078384798,18.079354222615564,3.078370231760757,65.82244784811813,30.57009332000001
0.2266458205371601,0.026959988188395,-0.2783365176657712,0.089864158829676,18.12785682678225,3.042692733145983,65.54639981076248,30.58376540000006
0.7352540351773775,-0.2155125480105902,-0.665801308258381,0.7651183172655566,18.77092323303225,2.9235547705381517,62.60771955682329,27.52805552000001
0.2628174548629921,0.0427438433910687,-0.3448718279903215,0.1581753554502369,18.178475316365564,3.0367836134203143,64.33165852586,30.15651290000005
0.4520519981813627,0.0510287616656662,-0.4860268353132211,0.4647013188518231,18.17033729553225,3.0582498735863317,64.52942736293296,30.429954500000008
0.4634888110002696,-0.1184998969709457,-0.4851595674823798,0.543502002184201,18.178475316365564,3.0367836134203143,64.33165852586,29.585703560000013
0.4649706829702167,-0.0904299423444039,-0.5291731641142591,0.4330536300620211,19.11906776428225,2.8733089733618686,62.28048726827334,32.480766500000016
0.637302256638299,-0.0679683940299834,-0.6408386975600594,0.6348167539267016,18.42692909240725,3.0261659658319164,63.215962152773066,30.58718342000003
0.6573664032548314,-0.2087741523150842,-0.5631909084200428,0.7570930811348929,18.178475316365564,3.0367836134203143,64.33165852586,27.948471980000026
0.2590308069792803,0.0446576334298716,-0.2876299349127378,0.072867552507501,18.12785682678225,3.042692733145983,65.54639981076248,31.322057720000032
0.3271127294795935,-0.0206279222889909,-0.3768453244285537,0.1014150943396226,18.12785682678225,3.042692733145983,65.54639981076248,31.773236360000052
0.3905517247185808,-0.1010519859735203,-0.4458548542414427,0.3166963755199049,18.178475316365564,3.0367836134203143,64.33165852586,31.267369400000007
0.230407068789735,0.0421619110302373,-0.3384066072781042,0.0920152091254752,18.42692909240725,3.0261659658319164,63.215962152773066,30.898223239999997
0.2730590921671739,-0.0063931186795303,-0.3472772707717373,0.2560491152040448,18.17033729553225,3.0582498735863317,64.52942736293296,30.269307560000016
0.281099602427286,0.0126396000483812,-0.3734708327783348,0.1760752688172043,18.17033729553225,3.0582498735863317,64.52942736293296,31.17850088
0.6839045631046169,-0.2422466179855281,-0.6465049928673324,0.7724770642201835,18.17033729553225,3.0582498735863317,64.52942736293296,27.606669979999992
0.2408542347255595,-0.029485331999313,-0.3020813659199939,0.225776325005837,18.54354693094893,2.984148439590686,62.90115217725584,29.045656399999984
0.4271214031503855,-0.1260514783659899,-0.4473209300067169,0.2642857142857143,18.33977088928225,2.992261602896399,64.03543207444856,29.82496495999999
0.1227630496926033,-0.5247008774262165,0.0669400240814864,0.3226381461675579,18.17033729553225,3.0582498735863317,64.52942736293296,25.11835142000001
0.375245908501109,0.0456272438913869,-0.4526997152609517,0.3329564725833804,18.77092323303225,2.9235547705381517,62.60771955682329,30.429954500000008
0.2602414547515922,0.1057140522567709,-0.3886394690610971,0.2893401015228426,18.77092323303225,2.9235547705381517,62.60771955682329,32.039841920000015
0.5190289110506701,-0.1615890060623801,-0.502545860361303,0.3541218637992832,18.17033729553225,3.0582498735863317,64.52942736293296,31.08963236
0.0729070715412551,0.0518229495618652,-0.1516387853441221,0.0296684118673647,18.23601112365725,2.988557521308597,65.39613749133562,33.461738240000045
0.5124083673498213,-0.0206558002097035,-0.5698483326858088,0.5456737208679346,18.23601112365725,2.988557521308597,65.39613749133562,31.909957159999976
0.365176394082263,0.0130833564474197,-0.4422429546984708,0.6458720467215291,18.17033729553225,3.0582498735863317,64.52942736293296,32.76788018000002
0.6940194414108538,-0.1686147557491626,-0.6521629089068399,0.6354166666666666,19.11906776428225,2.8733089733618686,62.28048726827334,29.85572714
0.5311811597648141,-0.1079816513761466,-0.5434235644624074,0.4023796646836127,18.34579302469893,2.935192618336431,64.89503711773511,31.84501478000004
0.4750981305302375,-0.06095203460552,-0.5122839565116566,0.4554039874081846,18.54354693094893,2.984148439590686,62.90115217725584,32.85333068
0.4096066664919683,0.0480808366808826,-0.4300804650668178,0.4397018970189701,18.079354222615564,3.078370231760757,65.82244784811813,30.337667960000037
0.3093997916499718,0.1800111406075144,-0.4749022899798713,0.2651475919212843,18.34579302469893,2.935192618336431,64.89503711773511,30.94949354000005
0.353456957555087,0.0757493787652329,-0.4698222436093733,0.3311758360302049,18.42692909240725,3.0261659658319164,63.215962152773066,32.68242968000004
0.3084685689906962,-0.0551652045042541,-0.3213474954017466,0.2817286652078775,18.77092323303225,2.9235547705381517,62.60771955682329,31.16482880000001
0.2065951273430664,0.1274221804786741,-0.2911028100020698,0.1535662299854439,18.12785682678225,3.042692733145983,65.54639981076248,31.72196606
0.6308649562144724,-0.1509969965411431,-0.6148995565427067,0.6202365308804205,19.11906776428225,2.8733089733618686,62.28048726827334,31.496376740000017
0.6678492536314344,-0.1569823236231928,-0.6253628624547442,0.7884344146685472,18.17033729553225,3.0582498735863317,64.52942736293296,27.357154519999995
0.2171940276484097,-0.0039325458099752,-0.2651961771105935,0.1330842196033343,18.33977088928225,2.992261602896399,64.03543207444856,30.96316562000004
0.7082069315136837,-0.1584772216279932,-0.6673264216148287,0.5926730828935113,19.11906776428225,2.8733089733618686,62.28048726827334,30.11549666000002
0.2949649746897393,-0.0694778753054022,-0.3788324233515329,0.1153444676409185,18.77092323303225,2.9235547705381517,62.60771955682329,29.356696220000003
0.6610225997756052,-0.2177808278416515,-0.6291959603073789,0.6957194430118618,18.77092323303225,2.9235547705381517,62.60771955682329,32.46025838000003
0.1398775216138327,0.0352964490141232,-0.2115283374651824,0.0643241711533012,18.42692909240725,3.0261659658319164,63.215962152773066,30.207783199999994
0.5925587765350377,-0.0815656891874434,-0.6217409832255065,0.6036166365280289,18.23601112365725,2.988557521308597,65.39613749133562,31.76640032
0.617980764824114,-0.1660304893296783,-0.6077913459849454,0.4823830877642537,18.17033729553225,3.0582498735863317,64.52942736293296,30.67263392000001
0.5525584327509957,-0.1306954936906103,-0.5457372450192574,0.5544041450777202,18.12785682678225,3.042692733145983,65.54639981076248,30.395774300000028
0.4002849875892501,-0.0186359633968278,-0.490066603079883,0.1768526719811042,18.42692909240725,3.0261659658319164,63.215962152773066,30.894805220000023
0.3619996042999406,0.0025501333024226,-0.4516163043249055,0.2331946573242829,18.77092323303225,2.9235547705381517,62.60771955682329,33.10626416000002
0.5015135286173333,0.0545653586945366,-0.5648417782954767,0.5024752475247525,18.57479693094893,2.94861928655015,63.63319549091134,34.35725948000004
0.2106324011085915,0.062658499473294,-0.2684012776404127,0.1345029239766081,18.54354693094893,2.984148439590686,62.90115217725584,30.25905350000005
0.284286489059093,-0.0538485990645293,-0.3073664285553329,0.5319915890657855,18.42692909240725,3.0261659658319164,63.215962152773066,28.05101258000002
0.6144138134905895,-0.1878464747415033,-0.6042481075584679,0.618031475060016,18.33977088928225,2.992261602896399,64.03543207444856,32.81573246000005
0.0442856559552488,0.0591983049413461,-0.0842677813624782,0.0128526645768025,18.34579302469893,2.935192618336431,64.89503711773511,34.53157850000002
0.1125689311537533,0.0385708548302388,-0.1747020355009484,0.0313953488372093,18.178475316365564,3.0367836134203143,64.33165852586,30.90164126000002
0.1826041347961012,0.0640764877616813,-0.2600264515768492,0.150805270863836,18.54354693094893,2.984148439590686,62.90115217725584,30.775174520000007
0.4394608944251581,0.0621138176767059,-0.5121503346490475,0.4030475052285629,19.11906776428225,2.8733089733618686,62.28048726827334,32.873838800000044
0.7302480224386247,-0.1992485924760953,-0.7036709489232297,0.705546218487395,18.77092323303225,2.9235547705381517,62.60771955682329,31.14773869999999
0.2854721337346932,0.0506868680328488,-0.3443567427964514,0.1790744466800805,18.079354222615564,3.078370231760757,65.82244784811813,29.520761180000022
0.5887919705775999,-0.1158310724594591,-0.5945156493414532,0.4925634295713036,18.54354693094893,2.984148439590686,62.90115217725584,30.057390320000025
0.2827330409143477,0.0400530193754628,-0.2853846716014323,0.1185357350377687,18.77092323303225,2.9235547705381517,62.60771955682329,32.08769419999999
0.551389342360765,-0.1459034080091387,-0.5458374713194755,0.6001137656427759,18.54354693094893,2.984148439590686,62.90115217725584,28.799558960000013
0.3269065267482857,0.0775414099403157,-0.4272618007808709,0.2937136819862652,18.079354222615564,3.078370231760757,65.82244784811813,33.335271499999976
0.2104821174177102,0.0148346585465574,-0.2718477961161224,0.1217793437568817,18.23601112365725,2.988557521308597,65.39613749133562,30.72390422000001
0.3028805794737724,-0.1319115241558223,-0.4080093312597199,0.070110701107011,18.33977088928225,2.992261602896399,64.03543207444856,30.26588953999999
0.2607170076137727,-0.0246921152053382,-0.2971080315205155,0.4469518356348939,18.54354693094893,2.984148439590686,62.90115217725584,29.513925140000023
0.1078743880305641,0.1675357269737219,-0.2516638737997493,0.0577612154221011,18.23601112365725,2.988557521308597,65.39613749133562,33.48566438
0.1652182237870842,0.1356996043064711,-0.2997348109564011,0.1295228106974305,18.079354222615564,3.078370231760757,65.82244784811813,31.161410779999983
0.5489764845203857,-0.1882850015141247,-0.5663033044734417,0.6024973985431842,18.33977088928225,2.992261602896399,64.03543207444856,31.33231178000005
0.6551941427113966,-0.1451199385516031,-0.6176839326954802,0.7968202640797629,18.54354693094893,2.984148439590686,62.90115217725584,32.35429976
0.5785739744394848,-0.0878065040555318,-0.5864227538271289,0.4991374353076481,18.77092323303225,2.9235547705381517,62.60771955682329,32.82256849999999
0.6777788688138255,-0.098377648675361,-0.6694390503059393,0.5453179769654481,18.54354693094893,2.984148439590686,62.90115217725584,29.82154694000002
0.2737040527803958,-0.0451595439575667,-0.3138884837878568,0.1248887570453871,18.42692909240725,3.0261659658319164,63.215962152773066,30.40602836000005
0.7349844567539562,-0.1902826901642078,-0.6630227524938229,0.7644919299840873,18.57479693094893,2.94861928655015,63.63319549091134,30.50515094000002
0.1877289508841992,0.058084361026459,-0.268939161397262,0.1483900022517451,18.12785682678225,3.042692733145983,65.54639981076248,31.646769619999983
0.5972010132403931,-0.1793303796460881,-0.5821928778630031,0.505019305019305,18.77092323303225,2.9235547705381517,62.60771955682329,30.46755272000001
0.2494544887780548,0.1205276943541641,-0.3572718550708278,0.0871905274488697,18.23601112365725,2.988557521308597,65.39613749133562,31.123812560000037
0.3203281259637157,-0.0152028400314353,-0.3600043564284548,0.3450490030415681,18.23601112365725,2.988557521308597,65.39613749133562,33.810376280000014
0.5998207797481117,-0.0904388572628323,-0.5777082772381129,0.6065192083818394,18.17033729553225,3.0582498735863317,64.52942736293296,29.80103882000003
0.2819106823446617,-0.0545270343613184,-0.3208949586814315,0.370126582278481,18.178475316365564,3.0367836134203143,64.33165852586,30.323995879999984
0.1237280110067809,0.0570648914477629,-0.2201344495426194,0.0599350457632122,18.178475316365564,3.0367836134203143,64.33165852586,30.25905350000005
0.6660498198959738,-0.1893963694090912,-0.6029395602382713,0.7511896668932699,18.178475316365564,3.0367836134203143,64.33165852586,30.074480419999983
0.561037219528168,-0.0722804462033619,-0.5928657231728758,0.5319784817692768,18.34579302469893,2.935192618336431,64.89503711773511,32.80889642
0.5564696543263333,-0.0992304163906019,-0.6040060487369542,0.5375655212580082,18.33977088928225,2.992261602896399,64.03543207444856,30.05397230000005
0.2338869946096123,0.0969577864905094,-0.2796365992527951,0.2566992236413724,18.178475316365564,3.0367836134203143,64.33165852586,31.58182724000005
0.7196955097321258,-0.2439707809406975,-0.677034392031573,0.7672753311851056,18.34579302469893,2.935192618336431,64.89503711773511,30.1052426
0.3880678141581467,0.0327363237920025,-0.430003733134233,0.1702886798572818,18.23601112365725,2.988557521308597,65.39613749133562,30.371848160000013
0.5788780064096802,-0.1621593815220906,-0.5709418180734502,0.5575679172056921,18.178475316365564,3.0367836134203143,64.33165852586,28.32103616000001
0.2781078432222866,-0.0230630380449875,-0.3275018692514887,0.318974358974359,18.33977088928225,2.992261602896399,64.03543207444856,30.282979640000008
0.465275968588336,-0.1310680657602723,-0.5086650380801839,0.43042071197411,18.079354222615564,3.078370231760757,65.82244784811813,30.43679054000006
0.5200187880000346,-0.1571907240388309,-0.5255654785288392,0.7615993964541682,18.57479693094893,2.94861928655015,63.63319549091134,30.89138720000005
0.2926985733259846,-0.0518375839024857,-0.3336564812915974,0.1535100495193708,18.54354693094893,2.984148439590686,62.90115217725584,30.65212580000002
0.2616018226428321,0.0028948972242229,-0.3265580658239044,0.087061668681983,18.12785682678225,3.042692733145983,65.54639981076248,30.300069740000023
0.6192776523702032,-0.1916936622643076,-0.6055237860763885,0.621273166800967,18.23601112365725,2.988557521308597,65.39613749133562,31.80058052000004
0.6996653470110894,-0.2066866468934888,-0.6404610610314764,0.746031746031746,18.23601112365725,2.988557521308597,65.39613749133562,29.233647500000018
0.6851337848340181,-0.4801848036765694,-0.6087549849623065,0.6840336134453782,18.079354222615564,3.078370231760757,65.82244784811813,26.420617040000025
0.354982237698287,-0.0508606344963036,-0.3783128650524601,0.3938156359393232,18.33977088928225,2.992261602896399,64.03543207444856,30.68972402000003
0.5549584932607338,-0.0477685552748707,-0.6013420967964335,0.5773308957952468,18.079354222615564,3.078370231760757,65.82244784811813,31.961227460000032
0.3279478112425315,-0.1074803182969924,-0.4299188130511849,0.3835279655808236,18.178475316365564,3.0367836134203143,64.33165852586,29.486580979999985
0.6349696676467305,-0.1019553247795712,-0.6304640308797194,0.6525985350540635,18.34579302469893,2.935192618336431,64.89503711773511,30.019792100000014
0.3120151812764258,0.0296576261587894,-0.3460277341348453,0.1749680715197956,18.57479693094893,2.94861928655015,63.63319549091134,31.99540766000001
0.4717794717794717,-0.2090963722048265,-0.4578876113113284,0.3293051359516616,18.17033729553225,3.0582498735863317,64.52942736293296,28.338126260000024
0.7785314834241723,-0.3351887161145915,-0.740329103763391,0.7655768044417026,18.33977088928225,2.992261602896399,64.03543207444856,27.008516480000026
0.3425710218080633,-0.0528940089827196,-0.3733657697017841,0.1239275500476644,18.17033729553225,3.0582498735863317,64.52942736293296,30.300069740000023
0.4736490818235308,-0.131680998145338,-0.5014988143707215,0.2707182320441988,18.079354222615564,3.078370231760757,65.82244784811813,29.920669520000047
0.6324576686909013,-0.130172560179411,-0.6344344615593058,0.5585521646557843,18.42692909240725,3.0261659658319164,63.215962152773066,31.523720900000058
0.4640914389327806,0.0267541971588463,-0.5055145375696081,0.5048252911813644,19.11906776428225,2.8733089733618686,62.28048726827334,32.78838830000001
0.5103290113596816,0.0234823046122246,-0.5256036992635725,0.4965357967667436,18.079354222615564,3.078370231760757,65.82244784811813,30.385520240000005
0.4166496435905429,-0.1080426519560025,-0.4148090881759224,0.2476446837146702,18.77092323303225,2.9235547705381517,62.60771955682329,31.19559098000002
0.2971895666232291,0.0246678123821099,-0.3975704611318829,0.1834839970681651,18.12785682678225,3.042692733145983,65.54639981076248,32.214160940000056
0.4561941592212296,-0.1798602607505583,-0.4939348797616515,0.2615754660252555,18.12785682678225,3.042692733145983,65.54639981076248,29.98219388000001
0.6939463471289766,-0.15675375925305,-0.6494028300065281,0.6344244207429202,19.11906776428225,2.8733089733618686,62.28048726827334,30.501732919999995
0.2299004579690398,0.0369681055994498,-0.289041921868554,0.1226788432267884,18.77092323303225,2.9235547705381517,62.60771955682329,34.203448579999986
0.3352590536071529,-0.0089077069017375,-0.3675022474963936,0.1880038697194453,18.33977088928225,2.992261602896399,64.03543207444856,30.11207864000005
0.3279870828848225,0.0740305228921691,-0.4411821969549472,0.3945430922477262,18.17033729553225,3.0582498735863317,64.52942736293296,31.80741655999998
0.1590009972493451,0.1174089744552654,-0.2068650721197734,0.1132075471698113,18.178475316365564,3.0367836134203143,64.33165852586,31.33231178000005
0.4333078120833082,-0.0171921170236147,-0.505389556999196,0.2463080168776371,18.079354222615564,3.078370231760757,65.82244784811813,29.97877586000004
0.7186417492222492,-0.216552004185636,-0.6851054624121146,0.7570599613152804,18.42692909240725,3.0261659658319164,63.215962152773066,28.67992826
0.4832049015506282,-0.0490876896569828,-0.5471700769333644,0.4651748251748251,18.42692909240725,3.0261659658319164,63.215962152773066,31.6775318
0.1760038874409152,0.0354707574582793,-0.2289127705148091,0.0582102519548218,18.178475316365564,3.0367836134203143,64.33165852586,31.674113780000027
0.556312769010043,-0.1045718877035552,-0.5686912509038323,0.5855513307984791,18.34579302469893,2.935192618336431,64.89503711773511,28.4304128
0.1750893697083725,0.1023238165323276,-0.2708257030073657,0.1205550737207285,18.178475316365564,3.0367836134203143,64.33165852586,30.925567399999977
0.3864537307329704,-0.0480753544044031,-0.4365305401906554,0.3608066637439719,18.178475316365564,3.0367836134203143,64.33165852586,29.66431802
0.4651966178662468,-0.0859095531340493,-0.5240448005563847,0.5271075787680953,18.17033729553225,3.0582498735863317,64.52942736293296,30.874297100000035
0.4891642816656986,-0.064134489414259,-0.4653648056848541,0.4258443465491923,18.17033729553225,3.0582498735863317,64.52942736293296,30.99734582000002
0.210313615201002,-0.0161514345807372,-0.2513851811578709,0.1115557778889444,18.17033729553225,3.0582498735863317,64.52942736293296,30.08815249999998
0.238163484670113,0.0359477124183006,-0.3158300318214374,0.1623005118940078,18.42692909240725,3.0261659658319164,63.215962152773066,30.91873136000004
0.3820359281437126,0.1169574573326174,-0.4782202532183069,0.4652758715344496,18.17033729553225,3.0582498735863317,64.52942736293296,32.07744014000002
0.383089750619198,0.0270654891738043,-0.4189449999515076,0.2442930153321976,18.12785682678225,3.042692733145983,65.54639981076248,32.56621700000005
0.3778202384591868,0.0042531097412783,-0.4845308189566434,0.4778554778554778,18.079354222615564,3.078370231760757,65.82244784811813,32.83624057999998
0.2428539596238693,-0.100629079743948,-0.3571525898818447,0.1908006814310051,18.42692909240725,3.0261659658319164,63.215962152773066,31.503212780000013
0.3810915954973413,-0.0232637467594486,-0.4773579794961873,0.3443058136448102,18.178475316365564,3.0367836134203143,64.33165852586,33.47541032000004
0.4485685169262126,0.1048783847607053,-0.5133790808899981,0.4273007184399589,18.17033729553225,3.0582498735863317,64.52942736293296,33.06182990000002
0.4883051397475475,-0.0391090661926174,-0.5146454852613662,0.5585241730279898,18.54354693094893,2.984148439590686,62.90115217725584,33.11310020000002
0.3675145007054397,-0.077533563394091,-0.3610601864492725,0.2667946257197697,18.17033729553225,3.0582498735863317,64.52942736293296,28.830321140000024
0.4259125156002033,-0.126535282589378,-0.4941595292104265,0.1434343434343434,18.12785682678225,3.042692733145983,65.54639981076248,32.2073249
0.397251303917463,-0.1062295793496738,-0.4440579801381829,0.424190800681431,18.17033729553225,3.0582498735863317,64.52942736293296,29.288335820000043
0.1836715582068306,-0.0007838666001568101,-0.2192148162438507,0.1039246467817896,18.54354693094893,2.984148439590686,62.90115217725584,30.23170934000001
0.6636191367764633,-0.2242179123217351,-0.6427463843745339,0.7193282095075434,19.11906776428225,2.8733089733618686,62.28048726827334,31.43827040000002
0.5213597994667801,-0.0262906309751434,-0.5369334705382309,0.5112295393985535,18.54354693094893,2.984148439590686,62.90115217725584,32.70293780000003
0.1510261104152615,0.090194834042013,-0.2298862407988881,0.1235763097949886,18.33977088928225,2.992261602896399,64.03543207444856,31.40067218000001
0.2894711202047849,0.001207497461511,-0.340947819278773,0.0881840362495643,18.178475316365564,3.0367836134203143,64.33165852586,31.6775318
0.2947405097176073,0.0093694935531902,-0.3292849976006629,0.1679093349239487,18.33977088928225,2.992261602896399,64.03543207444856,31.98515359999999
0.2353938020218003,0.1450747107939432,-0.3414951296251146,0.1816829227971565,18.23601112365725,2.988557521308597,65.39613749133562,31.53739298000005
0.2233881493082747,-0.092210481460027,-0.279657380898517,0.038751345532831,18.17033729553225,3.0582498735863317,64.52942736293296,29.148196999999985
0.4283776048843568,-0.0816737704786444,-0.4404703367183325,0.4394856278366112,18.079354222615564,3.078370231760757,65.82244784811813,29.486580979999985
0.4100095898094702,0.0318424649024724,-0.4184793490725741,0.3217068645640074,19.11906776428225,2.8733089733618686,62.28048726827334,32.42266016000002
0.6130695775243612,-0.1364764267990074,-0.6468116555807445,0.5442840421381194,18.77092323303225,2.9235547705381517,62.60771955682329,29.992447940000037
0.4802403204272363,-0.1220382294526179,-0.5157175203998803,0.1805594800791184,18.54354693094893,2.984148439590686,62.90115217725584,33.468574279999984
0.6367206894762975,-0.1345384311126863,-0.618513714541151,0.6808698207464002,18.57479693094893,2.94861928655015,63.63319549091134,30.805936700000014
0.4834872588366134,0.0689346463742166,-0.5531555855551807,0.5334920095205712,18.079354222615564,3.078370231760757,65.82244784811813,33.97785926000006
0.5964918535420157,-0.1247130449634053,-0.6382527255432793,0.4335451782260293,18.42692909240725,3.0261659658319164,63.215962152773066,31.76981834000003
0.3182772887880471,0.1063821682134404,-0.4642302620799426,0.3636363636363636,19.11906776428225,2.8733089733618686,62.28048726827334,32.72344592000002
0.5579257335636529,-0.1945916154037621,-0.5323268489589271,0.7333919929608447,18.178475316365564,3.0367836134203143,64.33165852586,29.496835040000008
0.5077913641847085,0.0209049866041216,-0.5593385501254984,0.427906976744186,19.11906776428225,2.8733089733618686,62.28048726827334,35.577492620000044
0.7141005536531506,-0.2025123202478643,-0.6776320425981754,0.8158775705404113,18.079354222615564,3.078370231760757,65.82244784811813,30.511986980000017
0.2829311662585205,0.0492703366565525,-0.3473115197182522,0.1219391540934949,18.12785682678225,3.042692733145983,65.54639981076248,32.34062768000001
0.3687997794832364,0.1032903115436522,-0.4551876243502938,0.3670886075949367,19.11906776428225,2.8733089733618686,62.28048726827334,34.661463260000005
0.2648257528410342,-0.0506734523757293,-0.3266120097496123,0.1067961165048543,18.42692909240725,3.0261659658319164,63.215962152773066,29.27808176000002
0.8021327744560195,-0.3362966856542134,-0.7308369718049285,0.8476840011366865,18.178475316365564,3.0367836134203143,64.33165852586,28.48168310000005
0.1713493030179997,-0.0139170366552253,-0.2458131517772964,0.055266887104393,18.12785682678225,3.042692733145983,65.54639981076248,31.61942546
0.5502157089698579,-0.0204328361028378,-0.5957187026132851,0.5223642172523961,19.11906776428225,2.8733089733618686,62.28048726827334,32.97979742000001
0.4408632725308158,-0.0359822542064481,-0.527583504160135,0.2957457713992824,18.17033729553225,3.0582498735863317,64.52942736293296,30.41970044000004
0.1524137516769116,0.0457755819351416,-0.2130632719301943,0.1459353574926542,18.54354693094893,2.984148439590686,62.90115217725584,30.65212580000002
0.5278110114513745,-0.1312146488544578,-0.5525584486195857,0.2805111821086262,18.17033729553225,3.0582498735863317,64.52942736293296,30.457298659999992
0.3066882082487145,0.0029781620650127,-0.2942205738299447,0.0968634686346863,18.33977088928225,2.992261602896399,64.03543207444856,32.49785659999998
0.3178304111555418,-0.0427784058025886,-0.3817243603526122,0.2398899004869786,18.77092323303225,2.9235547705381517,62.60771955682329,33.430976060000035
0.5269712635648082,-0.0882103027084439,-0.5450184258395301,0.5534591194968553,18.54354693094893,2.984148439590686,62.90115217725584,30.70681411999999
0.3127481610721139,0.1326225000191496,-0.4720250630476042,0.2494039103481163,19.11906776428225,2.8733089733618686,62.28048726827334,35.266452800000025
0.4147075688073396,-0.1343864431271449,-0.4535068432624635,0.2549311499813919,18.33977088928225,2.992261602896399,64.03543207444856,30.060808339999998
0.4442984905571331,-0.0452082242309706,-0.4672771731313229,0.3459048691246834,18.079354222615564,3.078370231760757,65.82244784811813,31.55790109999998
0.2460553183590123,0.0388264016667502,-0.3059211486269588,0.2109464082098061,18.33977088928225,2.992261602896399,64.03543207444856,32.152636580000035
0.8121967983237577,-0.4084765629051832,-0.7564985673723086,0.8197260273972603,18.33977088928225,2.992261602896399,64.03543207444856,26.59835408000004
0.6554365364801028,-0.2058484086805678,-0.6041519492874434,0.6394184168012924,19.11906776428225,2.8733089733618686,62.28048726827334,30.57692936000001
0.4251958160232517,0.0383899488134015,-0.4581177340232513,0.4558772235786536,18.079354222615564,3.078370231760757,65.82244784811813,32.13212845999999
0.4403162173694968,-0.1957266179002257,-0.4925525972816981,0.5188347564038172,18.23601112365725,2.988557521308597,65.39613749133562,31.04861612000002
0.1236636916437819,0.0980702807490577,-0.1818369373202842,0.1750137589433131,18.33977088928225,2.992261602896399,64.03543207444856,32.65166750000003
0.8389347109297799,-0.4397708034900378,-0.7471717406460611,0.8592328983788059,18.42692909240725,3.0261659658319164,63.215962152773066,26.188191680000045
0.4381507450201642,-0.0359980795798591,-0.4825122859165889,0.5192829983704509,18.77092323303225,2.9235547705381517,62.60771955682329,32.76788018000002
0.6015954787017548,-0.1201516026449132,-0.6135668677874759,0.6411460779708783,18.079354222615564,3.078370231760757,65.82244784811813,31.42118030000006
0.5782778493971336,-0.0577196727143366,-0.6004729268597466,0.5719271035284994,18.57479693094893,2.94861928655015,63.63319549091134,33.04132178000003
0.3148902177032193,0.0236910602814824,-0.3864509903338186,0.1809134983414136,18.079354222615564,3.078370231760757,65.82244784811813,33.198550700000055
0.2744876290588973,0.0111106902516317,-0.3431251500497309,0.1044008994539029,18.54354693094893,2.984148439590686,62.90115217725584,34.05989174000001
0.6904787160260124,-0.2146973809956555,-0.663308151157283,0.394240317775571,18.34579302469893,2.935192618336431,64.89503711773511,32.59356116000004
0.5566348564602721,-0.2051300291663701,-0.5386391945194103,0.7291089108910891,18.57479693094893,2.94861928655015,63.63319549091134,30.071062400000017
0.1085357796575289,0.0850578822688062,-0.1832506734181897,0.0286821705426356,18.23601112365725,2.988557521308597,65.39613749133562,33.73859786000003
0.1666223202067812,0.0537536611684907,-0.1892473118279571,0.0496422182468694,18.178475316365564,3.0367836134203143,64.33165852586,31.55106506000004
0.1111056365786361,0.0663400496825834,-0.1570944790312649,0.0901813044502001,18.178475316365564,3.0367836134203143,64.33165852586,30.58718342000003
0.5583556205023574,-0.0569095555694073,-0.5593014594311252,0.6329820210787352,18.079354222615564,3.078370231760757,65.82244784811813,31.43485238000005
0.7692944568025617,-0.2943597527602841,-0.7013419278102307,0.7573670110983544,18.178475316365564,3.0367836134203143,64.33165852586,28.16722526000001
0.1930176798055304,0.069539616292989,-0.2582403640022751,0.2506437768240343,18.178475316365564,3.0367836134203143,64.33165852586,31.496376740000017
0.0876199616122843,-0.3551357168480209,0.1546637824935662,0.1722972972972972,18.33977088928225,2.992261602896399,64.03543207444856,26.69064062000001
0.5335897839665865,-0.0213694634911281,-0.5569630853323386,0.5627753303964758,18.42692909240725,3.0261659658319164,63.215962152773066,30.85378897999999
0.4390381551782028,0.05578888159745,-0.5625644804716287,0.3756413718606535,18.23601112365725,2.988557521308597,65.39613749133562,33.465156260000015
0.1603998165444842,0.0252916860308686,-0.3201371519438142,0.1307810107197549,18.33977088928225,2.992261602896399,64.03543207444856,31.879194980000022
0.2079863974371137,0.1223570080376647,-0.3437946486556696,0.1769403543798353,18.34579302469893,2.935192618336431,64.89503711773511,34.21028462000004
0.6459686454884717,-0.1788612490421917,-0.6130837880901864,0.7310676025120059,18.54354693094893,2.984148439590686,62.90115217725584,30.457298659999992
0.6231829635851575,-0.1445593399855064,-0.6579659237726099,0.6477635782747604,18.079354222615564,3.078370231760757,65.82244784811813,30.98025572000006
0.4470068390283863,-0.024356597457143,-0.4789100457953291,0.6586043925493467,18.23601112365725,2.988557521308597,65.39613749133562,30.453880640000023
0.4309485098538085,-0.0073751963526302,-0.4855294566307435,0.2358703843255463,18.079354222615564,3.078370231760757,65.82244784811813,31.4724506
0.2192988577942168,0.1100130745589458,-0.3938559074131199,0.2378752886836027,18.079354222615564,3.078370231760757,65.82244784811813,31.175082860000032
0.6402344244740994,-0.1189782340604356,-0.6096541282019413,0.7326948193295603,18.54354693094893,2.984148439590686,62.90115217725584,31.35965594000004
0.764413975629032,-0.2138454243717401,-0.6918982746162388,0.8175559380378657,19.11906776428225,2.8733089733618686,62.28048726827334,28.519281320000005
0.7638489618020723,-0.2598435627705888,-0.7282692196495982,0.7705192629815746,18.17033729553225,3.0582498735863317,64.52942736293296,28.027086440000005
0.2509492414012232,-0.0159670208442198,-0.3072625698324022,0.0857837181044957,18.178475316365564,3.0367836134203143,64.33165852586,29.777112680000016
0.4239643179877467,-0.1474073777172098,-0.5221013080004252,0.3545677283864193,18.33977088928225,2.992261602896399,64.03543207444856,31.11697651999998
0.3341341289063265,0.0915379007450346,-0.4542271811913384,0.3671356517122378,18.77092323303225,2.9235547705381517,62.60771955682329,33.11310020000002
0.4153070723978072,-0.0977171614032528,-0.3915567965383975,0.3246301131418624,18.54354693094893,2.984148439590686,62.90115217725584,31.03836206000005
0.7415073160164635,-0.290563614605528,-0.6923812986814155,0.7525773195876289,18.54354693094893,2.984148439590686,62.90115217725584,27.111057080000023
0.3561478008569836,-0.0467113231332031,-0.4556266714331873,0.2980200565698123,18.77092323303225,2.9235547705381517,62.60771955682329,31.29471355999999
0.3170290567373098,0.017530137562206,-0.3967724448521746,0.249271137026239,18.33977088928225,2.992261602896399,64.03543207444856,31.499794759999983
0.1757175681097049,0.062612222941095,-0.2233227079538555,0.07824100513992,18.178475316365564,3.0367836134203143,64.33165852586,31.639933580000047
0.5369535015350839,-0.1961742287720422,-0.5651543600716126,0.5182341650671785,18.54354693094893,2.984148439590686,62.90115217725584,30.788846600000056
0.397527193495123,-0.1348163438323597,-0.4121586367832305,0.1004784688995215,18.12785682678225,3.042692733145983,65.54639981076248,32.66875760000005
0.542191768552107,-0.0952311283848683,-0.5504407884665604,0.5788849347568209,18.079354222615564,3.078370231760757,65.82244784811813,31.879194980000022
0.750071257865772,-0.2012159792922337,-0.6966701739842065,0.5769097822329762,18.12785682678225,3.042692733145983,65.54639981076248,29.28149977999999
0.6824281971744965,-0.1729265177150797,-0.658964484381686,0.5858024691358025,19.11906776428225,2.8733089733618686,62.28048726827334,30.81619076000004
0.3816030913369169,0.0071105365223013,-0.4253791731316025,0.3968345323741007,18.77092323303225,2.9235547705381517,62.60771955682329,32.41924214000005
0.3811487018095987,0.0095577697784899,-0.4721164651225198,0.3389544688026981,18.77092323303225,2.9235547705381517,62.60771955682329,34.38118562
0.2090641820073272,-0.030096107159097,-0.2745043816571151,0.0721282279608192,18.12785682678225,3.042692733145983,65.54639981076248,31.31522168000004
0.2137658403221634,-0.0804953051257172,-0.2685413107063218,0.0629228687415426,18.33977088928225,2.992261602896399,64.03543207444856,30.40602836000005
0.1790305922575591,0.0340219421101774,-0.2606406778047503,0.1092931937172774,18.178475316365564,3.0367836134203143,64.33165852586,32.14238252000001
0.2588512053568136,-0.0442783208740656,-0.3086381895679372,0.1390134529147982,18.12785682678225,3.042692733145983,65.54639981076248,31.123812560000037
0.2512085347557927,0.0096754331955316,-0.3187830042264931,0.4141263940520446,18.178475316365564,3.0367836134203143,64.33165852586,31.069124240000008
0.4061759351492459,-0.1245699216416116,-0.3880817156904297,0.3119294932326094,18.17033729553225,3.0582498735863317,64.52942736293296,30.52224104000004
0.7250284247616261,-0.2349177183566237,-0.6672215512833067,0.7483020375549341,18.12785682678225,3.042692733145983,65.54639981076248,27.258031940000023
0.4421577933097477,0.0294375269186656,-0.4838232356488092,0.3372851215174867,18.17033729553225,3.0582498735863317,64.52942736293296,32.873838800000044
0.1741048761271119,-0.0050282134480355,-0.2361219919077594,0.1568816169393647,18.178475316365564,3.0367836134203143,64.33165852586,30.42311846000001
0.5495270517003759,-0.0264365304784794,-0.5977650917041177,0.4873749404478323,19.11906776428225,2.8733089733618686,62.28048726827334,31.39041812000005
0.6678275755205644,-0.2869750387173181,-0.62895647160565,0.6580665216039788,18.34579302469893,2.935192618336431,64.89503711773511,32.54229085999998
0.8466549955144452,-0.356736971434422,-0.7753847699753814,0.8415318586992406,18.23601112365725,2.988557521308597,65.39613749133562,27.357154519999995
0.6029298882427176,-0.1832963571229628,-0.5363110379570053,0.7293695540748334,18.54354693094893,2.984148439590686,62.90115217725584,29.647227919999978
0.3096903017429974,0.0890468944528979,-0.3816277547457998,0.2657213316892725,18.42692909240725,3.0261659658319164,63.215962152773066,34.11116204000001
0.1459693741169282,0.0948862179728853,-0.2050677134051459,0.0875042560435818,18.178475316365564,3.0367836134203143,64.33165852586,31.5749912
0.1560886052058132,-0.0232197907333445,-0.283243819753933,0.2604706820901475,18.178475316365564,3.0367836134203143,64.33165852586,30.11891467999999
0.5936966072736148,-0.1047486107365872,-0.5936966072736148,0.6206572769953052,18.17033729553225,3.0582498735863317,64.52942736293296,31.61258942000001
0.2084272100085363,0.107596277560469,-0.290893054683529,0.1514869888475836,18.34579302469893,2.935192618336431,64.89503711773511,33.53693468000006
0.5588225505857294,-0.0661636250860691,-0.6211366074827812,0.6008771929824561,18.42692909240725,3.0261659658319164,63.215962152773066,31.349401880000016
0.2170322964095054,0.0937183864441071,-0.2458307530176113,0.1195530726256983,18.178475316365564,3.0367836134203143,64.33165852586,31.37332802000003
0.4636624864412262,0.0499557385486361,-0.524287044927565,0.33935209771641,18.12785682678225,3.042692733145983,65.54639981076248,33.16437050000002
0.1902320633376278,0.103231887093396,-0.297176049732287,0.1174454828660436,18.34579302469893,2.935192618336431,64.89503711773511,30.40944638000002
0.7135268591949723,-0.2060134803061152,-0.6560575567312212,0.8386961972419557,18.42692909240725,3.0261659658319164,63.215962152773066,27.95189000000005
0.607948039098929,-0.0624561148640469,-0.6246471116376796,0.528788881535407,18.23601112365725,2.988557521308597,65.39613749133562,31.28104148
0.674217815011113,-0.1147666019682731,-0.648485766712119,0.5977941176470588,19.11906776428225,2.8733089733618686,62.28048726827334,31.920211220000056
0.3733111876843749,0.0171734733704715,-0.4195030705762775,0.15968,18.54354693094893,2.984148439590686,62.90115217725584,33.71125370000004
0.1955374400368541,0.2496102785879513,-0.2461949600183725,0.0860280658938377,18.33977088928225,2.992261602896399,64.03543207444856,31.909957159999976
0.2398214952719839,0.0058091417131057,-0.3084368095104722,0.3421926910299003,18.54354693094893,2.984148439590686,62.90115217725584,31.137484640000025
0.47439189375742,-0.0639397909018911,-0.4926382725970442,0.5884021430822566,18.12785682678225,3.042692733145983,65.54639981076248,30.18385706000004
0.6073669522146139,-0.12420421274423,-0.6154131916711556,0.7085308056872038,18.57479693094893,2.94861928655015,63.63319549091134,31.60917140000004
0.6998812695181937,-0.2021025894306073,-0.6451718810351488,0.6832646948708349,18.77092323303225,2.9235547705381517,62.60771955682329,31.369910000000004
0.2764967949707276,-0.0221123743615092,-0.2958564430378425,0.1297801866907558,18.23601112365725,2.988557521308597,65.39613749133562,30.70339610000002
0.2623431620813483,0.0564621340120195,-0.3205321998892498,0.2096106048053024,18.12785682678225,3.042692733145983,65.54639981076248,31.43827040000002
0.6927938266061302,-0.2121493601995915,-0.6558377120918808,0.708976157082749,18.17033729553225,3.0582498735863317,64.52942736293296,29.73951446000001
0.2062294592172093,0.1737246942847885,-0.2438733198967867,0.1955821445006902,18.34579302469893,2.935192618336431,64.89503711773511,33.33868952
0.7421245027416408,-0.3215569798342972,-0.6835534005801117,0.7670954637779283,18.079354222615564,3.078370231760757,65.82244784811813,30.269307560000016
0.2716114116833902,-0.17361225679436,-0.2810151504237797,0.4612352168199737,18.12785682678225,3.042692733145983,65.54639981076248,31.54422901999999
0.6398885969314949,-0.1791921422101449,-0.6116253203733256,0.5831663326653307,18.57479693094893,2.94861928655015,63.63319549091134,32.484184519999985
0.6388255933536328,-0.1750222292906145,-0.5884410913923854,0.7294372294372294,18.17033729553225,3.0582498735863317,64.52942736293296,29.03540234000002
0.7514279186657528,-0.280708348995531,-0.6791610765818801,0.684964200477327,18.12785682678225,3.042692733145983,65.54639981076248,29.55494138000006
0.5863642802058577,0.0093515811199292,-0.6138850861813612,0.5356037151702786,18.42692909240725,3.0261659658319164,63.215962152773066,31.161410779999983
0.3070871557661058,0.059285798263689,-0.4054488809178229,0.2888254194930382,18.17033729553225,3.0582498735863317,64.52942736293296,31.66044169999998
0.5691079812206574,-0.0518804936717397,-0.5990731753995051,0.4593485509104899,18.54354693094893,2.984148439590686,62.90115217725584,31.875776960000053
0.1543777672488442,0.0359459957293236,-0.2331643294093007,0.1696048632218845,18.178475316365564,3.0367836134203143,64.33165852586,29.626719800000046
0.2660079019447832,-0.0160490224686314,-0.3387044409890127,0.0935251798561151,18.33977088928225,2.992261602896399,64.03543207444856,30.494896880000056
0.2855877873410549,-0.100378960133394,-0.3374357462645319,0.1083944580277098,18.12785682678225,3.042692733145983,65.54639981076248,31.04861612000002
0.0900343941834646,0.064591052025281,-0.1521063893426592,0.2305545866759679,18.12785682678225,3.042692733145983,65.54639981076248,32.911437019999994
0.1685652534247688,0.1641676546481622,-0.2803689228769576,0.1095252869996897,18.34579302469893,2.935192618336431,64.89503711773511,32.726863940000044
0.6809771508486684,-0.1557655457708723,-0.6571349222880153,0.679930039352864,18.17033729553225,3.0582498735863317,64.52942736293296,28.58422370000005
0.6082538895250877,-0.1107137100024179,-0.6376870798826456,0.7397986221515633,18.42692909240725,3.0261659658319164,63.215962152773066,30.12575072000004
0.2595628877131894,-0.0259739365693476,-0.3159618899612366,0.4135236153584777,18.079354222615564,3.078370231760757,65.82244784811813,30.563257280000016
0.3052247851148676,0.0147504574597365,-0.3507276905400228,0.2069385270846013,18.33977088928225,2.992261602896399,64.03543207444856,30.805936700000014
0.5953832447420844,-0.0210718518755805,-0.6020868726062787,0.6377887788778878,18.34579302469893,2.935192618336431,64.89503711773511,31.44168841999999
0.8011248076685001,-0.4024981408543807,-0.7367599785124109,0.8119543317662861,18.42692909240725,3.0261659658319164,63.215962152773066,29.42505662000002
0.609912965902136,-0.2484835808408283,-0.6095456383982744,0.5325355272999253,18.23601112365725,2.988557521308597,65.39613749133562,31.328893760000028
0.4525288232337155,0.0294966873784513,-0.5330612105186594,0.3973421926910299,18.42692909240725,3.0261659658319164,63.215962152773066,31.52030288000003
0.5546538461538463,0.0020368610120113,-0.5829490606122908,0.3484276729559748,18.23601112365725,2.988557521308597,65.39613749133562,30.97000165999998
0.549065189058177,-0.1150906646915205,-0.5578158294114941,0.4812608587738893,18.12785682678225,3.042692733145983,65.54639981076248,30.11549666000002
0.5081704013029417,0.0363487507274682,-0.5588638902186055,0.5396123767426045,18.079354222615564,3.078370231760757,65.82244784811813,33.27716515999998
0.6296697179614053,-0.0682329569641807,-0.6395697051251138,0.6280823904844792,18.079354222615564,3.078370231760757,65.82244784811813,31.23660722
0.1786932719771501,0.004606365159129,-0.246695757982629,0.1243919388464211,18.12785682678225,3.042692733145983,65.54639981076248,31.27420544000006
0.257162911237492,-0.0624919194761539,-0.3223473734027451,0.2750560358629523,18.17033729553225,3.0582498735863317,64.52942736293296,28.83373916000005
0.7183223218499293,-0.1989051845957552,-0.6794534237887494,0.6930193439865433,18.77092323303225,2.9235547705381517,62.60771955682329,27.801497120000025
0.7647210265899674,-0.3422964182337786,-0.6846592218245495,0.8170731707317073,18.33977088928225,2.992261602896399,64.03543207444856,28.37572448000003
0.1820395479857162,0.0355645749774958,-0.3368921572970658,0.0760383386581469,18.12785682678225,3.042692733145983,65.54639981076248,31.448524460000044
0.2779909142947618,0.0482401440356279,-0.3948807933374543,0.1636690647482014,18.42692909240725,3.0261659658319164,63.215962152773066,32.04667796000001
0.1475911344714662,0.0106118403002114,-0.2123460003470414,0.0952186350633428,18.178475316365564,3.0367836134203143,64.33165852586,30.05397230000005
0.3304426435411484,0.0042153669285303,-0.3470382880146445,0.3447550345656748,18.12785682678225,3.042692733145983,65.54639981076248,33.37970575999998
0.5216551225409882,-0.1055669121329294,-0.4713633284531173,0.0401858304297328,18.178475316365564,3.0367836134203143,64.33165852586,29.78736674000004
0.4854606894751344,-0.126212951712839,-0.5069777022503735,0.609291911558914,18.77092323303225,2.9235547705381517,62.60771955682329,28.977296000000024
0.2988187857013621,-0.0618290930606034,-0.2840934257823811,0.3149552033080634,18.77092323303225,2.9235547705381517,62.60771955682329,30.730740260000005
0.2291572428426913,0.1695542491359478,-0.2476687398255207,0.1061061061061061,18.54354693094893,2.984148439590686,62.90115217725584,34.81185614000003
0.3973163273079478,-0.0562868143078088,-0.3998299245562776,0.278954802259887,18.178475316365564,3.0367836134203143,64.33165852586,30.09498854000003
0.4882178168909716,0.0603385661514056,-0.5559818780160264,0.3837336244541485,18.079354222615564,3.078370231760757,65.82244784811813,32.648249480000004
0.366478812583996,-0.0380330864726751,-0.4442125088283764,0.2509382036527395,18.17033729553225,3.0582498735863317,64.52942736293296,31.151156720000017
0.4937943397086301,-0.0949257852951328,-0.5176330776472766,0.5719041278295606,18.57479693094893,2.94861928655015,63.63319549091134,32.15947262000003
0.7421786656615152,-0.1805121001213204,-0.6623407762625506,0.7006342494714588,18.079354222615564,3.078370231760757,65.82244784811813,27.363990560000047
0.6486964795432922,-0.1219325848516634,-0.6518083544641665,0.6647173489278753,18.079354222615564,3.078370231760757,65.82244784811813,28.91918966000003
0.348090702183259,0.0479977617315625,-0.4634333821376281,0.1312403499742666,18.42692909240725,3.0261659658319164,63.215962152773066,32.23466905999999
0.4808461566182566,-0.1253996836764735,-0.5453203591406947,0.6046890263757734,18.77092323303225,2.9235547705381517,62.60771955682329,30.71706818000001
0.7228671486143358,-0.1913700895637793,-0.6714704353525232,0.7207147584381205,18.77092323303225,2.9235547705381517,62.60771955682329,32.11503836000003
0.2181917808219178,0.0631926399325795,-0.2820729691284456,0.0878636497208345,18.54354693094893,2.984148439590686,62.90115217725584,32.45684036
0.4864258753296797,0.0420409264169283,-0.5291967245077012,0.5377833753148614,18.42692909240725,3.0261659658319164,63.215962152773066,31.229771180000057
0.3289915933771646,0.0458542783579844,-0.3644079277671079,0.1615678776290631,18.079354222615564,3.078370231760757,65.82244784811813,31.233189200000027
0.2805162655782003,0.0045246874586828,-0.3314405289373114,0.175,18.33977088928225,2.992261602896399,64.03543207444856,30.631617679999977
0.2505216253492238,-0.0412160918694099,-0.3128271765361055,0.1591498185588387,18.54354693094893,2.984148439590686,62.90115217725584,30.38210221999998
0.525487056311716,-0.0742972595176844,-0.5633504273504274,0.4197849462365591,18.33977088928225,2.992261602896399,64.03543207444856,33.33868952
0.6808951418294404,-0.2364254435541265,-0.6492991567543418,0.650390625,18.23601112365725,2.988557521308597,65.39613749133562,29.85230912000003
0.6398784923127789,-0.0881629015117755,-0.6344912103642525,0.633214920071048,18.079354222615564,3.078370231760757,65.82244784811813,29.086672640000018
0.7583690393918452,-0.3050744002585158,-0.7107701410647769,0.7716359575656058,18.77092323303225,2.9235547705381517,62.60771955682329,32.17656271999999
0.2931716219298912,-0.0724296487033291,-0.3438473340752398,0.4120458891013384,18.12785682678225,3.042692733145983,65.54639981076248,29.110598780000032
0.168877086017788,0.0356517793478966,-0.236185664666877,0.0957390846922672,18.17033729553225,3.0582498735863317,64.52942736293296,30.542749160000028
0.5376008999285531,0.0186760839405081,-0.583133774710053,0.4805055122344716,18.42692909240725,3.0261659658319164,63.215962152773066,32.38847996000004
0.688210961737332,-0.3086172344689379,-0.636307561826558,0.7118115691028749,18.17033729553225,3.0582498735863317,64.52942736293296,29.59253960000001
0.5876416587527697,-0.0122551789837404,-0.5400223540538216,0.685457129322596,18.17033729553225,3.0582498735863317,64.52942736293296,29.45923682
0.5019329943642153,-0.0182835674102049,-0.5328753534785249,0.4976009031893875,18.77092323303225,2.9235547705381517,62.60771955682329,35.119477940000024
0.4370095965930636,-0.1097032869877632,-0.4717172773305053,0.5435034802784223,18.23601112365725,2.988557521308597,65.39613749133562,30.484642819999976
0.7611324794797572,-0.2344165815493437,-0.6868211165970377,0.7737867787542988,18.079354222615564,3.078370231760757,65.82244784811813,28.29027398000005
0.2493310837295705,0.0245177945295709,-0.3265474154700831,0.1306731647883033,18.17033729553225,3.0582498735863317,64.52942736293296,29.896743380000032
0.598132227460642,-0.1079603124566838,-0.589898238094627,0.5124800849707913,18.17033729553225,3.0582498735863317,64.52942736293296,30.59060144
0.4941611536189178,-0.061867266591676,-0.522003700098818,0.5912553825770123,18.12785682678225,3.042692733145983,65.54639981076248,31.004181860000017
0.6538004335361165,-0.2287935991132969,-0.6316285701145197,0.7217478653942743,18.079354222615564,3.078370231760757,65.82244784811813,29.944595660000005
0.719652603225827,-0.2040346936846511,-0.6568536973608419,0.7533188510741009,18.33977088928225,2.992261602896399,64.03543207444856,28.14329912000005
0.7339362160753136,-0.1826312910284463,-0.6725141674564338,0.7425431711145997,18.079354222615564,3.078370231760757,65.82244784811813,29.48999900000001
0.5364928256070641,-0.1609742112876111,-0.5192006002319077,0.4336423841059603,18.77092323303225,2.9235547705381517,62.60771955682329,30.69314204
0.5518880603319177,-0.0652342370361779,-0.5707301148067252,0.5832580548027703,19.11906776428225,2.8733089733618686,62.28048726827334,30.37526618000004
0.6781908262052666,-0.1693458226318175,-0.6925213207959764,0.5129789864029666,18.33977088928225,2.992261602896399,64.03543207444856,30.894805220000023
0.6284931716753817,-0.1356101991478449,-0.6126933545774412,0.6694544006371963,18.079354222615564,3.078370231760757,65.82244784811813,31.872358940000023
0.5354264715363289,-0.1306405032242751,-0.5253303729638564,0.4515960230245944,18.178475316365564,3.0367836134203143,64.33165852586,30.63845372000003
0.2329264831109849,0.0123628426092549,-0.2942348293945379,0.0964995269631031,18.54354693094893,2.984148439590686,62.90115217725584,30.764920459999985
0.5020652230268048,0.0582256535283759,-0.5659192663525723,0.4924215720831865,18.57479693094893,2.94861928655015,63.63319549091134,33.284001200000034
0.5342448434057002,0.0167435453719404,-0.5594965990141272,0.5463991400931566,18.57479693094893,2.94861928655015,63.63319549091134,31.82450666
0.1257488623293493,0.0336212373576936,-0.1774342022678772,0.0774116712981341,18.54354693094893,2.984148439590686,62.90115217725584,32.01933380000003
0.3144910626779296,-0.0527936844938174,-0.3409253211201355,0.1882556131260794,18.54354693094893,2.984148439590686,62.90115217725584,30.600855500000023
0.4523509344408187,-0.1669869646182494,-0.4488052082562699,0.3732660781841109,18.77092323303225,2.9235547705381517,62.60771955682329,31.03836206000005
0.3691046853254986,-0.051606389928143,-0.3162129517792438,0.4503018108651911,18.33977088928225,2.992261602896399,64.03543207444856,28.447502900000018
0.232633065239607,0.0379732963159144,-0.2615367419282726,0.1140939597315436,18.17033729553225,3.0582498735863317,64.52942736293296,29.807874860000027
0.5412018303520781,-0.1046539994036808,-0.5806539192491177,0.5427189682966147,19.11906776428225,2.8733089733618686,62.28048726827334,32.152636580000035
0.3054505253574383,-0.0161475771402953,-0.3207015169458073,0.2424979724249797,18.54354693094893,2.984148439590686,62.90115217725584,33.06866594000002
0.606993337428531,-0.0714605268961519,-0.6028277877274013,0.543859649122807,19.11906776428225,2.8733089733618686,62.28048726827334,31.301549600000044
0.2199000454338937,0.2183374508226217,-0.2167750300543181,0.0326926887259758,18.34579302469893,2.935192618336431,64.89503711773511,32.39531599999998
0.5307009569773399,0.0036685206502211,-0.5364273568080958,0.5809973443493656,18.079354222615564,3.078370231760757,65.82244784811813,29.633555839999985
0.6576560362824853,-0.2252781971890942,-0.6226415094339623,0.7215189873417721,18.33977088928225,2.992261602896399,64.03543207444856,31.380164060000027
0.5261147393807103,-0.2060515424477445,-0.5460227728687217,0.3372746083357966,18.42692909240725,3.0261659658319164,63.215962152773066,30.99734582000002
0.5159221902017292,-0.2021281913943937,-0.5442227420760515,0.3328611898016997,18.17033729553225,3.0582498735863317,64.52942736293296,29.10034472000001
0.5134146764185933,-0.077797526475598,-0.5458327432375017,0.4044665012406948,19.11906776428225,2.8733089733618686,62.28048726827334,31.725384080000023
0.2873091503495288,0.0714185365070444,-0.3264859983228091,0.2726415094339622,18.42692909240725,3.0261659658319164,63.215962152773066,31.913375180000003
0.281217531279725,0.0724293743411538,-0.3215296488328391,0.3246899661781285,18.079354222615564,3.078370231760757,65.82244784811813,31.387000100000023
0.5034382005491047,-0.100679226726496,-0.5328853315070841,0.4649572649572649,18.33977088928225,2.992261602896399,64.03543207444856,30.365012120000017
0.6357887197225789,-0.0810233556923006,-0.6323382000435823,0.6224168126094571,18.42692909240725,3.0261659658319164,63.215962152773066,30.019792100000014
0.3756166952248553,0.0278956915892548,-0.4751899927885948,0.4912398921832884,18.23601112365725,2.988557521308597,65.39613749133562,33.547188740000024
0.234267691701163,0.1217634748848456,-0.3562529241539449,0.1479901190208848,18.33977088928225,2.992261602896399,64.03543207444856,31.503212780000013
0.5235915449861082,-0.0882815778430548,-0.5274989569784279,0.3950980392156862,18.178475316365564,3.0367836134203143,64.33165852586,28.50902726000004
0.3912934249263984,0.0200127187767854,-0.4850419830056814,0.2278481012658227,18.42692909240725,3.0261659658319164,63.215962152773066,30.96658364000001
0.6466580438307252,-0.1840838382184379,-0.6312939902544668,0.605455755156354,19.11906776428225,2.8733089733618686,62.28048726827334,32.55938096
0.1826295585412667,-0.3682340531838119,0.0136470964901749,0.1926298157453936,18.77092323303225,2.9235547705381517,62.60771955682329,26.078815039999995
0.633159607244666,-0.1396098024901379,-0.6261205298266405,0.6827174318775663,19.11906776428225,2.8733089733618686,62.28048726827334,33.205386739999994
0.5413192376414533,-0.2315272889505775,-0.5337827826344643,0.6671634376552409,18.54354693094893,2.984148439590686,62.90115217725584,27.58616186000006
0.3931899472891565,-0.109455812907578,-0.2850817216904344,0.3408884859474161,18.54354693094893,2.984148439590686,62.90115217725584,29.845473080000037
0.1700669875958329,0.0363061689719312,-0.2474225870980004,0.0991678224687933,18.17033729553225,3.0582498735863317,64.52942736293296,31.46219654000004
0.1744394969143036,0.1162477792872818,-0.2728812124290915,0.1027742749054224,18.54354693094893,2.984148439590686,62.90115217725584,32.01249776000003
0.7823689537237382,-0.27157383155232,-0.7166020207180741,0.6925418569254186,18.12785682678225,3.042692733145983,65.54639981076248,28.26292982000001
0.6908372019134027,-0.1873396383107949,-0.6470254470426411,0.774061218049858,19.11906776428225,2.8733089733618686,62.28048726827334,30.09498854000003
0.2246050144136591,0.0730080616440574,-0.2846835851968843,0.1745951417004048,18.34579302469893,2.935192618336431,64.89503711773511,34.203448579999986
0.2268684957426679,-0.0635818284071736,-0.3309483314761596,0.2127582457412105,18.17033729553225,3.0582498735863317,64.52942736293296,29.82154694000002
0.4034471350022846,-0.0896091982141764,-0.4193121798497535,0.5209409064830751,18.23601112365725,2.988557521308597,65.39613749133562,29.845473080000037
0.3080766685487739,0.0211399104972626,-0.3969888345674529,0.3898858075040783,18.079354222615564,3.078370231760757,65.82244784811813,34.00520342000004
0.7241263292103096,-0.233665938103836,-0.6942593140411019,0.6279547790339157,18.23601112365725,2.988557521308597,65.39613749133562,30.68630600000006
0.2491450210046743,0.1639619518299396,-0.3584233080674842,0.1213613972234661,18.54354693094893,2.984148439590686,62.90115217725584,36.035507300000006
0.1530460375591565,-0.0225112333723845,-0.1972010730377559,0.0520138703654307,18.33977088928225,2.992261602896399,64.03543207444856,30.795682639999995
0.4500386697602475,-0.1363374647716598,-0.4718257893332077,0.5770609318996416,18.33977088928225,2.992261602896399,64.03543207444856,30.361594100000048
0.6314124293785311,-0.1487067965284729,-0.6483146388104004,0.7191590638635462,18.57479693094893,2.94861928655015,63.63319549091134,29.93775962000001
0.5381144083779686,-0.0504390997868902,-0.5521658788436651,0.4564512103818318,18.42692909240725,3.0261659658319164,63.215962152773066,30.62478164000004
0.5886546522657039,-0.1650411368735975,-0.6010484119642306,0.7667998547039593,18.42692909240725,3.0261659658319164,63.215962152773066,30.50515094000002
0.4150729684443072,-0.1100113080639713,-0.4422500810960368,0.1367428364163946,18.17033729553225,3.0582498735863317,64.52942736293296,28.78588688000002
0.6357945718724299,-0.1375327667010883,-0.6444730254243128,0.6396890717878372,18.079354222615564,3.078370231760757,65.82244784811813,29.24390156000004
0.6828469404599519,-0.14033569414272,-0.6658123774467646,0.7662608695652174,18.17033729553225,3.0582498735863317,64.52942736293296,31.267369400000007
0.5086982289778275,-0.174584218276075,-0.5304134101920287,0.254601226993865,18.42692909240725,3.0261659658319164,63.215962152773066,30.99734582000002
0.1717573872472784,-0.0170547897655833,-0.2172114878649963,0.0189586114819759,18.17033729553225,3.0582498735863317,64.52942736293296,30.484642819999976
0.6066328719389944,-0.2328632757126446,-0.5907006579232511,0.6278520849724626,18.17033729553225,3.0582498735863317,64.52942736293296,28.519281320000005
0.2959411655185254,0.0736265381608059,-0.3770216133339928,0.1276736493936053,18.178475316365564,3.0367836134203143,64.33165852586,31.670695760000054
0.3895424031532917,-0.0947378636065892,-0.4382609804296552,0.080813953488372,18.12785682678225,3.042692733145983,65.54639981076248,30.52907707999998
0.3643742742190891,-0.0104636768378759,-0.4523558313615562,0.2815454171804357,18.079354222615564,3.078370231760757,65.82244784811813,32.90118296000003
0.4715418564169288,0.0012470836739442,-0.5572301766725279,0.3279181708784597,19.11906776428225,2.8733089733618686,62.28048726827334,32.942199200000005
0.1786720704176297,0.0586023771390036,-0.2078389807594553,0.0954332552693208,18.33977088928225,2.992261602896399,64.03543207444856,29.38745840000001
0.3301190084199631,0.0476960251909104,-0.3866202449399908,0.2030286034772854,18.77092323303225,2.9235547705381517,62.60771955682329,31.352819899999982
0.1956569650612561,0.0503467484927896,-0.2415125326441051,0.4236885829575124,18.77092323303225,2.9235547705381517,62.60771955682329,33.314763380000045
0.4838168807449324,-0.2006783767413688,-0.4271767772034153,0.532258064516129,18.77092323303225,2.9235547705381517,62.60771955682329,30.655543820000048
0.8468559359589655,-0.3576671680379287,-0.7599669341288312,0.8158244680851063,18.33977088928225,2.992261602896399,64.03543207444856,27.958726039999988
0.4733126189585332,-0.1047261238953164,-0.5196784992155449,0.5389591296677447,18.33977088928225,2.992261602896399,64.03543207444856,31.011017900000013
0.386419898620771,0.0186198428876254,-0.4168660184149385,0.4867818117729997,18.079354222615564,3.078370231760757,65.82244784811813,32.97637940000004
0.3304659808074696,-0.1374703581657479,-0.4168092370248188,0.3408287825248956,18.34579302469893,2.935192618336431,64.89503711773511,31.827924680000024
0.6024661306091502,-0.0253483725591578,-0.5951142005958293,0.6941176470588235,18.42692909240725,3.0261659658319164,63.215962152773066,28.37572448000003
0.2539580067017123,0.0242093679728242,-0.2753783299287112,0.2727272727272727,18.178475316365564,3.0367836134203143,64.33165852586,29.777112680000016
0.3980371591249624,-0.1017694673885447,-0.4167172790768296,0.2830812854442344,18.77092323303225,2.9235547705381517,62.60771955682329,31.961227460000032
0.7226431887613962,-0.1923012886683759,-0.701927418779856,0.6825396825396826,18.34579302469893,2.935192618336431,64.89503711773511,29.284917800000017
0.2086831898820271,0.0665174188464978,-0.2937210209299302,0.1721763085399449,18.079354222615564,3.078370231760757,65.82244784811813,29.356696220000003
0.3230160322468857,-0.0339460199129078,-0.3450088539880031,0.2805701425356339,18.178475316365564,3.0367836134203143,64.33165852586,31.011017900000013
0.3818327308849094,0.0665349450590417,-0.476625042386,0.3088008234688625,18.77092323303225,2.9235547705381517,62.60771955682329,34.398275720000015
0.6609673502326738,-0.1601711076692901,-0.6253681001970581,0.6873207114170969,18.17033729553225,3.0582498735863317,64.52942736293296,31.496376740000017
0.8489658211661694,-0.5029538541042716,-0.7967075011407913,0.8670571010248902,18.23601112365725,2.988557521308597,65.39613749133562,24.00407690000003
0.2134014479581284,0.0241898388814325,-0.3181485453585961,0.1738382099827883,18.54354693094893,2.984148439590686,62.90115217725584,31.14090266000005
0.5481105840013086,-0.024592781858831,-0.5582046300260153,0.4980392156862745,18.12785682678225,3.042692733145983,65.54639981076248,30.49147886000003
0.5165528022732572,0.0889761695989873,-0.5610458655239552,0.5012293642430629,18.42692909240725,3.0261659658319164,63.215962152773066,32.17998074000002
0.5806623313508134,-0.1691844193192225,-0.5806623313508134,0.5224242424242425,18.178475316365564,3.0367836134203143,64.33165852586,29.137942940000016
0.1948963557495975,0.0173638516179952,-0.2390114446840271,0.0881913303437967,18.178475316365564,3.0367836134203143,64.33165852586,30.09498854000003
0.5795339412360689,-0.0841446453407511,-0.5882203126031714,0.5833619800618769,18.42692909240725,3.0261659658319164,63.215962152773066,30.75808442000005
0.1558280781342172,0.0970974609273586,-0.2673736379869538,0.0563782800727461,18.178475316365564,3.0367836134203143,64.33165852586,31.65702368000001
0.4227715907000439,-0.0632832411510274,-0.4790629252326137,0.2180489034534913,18.23601112365725,2.988557521308597,65.39613749133562,32.74053602000004
0.4664912688799943,-0.0124881625510187,-0.4725981055480378,0.3646144650328751,18.079354222615564,3.078370231760757,65.82244784811813,30.19411112
0.3057782616317153,-0.005470226339495,-0.3372639058174361,0.1779846659364731,18.54354693094893,2.984148439590686,62.90115217725584,29.920669520000047
0.2122681235307471,0.0041030947682533,-0.2719002358871122,0.0655509065550906,18.77092323303225,2.9235547705381517,62.60771955682329,34.039383620000024
0.673929288095178,-0.276237541368737,-0.6190514861133669,0.6175192243396858,18.77092323303225,2.9235547705381517,62.60771955682329,29.055910460000007
0.6179139051541085,-0.1497685052872248,-0.6024600285197608,0.6843702579666161,18.33977088928225,2.992261602896399,64.03543207444856,32.89776494
0.397486355691371,-0.2065372493866195,-0.3969382176052488,0.1769230769230769,18.178475316365564,3.0367836134203143,64.33165852586,29.50708910000003
0.1270676571098526,0.0990368213823087,-0.193858128547636,0.0422273781902552,18.34579302469893,2.935192618336431,64.89503711773511,31.072542259999977
0.3645914707054603,-0.0794171243371397,-0.4120111847043394,0.3681843732433951,18.079354222615564,3.078370231760757,65.82244784811813,30.720486199999986
0.3641239427586484,0.1274780272185586,-0.4805913524707849,0.3257348530293941,18.77092323303225,2.9235547705381517,62.60771955682329,35.56382054000005
0.7647816776160575,-0.3097141317889491,-0.6807328349825001,0.7819225251076041,19.11906776428225,2.8733089733618686,62.28048726827334,30.52907707999998
0.7500102623045031,-0.2388611613596903,-0.6912091399555697,0.7627865961199295,18.77092323303225,2.9235547705381517,62.60771955682329,28.69018232000002
0.3313054752169142,0.1021606927668637,-0.4220478312589883,0.2674219018194301,18.12785682678225,3.042692733145983,65.54639981076248,31.639933580000047
0.8146259874254392,-0.3963141858103132,-0.7353825399884371,0.8642232403165347,18.42692909240725,3.0261659658319164,63.215962152773066,25.644726500000047
0.6180579401080729,-0.1741978635925482,-0.6008725660235665,0.5742911153119092,18.34579302469893,2.935192618336431,64.89503711773511,31.73905616000002
0.420694210155211,-0.0998742416495072,-0.4104470338044392,0.3094506994199932,18.33977088928225,2.992261602896399,64.03543207444856,30.57009332000001
0.7492342846030434,-0.2191650853889942,-0.6831646114406541,0.7902813299232737,18.77092323303225,2.9235547705381517,62.60771955682329,28.84057519999999
0.7668839593431872,-0.3140475809936485,-0.7277057422598571,0.7471176018447349,18.42692909240725,3.0261659658319164,63.215962152773066,30.40602836000005
0.1911430140425198,0.1436930300103629,-0.2991924701855715,0.1134441528142315,18.178475316365564,3.0367836134203143,64.33165852586,31.974899540000024
0.125587338224384,0.0997230830091646,-0.179043260512909,0.0691977954684629,18.12785682678225,3.042692733145983,65.54639981076248,32.25517718000003
0.6819235225955967,-0.1232926184364963,-0.6442002718622566,0.4798387096774194,18.42692909240725,3.0261659658319164,63.215962152773066,30.40944638000002
0.1046194412888994,0.0649343356707167,-0.1845739336113606,0.0847701149425287,18.12785682678225,3.042692733145983,65.54639981076248,31.39041812000005
0.1487497654344154,0.1187616399902831,-0.2343433961550821,0.0724489795918367,18.12785682678225,3.042692733145983,65.54639981076248,32.14921856000001
0.4444520407465646,0.0591611457183994,-0.5057251001694566,0.4692635423006695,18.57479693094893,2.94861928655015,63.63319549091134,32.78838830000001
0.3163464083785271,0.1063433695521946,-0.3911296975087692,0.1026468689477081,18.17033729553225,3.0582498735863317,64.52942736293296,33.54377072
0.3170535008629172,-0.0743150347005229,-0.3739746426498178,0.1656477438136827,18.54354693094893,2.984148439590686,62.90115217725584,30.153094880000022
0.405657393070609,-0.1481725767517763,-0.4350937430946268,0.4126444595513256,18.178475316365564,3.0367836134203143,64.33165852586,29.729260400000044
0.4758285957380981,-0.0862653003131226,-0.4821338408358255,0.5231958762886598,18.54354693094893,2.984148439590686,62.90115217725584,30.62478164000004
0.6940235094179295,-0.1731561396626128,-0.6391229873244262,0.7128777923784494,18.23601112365725,2.988557521308597,65.39613749133562,30.207783199999994
0.4869422507131923,-0.1676411569332963,-0.4925482044931895,0.4931856899488926,18.34579302469893,2.935192618336431,64.89503711773511,31.513466839999975
0.3521077822465059,-0.0283418997661298,-0.412717140730791,0.1381786842861246,18.77092323303225,2.9235547705381517,62.60771955682329,32.49443858000001
0.2935159167704073,0.0584397427532854,-0.3069127603605159,0.2487153134635149,18.57479693094893,2.94861928655015,63.63319549091134,32.21074292000003
0.6353102789225348,-0.0737675987293619,-0.606807511737089,0.6202639421030226,19.11906776428225,2.8733089733618686,62.28048726827334,31.086214340000023
0.1869113697403759,0.0581406913797758,-0.2565801321239349,0.2185430463576159,18.178475316365564,3.0367836134203143,64.33165852586,29.64039188000004
0.749743510327339,-0.2933920956987093,-0.6716136369940914,0.4603097773475315,18.12785682678225,3.042692733145983,65.54639981076248,27.634014139999977
0.4968125130634709,-0.0777372972227274,-0.5217410552225458,0.417992479028059,18.34579302469893,2.935192618336431,64.89503711773511,32.74737206000003
0.3820859042892165,0.0440374203986806,-0.4069161317896312,0.2569338616275525,18.23601112365725,2.988557521308597,65.39613749133562,33.30450932000002
0.711097924832641,-0.2926684513587231,-0.6562821062509607,0.7955911823647295,18.77092323303225,2.9235547705381517,62.60771955682329,28.33470824000005
0.5892412118136426,-0.1581484734614089,-0.5897166270826913,0.4044648719632304,18.34579302469893,2.935192618336431,64.89503711773511,33.37628774000001
0.6349693481702697,-0.1062181426801778,-0.6325438865953892,0.6498077491866312,19.11906776428225,2.8733089733618686,62.28048726827334,33.81379430000004
0.4301797660636746,0.1658720076551234,-0.412163955031073,0.1800141743444365,18.33977088928225,2.992261602896399,64.03543207444856,32.42266016000002
0.7298244115008331,-0.2702824802037973,-0.6695667950420175,0.7366500829187397,18.77092323303225,2.9235547705381517,62.60771955682329,30.447044600000027
0.0864876476906553,0.0406458417111162,-0.1465256934558084,0.098273572377158,18.12785682678225,3.042692733145983,65.54639981076248,30.494896880000056
0.4989475180076559,-0.03971119133574,-0.5526463471852948,0.585357013410656,18.57479693094893,2.94861928655015,63.63319549091134,31.69120387999999
0.4014135529564844,-0.1223821563275286,-0.4340681787232753,0.5085118066996156,18.42692909240725,3.0261659658319164,63.215962152773066,30.696560060000024
0.4958484085039749,-0.0217767292206699,-0.5141474763356534,0.4262295081967213,18.34579302469893,2.935192618336431,64.89503711773511,31.780072399999995
0.4891531778194349,-0.0888358073138826,-0.527043302784491,0.4301303425280388,18.23601112365725,2.988557521308597,65.39613749133562,31.99540766000001
0.2943980055726647,0.0161691455641087,-0.3536279114348701,0.1043723554301833,18.23601112365725,2.988557521308597,65.39613749133562,31.89970310000001
0.2996593983765717,0.0490865559292348,-0.3656487272970533,0.1099415204678362,18.079354222615564,3.078370231760757,65.82244784811813,33.15411644000005
0.25648160586463,0.0924036595508733,-0.256393199350126,0.1414851654947693,18.33977088928225,2.992261602896399,64.03543207444856,32.28593936000004
0.254835382102639,-0.076379501044611,-0.2858401233208544,0.2474964234620887,18.54354693094893,2.984148439590686,62.90115217725584,31.527138920000027
0.2865655650425592,-0.0548777181280841,-0.3440611332591738,0.0384300899427636,18.079354222615564,3.078370231760757,65.82244784811813,30.788846600000056
0.6230644877069591,-0.1121470795140749,-0.606680217213239,0.6087086191470326,18.23601112365725,2.988557521308597,65.39613749133562,29.038820360000045
0.5508323770559962,-0.005933117583603,-0.5927918695020925,0.4747882210568778,18.23601112365725,2.988557521308597,65.39613749133562,30.37868420000001
0.2606466622148504,0.0320217006566434,-0.3326426050324491,0.1439714007149821,18.33977088928225,2.992261602896399,64.03543207444856,31.988571620000016
0.5428810310693242,-0.1067369004713057,-0.5843964393037364,0.4991539763113367,18.079354222615564,3.078370231760757,65.82244784811813,31.62626150000005
0.4316486697094509,-0.3748296228986825,-0.287756277067114,0.2240963855421686,18.23601112365725,2.988557521308597,65.39613749133562,23.778487580000046
0.6008459444935602,-0.0429204664163302,-0.7358972913024683,0.1999029597282872,18.079354222615564,3.078370231760757,65.82244784811813,30.81619076000004
0.2660551927263413,0.1715581531758003,-0.2826550552595944,0.354677565849228,18.57479693094893,2.94861928655015,63.63319549091134,34.053055700000016
0.574724916751122,-0.1744547025159271,-0.5436869090070432,0.6586989409984871,18.33977088928225,2.992261602896399,64.03543207444856,31.780072399999995
0.7628072228005127,-0.2509477616951657,-0.7163557781705181,0.8387329013678906,18.079354222615564,3.078370231760757,65.82244784811813,29.989029920000007
0.4330708661417322,-0.0793104654008881,-0.4266592715843964,0.3210853589598643,18.33977088928225,2.992261602896399,64.03543207444856,30.433372520000034
0.5125786450676186,-0.0598977495952854,-0.539485301634804,0.6420664206642066,18.42692909240725,3.0261659658319164,63.215962152773066,31.46561456000001
0.2335475313455041,0.0419584313616303,-0.2973701574135167,0.3082989110026286,18.12785682678225,3.042692733145983,65.54639981076248,32.385061940000014
0.3549188036867516,0.0038537421864914,-0.4342527942230599,0.6520039100684262,18.178475316365564,3.0367836134203143,64.33165852586,30.751248379999996
0.2191667574547715,0.0749871147805622,-0.2719808507508592,0.3714741883980841,18.12785682678225,3.042692733145983,65.54639981076248,31.58182724000005
0.1249583927215002,-0.071156909274128,-0.1776983559685491,0.0537720706260032,18.17033729553225,3.0582498735863317,64.52942736293296,28.642330040000047
-0.2011534674356447,-0.4153271028037377,0.3560859459153014,-0.7176470588235294,18.42692909240725,3.0261659658319164,63.215962152773066,24.29460860000006
0.4572559864244862,-0.1218230640830249,-0.4874900561985168,0.1707988980716253,18.079354222615564,3.078370231760757,65.82244784811813,31.71854804000003
0.3050251210125559,-0.0855566761407047,-0.3320770283699912,0.1892376681614349,18.54354693094893,2.984148439590686,62.90115217725584,30.484642819999976
0.148114703108382,0.0755384640243015,-0.2334723884056096,0.1751570132588974,18.33977088928225,2.992261602896399,64.03543207444856,30.744412340000054
0.3564774265466995,-0.1055716994873201,-0.3542369587874718,0.1814077025232403,18.17033729553225,3.0582498735863317,64.52942736293296,30.12575072000004
0.5659129254858549,-0.1151005047487063,-0.5581097885947771,0.5744962008589363,18.77092323303225,2.9235547705381517,62.60771955682329,31.80058052000004
0.1657335145771347,0.0594758760324874,-0.1696472002060144,0.0812407680945347,18.54354693094893,2.984148439590686,62.90115217725584,32.46709442000002
0.68494081850649,-0.2001936763146164,-0.6556615776081425,0.6657730116175157,18.079354222615564,3.078370231760757,65.82244784811813,27.46994918000001
0.2581650500874544,-0.1017802315623847,-0.3056664796541369,0.3272784215471344,18.33977088928225,2.992261602896399,64.03543207444856,29.876235260000044
0.5052842788873914,-0.1135446881798403,-0.5432461292044848,0.5484276729559748,18.33977088928225,2.992261602896399,64.03543207444856,34.182940460000054
0.3342388570278701,0.0218397516673326,-0.4186301516407691,0.3368194401722547,18.42692909240725,3.0261659658319164,63.215962152773066,32.761044140000024
0.7563380417304563,-0.3449437788018433,-0.7167003905698556,0.7752965806001396,18.17033729553225,3.0582498735863317,64.52942736293296,28.47484706
0.5113301257178333,-0.2294357536961985,-0.5026078637121165,0.5070496083550914,18.34579302469893,2.935192618336431,64.89503711773511,29.13452491999999
0.4409986798526994,0.0384211177052422,-0.5094495257041657,0.335202492211838,18.33977088928225,2.992261602896399,64.03543207444856,30.600855500000023
0.1921627023002469,-0.0199136405085018,-0.2814240103784948,-0.004225352112676,18.178475316365564,3.0367836134203143,64.33165852586,29.732678420000013
0.5452313358397913,-0.1084493185367631,-0.5164338692067317,0.4424242424242424,18.57479693094893,2.94861928655015,63.63319549091134,29.55494138000006
0.2198296871863979,-0.0142262007640548,-0.3096707660576584,0.1725129384703853,18.54354693094893,2.984148439590686,62.90115217725584,31.879194980000022
0.2087514054949487,0.0567321732374177,-0.3120661865409521,0.092378752886836,18.77092323303225,2.9235547705381517,62.60771955682329,29.71900634000002
0.615262152409255,-0.0543611297138766,-0.6080655102579906,0.5285665412247691,19.11906776428225,2.8733089733618686,62.28048726827334,33.59162300000003
0.143172726729954,0.0926559963984881,-0.2207398906581233,0.0700580098170459,18.23601112365725,2.988557521308597,65.39613749133562,30.53249510000001
0.5234351328884297,0.0008407343432335811,-0.5651674182863073,0.5353535353535354,18.54354693094893,2.984148439590686,62.90115217725584,32.43633224000001
0.7146953532690974,-0.2358872650017009,-0.7036807644664662,0.677647892313142,18.34579302469893,2.935192618336431,64.89503711773511,29.70533426000003
0.4424208114778024,-0.1144979735779164,-0.4408786470390726,0.3976413667977018,18.54354693094893,2.984148439590686,62.90115217725584,30.939239480000023
0.5872617022204775,-0.1349112278381515,-0.5869570906426372,0.704772475027747,18.34579302469893,2.935192618336431,64.89503711773511,30.751248379999996
0.7655006871987455,-0.2719070098247718,-0.7170559054154546,0.8267020335985853,18.17033729553225,3.0582498735863317,64.52942736293296,30.098406560000058
0.3740931844435889,-0.1192337126296905,-0.4377946283955293,0.4254568772042321,18.77092323303225,2.9235547705381517,62.60771955682329,31.14432068000002
0.0804240760111576,0.0406544180961502,-0.1148313255043932,0.0180423355590282,18.178475316365564,3.0367836134203143,64.33165852586,30.809354719999988
0.5874542731080022,-0.1821286024312141,-0.5742204078333097,0.1754716981132075,18.33977088928225,2.992261602896399,64.03543207444856,30.70681411999999
0.4711804663117311,-0.0949944796073415,-0.4869149583624029,0.5401459854014599,18.12785682678225,3.042692733145983,65.54639981076248,29.927505559999982
0.5161541759226782,-0.1899307201737348,-0.4251227196131584,0.4397042093287827,18.77092323303225,2.9235547705381517,62.60771955682329,29.879653280000014
0.3111878613838332,0.074358429959797,-0.3343996524589516,0.1388698238389384,18.33977088928225,2.992261602896399,64.03543207444856,32.873838800000044
0.1057692307692308,0.0266097746340349,-0.172121734137238,0.02029621503017,18.23601112365725,2.988557521308597,65.39613749133562,31.03836206000005
0.4000198393016567,0.0926414051148855,-0.4979250910094354,0.2835929011227816,18.77092323303225,2.9235547705381517,62.60771955682329,33.09601010000006
0.3800780685268181,0.0391595944184863,-0.4849802274457791,0.4335854765506808,18.42692909240725,3.0261659658319164,63.215962152773066,33.47882834000001
0.5540871803120476,-0.1001525813577463,-0.5713244860785844,0.6066398390342053,18.77092323303225,2.9235547705381517,62.60771955682329,32.68926571999998
0.2663184046978936,0.0002530917457578349,-0.4469966282312784,0.2477563230894751,18.12785682678225,3.042692733145983,65.54639981076248,30.81619076000004
0.5457359497912703,-0.0524653561069933,-0.5652949127196389,0.4346965699208443,18.34579302469893,2.935192618336431,64.89503711773511,30.67946996000001
0.5234149981519063,0.0200833479124891,-0.5639672664008075,0.4602382931559989,18.079354222615564,3.078370231760757,65.82244784811813,30.02662814000001
0.5594993170934112,-0.026731698433205,-0.5826753693371234,0.5845331139448786,18.42692909240725,3.0261659658319164,63.215962152773066,30.594019460000027
0.6398178553358664,-0.1099084096586178,-0.6307419100236781,0.7441497659906396,18.12785682678225,3.042692733145983,65.54639981076248,31.322057720000032
0.4568857313961786,-0.0570267069026063,-0.5219869218309436,0.5277061855670103,18.57479693094893,2.94861928655015,63.63319549091134,32.21074292000003
0.1872930085133184,0.02352823220761,-0.2240900759361088,0.0855478704040771,18.178475316365564,3.0367836134203143,64.33165852586,30.976837700000036
0.7626302434810776,-0.252203395030951,-0.6922821748820815,0.8132827324478178,19.11906776428225,2.8733089733618686,62.28048726827334,28.31420012000001
0.5761159981875283,-0.1057483612128121,-0.5979501477192621,0.5032495055100311,19.11906776428225,2.8733089733618686,62.28048726827334,33.21222278000005
0.108087356277153,0.0456698977114829,-0.1620037710849512,0.0903446134740763,18.33977088928225,2.992261602896399,64.03543207444856,30.77175650000004
0.6499458522850335,-0.14038068577331,-0.6448513376373805,0.5949367088607594,18.079354222615564,3.078370231760757,65.82244784811813,29.61304772000005
0.1966830785177507,0.1483805385760613,-0.317702243750348,0.1536979969183359,18.33977088928225,2.992261602896399,64.03543207444856,34.333333340000024
0.4682183148693975,-0.1094914056619714,-0.4806334238712653,0.5203013813311009,18.54354693094893,2.984148439590686,62.90115217725584,29.70875228
0.4364534371327851,-0.0282646268293804,-0.4855075903580141,0.3825713169206721,18.77092323303225,2.9235547705381517,62.60771955682329,32.56963502000002
0.1399956265033893,0.0750423604765664,-0.20860574025131,0.0658640226628895,18.12785682678225,3.042692733145983,65.54639981076248,31.47586862000003
0.5946258938622135,-0.0630064512646098,-0.609392879327819,0.5632970451010887,18.23601112365725,2.988557521308597,65.39613749133562,31.045198099999997
0.1712194413164298,0.1023615470813004,-0.230852921808343,0.1120331950207468,18.178475316365564,3.0367836134203143,64.33165852586,31.81425260000003
0.5875135330205701,-0.1308177291914708,-0.6091991644124415,0.5523882896764253,18.079354222615564,3.078370231760757,65.82244784811813,31.086214340000023
0.1851279409239224,-0.0345378984101072,-0.2347590978220892,0.1925349922239502,18.54354693094893,2.984148439590686,62.90115217725584,30.32741390000001
0.3009124179920058,0.1183160734288914,-0.4095664489012747,0.2287486318861729,18.079354222615564,3.078370231760757,65.82244784811813,32.46709442000002
0.6020150039626965,-0.138799922824619,-0.5862914149341015,0.4934054785255326,18.178475316365564,3.0367836134203143,64.33165852586,32.463676400000054
0.5045505835454194,0.0361588180978762,-0.5708720665250631,0.5258336386954928,18.57479693094893,2.94861928655015,63.63319549091134,30.843534920000025
0.1904572082221221,0.0079437295087885,-0.2417090741460505,0.1412964311726147,18.54354693094893,2.984148439590686,62.90115217725584,30.023210120000044
0.1570291551393914,0.0530327309208967,-0.2126689565954409,0.1068363421130512,18.33977088928225,2.992261602896399,64.03543207444856,31.157992760000013
0.5901603036528461,-0.1468686312310658,-0.5778330125339112,0.6707347447073474,18.33977088928225,2.992261602896399,64.03543207444856,30.341085980000003
0.4999262351277001,-0.1115627271031764,-0.5456667352286244,0.6900083033490174,18.178475316365564,3.0367836134203143,64.33165852586,29.39429444000001
0.2007704301568375,0.008862956734279,-0.2753042352892061,0.2070422535211267,18.12785682678225,3.042692733145983,65.54639981076248,31.71854804000003
0.1873408227996437,0.0350594270621697,-0.2826892401698077,0.0631985368827474,18.33977088928225,2.992261602896399,64.03543207444856,30.611109560000045
0.807745040055917,-0.2908795976349536,-0.749917051051012,0.7862291822023366,19.11906776428225,2.8733089733618686,62.28048726827334,28.57396964000003
0.8018209681781303,-0.3214417940445337,-0.7199552534205318,0.8350437096161155,18.12785682678225,3.042692733145983,65.54639981076248,26.96750024000005
0.5536099508881445,-0.1912403878301571,-0.5285285285285287,0.5010343400910219,18.178475316365564,3.0367836134203143,64.33165852586,28.75854272000004
0.2642178095291668,-0.0417249291193808,-0.3405308678795109,0.112536443148688,18.23601112365725,2.988557521308597,65.39613749133562,29.93775962000001
0.275682735412818,0.0151382334639893,-0.3391178686560528,0.3007769145394006,18.17033729553225,3.0582498735863317,64.52942736293296,30.96658364000001
0.3200065992080952,0.0791923480217896,-0.381282129977749,0.3432295438088342,18.079354222615564,3.078370231760757,65.82244784811813,31.88603102000002
0.3041093141108192,-0.1478411917975593,-0.1787630954360609,0.2460966542750929,18.23601112365725,2.988557521308597,65.39613749133562,28.12962704000006
0.6211183280984762,-0.1046051765814061,-0.6220251413693504,0.6861868573983013,19.11906776428225,2.8733089733618686,62.28048726827334,30.101824580000027
0.57838102225483,-0.0549866593547978,-0.6052665361532784,0.5011971268954509,18.57479693094893,2.94861928655015,63.63319549091134,31.882612999999992
0.4207568784019196,0.0405829740096857,-0.5141226612728454,0.2800376205031742,18.34579302469893,2.935192618336431,64.89503711773511,31.304967620000014
0.5527667549337237,-0.1675604746691009,-0.577519290212674,0.603164942178941,18.17033729553225,3.0582498735863317,64.52942736293296,31.66044169999998
0.2934055343312972,-0.0637955713202209,-0.3277342026221014,0.2231784279977051,18.23601112365725,2.988557521308597,65.39613749133562,29.56177742
0.3201463602947348,-0.0399984132860845,-0.373791537487446,0.2661202185792349,18.34579302469893,2.935192618336431,64.89503711773511,31.58866327999999
0.5542757750273103,-0.0934867444168363,-0.5853481755536083,0.5291902071563088,18.23601112365725,2.988557521308597,65.39613749133562,30.63845372000003
0.2807151167170251,0.1662116729058027,-0.413164140784455,0.3084254670224933,18.42692909240725,3.0261659658319164,63.215962152773066,31.50663080000004
0.2235682264645142,0.1914456302398635,-0.3223912081929843,0.1927419354838709,18.23601112365725,2.988557521308597,65.39613749133562,32.299611440000035
0.3440111741275967,-0.08921396673757,-0.3903744164628916,0.3680104031209363,18.54354693094893,2.984148439590686,62.90115217725584,29.82154694000002
0.4894442190669371,0.0438854166666666,-0.5565429000228935,0.5001550387596899,18.57479693094893,2.94861928655015,63.63319549091134,32.16630866000003
0.7775304126580266,-0.2732346695522702,-0.7038706516413523,0.7834702754954084,19.11906776428225,2.8733089733618686,62.28048726827334,27.81858722000004
0.5835808646772168,-0.1181145969007353,-0.5845935830820103,0.4930999663412992,18.54354693094893,2.984148439590686,62.90115217725584,31.26395137999998
0.4602889573483139,0.0243362831858407,-0.5256757803423437,0.3325621746674378,18.42692909240725,3.0261659658319164,63.215962152773066,32.28935738000001
0.2394878385453853,0.0282417566014358,-0.3012132477863725,0.150997150997151,18.23601112365725,2.988557521308597,65.39613749133562,31.906539140000007
0.6650729561437023,-0.1837115233557726,-0.6521240189348142,0.6472545757071547,18.079354222615564,3.078370231760757,65.82244784811813,30.90505928000005
0.6572257560540119,-0.1886532694421617,-0.5415426776099985,0.4808866045615162,18.33977088928225,2.992261602896399,64.03543207444856,32.043259939999984
0.6593064875365579,-0.1878234646888627,-0.6459078877713077,0.6795366795366795,19.11906776428225,2.8733089733618686,62.28048726827334,30.450462620000053
0.5474370271579065,-0.0596165449910035,-0.5690861232079466,0.5900168255748738,18.77092323303225,2.9235547705381517,62.60771955682329,33.69074558
0.6902342023862131,-0.2234127618743002,-0.6557417599406344,0.7557721908671113,18.42692909240725,3.0261659658319164,63.215962152773066,29.486580979999985
0.7427555119438226,-0.258195383023118,-0.69724208985979,0.6658298465829846,18.42692909240725,3.0261659658319164,63.215962152773066,29.07983660000002
0.2492902853293557,0.0444173379040568,-0.264879461054507,0.1909323116219668,18.12785682678225,3.042692733145983,65.54639981076248,31.76981834000003
0.7539200572358167,-0.2928066496741711,-0.7371564508781697,0.6734293193717278,18.42692909240725,3.0261659658319164,63.215962152773066,28.97387798
0.5107060841782319,-0.1772411549180212,-0.5196581508737971,0.5272496831432193,18.17033729553225,3.0582498735863317,64.52942736293296,30.12575072000004
0.7635885714285714,-0.4238498588274372,-0.6123753996614631,0.6227106227106227,18.17033729553225,3.0582498735863317,64.52942736293296,26.04463484000001
0.1564588774081223,0.0805055672585012,-0.2623029381630697,0.1685331876536465,18.34579302469893,2.935192618336431,64.89503711773511,31.988571620000016
0.6676310259767944,-0.1471746599257002,-0.6472145349536759,0.6670208997520368,19.11906776428225,2.8733089733618686,62.28048726827334,29.609629700000028
0.4605121317617121,-0.1522942431298188,-0.5183626977273981,0.4074074074074074,18.33977088928225,2.992261602896399,64.03543207444856,30.334249940000007
0.6814711600236962,-0.2700071212054373,-0.6633047210300429,0.6537467700258398,18.178475316365564,3.0367836134203143,64.33165852586,28.085192780000057
0.6205497506223672,-0.1326529997892771,-0.5993334976918958,0.6449026345933563,18.77092323303225,2.9235547705381517,62.60771955682329,32.93536316000001
0.2617330037498527,-0.1172756782512881,-0.384391143911439,0.2637628554143981,18.178475316365564,3.0367836134203143,64.33165852586,28.122791000000007
0.4459157787924912,-0.013694244860212,-0.5404864864864867,0.4901559703400664,18.079354222615564,3.078370231760757,65.82244784811813,33.00030554
0.2411367145395752,0.0168797304781244,-0.321940813714463,0.0937279774489076,18.54354693094893,2.984148439590686,62.90115217725584,31.16824682000004
0.3929048974760883,-0.047748753585247,-0.4809740833956873,0.600997506234414,18.17033729553225,3.0582498735863317,64.52942736293296,31.759564280000006
0.3340107280417779,-0.093695311036919,-0.3807885468301591,0.2595924847843345,18.77092323303225,2.9235547705381517,62.60771955682329,30.922149380000008
0.5576664383392067,-0.0661755983482932,-0.5699230609274278,0.5343601895734598,18.77092323303225,2.9235547705381517,62.60771955682329,33.468574279999984
0.3339817599980787,0.0163147665239585,-0.4038909915773112,0.3907692307692307,18.079354222615564,3.078370231760757,65.82244784811813,31.352819899999982
0.4209699007065708,-0.0403596130399608,-0.4670565834612079,0.6146044624746451,18.079354222615564,3.078370231760757,65.82244784811813,31.639933580000047
0.3952182966661792,0.0500715985926846,-0.4880083187878338,0.360655737704918,18.34579302469893,2.935192618336431,64.89503711773511,32.01249776000003
0.5622407063007093,0.0008626548857635722,-0.5757013583987797,0.6320582877959927,18.42692909240725,3.0261659658319164,63.215962152773066,29.68482614000004
0.3872641586889767,-0.017217921086535,-0.4316119466214784,0.1806320672658741,18.77092323303225,2.9235547705381517,62.60771955682329,32.69268374000001
0.2081600432707417,0.0878931685244454,-0.2864592251295861,0.17475935828877,18.079354222615564,3.078370231760757,65.82244784811813,33.003723560000026
0.2903279949646829,0.154202308587984,-0.3747205913033112,0.1981613891726251,18.12785682678225,3.042692733145983,65.54639981076248,32.62090532000002
0.1949392837329716,0.054077462641049,-0.2961145980460163,0.0928689883913764,18.42692909240725,3.0261659658319164,63.215962152773066,34.75716782000001
0.1557474909525054,0.0653028280039527,-0.2181119314216057,0.2237591537835638,18.77092323303225,2.9235547705381517,62.60771955682329,30.69997808000005
0.5152685521926004,-0.1022092502104308,-0.5268792779695924,0.5229638701775873,18.17033729553225,3.0582498735863317,64.52942736293296,29.70533426000003
0.595132098213418,-0.0247981365489935,-0.6075073957251729,0.5866171003717472,18.77092323303225,2.9235547705381517,62.60771955682329,31.44168841999999
0.7444856296978307,-0.2739001912710832,-0.6918979254070281,0.7555791710945803,18.34579302469893,2.935192618336431,64.89503711773511,32.80889642
0.3465337575967789,-0.0309254544719812,-0.3898790529707516,0.3587977457733249,18.57479693094893,2.94861928655015,63.63319549091134,31.42459832000003
0.1896971293126151,0.0398408406876499,-0.2537691231653974,0.1358637814827953,18.54354693094893,2.984148439590686,62.90115217725584,29.660900000000023
0.7764737295644047,-0.2700130151843818,-0.7266807441399569,0.7571463474224286,18.34579302469893,2.935192618336431,64.89503711773511,30.20094716000005
0.5759289253505335,-0.2062530260127056,-0.5670081479010818,0.4275265957446808,18.54354693094893,2.984148439590686,62.90115217725584,30.35817608000002
0.1977259931615011,0.0535345150316584,-0.2428769904884043,0.0721825962910128,18.33977088928225,2.992261602896399,64.03543207444856,32.93194514000004
0.1159276966019275,0.1733695133897995,-0.2987591429777845,0.069904053260231,18.12785682678225,3.042692733145983,65.54639981076248,31.66044169999998
0.5648013177934804,-0.1276780162423923,-0.5956646936490163,0.6920127795527157,18.42692909240725,3.0261659658319164,63.215962152773066,30.976837700000036
0.7443818446540482,-0.2274296404629513,-0.6802268269631407,0.7476673427991887,18.34579302469893,2.935192618336431,64.89503711773511,30.1052426
0.2219020172910662,0.0138692841319516,-0.3051878544501992,0.0889282999746643,18.42692909240725,3.0261659658319164,63.215962152773066,32.60039720000003
0.4246124014379971,-0.0772934008966631,-0.4741421405424603,0.416289592760181,18.178475316365564,3.0367836134203143,64.33165852586,32.19707084000004
0.2034616680558265,-0.0681294120424658,-0.2319394395984424,0.2252500862366333,18.178475316365564,3.0367836134203143,64.33165852586,29.44556474000001
0.2666005244135779,0.0938335762722606,-0.3179706511319223,0.1987270155586987,18.57479693094893,2.94861928655015,63.63319549091134,33.19513268000003
0.4112355793345595,0.0381685478403062,-0.4924850585281323,0.4069086651053864,18.23601112365725,2.988557521308597,65.39613749133562,32.01249776000003
0.7217970371085267,-0.2928762953837234,-0.6891598890330155,0.78712715855573,18.33977088928225,2.992261602896399,64.03543207444856,29.141360960000043
0.2614113115041148,0.1284962158604804,-0.3575294348212806,0.2459485224022879,18.42692909240725,3.0261659658319164,63.215962152773066,33.52326260000001
0.6426650966539104,-0.2669931202555117,-0.5835256725566613,0.7561465127947817,18.23601112365725,2.988557521308597,65.39613749133562,29.1652871
0.6454449869181426,-0.181022025916284,-0.6200266422713339,0.7443744374437443,18.77092323303225,2.9235547705381517,62.60771955682329,30.98367374000003
0.2267150556563659,0.1785897255709149,-0.3535344479806356,0.1571156692746881,18.77092323303225,2.9235547705381517,62.60771955682329,32.24492312000001
0.3737417675404911,-0.0759476824964199,-0.4472082599418596,0.2316984778932109,18.77092323303225,2.9235547705381517,62.60771955682329,29.178959179999996
0.2453731237295507,0.0690483457858347,-0.3056749865058536,0.120918984280532,18.17033729553225,3.0582498735863317,64.52942736293296,30.648707779999995
0.5256594385452719,-0.0056334676605847,-0.5646973599484867,0.610606610969851,18.77092323303225,2.9235547705381517,62.60771955682329,32.22441500000002
0.7057544596012593,-0.2333493168561422,-0.6511705386671868,0.7832233741753063,18.33977088928225,2.992261602896399,64.03543207444856,30.03688220000004
0.4421343890046628,0.0492783988311026,-0.5275062749151042,0.4243633016262657,18.42692909240725,3.0261659658319164,63.215962152773066,32.15605460000006
0.322983190193056,-0.0436318364747097,-0.3779473378390778,0.3460438512869399,18.34579302469893,2.935192618336431,64.89503711773511,34.32649730000003
0.7047251833371134,-0.1836181917440054,-0.6466618955117065,0.5827650340979541,18.079354222615564,3.078370231760757,65.82244784811813,32.37480788000005
0.521000586281024,0.0356022343710502,-0.5944898343836302,0.476911710380495,19.11906776428225,2.8733089733618686,62.28048726827334,33.32843546000004
0.1982321609618873,0.039293360658553,-0.2718509143545711,0.1260759493670886,18.12785682678225,3.042692733145983,65.54639981076248,31.482704660000024
0.4952494555945463,-0.1337957436514989,-0.5297932424186521,0.6731541550818659,18.34579302469893,2.935192618336431,64.89503711773511,31.17850088
0.6570218962355733,-0.1543620378719566,-0.6609633473889068,0.5244624493611717,18.178475316365564,3.0367836134203143,64.33165852586,30.63845372000003
0.4562156298701744,-0.1793933665100503,-0.4842380009376727,0.3077276908923643,18.12785682678225,3.042692733145983,65.54639981076248,29.74293248000004
0.2743507936664723,0.0373454510181391,-0.3159591178930619,0.1953710006807352,18.77092323303225,2.9235547705381517,62.60771955682329,31.97831756000005
0.6039519450312614,-0.1026257884700015,-0.5942225709983244,0.5351530190239868,19.11906776428225,2.8733089733618686,62.28048726827334,30.898223239999997
0.1685280641466207,0.0404185896116877,-0.2961168903359008,0.0827211753433407,18.178475316365564,3.0367836134203143,64.33165852586,30.09498854000003
0.1671102024990747,-0.0569720765799197,-0.2050733802214601,0.183291770573566,18.12785682678225,3.042692733145983,65.54639981076248,30.139422800000037
0.5113714218872716,-0.0545738621457595,-0.5378010524615527,0.5140650854936569,18.17033729553225,3.0582498735863317,64.52942736293296,31.31522168000004
0.287031110914936,0.0130929480851352,-0.343000583412657,0.1832853025936599,18.77092323303225,2.9235547705381517,62.60771955682329,31.797162500000013
0.5248386962494278,-0.0741909375623145,-0.5610063750724439,0.5739500912964091,18.42692909240725,3.0261659658319164,63.215962152773066,30.416282420000016
0.1936851655829427,-0.0632350801954647,-0.2888743754694185,0.0671448495716278,18.12785682678225,3.042692733145983,65.54639981076248,30.46755272000001
0.4436887418579325,-0.0108407127390964,-0.5043840397400623,0.4321185422507008,18.079354222615564,3.078370231760757,65.82244784811813,30.187275080000006
0.2996288552390737,0.0082591701079875,-0.3634300547236117,0.2659212445308702,18.079354222615564,3.078370231760757,65.82244784811813,33.577950920000035
0.5539013568733799,-0.0380247583015484,-0.6184382445622935,0.5560538116591929,18.17033729553225,3.0582498735863317,64.52942736293296,30.799100660000025
0.2377364887135203,0.0518942782121937,-0.2766159972803653,0.2041922659920491,18.17033729553225,3.0582498735863317,64.52942736293296,32.54912690000003
0.5594617120702734,-0.1306242998268661,-0.5854294799779121,0.3746530989824236,18.17033729553225,3.0582498735863317,64.52942736293296,30.023210120000044
0.518754156107906,0.0067233212266534,-0.556447825246116,0.4756327918398186,18.079354222615564,3.078370231760757,65.82244784811813,33.64972934000002
0.7116679487955192,-0.1786749519370985,-0.6626617297633141,0.6275752773375595,19.11906776428225,2.8733089733618686,62.28048726827334,32.45684036
0.6248315017988021,-0.1064559270516718,-0.6224417029166369,0.6659259259259259,18.54354693094893,2.984148439590686,62.90115217725584,29.94801368000003
0.4448385952465413,-0.045355383336402,-0.4706625744719263,0.3296213808463251,18.17033729553225,3.0582498735863317,64.52942736293296,30.747830360000023
0.194869009749916,0.0037949027556168,-0.2335884656461375,0.3513333333333333,18.54354693094893,2.984148439590686,62.90115217725584,30.740994320000027
0.2729386298953783,-0.0534207313836846,-0.3848018908240959,0.1756292906178489,18.17033729553225,3.0582498735863317,64.52942736293296,30.05397230000005
0.1633480963191781,0.0848593971864799,-0.2267540546109241,0.0940063091482649,18.23601112365725,2.988557521308597,65.39613749133562,31.76981834000003
0.6001134889753567,-0.0567086195174441,-0.6113206314998939,0.5864106351550961,18.77092323303225,2.9235547705381517,62.60771955682329,31.42459832000003
0.211403695052028,0.0214966153092168,-0.277593364314795,0.2655070561207745,18.33977088928225,2.992261602896399,64.03543207444856,31.03836206000005
0.4711558614676516,-0.0201438263387069,-0.5552010493384029,0.4210884353741496,18.079354222615564,3.078370231760757,65.82244784811813,30.46071668000002
0.1911841469308843,0.0348910974836118,-0.2438226744186047,0.0714817572598659,18.178475316365564,3.0367836134203143,64.33165852586,30.488060840000003
0.3992504748703732,0.0812493943058429,-0.4951897032907504,0.3210685483870967,18.12785682678225,3.042692733145983,65.54639981076248,33.345525560000056
0.5418387797924292,-0.0681172268140693,-0.5919287303391525,0.5421888053467001,18.23601112365725,2.988557521308597,65.39613749133562,31.592081300000014
0.4430616887461529,0.0819393010684033,-0.5140042586049559,0.3827301225420347,18.57479693094893,2.94861928655015,63.63319549091134,32.85333068
0.0882946767124636,-0.0031623065167723,-0.139527688975972,0.0411053540587219,18.12785682678225,3.042692733145983,65.54639981076248,31.06228820000001
0.410795899040639,-0.0489643222326311,-0.450880758807588,0.6120401337792643,18.17033729553225,3.0582498735863317,64.52942736293296,30.347922020000052
0.4739236798229895,0.0393776753207846,-0.5541024545723392,0.4621476084890719,18.42692909240725,3.0261659658319164,63.215962152773066,32.214160940000056
0.4004694709972242,-0.1197059977878474,-0.4228198873786056,0.4176624890702419,18.33977088928225,2.992261602896399,64.03543207444856,31.66727774000003
0.5290346174495599,-0.0292091990384061,-0.5745867420934127,0.300318563567912,18.23601112365725,2.988557521308597,65.39613749133562,32.63457740000001
0.4435543698996604,-0.0595974763892784,-0.5178744494259846,0.4919594997022037,18.17033729553225,3.0582498735863317,64.52942736293296,29.25415562000001
0.4261305519139066,0.0038741358664479,-0.5212336819135285,0.2718248175182481,18.57479693094893,2.94861928655015,63.63319549091134,31.151156720000017
0.372060755864705,0.0055675430885213,-0.4185151759844203,0.186429512516469,18.34579302469893,2.935192618336431,64.89503711773511,31.02810800000003
0.3092960100271569,-0.0653675650683999,-0.3213195486819692,0.2132166054786783,18.77092323303225,2.9235547705381517,62.60771955682329,30.501732919999995
0.1307922587173757,0.067148993895546,-0.1792891168926346,0.0256301631010379,18.079354222615564,3.078370231760757,65.82244784811813,31.41092623999998
0.767932360350437,-0.3166633752107796,-0.6934574691532909,0.7791164658634538,18.77092323303225,2.9235547705381517,62.60771955682329,27.6955385
0.6295069804475087,-0.1710948981051591,-0.6159968415480003,0.2010217113665389,18.12785682678225,3.042692733145983,65.54639981076248,29.093508680000014
0.7165893028896416,-0.2621157429328675,-0.6730302091654574,0.7935568704799474,18.54354693094893,2.984148439590686,62.90115217725584,29.804456840000057
0.4792050853708804,0.0100618520777071,-0.5639278832920451,0.6055538024613443,18.34579302469893,2.935192618336431,64.89503711773511,31.728802100000053
0.2707464887044901,-0.1106334454643936,-0.302717198670492,0.3488493723849372,18.33977088928225,2.992261602896399,64.03543207444856,31.04861612000002
0.2612597415741709,0.0094720805458037,-0.3499313930815338,0.3398230088495575,18.178475316365564,3.0367836134203143,64.33165852586,28.44408487999999
0.487065685009974,-0.1358323848686222,-0.5454939052820889,0.379652605459057,19.11906776428225,2.8733089733618686,62.28048726827334,31.83134270000005
0.4107229417427341,0.0173671545828934,-0.4958771618657381,0.3301088270858525,18.17033729553225,3.0582498735863317,64.52942736293296,33.85822856000004
0.2435279880407185,-0.0383594214384782,-0.2895282933751096,0.0596507144477205,18.42692909240725,3.0261659658319164,63.215962152773066,30.641871740000056
0.7262950713227686,-0.2327945342442925,-0.6597961273959909,0.7836990595611285,18.54354693094893,2.984148439590686,62.90115217725584,28.12962704000006
0.3433653644014349,0.050409855711615,-0.3988800146883318,0.1514330850823741,18.77092323303225,2.9235547705381517,62.60771955682329,33.65998339999999
0.1291639162893614,0.0857809559653743,-0.2633363671824211,0.1667005076142132,18.079354222615564,3.078370231760757,65.82244784811813,33.81721232000001
0.4264531822967723,-0.0552484703935883,-0.452558414670216,0.4746149458071876,18.34579302469893,2.935192618336431,64.89503711773511,31.322057720000032
0.2737426518615284,0.0401338821517125,-0.3510344409515645,0.1623396934626212,18.57479693094893,2.94861928655015,63.63319549091134,32.71660988000002
0.4929339292185046,-0.1703289419696118,-0.5277113993309052,0.6988817891373802,18.23601112365725,2.988557521308597,65.39613749133562,32.74737206000003
0.1955363342061016,0.1452579452890446,-0.2748356480862035,0.13664,18.17033729553225,3.0582498735863317,64.52942736293296,32.795224340000004
0.1026195119380171,0.0547943658153641,-0.1675165856278819,0.0225496762670238,18.12785682678225,3.042692733145983,65.54639981076248,31.322057720000032
0.3754353789103662,-0.0434299732109622,-0.4087164277475698,0.2030312598673823,18.77092323303225,2.9235547705381517,62.60771955682329,32.76788018000002
0.3873711811695834,0.0954487173115724,-0.5012908600509745,0.3705035971223021,18.23601112365725,2.988557521308597,65.39613749133562,33.762523999999985
0.6113583043443086,-0.1552470806588816,-0.6206525571597762,0.44216787838731,18.079354222615564,3.078370231760757,65.82244784811813,30.665797880000014
0.6188719404043987,-0.1765581148670049,-0.6197748707027684,0.7357357357357357,19.11906776428225,2.8733089733618686,62.28048726827334,31.708293980000008
0.4181998625849301,-0.1530183951029148,-0.4214825442372071,0.3414546757434611,18.17033729553225,3.0582498735863317,64.52942736293296,31.663859720000005
0.2447673153269444,0.1125331735296635,-0.2496157671096646,-0.0038981884888786,18.33977088928225,2.992261602896399,64.03543207444856,29.93775962000001
0.284525152747323,-0.0246578134021668,-0.3306428492667328,0.1170886075949367,18.178475316365564,3.0367836134203143,64.33165852586,32.82256849999999
0.6646085078980265,-0.166768446485941,-0.6302363887281308,0.6133296612503443,18.54354693094893,2.984148439590686,62.90115217725584,29.322516020000023
0.141035928110113,0.1615145779987877,-0.3101226677662096,0.0900988180585157,18.42692909240725,3.0261659658319164,63.215962152773066,36.086777600000005
0.6693497233097836,-0.1100751967186886,-0.6355084110146791,0.698145752479517,19.11906776428225,2.8733089733618686,62.28048726827334,31.04861612000002
0.4168192970936863,-0.1212344969985369,-0.4323370656977658,0.3149939540507859,18.77092323303225,2.9235547705381517,62.60771955682329,30.922149380000008
0.2139352389346034,-0.0114955514757803,-0.2746525244256197,0.1460490463215258,18.77092323303225,2.9235547705381517,62.60771955682329,31.06570622000004
-0.0192178470635666,-0.2235112660944208,-0.0168594120105893,-0.396078431372549,18.42692909240725,3.0261659658319164,63.215962152773066,28.652584100000013
0.7560058968875231,-0.2639421316534774,-0.6879596826505662,0.7166736314249895,18.77092323303225,2.9235547705381517,62.60771955682329,27.46994918000001
0.762258864101735,-0.2213542801302119,-0.7004402232313078,0.8149748020158387,18.23601112365725,2.988557521308597,65.39613749133562,27.39133472000003
0.1271032907373408,0.1599976518083333,-0.2556516338942778,0.0885805763073639,18.23601112365725,2.988557521308597,65.39613749133562,32.66875760000005
0.4342343278027333,-0.0852210586979443,-0.4811934641924988,0.4430473372781065,18.34579302469893,2.935192618336431,64.89503711773511,30.76833848000001
0.723953362522753,-0.2306168746795524,-0.6624192339440402,0.7811435062476335,18.079354222615564,3.078370231760757,65.82244784811813,29.60621168
0.5811937763020734,-0.1368749783129185,-0.5830426253587545,0.5067567567567568,18.23601112365725,2.988557521308597,65.39613749133562,30.39919232
0.5969334510716866,-0.1324395867133464,-0.6249132121707167,0.7787584583701088,18.42692909240725,3.0261659658319164,63.215962152773066,32.415824120000025
0.6490042437707032,-0.1710566094777416,-0.6200807726993504,0.6997319034852547,18.42692909240725,3.0261659658319164,63.215962152773066,29.903579420000028
0.387744171633626,-0.0296623880918995,-0.430981159466027,0.3932315064390536,18.23601112365725,2.988557521308597,65.39613749133562,31.09646840000005
0.5776636239328873,-0.0672073117075316,-0.6122697162193806,0.6069207894025412,18.42692909240725,3.0261659658319164,63.215962152773066,31.40067218000001
0.1886763165043269,0.1037933203622161,-0.2271789427295127,0.1137761377613776,18.178475316365564,3.0367836134203143,64.33165852586,31.42118030000006
0.2413671249516868,-0.0396245173521999,-0.2601182635989125,0.4648268398268398,18.33977088928225,2.992261602896399,64.03543207444856,31.99540766000001
0.5748118542455036,-0.0826342404489784,-0.6045806377079483,0.5474993384493252,18.42692909240725,3.0261659658319164,63.215962152773066,31.23660722
0.4600271358215331,-0.017059606798778,-0.5087961205661122,0.5567981165391407,18.17033729553225,3.0582498735863317,64.52942736293296,29.38745840000001
0.2971970234623682,0.1271613168607537,-0.3998817052641158,0.4765473216763808,18.079354222615564,3.078370231760757,65.82244784811813,32.532036800000014
0.3489370263563811,-0.1174340978324274,-0.3771288704790921,0.2110992529348986,18.079354222615564,3.078370231760757,65.82244784811813,30.81960878000001
0.2882113525692274,-0.0248041398051515,-0.2752126913322661,0.1856010568031704,18.54354693094893,2.984148439590686,62.90115217725584,33.30450932000002
0.3610203243999211,-0.0011685443515697,-0.4082340450631119,0.1807168096920747,18.77092323303225,2.9235547705381517,62.60771955682329,32.80889642
0.3479093896921195,0.0187648863807051,-0.3832285971399836,0.2451596680915262,18.57479693094893,2.94861928655015,63.63319549091134,33.50617250000005
0.5214346807223471,-0.1363074526097117,-0.5835733827424983,0.4721586575133485,18.079354222615564,3.078370231760757,65.82244784811813,29.32935206000002
0.6562788611235718,-0.1276633969314792,-0.6636833502672614,0.6815856777493606,18.23601112365725,2.988557521308597,65.39613749133562,32.38847996000004
0.3245740400377527,0.0031527265477021,-0.3776445971429308,0.2558653049958598,18.178475316365564,3.0367836134203143,64.33165852586,31.469032580000032
0.5816651109681279,-0.0753666050523721,-0.6187799697635807,0.5463355542095699,18.42692909240725,3.0261659658319164,63.215962152773066,30.498314900000025
0.2048710601719197,-0.0005529675927478342,-0.2006072304660796,0.1294293174188735,18.54354693094893,2.984148439590686,62.90115217725584,29.496835040000008
0.3822296922176,-0.0052322430061614,-0.4390523923766993,0.2342121397915389,18.57479693094893,2.94861928655015,63.63319549091134,31.18533692000005
0.6897524157093685,-0.2421814264736518,-0.6688169400585693,0.6327202854790008,18.12785682678225,3.042692733145983,65.54639981076248,30.14284082000006
0.6458998597856077,-0.2218275100226307,-0.622489744961655,0.6944549226706903,18.77092323303225,2.9235547705381517,62.60771955682329,30.696560060000024
0.6763088864134535,-0.2299944630474332,-0.6424205723298783,0.7293926247288504,18.23601112365725,2.988557521308597,65.39613749133562,30.11891467999999
0.2064759392996589,0.0352506013774013,-0.3134996298705668,0.0439657716140454,18.54354693094893,2.984148439590686,62.90115217725584,33.18829664000003
0.6354729376916577,-0.1756684820441422,-0.6202443543608506,0.4565138939011187,18.33977088928225,2.992261602896399,64.03543207444856,31.414344260000007
0.2803626591176442,-0.0302195476687009,-0.3419134967172856,0.1871657754010695,18.33977088928225,2.992261602896399,64.03543207444856,30.87087908000001
0.3690146697633695,0.0733679547577672,-0.42350780815999,0.3710124826629681,18.54354693094893,2.984148439590686,62.90115217725584,34.39485769999999
0.6319649237778714,-0.092619482893706,-0.6564148044913927,0.3615307150050352,19.11906776428225,2.8733089733618686,62.28048726827334,31.98173558000002
0.6725192036369338,-0.0812399447674787,-0.669640062597809,0.6842105263157895,18.54354693094893,2.984148439590686,62.90115217725584,30.214619240000047
0.6423240827356824,-0.1807267328902925,-0.6044136063631749,0.7591916923940499,18.17033729553225,3.0582498735863317,64.52942736293296,30.97000165999998
0.6047580967612954,-0.1392602685287688,-0.5614908765513754,0.6581722319859402,18.42692909240725,3.0261659658319164,63.215962152773066,31.43485238000005
0.2651615429072129,0.0258949846410014,-0.4009062477421218,0.1042239440139965,18.17033729553225,3.0582498735863317,64.52942736293296,27.876693560000035
0.1794651078992673,0.0205713430801325,-0.2409486299205965,0.0052837123822651,18.12785682678225,3.042692733145983,65.54639981076248,30.177021019999984
0.1559458315700382,0.0734093978120046,-0.2361772308335002,0.1246024862677074,18.42692909240725,3.0261659658319164,63.215962152773066,30.96316562000004
0.4296209079290321,-0.0128621948437142,-0.4347031317854508,0.2994515539305302,18.178475316365564,3.0367836134203143,64.33165852586,29.435310680000043
0.4707989771779408,-0.0549126145034424,-0.5157121920974016,0.4753682072117826,18.77092323303225,2.9235547705381517,62.60771955682329,34.200030560000016
0.161839658689517,0.2403319155968067,-0.4021233951083482,0.0883841661258922,18.23601112365725,2.988557521308597,65.39613749133562,31.84501478000004
0.1582989217235873,0.0203256015790136,-0.242686553913082,0.0627029727704221,18.54354693094893,2.984148439590686,62.90115217725584,30.450462620000053
0.5643864003995498,-0.1262060897470296,-0.5701801640031126,0.3633235004916421,18.77092323303225,2.9235547705381517,62.60771955682329,32.251759160000006
0.2418934632538012,0.0267723256511407,-0.3233112188083252,0.410058623881518,18.23601112365725,2.988557521308597,65.39613749133562,31.585245260000026
0.7477343087470498,-0.2014131297452573,-0.6644869998443095,0.7463175122749591,18.079354222615564,3.078370231760757,65.82244784811813,28.710690440000008
0.1235822451106616,0.0473176690752195,-0.1935071595451104,0.0632215503023639,18.178475316365564,3.0367836134203143,64.33165852586,31.43827040000002
0.6917435328386158,-0.1805351385032334,-0.660082346536001,0.8302425106990015,18.42692909240725,3.0261659658319164,63.215962152773066,30.207783199999994
0.4041829965881562,0.0336068435754189,-0.4230442941977944,0.1176746366619784,18.77092323303225,2.9235547705381517,62.60771955682329,32.135546480000016
0.2478527375231752,0.071032710115841,-0.3481517817906815,0.4669306930693069,18.33977088928225,2.992261602896399,64.03543207444856,32.446586300000035
0.4045042298605288,-0.1084228649619944,-0.4632325939159346,0.3397021635290812,18.17033729553225,3.0582498735863317,64.52942736293296,30.35817608000002
0.3333789037467423,-0.0357754443721707,-0.3729961815270373,0.1564272211720226,18.33977088928225,2.992261602896399,64.03543207444856,31.22635316000003
0.2184304155878025,0.0485617658823957,-0.3229306770490975,0.241923365890308,18.42692909240725,3.0261659658319164,63.215962152773066,30.67946996000001
0.6965365990079336,-0.2082499082761151,-0.6834533424861612,0.7164680721051023,18.34579302469893,2.935192618336431,64.89503711773511,31.602335359999984
0.33347897960224,0.0021579440678336,-0.409225938524527,0.1348221670802316,18.77092323303225,2.9235547705381517,62.60771955682329,32.55596294000003
0.3188263271764979,-0.1009806994760646,-0.401084654325795,0.1677545691906005,18.77092323303225,2.9235547705381517,62.60771955682329,29.16186908000003
0.2750949257852951,-0.0551429632380245,-0.3289621614815214,0.2205060795267827,18.33977088928225,2.992261602896399,64.03543207444856,30.006120020000026
0.1770700807542419,0.117123542233785,-0.3361050727391574,0.1904484566103669,18.23601112365725,2.988557521308597,65.39613749133562,32.30644748000003
0.5605347423688852,-0.125119803251415,-0.5700646854470361,0.6721979621542941,18.23601112365725,2.988557521308597,65.39613749133562,30.385520240000005
0.1497412507674765,0.0113659504182095,-0.2543011884485101,0.1028500619578686,18.17033729553225,3.0582498735863317,64.52942736293296,31.76640032
0.2121342111643694,0.0934439949783791,-0.2603581852207387,0.0641901119912592,18.42692909240725,3.0261659658319164,63.215962152773066,30.67263392000001
0.5827697711135313,-0.0138611719531651,-0.6127250673158814,0.5063856960408685,18.42692909240725,3.0261659658319164,63.215962152773066,32.57647106000002
0.4671206430552144,0.1546638621470754,-0.4690491923125588,0.4969325153374233,18.178475316365564,3.0367836134203143,64.33165852586,31.780072399999995
0.0931541503463128,0.1160994007969096,-0.2431686683849716,0.0504214106165902,18.079354222615564,3.078370231760757,65.82244784811813,31.65702368000001
0.3159744237279028,-0.0459433374046584,-0.402694096355181,0.4890426758938869,18.54354693094893,2.984148439590686,62.90115217725584,30.730740260000005
0.5648136133612621,-0.0742604811565063,-0.5868155416455196,0.5426443202979516,18.77092323303225,2.9235547705381517,62.60771955682329,32.50469264000003
0.5414418730601788,0.0262709466883343,-0.5846503062229645,0.4691358024691358,19.11906776428225,2.8733089733618686,62.28048726827334,33.48566438
0.3140997574108041,0.0423098815047345,-0.4393498506185881,0.43646408839779,18.77092323303225,2.9235547705381517,62.60771955682329,32.86700275999999
0.1693496806507698,0.0928620347463905,-0.2379217608575405,0.1482678983833718,18.12785682678225,3.042692733145983,65.54639981076248,30.98709176
0.1174602522070688,0.1390927733833741,-0.2317888297269739,0.062478184991274,18.54354693094893,2.984148439590686,62.90115217725584,29.339606119999985
0.3960716080307792,-0.136844162427248,-0.4290825061225116,0.1887509500886749,18.33977088928225,2.992261602896399,64.03543207444856,30.317159840000045
0.3546909938626956,-0.0519136281355055,-0.4150453472481053,0.4073732718894009,18.23601112365725,2.988557521308597,65.39613749133562,34.039383620000024
0.5315357838220544,-0.0227536888556175,-0.5702619321275181,0.4605057758351545,18.54354693094893,2.984148439590686,62.90115217725584,32.22783302000005
0.3177714408088277,-0.0275534149535502,-0.3464856211634362,0.1299668874172185,18.33977088928225,2.992261602896399,64.03543207444856,29.99928398000003
0.5850538117467822,-0.115609598504272,-0.5977554636739517,0.463092177745134,18.079354222615564,3.078370231760757,65.82244784811813,31.46561456000001
0.1378420375199237,-0.0014204045218167,-0.193803439734673,-0.0152219195641724,18.12785682678225,3.042692733145983,65.54639981076248,32.14238252000001
0.4785563875541678,-0.0517859621524082,-0.5476222895462437,0.4715346534653465,18.12785682678225,3.042692733145983,65.54639981076248,31.31180366000001
0.6463430504945341,-0.1403952913602319,-0.577647755734076,0.1987381703470031,18.77092323303225,2.9235547705381517,62.60771955682329,31.00076383999999
0.7073578939426158,-0.2564053382866603,-0.6762449914138523,0.6373699357980961,18.17033729553225,3.0582498735863317,64.52942736293296,31.380164060000027
0.7355964067502017,-0.2514498730761607,-0.689773364990287,0.7313753581661891,18.77092323303225,2.9235547705381517,62.60771955682329,29.257573640000032
0.6358443645682887,-0.1092701821046973,-0.6213190976407784,0.6447911886186324,18.079354222615564,3.078370231760757,65.82244784811813,29.70533426000003
0.5389709555412829,-0.1367187088204597,-0.520353058951257,0.6937119675456389,18.17033729553225,3.0582498735863317,64.52942736293296,31.11355850000001
0.6652390902654257,-0.1393984509313908,-0.643078653217012,0.7748493975903614,18.57479693094893,2.94861928655015,63.63319549091134,29.45923682
0.2664099033647837,-0.1463179296323099,-0.3010997320747584,0.1074687394389996,18.12785682678225,3.042692733145983,65.54639981076248,32.333791640000015
0.2631276856491321,0.0911627647403522,-0.3205910019786565,0.1580601706331387,18.23601112365725,2.988557521308597,65.39613749133562,32.873838800000044
0.2792612805769419,0.0946460901801879,-0.2962844093321813,0.2990384615384615,18.178475316365564,3.0367836134203143,64.33165852586,29.924087540000016
0.2173002429923645,0.0561069635072175,-0.2549130585164921,0.3861201676758267,18.34579302469893,2.935192618336431,64.89503711773511,31.161410779999983
0.6569763759579454,-0.1038286279142658,-0.6619385986405671,0.7234530175706646,18.42692909240725,3.0261659658319164,63.215962152773066,31.19559098000002
0.4138930465552893,-0.1108905641395155,-0.4531695995874052,0.3714964370546318,18.17033729553225,3.0582498735863317,64.52942736293296,29.438728700000013
0.6168496603580125,-0.0640171387122349,-0.6284821728242066,0.6392235609103079,18.54354693094893,2.984148439590686,62.90115217725584,30.58718342000003
0.6351399802802594,-0.1603447544737511,-0.625523509668221,0.6254180602006689,18.23601112365725,2.988557521308597,65.39613749133562,30.18043904000001
0.526865968118389,-0.1238371986768281,-0.5032574285260287,0.2098107171420954,18.178475316365564,3.0367836134203143,64.33165852586,29.353278199999977
0.2329635278468407,0.0926283743266722,-0.208703429347789,0.1561695153359868,18.54354693094893,2.984148439590686,62.90115217725584,32.06376806000003
0.6783142460524034,-0.2137949425864341,-0.6231291232707172,0.7505628095452499,18.33977088928225,2.992261602896399,64.03543207444856,30.091570520000005
0.49559879545981,0.0973204650410908,-0.4640070859167405,0.406441717791411,18.42692909240725,3.0261659658319164,63.215962152773066,31.42801634
0.1137563287730259,0.0710952634977678,-0.1735527809307604,0.0478990143524122,18.33977088928225,2.992261602896399,64.03543207444856,32.26201322000003
0.7601583264814425,-0.2996689092359498,-0.6974966575999263,0.7944486121530383,18.77092323303225,2.9235547705381517,62.60771955682329,27.387916700000005
0.5765360553739532,-0.1410657145328077,-0.5931381850171631,0.6635220125786163,18.77092323303225,2.9235547705381517,62.60771955682329,29.56861346000005
0.1830374533919526,-0.4110852970461338,0.0506006877763385,0.2427184466019417,18.33977088928225,2.992261602896399,64.03543207444856,25.767775220000036
0.4613052921048108,0.0798677724978601,-0.5436861955418376,0.5113493064312736,18.42692909240725,3.0261659658319164,63.215962152773066,32.94561722000003
0.6922826573369676,-0.2697996001159968,-0.6300955180014695,0.7487019730010385,18.079354222615564,3.078370231760757,65.82244784811813,29.98561189999998
0.354694512173575,-0.0845681064297788,-0.4201070548795168,0.3440514469453376,18.33977088928225,2.992261602896399,64.03543207444856,29.954849720000027
0.2259813431844154,0.001428695125119,-0.2549649055987812,0.1369102682701202,18.12785682678225,3.042692733145983,65.54639981076248,30.02662814000001
0.2927359131025119,0.1535384068278804,-0.3470571590265989,0.5659824046920822,18.12785682678225,3.042692733145983,65.54639981076248,32.16972668000005
0.2768936303255375,-0.0169689166373122,-0.3015678074791489,0.225090202608937,18.77092323303225,2.9235547705381517,62.60771955682329,32.48760254000001
0.6396825730061093,-0.1581366726721384,-0.6146991937151126,0.3073808782310807,18.17033729553225,3.0582498735863317,64.52942736293296,28.66967420000003
0.4714037580925312,-0.0581455427049798,-0.5074048610830266,0.4905164867230814,18.57479693094893,2.94861928655015,63.63319549091134,32.68584770000001
0.3453971011020603,0.0379257546068763,-0.4121520738051454,0.2769904663746457,18.77092323303225,2.9235547705381517,62.60771955682329,32.61748729999999
0.5858986311634675,-0.0781934933535531,-0.5804454478357141,0.4667975139025188,18.77092323303225,2.9235547705381517,62.60771955682329,30.911895319999985
0.4221938232161874,-0.0516876584886937,-0.4916228573130595,0.6125202374527793,18.17033729553225,3.0582498735863317,64.52942736293296,34.50081632000001
0.4780413435845313,-0.2295041728031417,-0.3036160953110766,0.608656981915209,18.57479693094893,2.94861928655015,63.63319549091134,30.002702
0.1871173953085214,0.0314410737701295,-0.27649783007602,0.1206120612061206,18.33977088928225,2.992261602896399,64.03543207444856,30.511986980000017
0.1323768347423787,0.0398131932282545,-0.1805349538255418,0.0450097847358121,18.33977088928225,2.992261602896399,64.03543207444856,32.38164391999999
0.579148069506435,-0.1829667333212143,-0.5601106230681633,0.2923416789396171,18.33977088928225,2.992261602896399,64.03543207444856,29.73951446000001
-0.1171298546370346,-0.4810257930625555,0.3613934164269737,0.0241935483870967,18.12785682678225,3.042692733145983,65.54639981076248,25.76093918000004
0.6246556647880918,-0.1181794462965648,-0.6197026958931721,0.5914473684210526,19.11906776428225,2.8733089733618686,62.28048726827334,30.85037096000002
0.5068450633902124,-0.1083660474557429,-0.532898620358295,0.5633408071748879,18.12785682678225,3.042692733145983,65.54639981076248,31.858686860000034
0.1682822910411483,0.0885850045731366,-0.2215633315726003,0.2889273356401384,18.33977088928225,2.992261602896399,64.03543207444856,31.175082860000032
0.317516731273273,-0.049422002418739,-0.3763324620087723,0.2071931196247068,18.33977088928225,2.992261602896399,64.03543207444856,29.99928398000003
0.8256505264920766,-0.4294237443708228,-0.7495085058578077,0.7911915940084954,18.12785682678225,3.042692733145983,65.54639981076248,30.12575072000004
0.6193641636899645,-0.1494440929223536,-0.6325134156674456,0.7363295880149813,18.57479693094893,2.94861928655015,63.63319549091134,32.66875760000005
0.3780678417026936,0.0396417066444181,-0.4691638155678857,0.4511756569847856,18.77092323303225,2.9235547705381517,62.60771955682329,31.80399854000001
0.6387772371482972,-0.2198060025824331,-0.5508974243470774,0.765905383360522,18.178475316365564,3.0367836134203143,64.33165852586,30.91873136000004
0.4779192368650153,0.0725272467476676,-0.5315726568223003,0.4212164073550212,18.23601112365725,2.988557521308597,65.39613749133562,32.29619342000001
0.5127812237561329,0.0140483963894757,-0.5622808018562898,0.3817793213999466,18.54354693094893,2.984148439590686,62.90115217725584,33.35919764000005
0.2882042556639221,0.122317100519243,-0.386604456460123,0.2034082668600435,18.178475316365564,3.0367836134203143,64.33165852586,30.95974760000001
0.5044865403788633,-0.093114145007799,-0.5419911493485624,0.4721634954193093,18.42692909240725,3.0261659658319164,63.215962152773066,30.23512735999998
0.7161737134895348,-0.1872678819493663,-0.6524844383502185,0.6387249114521841,18.57479693094893,2.94861928655015,63.63319549091134,28.13646308
0.6033729610174178,-0.0664844056492742,-0.6231178281556117,0.6416605972323379,18.42692909240725,3.0261659658319164,63.215962152773066,31.35965594000004
0.6506691720673391,-0.0827306913508822,-0.6266533141863805,0.6507503410641201,19.11906776428225,2.8733089733618686,62.28048726827334,29.531015239999988
0.6809025752478967,-0.2387530619935933,-0.6753071967253587,0.4003766478342749,18.17033729553225,3.0582498735863317,64.52942736293296,28.286855960000025
0.146361265796185,0.103970375237043,-0.1784297553120457,0.1188601424821897,18.178475316365564,3.0367836134203143,64.33165852586,31.61942546
0.4197786945290511,-0.1326246893531163,-0.4744310446996268,0.5152703838610255,18.079354222615564,3.078370231760757,65.82244784811813,34.88021653999999
0.4079147362059809,-0.0802964836477324,-0.4492229102458979,0.2690014903129657,18.17033729553225,3.0582498735863317,64.52942736293296,27.81516920000001
0.6416329967838169,-0.1123089436816354,-0.6191351370456113,0.6996491228070175,18.12785682678225,3.042692733145983,65.54639981076248,30.136004780000007
0.2434216977740007,0.0771246269924063,-0.3024275002567878,0.1158097068716963,18.12785682678225,3.042692733145983,65.54639981076248,31.42459832000003
0.5832997717814473,-0.1184750653678891,-0.5713660328517862,0.512532981530343,18.23601112365725,2.988557521308597,65.39613749133562,30.58376540000006
0.219959056225315,0.0928576920119934,-0.2946094512897598,0.3293943870014771,18.33977088928225,2.992261602896399,64.03543207444856,32.877256820000014
0.2288802293948975,-0.038762484229629,-0.3326741988725613,0.1789371038517796,18.12785682678225,3.042692733145983,65.54639981076248,30.19752914000003
0.8158081107125028,-0.3287145788112158,-0.7312390345415402,0.7864429834504647,18.12785682678225,3.042692733145983,65.54639981076248,33.82746638000003
0.1217858373265683,0.0724939793355257,-0.252174065042782,0.0499848530748258,18.12785682678225,3.042692733145983,65.54639981076248,34.189776499999994
0.6221452999449071,-0.1342389684772101,-0.5887197760244338,0.4825396825396825,18.54354693094893,2.984148439590686,62.90115217725584,30.573511339999985
0.5167548877315803,-0.1240588421385637,-0.5389762969540125,0.3614709569577936,18.17033729553225,3.0582498735863317,64.52942736293296,27.914291779999985
0.5322357174988754,-0.0089934237810296,-0.5698326082147332,0.503439240091713,18.42692909240725,3.0261659658319164,63.215962152773066,31.069124240000008
0.500304160921405,-0.1367183899216469,-0.4933093830100712,0.6023622047244095,18.079354222615564,3.078370231760757,65.82244784811813,31.74589220000001
0.5487196851060229,-0.0711638554357944,-0.5856307145642847,0.518082788671024,18.57479693094893,2.94861928655015,63.63319549091134,31.024689980000005
0.4772549726578931,-0.0433601604320629,-0.5522878138492262,0.5779883381924198,18.17033729553225,3.0582498735863317,64.52942736293296,29.69166217999998
0.3723432651563177,-0.0794627684353491,-0.425309064446543,0.4566273421235253,18.178475316365564,3.0367836134203143,64.33165852586,31.09988642000002
0.3880283674889712,-0.0350545354727195,-0.4542759173441163,0.2773658962058439,18.57479693094893,2.94861928655015,63.63319549091134,32.69951978000006
0.5945586858713048,-0.1692794827509853,-0.5762342546713628,0.4916864608076009,18.178475316365564,3.0367836134203143,64.33165852586,30.52224104000004
0.2567909411839315,-0.0273069191735927,-0.2813218390804597,0.0972881355932203,18.178475316365564,3.0367836134203143,64.33165852586,28.310782099999983
0.1790045575095914,-0.0148102591379797,-0.2377245266188216,0.0916256157635468,18.12785682678225,3.042692733145983,65.54639981076248,31.65702368000001
0.5302197274688139,-0.1083090730404791,-0.5634625319617833,0.5892203035060178,18.079354222615564,3.078370231760757,65.82244784811813,31.99540766000001
0.5091200760501456,0.0508989680705972,-0.5602764269260302,0.4130871136089923,18.42692909240725,3.0261659658319164,63.215962152773066,30.713650160000043
0.8193276185373695,-0.4120747459521273,-0.7706732367376471,0.8337218337218337,18.23601112365725,2.988557521308597,65.39613749133562,24.568050200000016
0.5988376437378057,-0.0419604257184133,-0.6011773607496529,0.5416666666666666,18.77092323303225,2.9235547705381517,62.60771955682329,33.79328618
0.3091365966428788,-0.019195104583193,-0.3337634276468721,0.3311561071195297,18.33977088928225,2.992261602896399,64.03543207444856,32.06376806000003
0.6658632626139394,-0.2304863217430803,-0.6772086799348905,0.8051704758336455,18.079354222615564,3.078370231760757,65.82244784811813,29.271245720000024
0.7105378821175793,-0.2108984400145913,-0.6647442326980944,0.7329234972677595,18.54354693094893,2.984148439590686,62.90115217725584,29.271245720000024
0.1946680463198259,-0.0466325387937928,-0.2848901436111452,0.2318050657261943,18.178475316365564,3.0367836134203143,64.33165852586,29.448982760000035
0.6012606557688289,-0.0693885313975971,-0.6067975499861876,0.4849122807017544,18.079354222615564,3.078370231760757,65.82244784811813,30.97000165999998
0.7747952192612765,-0.2846192353419685,-0.7221831908981283,0.7304157549234136,18.57479693094893,2.94861928655015,63.63319549091134,27.008516480000026
0.1307775880800869,0.0741566751173887,-0.2104436820375647,0.0737599588794654,18.33977088928225,2.992261602896399,64.03543207444856,30.8401169
0.395337124994573,-0.0666640115233219,-0.4604827861998763,0.294959737548464,18.23601112365725,2.988557521308597,65.39613749133562,31.328893760000028
0.6334892437938751,-0.1779495633836456,-0.6502060635736728,0.6804817569961035,18.079354222615564,3.078370231760757,65.82244784811813,30.76833848000001
0.1008513425016372,-0.2317274226048727,0.1195495613460786,0.055045871559633,18.12785682678225,3.042692733145983,65.54639981076248,26.075397020000025
0.3165765685926975,0.0168341812466394,-0.3177005377238204,0.2627879734478719,18.54354693094893,2.984148439590686,62.90115217725584,29.883071299999983
0.3144433299899699,0.0075342046207561,-0.415496537264121,0.1239203905369883,18.12785682678225,3.042692733145983,65.54639981076248,32.76788018000002
0.4652565516322648,-0.0268719885064028,-0.5207195581875859,0.5061066428358654,18.23601112365725,2.988557521308597,65.39613749133562,31.913375180000003
0.6723816623183003,-0.1205851811932334,-0.6063498045126949,0.6827195467422096,18.77092323303225,2.9235547705381517,62.60771955682329,28.139881100000025
0.1863079855962719,0.000392663615789397,-0.2430771962533848,0.1347813150847961,18.12785682678225,3.042692733145983,65.54639981076248,29.34644216000004
0.295478525172544,0.0482651704250493,-0.2687301512063325,0.0814940577249575,18.33977088928225,2.992261602896399,64.03543207444856,32.501274620000004
0.7132313014098103,-0.1795812678279653,-0.6523678825320777,0.7542997542997543,18.77092323303225,2.9235547705381517,62.60771955682329,28.013414360000013
0.3605140798720462,-0.045839317578448,-0.4227606776249085,0.5272007912957468,18.17033729553225,3.0582498735863317,64.52942736293296,29.81812892000005
0.3274751627269613,-0.0416187845675154,-0.3777054834093313,0.2624741659285503,18.12785682678225,3.042692733145983,65.54639981076248,32.72344592000002
0.5105226724803271,0.0249709818906454,-0.5557285563267749,0.4917929292929293,18.23601112365725,2.988557521308597,65.39613749133562,33.413885960000016
0.1824066489521108,0.0700857118166034,-0.259494142308388,0.1401295601772928,18.178475316365564,3.0367836134203143,64.33165852586,31.05203414000005
0.6929487397530528,-0.2250644579684817,-0.6554740640955279,0.7738609910209511,18.57479693094893,2.94861928655015,63.63319549091134,30.62136362000001
0.6562374154523865,-0.0936629998860349,-0.6699758029765653,0.409706546275395,19.11906776428225,2.8733089733618686,62.28048726827334,32.610651260000054
0.367873521031154,0.0997168757630068,-0.4486211767852815,0.3082171462474043,18.33977088928225,2.992261602896399,64.03543207444856,34.00862144000001
0.4084122439991192,-0.0396982800663264,-0.4360087417297849,0.5881495871782418,18.23601112365725,2.988557521308597,65.39613749133562,30.03346418000001
0.1663053400273847,0.1628034596861382,-0.3010246292878508,0.1490719257540603,18.54354693094893,2.984148439590686,62.90115217725584,34.92806882000002
0.667965766951942,-0.2020761771013227,-0.6085581867817917,0.5446182152713891,18.12785682678225,3.042692733145983,65.54639981076248,32.58330710000001
0.4067253734657796,-0.1428075799523998,-0.4030344075579068,0.4637203166226913,18.17033729553225,3.0582498735863317,64.52942736293296,29.305425920000005
0.1945323152440687,-0.0235837758577377,-0.253372820006581,0.2857142857142857,18.33977088928225,2.992261602896399,64.03543207444856,31.735638139999992
0.5395941970851716,-0.0526033126317654,-0.5579251792720876,0.4925589836660617,18.77092323303225,2.9235547705381517,62.60771955682329,32.463676400000054
0.2698399264919237,-0.0027830952028604,-0.342129138607409,0.4466124661246612,18.17033729553225,3.0582498735863317,64.52942736293296,32.60723324000003
0.0816950633464394,0.1011118114206479,-0.157234664070107,0.0368455074337427,18.17033729553225,3.0582498735863317,64.52942736293296,34.917814760000056
0.5666447368421054,-0.1262230052083026,-0.564945946834029,0.4973607038123167,18.42692909240725,3.0261659658319164,63.215962152773066,31.02127196000004
0.5912591672988942,-0.0965447315473455,-0.6026071453379334,0.6317916479568927,18.42692909240725,3.0261659658319164,63.215962152773066,30.074480419999983
0.4728626792634792,-0.0473577932716119,-0.4907270163768481,0.454320987654321,18.17033729553225,3.0582498735863317,64.52942736293296,31.499794759999983
0.7006526616357334,-0.2678643382269088,-0.6609663057876756,0.7080948487326247,18.17033729553225,3.0582498735863317,64.52942736293296,28.782468859999994
0.5182031311238269,-0.117531353758517,-0.5598980832027645,0.5303666386789813,18.178475316365564,3.0367836134203143,64.33165852586,29.667736040000023
0.7046864443216018,-0.2261361293552851,-0.6697148357598364,0.6750871080139372,18.12785682678225,3.042692733145983,65.54639981076248,30.75466640000002
0.2841646397321288,0.116642909293189,-0.4776281068035273,0.1594320486815416,18.34579302469893,2.935192618336431,64.89503711773511,30.75466640000002
0.3831773017058181,0.0580308904849678,-0.4455065200102038,0.4737559645535105,19.11906776428225,2.8733089733618686,62.28048726827334,33.03106772000001
0.5467474707981038,0.0066177355312237,-0.5928464177564526,0.5226415094339623,18.54354693094893,2.984148439590686,62.90115217725584,34.20686660000001
0.6940485138366927,-0.2480128866628073,-0.6930304975484505,0.7330837122225193,18.17033729553225,3.0582498735863317,64.52942736293296,28.218495560000008
0.3232908292941369,-0.0094925992681194,-0.4038920199917966,0.2618090452261306,18.23601112365725,2.988557521308597,65.39613749133562,32.37822590000002
0.5350349370622228,-0.0275104966017785,-0.5514476921224217,0.5898648648648649,18.17033729553225,3.0582498735863317,64.52942736293296,30.136004780000007
0.3224855981155104,-0.0152305470344597,-0.4243132132660152,0.3867924528301887,18.42692909240725,3.0261659658319164,63.215962152773066,30.498314900000025
0.4589816124469589,0.080007670318987,-0.5459320928908107,0.6057326703714536,18.42692909240725,3.0261659658319164,63.215962152773066,32.41924214000005
0.1687187092536007,0.0756004818025082,-0.2529477671664088,0.0470748299319727,18.33977088928225,2.992261602896399,64.03543207444856,31.175082860000032
0.3151784503187609,-0.0034823265837888,-0.3409534656687277,0.3884626314293833,18.12785682678225,3.042692733145983,65.54639981076248,30.97000165999998
0.4282387565003715,0.0563298517536116,-0.4914032954655649,0.4201082312731415,18.42692909240725,3.0261659658319164,63.215962152773066,33.03106772000001
0.1612384957156457,-0.0208102665143893,-0.2218894466069063,0.0475125768585802,18.33977088928225,2.992261602896399,64.03543207444856,32.34404570000004
0.642492893567786,-0.1295617749049579,-0.6197150363071635,0.4275397207510833,18.178475316365564,3.0367836134203143,64.33165852586,30.68972402000003
0.2183327318657524,0.0666637565386938,-0.2647061723039917,0.1453096259963212,18.178475316365564,3.0367836134203143,64.33165852586,30.90505928000005
0.3227803241506402,-0.0678944999275203,-0.3866378712527988,0.5208020050125314,18.178475316365564,3.0367836134203143,64.33165852586,30.101824580000027
0.585117322613817,-0.0523637221253328,-0.5971064455056656,0.5579617834394904,18.42692909240725,3.0261659658319164,63.215962152773066,31.643351600000017
0.3207085959539256,-0.0448318314435568,-0.3652069163079726,0.3172972972972973,18.34579302469893,2.935192618336431,64.89503711773511,31.09646840000005
0.616739178760837,-0.1486670953621913,-0.6201349330108521,0.5462138084632516,18.42692909240725,3.0261659658319164,63.215962152773066,33.19171466
0.756924605639051,-0.3106020245071923,-0.7097658817396822,0.7681438664097624,18.23601112365725,2.988557521308597,65.39613749133562,26.31124040000003
0.6189459579155357,-0.1563093094554479,-0.5874178821957465,0.7500998003992015,18.34579302469893,2.935192618336431,64.89503711773511,30.68630600000006
0.462215359707377,0.0429561019643243,-0.5438063357153597,0.3806133625410733,18.079354222615564,3.078370231760757,65.82244784811813,33.21222278000005
0.2566935571131444,0.0387434362384013,-0.33508742799484,0.2239370078740157,18.33977088928225,2.992261602896399,64.03543207444856,29.462654840000027
0.5033336377751393,-0.0840358271865121,-0.527670971334624,0.5485817742908872,18.178475316365564,3.0367836134203143,64.33165852586,29.24390156000004
0.2712503083453128,-0.0507325852808009,-0.3136558610505591,0.1541656486684583,18.54354693094893,2.984148439590686,62.90115217725584,32.65850354000003
0.7045484025604151,-0.2328759300352434,-0.6729971936078468,0.728187230548142,19.11906776428225,2.8733089733618686,62.28048726827334,33.841138460000025
0.2359939573513488,0.0962162982207452,-0.3012340959973789,0.1761786600496278,18.77092323303225,2.9235547705381517,62.60771955682329,35.92613066000001
0.3559381440408261,0.1038601237908157,-0.4839848095439026,0.415979528006824,18.77092323303225,2.9235547705381517,62.60771955682329,36.24400652000003
0.4922280914444059,-0.0322884998427508,-0.5063978582745998,0.5825991189427313,19.11906776428225,2.8733089733618686,62.28048726827334,31.89286706000001
0.1258052714460686,0.0076090411112565,-0.2029846856391747,0.1274891279468986,18.23601112365725,2.988557521308597,65.39613749133562,31.762982300000036
0.2707526698719312,-0.0060210019284048,-0.3087288024188248,0.251258226867983,18.33977088928225,2.992261602896399,64.03543207444856,30.08473448000001
0.5803366271633446,-0.1393109526218727,-0.5852711417930785,0.591745177209511,18.12785682678225,3.042692733145983,65.54639981076248,30.42311846000001
0.2488206635217693,0.0783214188890316,-0.3715195696793827,0.3464877663772691,18.77092323303225,2.9235547705381517,62.60771955682329,33.55744279999999
0.5467257125245348,0.0034489606086892,-0.6047088918620992,0.5285815102328864,18.77092323303225,2.9235547705381517,62.60771955682329,33.44806616000005
0.487709660778272,-0.0663422092750175,-0.5189255363065667,0.5835404584368958,18.079354222615564,3.078370231760757,65.82244784811813,31.31522168000004
0.5803895377172875,-0.1009783456150499,-0.5955969455632302,0.7721993255901086,18.42692909240725,3.0261659658319164,63.215962152773066,29.842055060000007
0.1605450914497354,0.0768961632390296,-0.1970345903959928,0.1646903820816864,18.54354693094893,2.984148439590686,62.90115217725584,31.923629240000025
0.7111610991903228,-0.3236884070326055,-0.6855595713975555,0.8101512933138116,18.23601112365725,2.988557521308597,65.39613749133562,31.007599880000043
0.576174690699398,-0.0581635052301769,-0.5944598703128476,0.5972439711869715,18.079354222615564,3.078370231760757,65.82244784811813,31.75614626000004
0.6521657102429056,-0.1448897992090383,-0.6273984482678521,0.6759104577347144,18.17033729553225,3.0582498735863317,64.52942736293296,30.535913120000032
0.3425781743192626,0.0438496583143507,-0.4058155163676157,0.3176679228552427,18.17033729553225,3.0582498735863317,64.52942736293296,31.004181860000017
0.3446908471800176,0.0588989441930618,-0.4355558623228418,0.1802160318362706,18.23601112365725,2.988557521308597,65.39613749133562,32.11162034000006
0.8020908252148582,-0.3882773017534237,-0.754149252886975,0.8413985305295161,18.23601112365725,2.988557521308597,65.39613749133562,24.752623280000023
0.330285282908595,-0.0657204867461653,-0.3582088624511286,0.331544824502571,18.33977088928225,2.992261602896399,64.03543207444856,31.09646840000005
0.6678645394192911,-0.169090940388687,-0.65919917914641,0.6694587628865979,18.77092323303225,2.9235547705381517,62.60771955682329,29.57203148000002
0.3516833718838347,0.0179716747733701,-0.2219653582091287,0.3479824210946863,18.33977088928225,2.992261602896399,64.03543207444856,28.60131380000001
0.519723322916586,-0.0681673252486714,-0.543554281393737,0.4154761904761905,18.23601112365725,2.988557521308597,65.39613749133562,33.266911100000016
0.2992185151788397,-0.1084221492106739,-0.3443613991777545,0.2515417072379097,18.12785682678225,3.042692733145983,65.54639981076248,29.04223838000001
0.6430968979381063,-0.0880601845349682,-0.620738584682554,0.6424532405393649,19.11906776428225,2.8733089733618686,62.28048726827334,30.218037260000017
0.2967943838281316,0.0195206957745126,-0.3518196045583795,0.2259003273917788,18.54354693094893,2.984148439590686,62.90115217725584,31.041780080000024
0.1542941128718708,0.1192058161901346,-0.3116764577365634,0.1345826235093696,18.17033729553225,3.0582498735863317,64.52942736293296,29.48999900000001
0.487658960867631,0.0087696883592097,-0.5138421672923675,0.4106743368488335,18.57479693094893,2.94861928655015,63.63319549091134,32.48760254000001
0.5235056293852094,-0.1150151265856376,-0.5732352307937131,0.5745775165319618,18.12785682678225,3.042692733145983,65.54639981076248,30.82302679999998
0.2479189416587601,-0.0004736139615655847,-0.303356081144246,0.2247228753778972,18.54354693094893,2.984148439590686,62.90115217725584,29.47974494000005
0.4832539407905878,0.006832769687349,-0.5393549471625163,0.4503597122302158,18.079354222615564,3.078370231760757,65.82244784811813,31.216099100000008
0.3324329574572398,-0.0500379075056861,-0.407176561385684,0.150454392460451,18.33977088928225,2.992261602896399,64.03543207444856,30.922149380000008
0.5046017683097892,-0.1075730121509272,-0.5332970590133999,0.5987772258311043,18.33977088928225,2.992261602896399,64.03543207444856,32.23466905999999
0.6147626608724721,-0.0927715527906402,-0.6147626608724721,0.5153184165232358,19.11906776428225,2.8733089733618686,62.28048726827334,31.85185081999998
0.347334251426323,0.0265794897306516,-0.4197565598531066,0.2802298250195874,18.54354693094893,2.984148439590686,62.90115217725584,32.95587128
0.3594518979510809,-0.0596965509299245,-0.3803416399467477,0.2740788623141564,18.33977088928225,2.992261602896399,64.03543207444856,29.15161502000001
0.7479665979828652,-0.2037341299477222,-0.7061639931601662,0.7193650793650793,18.77092323303225,2.9235547705381517,62.60771955682329,31.34256584000002
0.7000633997165661,-0.2044679895368192,-0.678884806968115,0.6904962153069807,18.23601112365725,2.988557521308597,65.39613749133562,31.14432068000002
0.2101249711984727,0.0002991162474506607,-0.2757156902434792,0.0763195435092724,18.42692909240725,3.0261659658319164,63.215962152773066,30.631617679999977
0.2971475347900007,0.0528784016429034,-0.3680031875802428,0.2584652862362972,18.42692909240725,3.0261659658319164,63.215962152773066,31.014435919999983
0.7078422872581734,-0.2216308988115841,-0.6447344148972319,0.7744360902255639,18.17033729553225,3.0582498735863317,64.52942736293296,27.948471980000026
0.5241049745397572,-0.0627946486613459,-0.5764048130292104,0.5418390073178492,18.079354222615564,3.078370231760757,65.82244784811813,32.08769419999999
0.3763624301014123,0.0340240130375494,-0.4784208497858446,0.267152550892184,18.54354693094893,2.984148439590686,62.90115217725584,31.492958720000047
0.4097584903482703,-0.0206232407054412,-0.4634058676411123,0.412971033068444,18.079354222615564,3.078370231760757,65.82244784811813,31.65702368000001
0.6970218873340509,-0.1847546999661828,-0.6494960415722107,0.6594765602530918,18.77092323303225,2.9235547705381517,62.60771955682329,29.876235260000044
0.6738921474390412,-0.2081525163354736,-0.6292435177759956,0.6753698868581375,19.11906776428225,2.8733089733618686,62.28048726827334,28.43724884000005
0.7466484117284915,-0.2222293665286386,-0.7067971626111161,0.7174066243833686,18.17033729553225,3.0582498735863317,64.52942736293296,28.632075980000025
0.4844773611142093,-0.0060422808476326,-0.5079121692562184,0.2315054835493519,18.77092323303225,2.9235547705381517,62.60771955682329,35.351903300000004
0.6390755147874045,-0.2728771276556602,-0.6115267438718754,0.5015174506828528,18.34579302469893,2.935192618336431,64.89503711773511,31.63651556000002
0.7845593896549311,-0.2783954873080539,-0.7212779962531015,0.8116203536629376,18.77092323303225,2.9235547705381517,62.60771955682329,28.36205240000004
0.6057601119612557,-0.0648820936168134,-0.6213603064222231,0.6001435750179469,18.42692909240725,3.0261659658319164,63.215962152773066,30.9426575
-0.1085969589969015,-0.0255347371911786,0.2695600826690291,-0.1469740634005763,18.42692909240725,3.0261659658319164,63.215962152773066,24.222830180000017
0.5406513341954678,0.0157989654539366,-0.567022008253095,0.5550862372404083,18.54354693094893,2.984148439590686,62.90115217725584,32.4124061
0.0688868291168126,-0.0857448730387073,-0.1480942417902301,0.1266735324407827,18.178475316365564,3.0367836134203143,64.33165852586,30.829862840000036
0.4524455755740437,-0.0436040623824542,-0.4460401080881705,0.2242314647377938,18.77092323303225,2.9235547705381517,62.60771955682329,32.95587128
0.1783024661430556,-0.0387070119953271,-0.2291029239470334,0.0760998810939357,18.33977088928225,2.992261602896399,64.03543207444856,30.85378897999999
0.1573208642173267,0.1994919589989446,-0.3819670916098428,0.2377073028804189,18.17033729553225,3.0582498735863317,64.52942736293296,31.045198099999997
0.2682461785130053,-0.0013172075200573,-0.3151048102630928,0.1209580838323353,18.12785682678225,3.042692733145983,65.54639981076248,31.072542259999977
0.5436642435999434,-0.0405671466353218,-0.5330050327398668,0.5225748770675012,18.17033729553225,3.0582498735863317,64.52942736293296,27.514383440000017
0.6877659423913351,-0.188995899051531,-0.6485853838355913,0.5965848452508005,19.11906776428225,2.8733089733618686,62.28048726827334,32.070604100000025
0.6934595029341385,-0.2807804086782166,-0.6715508031872666,0.6125760649087221,18.33977088928225,2.992261602896399,64.03543207444856,30.29323370000003
0.6871126390679464,-0.1479570619119405,-0.6432670753146248,0.670385030586542,18.77092323303225,2.9235547705381517,62.60771955682329,30.710232140000016
0.2662324876940553,-0.0701184,-0.3020246067590719,0.1587125416204217,18.77092323303225,2.9235547705381517,62.60771955682329,31.192172959999997
0.3634861627426682,-0.0212352584489352,-0.4496381394041597,0.0993412384716732,18.34579302469893,2.935192618336431,64.89503711773511,32.52861877999999
0.3557901250027624,0.022605740381807,-0.4394150308907485,0.46595385481148,18.42692909240725,3.0261659658319164,63.215962152773066,32.67217562000002
0.6136728387668576,-0.030339490280249,-0.6183635227982512,0.6397008837525493,18.57479693094893,2.94861928655015,63.63319549091134,32.039841920000015
0.359735499173435,-0.1382414656709009,-0.4031392254846516,0.4166666666666667,18.079354222615564,3.078370231760757,65.82244784811813,30.06422636000002
0.2181689889398023,0.0237568044475026,-0.3075519217432565,0.1741263028816677,18.178475316365564,3.0367836134203143,64.33165852586,30.46755272000001
0.37081915461851,0.0460777721628946,-0.4541461085468724,0.3560814529444138,18.079354222615564,3.078370231760757,65.82244784811813,32.27226728000005
0.3311560699129411,0.1294856830655375,-0.4525074846422391,0.3130406920858699,18.34579302469893,2.935192618336431,64.89503711773511,31.906539140000007
0.721270132400986,-0.1794284367758911,-0.6903636158955307,0.7865853658536586,18.34579302469893,2.935192618336431,64.89503711773511,31.14773869999999
-0.3479680288190927,-0.237342448194829,0.5403539401634792,-0.6574585635359116,18.42692909240725,3.0261659658319164,63.215962152773066,23.966478680000023
0.4598430019344672,-0.0794627373443937,-0.4880849055167268,0.2868391451068616,18.57479693094893,2.94861928655015,63.63319549091134,31.56815516000006
-0.1458394924158006,-0.6499011640676481,0.1863437459382176,-0.1860744297719087,18.23601112365725,2.988557521308597,65.39613749133562,24.56463217999999
0.1727022217550288,0.0617832749641073,-0.211630360578415,0.0706532869137825,18.54354693094893,2.984148439590686,62.90115217725584,32.80889642
0.5636157872400622,-0.1036865439150058,-0.5910142118243146,0.6530065109153581,18.77092323303225,2.9235547705381517,62.60771955682329,28.495355180000047
0.4997155769048446,-0.0177523041536425,-0.5565304382051954,0.473013744552464,19.11906776428225,2.8733089733618686,62.28048726827334,33.13019029999998
0.5523983682655788,-0.1951881904063714,-0.5292813439358733,0.2631195335276968,18.33977088928225,2.992261602896399,64.03543207444856,31.88603102000002
0.5129705388006215,0.008911970916645,-0.5557077290550841,0.5312131919905771,18.57479693094893,2.94861928655015,63.63319549091134,31.66044169999998
0.2901973115321122,-0.0604098826691476,-0.3665323386398455,0.2778094694808899,18.079354222615564,3.078370231760757,65.82244784811813,31.322057720000032
0.1791023381704427,0.0158698880310782,-0.2551205414041324,0.1296221048354327,18.178475316365564,3.0367836134203143,64.33165852586,30.06422636000002
0.2756586600971739,0.0699721109376013,-0.3524188165646131,0.2447840141052013,18.33977088928225,2.992261602896399,64.03543207444856,33.37628774000001
0.1629730440296313,-0.0486250557786701,-0.2089385474860335,0.0749239701410008,18.77092323303225,2.9235547705381517,62.60771955682329,30.68630600000006
0.255917459032976,0.0996779420295652,-0.3580453657395883,0.1534954407294833,18.42692909240725,3.0261659658319164,63.215962152773066,35.20834646000003
0.1957686567654813,0.0446074002479356,-0.2428675882710692,0.0555296313579094,18.23601112365725,2.988557521308597,65.39613749133562,30.91873136000004
0.4052514014608422,0.0589713899545485,-0.4542733600371901,0.3521955636034404,18.42692909240725,3.0261659658319164,63.215962152773066,33.56769686000001
0.1485374214766737,0.0692594603360383,-0.2248522357176659,0.0627913353441184,18.12785682678225,3.042692733145983,65.54639981076248,32.08085816000005
0.5761388615174714,-0.1013771186440678,-0.5968711602597859,0.542185831256675,18.57479693094893,2.94861928655015,63.63319549091134,29.60621168
0.139548731024917,-0.0106611662669763,-0.2055015821495001,0.1014967259120673,18.12785682678225,3.042692733145983,65.54639981076248,30.648707779999995
0.216559337626495,-0.3684246835224724,-0.0693837942746239,0.2228412256267409,18.33977088928225,2.992261602896399,64.03543207444856,25.945512259999987
0.645532477993211,-0.2870096072358009,-0.6393076173554193,0.6583479789103691,18.23601112365725,2.988557521308597,65.39613749133562,30.44020856000003
0.1882940995783415,-0.7579938858134343,0.1025392272650584,0.6520566419420094,18.17033729553225,3.0582498735863317,64.52942736293296,23.665692920000023
0.5689831832219141,-0.0932529182102309,-0.6068509033271204,0.5221476510067115,18.079354222615564,3.078370231760757,65.82244784811813,31.88603102000002
0.2610033200328959,-0.0642605124645728,-0.2733759842519685,0.407658244334462,18.23601112365725,2.988557521308597,65.39613749133562,32.26543124
0.1887198849035735,0.0108095389683187,-0.2441465749847682,0.1763104152484683,18.54354693094893,2.984148439590686,62.90115217725584,30.42653647999998
0.691409316306408,-0.2182858718885748,-0.6572061002832541,0.5942834458118301,18.34579302469893,2.935192618336431,64.89503711773511,30.85378897999999
0.6823603726258594,-0.1428404787595245,-0.6267226452240328,0.7029438001784122,18.178475316365564,3.0367836134203143,64.33165852586,29.647227919999978
0.1142362081493488,0.0784152373907818,-0.1805799024020466,0.0452380952380952,18.77092323303225,2.9235547705381517,62.60771955682329,32.28935738000001
0.5870347135089921,-0.0653976008479156,-0.6001012028378963,0.6457412319481285,18.079354222615564,3.078370231760757,65.82244784811813,30.42311846000001
0.2383707010902973,0.0928593435241142,-0.4232468208522347,0.2147239263803681,18.079354222615564,3.078370231760757,65.82244784811813,31.85185081999998
0.5504563851585916,-0.0524101544315,-0.5810869152261384,0.5228712174524982,19.11906776428225,2.8733089733618686,62.28048726827334,32.14238252000001
0.4321753143174994,-0.099851118495857,-0.4126009536641843,0.1837821840781296,18.54354693094893,2.984148439590686,62.90115217725584,30.37526618000004
0.625886240264338,-0.1120854427110239,-0.6073581841599313,0.6187387387387387,18.079354222615564,3.078370231760757,65.82244784811813,31.229771180000057
0.3964819397287603,0.0121893303783441,-0.3056578506863074,0.3374575932947515,18.178475316365564,3.0367836134203143,64.33165852586,33.82063033999998
0.4703737146776982,-0.1029192481360916,-0.4767411615007698,0.5146417445482866,18.33977088928225,2.992261602896399,64.03543207444856,29.68824416000001
