Grid_ID,Grid_X,Grid_Y,Center_Latitude,Center_Longitude,South_Latitude,North_Latitude,West_Longitude,East_Longitude,Historical_Samples,Historical_Unique_Dates,Observation_Support,Prediction_Dates,Mean_Predicted_LST,Median_Predicted_LST,Minimum_Predicted_LST,Maximum_Predicted_LST,LST_StdDev,Hot_Frequency,Very_Hot_Frequency,Median_L_NDVI,Median_S2_NDVI,Median_NDBI,Median_NDWI,Median_Tree_Probability,Median_Built_Probability,Median_Albedo,Elevation,Distance_To_Water,Persistent_Heat_Score,Persistent_Cooling_Priority,Prediction_Source,Reliable_Median_LST,Reliable_Mean_LST,Reliable_Max_LST,Reliable_Hot_Frequency,Reliable_Very_Hot_Frequency,Reliable_L_NDVI,Reliable_S2_NDVI,Reliable_Tree_Probability,Reliable_Built_Probability,Reliable_Distance_To_Water,Reliable_Albedo,Reliable_Heat_Score,Reliable_Priority,Data_Source,Confidence_Level,Final_Median_LST,Final_Mean_LST,Final_Max_LST,Final_Hot_Frequency,Final_Very_Hot_Frequency,Final_L_NDVI,Final_S2_NDVI,Final_Tree_Probability,Final_Built_Probability,Final_Distance_To_Water,Final_Albedo,Heat_Intensity_Score,Hot_Frequency_Score,Very_Hot_Frequency_Score,Low_Tree_Score,Built_Score,Water_Distance_Score,Low_Albedo_Score,Hybrid_Heat_Score,Final_Cooling_Priority,Cell_Area_m2,Cell_Area_hectares,Min_Greening_Fraction,Max_Greening_Fraction,Tree_Need_Score,Built_Intensity_Score,Heat_Need_Score,Need_Factor,Suggested_Greening_Fraction,Suggested_Greening_Percent,Total_Cooling_Area_m2,Tree_Cooling_Share,Tree_Canopy_Target_m2,Non_Tree_Cooling_Area_m2,Assumed_Mature_Canopy_Per_Tree_m2,Approx_Trees_To_Plant,Trees_Per_Hectare,Recommended_Intervention,Planning_Reliability,Area_Name,Neighbourhood,Suburb,Town,City,City_District,County,State_District,Postcode,Display_Name,Cluster_ID
8401_1425,8401,1425,12.805425799496946,77.4505814838062,12.80093424362199,12.8099173553719,77.44597215324119,77.4551908143712,3,3,Moderate,7,38.11691302044289,38.07721027669999,32.29716755570003,45.59220576950008,5.016266142354031,0.2857142857142857,0.1428571428571428,0.4879159824076283,0.442990947857127,0.003318470630821,-0.549158517595705,0.2530133309866909,0.0964286428664251,0.1435752984152861,728.606466642083,7018.755383167377,43.70499690134053,High,Historical support + V5,43.99416178880004,44.11188409430002,47.86240338320003,0.6666666666666666,0.6666666666666666,0.3691699100363682,0.3081909251620506,0.0513858944177627,0.1858265607152134,6243.396511515186,0.1443990225,70.12321233840426,Very High,Reliable Multi-Date Observation,Moderate,43.99416178880004,44.11188409430002,47.86240338320003,0.6666666666666666,0.6666666666666666,0.3691699100363682,0.3081909251620506,0.0513858944177627,0.1858265607152134,6243.396511515186,0.1443990225,0.8780103689611516,0.6666666666666666,0.6666666666666666,0.9511179963288444,0.2189265921015401,0.3077534343067289,0.4707837505102328,70.02236619220076,Very High,1000000,100,0.12,0.18,0.9511179963288444,0.2189265921015401,0.867653280049435,0.7346842587602546,0.1640810555256152,16.408105552561526,164081.0555256153,0.85,139468.897196773,24612.158328842284,30,4649,46.49,Large canopy expansion + urban forest + park restoration + shaded corridors,Moderate,Shyanumangala,,,,,,Ramanagara taluk,Bengaluru South,562109.0,"Chikkakuntanahalli, Shyanumangala, Ramanagara taluk, Bengaluru South, Karnataka, 562109, India",1
8401_1431,8401,1431,12.859324469996409,77.4505814838062,12.854832914121452,12.863816025871362,77.44597215324119,77.4551908143712,5,4,Moderate,7,38.57007411204287,37.4332382186,32.78820030890002,45.16970431730001,4.704879337631442,0.2857142857142857,0.1428571428571428,0.3838257057815465,0.3145041488084964,0.0293545607215931,-0.4464990860294894,0.0716153798147754,0.508697015261617,0.1636676040524983,770.0196933748985,12888.687205730706,45.23135004979815,Very High,Historical support + V5,38.24541104090001,38.90902304192001,44.28935908610004,0.2,0.2,0.3395836688395802,0.3335313335313335,0.0436617145314812,0.4424356465460732,13497.407158413796,0.1533268425,50.07942829709218,Moderate,Reliable Multi-Date Observation,Moderate,38.24541104090001,38.90902304192001,44.28935908610004,0.2,0.2,0.3395836688395802,0.3335313335313335,0.0436617145314812,0.4424356465460732,13497.407158413796,0.1533268425,0.5752937587349172,0.2,0.2,0.9648089217250798,0.5662948841212481,0.6653226972813209,0.4281806390926007,49.8614121110058,High,1000000,100,0.08,0.12,0.9648089217250798,0.5662948841212481,0.5716943973319141,0.7079346025668556,0.1083173841026742,10.83173841026742,108317.38410267422,0.7,75822.16887187195,32495.215230802263,30,2528,25.28,Tree canopy expansion + parks + connected green corridors,Moderate,Tagachaguppe,,,,,,Bangalore South,Bengaluru Urban,560060.0,"Tagachaguppe, Bangalore South, Bengaluru Urban, Karnataka, 560060, India",2
8401_1432,8401,1432,12.868307581746317,77.4505814838062,12.863816025871362,12.872799137621271,77.44597215324119,77.4551908143712,2,2,Limited,7,38.07797688975716,37.88313510109998,32.68429250090003,44.834533276100025,4.927001764670939,0.2857142857142857,0.1428571428571428,0.3606682169316769,0.3110814363045003,0.0145581090735587,-0.4241945548611053,0.0647306366284763,0.5640486703511831,0.1486340233090501,760.4096456476475,13348.67451170104,47.59873572306015,Very High,Limited historical support + V5,,,,,,,,,,,,,,Limited Observation + V5,Limited,37.88313510109998,38.07797688975716,44.834533276100025,0.2857142857142857,0.1428571428571428,0.3606682169316769,0.3110814363045003,0.0647306366284763,0.5640486703511831,13348.67451170104,0.1486340233090501,0.5562171020364426,0.2857142857142857,0.1428571428571428,0.9274647577030378,0.7309208100885692,0.6579912739550982,0.4505745380348779,52.02195015890298,High,1000000,100,0.08,0.12,0.9274647577030378,0.7309208100885692,0.6034106754479766,0.7487071378973962,0.1099482855158958,10.994828551589585,109948.28551589584,0.5,54974.14275794792,54974.14275794792,30,1833,18.33,Tree canopy expansion + parks + connected green corridors,Limited,Tagachaguppe,,,,,,Bangalore South,Bengaluru Urban,560060.0,"Tagachaguppe, Bangalore South, Bengaluru Urban, Karnataka, 560060, India",2
8401_1433,8401,1433,12.877290693496228,77.4505814838062,12.872799137621271,12.881782249371184,77.44597215324119,77.4551908143712,3,2,Limited,7,38.49125212940002,37.3534445417,32.84129924960003,45.94632973160001,5.039723545711817,0.2857142857142857,0.1428571428571428,0.3170833317571587,0.2789701536412056,0.0559922750174478,-0.4051256979070787,0.0645134793797761,0.5525895666860274,0.1500156786402096,760.7685926377806,13059.505735621718,45.34856787430518,Very High,Limited historical support + V5,,,,,,,,,,,,,,Limited Observation + V5,Limited,37.3534445417,38.49125212940002,45.94632973160001,0.2857142857142857,0.1428571428571428,0.3170833317571587,0.2789701536412056,0.0645134793797761,0.5525895666860274,13059.505735621718,0.1500156786402096,0.5283247585270335,0.2857142857142857,0.1428571428571428,0.927849663768792,0.7154087745137042,0.6437373844626483,0.443981347758399,50.93159769001374,High,1000000,100,0.08,0.12,0.927849663768792,0.7154087745137042,0.5874045133803913,0.7385613812996598,0.1095424552519863,10.95424552519864,109542.4552519864,0.5,54771.2276259932,54771.2276259932,30,1826,18.26,Tree canopy expansion + parks + connected green corridors,Limited,Kaniminike,,,,,Kumbalagodu,Bangalore South,Bengaluru Urban,560074.0,"Tagachaguppe, Kumbalagodu, Kaniminike, Bangalore South, Bengaluru Urban, Karnataka, 560074, India",2
8401_1434,8401,1434,12.886273805246136,77.4505814838062,12.881782249371184,12.890765361121092,77.44597215324119,77.4551908143712,1,1,Limited,7,38.443441353928606,37.33179138500001,32.808520437800034,44.76673684940002,4.640049761794561,0.2857142857142857,0.1428571428571428,0.3151313682696669,0.2747994241004294,0.0429735378409632,-0.3935182126917723,0.0662735401421545,0.5276394449750628,0.1510781052999409,761.8207517058432,10401.215487858648,45.01176666942584,Very High,Limited historical support + V5,,,,,,,,,,,,,,Limited Observation + V5,Limited,37.33179138500001,38.443441353928606,44.76673684940002,0.2857142857142857,0.1428571428571428,0.3151313682696669,0.2747994241004294,0.0662735401421545,0.5276394449750628,10401.215487858648,0.1510781052999409,0.5271845507698416,0.2857142857142857,0.1428571428571428,0.9247299978695862,0.6816341280067045,0.5127032667953997,0.4389115007680256,49.83233018045178,High,1000000,100,0.08,0.12,0.9247299978695862,0.6816341280067045,0.5712674802505412,0.7225710233562478,0.1089028409342499,10.89028409342499,108902.8409342499,0.5,54451.42046712495,54451.42046712495,30,1816,18.16,Tree canopy expansion + parks + connected green corridors,Limited,Kumbalagodu,,,,,,Bangalore South,Bengaluru Urban,560074.0,"Kumbalagodu, Bangalore South, Bengaluru Urban, Karnataka, 560074, India",2
8401_1435,8401,1435,12.895256916996049,77.4505814838062,12.890765361121092,12.899748472871002,77.44597215324119,77.4551908143712,2,2,Limited,7,39.13430132210002,37.77541620079999,33.30821787170002,47.29297834130004,5.154934594205057,0.2857142857142857,0.2857142857142857,0.2725599618488119,0.2275780900866214,0.0805938264194099,-0.3724125172969047,0.0511932209464974,0.4903244735956257,0.1689456146294227,767.4567538717423,7718.411749874573,48.57005585265328,Very High,Limited historical support + V5,,,,,,,,,,,,,,Limited Observation + V5,Limited,37.77541620079999,39.13430132210002,47.29297834130004,0.2857142857142857,0.2857142857142857,0.2725599618488119,0.2275780900866214,0.0511932209464974,0.4903244735956257,7718.411749874573,0.1689456146294227,0.5505448609207492,0.2857142857142857,0.2857142857142857,0.9514595054805944,0.6311213496579945,0.3804608147242021,0.3536486380849191,50.76999917045695,High,1000000,100,0.08,0.12,0.9514595054805944,0.6311213496579945,0.5850322785593497,0.7248040757564465,0.1089921630302578,10.899216303025783,108992.16303025786,0.7,76294.51412118049,32697.64890907737,30,2544,25.44,Tree canopy expansion + parks + connected green corridors,Limited,Challaghatta,,Challaghatta,,,Challagatta,Bangalore South,Bengaluru Urban,560060.0,"Challaghatta, Challagatta, Kumbalagodu, Bangalore South, Bengaluru Urban, Karnataka, 560060, India",2
8401_1441,8401,1441,12.94915558749551,77.4505814838062,12.944664031620553,12.953647143370464,77.44597215324119,77.4551908143712,4,3,Moderate,7,38.86264197538573,37.2028978508,32.566199909900064,47.28084437030002,5.399964330512806,0.2857142857142857,0.1428571428571428,0.3251390183975958,0.2862137115148008,0.0819898252595935,-0.4397899811410395,0.0861622222330011,0.385972699512678,0.1601408539802982,825.774186796462,2284.244914655661,43.07543346282142,High,Historical support + V5,38.38698542930003,38.06375182295003,44.26791101060005,0.5,0.5,0.3919927570248848,0.3568562494533368,0.0485809613019227,0.4038166870595887,1276.4982043070834,0.15173127875,56.97817820804616,High,Reliable Multi-Date Observation,Moderate,38.38698542930003,38.06375182295003,44.26791101060005,0.5,0.5,0.3919927570248848,0.3568562494533368,0.0485809613019227,0.4038166870595887,1276.4982043070834,0.15173127875,0.58274875562567,0.5,0.5,0.9560896736584468,0.5140169144891021,0.062921953705378,0.4357945896667817,56.95755963539861,Very High,1000000,100,0.12,0.18,0.9560896736584468,0.5140169144891021,0.6758644621244787,0.7334813992525233,0.1640088839551514,16.40088839551514,164008.8839551514,0.7,114806.21876860596,49202.66518654543,30,3827,38.27,Large canopy expansion + urban forest + park restoration + shaded corridors,Moderate,9th Block,,,,,Kenchanapura,Bangalore South,Bengaluru Urban,560060.0,"9th Block, Kenchanapura, Bangalore South, Bengaluru Urban, Karnataka, 560060, India",2
8401_1443,8401,1443,12.967121810995328,77.4505814838062,12.962630255120374,12.971613366870285,77.44597215324119,77.4551908143712,2,2,Limited,7,39.03889705957145,37.608138302,33.07345116800002,46.92943773410001,5.266044582101896,0.2857142857142857,0.2857142857142857,0.2934794139640181,0.2563548873835022,0.0873968911090944,-0.4064936599959861,0.0487720185271795,0.4540838723196448,0.1660046362252223,846.2484817741963,6174.149729357202,47.53322815063531,Very High,Limited historical support + V5,,,,,,,,,,,,,,Limited Observation + V5,Limited,37.608138302,39.03889705957145,46.92943773410001,0.2857142857142857,0.2857142857142857,0.2934794139640181,0.2563548873835022,0.0487720185271795,0.4540838723196448,6174.149729357202,0.1660046362252223,0.54173637352738,0.2857142857142857,0.2857142857142857,0.9557510292643604,0.5820629317682146,0.3043400782937792,0.3676828402340438,49.76910055510807,High,1000000,100,0.08,0.12,0.9557510292643604,0.5820629317682146,0.5703392816545816,0.7081643058464124,0.1083265722338565,10.83265722338565,108326.5722338565,0.7,75828.60056369954,32497.97167015696,30,2528,25.28,Tree canopy expansion + parks + connected green corridors,Limited,2nd Block,,,,,Kannahalli,Bangalore North,Bengaluru Urban,560112.0,"2nd Block, Kannahalli, Bangalore North, Bengaluru Urban, Karnataka, 560112, India",2
8401_1444,8401,1444,12.97610492274524,77.4505814838062,12.971613366870285,12.980596478620194,77.44597215324119,77.4551908143712,2,1,Limited,7,38.40359700650002,36.73278338,32.25297255710002,46.32666990710004,5.368835920075978,0.2857142857142857,0.2857142857142857,0.2956572073498814,0.2712855585469301,0.06456876643728,-0.3972264476894992,0.0458475670213671,0.5440694417261269,0.1573510354033259,849.6047654182598,8934.489397629544,44.90387676216992,Very High,Limited historical support + V5,,,,,,,,,,,,,,Limited Observation + V5,Limited,36.73278338,38.40359700650002,46.32666990710004,0.2857142857142857,0.2857142857142857,0.2956572073498814,0.2712855585469301,0.0458475670213671,0.5440694417261269,8934.489397629544,0.1573510354033259,0.4956421025539018,0.2857142857142857,0.2857142857142857,0.9609345501015818,0.7038751951568691,0.4404044802898887,0.4089773914211158,50.56894263826449,High,1000000,100,0.08,0.12,0.9609345501015818,0.7038751951568691,0.5820808077910966,0.7451282144412095,0.1098051285776483,10.980512857764838,109805.12857764836,0.5,54902.564288824185,54902.564288824185,30,1831,18.31,Tree canopy expansion + parks + connected green corridors,Limited,Shigehalli,,,,,Shigehalli,Bangalore North,Bengaluru Urban,,"Shigehalli, Bangalore North, Bengaluru Urban, Karnataka, India",2
8401_1445,8401,1445,12.98508803449515,77.4505814838062,12.980596478620194,12.989579590370104,77.44597215324119,77.4551908143712,2,2,Limited,7,38.69833775398574,37.02991185860004,32.715208491800055,47.05874143070002,5.57554283104948,0.2857142857142857,0.2857142857142857,0.2231499136543031,0.1627741333964013,0.0873034199152204,-0.3011737510491615,0.0309600185032208,0.6846761721589623,0.1814833813385661,859.555452674897,9748.039570761088,47.50789007073253,Very High,Limited historical support + V5,,,,,,,,,,,,,,Limited Observation + V5,Limited,37.02991185860004,38.69833775398574,47.05874143070002,0.2857142857142857,0.2857142857142857,0.2231499136543031,0.1627741333964013,0.0309600185032208,0.6846761721589623,9748.039570761088,0.1814833813385661,0.5112882367816447,0.2857142857142857,0.2857142857142857,0.9873223762650786,0.8942126480914983,0.4805065079763066,0.2938190411577953,52.962236974011,High,1000000,100,0.08,0.12,0.9873223762650786,0.8942126480914983,0.6172139029198825,0.816001554883605,0.1126400621953442,11.26400621953442,112640.0621953442,0.5,56320.0310976721,56320.0310976721,30,1878,18.78,Street trees + green roofs + cool roofs + shaded corridors,Limited,1st Block,,,,,Kodigehalli,Bangalore North,Bengaluru Urban,560112.0,"1st Block, Kodigehalli, Bangalore North, Bengaluru Urban, Karnataka, 560112, India",2
8401_1454,8401,1454,13.06593604024434,77.4505814838062,13.061444484369384,13.070427596119297,77.44597215324119,77.4551908143712,1,1,Limited,7,37.98419130384288,36.54421121660002,32.217732770900035,44.879804951000025,4.89485543283542,0.2857142857142857,0.1428571428571428,0.2341927502728878,0.1880970162583833,0.0617704071326122,-0.3069063863113981,0.039508309954027,0.6566658352967336,0.1622027644083,847.4836751645264,8272.177720344278,43.126708839114265,High,Limited historical support + V5,,,,,,,,,,,,,,Limited Observation + V5,Limited,36.54421121660002,37.98419130384288,44.879804951000025,0.2857142857142857,0.1428571428571428,0.2341927502728878,0.1880970162583833,0.039508309954027,0.6566658352967336,8272.177720344278,0.1622027644083,0.4857123058744541,0.2857142857142857,0.1428571428571428,0.972170732693685,0.8562954292088343,0.4077573958239168,0.3858251827781247,50.25622592316602,High,1000000,100,0.08,0.12,0.972170732693685,0.8562954292088343,0.5774901872661502,0.7853296886514585,0.1114131875460583,11.141318754605834,111413.18754605834,0.5,55706.59377302917,55706.59377302917,30,1857,18.57,Street trees + green roofs + cool roofs + shaded corridors,Limited,Heggadadevanapura,,,,,,Bangalore North,Bengaluru Urban,562162.0,"Heggadadevanapura, Bangalore North, Bengaluru Urban, Karnataka, 562162, India",3
8401_1458,8401,1458,13.101868487243982,77.4505814838062,13.097376931369029,13.106360043118936,77.44597215324119,77.4551908143712,3,3,Moderate,7,38.24105306540002,36.6175448357,32.44282647800003,45.15705764330003,4.9816262092713375,0.2857142857142857,0.1428571428571428,0.3738844445360978,0.3394188010364245,0.0691073611897013,-0.4650889672192506,0.1181106406451543,0.2706491428531987,0.1601965631589958,869.4369325884969,4508.4819876665015,39.56220430419734,Low,Historical support + V5,40.51648024970004,40.827901748600034,44.03507548820004,0.3333333333333333,0.3333333333333333,0.4078686198594727,0.2944458534111083,0.1704761481378227,0.2525393748655915,5556.977595779922,0.149932215,50.3872609742523,Moderate,Reliable Multi-Date Observation,Moderate,40.51648024970004,40.827901748600034,44.03507548820004,0.3333333333333333,0.3333333333333333,0.4078686198594727,0.2944458534111083,0.1704761481378227,0.2525393748655915,5556.977595779922,0.149932215,0.6948832839423293,0.3333333333333333,0.3333333333333333,0.740033350048682,0.3092348375489356,0.273918040655051,0.4443796320834829,50.2975021748488,High,1000000,100,0.08,0.12,0.740033350048682,0.3092348375489356,0.5780961146087553,0.5675588277477747,0.102702353109911,10.2702353109911,102702.353109911,0.85,87297.00014342435,15405.352966486653,30,2910,29.1,Tree canopy expansion + parks + connected green corridors,Moderate,Mattahalli,,,,,,Bangalore North,Bengaluru Urban,562123.0,"Vaderahalli, Mattahalli, Bangalore North, Bengaluru Urban, Karnataka, 562123, India",4
8402_1430,8402,1430,12.850341358246496,77.45980014493621,12.84584980237154,12.854832914121452,77.4551908143712,77.46440947550121,3,3,Moderate,7,38.727510554685736,37.46531633630001,32.943788579300026,45.28837797170003,4.646102189885001,0.2857142857142857,0.1428571428571428,0.3910562048160609,0.3344017705399253,0.0509222746053315,-0.474554591232701,0.0995343613976155,0.4424415892826664,0.1532922601157991,767.8913832046793,10373.94007441855,44.69812655326348,Very High,Historical support + V5,41.32764475610004,39.13107698990004,43.45066242860005,0.6666666666666666,0.0,0.467424056565199,0.31959629941127,0.060532096773386,0.3830706337466836,10412.012293500236,0.1723685575,62.09845013626416,High,Reliable Multi-Date Observation,Moderate,41.32764475610004,39.13107698990004,43.45066242860005,0.6666666666666666,0.0,0.467424056565199,0.31959629941127,0.060532096773386,0.3830706337466836,10412.012293500236,0.1723685575,0.7375974283680455,0.6666666666666666,0.0,0.9349065698792732,0.4859332592197649,0.5132354697412822,0.3373145255589728,61.93027063459606,Very High,1000000,100,0.12,0.18,0.9349065698792732,0.4859332592197649,0.7488628919345214,0.7482457710364954,0.1648947462621897,16.48947462621897,164894.74626218973,0.7,115426.3223835328,49468.42387865693,30,3848,38.48,Large canopy expansion + urban forest + park restoration + shaded corridors,Moderate,Devagere,,,,,,Bangalore South,Bengaluru Urban,560060.0,"Devagere, Bangalore South, Bengaluru Urban, Karnataka, 560060, India",2
8402_1432,8402,1432,12.868307581746317,77.45980014493621,12.863816025871362,12.872799137621271,77.4551908143712,77.46440947550121,4,3,Moderate,7,38.14012381768573,37.78226933089998,32.55478372310003,44.97390304160003,4.82947120067238,0.2857142857142857,0.1428571428571428,0.3825325587945185,0.3217194197039433,0.0180784216739957,-0.4516772029022605,0.0637634309178667,0.5596973054411186,0.156677344223623,763.3815297217369,11853.787919065904,47.14855709541414,Very High,Historical support + V5,40.467918730550025,40.68788968017502,43.97211555980002,0.5,0.25,0.248974623259927,0.1680508710250234,0.0302109273616224,0.6867274633841589,11768.607235088764,0.15996279875,64.64262137823376,Very High,Reliable Multi-Date Observation,Moderate,40.467918730550025,40.68788968017502,43.97211555980002,0.5,0.25,0.248974623259927,0.1680508710250234,0.0302109273616224,0.6867274633841589,11768.607235088764,0.15996279875,0.6923261408152077,0.5,0.25,0.9886501225223632,0.896989453624414,0.5801056022832382,0.396514187094097,64.4525295454225,Very High,1000000,100,0.12,0.18,0.9886501225223632,0.896989453624414,0.7858891619297882,0.884630571060846,0.1730778342636507,17.307783426365077,173077.83426365076,0.5,86538.91713182538,86538.91713182538,30,2885,28.85,Street-tree corridors + pocket parks + green roofs + shaded public spaces,Moderate,Kambipura,,,,,,Bangalore South,Bengaluru Urban,560060.0,"Kambipura, Bangalore South, Bengaluru Urban, Karnataka, 560060, India",2
8402_1433,8402,1433,12.877290693496228,77.45980014493621,12.872799137621271,12.881782249371184,77.4551908143712,77.46440947550121,1,1,Limited,7,38.52369158064288,37.38933375169999,32.49712172570003,45.95547293510001,5.060612646989579,0.2857142857142857,0.1428571428571428,0.3024183441878207,0.2412563784218018,0.058010517441666,-0.3959388943299158,0.0375149168261118,0.7081838924804819,0.1610834773411453,771.5569795770735,11310.39593252749,47.04920724457523,Very High,Limited historical support + V5,,,,,,,,,,,,,,Limited Observation + V5,Limited,37.38933375169999,38.52369158064288,45.95547293510001,0.2857142857142857,0.1428571428571428,0.3024183441878207,0.2412563784218018,0.0375149168261118,0.7081838924804819,11310.39593252749,0.1610834773411453,0.5302146056384018,0.2857142857142857,0.1428571428571428,0.9757039746690728,0.9260347351034354,0.5575191620753633,0.3911663647945974,53.11720134600088,High,1000000,100,0.08,0.12,0.9757039746690728,0.9260347351034354,0.6194887497456053,0.8208005748082765,0.112832022992331,11.283202299233103,112832.02299233104,0.35,39491.20804731586,73340.81494501518,30,1317,13.17,Street trees + green roofs + cool roofs + shaded corridors,Limited,Kambipura,,,,,,Bangalore South,Bengaluru Urban,560060.0,"Kambipura, Bangalore South, Bengaluru Urban, Karnataka, 560060, India",2
8402_1434,8402,1434,12.886273805246136,77.45980014493621,12.881782249371184,12.890765361121092,77.4551908143712,77.46440947550121,9,5,High,7,38.09682971150003,37.64881274,32.63556862580001,44.81506765220004,4.850724713820457,0.2857142857142857,0.1428571428571428,0.3731585674713469,0.3423817762166061,0.0235409259191383,-0.4509996770797145,0.0840034206414588,0.5347476836321277,0.1500849994055674,780.8595444646988,11031.45376550506,46.360998048205246,Very High,Strong historical support + V5,39.63709206410001,38.78003684140001,44.689626318200006,0.3333333333333333,0.1111111111111111,0.3783940301470953,0.4223194748358862,0.0603520311415195,0.6235350156202912,11742.657280190033,0.1341130875,56.7277397151871,High,Reliable Multi-Date Observation,High,39.63709206410001,38.78003684140001,44.689626318200006,0.3333333333333333,0.1111111111111111,0.3783940301470953,0.4223194748358862,0.0603520311415195,0.6235350156202912,11742.657280190033,0.1341130875,0.6485766301506196,0.3333333333333333,0.1111111111111111,0.9352257319351296,0.8114466811337001,0.578826460757394,0.5198677189190404,56.53806703770914,Very High,1000000,100,0.12,0.18,0.9352257319351296,0.8114466811337001,0.6697063924210092,0.7980732334291241,0.1678843940057474,16.788439400574745,167884.39400574745,0.5,83942.19700287373,83942.19700287373,30,2799,27.99,Street-tree corridors + pocket parks + green roofs + shaded public spaces,Strong,Kambipura,,,,,,Bangalore South,Bengaluru Urban,560060.0,"Kambipura, Bangalore South, Bengaluru Urban, Karnataka, 560060, India",2
8402_1435,8402,1435,12.895256916996049,77.45980014493621,12.890765361121092,12.899748472871002,77.4551908143712,77.46440947550121,1,1,Limited,7,38.77466702347145,37.43123867690003,32.8813071737,46.250106259100015,4.937164027999206,0.2857142857142857,0.1428571428571428,0.2492285542435116,0.1822977225264495,0.0677629482239868,-0.3292354009822094,0.0523172849762043,0.5642137417826776,0.1559294080671603,768.4785737593276,10114.644408149315,45.77845567446504,Very High,Limited historical support + V5,,,,,,,,,,,,,,Limited Observation + V5,Limited,37.43123867690003,38.77466702347145,46.250106259100015,0.2857142857142857,0.1428571428571428,0.2492285542435116,0.1822977225264495,0.0523172849762043,0.5642137417826776,10114.644408149315,0.1559294080671603,0.5324212271227257,0.2857142857142857,0.1428571428571428,0.9494671286848854,0.7311442650805615,0.4985774245890184,0.4157613261103248,50.66920871968596,High,1000000,100,0.08,0.12,0.9494671286848854,0.7311442650805615,0.5835526943552172,0.7485206390519371,0.1099408255620774,10.994082556207749,109940.82556207749,0.5,54970.41278103874,54970.41278103874,30,1833,18.33,Tree canopy expansion + parks + connected green corridors,Limited,Kambipura,,,,,,Bangalore South,Bengaluru Urban,560060.0,"Kambipura, Bangalore South, Bengaluru Urban, Karnataka, 560060, India",2
8402_1436,8402,1436,12.904240028745958,77.45980014493621,12.899748472871002,12.908731584620911,77.4551908143712,77.46440947550121,6,4,Moderate,7,38.94313634638572,37.3315179434,33.161396822600025,46.97522211200001,5.087857672704856,0.2857142857142857,0.2857142857142857,0.275583867326219,0.2410886800814555,0.0797635646806386,-0.3811775530771288,0.0392888664033301,0.6129052698452162,0.1704032268805272,777.1783062871336,8497.314616606705,48.00617961441436,Very High,Historical support + V5,41.060996470850014,39.798257403800015,45.06933416000002,0.5,0.5,0.2733770521747654,0.1527535342087285,0.0264635442290454,0.6860226274002343,8319.887114438137,0.18367041125,66.69827210652582,Very High,Reliable Multi-Date Observation,Moderate,41.060996470850014,39.798257403800015,45.06933416000002,0.5,0.5,0.2733770521747654,0.1527535342087285,0.0264635442290454,0.6860226274002343,8319.887114438137,0.18367041125,0.7235563142941727,0.5,0.5,0.995292270123087,0.8960353265673101,0.4101091173354367,0.283382643583638,66.56388555093996,Very High,1000000,100,0.12,0.18,0.995292270123087,0.8960353265673101,0.8168834572342314,0.8991145090786005,0.173946870544716,17.394687054471603,173946.87054471602,0.5,86973.43527235801,86973.43527235801,30,2900,29.0,Street-tree corridors + pocket parks + green roofs + shaded public spaces,Moderate,Challaghatta,,Challaghatta,,,Challagatta,Bangalore South,Bengaluru Urban,560060.0,"Challaghatta, Challagatta, Kumbalagodu, Bangalore South, Bengaluru Urban, Karnataka, 560060, India",2
8402_1438,8402,1438,12.922206252245775,77.45980014493621,12.917714696370822,12.926697808120734,77.4551908143712,77.46440947550121,6,4,Moderate,7,38.44260149758573,36.98643464419999,32.718882863300024,44.98393493030006,4.787947644001783,0.2857142857142857,0.1428571428571428,0.3641415558836681,0.3331838282887778,0.0407844139148034,-0.4545565193000711,0.144104224459385,0.4037108824166667,0.1597386601583786,792.3681718385902,3469.9313935937616,42.38009102580646,High,Historical support + V5,39.645201316550015,39.38940809315,44.87978786089997,0.3333333333333333,0.1666666666666666,0.2534558386244053,0.198976637939568,0.0414644480915739,0.553321281389799,4236.357652126363,0.1605968937499999,54.244630293555694,High,Reliable Multi-Date Observation,Moderate,39.645201316550015,39.38940809315,44.87978786089997,0.3333333333333333,0.1666666666666666,0.2534558386244053,0.198976637939568,0.0414644480915739,0.553321281389799,4236.357652126363,0.1605968937499999,0.6490036456050696,0.3333333333333333,0.1666666666666666,0.968703524303905,0.7163992869348519,0.2088212103762533,0.3934883174042557,54.176202740961735,High,1000000,100,0.08,0.12,0.968703524303905,0.7163992869348519,0.6350346841486428,0.7721599288995369,0.1108863971559814,11.088639715598148,110886.39715598148,0.5,55443.19857799074,55443.19857799074,30,1849,18.49,Tree canopy expansion + parks + connected green corridors,Moderate,Nadaprabhu Kempegowda Layout,,Nadaprabhu Kempegowda Layout,,,Kommagatta,Bangalore South,Bengaluru Urban,560060.0,"4th Block, Nadaprabhu Kempegowda Layout, Kommagatta, Bangalore South, Bengaluru Urban, Karnataka, 560060, India",2
8402_1440,8402,1440,12.940172475745598,77.45980014493621,12.935680919870643,12.944664031620553,77.4551908143712,77.46440947550121,6,5,High,7,38.64310987511431,37.01459912900001,32.475759100700046,46.61687689520005,5.26633662760127,0.2857142857142857,0.1428571428571428,0.3396260171335744,0.3014270595521611,0.0711750230369037,-0.4387707726862825,0.1054563377989996,0.4332704400064487,0.1489364226256856,811.0353132293375,2596.9487691258223,42.7892385984246,High,Strong historical support + V5,40.16726969135004,39.95555753255002,47.61179415680002,0.5,0.3333333333333333,0.2530250683332656,0.200721967216886,0.0388461902039125,0.3493958683684468,1786.0022573334677,0.1720671162499999,57.294615629691805,High,Reliable Multi-Date Observation,High,40.16726969135004,39.95555753255002,47.61179415680002,0.5,0.3333333333333333,0.2530250683332656,0.200721967216886,0.0388461902039125,0.3493958683684468,1786.0022573334677,0.1720671162499999,0.6764946215851143,0.5,0.3333333333333333,0.973344324225168,0.4403481791134713,0.0880367484846085,0.338752988157863,57.26576731861134,Very High,1000000,100,0.12,0.18,0.973344324225168,0.4403481791134713,0.6803888909387715,0.7229131146326854,0.1633747868779611,16.33747868779611,163374.7868779611,0.7,114362.35081457275,49012.43606338833,30,3813,38.13,Large canopy expansion + urban forest + park restoration + shaded corridors,Strong,3rd Block,,,,,Ramasandra,Bangalore South,Bengaluru Urban,560060.0,"3rd Block, Ramasandra, Bangalore South, Bengaluru Urban, Karnataka, 560060, India",2
8402_1446,8402,1446,12.99407114624506,77.45980014493621,12.989579590370104,12.998562702120015,77.4551908143712,77.46440947550121,5,4,Moderate,7,37.730449706257176,36.50297280530004,32.00916519050004,44.68487527040003,5.077908255224886,0.2857142857142857,0.1428571428571428,0.336236185864752,0.303000586586769,0.0271288294977567,-0.396933726789951,0.1371390509273297,0.520861371473655,0.1565669513058613,868.1537642801406,6866.616844858471,41.602401477530464,Moderate,Historical support + V5,42.80313562970004,39.93728992466004,43.71121809320002,0.6,0.0,0.4756829596961903,0.4097689382860485,0.0861080738250166,0.5073649252299219,7308.214556237385,0.1472232175,63.55008577837245,Very High,Reliable Multi-Date Observation,Moderate,42.80313562970004,39.93728992466004,43.71121809320002,0.6,0.0,0.4756829596961903,0.4097689382860485,0.0861080738250166,0.5073649252299219,7308.214556237385,0.1472232175,0.8152935427523915,0.6,0.0,0.8895737579944025,0.6541887814298826,0.360241116223235,0.4573068329368365,63.43204021258697,Very High,1000000,100,0.12,0.18,0.8895737579944025,0.6541887814298826,0.7709085771045462,0.78326144149733,0.1669956864898398,16.69956864898398,166995.6864898398,0.5,83497.8432449199,83497.8432449199,30,2784,27.84,Street-tree corridors + pocket parks + green roofs + shaded public spaces,Moderate,Nada prabhu Kempegowda Nagara,,Nada prabhu Kempegowda Nagara,,Bengaluru,Bengaluru West City Corporation,Bangalore North,Bengaluru Urban,560091.0,"Gollarahatti, Nada prabhu Kempegowda Nagara, Bengaluru West City Corporation, Bengaluru, Bangalore North, Bengaluru Urban, Karnataka, 560091, India",2
8402_1450,8402,1450,13.0300035932447,77.45980014493621,13.025512037369744,13.034495149119657,77.4551908143712,77.46440947550121,2,1,Limited,7,38.130143199285726,36.43606506379999,32.02671672320002,45.39754953050001,5.2246613849494805,0.2857142857142857,0.2857142857142857,0.3253928494976181,0.2706890869996737,0.0563413204672662,-0.42340258755067,0.0528834185686898,0.6594114374469637,0.1645452849166924,860.4912735196225,6041.478854058446,44.861004384999326,Very High,Limited historical support + V5,,,,,,,,,,,,,,Limited Observation + V5,Limited,36.43606506379999,38.130143199285726,45.39754953050001,0.2857142857142857,0.2857142857142857,0.3253928494976181,0.2706890869996737,0.0528834185686898,0.6594114374469637,6041.478854058446,0.1645452849166924,0.4800175665788614,0.2857142857142857,0.2857142857142857,0.948463670338092,0.8600121141672138,0.2978003819233235,0.3746467918364246,50.589839062908105,High,1000000,100,0.08,0.12,0.948463670338092,0.8600121141672138,0.5823875632385526,0.7799203384555566,0.1111968135382222,11.119681353822228,111196.81353822228,0.5,55598.406769111134,55598.406769111134,30,1854,18.54,Street trees + green roofs + cool roofs + shaded corridors,Limited,Machohalli,,,,,,Bangalore North,Bengaluru Urban,560091.0,"Vaddarahalli, Machohalli, Bangalore North, Bengaluru Urban, Karnataka, 560091, India",5
8402_1453,8402,1453,13.05695292849443,77.45980014493621,13.052461372619476,13.061444484369384,77.4551908143712,77.46440947550121,4,3,Moderate,7,37.63789704898574,36.40960958900001,31.899104946500056,44.48121254870003,5.0896915128758415,0.2857142857142857,0.1428571428571428,0.3019639435961613,0.2324883813610824,0.0397827856451366,-0.3741045480442169,0.0493171638223505,0.6593631777118396,0.1561693583473663,851.7247156520057,7062.70307620041,42.61100293913395,High,Historical support + V5,40.01232229970003,39.36353083340003,44.21231691530004,0.5,0.25,0.3436449976047702,0.2815460285185003,0.0290838495129719,0.7373739527538419,7024.18040602709,0.1600789725,63.38972827367731,Very High,Reliable Multi-Date Observation,Moderate,40.01232229970003,39.36353083340003,44.21231691530004,0.5,0.25,0.3436449976047702,0.2815460285185003,0.0290838495129719,0.7373739527538419,7024.18040602709,0.1600789725,0.6683354316635783,0.5,0.25,0.9906478412405704,0.965548929810449,0.3462403259440352,0.3959598117577827,63.276270555129486,Very High,1000000,100,0.12,0.18,0.9906478412405704,0.965548929810449,0.7686219088448626,0.8955627404247569,0.1737337644254854,17.37337644254854,173733.76442548542,0.35,60806.81754891989,112926.94687656552,30,2027,20.27,Street trees + pocket parks + green roofs + cool roofs + reflective pavement,Moderate,Madanayakanahalli,,,,,,Bangalore North,Bengaluru Urban,562162.0,"Madanayakanahalli, Bangalore North, Bengaluru Urban, Karnataka, 562162, India",3
8402_1459,8402,1459,13.110851598993891,77.45980014493621,13.106360043118936,13.115343154868846,77.4551908143712,77.46440947550121,6,3,Moderate,7,37.263081858671455,36.320706888800025,31.82122536080003,44.47217188580001,5.14361960679696,0.2857142857142857,0.1428571428571428,0.4509696014468423,0.4085777541371576,-0.0141124999782417,-0.5190813936370705,0.1684029378328701,0.3272892861989763,0.1504984608600695,863.9817342682184,8977.738104059508,38.93183108290184,Low,Historical support + V5,38.95564996175001,38.311954193600016,48.317666557099976,0.5,0.3333333333333333,0.4317611657736421,0.3518350596879165,0.0715228804619982,0.2585641900077462,8867.223052310823,0.15722734625,55.495934569383365,High,Reliable Multi-Date Observation,Moderate,38.95564996175001,38.311954193600016,48.317666557099976,0.5,0.3333333333333333,0.4317611657736421,0.3518350596879165,0.0715228804619982,0.2585641900077462,8867.223052310823,0.15722734625,0.6126933831053057,0.5,0.3333333333333333,0.9154256668264846,0.317390549334777,0.4370887452173337,0.4095676298869781,55.3527071977591,High,1000000,100,0.08,0.12,0.9154256668264846,0.317390549334777,0.6523055406340863,0.6606688369765985,0.1064267534790639,10.642675347906394,106426.75347906396,0.85,90462.74045720436,15964.013021859588,30,3016,30.16,Tree canopy expansion + parks + connected green corridors,Moderate,Mattahalli,,,,,,Bangalore North,Bengaluru Urban,562123.0,"Vaderahalli, Mattahalli, Bangalore North, Bengaluru Urban, Karnataka, 562123, India",4
8403_1429,8403,1429,12.841358246496586,77.46901880606623,12.836866690621632,12.84584980237154,77.46440947550121,77.47362813663123,6,3,Moderate,7,37.40961481751431,37.91610190399999,32.30439666800002,44.56045934240005,4.913075252304163,0.1428571428571428,0.1428571428571428,0.4789674462619175,0.4452082841220658,-0.0283800354844099,-0.5307671764365788,0.1959770025647754,0.3443260035864477,0.147865931738891,746.8478082789301,7384.45812430443,40.53442277002041,Moderate,Historical support + V5,39.95351526560003,38.39649322160003,44.49755068430006,0.3333333333333333,0.1666666666666666,0.4836871236844171,0.4557277480874447,0.1002656967611983,0.2885142212035134,7354.560206376976,0.1412072075,50.86519104406481,Moderate,Reliable Multi-Date Observation,Moderate,39.95351526560003,38.39649322160003,44.49755068430006,0.3333333333333333,0.1666666666666666,0.4836871236844171,0.4557277480874447,0.1002656967611983,0.2885142212035134,7354.560206376976,0.1412072075,0.6652387821825214,0.3333333333333333,0.1666666666666666,0.8644797075889289,0.3579335065286936,0.3625256152085759,0.486014932374279,50.74639688251078,High,1000000,100,0.08,0.12,0.8644797075889289,0.3579335065286936,0.5846858015651561,0.625925594914361,0.1050370237965744,10.503702379657444,105037.02379657445,0.85,89281.47022708827,15755.553569486176,30,2977,29.77,Tree canopy expansion + parks + connected green corridors,Moderate,Gangasandra,,,,,Gangasandra,Bangalore South,Bengaluru Urban,,"Gangasandra, Bangalore South, Bengaluru Urban, Karnataka, India",2
8403_1430,8403,1430,12.850341358246496,77.46901880606623,12.84584980237154,12.854832914121452,77.46440947550121,77.47362813663123,3,3,Moderate,7,38.18711670980003,37.82996779999999,32.86934410370001,44.99345411600004,4.755487551170543,0.2857142857142857,0.1428571428571428,0.4324793175202265,0.3845053185777231,0.0161867138181642,-0.5006301954709395,0.1184978056193882,0.3426947988119588,0.1502345888548415,760.0475150191163,7125.955313378203,45.170840052694274,Very High,Historical support + V5,39.35683151420002,38.644914915200005,44.219494757300005,0.3333333333333333,0.3333333333333333,0.5378062387813515,0.5534821726091302,0.0376479364931583,0.5579088816884905,5590.169943749474,0.1550757599999999,56.106586288916205,High,Reliable Multi-Date Observation,Moderate,39.35683151420002,38.644914915200005,44.219494757300005,0.3333333333333333,0.3333333333333333,0.5378062387813515,0.5534821726091302,0.0376479364931583,0.5579088816884905,5590.169943749474,0.1550757599999999,0.6338187240652223,0.3333333333333333,0.3333333333333333,0.9754682004685004,0.7226094601836509,0.2755541787829904,0.4198348920779049,56.01629135179182,Very High,1000000,100,0.12,0.18,0.9754682004685004,0.7226094601836509,0.6620468268859984,0.7868849659642873,0.1672130979578572,16.72130979578572,167213.09795785722,0.5,83606.54897892861,83606.54897892861,30,2787,27.87,Street-tree corridors + pocket parks + green roofs + shaded public spaces,Moderate,Devagere,,,,,,Bangalore South,Bengaluru Urban,560060.0,"Devagere, Bangalore South, Bengaluru Urban, Karnataka, 560060, India",2
8403_1434,8403,1434,12.886273805246136,77.46901880606623,12.881782249371184,12.890765361121092,77.46440947550121,77.47362813663123,1,1,Limited,7,38.21333536464288,37.81417654760002,32.598363478100026,44.51867404790003,4.760047754474824,0.2857142857142857,0.1428571428571428,0.3412092475053783,0.2846232906967524,0.0309123848174993,-0.4211307525883267,0.0995304723064914,0.5447557991118211,0.1511744852146923,783.9572974180583,8101.93523313021,47.12778376626978,Very High,Limited historical support + V5,,,,,,,,,,,,,,Limited Observation + V5,Limited,37.81417654760002,38.21333536464288,44.51867404790003,0.2857142857142857,0.1428571428571428,0.3412092475053783,0.2846232906967524,0.0995304723064914,0.5447557991118211,8101.93523313021,0.1511744852146923,0.5525858958010291,0.2857142857142857,0.1428571428571428,0.8657828754730376,0.704804307982363,0.3993656958880859,0.43845158062553,49.37287803994671,High,1000000,100,0.08,0.12,0.8657828754730376,0.704804307982363,0.5645228122344137,0.7050342083049194,0.1082013683321967,10.820136833219678,108201.36833219675,0.5,54100.68416609839,54100.68416609839,30,1804,18.04,Tree canopy expansion + parks + connected green corridors,Limited,Venkatapura,,,,,Venkatapura,Bangalore South,Bengaluru Urban,,"Venkatapura, Bangalore South, Bengaluru Urban, Karnataka, India",2
8403_1436,8403,1436,12.904240028745958,77.46901880606623,12.899748472871002,12.908731584620911,77.46440947550121,77.47362813663123,3,3,Moderate,7,38.21054479545717,37.30899319160002,32.72689812020002,44.95380508400002,4.9338553195238894,0.2857142857142857,0.1428571428571428,0.3096384948352952,0.2455711377547308,0.0369132026220482,-0.3909391115873042,0.0714076787745769,0.5055905295380347,0.1454777019703809,782.1137032649798,8944.601684213996,44.69936103227357,Very High,Historical support + V5,39.69753974779999,39.24860560760001,43.90633576490004,0.3333333333333333,0.3333333333333333,0.3147146746185399,0.2531097890751758,0.0312502088490873,0.726965986774303,7915.80697086532,0.158752565,59.62643641411037,High,Reliable Multi-Date Observation,Moderate,39.69753974779999,39.24860560760001,43.90633576490004,0.3333333333333333,0.3333333333333333,0.3147146746185399,0.2531097890751758,0.0312502088490873,0.726965986774303,7915.80697086532,0.158752565,0.6517596726424811,0.3333333333333333,0.3333333333333333,0.9868080207691609,0.9514598052807952,0.390190944320103,0.4022893621416034,59.498576742595,Very High,1000000,100,0.12,0.18,0.9868080207691609,0.9514598052807952,0.7131660987922298,0.868514198106297,0.1721108518863778,17.21108518863778,172110.85188637782,0.35,60238.79816023223,111872.0537261456,30,2008,20.08,Street trees + pocket parks + green roofs + cool roofs + reflective pavement,Moderate,Hemmigepura,,Hemmigepura,,Bengaluru,Bengaluru West City Corporation,Bangalore South,Bengaluru Urban,,"Hemmigepura, Bengaluru West City Corporation, Bengaluru, Bangalore South, Bengaluru Urban, Karnataka, India",2
8403_1439,8403,1439,12.931189363995689,77.46901880606623,12.926697808120734,12.935680919870643,77.46440947550121,77.47362813663123,5,5,High,7,36.93950278815718,36.07257572690002,31.652016280700035,44.21406010550003,4.977370488060281,0.1428571428571428,0.1428571428571428,0.3740178469154168,0.3199295426298803,-0.025531606630714,-0.4248211017840884,0.0961045320214909,0.3961481884596833,0.1404495224760026,808.1235048313628,819.641818518446,33.62001874605447,Low,Strong historical support + V5,42.25585935740001,38.81682195242003,45.0075876287,0.6,0.2,0.3121118522656326,0.2334180073384137,0.0350590425077825,0.6313429514411837,1118.033988749895,0.1614814725,65.7552202489819,Very High,Reliable Multi-Date Observation,High,42.25585935740001,38.81682195242003,45.0075876287,0.6,0.2,0.3121118522656326,0.2334180073384137,0.0350590425077825,0.6313429514411837,1118.033988749895,0.1614814725,0.7864751741584095,0.6,0.2,0.980056953570366,0.8220161795656092,0.055110835756598,0.3892671517620357,65.73716126155703,Very High,1000000,100,0.12,0.18,0.980056953570366,0.8220161795656092,0.804747305541419,0.870422900857598,0.1722253740514558,17.222537405145587,172225.37405145587,0.5,86112.68702572794,86112.68702572794,30,2871,28.71,Street-tree corridors + pocket parks + green roofs + shaded public spaces,Strong,Ullal,,Ullal,,Bengaluru,Bengaluru West City Corporation,Bangalore South,Bengaluru Urban,560110.0,"Sonnenahalli, Ullal, Bengaluru West City Corporation, Bengaluru, Bangalore South, Bengaluru Urban, Karnataka, 560110, India",2
8403_1442,8403,1442,12.95813869924542,77.46901880606623,12.953647143370464,12.962630255120374,77.46440947550121,77.47362813663123,4,3,Moderate,7,38.50003888224288,36.77210770009999,32.46220665140006,46.64022197180001,5.335775678989936,0.2857142857142857,0.1428571428571428,0.2988518063884764,0.2462585257020416,0.0532773562301766,-0.3953070072085716,0.031145060984012,0.6351110981458243,0.1639164922366366,837.1233127942094,3554.491460477875,43.82998178087212,High,Historical support + V5,37.10224570685001,38.42531852360001,45.1308927002,0.25,0.25,0.2584146789132568,0.1766840338791162,0.0273792566731572,0.7144674324663356,3634.05366088216,0.162977665,51.3183561850608,Moderate,Reliable Multi-Date Observation,Moderate,37.10224570685001,38.42531852360001,45.1308927002,0.25,0.25,0.2584146789132568,0.1766840338791162,0.0273792566731572,0.7144674324663356,3634.05366088216,0.162977665,0.5150971786382472,0.25,0.25,0.9936691915644162,0.9345406792544628,0.1791320625766258,0.3821273958328476,51.25965731720565,High,1000000,100,0.08,0.12,0.9936691915644162,0.9345406792544628,0.5922203648692357,0.8183075328088557,0.1127323013123542,11.273230131235422,112732.30131235423,0.35,39456.30545932398,73275.99585303025,30,1316,13.16,Street trees + green roofs + cool roofs + shaded corridors,Moderate,Manganahalli,,,,,Manganahalli,Bangalore North,Bengaluru Urban,,"Manganahalli, Bangalore North, Bengaluru Urban, Karnataka, India",6
8403_1445,8403,1445,12.98508803449515,77.46901880606623,12.980596478620194,12.989579590370104,77.46440947550121,77.47362813663123,6,4,Moderate,7,37.86769053358574,36.266719262900025,32.43532392410007,44.581924508,4.862724215660346,0.2857142857142857,0.1428571428571428,0.2590188025754395,0.2029409349650356,0.0551587670997889,-0.3303883594471747,0.0315296967361316,0.7166189748373749,0.1658575734905177,861.187052708146,7450.7869554858735,42.607463674601874,High,Historical support + V5,39.93104178410002,38.66990348975003,44.03370828020002,0.5,0.1666666666666666,0.2442151026188041,0.1359660427379842,0.0309478560811839,0.7346221940824762,7043.896249016007,0.15512719875,62.46451030166609,High,Reliable Multi-Date Observation,Moderate,39.93104178410002,38.66990348975003,44.03370828020002,0.5,0.1666666666666666,0.2442151026188041,0.1359660427379842,0.0309478560811839,0.7346221940824762,7043.896249016007,0.15512719875,0.6640553779199255,0.5,0.1666666666666666,0.9873439338692768,0.9618239108516397,0.3472121716980091,0.4195894289304134,62.35073412396208,Very High,1000000,100,0.12,0.18,0.9873439338692768,0.9618239108516397,0.7550352141388731,0.8880404402227061,0.1732824264133623,17.328242641336235,173282.42641336235,0.35,60648.84924467682,112633.57716868552,30,2022,20.22,Street trees + pocket parks + green roofs + cool roofs + reflective pavement,Moderate,1st Block,,,,,Kodigehalli,Bangalore North,Bengaluru Urban,560112.0,"1st Block, Kodigehalli, Bangalore North, Bengaluru Urban, Karnataka, 560112, India",2
8403_1446,8403,1446,12.99407114624506,77.46901880606623,12.989579590370104,12.998562702120015,77.46440947550121,77.47362813663123,4,4,Moderate,7,37.58610428021432,36.37231899080003,32.02781048960004,44.26815027200003,4.993531712815043,0.2857142857142857,0.1428571428571428,0.2830298821452762,0.2398730360893807,0.0248229834110648,-0.3632462999877791,0.0504442737941074,0.6584604073438296,0.1632914898877557,867.8170202952026,7132.699120241425,42.45162908445664,High,Historical support + V5,38.6677415921,39.099313614875015,46.71629000690002,0.5,0.5,0.2926736272638618,0.2125692644815291,0.0272349879960529,0.7214924552827142,7238.757976115941,0.1678763775,63.47012562856618,Very High,Reliable Multi-Date Observation,Moderate,38.6677415921,39.099313614875015,46.71629000690002,0.5,0.5,0.2926736272638618,0.2125692644815291,0.0272349879960529,0.7214924552827142,7238.757976115941,0.1678763775,0.5975327595997467,0.5,0.5,0.9939249043681478,0.9440503588093536,0.3568174187168936,0.3587509842967226,63.35320195667624,Very High,1000000,100,0.12,0.18,0.9939249043681478,0.9440503588093536,0.7697512468492037,0.8917868049708717,0.1735072082982522,17.350720829825228,173507.20829825228,0.35,60727.52290438829,112779.685393864,30,2025,20.25,Street trees + pocket parks + green roofs + cool roofs + reflective pavement,Moderate,Nada prabhu Kempegowda Nagara,,Nada prabhu Kempegowda Nagara,,Bengaluru,Bengaluru West City Corporation,Bangalore North,Bengaluru Urban,560091.0,"Gollarahatti, Nada prabhu Kempegowda Nagara, Bengaluru West City Corporation, Bengaluru, Bangalore North, Bengaluru Urban, Karnataka, 560091, India",2
8403_1447,8403,1447,13.00305425799497,77.46901880606623,12.998562702120015,13.007545813869925,77.46440947550121,77.47362813663123,5,5,High,7,37.30798731714288,36.24277603280004,31.66534655870004,44.6240003342,5.324857792665634,0.2857142857142857,0.1428571428571428,0.3352159084894011,0.2973700762698441,-0.0045458131757393,-0.3918703600730414,0.0799196399567251,0.6032821925671962,0.1826419461598434,867.4312827991442,5055.282490502256,41.37756287410581,Moderate,Strong historical support + V5,36.32532121580002,39.14342401748,47.9885966816,0.4,0.4,0.2356566098955666,0.2125070211570867,0.0273993015289306,0.7322184371296316,4464.302857109943,0.15755362,55.928234770520646,High,Reliable Multi-Date Observation,High,36.32532121580002,39.14342401748,47.9885966816,0.4,0.4,0.2356566098955666,0.2125070211570867,0.0273993015289306,0.7322184371296316,4464.302857109943,0.15755362,0.4741860383494967,0.4,0.4,0.9936336625336308,0.958569977171012,0.2200572290302125,0.4080106678375754,55.85612534453842,Very High,1000000,100,0.12,0.18,0.9936336625336308,0.958569977171012,0.6596956210668126,0.8512925246062487,0.1710775514763749,17.10775514763749,171077.5514763749,0.35,59877.143016731214,111200.40845964367,30,1996,19.96,Street trees + pocket parks + green roofs + cool roofs + reflective pavement,Strong,Nada prabhu Kempegowda Nagara,,Nada prabhu Kempegowda Nagara,,Bengaluru,Bengaluru West City Corporation,Bangalore North,Bengaluru Urban,560091.0,"Lingadeeranahalli, Nada prabhu Kempegowda Nagara, Bengaluru West City Corporation, Bengaluru, Bangalore North, Bengaluru Urban, Karnataka, 560091, India",2
8403_1448,8403,1448,13.01203736974488,77.46901880606623,13.007545813869925,13.016528925619834,77.46440947550121,77.47362813663123,5,4,Moderate,7,38.28425683820002,36.32327040380002,32.37337231160004,46.76340741260004,5.505710896676849,0.2857142857142857,0.1428571428571428,0.2982779469662233,0.2603538368712343,0.0473923889987466,-0.3974937348809442,0.0654119496910974,0.5929593784468757,0.1617071470429793,868.7315163362983,2399.0140212808374,41.59886744197552,Moderate,Historical support + V5,43.84853704670001,40.23762108800001,45.2999992397,0.6,0.4,0.2447604604330855,0.1956335616438356,0.0293263534549623,0.7270049864891917,2140.0934559032694,0.1717985924999999,71.74085257427244,Very High,Reliable Multi-Date Observation,Moderate,43.84853704670001,40.23762108800001,45.2999992397,0.6,0.4,0.2447604604330855,0.1956335616438356,0.0293263534549623,0.7270049864891917,2140.0934559032694,0.1717985924999999,0.8703420893249724,0.6,0.4,0.990218008762953,0.9515125986739296,0.1054908349288469,0.3400343700897937,71.70628482302597,Very High,1000000,100,0.12,0.18,0.990218008762953,0.9515125986739296,0.8923728778700112,0.9414036038835204,0.1764842162330112,17.64842162330112,176484.21623301122,0.35,61769.47568155392,114714.7405514573,30,2059,20.59,Street trees + pocket parks + green roofs + cool roofs + reflective pavement,Moderate,Andrahalli,,Andrahalli,,Bengaluru,Bengaluru West City Corporation,Bangalore North,Bengaluru Urban,560091.0,"Andrahalli, Bengaluru West City Corporation, Bengaluru, Bangalore North, Bengaluru Urban, Karnataka, 560091, India",2
8404_1437,8404,1437,12.913223140495868,77.47823746719624,12.908731584620911,12.917714696370822,77.47362813663123,77.48284679776124,1,1,Limited,7,37.26892178998572,36.957193483100006,31.9780782986,44.0462695037,4.931955930226125,0.2857142857142857,0.0,0.3213722289814471,0.2622997671304604,-0.0132042342194417,-0.3754353148032768,0.0456009105868224,0.6890324689993302,0.1470348915815845,796.6382370568431,6804.674545807288,42.97255686868604,High,Limited historical support + V5,,,,,,,,,,,,,,Limited Observation + V5,Limited,36.957193483100006,37.26892178998572,44.0462695037,0.2857142857142857,0.0,0.3213722289814471,0.2622997671304604,0.0456009105868224,0.6890324689993302,6804.674545807288,0.1470348915815845,0.5074590465631317,0.2857142857142857,0.0,0.9613717427736284,0.9001097089382327,0.3354203047891234,0.458205514819433,49.75643086878063,High,1000000,100,0.08,0.12,0.9613717427736284,0.9001097089382327,0.5701532931247358,0.7895688544552224,0.1115827541782089,11.15827541782089,111582.7541782089,0.5,55791.37708910445,55791.37708910445,30,1860,18.6,Street trees + green roofs + cool roofs + shaded corridors,Limited,Kengal Hanumanthaiah West,,Kengal Hanumanthaiah West,,Bengaluru,Bengaluru West City Corporation,Bangalore South,Bengaluru Urban,,"Kengal Hanumanthaiah West, Bengaluru West City Corporation, Bengaluru, Bangalore South, Bengaluru Urban, Karnataka, India",2
8404_1438,8404,1438,12.922206252245775,77.47823746719624,12.917714696370822,12.926697808120734,77.47362813663123,77.48284679776124,4,4,Moderate,7,37.69399896440002,37.013026839800034,31.873538156900008,44.52385234820002,5.073238237717343,0.2857142857142857,0.1428571428571428,0.3219282125143506,0.2729389978478214,3.838366178572727e-05,-0.3811234538150327,0.035165709162432,0.6721990298104972,0.1552872088400314,806.4980122069294,4443.942658642217,45.17218542868709,Very High,Historical support + V5,40.41699023255002,39.73597538270002,44.93126324210002,0.5,0.5,0.298078477554746,0.1835803120691227,0.0318236020393669,0.7359081937465817,4757.53938953382,0.1573225375,65.90682464056587,Very High,Reliable Multi-Date Observation,Moderate,40.41699023255002,39.73597538270002,44.93126324210002,0.5,0.5,0.298078477554746,0.1835803120691227,0.0318236020393669,0.7359081937465817,4757.53938953382,0.1573225375,0.6896443577714557,0.5,0.5,0.9857916949576956,0.9635647514201324,0.2345116289311637,0.4091133819933453,65.82997872633298,Very High,1000000,100,0.12,0.18,0.9857916949576956,0.9635647514201324,0.8061098478626371,0.9083622202352816,0.1745017332141168,17.45017332141169,174501.7332141169,0.35,61075.606624940905,113426.12658917598,30,2036,20.36,Street trees + pocket parks + green roofs + cool roofs + reflective pavement,Moderate,Kengal Hanumanthaiah West,,Kengal Hanumanthaiah West,,Bengaluru,Bengaluru West City Corporation,Bangalore South,Bengaluru Urban,,"Kengal Hanumanthaiah West, Bengaluru West City Corporation, Bengaluru, Bangalore South, Bengaluru Urban, Karnataka, India",2
8404_1441,8404,1441,12.94915558749551,77.47823746719624,12.944664031620553,12.953647143370464,77.47362813663123,77.48284679776124,7,5,High,7,37.7757702100143,36.66100496000003,31.98605937530004,44.4035893145,5.0008530701700495,0.2857142857142857,0.1428571428571428,0.3245573475001463,0.2727195503875132,0.0126109799581068,-0.3990530380887579,0.031632945078032,0.7328587487041982,0.1589168498050645,832.26589252897,6017.963016653853,44.35952046444258,Very High,Strong historical support + V5,38.93427879170002,38.48539510798573,43.46171972330004,0.2857142857142857,0.0,0.3413550859266139,0.32481426448737,0.0313999524805694,0.7052093802485615,6652.818951391959,0.15172362,53.43440842102297,High,Reliable Multi-Date Observation,High,38.93427879170002,38.48539510798573,43.46171972330004,0.2857142857142857,0.0,0.3413550859266139,0.32481426448737,0.0313999524805694,0.7052093802485615,6652.818951391959,0.15172362,0.6115680241468457,0.2857142857142857,0.0,0.9865426037388269,0.922008177624972,0.3279349431572277,0.4358311368395037,53.3269490995783,High,1000000,100,0.08,0.12,0.9865426037388269,0.922008177624972,0.6225678059525327,0.8248190780958454,0.1129927631238338,11.299276312383382,112992.7631238338,0.35,39547.46709334183,73445.29603049197,30,1319,13.19,Street trees + green roofs + cool roofs + shaded corridors,Strong,Ullal,,Ullal,,Bengaluru,Bengaluru West City Corporation,Bangalore North,Bengaluru Urban,560110.0,"Ullal, Bengaluru West City Corporation, Bengaluru, Bangalore North, Bengaluru Urban, Karnataka, 560110, India",6
8404_1442,8404,1442,12.95813869924542,77.47823746719624,12.953647143370464,12.962630255120374,77.47362813663123,77.48284679776124,1,1,Limited,7,37.07135046821431,36.36309033680003,31.377275833100025,44.19727762730004,5.295407894918277,0.2857142857142857,0.1428571428571428,0.3466905478462523,0.3112756192781504,-0.0222399000346222,-0.4006557617602965,0.0390206342421923,0.6869384366650801,0.1543447888044109,840.52894511834,5433.137076381839,42.69920180592828,High,Limited historical support + V5,,,,,,,,,,,,,,Limited Observation + V5,Limited,36.36309033680003,37.07135046821431,44.19727762730004,0.2857142857142857,0.1428571428571428,0.3466905478462523,0.3112756192781504,0.0390206342421923,0.6869384366650801,5433.137076381839,0.1543447888044109,0.4761748774524139,0.2857142857142857,0.1428571428571428,0.9730351263104292,0.8972750453368746,0.2678136157509471,0.423323050137628,49.88063557246905,High,1000000,100,0.08,0.12,0.9730351263104292,0.8972750453368746,0.5719765940054304,0.793671693145041,0.1117468677258016,11.174686772580165,111746.86772580164,0.5,55873.43386290082,55873.43386290082,30,1863,18.63,Street trees + green roofs + cool roofs + shaded corridors,Limited,Ullal,,Ullal,,Bengaluru,Bengaluru West City Corporation,Bangalore North,Bengaluru Urban,560110.0,"Ullal, Bengaluru West City Corporation, Bengaluru, Bangalore North, Bengaluru Urban, Karnataka, 560110, India",6
8404_1447,8404,1447,13.00305425799497,77.47823746719624,12.998562702120015,13.007545813869925,77.47362813663123,77.48284679776124,6,4,Moderate,7,37.68936998874289,36.65820218360003,31.88165595440005,44.38721699870003,5.004688279831836,0.2857142857142857,0.1428571428571428,0.2718636281894505,0.2192106592884491,0.0324988218319458,-0.3574688456491869,0.0363907249867005,0.7027013217282108,0.1591708324056783,876.5307677024289,4816.54359431567,44.04664611733921,High,Historical support + V5,39.867799869050046,39.194620830050034,43.29920996240003,0.5,0.0,0.2373262263861149,0.1738913578680107,0.0287715336307883,0.7137832284206524,5451.886121235224,0.1463068075,60.26607176023958,High,Reliable Multi-Date Observation,Moderate,39.867799869050046,39.194620830050034,43.29920996240003,0.5,0.0,0.2373262263861149,0.1738913578680107,0.0287715336307883,0.7137832284206524,5451.886121235224,0.1463068075,0.6607251973315366,0.5,0.0,0.9912014137241204,0.9336144813765804,0.2687378054821227,0.4616798957152339,60.17801044556048,Very High,1000000,100,0.12,0.18,0.9912014137241204,0.9336144813765804,0.7231400533382527,0.8695801364828882,0.1721748081889733,17.21748081889733,172174.8081889733,0.35,60261.18286614065,111913.62532283264,30,2009,20.09,Street trees + pocket parks + green roofs + cool roofs + reflective pavement,Moderate,Andrahalli,,Andrahalli,,Bengaluru,Bengaluru West City Corporation,Bangalore North,Bengaluru Urban,,"Andrahalli, Bengaluru West City Corporation, Bengaluru, Bangalore North, Bengaluru Urban, Karnataka, India",2
8404_1450,8404,1450,13.0300035932447,77.47823746719624,13.025512037369744,13.034495149119657,77.47362813663123,77.48284679776124,5,3,Moderate,7,37.8635962339143,36.25516635530002,32.00913101030003,45.0884579819,5.103008853104505,0.2857142857142857,0.1428571428571428,0.2972008423720271,0.2551895598008203,0.0427823285236833,-0.3980223940049031,0.0442218478610633,0.646959471682988,0.1643952190849311,877.2711884255469,4437.632608048572,41.86429027547128,Moderate,Historical support + V5,34.87015047110001,37.515318550880025,44.156261387300034,0.4,0.2,0.3269084226097091,0.2568193515182707,0.0265025442931801,0.7519083060324192,5636.488268416781,0.1593647425,52.18445432466107,Moderate,Reliable Multi-Date Observation,Moderate,34.87015047110001,37.515318550880025,44.156261387300034,0.4,0.2,0.3269084226097091,0.2568193515182707,0.0265025442931801,0.7519083060324192,5636.488268416781,0.1593647425,0.3975599374010632,0.4,0.2,0.9952231434356744,0.9852238897115894,0.2778373308239358,0.3993680816677737,52.09341123314146,High,1000000,100,0.08,0.12,0.9952231434356744,0.9852238897115894,0.6044597101119235,0.8364179566751527,0.1134567182670061,11.34567182670061,113456.7182670061,0.35,39709.85139345213,73746.86687355397,30,1324,13.24,Street trees + green roofs + cool roofs + shaded corridors,Moderate,Gangodanahalli,,,,,,Bangalore North,Bengaluru Urban,560091.0,"Gangodanahalli, Bangalore North, Bengaluru Urban, Karnataka, 560091, India",7
8404_1457,8404,1457,13.09288537549407,77.47823746719624,13.088393819619116,13.097376931369029,77.47362813663123,77.48284679776124,3,3,Moderate,7,37.8124748619286,36.58440713180002,32.00009034740003,45.05374798880001,5.424436579606688,0.2857142857142857,0.2857142857142857,0.3860625568270496,0.3283245406991505,0.0261936250004363,-0.4720723854586603,0.1086874242761001,0.4790840546028611,0.1648777579283183,857.6617149063951,11009.87074519817,43.65580782083727,High,Historical support + V5,41.10458477090004,40.39855855970003,43.72391603750004,0.6666666666666666,0.0,0.3838838690564361,0.3378590078328982,0.0932440496981144,0.4073172518983483,9895.453501482383,0.153928515,61.50889889536625,High,Reliable Multi-Date Observation,Moderate,41.10458477090004,40.39855855970003,43.72391603750004,0.6666666666666666,0.0,0.3838838690564361,0.3378590078328982,0.0932440496981144,0.4073172518983483,9895.453501482383,0.153928515,0.7258515786072911,0.6666666666666666,0.0,0.8769254102414672,0.5187555823550781,0.4877729283230615,0.4253094879544254,61.34906308344563,Very High,1000000,100,0.12,0.18,0.8769254102414672,0.5187555823550781,0.7403308781829542,0.7327451404464647,0.1639647084267878,16.396470842678788,163964.70842678787,0.7,114775.2958987515,49189.412528036366,30,3826,38.26,Large canopy expansion + urban forest + park restoration + shaded corridors,Moderate,Soladevanahalli,,,,,Sasiveghatta,Yelahanka taluku,Bengaluru Urban,,"Sasiveghatta, Soladevanahalli, Yelahanka taluku, Bengaluru Urban, Karnataka, India",8
8404_1459,8404,1459,13.110851598993891,77.47823746719624,13.106360043118936,13.115343154868846,77.47362813663123,77.48284679776124,3,3,Moderate,7,36.84298766912859,36.25998576350002,31.616058710300013,44.213051789600016,5.163089893565775,0.1428571428571428,0.1428571428571428,0.4566507624825983,0.4125491859781832,-0.0184820207414337,-0.5043336561833252,0.1932851190992172,0.3436137342304243,0.1405283520035035,851.9145868824536,12142.095384977823,33.85026352174364,Low,Historical support + V5,42.5204482856,39.94045273250001,43.00818264950003,0.6666666666666666,0.0,0.3019450054867285,0.2520496110994324,0.0389137268066406,0.6673883605981246,11910.499569707394,0.16239054,69.03790363962688,Very High,Reliable Multi-Date Observation,Moderate,42.5204482856,39.94045273250001,43.00818264950003,0.6666666666666666,0.0,0.3019450054867285,0.2520496110994324,0.0389137268066406,0.6673883605981246,11910.499569707394,0.16239054,0.8004078470051754,0.6666666666666666,0.0,0.9732246172008524,0.8708103684909817,0.5870998486361876,0.3849291270271455,68.8455198980612,Very High,1000000,100,0.12,0.18,0.9732246172008524,0.8708103684909817,0.8503774054583274,0.8984821703263748,0.1739089302195824,17.39089302195825,173908.9302195825,0.5,86954.46510979124,86954.46510979124,30,2899,28.99,Street-tree corridors + pocket parks + green roofs + shaded public spaces,Moderate,Hesaraghatta,,,,,Hesaraghatta,Yelahanka taluku,Bengaluru Urban,,"Hesaraghatta, Yelahanka taluku, Bengaluru Urban, Karnataka, India",9
8404_1463,8404,1463,13.146784045993533,77.47823746719624,13.142292490118576,13.151275601868488,77.47362813663123,77.48284679776124,4,4,Moderate,7,36.83141034710002,36.34200115340001,31.647948836900014,43.63732050080003,4.763612917031961,0.1428571428571428,0.0,0.4984415706513022,0.4330210438350266,-0.0357912004690713,-0.5481021595895806,0.20022471619968,0.2802998001403581,0.1448100008466008,865.8652192437431,2748.196157680735,31.404932106104944,Low,Historical support + V5,40.71698130290005,39.84652269455003,42.63264479210002,0.5,0.0,0.4676743137762726,0.4368514873301219,0.065645937458612,0.6492287145229056,2300.0,0.16128835375,58.56811140929317,High,Reliable Multi-Date Observation,Moderate,40.71698130290005,39.84652269455003,42.63264479210002,0.5,0.0,0.4676743137762726,0.4368514873301219,0.065645937458612,0.6492287145229056,2300.0,0.16128835375,0.7054412298045099,0.5,0.0,0.9258424087203638,0.8462278981532436,0.113373049044693,0.3901887047977247,58.53096077568528,Very High,1000000,100,0.12,0.18,0.9258424087203638,0.8462278981532436,0.6989616846899553,0.8151864914664203,0.1689111894879852,16.89111894879852,168911.18948798522,0.5,84455.59474399261,84455.59474399261,30,2816,28.16,Street-tree corridors + pocket parks + green roofs + shaded public spaces,Moderate,Dasenahalli,,,,,Dasenahalli,Yelahanka taluku,Bengaluru Urban,,"Dasenahalli, Yelahanka taluku, Bengaluru Urban, Karnataka, India",10
8405_1426,8405,1426,12.814408911246856,77.48745612832626,12.8099173553719,12.81890046712181,77.48284679776124,77.49206545889126,5,3,Moderate,7,38.954305947457165,37.217458616000016,33.04233009590001,47.12946026450006,5.196757975906521,0.2857142857142857,0.1428571428571428,0.390209563102551,0.3301459622830316,0.0633148081427335,-0.486466857037861,0.1852445711489801,0.2688132134882779,0.1466933962910235,792.8011677455505,7037.103185987357,41.96254388243528,Moderate,Historical support + V5,42.45260058860004,40.16909320502001,48.78856717249998,0.6,0.4,0.4284300919019609,0.3249733191035219,0.0786558724939823,0.0989575535058975,7111.258679024411,0.144795985,61.67209975986524,High,Reliable Multi-Date Observation,Moderate,42.45260058860004,40.16909320502001,48.78856717249998,0.6,0.4,0.4284300919019609,0.3249733191035219,0.0786558724939823,0.0989575535058975,7111.258679024411,0.144795985,0.7968351360374951,0.6,0.4,0.902782607861056,0.101333177331973,0.3505326430376232,0.4688894652741817,61.55723551391945,Very High,1000000,100,0.12,0.18,0.902782607861056,0.101333177331973,0.7433868089532688,0.6386619306656703,0.1583197158399402,15.83197158399402,158319.7158399402,0.85,134571.75846394917,23747.95737599104,30,4486,44.86,Large canopy expansion + urban forest + park restoration + shaded corridors,Moderate,Uttari,,,,,Uttari,Bangalore South,Bengaluru Urban,,"Uttari, Bangalore South, Bengaluru Urban, Karnataka, India",11
8405_1432,8405,1432,12.868307581746317,77.48745612832626,12.863816025871362,12.872799137621271,77.48284679776124,77.49206545889126,4,3,Moderate,7,38.71053520250002,37.56852345019999,32.801154604700024,46.91362939160003,5.234545292631849,0.2857142857142857,0.1428571428571428,0.3637229088871321,0.3034327833660108,0.0858025124859437,-0.4535447021864035,0.2300793641602768,0.138970896418451,0.1406258198805762,803.1435952171568,4193.805417042388,42.07952430192306,Moderate,Historical support + V5,40.58652402455,40.09744381527501,44.63755278350002,0.5,0.25,0.3396103459689656,0.2731264499875654,0.1244740040274336,0.0686267355922609,4984.981851354192,0.165321765,52.04730381335174,Moderate,Reliable Multi-Date Observation,Moderate,40.58652402455,40.09744381527501,44.63755278350002,0.5,0.25,0.3396103459689656,0.2731264499875654,0.1244740040274336,0.0686267355922609,4984.981851354192,0.165321765,0.698571635554682,0.5,0.25,0.8215710579159959,0.0602747542441587,0.2457228660523841,0.3709414676360345,51.96678414626408,High,1000000,100,0.08,0.12,0.8215710579159959,0.0602747542441587,0.6026008491173954,0.5436588984785965,0.1017463559391438,10.174635593914386,101746.35593914386,0.85,86484.40254827228,15261.953390871582,30,2883,28.83,Tree canopy expansion + parks + connected green corridors,Moderate,Badamanavarthekaval,,,,,Badamanavarthekaval,Bangalore South,Bengaluru Urban,,"Badamanavarthekaval, Bangalore South, Bengaluru Urban, Karnataka, India",12
8405_1434,8405,1434,12.886273805246136,77.48745612832626,12.881782249371184,12.890765361121092,77.48284679776124,77.49206545889126,4,4,Moderate,7,38.23604810754288,36.9615172784,32.588998103300035,45.32568566000005,4.892264810572357,0.2857142857142857,0.1428571428571428,0.3394340190531959,0.2788781581286403,0.0505849416973176,-0.428075441356216,0.0585024073440446,0.5284111325255125,0.1517265090640903,798.1939032044169,2235.882504073346,43.52663308319468,High,Historical support + V5,38.84887101695003,39.27588852807502,46.67691441650001,0.5,0.25,0.3786462763006905,0.3189987889376402,0.067612147075124,0.4980769047979265,2452.143278270854,0.15389640875,56.23492105889968,High,Reliable Multi-Date Observation,Moderate,38.84887101695003,39.27588852807502,46.67691441650001,0.5,0.25,0.3786462763006905,0.3189987889376402,0.067612147075124,0.4980769047979265,2452.143278270854,0.15389640875,0.6070706379853867,0.5,0.25,0.9223573488733195,0.6416157122290788,0.1208725913704416,0.425462697376877,56.19531293868878,Very High,1000000,100,0.12,0.18,0.9223573488733195,0.6416157122290788,0.6646748289451747,0.7490989317410014,0.16494593590446,16.49459359044601,164945.9359044601,0.7,115462.15513312204,49483.78077133803,30,3849,38.49,Large canopy expansion + urban forest + park restoration + shaded corridors,Moderate,Hemmigepura,,Hemmigepura,,Bengaluru,Bengaluru West City Corporation,Bangalore South,Bengaluru Urban,,"Hemmigepura, Bengaluru West City Corporation, Bengaluru, Bangalore South, Bengaluru Urban, Karnataka, India",13
8405_1438,8405,1438,12.922206252245775,77.48745612832626,12.917714696370822,12.926697808120734,77.48284679776124,77.49206545889126,3,3,Moderate,7,36.90997109535716,36.49799958620002,31.54002485540003,43.45802826170001,4.940327372304338,0.2857142857142857,0.0,0.3137151643448073,0.2682643613882518,-0.0262442983714236,-0.3596939387098258,0.0387699358732382,0.7065468236605166,0.1470300520700479,803.9772186295003,7377.434516402551,41.29634810954819,Moderate,Historical support + V5,38.42552360480001,39.42592109180003,42.60601841630003,0.3333333333333333,0.0,0.2947506650055557,0.2961770623742454,0.0343314486090093,0.6918444114271551,8486.45980371085,0.1552214,53.9604132577302,High,Reliable Multi-Date Observation,Moderate,38.42552360480001,39.42592109180003,42.60601841630003,0.3333333333333333,0.0,0.2947506650055557,0.2961770623742454,0.0343314486090093,0.6918444114271551,8486.45980371085,0.1552214,0.5847780914524006,0.3333333333333333,0.0,0.9813465964753108,0.9039161978443002,0.4183199232790983,0.4191399052673656,53.82333614521032,High,1000000,100,0.08,0.12,0.9813465964753108,0.9039161978443002,0.6298546711886246,0.8213922267028836,0.1128556890681153,11.285568906811534,112855.68906811536,0.5,56427.84453405767,56427.84453405767,30,1881,18.81,Street trees + green roofs + cool roofs + shaded corridors,Moderate,Kengeri,,Kengeri,,Bengaluru,Bengaluru West City Corporation,Bangalore South,Bengaluru Urban,,"Kengeri, Bengaluru West City Corporation, Bengaluru, Bangalore South, Bengaluru Urban, Karnataka, India",2
8405_1440,8405,1440,12.940172475745598,77.48745612832626,12.935680919870643,12.944664031620553,77.48284679776124,77.49206545889126,4,3,Moderate,7,37.37935801618574,36.617954998100025,31.66847404700005,43.87082253710004,5.008670657653491,0.2857142857142857,0.0,0.28436810038293,0.2408694066769684,-0.0008451751553029,-0.3392677251899428,0.0320731509897892,0.7306764610973663,0.1545555096468929,822.271951479038,7187.1132631533,42.021274013637104,Moderate,Historical support + V5,39.56430532820005,38.96595956457505,42.69917655140004,0.5,0.0,0.3748100968185355,0.2623657240873585,0.0366247697966173,0.73790977767203,6911.906196738845,0.14778918125,60.25248878256051,High,Reliable Multi-Date Observation,Moderate,39.56430532820005,38.96595956457505,42.69917655140004,0.5,0.0,0.3748100968185355,0.2623657240873585,0.0366247697966173,0.73790977767203,6911.906196738845,0.14778918125,0.6447438402233269,0.5,0.0,0.9772817391375226,0.966274268845308,0.3407060348848655,0.4546060821712978,60.14084456749654,Very High,1000000,100,0.12,0.18,0.9772817391375226,0.966274268845308,0.7225944654805194,0.8726549621016677,0.1723592977261,17.235929772610007,172359.29772610008,0.35,60325.754204135024,112033.54352196504,30,2011,20.11,Street trees + pocket parks + green roofs + cool roofs + reflective pavement,Moderate,Nagadevanahalli,,Nagadevanahalli,,Bengaluru,Bengaluru West City Corporation,Bangalore South,Bengaluru Urban,,"Nagadevanahalli, Bengaluru West City Corporation, Bengaluru, Bangalore South, Bengaluru Urban, Karnataka, India",6
8405_1441,8405,1441,12.94915558749551,77.48745612832626,12.944664031620553,12.953647143370464,77.48284679776124,77.49206545889126,6,5,High,7,37.13367806291431,36.34526536250003,31.303805493200045,43.7215746938,5.108944375963633,0.2857142857142857,0.0,0.3041974642372072,0.2604076424128262,-0.0133862373995077,-0.3625277154432821,0.0335624349359223,0.7294386669616821,0.1549436192145835,828.6810488533263,5569.587945761376,40.909481230248815,Moderate,Strong historical support + V5,35.35773102410003,38.070439748750026,47.27351271740006,0.3333333333333333,0.1666666666666666,0.1851357295378571,0.0900774498869002,0.0287088245386257,0.7342853649752215,4640.574824213986,0.146188915,50.71031347203599,Moderate,Reliable Multi-Date Observation,High,35.35773102410003,38.070439748750026,47.27351271740006,0.3333333333333333,0.1666666666666666,0.1851357295378571,0.0900774498869002,0.0287088245386257,0.7342853649752215,4640.574824213986,0.146188915,0.4232348602998018,0.3333333333333333,0.1666666666666666,0.991312564100614,0.961367949788099,0.2287461378874695,0.4622424728407587,50.63535682202539,High,1000000,100,0.08,0.12,0.991312564100614,0.961367949788099,0.5830557550849257,0.8205236869162098,0.1128209474766483,11.28209474766484,112820.9474766484,0.35,39487.33161682694,73333.61585982145,30,1317,13.17,Street trees + green roofs + cool roofs + shaded corridors,Strong,Ullal,,Ullal,,Bengaluru,Bengaluru West City Corporation,Bangalore North,Bengaluru Urban,560110.0,"Ullal, Bengaluru West City Corporation, Bengaluru, Bangalore North, Bengaluru Urban, Karnataka, 560110, India",6
8405_1448,8405,1448,13.01203736974488,77.48745612832626,13.007545813869925,13.016528925619834,77.48284679776124,77.49206545889126,2,2,Limited,7,37.634408227142885,36.552021392300034,31.98289770680005,44.67219441619999,4.970625590666873,0.2857142857142857,0.1428571428571428,0.2325947749582451,0.1863758083506541,0.0336176515710081,-0.3070899448619166,0.0340591978603861,0.6902176782319502,0.1560295794391889,889.6109240686408,3876.796380024239,43.49371589862495,High,Limited historical support + V5,,,,,,,,,,,,,,Limited Observation + V5,Limited,36.552021392300034,37.634408227142885,44.67219441619999,0.2857142857142857,0.1428571428571428,0.2325947749582451,0.1863758083506541,0.0340591978603861,0.6902176782319502,3876.796380024239,0.1560295794391889,0.4861235726029765,0.2857142857142857,0.1428571428571428,0.9818291544611868,0.9017141108458588,0.1910974896212071,0.4152833133229487,49.93161818961504,High,1000000,100,0.08,0.12,0.9818291544611868,0.9017141108458588,0.5727250089042379,0.7981587353345753,0.111926349413383,11.1926349413383,111926.349413383,0.5,55963.17470669151,55963.17470669151,30,1866,18.66,Street trees + green roofs + cool roofs + shaded corridors,Limited,Andrahalli,,Andrahalli,,Bengaluru,Bengaluru West City Corporation,Bangalore North,Bengaluru Urban,,"Andrahalli, Bengaluru West City Corporation, Bengaluru, Bangalore North, Bengaluru Urban, Karnataka, India",2
8405_1450,8405,1450,13.0300035932447,77.48745612832626,13.025512037369744,13.034495149119657,77.48284679776124,77.49206545889126,1,1,Limited,7,37.84515113312859,36.65842435490002,32.00509774670003,44.47957189910002,4.951864935972029,0.2857142857142857,0.1428571428571428,0.2928172205371017,0.2488057853797391,0.0329323098737332,-0.379962734135097,0.0395518633679708,0.6582204566676132,0.1587764507779847,884.623792797588,3909.178294070703,43.602733204571386,High,Limited historical support + V5,,,,,,,,,,,,,,Limited Observation + V5,Limited,36.65842435490002,37.84515113312859,44.47957189910002,0.2857142857142857,0.1428571428571428,0.2928172205371017,0.2488057853797391,0.0395518633679708,0.6582204566676132,3909.178294070703,0.1587764507779847,0.491726519324586,0.2857142857142857,0.1428571428571428,0.9720935353018798,0.8583998993938678,0.1926936793296205,0.4021753804012929,49.4629714732876,High,1000000,100,0.08,0.12,0.9720935353018798,0.8583998993938678,0.5658453663042444,0.7811708587258226,0.1112468343490329,11.12468343490329,111246.8343490329,0.5,55623.41717451645,55623.41717451645,30,1855,18.55,Street trees + green roofs + cool roofs + shaded corridors,Limited,Andrahalli,,Andrahalli,,Bengaluru,Bengaluru West City Corporation,Bangalore North,Bengaluru Urban,,"Andrahalli, Bengaluru West City Corporation, Bengaluru, Bangalore North, Bengaluru Urban, Karnataka, India",7
8405_1451,8405,1451,13.03898670499461,77.48745612832626,13.034495149119657,13.043478260869565,77.48284679776124,77.49206545889126,2,2,Limited,7,37.635533732300026,36.40120125980004,31.95765562910003,44.49385922270003,5.009836850314079,0.2857142857142857,0.1428571428571428,0.2944845824353229,0.2433200822562685,0.0280919795485155,-0.3767843392479368,0.0343618396377376,0.7145901308232774,0.1557627748906114,871.9105085708219,4875.5633417526615,43.12937223821788,High,Limited historical support + V5,,,,,,,,,,,,,,Limited Observation + V5,Limited,36.40120125980004,37.635533732300026,44.49385922270003,0.2857142857142857,0.1428571428571428,0.2944845824353229,0.2433200822562685,0.0343618396377376,0.7145901308232774,4875.5633417526615,0.1557627748906114,0.4781817150992489,0.2857142857142857,0.1428571428571428,0.9812927290986884,0.9347067743814008,0.2403293399413182,0.4165564913115034,50.26776786096448,High,1000000,100,0.08,0.12,0.9812927290986884,0.9347067743814008,0.5776596206670433,0.8081929970467086,0.1123277198818683,11.232771988186837,112327.71988186835,0.35,39314.701958653925,73013.01792321443,30,1311,13.11,Street trees + green roofs + cool roofs + shaded corridors,Limited,Andrahalli,,Andrahalli,,Bengaluru,Bengaluru West City Corporation,Bangalore North,Bengaluru Urban,,"Andrahalli, Bengaluru West City Corporation, Bengaluru, Bangalore North, Bengaluru Urban, Karnataka, India",7
8405_1453,8405,1453,13.05695292849443,77.48745612832626,13.052461372619476,13.061444484369384,77.48284679776124,77.49206545889126,2,2,Limited,7,37.52300030668575,36.23206054010002,31.88897051720004,44.399368059800025,4.968031883663984,0.2857142857142857,0.1428571428571428,0.2645298644232502,0.2017752898761491,0.0137532950294063,-0.3305604280528855,0.0324784413501071,0.7067654955303958,0.1571736566948906,872.3963266609902,3081.2894695710943,42.36919377877199,High,Limited historical support + V5,,,,,,,,,,,,,,Limited Observation + V5,Limited,36.23206054010002,37.52300030668575,44.399368059800025,0.2857142857142857,0.1428571428571428,0.2645298644232502,0.2017752898761491,0.0324784413501071,0.7067654955303958,3081.2894695710943,0.1571736566948906,0.4692751356415261,0.2857142857142857,0.1428571428571428,0.9846310078320905,0.9241146700973112,0.151884861806339,0.4098238337641048,49.468837936981046,High,1000000,100,0.08,0.12,0.9846310078320905,0.9241146700973112,0.5659314848496874,0.8020221142054345,0.1120808845682173,11.208088456821738,112080.8845682174,0.35,39228.30959887608,72852.57496934131,30,1308,13.08,Street trees + green roofs + cool roofs + shaded corridors,Limited,Madhavara,,Madhavara,,,,Bangalore North,Bengaluru Urban,560073.0,"Anchepalya, Madhavara, Chikkabidarakallu, Bangalore North, Bengaluru Urban, Karnataka, 560073, India",14
8405_1454,8405,1454,13.06593604024434,77.48745612832626,13.061444484369384,13.070427596119297,77.48284679776124,77.49206545889126,2,2,Limited,7,37.56015418408573,36.385597998500025,31.97199422300005,44.311388225000016,4.905465839989262,0.2857142857142857,0.1428571428571428,0.2894989584862608,0.2335487269224528,0.0130369781565247,-0.3720944552515359,0.0379117171727167,0.6945751789558703,0.1615072001800292,877.3826622948045,5556.955196085036,42.86631436213746,High,Limited historical support + V5,,,,,,,,,,,,,,Limited Observation + V5,Limited,36.385597998500025,37.56015418408573,44.311388225000016,0.2857142857142857,0.1428571428571428,0.2894989584862608,0.2335487269224528,0.0379117171727167,0.6945751789558703,5556.955196085036,0.1615072001800292,0.4773600815694007,0.2857142857142857,0.1428571428571428,0.9750006554788742,0.9076128013736776,0.2739169365151785,0.3891443805571054,49.90867544979189,High,1000000,100,0.08,0.12,0.9750006554788742,0.9076128013736776,0.5723882139481465,0.7971087153402839,0.1118843486136113,11.188434861361134,111884.34861361136,0.5,55942.17430680568,55942.17430680568,30,1865,18.65,Street trees + green roofs + cool roofs + shaded corridors,Limited,Madhavara,,Madhavara,,,,Bangalore North,Bengaluru Urban,560073.0,"Anchepalya, Madhavara, Chikkabidarakallu, Bangalore North, Bengaluru Urban, Karnataka, 560073, India",14
8405_1459,8405,1459,13.110851598993891,77.48745612832626,13.106360043118936,13.115343154868846,77.48284679776124,77.49206545889126,1,1,Limited,7,37.58173165605717,36.16754541260001,31.964013146300044,44.673151461800025,5.237004514650383,0.2857142857142857,0.1428571428571428,0.3791747543040025,0.3256262786737744,0.0218693602649363,-0.462586602212404,0.0568730454768647,0.6570578696529439,0.1626133687353739,864.4220113461294,11302.27249412422,41.61200903236464,Moderate,Limited historical support + V5,,,,,,,,,,,,,,Limited Observation + V5,Limited,36.16754541260001,37.58173165605717,44.673151461800025,0.2857142857142857,0.1428571428571428,0.3791747543040025,0.3256262786737744,0.0568730454768647,0.6570578696529439,11302.27249412422,0.1626133687353739,0.4658779104770414,0.2857142857142857,0.1428571428571428,0.9413921513985026,0.8568261208805219,0.5571187364316653,0.3838657994241937,49.94183204480186,High,1000000,100,0.08,0.12,0.9413921513985026,0.8568261208805219,0.5728749463108288,0.7728437617339379,0.1109137504693575,11.091375046935752,110913.75046935752,0.5,55456.87523467876,55456.87523467876,30,1849,18.49,Street trees + green roofs + cool roofs + shaded corridors,Limited,Hurali Chikkanahalli,,,,,,Yelahanka taluku,Bengaluru Urban,560088.0,"Hurali Chikkanahalli, Yelahanka taluku, Bengaluru Urban, Karnataka, 560088, India",9
8406_1436,8406,1436,12.904240028745958,77.49667478945626,12.899748472871002,12.908731584620911,77.49206545889126,77.50128412002127,3,3,Moderate,7,37.097254176928594,36.41101097720003,31.41270361040004,44.93738149790004,5.306265066226506,0.2857142857142857,0.1428571428571428,0.3985768535680878,0.3574673954201399,-0.0173968953782939,-0.4480756825208431,0.1283734945074085,0.3856389153155605,0.1361323385992888,823.5593057442093,8508.815339178598,39.87941035384298,Low,Historical support + V5,43.26434615840002,39.94706660120004,44.03345192870005,0.6666666666666666,0.3333333333333333,0.3896931510392345,0.1386397608370702,0.0326725924387574,0.7408876204863191,8528.77482408816,0.1624422399999999,73.81795428249953,Very High,Reliable Multi-Date Observation,Moderate,43.26434615840002,39.94706660120004,44.03345192870005,0.6666666666666666,0.3333333333333333,0.3896931510392345,0.1386397608370702,0.0326725924387574,0.7408876204863191,8528.77482408816,0.1624422399999999,0.8395798779878703,0.6666666666666666,0.3333333333333333,0.9842868796386196,0.970305334888638,0.4204057419228217,0.3846824172076949,73.68019367875438,Very High,1000000,100,0.12,0.18,0.9842868796386196,0.970305334888638,0.921349475761899,0.955616531900436,0.1773369919140261,17.733699191402614,177336.99191402615,0.35,62067.947169909145,115269.044744117,30,2069,20.69,Street trees + pocket parks + green roofs + cool roofs + reflective pavement,Moderate,Hemmigepura,,Hemmigepura,,Bengaluru,Bengaluru West City Corporation,Bangalore South,Bengaluru Urban,,"Hemmigepura, Bengaluru West City Corporation, Bengaluru, Bangalore South, Bengaluru Urban, Karnataka, India",15
8406_1438,8406,1438,12.922206252245775,77.49667478945626,12.917714696370822,12.926697808120734,77.49206545889126,77.50128412002127,3,3,Moderate,7,37.22057877997145,36.761152946,31.81421841980002,44.22192155150002,5.208261341448241,0.2857142857142857,0.1428571428571428,0.3078097198559599,0.2585563217525997,-0.0175888328014859,-0.3704327768432811,0.0543806292233498,0.6358120861033354,0.1499261605959391,799.085349202578,10512.937546651874,43.792824894732696,High,Historical support + V5,37.1968479554,37.1663421269,43.7848593341,0.3333333333333333,0.0,0.3586224855152659,0.3791878172588832,0.037163951434195,0.6676657358184457,11580.155439371269,0.1473960549999999,52.6159841338343,Moderate,Reliable Multi-Date Observation,Moderate,37.1968479554,37.1663421269,43.7848593341,0.3333333333333333,0.0,0.3586224855152659,0.3791878172588832,0.037163951434195,0.6676657358184457,11580.155439371269,0.1473960549999999,0.5200787256310949,0.3333333333333333,0.0,0.9763260524906844,0.8711858476218922,0.570816317640438,0.4564820610138317,52.42893625911672,High,1000000,100,0.08,0.12,0.9763260524906844,0.8711858476218922,0.6093851522021878,0.8032646411580877,0.1121305856463235,11.21305856463235,112130.5856463235,0.5,56065.29282316175,56065.29282316175,30,1869,18.69,Street trees + green roofs + cool roofs + shaded corridors,Moderate,Mylasandra,,Mylasandra,,Bengaluru,Bengaluru West City Corporation,Bangalore South,Bengaluru Urban,560059.0,"Mylasandra, Bengaluru West City Corporation, Bengaluru, Bangalore South, Bengaluru Urban, Karnataka, 560059, India",2
8406_1440,8406,1440,12.940172475745598,77.49667478945626,12.935680919870643,12.944664031620553,77.49206545889126,77.50128412002127,5,3,Moderate,7,36.659515679857165,36.03284124440003,31.104791278700045,43.69472614670004,5.039354730380841,0.1428571428571428,0.0,0.3787624637214765,0.34419550977005,-0.0467490719629397,-0.4316686372341761,0.1504695119378464,0.5228567214886735,0.1450717746074123,831.6639896703888,8246.445887996868,32.58404766626973,Low,Historical support + V5,36.380419698200015,38.19332041610003,43.92060599840001,0.4,0.2,0.3900411110525484,0.4042553191489361,0.0621267186943441,0.6900686959270388,7495.331880577403,0.150167615,53.49362122010095,High,Reliable Multi-Date Observation,Moderate,36.380419698200015,38.19332041610003,43.92060599840001,0.4,0.2,0.3900411110525484,0.4042553191489361,0.0621267186943441,0.6900686959270388,7495.331880577403,0.150167615,0.4770874036290455,0.4,0.2,0.9320801403972496,0.901512435489623,0.3694646212621535,0.4432563150332164,53.37255325120319,High,1000000,100,0.08,0.12,0.9320801403972496,0.901512435489623,0.623237266024106,0.8009010644210856,0.1120360425768434,11.20360425768434,112036.0425768434,0.5,56018.0212884217,56018.0212884217,30,1868,18.68,Street trees + green roofs + cool roofs + shaded corridors,Moderate,Nagadevanahalli,,Nagadevanahalli,,Bengaluru,Bengaluru West City Corporation,Bangalore South,Bengaluru Urban,,"Nagadevanahalli, Bengaluru West City Corporation, Bengaluru, Bangalore South, Bengaluru Urban, Karnataka, India",6
8406_1441,8406,1441,12.94915558749551,77.49667478945626,12.944664031620553,12.953647143370464,77.49206545889126,77.50128412002127,2,2,Limited,7,37.202490129842886,36.32564592770004,31.36032245390004,44.23701210980002,5.1186884324543085,0.2857142857142857,0.1428571428571428,0.273440702583512,0.2166652954514002,-0.0022015425945306,-0.3305521216683685,0.0415722431052911,0.6934218438595174,0.1491171143791506,844.8843299466458,5018.361553130258,42.61306960067972,High,Limited historical support + V5,,,,,,,,,,,,,,Limited Observation + V5,Limited,36.32564592770004,37.202490129842886,44.23701210980002,0.2857142857142857,0.1428571428571428,0.273440702583512,0.2166652954514002,0.0415722431052911,0.6934218438595174,5018.361553130258,0.1491171143791506,0.4742031369662197,0.2857142857142857,0.1428571428571428,0.9685124602022638,0.9060515470585808,0.2473682393421906,0.4482692515613206,49.86391250855249,High,1000000,100,0.08,0.12,0.9685124602022638,0.9060515470585808,0.571731102681338,0.7941846889079727,0.1117673875563189,11.17673875563189,111767.3875563189,0.5,55883.69377815945,55883.69377815945,30,1863,18.63,Street trees + green roofs + cool roofs + shaded corridors,Limited,Jnana Bharathi Ward,,Jnana Bharathi Ward,,Bengaluru,Bengaluru West City Corporation,Bangalore South,Bengaluru Urban,560056.0,"Jnana Bharathi Ward, Bengaluru West City Corporation, Bengaluru, Bangalore South, Bengaluru Urban, Karnataka, 560056, India",6
8406_1448,8406,1448,13.01203736974488,77.49667478945626,13.007545813869925,13.016528925619834,77.49206545889126,77.50128412002127,5,4,Moderate,7,37.97272140530002,35.782966892300045,31.262413271000025,46.64112774710003,5.7008596399821405,0.2857142857142857,0.1428571428571428,0.2035893970566623,0.1521147182747403,0.0637638349292047,-0.267899871356313,0.0285426820782635,0.7270094911869742,0.1504400120774333,905.237940627506,3256.440784082245,40.761003049771126,Moderate,Historical support + V5,36.19403506760003,39.19211371238002,47.525882224100016,0.4,0.4,0.2170866370542572,0.2224448897795591,0.0305995891103521,0.7410977790132165,2973.2137494637013,0.1612732975,55.27561567135779,High,Reliable Multi-Date Observation,Moderate,36.19403506760003,39.19211371238002,47.525882224100016,0.4,0.4,0.2170866370542572,0.2224448897795591,0.0305995891103521,0.7410977790132165,2973.2137494637013,0.1612732975,0.4672727976306718,0.4,0.4,0.9879612288036036,0.9705898236794592,0.1465575253210016,0.3902605524712085,55.22759098672986,High,1000000,100,0.08,0.12,0.9879612288036036,0.9705898236794592,0.650468859003002,0.8486214296023269,0.113944857184093,11.394485718409308,113944.85718409308,0.35,39880.70001443257,74064.1571696605,30,1330,13.3,Street trees + green roofs + cool roofs + shaded corridors,Moderate,Andrahalli,,Andrahalli,,Bengaluru,Bengaluru West City Corporation,Bangalore North,Bengaluru Urban,,"Andrahalli, Bengaluru West City Corporation, Bengaluru, Bangalore North, Bengaluru Urban, Karnataka, India",2
8406_1456,8406,1456,13.08390226374416,77.49667478945626,13.079410707869206,13.088393819619116,77.49206545889126,77.50128412002127,3,2,Limited,7,37.74196843365718,36.27104305820004,32.47184546780007,44.52653549390003,5.002704296014404,0.2857142857142857,0.1428571428571428,0.2885923980145741,0.2199883423577565,0.0324118884285495,-0.3653474830020694,0.0291678665616388,0.7164436273110364,0.1613943424726449,871.1653132497638,3753.618960610104,42.623142635728215,High,Limited historical support + V5,,,,,,,,,,,,,,Limited Observation + V5,Limited,36.27104305820004,37.74196843365718,44.52653549390003,0.2857142857142857,0.1428571428571428,0.2885923980145741,0.2199883423577565,0.0291678665616388,0.7164436273110364,3753.618960610104,0.1613943424726449,0.4713278695753519,0.2857142857142857,0.1428571428571428,0.9904989230172452,0.9372158278201468,0.1850257506592778,0.3896829319035744,49.814450194963534,High,1000000,100,0.08,0.12,0.9904989230172452,0.9372158278201468,0.5710050055429061,0.809380582228235,0.1123752232891294,11.23752232891294,112375.2232891294,0.35,39331.32815119529,73043.8951379341,30,1312,13.12,Street trees + green roofs + cool roofs + shaded corridors,Limited,Chikka Banavara,,Chikka Banavara,,,,Bangalore North,Bengaluru Urban,560107.0,"Chikka Banavara, Bangalore North, Bengaluru Urban, Karnataka, 560107, India",2
8406_1457,8406,1457,13.09288537549407,77.49667478945626,13.088393819619116,13.097376931369029,77.49206545889126,77.50128412002127,1,1,Limited,7,37.84987776650002,36.62646586790003,31.95025561580005,44.6456534909,5.094991996265248,0.2857142857142857,0.2857142857142857,0.3460224665008993,0.2936559175183708,0.0179087453709313,-0.427193148872961,0.0619597895688517,0.5833002200853505,0.1684402014356584,864.406848357297,5380.544265996501,44.8675395387256,Very High,Limited historical support + V5,,,,,,,,,,,,,,Limited Observation + V5,Limited,36.62646586790003,37.84987776650002,44.6456534909,0.2857142857142857,0.2857142857142857,0.3460224665008993,0.2936559175183708,0.0619597895688517,0.5833002200853505,5380.544265996501,0.1684402014356584,0.4900436554682725,0.2857142857142857,0.2857142857142857,0.932376018307555,0.7569813758251157,0.2652211778069405,0.3560604446184156,49.36317180903944,High,1000000,100,0.08,0.12,0.932376018307555,0.7569813758251157,0.5643803266534663,0.7413290810253097,0.1096531632410123,10.96531632410124,109653.1632410124,0.5,54826.58162050619,54826.58162050619,30,1828,18.28,Tree canopy expansion + parks + connected green corridors,Limited,Chikka Banavara,,Chikka Banavara,,,,Bangalore North,Bengaluru Urban,560107.0,"Chikka Banavara, Bangalore North, Bengaluru Urban, Karnataka, 560107, India",2
8406_1463,8406,1463,13.146784045993533,77.49667478945626,13.142292490118576,13.151275601868488,77.49206545889126,77.50128412002127,4,3,Moderate,7,36.78041837158575,36.28148510930001,31.438714742600027,43.60090149770005,4.734859933068261,0.1428571428571428,0.0,0.4896814985228342,0.4310882575549106,-0.0266803159117319,-0.5104619726309593,0.244174571072599,0.0871616331160362,0.1236625775794091,867.1906991770626,2977.779846881477,29.229565229316616,Low,Historical support + V5,42.33983156375004,40.71932264660004,46.92863449940003,0.5,0.5,0.5224205724982458,0.4640375318302975,0.1712103863246738,0.054604995297268,3141.42350888525,0.1564062925,55.61324016954045,High,Reliable Multi-Date Observation,Moderate,42.33983156375004,40.71932264660004,46.92863449940003,0.5,0.5,0.5224205724982458,0.4640375318302975,0.1712103863246738,0.054604995297268,3141.42350888525,0.1564062925,0.7908969664354157,0.5,0.5,0.7387319303009235,0.0412937116920409,0.1548490267578257,0.4134856573999785,55.56249848528575,High,1000000,100,0.08,0.12,0.7387319303009235,0.0412937116920409,0.655385235910917,0.5310336978927003,0.101241347915708,10.1241347915708,101241.347915708,0.85,86055.1457283518,15186.202187356204,30,2869,28.69,Tree canopy expansion + parks + connected green corridors,Moderate,Aivarakandapura,,,,,,Yelahanka taluku,Bengaluru Urban,560089.0,"Aivarakandapura, Yelahanka taluku, Bengaluru Urban, Karnataka, 560089, India",16
8407_1424,8407,1424,12.796442687747035,77.50589345058627,12.79195113187208,12.80093424362199,77.50128412002127,77.51050278115129,0,0,Prediction Only,7,38.42822139915717,37.34592489769999,32.75603674070003,45.20719999670005,4.823746839644103,0.2857142857142857,0.1428571428571428,0.3543588607580344,0.2776915004895011,0.0455189277872258,-0.4352530606864996,0.0506203150728253,0.5578482082416077,0.1542243197374806,746.0842044072982,7349.170017393121,45.370837009183205,Very High,V5 prediction only,,,,,,,,,,,,,,V5 Prediction Only,Prediction Only,37.34592489769999,38.42822139915717,45.20719999670005,0.2857142857142857,0.1428571428571428,0.3543588607580344,0.2776915004895011,0.0506203150728253,0.5578482082416077,7349.170017393121,0.1542243197374806,0.5279287905608413,0.2857142857142857,0.1428571428571428,0.9524749675349464,0.7225273273490073,0.3622599186172599,0.4238979225119378,49.85247928041407,High,1000000,100,0.08,0.12,0.9524749675349464,0.7225273273490073,0.5715632651171001,0.7426233765213232,0.1097049350608529,10.970493506085292,109704.93506085292,0.5,54852.46753042646,54852.46753042646,30,1829,18.29,Tree canopy expansion + parks + connected green corridors,Model Only,Kaggalipura,,,,,,Bangalore South,Bengaluru Urban,560116.0,"Kaggalipura, Bangalore South, Bengaluru Urban, Karnataka, 560116, India",17
8407_1428,8407,1428,12.832375134746677,77.50589345058627,12.827883578871722,12.836866690621632,77.50128412002127,77.51050278115129,3,3,Moderate,7,37.26338459758574,36.87217023560001,32.244376236800015,44.09388252230004,4.733636650224672,0.1428571428571428,0.0,0.4585148361493329,0.4161317514114239,-0.0186017876836384,-0.5131885756688375,0.2027287129732524,0.3512959587050835,0.1484312286098251,793.9441851888638,1830.8488025534264,34.252399785353354,Low,Historical support + V5,41.55176432750002,39.493335839600014,42.613503880100026,0.6666666666666666,0.0,0.5576157274797747,0.462258953168044,0.0920365387573838,0.1099814558401703,1615.549442140351,0.1514795575,56.106432602265535,High,Reliable Multi-Date Observation,Moderate,41.55176432750002,39.493335839600014,42.613503880100026,0.6666666666666666,0.0,0.5576157274797747,0.462258953168044,0.0920365387573838,0.1099814558401703,1615.549442140351,0.1514795575,0.7493990736149437,0.6666666666666666,0.0,0.8790656947050699,0.1162560866781077,0.0796346809295236,0.436995790907391,56.08033752165667,Very High,1000000,100,0.12,0.18,0.8790656947050699,0.1162560866781077,0.6629870121966339,0.6019318196949549,0.1561159091816973,15.61159091816973,156115.9091816973,0.85,132698.5228044427,23417.38637725459,30,4424,44.24,Large canopy expansion + urban forest + park restoration + shaded corridors,Moderate,Agara,,,,,,Bangalore South,Bengaluru Urban,560062.0,"Agara, Bangalore South, Bengaluru Urban, Karnataka, 560062, India",18
8407_1438,8407,1438,12.922206252245775,77.50589345058627,12.917714696370822,12.926697808120734,77.50128412002127,77.51050278115129,4,3,Moderate,7,36.94601655770001,36.31549440830001,31.64880334190002,43.84484558510001,5.104139442236661,0.2857142857142857,0.0,0.3373755898010172,0.2792616777584905,-0.0286223958488158,-0.3820545207011835,0.0534591488941596,0.6813396973489079,0.1537122351052398,805.2098915167452,13710.626005585926,40.30846266380144,Moderate,Historical support + V5,39.41780899100004,39.34262536857503,45.3957721601,0.5,0.25,0.3405625947619627,0.1804566593438037,0.033669575699605,0.7369687320897356,14998.492255089252,0.15638755125,64.50540355000851,Very High,Reliable Multi-Date Observation,Moderate,39.41780899100004,39.34262536857503,45.3957721601,0.5,0.25,0.3405625947619627,0.1804566593438037,0.033669575699605,0.7369687320897356,14998.492255089252,0.15638755125,0.6370296643001584,0.5,0.25,0.9825197504874976,0.9650003880098892,0.739315129579427,0.4135750897095295,64.26314116286089,Very High,1000000,100,0.12,0.18,0.9825197504874976,0.9650003880098892,0.7831089773275678,0.8983756006041235,0.1739025360362474,17.39025360362474,173902.5360362474,0.35,60865.88761268658,113036.6484235608,30,2029,20.29,Street trees + pocket parks + green roofs + cool roofs + reflective pavement,Moderate,Mylasandra,,Mylasandra,,Bengaluru,Bengaluru West City Corporation,Bangalore South,Bengaluru Urban,560059.0,"Mylasandra, Bengaluru West City Corporation, Bengaluru, Bangalore South, Bengaluru Urban, Karnataka, 560059, India",2
8407_1443,8407,1443,12.967121810995328,77.50589345058627,12.962630255120374,12.971613366870285,77.50128412002127,77.51050278115129,5,3,Moderate,7,37.24606256051431,36.17453526350004,31.501811391800047,43.9749866966,5.08296572623797,0.2857142857142857,0.0,0.2763651405941638,0.2346528919960035,-0.0048128980814076,-0.3357970168954993,0.0331317901563786,0.7168419510854026,0.1562508995762629,862.1978053946285,3787.515193689384,40.09517399428035,Moderate,Historical support + V5,36.54492900080003,37.28021004518002,42.14448317570003,0.4,0.0,0.269112653181751,0.2028289972215206,0.0324083501473069,0.7312525445595384,3138.4709652950432,0.1511702375,51.933027026445686,Moderate,Reliable Multi-Date Observation,Moderate,36.54492900080003,37.28021004518002,42.14448317570003,0.4,0.0,0.269112653181751,0.2028289972215206,0.0324083501473069,0.7312525445595384,3138.4709652950432,0.1511702375,0.4857501028166821,0.4,0.0,0.9847552428243612,0.9572624613000852,0.1547034881190173,0.4384718505080216,51.88233303300193,High,1000000,100,0.08,0.12,0.9847552428243612,0.9572624613000852,0.6013611232083607,0.824524399596892,0.1129809759838756,11.298097598387567,112980.97598387569,0.35,39543.34159435649,73437.6343895192,30,1319,13.19,Street trees + green roofs + cool roofs + shaded corridors,Moderate,Vinayaka Layout,,Vinayaka Layout,,Bengaluru,Bengaluru West City Corporation,Bangalore North,Bengaluru Urban,560072.0,"Vinayaka Layout, Bengaluru West City Corporation, Bengaluru, Bangalore North, Bengaluru Urban, Karnataka, 560072, India",19
8407_1446,8407,1446,12.99407114624506,77.50589345058627,12.989579590370104,12.998562702120015,77.50128412002127,77.51050278115129,3,2,Limited,7,37.40116254234289,35.77811330390004,30.71253930350003,44.958607402100014,5.399343724320948,0.2857142857142857,0.1428571428571428,0.1909345615868347,0.1440111738985673,0.0458573994520103,-0.2548284388967002,0.0286041015433161,0.7048263055377414,0.1557160824708707,916.0980311469024,6210.675989962352,40.51960276665952,Moderate,Limited historical support + V5,,,,,,,,,,,,,,Limited Observation + V5,Limited,35.77811330390004,37.40116254234289,44.958607402100014,0.2857142857142857,0.1428571428571428,0.1909345615868347,0.1440111738985673,0.0286041015433161,0.7048263055377414,6210.675989962352,0.1557160824708707,0.4453712694643009,0.2857142857142857,0.1428571428571428,0.9914981831225892,0.921489614505577,0.3061405537437822,0.4167793052079049,49.634534842010645,High,1000000,100,0.08,0.12,0.9914981831225892,0.921489614505577,0.56836388317195,0.8047423209880804,0.1121896928395232,11.21896928395232,112189.6928395232,0.35,39266.39249383312,72923.30034569009,30,1309,13.09,Street trees + green roofs + cool roofs + shaded corridors,Limited,Srigandada Kaval,,Srigandada Kaval,,Bengaluru,Bengaluru West City Corporation,Bangalore North,Bengaluru Urban,,"Srigandada Kaval, Bengaluru West City Corporation, Bengaluru, Bangalore North, Bengaluru Urban, Karnataka, India",2
8407_1447,8407,1447,13.00305425799497,77.50589345058627,12.998562702120015,13.007545813869925,77.50128412002127,77.51050278115129,1,1,Limited,7,37.081558140800034,36.51488460500004,30.40932674930002,43.506888857600025,5.165229542651825,0.2857142857142857,0.0,0.213152478592638,0.1664433365117386,0.0222345914841666,-0.2727136557246059,0.0303205641533369,0.716329156542718,0.1400282628500351,922.8922356447252,7012.270046977877,41.4622475140739,Moderate,Limited historical support + V5,,,,,,,,,,,,,,Limited Observation + V5,Limited,36.51488460500004,37.081558140800034,43.506888857600025,0.2857142857142857,0.0,0.213152478592638,0.1664433365117386,0.0303205641533369,0.716329156542718,7012.270046977877,0.1400282628500351,0.4841680308063083,0.2857142857142857,0.0,0.9884557939129648,0.9370608702700344,0.3456532330220238,0.4916407973981791,50.05181383054222,High,1000000,100,0.08,0.12,0.9884557939129648,0.9370608702700344,0.5744894575237359,0.8100205284465406,0.1124008211378616,11.240082113786162,112400.82113786164,0.35,39340.28739825157,73060.53373961005,30,1312,13.12,Street trees + green roofs + cool roofs + shaded corridors,Limited,Hegganahalli,,Hegganahalli,,Bengaluru,Bengaluru West City Corporation,Bangalore North,Bengaluru Urban,,"Hegganahalli, Bengaluru West City Corporation, Bengaluru, Bangalore North, Bengaluru Urban, Karnataka, India",2
8407_1449,8407,1449,13.021020481494787,77.50589345058627,13.016528925619834,13.025512037369744,77.50128412002127,77.51050278115129,6,4,Moderate,7,37.50194042060003,36.29337981890003,31.83992193020004,44.208283651700015,5.067074610978568,0.2857142857142857,0.1428571428571428,0.2792805389207922,0.2374152132195218,0.0301036624585911,-0.3262793430905326,0.0354214397614539,0.6511549096620738,0.1528220377246876,909.268237723824,3497.4229092377595,42.06031156343354,Moderate,Historical support + V5,44.26180984490002,40.529448787250026,47.86980339650004,0.6666666666666666,0.5,0.2563378246022419,0.1572954872209541,0.0261979821370914,0.7276063011959195,3825.576746897777,0.1918997312499999,75.11472085020678,Very High,Reliable Multi-Date Observation,Moderate,44.26180984490002,40.529448787250026,47.86980339650004,0.6666666666666666,0.5,0.2563378246022419,0.1572954872209541,0.0261979821370914,0.7276063011959195,3825.576746897777,0.1918997312499999,0.8921041287759814,0.6666666666666666,0.5,0.9957629726238753,0.9523265903608024,0.1885727391957734,0.2441127393011432,75.05292841539685,Very High,1000000,100,0.12,0.18,0.9957629726238753,0.9523265903608024,0.9415009545702946,0.9631990698366748,0.1777919441902004,17.779194419020047,177791.94419020048,0.35,62227.18046657016,115564.76372363033,30,2075,20.75,Street trees + pocket parks + green roofs + cool roofs + reflective pavement,Moderate,Shivapura,,Shivapura,,Bengaluru,Bengaluru West City Corporation,Bangalore North,Bengaluru Urban,,"Shivapura, Bengaluru West City Corporation, Bengaluru, Bangalore North, Bengaluru Urban, Karnataka, India",2
8407_1451,8407,1451,13.03898670499461,77.50589345058627,13.034495149119657,13.043478260869565,77.50128412002127,77.51050278115129,3,3,Moderate,7,37.06058126377145,36.13481787110001,31.155805227200048,43.6976143736,5.081960321890275,0.2857142857142857,0.0,0.2728600571780115,0.2219263296269922,-0.0003033752150448,-0.3288328618347386,0.0328862772971879,0.72005129367964,0.1413617627171471,890.8234786897681,6908.201521768914,39.96713705591569,Low,Historical support + V5,40.19180252990002,38.50635977780002,44.73412893860004,0.3333333333333333,0.3333333333333333,0.2172345198290091,0.095095095095095,0.0295147954020649,0.7110388586297631,6530.696746902278,0.168240285,59.6476503443274,High,Reliable Multi-Date Observation,Moderate,40.19180252990002,38.50635977780002,44.73412893860004,0.3333333333333333,0.3333333333333333,0.2172345198290091,0.095095095095095,0.0295147954020649,0.7110388586297631,6530.696746902278,0.168240285,0.6777864670748132,0.3333333333333333,0.3333333333333333,0.9898839998872812,0.92989946464658,0.3219152185141605,0.3570144358707674,59.54216359561072,Very High,1000000,100,0.12,0.18,0.9898839998872812,0.92989946464658,0.7138059453127741,0.8644566442473031,0.1718673986548382,17.18673986548382,171867.39865483818,0.35,60153.58952919336,111713.80912564482,30,2006,20.06,Street trees + pocket parks + green roofs + cool roofs + reflective pavement,Moderate,Chokkasandra,,Chokkasandra,,Bengaluru,Bengaluru West City Corporation,Bangalore North,Bengaluru Urban,,"Chokkasandra, Bengaluru West City Corporation, Bengaluru, Bangalore North, Bengaluru Urban, Karnataka, India",2
8407_1453,8407,1453,13.05695292849443,77.50589345058627,13.052461372619476,13.061444484369384,77.50128412002127,77.51050278115129,4,2,Limited,7,37.15867355488575,36.10757625170002,30.648297617600047,43.647967633100016,5.082237681112761,0.2857142857142857,0.0,0.22940036544596,0.1775753782352965,0.0126565804576607,-0.2962217827972705,0.0294934777430251,0.7268338677283792,0.1471355248263079,896.1688702008386,8369.753833061824,39.925131556856975,Low,Limited historical support + V5,,,,,,,,,,,,,,Limited Observation + V5,Limited,36.10757625170002,37.15867355488575,43.647967633100016,0.2857142857142857,0.0,0.22940036544596,0.1775753782352965,0.0294934777430251,0.7268338677283792,8369.753833061824,0.1471355248263079,0.4627200659466641,0.2857142857142857,0.0,0.9899217849316267,0.9512809574930124,0.4125671790468372,0.4577252979986113,49.73755785538884,High,1000000,100,0.08,0.12,0.9899217849316267,0.9512809574930124,0.5698762409607137,0.8122433604836079,0.1124897344193443,11.248973441934432,112489.73441934431,0.35,39371.40704677051,73118.32737257381,30,1313,13.13,Street trees + green roofs + cool roofs + shaded corridors,Limited,Bagalagunte,,Bagalagunte,,Bengaluru,Bengaluru North City Corporation,Bangalore North,Bengaluru Urban,,"Bagalagunte, Bengaluru North City Corporation, Bengaluru, Bangalore North, Bengaluru Urban, Karnataka, India",2
8407_1454,8407,1454,13.06593604024434,77.50589345058627,13.061444484369384,13.070427596119297,77.50128412002127,77.51050278115129,6,4,Moderate,7,36.91072550120003,35.91250985030003,31.03706321240004,43.6094807279,5.023915877920847,0.2857142857142857,0.0,0.2851672985003214,0.2352441097336758,-0.0115355069674029,-0.3490095666840534,0.0360516216900732,0.7228339729868947,0.1475900696278094,892.2983889283195,5528.481405887117,39.09867478749765,Low,Historical support + V5,40.37315412605002,39.207817235600025,44.423618911700025,0.5,0.1666666666666666,0.2867459314061307,0.2863652734889998,0.0325925035285763,0.739404364139773,4890.557551395374,0.14276889125,62.913305218425975,Very High,Reliable Multi-Date Observation,Moderate,40.37315412605002,39.207817235600025,44.423618911700025,0.5,0.1666666666666666,0.2867459314061307,0.2863652734889998,0.0325925035285763,0.739404364139773,4890.557551395374,0.14276889125,0.6873360445139981,0.5,0.1666666666666666,0.9844288353297738,0.9682974705838384,0.2410684439696702,0.4785626554690149,62.834310735065024,Very High,1000000,100,0.12,0.18,0.9844288353297738,0.9682974705838384,0.7621340246889079,0.8914780698869436,0.1734886841932166,17.34886841932166,173488.6841932166,0.35,60721.03946762581,112767.6447255908,30,2025,20.25,Street trees + pocket parks + green roofs + cool roofs + reflective pavement,Moderate,Abbigere,,Abbigere,,Bengaluru,Bengaluru North City Corporation,Bangalore North,Bengaluru Urban,,"Abbigere, Bengaluru North City Corporation, Bengaluru, Bangalore North, Bengaluru Urban, Karnataka, India",2
8407_1455,8407,1455,13.074919151994251,77.50589345058627,13.070427596119297,13.079410707869206,77.50128412002127,77.51050278115129,5,3,Moderate,7,37.64297280868574,36.241733536700025,32.269071431300056,44.39169460490001,4.829783772073005,0.2857142857142857,0.1428571428571428,0.2804555525039349,0.2258301329016332,0.0134704616374076,-0.3576277577206391,0.0335706475889098,0.7086782684103351,0.1633542010568609,880.3391983249645,2331.72914146845,42.427320554988654,High,Historical support + V5,37.10093831420004,38.36985089504003,43.93682450330004,0.2,0.2,0.2797160391012217,0.2239968835216205,0.0283007102552801,0.7439641582313925,2531.7977802344326,0.1541094375,49.86320937619615,Moderate,Reliable Multi-Date Observation,Moderate,37.10093831420004,38.36985089504003,43.93682450330004,0.2,0.2,0.2797160391012217,0.2239968835216205,0.0283007102552801,0.7439641582313925,2531.7977802344326,0.1541094375,0.5150283342077632,0.2,0.2,0.992035936974975,0.9744700029415252,0.1247989712651144,0.424446134814974,49.82231464067322,High,1000000,100,0.08,0.12,0.992035936974975,0.9744700029415252,0.5711204540755529,0.8192782603068438,0.1127711304122737,11.277113041227372,112771.13041227372,0.35,39469.89564429581,73301.23476797793,30,1316,13.16,Street trees + green roofs + cool roofs + shaded corridors,Moderate,Abbigere,,Abbigere,,Bengaluru,Bengaluru North City Corporation,Bangalore North,Bengaluru Urban,,"Abbigere, Bengaluru North City Corporation, Bengaluru, Bangalore North, Bengaluru Urban, Karnataka, India",2
8407_1457,8407,1457,13.09288537549407,77.50589345058627,13.088393819619116,13.097376931369029,77.50128412002127,77.51050278115129,5,2,Limited,7,39.62927700551429,39.4203212357,33.23363667530002,47.6974326479,5.267076124880339,0.2857142857142857,0.2857142857142857,0.2350101074782172,0.1987759869645699,0.1057083103798404,-0.3593351302582347,0.0293112629527394,0.5506826665100962,0.1760324324818225,873.9883185614553,4002.410912200887,55.80547402714063,Very High,Limited historical support + V5,,,,,,,,,,,,,,Limited Observation + V5,Limited,39.4203212357,39.62927700551429,47.6974326479,0.2857142857142857,0.2857142857142857,0.2350101074782172,0.1987759869645699,0.0293112629527394,0.5506826665100962,4002.410912200887,0.1760324324818225,0.6371619535979524,0.2857142857142857,0.2857142857142857,0.990244756319738,0.7128274292155805,0.1972893602808546,0.3198306970240271,53.68240453141484,High,1000000,100,0.08,0.12,0.990244756319738,0.7128274292155805,0.6277858225225095,0.775906851024807,0.1110362740409922,11.103627404099228,111036.27404099228,0.5,55518.13702049614,55518.13702049614,30,1851,18.51,Tree canopy expansion + parks + connected green corridors,Limited,Dr. Shivaram Karanth Layout,,Dr. Shivaram Karanth Layout,,,,Bangalore North,Bengaluru Urban,,"Sector 8, Dr. Shivaram Karanth Layout, Bangalore North, Bengaluru Urban, Karnataka, India",2
8407_1458,8407,1458,13.101868487243982,77.50589345058627,13.097376931369029,13.106360043118936,77.50128412002127,77.51050278115129,7,5,High,7,40.3774425204286,40.108932635000045,33.603295538300024,48.032073896,5.465615539395732,0.2857142857142857,0.2857142857142857,0.2422137949800999,0.1877192351919506,0.131887809769225,-0.3917427833294476,0.0470795359159612,0.4640360467030125,0.1751143378060743,879.3138902988323,7261.132730484916,57.715312807133,Very High,Strong historical support + V5,40.63067629790004,40.30017817832861,45.78807540560005,0.4285714285714285,0.2857142857142857,0.2481495008522036,0.1819731111531906,0.0346090793609619,0.3955422642175108,7227.72439983706,0.1756947925,57.8446260889271,High,Reliable Multi-Date Observation,High,40.63067629790004,40.30017817832861,45.78807540560005,0.4285714285714285,0.2857142857142857,0.2481495008522036,0.1819731111531906,0.0346090793609619,0.3955422642175108,7227.72439983706,0.1756947925,0.7008965974652653,0.4285714285714285,0.2857142857142857,0.9808545025613102,0.502815938807376,0.3562735447235876,0.3214418981643537,57.72788063631965,Very High,1000000,100,0.12,0.18,0.9808545025613102,0.502815938807376,0.6871726245183944,0.7438721104056603,0.1646323266243396,16.46323266243396,164632.3266243396,0.7,115242.6286370377,49389.697987301886,30,3842,38.42,Large canopy expansion + urban forest + park restoration + shaded corridors,Strong,Dr. Shivaram Karanth Layout,,Dr. Shivaram Karanth Layout,,,Kalathammanahalli,Yelahanka taluku,Bengaluru Urban,,"Sector 9, Dr. Shivaram Karanth Layout, Kalathammanahalli, Kasaghattapura, Yelahanka taluku, Bengaluru Urban, Karnataka, India",2
8407_1459,8407,1459,13.110851598993891,77.50589345058627,13.106360043118936,13.115343154868846,77.50128412002127,77.51050278115129,4,4,Moderate,7,37.93129744434288,36.2445021329,32.40874881860002,44.64256018279999,4.956920360969043,0.2857142857142857,0.1428571428571428,0.3712092216600687,0.3246411177449745,0.043373491336197,-0.4630174201467155,0.1101959344884589,0.4911834785559539,0.152196054026667,880.6741573033711,10509.802188494232,40.26353492796701,Moderate,Historical support + V5,40.45179422120003,39.66877710950003,45.45413485160001,0.5,0.5,0.4041570721071759,0.3817542840418497,0.0680768840247764,0.3819536510854959,11467.43070435738,0.1450375999999999,62.26173677912586,High,Reliable Multi-Date Observation,Moderate,40.45179422120003,39.66877710950003,45.45413485160001,0.5,0.5,0.4041570721071759,0.3817542840418497,0.0680768840247764,0.3819536510854959,11467.43070435738,0.1450375999999999,0.691477059505886,0.5,0.5,0.9215336136677392,0.4844212147105998,0.56525981898336,0.4677364905541306,62.07650968498613,Very High,1000000,100,0.12,0.18,0.9215336136677392,0.4844212147105998,0.7510096527370512,0.7440459295561792,0.1646427557733707,16.464275577337073,164642.75577337074,0.7,115249.9290413595,49392.82673201124,30,3842,38.42,Large canopy expansion + urban forest + park restoration + shaded corridors,Moderate,Kasaghattapura,,,,,,Yelahanka taluku,Bengaluru Urban,560088.0,"Kasaghattapura, Yelahanka taluku, Bengaluru Urban, Karnataka, 560088, India",2
8407_1460,8407,1460,13.119834710743802,77.50589345058627,13.115343154868846,13.124326266618755,77.50128412002127,77.51050278115129,4,4,Moderate,7,38.13859303301432,36.3886742165,32.26681553810002,44.84198455970002,4.985964521654561,0.2857142857142857,0.2857142857142857,0.3866721978085644,0.3336084824638335,0.045038502367016,-0.4874579589393379,0.0988103532871594,0.3702130780072067,0.1572183426340463,878.9469103815452,10266.55812974728,41.77795301942148,Moderate,Historical support + V5,39.06372775415004,39.16971200930003,46.18126733630002,0.25,0.25,0.3921648422087949,0.2895435804582467,0.0376491878414526,0.5405265581794083,10134.74681345181,0.1740808037499999,53.23157929793321,High,Reliable Multi-Date Observation,Moderate,39.06372775415004,39.16971200930003,46.18126733630002,0.25,0.25,0.3921648422087949,0.2895435804582467,0.0376491878414526,0.5405265581794083,10134.74681345181,0.1740808037499999,0.6183845226921144,0.25,0.25,0.9754659824833688,0.6990792410211705,0.4995683250160949,0.3291437719188715,53.0678783129005,High,1000000,100,0.08,0.12,0.9754659824833688,0.6990792410211705,0.6187646972176426,0.7636887830115286,0.1105475513204611,11.054755132046116,110547.55132046116,0.5,55273.775660230574,55273.775660230574,30,1843,18.43,Tree canopy expansion + parks + connected green corridors,Moderate,Kasaghattapura,,,,,,Yelahanka taluku,Bengaluru Urban,560088.0,"Kasaghattapura, Yelahanka taluku, Bengaluru Urban, Karnataka, 560088, India",2
8408_1425,8408,1425,12.805425799496946,77.51511211171629,12.80093424362199,12.8099173553719,77.51050278115129,77.5197214422813,4,3,Moderate,7,37.134556982342886,37.47201565550001,32.198967841100014,44.19722635700006,4.863855049064486,0.1428571428571428,0.1428571428571428,0.4936466907144533,0.4482491513067909,-0.0602528621068052,-0.5331744714598874,0.2427741244251224,0.3115149180634128,0.1458045965053745,742.4850380077149,4353.986586174587,38.41586978203836,Low,Historical support + V5,41.31937314770002,41.279835201350025,42.91384529750005,0.5,0.0,0.4441931761736155,0.2977008971142411,0.1169265632051974,0.5985950271133333,4655.961203898615,0.1529763687499999,58.28793764347891,High,Reliable Multi-Date Observation,Moderate,41.31937314770002,41.279835201350025,42.91384529750005,0.5,0.0,0.4441931761736155,0.2977008971142411,0.1169265632051974,0.5985950271133333,4655.961203898615,0.1529763687499999,0.7371618636052337,0.5,0.0,0.8349487175188306,0.7776857518096175,0.2295045730086024,0.4298530823340875,58.21273246574911,Very High,1000000,100,0.12,0.18,0.8349487175188306,0.7776857518096175,0.6942901550253131,0.7643695510941203,0.1658621730656472,16.58621730656472,165862.17306564722,0.5,82931.08653282361,82931.08653282361,30,2765,27.65,Street-tree corridors + pocket parks + green roofs + shaded public spaces,Moderate,Kaggalipura,,,,,,Bangalore South,Bengaluru Urban,560116.0,"Kaggalipura, Bangalore South, Bengaluru Urban, Karnataka, 560116, India",17
8408_1428,8408,1428,12.832375134746677,77.51511211171629,12.827883578871722,12.836866690621632,77.51050278115129,77.5197214422813,4,4,Moderate,7,38.05553270557146,37.032953896400016,32.11073165480002,44.98731877010007,4.916664361321675,0.2857142857142857,0.1428571428571428,0.380788098318027,0.3046740894747005,0.0304369384305614,-0.4559254441754227,0.1316499183639765,0.410337735535454,0.1442286946110437,800.6326275227146,3928.609142598334,42.63391327973258,High,Historical support + V5,37.955135692400006,38.56695272735,44.4609266,0.25,0.25,0.2686615221375699,0.2464812650008455,0.0570242279791273,0.6090088380151428,4260.094784600919,0.1315948575,51.36313578443688,Moderate,Reliable Multi-Date Observation,Moderate,37.955135692400006,38.56695272735,44.4609266,0.25,0.25,0.2686615221375699,0.2464812650008455,0.0570242279791273,0.6090088380151428,4260.094784600919,0.1315948575,0.5600084953127279,0.25,0.25,0.941124184003884,0.7917827885324799,0.2099912760650439,0.531884586784345,51.29432481901184,High,1000000,100,0.08,0.12,0.941124184003884,0.7917827885324799,0.5927292770496735,0.7644308723543487,0.1105772348941739,11.057723489417397,110577.23489417396,0.5,55288.617447086974,55288.617447086974,30,1843,18.43,Street trees + green roofs + cool roofs + shaded corridors,Moderate,Vaddarapalya,,,,,,Bangalore South,Bengaluru Urban,560083.0,"Vaddarapalya, Bangalore South, Bengaluru Urban, Karnataka, 560083, India",18
8408_1435,8408,1435,12.895256916996049,77.51511211171629,12.890765361121092,12.899748472871002,77.51050278115129,77.5197214422813,5,4,Moderate,7,37.2269851260286,36.50305825580005,31.67983896350001,44.081936542400015,5.114071629933901,0.2857142857142857,0.0,0.368867233882049,0.3256746305304329,-0.0043550408095297,-0.444862091495443,0.1388315465855316,0.4647030233693354,0.1487526547511214,827.3912770597308,9634.942693083218,38.89830536818332,Low,Historical support + V5,43.3854978773,39.060977957060025,44.50214792120002,0.6,0.2,0.3087702518621569,0.2270168855534709,0.0455175349488854,0.5950468862429261,9449.338601193209,0.162582545,68.93201169242018,Very High,Reliable Multi-Date Observation,Moderate,43.3854978773,39.060977957060025,44.50214792120002,0.6,0.2,0.3087702518621569,0.2270168855534709,0.0455175349488854,0.5950468862429261,9449.338601193209,0.162582545,0.8459594618795321,0.6,0.2,0.9615195241116689,0.7728826809050624,0.4657827515969516,0.384012888750865,68.7793817288507,Very High,1000000,100,0.12,0.18,0.9615195241116689,0.7728826809050624,0.8494065100043876,0.8695151076671048,0.1721709064600262,17.217090646002628,172170.90646002628,0.5,86085.45323001314,86085.45323001314,30,2870,28.7,Street-tree corridors + pocket parks + green roofs + shaded public spaces,Moderate,Bangarappa Nagara,,Bangarappa Nagara,,Bengaluru,Bengaluru West City Corporation,Bangalore South,Bengaluru Urban,560039.0,"Bangarappa Nagara, Bengaluru West City Corporation, Bengaluru, Bangalore South, Bengaluru Urban, Karnataka, 560039, India",2
8408_1437,8408,1437,12.913223140495868,77.51511211171629,12.908731584620911,12.917714696370822,77.51050278115129,77.5197214422813,4,2,Limited,7,36.65714259740002,35.70443788280004,31.176501338300053,43.46177099360002,5.185646719777325,0.2857142857142857,0.0,0.3137832026939418,0.2736989607908489,-0.0411958764155468,-0.3653187181065239,0.0387940220342713,0.7279016845875071,0.1564625910628417,828.5610345206723,14135.785609510678,38.310458966568895,Low,Limited historical support + V5,,,,,,,,,,,,,,Limited Observation + V5,Limited,35.70443788280004,36.65714259740002,43.46177099360002,0.2857142857142857,0.0,0.3137832026939418,0.2736989607908489,0.0387940220342713,0.7279016845875071,14135.785609510678,0.1564625910628417,0.4414916833228198,0.2857142857142857,0.0,0.9734367910668432,0.9527264469126256,0.6967900500836174,0.4132170034681791,50.06645924542963,High,1000000,100,0.08,0.12,0.9734367910668432,0.9527264469126256,0.5747044493643777,0.8087662683473025,0.1123506507338921,11.23506507338921,112350.6507338921,0.35,39322.72775686223,73027.92297702987,30,1311,13.11,Street trees + green roofs + cool roofs + shaded corridors,Limited,Rajarajeshwari Nagara,,Rajarajeshwari Nagara,,Bengaluru,Bengaluru West City Corporation,Bangalore South,Bengaluru Urban,560098.0,"Rajarajeshwari Nagara, Bengaluru West City Corporation, Bengaluru, Bangalore South, Bengaluru Urban, Karnataka, 560098, India",2
8408_1438,8408,1438,12.922206252245775,77.51511211171629,12.917714696370822,12.926697808120734,77.51050278115129,77.5197214422813,5,5,High,7,36.66605142238571,35.96345543840002,31.035251661800007,43.1922430265,5.113764141783526,0.2857142857142857,0.0,0.3278146990305908,0.2869234629626289,-0.0448148590212104,-0.3725462211854874,0.0386691210127569,0.7196661987266241,0.1501408077569959,819.384553716487,15722.219065024045,39.27239662148649,Low,Strong historical support + V5,33.04603864760004,36.75201316052004,43.9760462828,0.4,0.2,0.3622175950732167,0.3129314312011044,0.0309634543955326,0.75288774096407,16017.802595861893,0.150129335,52.14414767247859,Moderate,Reliable Multi-Date Observation,High,33.04603864760004,36.75201316052004,43.9760462828,0.4,0.2,0.3622175950732167,0.3129314312011044,0.0309634543955326,0.75288774096407,16017.802595861893,0.150129335,0.3015062081477614,0.4,0.2,0.9873162862275596,0.986549737696474,0.7895596170821138,0.4434389852825121,51.88542092663412,High,1000000,100,0.08,0.12,0.9873162862275596,0.986549737696474,0.6014064528859966,0.832760715758163,0.1133104286303265,11.331042863032652,113310.42863032653,0.35,39658.650020614274,73651.77860971223,30,1322,13.22,Street trees + green roofs + cool roofs + shaded corridors,Strong,Rajarajeshwari Nagara,,Rajarajeshwari Nagara,,Bengaluru,Bengaluru West City Corporation,Bangalore South,Bengaluru Urban,560098.0,"Rajarajeshwari Nagara, Bengaluru West City Corporation, Bengaluru, Bangalore South, Bengaluru Urban, Karnataka, 560098, India",2
8408_1439,8408,1439,12.931189363995689,77.51511211171629,12.926697808120734,12.935680919870643,77.51050278115129,77.5197214422813,2,2,Limited,7,36.8077356757143,35.87005804190001,31.582562114300018,43.404091906100014,5.077336917212735,0.2857142857142857,0.0,0.3335933021563901,0.2955335349714225,-0.0381119108318204,-0.3771363258102631,0.0426870145758694,0.7115977245126835,0.1504156446525162,811.8066365371384,13672.932206410427,38.815157472747536,Low,Limited historical support + V5,,,,,,,,,,,,,,Limited Observation + V5,Limited,35.87005804190001,36.8077356757143,43.404091906100014,0.2857142857142857,0.0,0.3335933021563901,0.2955335349714225,0.0426870145758694,0.7115977245126835,13672.932206410427,0.1504156446525162,0.4502128777781866,0.2857142857142857,0.0,0.9665365542469084,0.9306559939276444,0.6739747885313618,0.4420727299115379,50.0340893213973,High,1000000,100,0.08,0.12,0.9665365542469084,0.9306559939276444,0.5742292651785661,0.8006434985397555,0.1120257399415902,11.20257399415902,112025.7399415902,0.35,39209.008979556565,72816.73096203365,30,1307,13.07,Street trees + green roofs + cool roofs + shaded corridors,Limited,Rajarajeshwari Nagara,,Rajarajeshwari Nagara,,Bengaluru,Bengaluru West City Corporation,Bangalore South,Bengaluru Urban,560098.0,"Rajarajeshwari Nagara, Bengaluru West City Corporation, Bengaluru, Bangalore South, Bengaluru Urban, Karnataka, 560098, India",2
8408_1448,8408,1448,13.01203736974488,77.51511211171629,13.007545813869925,13.016528925619834,77.51050278115129,77.5197214422813,3,3,Moderate,7,37.271651323100016,36.44881427840004,31.467477380900046,43.6416955664,5.009542529377045,0.2857142857142857,0.0,0.229068217746463,0.1799637118647262,0.0239267476142354,-0.2827167027142659,0.0328439784020273,0.689634580413935,0.1522300199946166,906.4675232990044,7691.968102229126,40.92892310028582,Moderate,Historical support + V5,36.205468344500005,37.53845057090002,43.786978506500034,0.3333333333333333,0.0,0.2063712851133125,0.1666153372343702,0.0297425944590941,0.7272912422195077,7102.816342831905,0.1591492525,50.59807558334891,Moderate,Reliable Multi-Date Observation,Moderate,36.205468344500005,37.53845057090002,43.786978506500034,0.3333333333333333,0.0,0.2063712851133125,0.1666153372343702,0.0297425944590941,0.7272912422195077,7102.816342831905,0.1591492525,0.4678748489247206,0.3333333333333333,0.0,0.9894802314690108,0.9519000992326052,0.3501164980831864,0.4003963891918259,50.48334770181123,High,1000000,100,0.08,0.12,0.9894802314690108,0.9519000992326052,0.5808242907801971,0.8166228221343841,0.1126649128853753,11.266491288537535,112664.91288537536,0.35,39432.719509881375,73232.19337549398,30,1315,13.15,Street trees + green roofs + cool roofs + shaded corridors,Moderate,Rajeshwarinagar,,Rajeshwarinagar,,Bengaluru,Bengaluru West City Corporation,Bangalore North,Bengaluru Urban,,"Rajeshwarinagar, Bengaluru West City Corporation, Bengaluru, Bangalore North, Bengaluru Urban, Karnataka, India",2
8408_1449,8408,1449,13.021020481494787,77.51511211171629,13.016528925619834,13.025512037369744,77.51050278115129,77.5197214422813,1,1,Limited,7,37.20980469264288,36.24809105390004,31.366748331500027,43.56191897960002,5.009660168252704,0.2857142857142857,0.0,0.258776865633946,0.211343048862863,0.034719466973617,-0.3055393473027075,0.0309554038554403,0.7216751634155422,0.1471579850711735,920.9044916117084,6760.583976745249,40.44006424493845,Moderate,Limited historical support + V5,,,,,,,,,,,,,,Limited Observation + V5,Limited,36.24809105390004,37.20980469264288,43.56191897960002,0.2857142857142857,0.0,0.258776865633946,0.211343048862863,0.0309554038554403,0.7216751634155422,6760.583976745249,0.1471579850711735,0.4701192673512717,0.2857142857142857,0.0,0.98733055561867,0.9442976883683716,0.3332469646810021,0.4576181188311912,49.45369579892003,High,1000000,100,0.08,0.12,0.98733055561867,0.9442976883683716,0.5657092012095162,0.8079237970424339,0.1123169518816973,11.231695188169736,112316.95188169736,0.35,39310.93315859408,73006.01872310328,30,1311,13.11,Street trees + green roofs + cool roofs + shaded corridors,Limited,Parvathi Nagar,,Parvathi Nagar,,Bengaluru,Bengaluru West City Corporation,Bangalore North,Bengaluru Urban,560058.0,"Parvathi Nagar, Bengaluru West City Corporation, Bengaluru, Bangalore North, Bengaluru Urban, Karnataka, 560058, India",2
8408_1450,8408,1450,13.0300035932447,77.51511211171629,13.025512037369744,13.034495149119657,77.51050278115129,77.5197214422813,6,4,Moderate,7,37.18120807245717,36.10470511490003,31.47810742310004,43.59603081920002,4.9797054265391045,0.2857142857142857,0.0,0.2732586022840415,0.2432726512223528,0.016219254733433,-0.3149995303387732,0.0375513906245621,0.6924255971706451,0.1521319232618622,914.8742150414032,7257.644973923093,39.56947316229364,Low,Historical support + V5,34.95343052840002,37.02469368140002,44.84389865090003,0.3333333333333333,0.1666666666666666,0.276828163801658,0.2478126165726526,0.0383846287732012,0.706534908094909,7818.597901561513,0.1321070587499999,50.60930792697087,Moderate,Reliable Multi-Date Observation,Moderate,34.95343052840002,37.02469368140002,44.84389865090003,0.3333333333333333,0.1666666666666666,0.276828163801658,0.2478126165726526,0.0383846287732012,0.706534908094909,7818.597901561513,0.1321070587499999,0.4019452826266349,0.3333333333333333,0.1666666666666666,0.974162430898845,0.9238025269657968,0.3853992536323771,0.5294403879853105,50.48301842002813,High,1000000,100,0.08,0.12,0.974162430898845,0.9238025269657968,0.5808194569876974,0.804235265351124,0.1121694106140449,11.216941061404494,112169.41061404494,0.35,39259.29371491573,72910.1168991292,30,1309,13.09,Street trees + green roofs + cool roofs + shaded corridors,Moderate,Nelagadaranahalli,,Nelagadaranahalli,,Bengaluru,Bengaluru West City Corporation,Bangalore North,Bengaluru Urban,,"Nelagadaranahalli, Bengaluru West City Corporation, Bengaluru, Bangalore North, Bengaluru Urban, Karnataka, India",2
8408_1452,8408,1452,13.04796981674452,77.51511211171629,13.043478260869565,13.052461372619476,77.51050278115129,77.5197214422813,1,1,Limited,7,36.95825795218575,36.16513570850002,30.673778956700023,43.672679917700016,5.268935686615842,0.2857142857142857,0.0,0.2065351955082964,0.1485361035149948,0.0237517689811106,-0.2642431851644398,0.0301444567257361,0.7127358449575731,0.1462546204076996,908.710012634688,11092.232585912172,40.01621633215483,Moderate,Limited historical support + V5,,,,,,,,,,,,,,Limited Observation + V5,Limited,36.16513570850002,36.95825795218575,43.672679917700016,0.2857142857142857,0.0,0.2065351955082964,0.1485361035149948,0.0301444567257361,0.7127358449575731,11092.232585912172,0.1462546204076996,0.4657510207424212,0.2857142857142857,0.0,0.988767940145769,0.932196652372274,0.5467653169468534,0.4619289299148298,50.31234462534746,High,1000000,100,0.08,0.12,0.988767940145769,0.932196652372274,0.5783139988938284,0.8104435417016189,0.1124177416680647,11.241774166806476,112417.74166806476,0.35,39346.20958382266,73071.53208424209,30,1312,13.12,Street trees + green roofs + cool roofs + shaded corridors,Limited,Dasarahalli,,Dasarahalli,,Bengaluru,Bengaluru North City Corporation,Bangalore North,Bengaluru Urban,,"Dasarahalli, Bengaluru North City Corporation, Bengaluru, Bangalore North, Bengaluru Urban, Karnataka, India",2
8408_1453,8408,1453,13.05695292849443,77.51511211171629,13.052461372619476,13.061444484369384,77.51050278115129,77.5197214422813,4,3,Moderate,7,37.30303118814289,36.32222790770005,31.702124453900066,43.9427034977,5.064635145244481,0.2857142857142857,0.0,0.2963181299803755,0.2333514023687903,0.0165481624620516,-0.3589761271468583,0.0431629241137519,0.6675773647032183,0.1611915519713014,905.1741005355804,9162.271772200167,40.19798708413339,Moderate,Historical support + V5,39.51825605375003,38.73647797430002,44.28183944210003,0.25,0.25,0.4104938540281111,0.4803571737525419,0.0628166405367664,0.5310121207730845,9803.55071477597,0.14591711875,53.7366880914529,High,Reliable Multi-Date Observation,Moderate,39.51825605375003,38.73647797430002,44.28183944210003,0.25,0.25,0.4104938540281111,0.4803571737525419,0.0628166405367664,0.5310121207730845,9803.55071477597,0.14591711875,0.6423189863940005,0.25,0.25,0.9308572703174612,0.6861996741864186,0.4832427982601876,0.4635394709793463,53.57833673464379,High,1000000,100,0.08,0.12,0.9308572703174612,0.6861996741864186,0.626258127516847,0.7478532141644548,0.1099141285665781,10.99141285665782,109914.1285665782,0.5,54957.064283289095,54957.064283289095,30,1832,18.32,Tree canopy expansion + parks + connected green corridors,Moderate,Mallasandra,,Mallasandra,,Bengaluru,Bengaluru North City Corporation,Bangalore North,Bengaluru Urban,,"Mallasandra, Bengaluru North City Corporation, Bengaluru, Bangalore North, Bengaluru Urban, Karnataka, India",2
8408_1454,8408,1454,13.06593604024434,77.51511211171629,13.061444484369384,13.070427596119297,77.51050278115129,77.5197214422813,4,3,Moderate,7,37.08921938848574,36.02265554480004,31.313119597700023,43.61503501040002,5.044831237376717,0.2857142857142857,0.0,0.3171173381238066,0.2610819650934761,-0.0091221602379161,-0.3811552362320625,0.0406667788050426,0.7095108503468781,0.1558953758814936,886.4055673059189,6067.682110953192,39.409522820115605,Low,Historical support + V5,43.58034210740001,43.073398471100006,44.124730152800005,0.75,0.25,0.3269710940954273,0.346775736156092,0.0341957431519403,0.717771349940449,6097.72058406372,0.16650216125,74.4784243298788,Very High,Reliable Multi-Date Observation,Moderate,43.58034210740001,43.073398471100006,44.124730152800005,0.75,0.25,0.3269710940954273,0.346775736156092,0.0341957431519403,0.717771349940449,6097.72058406372,0.16650216125,0.8562195318398728,0.75,0.25,0.9815871311749096,0.9390131482094918,0.3005726847121262,0.365308675649222,74.3799312067215,Very High,1000000,100,0.12,0.18,0.9815871311749096,0.9390131482094918,0.9316214865079496,0.9509573775667712,0.1770574426540062,17.705744265400625,177057.44265400624,0.35,61970.10492890218,115087.33772510408,30,2066,20.66,Street trees + pocket parks + green roofs + cool roofs + reflective pavement,Moderate,Shettihalli,,Shettihalli,,Bengaluru,Bengaluru North City Corporation,Bangalore North,Bengaluru Urban,560015.0,"Shettihalli, Bengaluru North City Corporation, Bengaluru, Bangalore North, Bengaluru Urban, Karnataka, 560015, India",2
8408_1458,8408,1458,13.101868487243982,77.51511211171629,13.097376931369029,13.106360043118936,77.51050278115129,77.5197214422813,2,2,Limited,7,40.13150133277146,40.409239872200025,32.890057304900026,47.958757367000025,5.5762170450885975,0.2857142857142857,0.2857142857142857,0.1813380279706647,0.1397638557631507,0.1463538273275371,-0.3452611947232011,0.0246151163087493,0.6323306559109986,0.1769387262622621,883.3678522756323,7811.479743108576,60.60902084482427,Very High,Limited historical support + V5,,,,,,,,,,,,,,Limited Observation + V5,Limited,40.409239872200025,40.13150133277146,47.958757367000025,0.2857142857142857,0.2857142857142857,0.1813380279706647,0.1397638557631507,0.0246151163087493,0.6323306559109986,7811.479743108576,0.1769387262622621,0.6892362407881198,0.2857142857142857,0.2857142857142857,0.9985685647109483,0.8233532219138524,0.3850483808813368,0.3155059083404319,57.39191935955519,Very High,1000000,100,0.12,0.18,0.9985685647109483,0.8233532219138524,0.6822407783514363,0.8282336144678695,0.1696940168680721,16.969401686807217,169694.01686807218,0.5,84847.00843403609,84847.00843403609,30,2829,28.29,Street-tree corridors + pocket parks + green roofs + shaded public spaces,Limited,Dr. Shivaram Karanth Layout,,Dr. Shivaram Karanth Layout,,,Kalathammanahalli,Yelahanka taluku,Bengaluru Urban,,"Sector 9, Dr. Shivaram Karanth Layout, Kalathammanahalli, Kasaghattapura, Yelahanka taluku, Bengaluru Urban, Karnataka, India",2
8408_1459,8408,1459,13.110851598993891,77.51511211171629,13.106360043118936,13.115343154868846,77.51050278115129,77.5197214422813,4,3,Moderate,7,39.722005446671446,39.70061596580002,33.388968594199994,46.9746923189,5.190677027432207,0.2857142857142857,0.2857142857142857,0.286842390849614,0.2425551919914745,0.1125097083237229,-0.4152405767127546,0.047929295936018,0.471966614964351,0.1723408638692091,892.7954027477027,10942.18832188734,56.1483901489456,Very High,Historical support + V5,43.61704309715002,42.24551984690002,47.0554088612,0.75,0.5,0.29169429541164,0.2621384116101659,0.0375412044813856,0.5061596810701303,10859.419778739137,0.18152447625,74.97496478303339,Very High,Reliable Multi-Date Observation,Moderate,43.61704309715002,42.24551984690002,47.0554088612,0.75,0.5,0.29169429541164,0.2621384116101659,0.0375412044813856,0.5061596810701303,10859.419778739137,0.18152447625,0.8581521254930468,0.75,0.5,0.9756573804244416,0.6525572585089463,0.5352893613790877,0.2936229382916402,74.79955855460113,Very High,1000000,100,0.12,0.18,0.9756573804244416,0.6525572585089463,0.9377815343179892,0.879732011502987,0.1727839206901792,17.278392069017922,172783.92069017922,0.5,86391.96034508961,86391.96034508961,30,2880,28.8,Street-tree corridors + pocket parks + green roofs + shaded public spaces,Moderate,Dr. Shivaram Karanth Layout,,Dr. Shivaram Karanth Layout,,,Byalakere,Yelahanka taluku,Bengaluru Urban,,"Sector 5, Dr. Shivaram Karanth Layout, Byalakere, Kasaghattapura, Yelahanka taluku, Bengaluru Urban, Karnataka, India",2
8408_1460,8408,1460,13.119834710743802,77.51511211171629,13.115343154868846,13.124326266618755,77.51050278115129,77.5197214422813,5,3,Moderate,7,38.293050915371445,36.62162936960001,32.19083295350001,44.92586277050002,5.203686224771096,0.2857142857142857,0.2857142857142857,0.3495242256586309,0.2973684384029283,0.0613862942805667,-0.453426349901664,0.0892234296239435,0.5059775510402275,0.1609995355009324,887.2870065322363,12362.74394345076,44.07481332456564,High,Historical support + V5,46.31081029430003,43.90819174976002,47.8304790764,0.8,0.8,0.3587017510620779,0.3549468977082168,0.0363506900612264,0.161770005011931,11610.340218959993,0.1740572775,79.22546527097981,Very High,Reliable Multi-Date Observation,Moderate,46.31081029430003,43.90819174976002,47.8304790764,0.8,0.8,0.3587017510620779,0.3549468977082168,0.0363506900612264,0.161770005011931,11610.340218959993,0.1740572775,1.0,0.8,0.8,0.9777675389590054,0.1863615539639809,0.5723042048129231,0.329256038009584,79.03792983813743,Very High,1000000,100,0.12,0.18,0.9777675389590054,0.1863615539639809,1.0,0.7888090271266472,0.1673285416275988,16.73285416275988,167328.54162759884,0.85,142229.260383459,25099.281244139827,30,4741,47.41,Large canopy expansion + urban forest + park restoration + shaded corridors,Moderate,Kondashettihalli,,,,,Kondashettihalli,Yelahanka taluku,Bengaluru Urban,,"Kondashettihalli, Yelahanka taluku, Bengaluru Urban, Karnataka, India",2
8409_1427,8409,1427,12.823392022996766,77.5243307728463,12.81890046712181,12.827883578871722,77.5197214422813,77.52894010341132,4,3,Moderate,7,36.806951972557165,37.02476773850002,32.07166368620001,44.16658380770007,4.9202048941005945,0.1428571428571428,0.0,0.5117925410720428,0.4565274657478418,-0.0448320114483492,-0.5435859050057185,0.2625410450303723,0.2746397936751996,0.1407608663102176,772.0687843256844,4647.6805891380445,34.101072224080546,Low,Historical support + V5,41.196435513350025,40.86533191595003,43.13905863530005,0.5,0.0,0.4193190354938781,0.305344657071148,0.0976215132977812,0.2665555564453825,4536.779548997723,0.15642755,53.99857774211318,High,Reliable Multi-Date Observation,Moderate,41.196435513350025,40.86533191595003,43.13905863530005,0.5,0.0,0.4193190354938781,0.305344657071148,0.0976215132977812,0.2665555564453825,4536.779548997723,0.15642755,0.7306882373216003,0.5,0.0,0.8691664599774767,0.328208355342531,0.2236297957884692,0.4133842176710234,53.92529764003293,High,1000000,100,0.08,0.12,0.8691664599774767,0.328208355342531,0.6313514460915571,0.6388009282643724,0.1055520371305749,10.55520371305749,105552.0371305749,0.85,89719.23156098866,15832.805569586242,30,2991,29.91,Tree canopy expansion + parks + connected green corridors,Moderate,Vaddarapalya,,,,,,Bangalore South,Bengaluru Urban,560083.0,"Vaddarapalya, Bangalore South, Bengaluru Urban, Karnataka, 560083, India",18
8409_1435,8409,1435,12.895256916996049,77.5243307728463,12.890765361121092,12.899748472871002,77.5197214422813,77.52894010341132,3,3,Moderate,7,37.336769486985744,36.46470807140004,31.58943233450005,44.61984743990004,5.306521209169811,0.2857142857142857,0.1428571428571428,0.3390855569344354,0.2708889491336296,-0.0046609655958724,-0.4001274979262892,0.0566424064351166,0.6623292755118555,0.1540966205694538,837.6060881191956,10635.892983668571,42.86280690100921,High,Historical support + V5,36.21775612640001,36.75408334130003,42.38336859350001,0.3333333333333333,0.0,0.2996512744486934,0.1302241066020593,0.0284755325410515,0.7431746947113425,10800.462953040484,0.1453969425,52.165373110868885,Moderate,Reliable Multi-Date Observation,Moderate,36.21775612640001,36.75408334130003,42.38336859350001,0.3333333333333333,0.0,0.2996512744486934,0.1302241066020593,0.0284755325410515,0.7431746947113425,10800.462953040484,0.1453969425,0.4685218965785657,0.3333333333333333,0.0,0.9917260686255408,0.9734013167191192,0.5323832243828038,0.4660217260803179,51.99091917958021,High,1000000,100,0.08,0.12,0.9917260686255408,0.9734013167191192,0.602955146709951,0.8316365118826994,0.1132654604753079,11.326546047530798,113265.46047530798,0.35,39642.911166357786,73622.5493089502,30,1322,13.22,Street trees + green roofs + cool roofs + shaded corridors,Moderate,Subramanyapura,,Subramanyapura,,Bengaluru,Bengaluru South City Corporation,Bangalore South,Bengaluru Urban,560061.0,"Subramanyapura, Bengaluru South City Corporation, Bengaluru, Bangalore South, Bengaluru Urban, Karnataka, 560061, India",2
8409_1437,8409,1437,12.913223140495868,77.5243307728463,12.908731584620911,12.917714696370822,77.5197214422813,77.52894010341132,5,3,Moderate,7,36.566320923114304,35.611860811100044,31.065210607100017,43.12191726500001,5.135677933122289,0.2857142857142857,0.0,0.3434669161043089,0.2987527752411107,-0.0563814691344679,-0.3938976918442244,0.0382520380886466,0.7299354121987472,0.1485093336749046,841.6659904813937,12253.667424357704,37.95754917579211,Low,Historical support + V5,39.71797950740004,39.407175530780016,42.682428253400005,0.4,0.0,0.3532532812063668,0.2523489932885906,0.0326891432050615,0.7463614279404283,11774.548823628022,0.14736707,59.50137635130711,High,Reliable Multi-Date Observation,Moderate,39.71797950740004,39.407175530780016,42.682428253400005,0.4,0.0,0.3532532812063668,0.2523489932885906,0.0326891432050615,0.7463614279404283,11774.548823628022,0.14736707,0.6528359855687678,0.4,0.0,0.9842575437984328,0.9777151549268576,0.5803984788088314,0.4566203759870767,59.31118854728764,Very High,1000000,100,0.12,0.18,0.9842575437984328,0.9777151549268576,0.710415276549678,0.8730850396810369,0.1723851023808622,17.23851023808622,172385.10238086223,0.35,60334.78583330177,112050.31654756043,30,2012,20.12,Street trees + pocket parks + green roofs + cool roofs + reflective pavement,Moderate,Bangarappa Nagara,,Bangarappa Nagara,,Bengaluru,Bengaluru West City Corporation,Bangalore South,Bengaluru Urban,560039.0,"Bangarappa Nagara, Bengaluru West City Corporation, Bengaluru, Bangalore South, Bengaluru Urban, Karnataka, 560039, India",2
8409_1439,8409,1439,12.931189363995689,77.5243307728463,12.926697808120734,12.935680919870643,77.5197214422813,77.52894010341132,4,3,Moderate,7,37.38019298964287,36.6332848178,31.960971108500026,44.58826493510002,5.312719374181921,0.2857142857142857,0.1428571428571428,0.3065670736721366,0.2591947773871521,-0.0056257625774566,-0.3680360960439877,0.0419178358970977,0.6308210823689434,0.1603414455595763,820.367163035807,15197.729140000552,43.22738328004609,High,Historical support + V5,39.69468570110001,39.21687641277501,43.8867163301,0.5,0.0,0.2306791281360441,0.1407694689644925,0.0354974345536902,0.6709111265372485,15156.279703315278,0.1556956374999999,61.557930970432494,High,Reliable Multi-Date Observation,Moderate,39.69468570110001,39.21687641277501,43.8867163301,0.5,0.0,0.2306791281360441,0.1407694689644925,0.0354974345536902,0.6709111265372485,15156.279703315278,0.1556956374999999,0.6516093848007687,0.5,0.0,0.9792799140809718,0.8755790896899858,0.7470928878865428,0.4168768675884121,61.31311992951227,Very High,1000000,100,0.12,0.18,0.9792799140809718,0.8755790896899858,0.7398032396775234,0.8575640382218459,0.1714538422933107,17.14538422933107,171453.84229331074,0.5,85726.92114665537,85726.92114665537,30,2858,28.58,Street-tree corridors + pocket parks + green roofs + shaded public spaces,Moderate,Bangarappa Nagara,,Bangarappa Nagara,,Bengaluru,Bengaluru West City Corporation,Bangalore South,Bengaluru Urban,560039.0,"Bangarappa Nagara, Bengaluru West City Corporation, Bengaluru, Bangalore South, Bengaluru Urban, Karnataka, 560039, India",2
8409_1442,8409,1442,12.95813869924542,77.5243307728463,12.953647143370464,12.962630255120374,77.5197214422813,77.52894010341132,4,4,Moderate,7,36.5718874128286,35.83245982190003,30.522275220200008,43.300372089200025,5.150529589182726,0.2857142857142857,0.0,0.2629305307157708,0.2209012343444918,-0.0289625208649996,-0.3097557023882853,0.0336365042413591,0.7258840111659881,0.149150374636264,857.0469301528643,10529.878773252376,38.80643393589203,Low,Historical support + V5,40.38997932950003,39.34264673120002,43.468641213800026,0.5,0.0,0.3141721675873518,0.2784655095157029,0.0314774313010275,0.7298599914647639,11258.815225153514,0.13884768,62.93962651753071,Very High,Reliable Multi-Date Observation,Moderate,40.38997932950003,39.34264673120002,43.468641213800026,0.5,0.0,0.3141721675873518,0.2784655095157029,0.0314774313010275,0.7298599914647639,11258.815225153514,0.13884768,0.6882220228383522,0.5,0.0,0.986405274369716,0.955377380775706,0.5549766133506373,0.4972744798310452,62.75776907436177,Very High,1000000,100,0.12,0.18,0.986405274369716,0.955377380775706,0.7610104080043082,0.8884903544250504,0.173309421265503,17.3309421265503,173309.421265503,0.35,60658.29744292605,112651.12382257696,30,2022,20.22,Street trees + pocket parks + green roofs + cool roofs + reflective pavement,Moderate,Chandra Layout,,Chandra Layout,,Bengaluru,Bengaluru West City Corporation,Bangalore North,Bengaluru Urban,,"Chandra Layout, Bengaluru West City Corporation, Bengaluru, Bangalore North, Bengaluru Urban, Karnataka, India",2
8409_1443,8409,1443,12.967121810995328,77.5243307728463,12.962630255120374,12.971613366870285,77.5197214422813,77.52894010341132,6,4,Moderate,7,36.58922409855716,35.969642054600016,30.40908748790002,43.42422404390002,5.245112225620618,0.2857142857142857,0.0,0.2446404701228824,0.1943133693803663,-0.0168899952529522,-0.2911799300664285,0.0316190559999009,0.7276129432971726,0.1484923137235825,870.3896215840418,10314.788008232406,39.37680692084047,Low,Historical support + V5,43.02866513435001,40.3002620012,43.87948721780001,0.6666666666666666,0.0,0.1854820365282772,0.1455567354035497,0.0309800815302878,0.7167791669489816,10485.396921304871,0.14544879375,70.75025255622582,Very High,Reliable Multi-Date Observation,Moderate,43.02866513435001,40.3002620012,43.87948721780001,0.6666666666666666,0.0,0.1854820365282772,0.1455567354035497,0.0309800815302878,0.7167791669489816,10485.396921304871,0.14544879375,0.8271694319929505,0.6666666666666666,0.0,0.9872868150261068,0.937670043346306,0.5168527910487698,0.4657742945034162,70.58088771307077,Very High,1000000,100,0.12,0.18,0.9872868150261068,0.937670043346306,0.8758522672910436,0.9303088030121314,0.1758185281807278,17.58185281807279,175818.52818072788,0.35,61536.48486325475,114282.04331747312,30,2052,20.52,Street trees + pocket parks + green roofs + cool roofs + reflective pavement,Moderate,Anubhava Nagara,,Anubhava Nagara,,Bengaluru,Bengaluru West City Corporation,Bangalore North,Bengaluru Urban,,"Anubhava Nagara, Bengaluru West City Corporation, Bengaluru, Bangalore North, Bengaluru Urban, Karnataka, India",2
8409_1444,8409,1444,12.97610492274524,77.5243307728463,12.971613366870285,12.980596478620194,77.5197214422813,77.52894010341132,0,0,Prediction Only,7,37.21016602618574,36.13907330600002,31.60426654130004,44.2233400298,5.152977906104364,0.2857142857142857,0.1428571428571428,0.2217626856275015,0.1809638968341579,0.0195900826428042,-0.2775684694478835,0.045939501806791,0.657681560400454,0.1378856970522284,868.5038115406877,11090.59908257682,41.50345369072819,Moderate,V5 prediction only,,,,,,,,,,,,,,V5 Prediction Only,Prediction Only,36.13907330600002,37.21016602618574,44.2233400298,0.2857142857142857,0.1428571428571428,0.2217626856275015,0.1809638968341579,0.045939501806791,0.657681560400454,11090.59908257682,0.1378856970522284,0.4643786317686894,0.2857142857142857,0.1428571428571428,0.960771597877904,0.8576704027149301,0.5466847972713084,0.501865014441485,50.73381457837108,High,1000000,100,0.08,0.12,0.960771597877904,0.8576704027149301,0.5845010957888224,0.7844880982515278,0.1113795239300611,11.13795239300611,111379.5239300611,0.5,55689.76196503055,55689.76196503055,30,1857,18.57,Street trees + green roofs + cool roofs + shaded corridors,Model Only,Marenahalli West,,Marenahalli West,,Bengaluru,Bengaluru West City Corporation,Bangalore North,Bengaluru Urban,,"Marenahalli West, Bengaluru West City Corporation, Bengaluru, Bangalore North, Bengaluru Urban, Karnataka, India",2
8409_1445,8409,1445,12.98508803449515,77.5243307728463,12.980596478620194,12.989579590370104,77.5197214422813,77.52894010341132,0,0,Prediction Only,7,37.85180894780002,35.80620942830005,31.76638322990003,44.74416082730002,5.26972998824913,0.2857142857142857,0.2857142857142857,0.1999927436920449,0.1451574253926323,0.0606515013867994,-0.2508178250902632,0.0327752225212138,0.6784471713706302,0.1468954102473737,881.6777992586162,12387.280188211556,42.51194495292328,High,V5 prediction only,,,,,,,,,,,,,,V5 Prediction Only,Prediction Only,35.80620942830005,37.85180894780002,44.74416082730002,0.2857142857142857,0.2857142857142857,0.1999927436920449,0.1451574253926323,0.0327752225212138,0.6784471713706302,12387.280188211556,0.1468954102473737,0.4468507497743442,0.2857142857142857,0.2857142857142857,0.9841049702549692,0.885780532923688,0.6106016192645491,0.4588711127842287,52.37226603653564,High,1000000,100,0.08,0.12,0.9841049702549692,0.885780532923688,0.6085532443623652,0.8093031705651073,0.1123721268226042,11.237212682260427,112372.12682260427,0.5,56186.06341130214,56186.06341130214,30,1873,18.73,Street trees + green roofs + cool roofs + shaded corridors,Model Only,Kaveripura,,Kaveripura,,Bengaluru,Bengaluru West City Corporation,Bangalore North,Bengaluru Urban,,"Kaveripura, Bengaluru West City Corporation, Bengaluru, Bangalore North, Bengaluru Urban, Karnataka, India",2
8409_1446,8409,1446,12.99407114624506,77.5243307728463,12.989579590370104,12.998562702120015,77.5197214422813,77.52894010341132,3,3,Moderate,7,37.1893698159286,36.24684347660003,31.503229870100032,44.103008635700014,5.18727791398246,0.2857142857142857,0.0,0.2345306787234005,0.1844903713824615,0.0241198594609244,-0.2816414831476159,0.0385409110785287,0.6605127896089386,0.1412607130664425,872.2256901952014,12706.500381064354,39.82341059439627,Low,Historical support + V5,44.05819839350004,42.70479349760001,44.29588750429997,0.6666666666666666,0.6666666666666666,0.1541276683575857,0.0503116651825467,0.0326615609228611,0.6025327930692583,12632.10196285638,0.1437223299999999,78.05701573575662,Very High,Reliable Multi-Date Observation,Moderate,44.05819839350004,42.70479349760001,44.29588750429997,0.6666666666666666,0.6666666666666666,0.1541276683575857,0.0503116651825467,0.0326615609228611,0.6025327930692583,12632.10196285638,0.1437223299999999,0.8813823961641508,0.6666666666666666,0.6666666666666666,0.9843064327385432,0.7830162529883038,0.6226695284228172,0.4740128933438675,77.85297634805247,Very High,1000000,100,0.12,0.18,0.9843064327385432,0.7830162529883038,0.9826051133500234,0.9333033600455756,0.1759982016027345,17.599820160273453,175998.2016027345,0.5,87999.10080136725,87999.10080136725,30,2934,29.34,Street-tree corridors + pocket parks + green roofs + shaded public spaces,Moderate,Kamalanagara,,Kamalanagara,,Bengaluru,Bengaluru West City Corporation,Bangalore North,Bengaluru Urban,,"Kamalanagara, Bengaluru West City Corporation, Bengaluru, Bangalore North, Bengaluru Urban, Karnataka, India",2
8409_1447,8409,1447,13.00305425799497,77.5243307728463,12.998562702120015,13.007545813869925,77.5197214422813,77.52894010341132,3,2,Limited,7,37.163422161242885,36.23672613740003,30.777122791400032,43.852758301400016,5.229669003585405,0.2857142857142857,0.0,0.2024554378076594,0.1547039797524802,0.0234706756444352,-0.2516632045192804,0.0289383077435928,0.7204963827274805,0.1454745252658598,882.9848896079241,12235.69705329943,40.38245600248803,Moderate,Limited historical support + V5,,,,,,,,,,,,,,Limited Observation + V5,Limited,36.23672613740003,37.163422161242885,43.852758301400016,0.2857142857142857,0.0,0.2024554378076594,0.1547039797524802,0.0289383077435928,0.7204963827274805,12235.69705329943,0.1454745252658598,0.4695208157660043,0.2857142857142857,0.0,0.9909058105701228,0.9427019886956496,0.60312968787814,0.4656515049940938,50.86299462570678,High,1000000,100,0.08,0.12,0.9909058105701228,0.9427019886956496,0.5863974337460885,0.8170515043718908,0.1126820601748756,11.268206017487564,112682.06017487565,0.35,39438.72106120647,73243.33911366916,30,1315,13.15,Street trees + green roofs + cool roofs + shaded corridors,Limited,Kempegowda Layout,,Kempegowda Layout,,Bengaluru,Bengaluru West City Corporation,Bangalore North,Bengaluru Urban,,"Kempegowda Layout, Bengaluru West City Corporation, Bengaluru, Bangalore North, Bengaluru Urban, Karnataka, India",2
8409_1448,8409,1448,13.01203736974488,77.5243307728463,13.007545813869925,13.016528925619834,77.5197214422813,77.52894010341132,2,2,Limited,7,37.23153353407146,36.27140195030004,31.23889729340004,43.91699998730002,5.168782032468878,0.2857142857142857,0.0,0.2314870657535928,0.1860008952735075,0.0315710179583053,-0.2842489241288838,0.0294733717925032,0.720081916254003,0.1470124340811432,894.7027815330897,10723.818907401892,40.518115343424,Moderate,Limited historical support + V5,,,,,,,,,,,,,,Limited Observation + V5,Limited,36.27140195030004,37.23153353407146,43.91699998730002,0.2857142857142857,0.0,0.2314870657535928,0.1860008952735075,0.0294733717925032,0.720081916254003,10723.818907401892,0.1470124340811432,0.4713467680464654,0.2857142857142857,0.0,0.9899574222514028,0.942140930966438,0.5286052377979483,0.4583126808905974,50.48862042112926,High,1000000,100,0.08,0.12,0.9899574222514028,0.942140930966438,0.580901693273748,0.8143810078390997,0.1125752403135639,11.257524031356398,112575.240313564,0.35,39401.3341097474,73173.90620381659,30,1314,13.14,Street trees + green roofs + cool roofs + shaded corridors,Limited,Laggere,,Laggere,,Bengaluru,Bengaluru West City Corporation,Bangalore North,Bengaluru Urban,,"Laggere, Bengaluru West City Corporation, Bengaluru, Bangalore North, Bengaluru Urban, Karnataka, India",2
8409_1456,8409,1456,13.08390226374416,77.5243307728463,13.079410707869206,13.088393819619116,77.5197214422813,77.52894010341132,5,4,Moderate,7,38.37757854997144,36.64540169870002,32.540906561900044,45.0436648298,5.082441999351735,0.2857142857142857,0.2857142857142857,0.2842078422712893,0.2413657712301374,0.0635615185992137,-0.3806791073421015,0.030548060133564,0.6412626161366063,0.1704172600251732,881.5728624667277,5967.30393566964,45.52350792421748,Very High,Historical support + V5,44.03146947709996,42.48891363308,47.19031811060002,0.6,0.6,0.2839086849484109,0.2638486778614167,0.0267515333835035,0.7199445853475481,5141.9840528729765,0.1814783724999999,74.56010476326995,Very High,Reliable Multi-Date Observation,Moderate,44.03146947709996,42.48891363308,47.19031811060002,0.6,0.6,0.2839086849484109,0.2638486778614167,0.0267515333835035,0.7199445853475481,5141.9840528729765,0.1814783724999999,0.8799749100297748,0.6,0.6,0.9947818161866616,0.941955027952668,0.2534619174840858,0.2938429430854224,74.47704912606739,Very High,1000000,100,0.12,0.18,0.9947818161866616,0.941955027952668,0.9330471586654132,0.9568812561196638,0.1774128753671798,17.74128753671798,177412.8753671798,0.35,62094.50637851293,115318.36898866689,30,2070,20.7,Street trees + pocket parks + green roofs + cool roofs + reflective pavement,Moderate,Dr. Shivaram Karanth Layout,,Dr. Shivaram Karanth Layout,,Bengaluru,Bengaluru North City Corporation,Bangalore North,Bengaluru Urban,560090.0,"Sector 7, Dr. Shivaram Karanth Layout, Bengaluru North City Corporation, Bengaluru, Bangalore North, Bengaluru Urban, Karnataka, 560090, India",2
8409_1457,8409,1457,13.09288537549407,77.5243307728463,13.088393819619116,13.097376931369029,77.5197214422813,77.52894010341132,1,1,Limited,7,39.24432738590002,38.06312803430003,33.08808029360003,46.9993362431,5.262633020978669,0.2857142857142857,0.2857142857142857,0.226660144430399,0.1856699107826995,0.1043139885791945,-0.3514163060740623,0.0305647334653125,0.6142780637030708,0.1794769541108975,892.9994215140024,7281.4880333301,50.96957225420419,Very High,Limited historical support + V5,,,,,,,,,,,,,,Limited Observation + V5,Limited,38.06312803430003,39.24432738590002,46.9993362431,0.2857142857142857,0.2857142857142857,0.226660144430399,0.1856699107826995,0.0305647334653125,0.6142780637030708,7281.4880333301,0.1794769541108975,0.565695135263557,0.2857142857142857,0.2857142857142857,0.9880230096066016,0.7989156689663721,0.3589236956178603,0.3033936117396099,53.0919424284568,High,1000000,100,0.08,0.12,0.9880230096066016,0.7989156689663721,0.619117953751284,0.7931841521044172,0.1117273660841766,11.172736608417669,111727.36608417668,0.5,55863.68304208834,55863.68304208834,30,1863,18.63,Street trees + green roofs + cool roofs + shaded corridors,Limited,Dr. Shivaram Karanth Layout,,Dr. Shivaram Karanth Layout,,Bengaluru,Bengaluru North City Corporation,Bangalore North,Bengaluru Urban,560090.0,"Sector 7, Dr. Shivaram Karanth Layout, Bengaluru North City Corporation, Bengaluru, Bangalore North, Bengaluru Urban, Karnataka, 560090, India",2
8409_1459,8409,1459,13.110851598993891,77.5243307728463,13.106360043118936,13.115343154868846,77.5197214422813,77.52894010341132,4,4,Moderate,7,38.69013450598573,36.89558367260004,32.58593897540003,46.05820152620003,5.342312812422636,0.2857142857142857,0.2857142857142857,0.2511100828939341,0.2119253507715444,0.0842219947481849,-0.3746686514019515,0.0404068540670339,0.6519227310279323,0.1745636288457938,893.0551594413794,12246.506145819105,46.63877878186099,Very High,Historical support + V5,38.53886514800004,38.517647788850034,43.41872103170002,0.25,0.0,0.271210510035355,0.2768703350949613,0.030127795995213,0.6973327832529321,13018.17642389628,0.17247688,53.020575942500855,High,Reliable Multi-Date Observation,Moderate,38.53886514800004,38.517647788850034,43.41872103170002,0.25,0.0,0.271210510035355,0.2768703350949613,0.030127795995213,0.6973327832529321,13018.17642389628,0.17247688,0.5907464086155435,0.25,0.0,0.9887974708949224,0.9113457334779131,0.6417001539908085,0.3367976159957718,52.81030050660218,High,1000000,100,0.08,0.12,0.9887974708949224,0.9113457334779131,0.6149835051441987,0.8199089502403807,0.1127963580096152,11.279635800961522,112796.35800961524,0.5,56398.179004807615,56398.179004807615,30,1880,18.8,Street trees + green roofs + cool roofs + shaded corridors,Moderate,Dr. Shivaram Karanth Layout,,Dr. Shivaram Karanth Layout,,,Byalakere,Yelahanka taluku,Bengaluru Urban,,"Sector 5, Dr. Shivaram Karanth Layout, Byalakere, Kasaghattapura, Yelahanka taluku, Bengaluru Urban, Karnataka, India",2
8409_1460,8409,1460,13.119834710743802,77.5243307728463,13.115343154868846,13.124326266618755,77.5197214422813,77.52894010341132,2,2,Limited,7,38.84495860477144,37.31003568769998,33.03634856090002,46.12810003519998,5.3997000433711015,0.2857142857142857,0.2857142857142857,0.3250136061094223,0.2889313275594627,0.0793012996163846,-0.4431660223557718,0.0694829609324597,0.4208180058958327,0.1703039003119154,885.6567092668753,14532.057566965226,45.99869601625704,Very High,Limited historical support + V5,,,,,,,,,,,,,,Limited Observation + V5,Limited,37.31003568769998,38.84495860477144,46.12810003519998,0.2857142857142857,0.2857142857142857,0.3250136061094223,0.2889313275594627,0.0694829609324597,0.4208180058958327,14532.057566965226,0.1703039003119154,0.5260389434494722,0.2857142857142857,0.2857142857142857,0.91904137574373,0.5370313727149548,0.7163233370695005,0.3471669666054078,50.2545541851642,High,1000000,100,0.08,0.12,0.91904137574373,0.5370313727149548,0.5774656464775931,0.6869085832800814,0.1074763433312032,10.747634333120326,107476.34333120326,0.7,75233.44033184227,32242.902999360987,30,2508,25.08,Tree canopy expansion + parks + connected green corridors,Limited,Mavallipura,,,,,Byalakere,Yelahanka taluku,Bengaluru Urban,560088.0,"Chikka Byalakere, Byalakere, Mavallipura, Yelahanka taluku, Bengaluru Urban, Karnataka, 560088, India",2
8410_1432,8410,1432,12.868307581746317,77.53354943397632,12.863816025871362,12.872799137621271,77.52894010341132,77.53815876454132,2,2,Limited,7,37.47253812427146,36.27326477120005,31.71724919240004,44.2380546059,5.059521138720955,0.2857142857142857,0.1428571428571428,0.2965594367545446,0.2346736521933259,0.0100237701899041,-0.360520322322398,0.0433172253697635,0.6639467131010112,0.1560762828324592,877.3720367888471,9864.394303305084,42.10713087201007,Moderate,Limited historical support + V5,,,,,,,,,,,,,,Limited Observation + V5,Limited,36.27326477120005,37.47253812427146,44.2380546059,0.2857142857142857,0.1428571428571428,0.2965594367545446,0.2346736521933259,0.0433172253697635,0.6639467131010112,9864.394303305084,0.1560762828324592,0.4714448601108179,0.2857142857142857,0.1428571428571428,0.9654195205824764,0.8661514562434466,0.4862419387586077,0.4150604470614117,50.36409367502481,High,1000000,100,0.08,0.12,0.9654195205824764,0.8661514562434466,0.5790736648730535,0.7860641622139497,0.1114425664885579,11.1442566488558,111442.566488558,0.5,55721.283244279,55721.283244279,30,1858,18.58,Street trees + green roofs + cool roofs + shaded corridors,Limited,Talagattapura,,Talagattapura,,Bengaluru,Bengaluru South City Corporation,Bangalore South,Bengaluru Urban,,"Talagattapura, Bengaluru South City Corporation, Bengaluru, Bangalore South, Bengaluru Urban, Karnataka, India",20
8410_1435,8410,1435,12.895256916996049,77.53354943397632,12.890765361121092,12.899748472871002,77.52894010341132,77.53815876454132,1,1,Limited,7,37.12447138190003,36.45385585790004,31.24091392520005,44.41710758360004,5.222646350646338,0.2857142857142857,0.1428571428571428,0.351733696642617,0.2846243492445314,-0.0124068988405935,-0.4056241292856813,0.0464073324941929,0.6814720892861181,0.1513548469130583,848.4678665153573,7655.256006004428,43.01048169050102,High,Limited historical support + V5,,,,,,,,,,,,,,Limited Observation + V5,Limited,36.45385585790004,37.12447138190003,44.41710758360004,0.2857142857142857,0.1428571428571428,0.351733696642617,0.2846243492445314,0.0464073324941929,0.6814720892861181,7655.256006004428,0.1513548469130583,0.4809543907897854,0.2857142857142857,0.1428571428571428,0.95994237909564,0.8898753239027395,0.377347702008009,0.4375909036034842,50.3726422486416,High,1000000,100,0.08,0.12,0.95994237909564,0.8898753239027395,0.5791991562702494,0.7901283261672587,0.1116051330466903,11.160513304669037,111605.13304669036,0.5,55802.56652334517,55802.56652334517,30,1861,18.61,Street trees + green roofs + cool roofs + shaded corridors,Limited,Subramanyapura,,Subramanyapura,,Bengaluru,Bengaluru South City Corporation,Bangalore South,Bengaluru Urban,560061.0,"Subramanyapura, Bengaluru South City Corporation, Bengaluru, Bangalore South, Bengaluru Urban, Karnataka, 560061, India",2
8410_1437,8410,1437,12.913223140495868,77.53354943397632,12.908731584620911,12.917714696370822,77.52894010341132,77.53815876454132,5,5,High,7,37.464813399071446,36.236862858200034,31.834470188300035,44.32068523940002,5.111032027099911,0.2857142857142857,0.1428571428571428,0.3319629735699476,0.2840082610560263,-0.001539024116538,-0.3957999481135517,0.0630589985727475,0.606752242286982,0.1543031129811826,867.2902328814725,9402.034797962231,41.38842296422526,Moderate,Strong historical support + V5,39.56480094110002,38.76678897566002,44.71372335920003,0.4,0.4,0.2840660858211765,0.1651074589127686,0.0369994053617119,0.6439905762672424,10290.286682109494,0.16550046,60.93656827045654,High,Reliable Multi-Date Observation,High,39.56480094110002,38.76678897566002,44.71372335920003,0.4,0.4,0.2840660858211765,0.1651074589127686,0.0369994053617119,0.6439905762672424,10290.286682109494,0.16550046,0.644769938112006,0.4,0.4,0.976617706496129,0.8391371003611804,0.5072352942151092,0.3700887440154,60.77035493556647,Very High,1000000,100,0.12,0.18,0.976617706496129,0.8391371003611804,0.7318355551850414,0.8443346944379567,0.1706600816662773,17.06600816662774,170660.08166627737,0.5,85330.04083313869,85330.04083313869,30,2845,28.45,Street-tree corridors + pocket parks + green roofs + shaded public spaces,Strong,Subramanyapura,,Subramanyapura,,Bengaluru,Bengaluru South City Corporation,Bangalore South,Bengaluru Urban,560061.0,"Subramanyapura, Bengaluru South City Corporation, Bengaluru, Bangalore South, Bengaluru Urban, Karnataka, 560061, India",2
8410_1439,8410,1439,12.931189363995689,77.53354943397632,12.926697808120734,12.935680919870643,77.52894010341132,77.53815876454132,9,6,Very High,7,37.10839203924288,36.20639120990003,31.42799924990004,44.17535102900002,5.304471535566281,0.2857142857142857,0.0,0.2892351676902144,0.2408069285751567,-0.0133123412214352,-0.34491028220712,0.0528079994579526,0.6428334920733008,0.1500150684275431,833.4180680762339,14255.524759572125,39.483524429575866,Low,Strong historical support + V5,39.01316669330004,38.333949152300015,44.01190131260002,0.3333333333333333,0.1111111111111111,0.2108641664832919,0.1893491124260355,0.0317035152111202,0.7214731434360147,13695.254652615991,0.14662743,58.04375445980538,High,Reliable Multi-Date Observation,Very High,39.01316669330004,38.333949152300015,44.01190131260002,0.3333333333333333,0.1111111111111111,0.2108641664832919,0.1893491124260355,0.0317035152111202,0.7214731434360147,13695.254652615991,0.14662743,0.6157220880830747,0.3333333333333333,0.1111111111111111,0.9860045460086554,0.9440242166204204,0.6750751206133013,0.4601499011487552,57.822542552081,Very High,1000000,100,0.12,0.18,0.9860045460086554,0.9440242166204204,0.6885622430211599,0.8565325424665985,0.1713919525479959,17.139195254799592,171391.95254799593,0.35,59987.18339179857,111404.76915619736,30,2000,20.0,Street trees + pocket parks + green roofs + cool roofs + reflective pavement,Strong,Bangarappa Nagara,,Bangarappa Nagara,,Bengaluru,Bengaluru West City Corporation,Bangalore South,Bengaluru Urban,560039.0,"Bangarappa Nagara, Bengaluru West City Corporation, Bengaluru, Bangalore South, Bengaluru Urban, Karnataka, 560039, India",2
8410_1442,8410,1442,12.95813869924542,77.53354943397632,12.953647143370464,12.962630255120374,77.52894010341132,77.53815876454132,6,4,Moderate,7,36.49156638427144,35.62789132490003,30.625123442000017,43.2046846193,5.195037033935905,0.2857142857142857,0.0,0.2762914523622153,0.2387608849334604,-0.0357382393873411,-0.3197835704209736,0.0353486607136958,0.7220915986049009,0.1458976515593863,863.5901985336127,13794.885419161128,37.94374197002564,Low,Historical support + V5,42.86561703530003,41.03092074320002,43.52719189640001,0.6666666666666666,0.0,0.255702186547931,0.220228105868709,0.0311869877623393,0.7313385487068444,14072.069367982773,0.1564194512499999,71.36442623907082,Very High,Reliable Multi-Date Observation,Moderate,42.86561703530003,41.03092074320002,43.52719189640001,0.6666666666666666,0.0,0.255702186547931,0.220228105868709,0.0311869877623393,0.7313385487068444,14072.069367982773,0.1564194512499999,0.8185836765805646,0.6666666666666666,0.0,0.9869200786438967,0.9573788839655556,0.6936493089637537,0.4134228645017836,71.1371278507253,Very High,1000000,100,0.12,0.18,0.9869200786438967,0.9573788839655556,0.8840177642709921,0.9383738542251496,0.1763024312535089,17.630243125350898,176302.43125350898,0.35,61705.85093872814,114596.58031478083,30,2057,20.57,Street trees + pocket parks + green roofs + cool roofs + reflective pavement,Moderate,Attigupe,,Attigupe,,Bengaluru,Bengaluru West City Corporation,Bangalore North,Bengaluru Urban,,"Attigupe, Bengaluru West City Corporation, Bengaluru, Bangalore North, Bengaluru Urban, Karnataka, India",2
8410_1444,8410,1444,12.97610492274524,77.53354943397632,12.971613366870285,12.980596478620194,77.52894010341132,77.53815876454132,6,4,Moderate,7,36.47292108517145,35.881610949500015,30.192726821900028,42.97965927260001,5.156711744713918,0.2857142857142857,0.0,0.2352157388885847,0.2099381809510656,-0.018094733185175,-0.2915674881905626,0.0322560438319696,0.731401335547327,0.1490461796823799,892.9665458105977,14227.244107668976,39.05977195068069,Low,Historical support + V5,35.74538576240002,36.82387646135002,44.68212376430003,0.3333333333333333,0.1666666666666666,0.2352168780342389,0.1441061064163016,0.0293957424582913,0.7250138475792482,14259.64158847934,0.1266079525,54.172248314771146,High,Reliable Multi-Date Observation,Moderate,35.74538576240002,36.82387646135002,44.68212376430003,0.3333333333333333,0.1666666666666666,0.2352168780342389,0.1441061064163016,0.0293957424582913,0.7250138475792482,14259.64158847934,0.1266079525,0.4436479088841706,0.3333333333333333,0.1666666666666666,0.9900950184025674,0.9488172205267312,0.7028952370306142,0.5556818485284377,53.9419201756262,High,1000000,100,0.08,0.12,0.9900950184025674,0.9488172205267312,0.6315954616794258,0.8363757462443517,0.113455029849774,11.345502984977408,113455.02984977407,0.35,39709.26044742092,73745.76940235315,30,1324,13.24,Street trees + green roofs + cool roofs + shaded corridors,Moderate,Thimmenahalli,,Thimmenahalli,,Bengaluru,Bengaluru West City Corporation,Bangalore North,Bengaluru Urban,,"Thimmenahalli, Bengaluru West City Corporation, Bengaluru, Bangalore North, Bengaluru Urban, Karnataka, India",2
8410_1445,8410,1445,12.98508803449515,77.53354943397632,12.980596478620194,12.989579590370104,77.52894010341132,77.53815876454132,4,4,Moderate,7,36.6784612764286,36.10215869000002,30.25423409180004,43.43141897600001,5.226909480320035,0.2857142857142857,0.0,0.2386442972711598,0.2049103677952946,0.0031541697823413,-0.2832008154853198,0.0325539802508987,0.7197884158191118,0.1477993472368527,902.4905327080926,15102.497385230798,39.8328348150942,Low,Historical support + V5,38.96389593500002,39.04206605240002,46.23117042830002,0.5,0.25,0.2097080017516996,0.1529584739461363,0.0279243532568215,0.7409038069890812,15752.53124005214,0.1468950874999999,64.41886941468778,Very High,Reliable Multi-Date Observation,Moderate,38.96389593500002,39.04206605240002,46.23117042830002,0.5,0.25,0.2097080017516996,0.1529584739461363,0.0279243532568215,0.7409038069890812,15752.53124005214,0.1468950874999999,0.6131275979773229,0.5,0.25,0.9927030208161216,0.9703272463412278,0.7764836942854305,0.4588726529185869,64.16442745099388,Very High,1000000,100,0.12,0.18,0.9927030208161216,0.9703272463412278,0.7816598792464254,0.9026918205695196,0.1741615092341711,17.416150923417117,174161.5092341712,0.35,60956.52823195992,113204.98100221128,30,2032,20.32,Street trees + pocket parks + green roofs + cool roofs + reflective pavement,Moderate,Kamakshipalya,,Kamakshipalya,,Bengaluru,Bengaluru West City Corporation,Bangalore North,Bengaluru Urban,560079.0,"Kamakshipalya, Bengaluru West City Corporation, Bengaluru, Bangalore North, Bengaluru Urban, Karnataka, 560079, India",2
8410_1447,8410,1447,13.00305425799497,77.53354943397632,12.998562702120015,13.007545813869925,77.52894010341132,77.53815876454132,8,6,Very High,7,36.746289441885736,35.91908953880002,30.286876182800032,43.50880294880001,5.243524484951779,0.2857142857142857,0.0,0.2128186353746603,0.1583321795891369,0.0033679032913068,-0.2557825403663465,0.0300039646902723,0.7249903118889971,0.1382246205513979,890.9053033393775,13938.562910632269,39.14676579711164,Low,Strong historical support + V5,35.66437014335001,37.142202360650025,43.55332265930002,0.375,0.0,0.2197807565866594,0.1030547251597638,0.0317990054609253,0.7278541742125526,13814.66680249538,0.13808968375,53.00300982964559,High,Reliable Multi-Date Observation,Very High,35.66437014335001,37.142202360650025,43.55332265930002,0.375,0.0,0.2197807565866594,0.1030547251597638,0.0317990054609253,0.7278541742125526,13814.66680249538,0.13808968375,0.4393818040120544,0.375,0.0,0.9858352918088056,0.9526621327526348,0.6809612595371309,0.5008916001014918,52.77986912321319,High,1000000,100,0.08,0.12,0.9858352918088056,0.9526621327526348,0.6145367783578034,0.829022596664362,0.1131609038665744,11.316090386657446,113160.90386657447,0.35,39606.31635330107,73554.5875132734,30,1321,13.21,Street trees + green roofs + cool roofs + shaded corridors,Strong,Raja Mayura Varma Ward,,Raja Mayura Varma Ward,,Bengaluru,Bengaluru West City Corporation,Bangalore North,Bengaluru Urban,,"Raja Mayura Varma Ward, Bengaluru West City Corporation, Bengaluru, Bangalore North, Bengaluru Urban, Karnataka, India",2
8410_1449,8410,1449,13.021020481494787,77.53354943397632,13.016528925619834,13.025512037369744,77.52894010341132,77.53815876454132,2,2,Limited,7,36.6840668292286,35.96878754960003,31.068150104300035,43.31272823150004,5.183522855123615,0.2857142857142857,0.0,0.2798396076896083,0.2455132166651425,-0.0067928535208447,-0.3156532049581873,0.0548943750829288,0.6718543990903745,0.1383630303277944,902.6145199860932,13095.730408661586,38.81577633324098,Low,Limited historical support + V5,,,,,,,,,,,,,,Limited Observation + V5,Limited,35.96878754960003,36.6840668292286,43.31272823150004,0.2857142857142857,0.0,0.2798396076896083,0.2455132166651425,0.0548943750829288,0.6718543990903745,13095.730408661586,0.1383630303277944,0.4554117571888433,0.2857142857142857,0.0,0.9448992976775824,0.8768559851460742,0.6455229938683773,0.4995872038760522,49.47281016386907,High,1000000,100,0.08,0.12,0.9448992976775824,0.8768559851460742,0.5659897963674333,0.7763246690206458,0.1110529867608258,11.105298676082583,111052.98676082582,0.5,55526.49338041291,55526.49338041291,30,1851,18.51,Street trees + green roofs + cool roofs + shaded corridors,Limited,Dr. Puneeth Rajkumar Ward,,Dr. Puneeth Rajkumar Ward,,Bengaluru,Bengaluru West City Corporation,Bangalore North,Bengaluru Urban,,"Dr. Puneeth Rajkumar Ward, Bengaluru West City Corporation, Bengaluru, Bangalore North, Bengaluru Urban, Karnataka, India",2
8410_1450,8410,1450,13.0300035932447,77.53354943397632,13.025512037369744,13.034495149119657,77.52894010341132,77.53815876454132,1,1,Limited,7,36.82352936955717,36.053725346600025,31.23558181400004,43.4563534319,5.185539998546654,0.2857142857142857,0.0,0.3073936852161281,0.2742019743043465,0.0028081617956865,-0.3491141288541826,0.056311446845597,0.6779526890916244,0.1425731234663421,917.9894466031478,13567.388592688758,39.21920669909054,Low,Limited historical support + V5,,,,,,,,,,,,,,Limited Observation + V5,Limited,36.053725346600025,36.82352936955717,43.4563534319,0.2857142857142857,0.0,0.3073936852161281,0.2742019743043465,0.056311446845597,0.6779526890916244,13567.388592688758,0.1425731234663421,0.4598843953524156,0.2857142857142857,0.0,0.9423875716342444,0.8851111588672859,0.6687722662292658,0.4794968495610956,49.667659745567946,High,1000000,100,0.08,0.12,0.9423875716342444,0.8851111588672859,0.568850150310274,0.7786534999129165,0.1111461399965166,11.114613999651665,111146.13999651663,0.5,55573.069998258325,55573.069998258325,30,1853,18.53,Street trees + green roofs + cool roofs + shaded corridors,Limited,Peenya,,Peenya,,Bengaluru,Bengaluru West City Corporation,Bangalore North,Bengaluru Urban,,"Peenya, Bengaluru West City Corporation, Bengaluru, Bangalore North, Bengaluru Urban, Karnataka, India",2
8410_1453,8410,1453,13.05695292849443,77.53354943397632,13.052461372619476,13.061444484369384,77.52894010341132,77.53815876454132,6,3,Moderate,7,36.27466127651432,36.02231374280004,31.000900560800048,43.06447743890003,5.1669800391597205,0.1428571428571428,0.0,0.4216411047810665,0.3643695028453211,-0.0216321315292794,-0.4569644239300625,0.1586262478968399,0.4588001007055368,0.1315925584319157,916.9926019756456,12706.252298672764,31.901037265489563,Low,Historical support + V5,42.86838563150003,42.345719103200025,47.08762369970003,0.8333333333333334,0.1666666666666666,0.278700291198288,0.175519350735873,0.0477623271290212,0.6442504564183764,12415.676110966297,0.15265213,75.2374350517046,Very High,Reliable Multi-Date Observation,Moderate,42.86838563150003,42.345719103200025,47.08762369970003,0.8333333333333334,0.1666666666666666,0.278700291198288,0.175519350735873,0.0477623271290212,0.6442504564183764,12415.676110966297,0.15265213,0.8187294647862988,0.8333333333333334,0.1666666666666666,0.9575406832870428,0.8394888966506101,0.6120013289789589,0.4314003334650645,75.03689147162082,Very High,1000000,100,0.12,0.18,0.9575406832870428,0.8394888966506101,0.9412655353563504,0.9215176774556576,0.1752910606473394,17.529106064733945,175291.06064733947,0.5,87645.53032366974,87645.53032366974,30,2922,29.22,Street-tree corridors + pocket parks + green roofs + shaded public spaces,Moderate,Shettihalli,,Shettihalli,,Bengaluru,Bengaluru North City Corporation,Bangalore North,Bengaluru Urban,560015.0,"Shettihalli, Bengaluru North City Corporation, Bengaluru, Bangalore North, Bengaluru Urban, Karnataka, 560015, India",21
8410_1457,8410,1457,13.09288537549407,77.53354943397632,13.088393819619116,13.097376931369029,77.52894010341132,77.53815876454132,4,3,Moderate,7,37.700261265328606,36.093784541000026,31.92438120440004,44.00810731040002,4.85449737472136,0.2857142857142857,0.0,0.3056214411258498,0.271036325005289,0.0392801869880113,-0.3976253698097227,0.0551875453577088,0.6472049744114707,0.164306212971376,903.9266448734476,10144.778700257915,39.07323797480855,Low,Historical support + V5,39.30395474480001,39.50887358885001,44.06012957479997,0.5,0.25,0.2286721711198598,0.1631203366859262,0.026424447656609,0.723289959714748,10637.025045443132,0.1711851499999999,62.83454730769484,High,Reliable Multi-Date Observation,Moderate,39.30395474480001,39.50887358885001,44.06012957479997,0.5,0.25,0.2286721711198598,0.1631203366859262,0.026424447656609,0.723289959714748,10637.025045443132,0.1711851499999999,0.6310343493211388,0.5,0.25,0.995361567869172,0.9464836165501376,0.5243269400724575,0.3429616870804826,62.66273329893782,Very High,1000000,100,0.12,0.18,0.995361567869172,0.9464836165501376,0.7596153013144468,0.8888435734175233,0.1733306144050513,17.333061440505137,173330.61440505137,0.35,60665.71504176797,112664.8993632834,30,2023,20.23,Street trees + pocket parks + green roofs + cool roofs + reflective pavement,Moderate,Dr. Shivaram Karanth Layout,,Dr. Shivaram Karanth Layout,,,Modi Agrahara,Yelahanka taluku,Bengaluru Urban,,"Sector 6, Dr. Shivaram Karanth Layout, Modi Agrahara, Yelahanka taluku, Bengaluru Urban, Karnataka, India",2
8410_1458,8410,1458,13.101868487243982,77.53354943397632,13.097376931369029,13.106360043118936,77.52894010341132,77.53815876454132,3,3,Moderate,7,39.0157033524286,37.31083892240002,32.345840160500046,47.01640925300004,5.745607606894657,0.2857142857142857,0.2857142857142857,0.2586992995548725,0.2091507071952351,0.0801190133900794,-0.3795152086516226,0.0410746724538462,0.5110349430359452,0.1731014694039209,898.6103706648394,11928.08562395869,46.904103824458005,Very High,Historical support + V5,41.07578795240002,38.122510435100025,41.58934545740003,0.6666666666666666,0.0,0.2313809751527975,0.2022103970528039,0.0660352597478777,0.6084218996111304,12416.923934694936,0.1747200825,65.07523419793571,Very High,Reliable Multi-Date Observation,Moderate,41.07578795240002,38.122510435100025,41.58934545740003,0.6666666666666666,0.0,0.2313809751527975,0.2022103970528039,0.0660352597478777,0.6084218996111304,12416.923934694936,0.1747200825,0.7243352012822156,0.6666666666666666,0.0,0.9251523442091922,0.7909882578545717,0.6120628374923442,0.3260931656327704,64.87467046244231,Very High,1000000,100,0.12,0.18,0.9251523442091922,0.7909882578545717,0.792086108445681,0.8383848283151325,0.1703030896989079,17.030308969890797,170303.08969890795,0.5,85151.54484945397,85151.54484945397,30,2839,28.39,Street-tree corridors + pocket parks + green roofs + shaded public spaces,Moderate,Dr. Shivaram Karanth Layout,,Dr. Shivaram Karanth Layout,,,Modi Agrahara,Yelahanka taluku,Bengaluru Urban,,"Sector 6, Dr. Shivaram Karanth Layout, Modi Agrahara, Yelahanka taluku, Bengaluru Urban, Karnataka, India",2
8410_1459,8410,1459,13.110851598993891,77.53354943397632,13.106360043118936,13.115343154868846,77.52894010341132,77.53815876454132,5,5,High,7,39.69810860398574,39.91352443160001,33.397889626400016,46.933351367000014,5.39873403751692,0.2857142857142857,0.2857142857142857,0.3100843809173352,0.2700695486001609,0.0856392560254159,-0.4234102901376004,0.1192718790170804,0.3180721388261617,0.1601685654866456,901.7011437960688,14226.721940699888,55.46783784820718,Very High,Strong historical support + V5,42.217782614600026,41.127919593440026,46.42432273850004,0.6,0.4,0.2265050879121788,0.1920498084291187,0.0383618511259555,0.6462210996542126,13865.785228395833,0.176627895,70.79502884604516,Very High,Reliable Multi-Date Observation,High,42.217782614600026,41.127919593440026,46.42432273850004,0.6,0.4,0.2265050879121788,0.1920498084291187,0.0383618511259555,0.6462210996542126,13865.785228395833,0.176627895,0.7844701363659676,0.6,0.4,0.9742028037376104,0.8421565300775254,0.6834810211922178,0.3169891796091442,70.57106245182526,Very High,1000000,100,0.12,0.18,0.9742028037376104,0.8421565300775254,0.8757080343678934,0.9017933275747024,0.1741075996544821,17.410759965448214,174107.59965448212,0.5,87053.79982724106,87053.79982724106,30,2902,29.02,Street-tree corridors + pocket parks + green roofs + shaded public spaces,Strong,Dr. Shivaram Karanth Layout,,Dr. Shivaram Karanth Layout,,,Byalakere,Yelahanka taluku,Bengaluru Urban,560088.0,"Chikka Byalakere, Dr. Shivaram Karanth Layout, Byalakere, Mavallipura, Yelahanka taluku, Bengaluru Urban, Karnataka, 560088, India",2
8411_1432,8411,1432,12.868307581746317,77.54276809510633,12.863816025871362,12.872799137621271,77.53815876454132,77.54737742567134,5,3,Moderate,7,37.35055875624288,36.57090595280002,31.58367297080004,43.86393522680004,4.823000160111362,0.2857142857142857,0.0,0.3447612064625214,0.3003493397528412,0.005702871130134,-0.40585545471709,0.0480657804492381,0.6819512286887182,0.1549977226209113,882.4811489043284,9303.387211511485,41.34433197658289,Moderate,Historical support + V5,42.56654028530004,40.41225456584003,43.82230374320002,0.8,0.0,0.5101685960582897,0.4438687392055268,0.0382125659380108,0.7410189660731703,8820.430828479977,0.1568179675,72.78087955298123,Very High,Reliable Multi-Date Observation,Moderate,42.56654028530004,40.41225456584003,43.82230374320002,0.8,0.0,0.5101685960582897,0.4438687392055268,0.0382125659380108,0.7410189660731703,8820.430828479977,0.1568179675,0.8028349506524928,0.8,0.0,0.9744674081876624,0.9704831356552054,0.4347822334402534,0.4115211648482858,72.63840799038448,Very High,1000000,100,0.12,0.18,0.9744674081876624,0.9704831356552054,0.9060562645815488,0.9461068826121029,0.1767664129567261,17.676641295672617,176766.41295672616,0.35,61868.24453485415,114898.168421872,30,2063,20.63,Street trees + pocket parks + green roofs + cool roofs + reflective pavement,Moderate,Talagattapura,,Talagattapura,,Bengaluru,Bengaluru South City Corporation,Bangalore South,Bengaluru Urban,,"Talagattapura, Bengaluru South City Corporation, Bengaluru, Bangalore South, Bengaluru Urban, Karnataka, India",20
8411_1436,8411,1436,12.904240028745958,77.54276809510633,12.899748472871002,12.908731584620911,77.53815876454132,77.54737742567134,2,2,Limited,7,37.392817690657175,36.41371121300004,31.620365415500032,44.20847164280002,5.087193588104786,0.2857142857142857,0.1428571428571428,0.2552164810975231,0.2007134968386702,0.0004424113208163,-0.3069640093291241,0.0359815472111145,0.6841804020779083,0.1511113594543122,854.994468300883,4862.135875287144,42.87571188134624,High,Limited historical support + V5,,,,,,,,,,,,,,Limited Observation + V5,Limited,36.41371121300004,37.392817690657175,44.20847164280002,0.2857142857142857,0.1428571428571428,0.2552164810975231,0.2007134968386702,0.0359815472111145,0.6841804020779083,4862.135875287144,0.1511113594543122,0.4788404618066404,0.2857142857142857,0.1428571428571428,0.9784218358935464,0.8935415307546644,0.2396674648047351,0.4387528136032105,49.94048666361735,High,1000000,100,0.08,0.12,0.9784218358935464,0.8935415307546644,0.5728551963768428,0.7949751038021444,0.1117990041520857,11.179900415208577,111799.00415208576,0.5,55899.50207604288,55899.50207604288,30,1864,18.64,Street trees + green roofs + cool roofs + shaded corridors,Limited,Uttarahalli,,Uttarahalli,,Bengaluru,Bengaluru South City Corporation,Bangalore South,Bengaluru Urban,,"Uttarahalli, Bengaluru South City Corporation, Bengaluru, Bangalore South, Bengaluru Urban, Karnataka, India",2
8411_1439,8411,1439,12.931189363995689,77.54276809510633,12.926697808120734,12.935680919870643,77.53815876454132,77.54737742567134,3,2,Limited,7,36.38295879877145,35.537194164200024,30.29405402480003,43.0476436904,5.21793433725032,0.2857142857142857,0.0,0.2784367500810403,0.2311506408868566,-0.0306821954223154,-0.316252132369522,0.0347779190872752,0.7247472249293571,0.1392656842027467,868.0732671160001,11938.425519952632,37.6046304865504,Low,Limited historical support + V5,,,,,,,,,,,,,,Limited Observation + V5,Limited,35.537194164200024,36.38295879877145,43.0476436904,0.2857142857142857,0.0,0.2784367500810403,0.2311506408868566,0.0347779190872752,0.7247472249293571,11938.425519952632,0.1392656842027467,0.4326849957838407,0.2857142857142857,0.0,0.9805552381564274,0.948456297006792,0.5884763921695673,0.4952797846397604,49.73507944283333,High,1000000,100,0.08,0.12,0.9805552381564274,0.948456297006792,0.5698398583466822,0.8082443509451205,0.1123297740378048,11.23297740378048,112329.7740378048,0.35,39315.42091323168,73014.35312457313,30,1311,13.11,Street trees + green roofs + cool roofs + shaded corridors,Limited,Swamy Vivekananda Ward,,Swamy Vivekananda Ward,,Bengaluru,Bengaluru West City Corporation,Bangalore South,Bengaluru Urban,,"Swamy Vivekananda Ward, Bengaluru West City Corporation, Bengaluru, Bangalore South, Bengaluru Urban, Karnataka, India",2
8411_1441,8411,1441,12.94915558749551,77.54276809510633,12.944664031620553,12.953647143370464,77.53815876454132,77.54737742567134,3,3,Moderate,7,37.19609599100003,36.37956519320002,31.154044946900022,43.89174081950002,5.213101681994938,0.2857142857142857,0.0,0.2262883467767843,0.1780664984235942,0.030693084364274,-0.261921119615192,0.0306816840336693,0.7183943474718022,0.1453628946520682,853.8408030954851,13311.173989897588,40.93732617698681,Moderate,Historical support + V5,38.25993762590005,38.07538163600004,44.069785481300045,0.3333333333333333,0.3333333333333333,0.2549757688439149,0.147075208913649,0.0257136023137718,0.7286082460777834,12847.178678604883,0.1488702474999999,59.05568550559728,High,Reliable Multi-Date Observation,Moderate,38.25993762590005,38.07538163600004,44.069785481300045,0.3333333333333333,0.3333333333333333,0.2549757688439149,0.147075208913649,0.0257136023137718,0.7286082460777834,12847.178678604883,0.1488702474999999,0.5760586968514257,0.3333333333333333,0.3333333333333333,0.9966215243565048,0.9536829097646304,0.6332712253980026,0.4494472879865374,58.848172102126014,Very High,1000000,100,0.12,0.18,0.9966215243565048,0.9536829097646304,0.7036182852347832,0.8686855750598474,0.1721211345035908,17.212113450359084,172121.13450359085,0.35,60242.39707625679,111878.73742733404,30,2009,20.09,Street trees + pocket parks + green roofs + cool roofs + reflective pavement,Moderate,Gali Anjaneya Temple Ward,,Gali Anjaneya Temple Ward,,Bengaluru,Bengaluru West City Corporation,Bangalore North,Bengaluru Urban,560026.0,"Gali Anjaneya Temple Ward, Bengaluru West City Corporation, Bengaluru, Bangalore North, Bengaluru Urban, Karnataka, 560026, India",2
8411_1442,8411,1442,12.95813869924542,77.54276809510633,12.953647143370464,12.962630255120374,77.53815876454132,77.54737742567134,3,3,Moderate,7,37.128267825542885,36.37090051250002,31.01858881430001,44.02422327470001,5.295444809102896,0.2857142857142857,0.0,0.2173261436176798,0.1629558933314509,0.0269533668150647,-0.2441045053278745,0.0309274627649469,0.6912447516743858,0.1352742150276593,853.5704603489849,14578.94119280386,40.63089644332263,Moderate,Historical support + V5,36.366115284500005,36.54686018210001,43.00040665400002,0.3333333333333333,0.0,0.203922501086395,0.2437606837606837,0.0356731200590729,0.6938511738553643,15211.837495845137,0.1331132975,52.99227241696271,High,Reliable Multi-Date Observation,Moderate,36.366115284500005,36.54686018210001,43.00040665400002,0.3333333333333333,0.0,0.203922501086395,0.2437606837606837,0.0356731200590729,0.6938511738553643,15211.837495845137,0.1331132975,0.4763341645660852,0.3333333333333333,0.0,0.9789685156952782,0.906632725339495,0.7498314775984135,0.5246386668956163,52.74656398161016,High,1000000,100,0.08,0.12,0.9789685156952782,0.906632725339495,0.6140478653600413,0.8149163079722377,0.1125966523188895,11.25966523188895,112596.65231888952,0.5,56298.326159444754,56298.326159444754,30,1877,18.77,Street trees + green roofs + cool roofs + shaded corridors,Moderate,Krishnadevaraya ward,,Krishnadevaraya ward,,Bengaluru,Bengaluru West City Corporation,Bangalore North,Bengaluru Urban,560104.0,"Krishnadevaraya ward, Bengaluru West City Corporation, Bengaluru, Bangalore North, Bengaluru Urban, Karnataka, 560104, India",2
8411_1443,8411,1443,12.967121810995328,77.54276809510633,12.962630255120374,12.971613366870285,77.53815876454132,77.54737742567134,2,2,Limited,7,36.6327623490286,36.02952576500003,30.39970502300004,43.1872868975,5.097932013005262,0.2857142857142857,0.0,0.2658062153259681,0.2220102238280278,-0.0246739218256803,-0.2986553988869563,0.033205821124826,0.7211236375149401,0.1458567931793323,873.2262631851501,15518.964047738818,39.55334966186994,Low,Limited historical support + V5,,,,,,,,,,,,,,Limited Observation + V5,Limited,36.02952576500003,36.6327623490286,43.1872868975,0.2857142857142857,0.0,0.2658062153259681,0.2220102238280278,0.033205821124826,0.7211236375149401,15518.964047738818,0.1458567931793323,0.4586100984430359,0.2857142857142857,0.0,0.9833417444569464,0.9435510951233332,0.7649705530900526,0.4638273415914876,51.23078668764346,High,1000000,100,0.08,0.12,0.9833417444569464,0.9435510951233332,0.5917965496453049,0.8167760041988865,0.1126710401679554,11.267104016795546,112671.04016795543,0.35,39434.864058784406,73236.17610917104,30,1315,13.15,Street trees + green roofs + cool roofs + shaded corridors,Limited,Hosahalli,,Hosahalli,,Bengaluru,Bengaluru West City Corporation,Bangalore North,Bengaluru Urban,,"Hosahalli, Bengaluru West City Corporation, Bengaluru, Bangalore North, Bengaluru Urban, Karnataka, India",2
8411_1444,8411,1444,12.97610492274524,77.54276809510633,12.971613366870285,12.980596478620194,77.53815876454132,77.54737742567134,2,2,Limited,7,36.91746388348573,36.16609275410002,31.07242262930001,43.4701280525,5.074669333714644,0.2857142857142857,0.0,0.2478836054518472,0.213135781128271,-0.0111312814097321,-0.2940245794495477,0.03614073266226,0.7145956847036665,0.1471872804914749,882.3819141464674,15750.768388355078,40.0386732926111,Moderate,Limited historical support + V5,,,,,,,,,,,,,,Limited Observation + V5,Limited,36.16609275410002,36.91746388348573,43.4701280525,0.2857142857142857,0.0,0.2478836054518472,0.213135781128271,0.03614073266226,0.7145956847036665,15750.768388355078,0.1471872804914749,0.4658014166653912,0.2857142857142857,0.0,0.9781396834621056,0.9347142925951016,0.7763967986889482,0.4574783225477618,51.30551342688503,High,1000000,100,0.08,0.12,0.9781396834621056,0.9347142925951016,0.5928935236360194,0.8131848718149202,0.1125273948725968,11.25273948725968,112527.3948725968,0.35,39384.58820540888,73142.80666718792,30,1313,13.13,Street trees + green roofs + cool roofs + shaded corridors,Limited,Thimmenahalli,,Thimmenahalli,,Bengaluru,Bengaluru West City Corporation,Bangalore North,Bengaluru Urban,,"Thimmenahalli, Bengaluru West City Corporation, Bengaluru, Bangalore North, Bengaluru Urban, Karnataka, India",2
8411_1445,8411,1445,12.98508803449515,77.54276809510633,12.980596478620194,12.989579590370104,77.53815876454132,77.54737742567134,2,2,Limited,7,36.728989377800026,35.84532866720002,30.446053374200023,43.269592819100005,5.13632734512982,0.2857142857142857,0.0,0.2312683659458809,0.2114890477588739,-0.005993539124421,-0.2852048668519493,0.0318150260227363,0.7263955185085637,0.1546794067112177,895.4553785892459,13804.179786165154,38.86343290102303,Low,Limited historical support + V5,,,,,,,,,,,,,,Limited Observation + V5,Limited,35.84532866720002,36.728989377800026,43.269592819100005,0.2857142857142857,0.0,0.2312683659458809,0.2114890477588739,0.0318150260227363,0.7263955185085637,13804.179786165154,0.1546794067112177,0.4489106831257346,0.2857142857142857,0.0,0.9858068957434898,0.9506875700090792,0.6804443269211574,0.4217262701884328,50.41500975842028,High,1000000,100,0.08,0.12,0.9858068957434898,0.9506875700090792,0.5798211030693505,0.8146327472402315,0.1125853098896092,11.258530988960926,112585.30988960926,0.35,39404.858461363234,73180.45142824601,30,1314,13.14,Street trees + green roofs + cool roofs + shaded corridors,Limited,Dr Rajkumar Ward,,Dr Rajkumar Ward,,Bengaluru,Bengaluru West City Corporation,Bangalore North,Bengaluru Urban,,"Dr Rajkumar Ward, Bengaluru West City Corporation, Bengaluru, Bangalore North, Bengaluru Urban, Karnataka, India",2
8411_1446,8411,1446,12.99407114624506,77.54276809510633,12.989579590370104,12.998562702120015,77.53815876454132,77.54737742567134,2,2,Limited,7,36.18562429695717,35.67353898200004,30.10866062000002,42.76223902040006,5.24409724234229,0.2857142857142857,0.0,0.2583072803414701,0.2167570715174957,-0.0172772772364571,-0.3004036238020203,0.0348185792085509,0.7169481088338,0.1445521361745411,914.0883353735358,12091.615420165264,38.07634674661063,Low,Limited historical support + V5,,,,,,,,,,,,,,Limited Observation + V5,Limited,35.67353898200004,36.18562429695717,42.76223902040006,0.2857142857142857,0.0,0.2583072803414701,0.2167570715174957,0.0348185792085509,0.7169481088338,12091.615420165264,0.1445521361745411,0.4398646149526508,0.2857142857142857,0.0,0.9804831690571596,0.9378987377192664,0.5960275252434621,0.4700530996978243,49.75543362919316,High,1000000,100,0.08,0.12,0.9804831690571596,0.9378987377192664,0.5701386538416483,0.8056992551364818,0.1122279702054592,11.222797020545928,112227.97020545928,0.35,39279.78957191075,72948.18063354853,30,1310,13.1,Street trees + green roofs + cool roofs + shaded corridors,Limited,Sane Guruvana Halli,,Sane Guruvana Halli,,Bengaluru,Bengaluru West City Corporation,Bangalore North,Bengaluru Urban,,"Sane Guruvana Halli, Bengaluru West City Corporation, Bengaluru, Bangalore North, Bengaluru Urban, Karnataka, India",2
8411_1449,8411,1449,13.021020481494787,77.54276809510633,13.016528925619834,13.025512037369744,77.53815876454132,77.54737742567134,6,5,High,7,37.13062381790002,36.220200010700026,31.81551726740005,44.048713388,5.074248916484978,0.2857142857142857,0.0,0.2660083329668577,0.2192569654053336,0.0166148874735944,-0.3019088891508835,0.0335127280990477,0.7081587187173204,0.1497940822654501,903.2188619674336,11496.207399427069,40.19245024780604,Moderate,Strong historical support + V5,39.11627126660001,38.64062530010001,46.68568163780006,0.5,0.3333333333333333,0.2018570436759551,0.1873429202415852,0.0287108757765962,0.7160441396990791,12100.768877319451,0.1467330025,64.18033943698863,Very High,Reliable Multi-Date Observation,High,39.11627126660001,38.64062530010001,46.68568163780006,0.5,0.3333333333333333,0.2018570436759551,0.1873429202415852,0.0287108757765962,0.7160441396990791,12100.768877319451,0.1467330025,0.6211513488558763,0.5,0.3333333333333333,0.9913089283300288,0.936675046775706,0.5964787232203622,0.459646114448291,63.98488238006037,Very High,1000000,100,0.12,0.18,0.9913089283300288,0.936675046775706,0.7790241925434591,0.8927365636268203,0.1735641938176092,17.356419381760922,173564.19381760922,0.35,60747.467836163225,112816.725981446,30,2025,20.25,Street trees + pocket parks + green roofs + cool roofs + reflective pavement,Strong,Nalwadi Krishnaraja Wadiyar Ward,,Nalwadi Krishnaraja Wadiyar Ward,,Bengaluru,Bengaluru West City Corporation,Bangalore North,Bengaluru Urban,,"Nalwadi Krishnaraja Wadiyar Ward, Bengaluru West City Corporation, Bengaluru, Bangalore North, Bengaluru Urban, Karnataka, India",2
8411_1456,8411,1456,13.08390226374416,77.54276809510633,13.079410707869206,13.088393819619116,77.53815876454132,77.54737742567134,3,3,Moderate,7,36.4005200972429,36.060920278700046,31.100621294300023,43.174281331400046,5.115452823076851,0.1428571428571428,0.0,0.3341798496923587,0.2999048023884796,-0.0193878115319034,-0.3876531905375924,0.0759128793513333,0.6321760083500345,0.1454641054709974,912.0112023050408,12551.447356806022,33.79044801705046,Low,Historical support + V5,39.79726048130001,37.63455959660002,43.18145917340003,0.3333333333333333,0.0,0.4830438635082132,0.3645116918844566,0.0524917209986597,0.6579017846379429,12955.307792561316,0.1744170324999999,55.90067256423299,High,Reliable Multi-Date Observation,Moderate,39.79726048130001,37.63455959660002,43.18145917340003,0.3333333333333333,0.0,0.4830438635082132,0.3645116918844566,0.0524917209986597,0.6579017846379429,12955.307792561316,0.1744170324999999,0.6570107478304992,0.3333333333333333,0.0,0.9491579449780048,0.8579685173237335,0.638601193806586,0.3275393051063617,55.69141261072045,Very High,1000000,100,0.12,0.18,0.9491579449780048,0.8579685173237335,0.6572776701864231,0.8096084781478043,0.1685765086888682,16.857650868886825,168576.50868886826,0.5,84288.25434443413,84288.25434443413,30,2810,28.1,Street-tree corridors + pocket parks + green roofs + shaded public spaces,Moderate,Singapura,,Singapura,,Bengaluru,Bengaluru North City Corporation,Yelahanka taluku,Bengaluru Urban,560097.0,"Singapura, Bengaluru North City Corporation, Bengaluru, Yelahanka taluku, Bengaluru Urban, Karnataka, 560097, India",2
8411_1458,8411,1458,13.101868487243982,77.54276809510633,13.097376931369029,13.106360043118936,77.53815876454132,77.54737742567134,2,2,Limited,7,38.29144932885716,36.48800187770003,32.44342463150005,44.90861885959998,5.063240434780767,0.2857142857142857,0.2857142857142857,0.2616465134212701,0.216828253173885,0.0769418387619358,-0.3635320528987691,0.0324368675904226,0.6516413343532229,0.1743802612527993,916.6549802861108,14593.102864050195,44.9926992994703,Very High,Limited historical support + V5,,,,,,,,,,,,,,Limited Observation + V5,Limited,36.48800187770003,38.29144932885716,44.90861885959998,0.2857142857142857,0.2857142857142857,0.2616465134212701,0.216828253173885,0.0324368675904226,0.6516413343532229,14593.102864050195,0.1743802612527993,0.4827524453271729,0.2857142857142857,0.2857142857142857,0.9847046963337388,0.8494938293927267,0.7193324203131362,0.3277147756626065,52.98331807862725,High,1000000,100,0.08,0.12,0.9847046963337388,0.8494938293927267,0.6175233694333991,0.8040294488383499,0.112161177953534,11.2161177953534,112161.177953534,0.5,56080.588976767,56080.588976767,30,1870,18.7,Street trees + green roofs + cool roofs + shaded corridors,Limited,Dr. Shivaram Karanth Layout,,Dr. Shivaram Karanth Layout,,,Modi Agrahara,Yelahanka taluku,Bengaluru Urban,,"Sector 4, Dr. Shivaram Karanth Layout, Modi Agrahara, Yelahanka taluku, Bengaluru Urban, Karnataka, India",2
8411_1460,8411,1460,13.119834710743802,77.54276809510633,13.115343154868846,13.124326266618755,77.53815876454132,77.54737742567134,3,3,Moderate,7,38.10090203818573,36.76821115730003,32.285272846100014,44.9080890665,5.137184420658994,0.2857142857142857,0.2857142857142857,0.3992525940861741,0.3630060287262565,0.0351270789671572,-0.4809499975825078,0.1562396601652471,0.2629450359731905,0.1491591018149997,918.4580709290368,16366.467488314678,42.23546843837918,Moderate,Historical support + V5,45.23503976960001,41.248557470000016,45.62069496620003,0.6666666666666666,0.6666666666666666,0.4580228033837281,0.4389885327844751,0.0530174234881997,0.3347933292388916,17415.223225672416,0.1411309225,77.06850732435096,Very High,Reliable Multi-Date Observation,Moderate,45.23503976960001,41.248557470000016,45.62069496620003,0.6666666666666666,0.6666666666666666,0.4580228033837281,0.4389885327844751,0.0530174234881997,0.3347933292388916,17415.223225672416,0.1411309225,0.94335228280032,0.6666666666666666,0.6666666666666666,0.9482261498009285,0.4205809169366052,0.8584421551688852,0.4863789605865967,76.78720881250032,Very High,1000000,100,0.12,0.18,0.9482261498009285,0.4205809169366052,0.966959853319754,0.8238083229923778,0.1694284993795426,16.942849937954264,169428.49937954266,0.7,118599.94956567984,50828.5498138628,30,3954,39.54,Large canopy expansion + urban forest + park restoration + shaded corridors,Moderate,Jarakabandekaval,,,,,Jarakabandekaval,Yelahanka taluku,Bengaluru Urban,,"Jarakabandekaval, Yelahanka taluku, Bengaluru Urban, Karnataka, India",2
8412_1425,8412,1425,12.805425799496946,77.55198675623635,12.80093424362199,12.8099173553719,77.54737742567134,77.55659608680135,7,5,High,7,38.38006638024287,36.91120402400003,32.35920461870003,44.79110733200002,4.852653809103648,0.2857142857142857,0.1428571428571428,0.3658040761506974,0.314960465231331,0.0817711432518007,-0.467571854648465,0.1803023613195578,0.2280494573052781,0.1531624274444134,860.8052876521022,3798.0656145286766,40.320166162094175,Moderate,Strong historical support + V5,41.28522712790004,40.637512337900034,45.99496815620003,0.5714285714285714,0.4285714285714285,0.2754485876999685,0.2702915681639086,0.0368586564436554,0.4738529140595346,3764.306044943742,0.1641015075,64.24597861408591,Very High,Reliable Multi-Date Observation,High,41.28522712790004,40.637512337900034,45.99496815620003,0.5714285714285714,0.4285714285714285,0.2754485876999685,0.2702915681639086,0.0368586564436554,0.4738529140595346,3764.306044943742,0.1641015075,0.735363809067847,0.5714285714285714,0.4285714285714285,0.976867180610544,0.6088240195208836,0.1855525451533223,0.3767644755182164,64.18517585118867,Very High,1000000,100,0.12,0.18,0.976867180610544,0.6088240195208836,0.7819644617237772,0.8068953027834223,0.1684137181670053,16.841371816700534,168413.71816700534,0.7,117889.60271690373,50524.11545010161,30,3930,39.3,Large canopy expansion + urban forest + park restoration + shaded corridors,Strong,Byatarayanadoddi,,,,,,Anekal,Bengaluru Urban,560083.0,"Byatarayanadoddi, Anekal, Bengaluru Urban, Karnataka, 560083, India",22
8412_1427,8412,1427,12.823392022996766,77.55198675623635,12.81890046712181,12.827883578871722,77.54737742567134,77.55659608680135,5,4,Moderate,7,38.95578790327146,37.73383598750002,32.60234547140007,47.99572325329998,5.705762670157801,0.2857142857142857,0.2857142857142857,0.3490738978616481,0.2761129837048597,0.0903502072037149,-0.4329494479015335,0.1333078311183852,0.3836999150271769,0.1503679370585523,841.5801323188423,2350.010815999961,47.3361694854032,Very High,Historical support + V5,44.12649043310002,41.091869736500016,46.769662389199965,0.6,0.6,0.3265377646207878,0.2407084060863058,0.0616484284400939,0.0599304039496928,1984.9433241279207,0.162793305,64.46461294119014,Very High,Reliable Multi-Date Observation,Moderate,44.12649043310002,41.091869736500016,46.769662389199965,0.6,0.6,0.3265377646207878,0.2407084060863058,0.0616484284400939,0.0599304039496928,1984.9433241279207,0.162793305,0.8849785052389253,0.6,0.6,0.9329278985133336,0.0485026462545493,0.0978430768857785,0.3830071525507198,64.43255124459574,Very High,1000000,100,0.12,0.18,0.9329278985133336,0.0485026462545493,0.7855958843613028,0.6528887797878252,0.1591733267872695,15.91733267872695,159173.3267872695,0.85,135297.32776917907,23875.999018090428,30,4510,45.1,Large canopy expansion + urban forest + park restoration + shaded corridors,Moderate,Kannaiakana Agrahara,,,,,Kannaiakana Agrahara,Anekal,Bengaluru Urban,,"Kannaiakana Agrahara, Anekal, Bengaluru Urban, Karnataka, India",23
8412_1431,8412,1431,12.859324469996409,77.55198675623635,12.854832914121452,12.863816025871362,77.54737742567134,77.55659608680135,5,3,Moderate,7,37.26335041738572,36.37288296409999,31.78619065580001,43.27699283240001,4.540427312985591,0.2857142857142857,0.0,0.4104094709006492,0.3542575746283941,0.0050277523223956,-0.4743832534061079,0.1233842396744427,0.5246131576102477,0.1296048764912323,875.683478871293,4859.828479111805,38.972573240314354,Low,Historical support + V5,41.68763062250004,40.68863224502003,44.26973965130004,0.8,0.2,0.4481049428255257,0.5117126496616345,0.0424145276192575,0.7488681862596422,5738.46669416143,0.1204947299999999,73.44426308693892,Very High,Reliable Multi-Date Observation,Moderate,41.68763062250004,40.68863224502003,44.26973965130004,0.8,0.2,0.4481049428255257,0.5117126496616345,0.0424145276192575,0.7488681862596422,5738.46669416143,0.1204947299999999,0.7565534948222692,0.8,0.2,0.9670195309058346,0.9811085201813736,0.2828641156341309,0.5848538411636252,73.35157279405811,Very High,1000000,100,0.12,0.18,0.9670195309058346,0.9811085201813736,0.916525385122108,0.9503441199112286,0.1770206471946737,17.70206471946737,177020.6471946737,0.35,61957.22651813579,115063.4206765379,30,2066,20.66,Street trees + pocket parks + green roofs + cool roofs + reflective pavement,Moderate,Anjanapura,,Anjanapura,,Bengaluru,Bengaluru South City Corporation,Bangalore South,Bengaluru Urban,560108.0,"Anjanapura, Bengaluru South City Corporation, Bengaluru, Bangalore South, Bengaluru Urban, Karnataka, 560108, India",20
8412_1436,8412,1436,12.904240028745958,77.55198675623635,12.899748472871002,12.908731584620911,77.54737742567134,77.55659608680135,3,3,Moderate,7,36.42730028394288,35.441011081400035,31.101988502300024,43.79427597920002,5.214944629361576,0.1428571428571428,0.0,0.2760049239358714,0.2589497129274277,-0.0640959610214431,-0.3154691917609304,0.034870874396751,0.6525873829387112,0.1542685991954263,866.0766380129667,2539.158819768126,31.49524648561158,Low,Historical support + V5,42.38770947890002,41.806298580200014,43.55906493290004,0.6666666666666666,0.0,0.1961655999864428,0.1119117315919837,0.0305620136205106,0.7085962893906981,2941.088233970549,0.16859872,67.10445307026744,Very High,Reliable Multi-Date Observation,Moderate,42.38770947890002,41.806298580200014,43.55906493290004,0.6666666666666666,0.0,0.1961655999864428,0.1119117315919837,0.0305620136205106,0.7085962893906981,2941.088233970549,0.16859872,0.7934181124747002,0.6666666666666666,0.0,0.9880278304669156,0.9265929912925028,0.1449739741716142,0.3553040019416582,67.05694729140279,Very High,1000000,100,0.12,0.18,0.9880278304669156,0.9265929912925028,0.824121507637523,0.9071065915415552,0.1744263954924933,17.442639549249332,174426.39549249332,0.35,61049.238422372655,113377.15707012068,30,2035,20.35,Street trees + pocket parks + green roofs + cool roofs + reflective pavement,Moderate,Gowdanapalya,,Gowdanapalya,,Bengaluru,Bengaluru South City Corporation,Bangalore South,Bengaluru Urban,,"Gowdanapalya, Bengaluru South City Corporation, Bengaluru, Bangalore South, Bengaluru Urban, Karnataka, India",2
8412_1438,8412,1438,12.922206252245775,77.55198675623635,12.917714696370822,12.926697808120734,77.54737742567134,77.55659608680135,7,4,Moderate,7,36.858307723057166,35.999874441500026,30.35270724800002,43.40424571699999,5.017126148745518,0.2857142857142857,0.0,0.2404520242817354,0.1963311140906445,-0.0110935698074922,-0.2808966285375371,0.0324567387518475,0.7247020042750217,0.1412765246209221,876.4151438531301,8552.149954180733,39.4695867795256,Low,Historical support + V5,38.31214788140003,38.360793630328594,43.63673943740004,0.2857142857142857,0.0,0.1770161778638951,0.175303197353914,0.0287542978767305,0.7194785682950169,8905.054744357274,0.1451316224999999,53.463863089750376,High,Reliable Multi-Date Observation,Moderate,38.31214788140003,38.360793630328594,43.63673943740004,0.2857142857142857,0.0,0.1770161778638951,0.175303197353914,0.0287542978767305,0.7194785682950169,8905.054744357274,0.1451316224999999,0.5788079744348681,0.2857142857142857,0.0,0.991231963688832,0.9413241868931408,0.4389535688163885,0.4672878198771608,53.32002464363482,High,1000000,100,0.08,0.12,0.991231963688832,0.9413241868931408,0.6224661562867378,0.8312486965290715,0.1132499478611628,11.324994786116283,113249.94786116286,0.35,39637.481751407,73612.46610975586,30,1322,13.22,Street trees + green roofs + cool roofs + shaded corridors,Moderate,Kamakya Layout,,Kamakya Layout,,Bengaluru,Bengaluru West City Corporation,Bangalore South,Bengaluru Urban,560085.0,"Kamakya Layout, Bengaluru West City Corporation, Bengaluru, Bangalore South, Bengaluru Urban, Karnataka, 560085, India",2
8412_1439,8412,1439,12.931189363995689,77.55198675623635,12.926697808120734,12.935680919870643,77.54737742567134,77.55659608680135,5,3,Moderate,7,36.84887398785717,36.082419624500034,30.35798808890002,43.20441117769997,5.029951368252106,0.2857142857142857,0.0,0.2416419907626451,0.1893874779467073,-0.0112183179741883,-0.2852295540235018,0.0311889659321859,0.7289277803736695,0.1436506721100003,889.1964112202556,8810.89651942233,39.844645598860815,Low,Historical support + V5,42.3571011098,41.585035334180006,43.6960249943,0.6,0.0,0.2355660955442904,0.1133603238866396,0.0296512676868587,0.7237820012960583,10171.037311896953,0.1617063125,67.6823629363704,Very High,Reliable Multi-Date Observation,Moderate,42.3571011098,41.585035334180006,43.6960249943,0.6,0.0,0.2355660955442904,0.1133603238866396,0.0296512676868587,0.7237820012960583,10171.037311896953,0.1617063125,0.7918063428668602,0.6,0.0,0.9896421060037528,0.9471496866666692,0.5013571791291721,0.3881942265046784,67.51807577089805,Very High,1000000,100,0.12,0.18,0.9896421060037528,0.9471496866666692,0.8308907839838217,0.9155184723615094,0.1749311083416905,17.493110834169055,174931.10834169056,0.35,61225.88791959169,113705.22042209888,30,2041,20.41,Street trees + pocket parks + green roofs + cool roofs + reflective pavement,Moderate,Kathriguppe,,Kathriguppe,,Bengaluru,Bengaluru West City Corporation,Bangalore South,Bengaluru Urban,,"Kathriguppe, Bengaluru West City Corporation, Bengaluru, Bangalore South, Bengaluru Urban, Karnataka, India",2
8412_1440,8412,1440,12.940172475745598,77.55198675623635,12.935680919870643,12.944664031620553,77.54737742567134,77.55659608680135,0,0,Prediction Only,7,36.9168510813286,36.017733596000014,30.204074648300026,43.50024080870004,5.1981975152413815,0.2857142857142857,0.0,0.2182200241073999,0.1619728860130872,0.0022212218029285,-0.2629460661606407,0.029789232852205,0.7314811490409207,0.1408181674694888,891.7689972407632,9066.692119141891,39.609381768794144,Low,V5 prediction only,,,,,,,,,,,,,,V5 Prediction Only,Prediction Only,36.017733596000014,36.9168510813286,43.50024080870004,0.2857142857142857,0.0,0.2182200241073999,0.1619728860130872,0.029789232852205,0.7314811490409207,9066.692119141891,0.1408181674694888,0.457989148677871,0.2857142857142857,0.0,0.9893975660249013,0.957571920133114,0.4469211001289588,0.4878714119813709,49.97317685544958,High,1000000,100,0.08,0.12,0.9893975660249013,0.957571920133114,0.573335082031635,0.815016160954648,0.1126006464381859,11.260064643818591,112600.64643818593,0.35,39410.226253365065,73190.42018482085,30,1314,13.14,Street trees + green roofs + cool roofs + shaded corridors,Model Only,Ashoka Nagara,,Ashoka Nagara,,Bengaluru,Bengaluru West City Corporation,Bangalore North,Bengaluru Urban,560050.0,"Ashoka Nagara, Bengaluru West City Corporation, Bengaluru, Bangalore North, Bengaluru Urban, Karnataka, 560050, India",2
8412_1442,8412,1442,12.95813869924542,77.55198675623635,12.953647143370464,12.962630255120374,77.54737742567134,77.55659608680135,5,3,Moderate,7,37.24818417435717,36.26208784580002,31.54834773410003,44.16120042620002,5.0856220846901845,0.2857142857142857,0.0,0.2335268416192168,0.1931489355935692,0.0177891953494174,-0.2724391762451155,0.0444643779707274,0.6641204260647243,0.1461644737435835,877.632761587174,11498.146217587297,39.92094835523712,Low,Historical support + V5,41.5859957978,39.01708716224002,44.28645376910001,0.6,0.2,0.2381820590137366,0.1291816778178075,0.0314378179609775,0.7188056989107281,11303.096920755834,0.1457760575,69.02674709578747,Very High,Reliable Multi-Date Observation,Moderate,41.5859957978,39.01708716224002,44.28645376910001,0.6,0.2,0.2381820590137366,0.1291816778178075,0.0314378179609775,0.7188056989107281,11303.096920755834,0.1457760575,0.7512016277883103,0.6,0.2,0.9864754880741228,0.9404133325949932,0.5571593745885955,0.4642126082234283,68.8441743947712,Very High,1000000,100,0.12,0.18,0.9864754880741228,0.9404133325949932,0.8503576537318568,0.920512815467434,0.175230768928046,17.523076892804603,175230.76892804605,0.35,61330.76912481611,113899.99980322992,30,2045,20.45,Street trees + pocket parks + green roofs + cool roofs + reflective pavement,Moderate,JJR Nagara,,JJR Nagara,,Bengaluru,Bengaluru Central City Corporation,Bangalore North,Bengaluru Urban,,"JJR Nagara, Bengaluru Central City Corporation, Bengaluru, Bangalore North, Bengaluru Urban, Karnataka, India",2
8412_1443,8412,1443,12.967121810995328,77.55198675623635,12.962630255120374,12.971613366870285,77.54737742567134,77.55659608680135,5,3,Moderate,7,37.18694302172861,36.30988885550003,31.07970301190004,44.23600379390001,5.264068866918887,0.2857142857142857,0.1428571428571428,0.1933539953996987,0.1419477396385998,0.0410830903133165,-0.2361441869378285,0.0316285248816756,0.6570734170605282,0.1409389769414218,873.3643325612502,12986.052651207174,42.18605684908783,Moderate,Historical support + V5,42.06258741650001,39.92442791540002,43.88987799860002,0.6,0.0,0.148190416223945,0.0827728918779099,0.0292427951935678,0.6703615570440888,12682.66533501535,0.160421265,67.19507788530423,Very High,Reliable Multi-Date Observation,Moderate,42.06258741650001,39.92442791540002,43.88987799860002,0.6,0.0,0.148190416223945,0.0827728918779099,0.0292427951935678,0.6703615570440888,12682.66533501535,0.160421265,0.7762978975000909,0.6,0.0,0.9903661137967344,0.874835144807571,0.6251619300191841,0.3943264090329382,66.99022177529007,Very High,1000000,100,0.12,0.18,0.9903661137967344,0.874835144807571,0.8231419900453525,0.8945937220488908,0.1736756233229334,17.367562332293343,173675.62332293342,0.5,86837.81166146671,86837.81166146671,30,2895,28.95,Street-tree corridors + pocket parks + green roofs + shaded public spaces,Moderate,Padarayanapura,,Padarayanapura,,Bengaluru,Bengaluru Central City Corporation,Bangalore North,Bengaluru Urban,,"Padarayanapura, Bengaluru Central City Corporation, Bengaluru, Bangalore North, Bengaluru Urban, Karnataka, India",2
8412_1449,8412,1449,13.021020481494787,77.55198675623635,13.016528925619834,13.025512037369744,77.54737742567134,77.55659608680135,3,2,Limited,7,37.11989367654288,36.46101660980003,31.21960257050003,43.46257422830001,4.963140286106709,0.2857142857142857,0.0,0.2311436357687703,0.1843751915859444,0.0321606311577172,-0.2733231604924203,0.0363491805732863,0.696711997323468,0.1439555968843101,916.1571891876564,8374.214023315517,41.04889394757182,Moderate,Limited historical support + V5,,,,,,,,,,,,,,Limited Observation + V5,Limited,36.46101660980003,37.11989367654288,43.46257422830001,0.2857142857142857,0.0,0.2311436357687703,0.1843751915859444,0.0363491805732863,0.696711997323468,8374.214023315517,0.1439555968843101,0.481331460284863,0.2857142857142857,0.0,0.9777702144905284,0.910505383856895,0.4127870335548287,0.4728997554152006,49.78284195218006,High,1000000,100,0.08,0.12,0.9777702144905284,0.910505383856895,0.5705410026896093,0.7980623221117523,0.11192249288447,11.192249288447009,111922.49288447008,0.5,55961.246442235046,55961.246442235046,30,1866,18.66,Street trees + green roofs + cool roofs + shaded corridors,Limited,Nalwadi Krishnaraja Wadiyar Ward,,Nalwadi Krishnaraja Wadiyar Ward,,Bengaluru,Bengaluru West City Corporation,Bangalore North,Bengaluru Urban,,"Nalwadi Krishnaraja Wadiyar Ward, Bengaluru West City Corporation, Bengaluru, Bangalore North, Bengaluru Urban, Karnataka, India",2
8412_1451,8412,1451,13.03898670499461,77.55198675623635,13.034495149119657,13.043478260869565,77.54737742567134,77.55659608680135,3,3,Moderate,7,36.44249582428575,36.059689791500034,30.83709195230004,43.23380614970002,5.331483209941943,0.2857142857142857,0.0,0.276517296092393,0.2312598581148466,-0.0181830503129475,-0.3286198750709633,0.0540260756506803,0.6627378657832391,0.1449754905214786,910.1631404718238,11625.307789929911,39.09110558181702,Low,Historical support + V5,35.449351050200015,36.435569450900026,41.39610769670002,0.3333333333333333,0.0,0.2327718328831707,0.0932603829893061,0.0306741530075669,0.7287494176998734,11921.828718783036,0.1594732575,50.65640000682532,Moderate,Reliable Multi-Date Observation,Moderate,35.449351050200015,36.435569450900026,41.39610769670002,0.3333333333333333,0.0,0.2327718328831707,0.0932603829893061,0.0306741530075669,0.7287494176998734,11921.828718783036,0.1594732575,0.4280593699969663,0.3333333333333333,0.0,0.9878290660667112,0.9538740119038562,0.5876582921900082,0.3988502535041811,50.46383327175251,High,1000000,100,0.08,0.12,0.9878290660667112,0.9538740119038562,0.5805378227443201,0.8164238051970409,0.1126569522078816,11.265695220788164,112656.95220788164,0.35,39429.93327275857,73227.01893512307,30,1315,13.15,Street trees + green roofs + cool roofs + shaded corridors,Moderate,HMT Ward,,HMT Ward,,Bengaluru,Bengaluru North City Corporation,Yelahanka taluku,Bengaluru Urban,560013.0,"HMT Ward, Bengaluru North City Corporation, Bengaluru, Yelahanka taluku, Bengaluru Urban, Karnataka, 560013, India",24
8412_1452,8412,1452,13.04796981674452,77.55198675623635,13.043478260869565,13.052461372619476,77.54737742567134,77.55659608680135,4,4,Moderate,7,35.45945618218574,35.49896361050002,29.84058531140004,42.10056161870002,5.17440926856517,0.0,0.0,0.4579251650821791,0.4377938393606819,-0.1044603148459473,-0.4648317543368777,0.1139198013163158,0.581476596726386,0.1328092213683892,929.112856357218,11484.048562595726,26.01778839343868,Low,Historical support + V5,37.01041205450002,36.65072099232503,41.77802016140004,0.25,0.0,0.3191272808776434,0.2720518341430585,0.0520697530009783,0.7084970213472843,11950.0,0.1455608012499999,50.53547224414312,Moderate,Reliable Multi-Date Observation,Moderate,37.01041205450002,36.65072099232503,41.77802016140004,0.25,0.0,0.3191272808776434,0.2720518341430585,0.0520697530009783,0.7084970213472843,11950.0,0.1455608012499999,0.5102614198511336,0.25,0.0,0.9499058732319952,0.9264586134680344,0.5890469287322094,0.4652398003041486,50.34245047387606,High,1000000,100,0.08,0.12,0.9499058732319952,0.9264586134680344,0.5787559468918202,0.795584087754935,0.1118233635101974,11.18233635101974,111823.3635101974,0.35,39138.17722856908,72685.18628162831,30,1305,13.05,Street trees + green roofs + cool roofs + shaded corridors,Moderate,HMT Ward,,HMT Ward,,Bengaluru,Bengaluru North City Corporation,Yelahanka taluku,Bengaluru Urban,560013.0,"HMT Ward, Bengaluru North City Corporation, Bengaluru, Yelahanka taluku, Bengaluru Urban, Karnataka, 560013, India",24
8412_1456,8412,1456,13.08390226374416,77.55198675623635,13.079410707869206,13.088393819619116,77.54737742567134,77.55659608680135,2,2,Limited,7,36.782991652357175,36.05476784270004,31.26877078820005,43.5610302944,5.051498940451101,0.2857142857142857,0.0,0.2794847971121549,0.2325243883089049,0.0068600108799827,-0.3423070056346561,0.0361323395089487,0.7259552013981209,0.142626145591403,927.9034832756654,15575.342934766908,39.70343489970406,Low,Limited historical support + V5,,,,,,,,,,,,,,Limited Observation + V5,Limited,36.05476784270004,36.782991652357175,43.5610302944,0.2857142857142857,0.0,0.2794847971121549,0.2325243883089049,0.0361323395089487,0.7259552013981209,15575.342934766908,0.142626145591403,0.4599392909113656,0.2857142857142857,0.0,0.9781545601270092,0.950091518617889,0.7677496167092355,0.4792438306268464,51.34923669496255,High,1000000,100,0.08,0.12,0.9781545601270092,0.950091518617889,0.5935353727031254,0.8172911247801756,0.112691644991207,11.269164499120702,112691.644991207,0.35,39442.07574692245,73249.56924428456,30,1315,13.15,Street trees + green roofs + cool roofs + shaded corridors,Limited,Singapura,,Singapura,,Bengaluru,Bengaluru North City Corporation,Yelahanka taluku,Bengaluru Urban,560097.0,"Singapura, Bengaluru North City Corporation, Bengaluru, Yelahanka taluku, Bengaluru Urban, Karnataka, 560097, India",2
8412_1458,8412,1458,13.101868487243982,77.55198675623635,13.097376931369029,13.106360043118936,77.54737742567134,77.55659608680135,4,3,Moderate,7,38.602603896671454,36.49735016240004,32.35257365990006,46.49753672690004,5.587902963892943,0.2857142857142857,0.2857142857142857,0.2117122704309467,0.1770350023686472,0.0794981696183906,-0.3219552983183604,0.0299111507859221,0.598920611780407,0.1765235926193622,918.4947351236642,14170.795911805915,44.503181965857465,Very High,Historical support + V5,42.24072607385001,42.598464592100015,46.19095742300004,0.5,0.5,0.1589106440141408,0.1211561529663462,0.0275179774034767,0.6553292690659873,14605.47101944575,0.1816987162499999,69.81614161398365,Very High,Reliable Multi-Date Observation,Moderate,42.24072607385001,42.598464592100015,46.19095742300004,0.5,0.5,0.1589106440141408,0.1211561529663462,0.0275179774034767,0.6553292690659873,14605.47101944575,0.1816987162499999,0.7856782886264491,0.5,0.5,0.9934233123645948,0.8544861373544859,0.719942079221072,0.2927914737086398,69.58022748245581,Very High,1000000,100,0.12,0.18,0.9934233123645948,0.8544861373544859,0.8611627698277815,0.9057848015973422,0.1743470880958405,17.434708809584055,174347.08809584053,0.5,87173.54404792027,87173.54404792027,30,2906,29.06,Street-tree corridors + pocket parks + green roofs + shaded public spaces,Moderate,Dr. Shivaram Karanth Layout,,Dr. Shivaram Karanth Layout,,Bengaluru,Bengaluru North City Corporation,Yelahanka taluku,Bengaluru Urban,,"Sector 3, Dr. Shivaram Karanth Layout, Bengaluru North City Corporation, Bengaluru, Yelahanka taluku, Bengaluru Urban, Karnataka, India",2
8412_1459,8412,1459,13.110851598993891,77.55198675623635,13.106360043118936,13.115343154868846,77.54737742567134,77.55659608680135,3,3,Moderate,7,38.77549223115716,36.72011961590002,32.81385254900002,46.195742651000025,5.2960862999489535,0.2857142857142857,0.2857142857142857,0.2599060628497919,0.2165311427190631,0.087301001021723,-0.3778653476281481,0.0547434100923144,0.5672350502059406,0.1750954987703483,921.3681298597144,13258.043147294698,45.084475790190425,Very High,Historical support + V5,36.682230864200015,37.87501160690001,44.0668801643,0.3333333333333333,0.3333333333333333,0.2462424048608889,0.2436040044493882,0.028869041474536,0.7432028893381357,14212.670403551894,0.1642789925,56.667950377007934,High,Reliable Multi-Date Observation,Moderate,36.682230864200015,37.87501160690001,44.0668801643,0.3333333333333333,0.3333333333333333,0.2462424048608889,0.2436040044493882,0.028869041474536,0.7432028893381357,14212.670403551894,0.1642789925,0.4929801179084603,0.3333333333333333,0.3333333333333333,0.9910285833869258,0.97343948340882,0.7005799037904112,0.3759175259571861,56.43838093755053,Very High,1000000,100,0.12,0.18,0.9910285833869258,0.97343948340882,0.6682430198689667,0.8575170829852158,0.1714510249791129,17.145102497911292,171451.02497911293,0.35,60007.858742689525,111443.1662364234,30,2001,20.01,Street trees + pocket parks + green roofs + cool roofs + reflective pavement,Moderate,Dr. Shivaram Karanth Layout,,Dr. Shivaram Karanth Layout,,,Kempanahalli,Yelahanka taluku,Bengaluru Urban,,"Sector 2, Dr. Shivaram Karanth Layout, Kempanahalli, Yelahanka taluku, Bengaluru Urban, Karnataka, India",2
8412_1460,8412,1460,13.119834710743802,77.55198675623635,13.115343154868846,13.124326266618755,77.54737742567134,77.55659608680135,6,5,High,7,38.565069154185736,36.46005956420003,32.23637807000002,46.3875790235,5.652268928497959,0.2857142857142857,0.2857142857142857,0.2912312008793268,0.2482804273065162,0.0538254886982336,-0.3802228648676578,0.0530707124052498,0.445594733888528,0.1741077634629175,915.396569652102,13084.893179487768,42.81957703594135,High,Strong historical support + V5,42.27631620710002,41.53838847590003,48.32549382290004,0.5,0.5,0.2935632722741059,0.2404702817714848,0.0307992054731584,0.4948011324740946,12576.106471941664,0.1656069949999999,67.46307980532738,Very High,Reliable Multi-Date Observation,High,42.27631620710002,41.53838847590003,48.32549382290004,0.5,0.5,0.2935632722741059,0.2404702817714848,0.0307992054731584,0.4948011324740946,12576.106471941664,0.1656069949999999,0.7875523870118899,0.5,0.5,0.9876074135414936,0.6371813429880575,0.6199093634064016,0.3695803643129784,67.25994488195659,Very High,1000000,100,0.12,0.18,0.9876074135414936,0.6371813429880575,0.8271014727648027,0.8357985195924582,0.1701479111755474,17.014791117554747,170147.9111755475,0.7,119103.53782288324,51044.37335266426,30,3971,39.71,Large canopy expansion + urban forest + park restoration + shaded corridors,Strong,Dr. Shivaram Karanth Layout,,Dr. Shivaram Karanth Layout,,,Ramagondanahalli,Yelahanka taluku,Bengaluru Urban,,"Sector 1, Dr. Shivaram Karanth Layout, Ramagondanahalli, Avalahalli, Yelahanka taluku, Bengaluru Urban, Karnataka, India",2
8413_1432,8413,1432,12.868307581746317,77.56120541736635,12.863816025871362,12.872799137621271,77.55659608680135,77.56581474793137,6,4,Moderate,7,36.117671617914304,36.16652000660002,30.73113333230001,42.676771430300015,5.126498896235856,0.1428571428571428,0.0,0.3729629929393922,0.3142728565776074,-0.0274152193733448,-0.4225028450072303,0.0444035574599549,0.6805140937163782,0.1402735563120769,910.7804455191044,6378.11008467652,34.69957995550401,Low,Historical support + V5,41.88407277695002,39.34176374270003,42.45967589000003,0.6666666666666666,0.0,0.4027777417807846,0.2631878621839365,0.0437678244197741,0.7275312324054539,6220.075338389232,0.1422324349999999,67.70426208383388,Very High,Reliable Multi-Date Observation,Moderate,41.88407277695002,39.34176374270003,42.45967589000003,0.6666666666666666,0.0,0.4027777417807846,0.2631878621839365,0.0437678244197741,0.7275312324054539,6220.075338389232,0.1422324349999999,0.7668977079754241,0.6666666666666666,0.0,0.9646208444682308,0.952224970741826,0.3066038723482121,0.4811225979173885,67.60379263169912,Very High,1000000,100,0.12,0.18,0.9646208444682308,0.952224970741826,0.8321490908204212,0.9085331745775056,0.1745119904746503,17.451199047465032,174511.99047465032,0.35,61079.19666612761,113432.7938085227,30,2036,20.36,Street trees + pocket parks + green roofs + cool roofs + reflective pavement,Moderate,Anjanapura,,Anjanapura,,Bengaluru,Bengaluru South City Corporation,Bangalore South,Bengaluru Urban,560108.0,"Anjanapura, Bengaluru South City Corporation, Bengaluru, Bangalore South, Bengaluru Urban, Karnataka, 560108, India",20
8413_1433,8413,1433,12.877290693496228,77.56120541736635,12.872799137621271,12.881782249371184,77.55659608680135,77.56581474793137,3,3,Moderate,7,36.77274247524288,36.28936364540003,31.24602386510001,43.01139558830002,4.918248571879359,0.2857142857142857,0.0,0.355724129329584,0.3052808083498386,-0.0121766768170594,-0.4100017795220786,0.050263794828649,0.6504953177601881,0.1569250274249022,903.6080040846596,6341.522654853733,39.89466631755922,Low,Historical support + V5,34.8896331851,37.16427422480002,44.14583642630005,0.3333333333333333,0.3333333333333333,0.4514609439945812,0.3565962656871748,0.0375118686351925,0.7021118411794305,6718.63081289633,0.1457934374999999,51.52309938247451,Moderate,Reliable Multi-Date Observation,Moderate,34.8896331851,37.16427422480002,44.14583642630005,0.3333333333333333,0.3333333333333333,0.4514609439945812,0.3565962656871748,0.0375118686351925,0.7021118411794305,6718.63081289633,0.1457934374999999,0.3985858544043772,0.3333333333333333,0.3333333333333333,0.9757093775150816,0.917815080360218,0.3311789828972528,0.4641296717309324,51.41457703826732,High,1000000,100,0.08,0.12,0.9757093775150816,0.917815080360218,0.5944945562280209,0.8087498747115415,0.1123499949884616,11.234999498846165,112349.99498846164,0.35,39322.49824596158,73027.49674250008,30,1311,13.11,Street trees + green roofs + cool roofs + shaded corridors,Moderate,Anjanapura,,Anjanapura,,Bengaluru,Bengaluru South City Corporation,Bangalore South,Bengaluru Urban,560108.0,"Anjanapura, Bengaluru South City Corporation, Bengaluru, Bangalore South, Bengaluru Urban, Karnataka, 560108, India",20
8413_1435,8413,1435,12.895256916996049,77.56120541736635,12.890765361121092,12.899748472871002,77.55659608680135,77.56581474793137,4,3,Moderate,7,36.30807974634288,35.45540094560003,30.82911087560003,43.28813557759999,5.168414153269807,0.1428571428571428,0.0,0.3011871960999699,0.2618483436051299,-0.0349435027280711,-0.3373627249457724,0.03811216494082,0.7125120672032297,0.1474913900453689,895.4985550106563,2477.223154829326,32.15250957900823,Low,Historical support + V5,40.24527745280003,38.256882770525024,42.36574870040001,0.5,0.0,0.2620021220880795,0.2348099662735622,0.0324846827425062,0.7166083465563133,2912.077013859466,0.17799437,59.378856411768176,High,Reliable Multi-Date Observation,Moderate,40.24527745280003,38.256882770525024,42.36574870040001,0.5,0.0,0.2620021220880795,0.2348099662735622,0.0324846827425062,0.7166083465563133,2912.077013859466,0.17799437,0.680602339270753,0.5,0.0,0.9846199451122984,0.9374388060623604,0.1435439348322663,0.3104684291152488,59.33181923516825,Very High,1000000,100,0.12,0.18,0.9846199451122984,0.9374388060623604,0.7107181310331636,0.86326393471816,0.1717958360830896,17.17958360830896,171795.83608308958,0.35,60128.54262908135,111667.29345400824,30,2005,20.05,Street trees + pocket parks + green roofs + cool roofs + reflective pavement,Moderate,Vasanthapura,,Vasanthapura,,Bengaluru,Bengaluru South City Corporation,Bangalore South,Bengaluru Urban,,"Vasanthapura, Bengaluru South City Corporation, Bengaluru, Bangalore South, Bengaluru Urban, Karnataka, India",2
8413_1439,8413,1439,12.931189363995689,77.56120541736635,12.926697808120734,12.935680919870643,77.55659608680135,77.56581474793137,3,3,Moderate,7,36.5778518577286,35.91184333640002,30.383332707200022,43.027562822900016,5.087708987640022,0.2857142857142857,0.0,0.2536846810878586,0.2082174405415468,-0.0147686089556915,-0.2937778716026631,0.0323722299967012,0.7211069379609288,0.1510347149805758,901.4749614341196,5517.195840818854,39.07871722372332,Low,Historical support + V5,42.32580913670004,39.63943340780002,43.46826523160001,0.6666666666666666,0.0,0.2866969018593485,0.2064466615502686,0.0314324072096496,0.7213944090763107,5000.999900019995,0.146087055,68.23485978421601,Very High,Reliable Multi-Date Observation,Moderate,42.32580913670004,39.63943340780002,43.46826523160001,0.6666666666666666,0.0,0.2866969018593485,0.2064466615502686,0.0314324072096496,0.7213944090763107,5000.999900019995,0.146087055,0.790158576171188,0.6666666666666666,0.0,0.9864850785023442,0.9439176349693262,0.2465124377989007,0.4627285436765282,68.15408138640787,Very High,1000000,100,0.12,0.18,0.9864850785023442,0.9439176349693262,0.840227222656827,0.9173400752808828,0.1750404045168529,17.504040451685295,175040.40451685296,0.35,61264.14158089853,113776.26293595442,30,2043,20.43,Street trees + pocket parks + green roofs + cool roofs + reflective pavement,Moderate,Thyagarajnagar,,Thyagarajnagar,,Bengaluru,Bengaluru West City Corporation,Bangalore South,Bengaluru Urban,,"Thyagarajnagar, Bengaluru West City Corporation, Bengaluru, Bangalore South, Bengaluru Urban, Karnataka, India",2
8413_1442,8413,1442,12.95813869924542,77.56120541736635,12.953647143370464,12.962630255120374,77.55659608680135,77.56581474793137,4,3,Moderate,7,36.778333379385735,35.91830339420003,30.763655792600023,43.48403939390001,5.21522440892059,0.2857142857142857,0.0,0.2529798955704597,0.2105504155672433,-0.0089471512851426,-0.2879825928489747,0.0393062986554154,0.6954950566499084,0.1422831028527499,897.3799504862726,8444.804479614102,38.84864371083176,Low,Historical support + V5,41.81400336695003,41.08922504352502,47.53750349209999,0.75,0.25,0.1713039627315781,0.0645448666826125,0.0269144494086503,0.7241509362356737,9195.763667711031,0.1476290212499999,73.23192983172298,Very High,Reliable Multi-Date Observation,Moderate,41.81400336695003,41.08922504352502,47.53750349209999,0.75,0.25,0.1713039627315781,0.0645448666826125,0.0269144494086503,0.7241509362356737,9195.763667711031,0.1476290212499999,0.7632080064722764,0.75,0.25,0.994493051401406,0.947649108966646,0.4532833762186126,0.4553703576970871,73.08339572443434,Very High,1000000,100,0.12,0.18,0.994493051401406,0.947649108966646,0.912588597925596,0.950020284402392,0.1770012170641435,17.70012170641435,177001.2170641435,0.35,61950.42597245023,115050.79109169327,30,2066,20.66,Street trees + pocket parks + green roofs + cool roofs + reflective pavement,Moderate,Chamarajpet,,Chamarajpet,,Bengaluru,Bengaluru Central City Corporation,Bangalore North,Bengaluru Urban,560018.0,"Chamarajpet, Bengaluru Central City Corporation, Bengaluru, Bangalore North, Bengaluru Urban, Karnataka, 560018, India",2
8413_1447,8413,1447,13.00305425799497,77.56120541736635,12.998562702120015,13.007545813869925,77.55659608680135,77.56581474793137,4,3,Moderate,7,36.465355053757165,35.75736592250001,30.12064078010003,43.13024014370003,5.089199788871059,0.1428571428571428,0.0,0.2454747414889203,0.2197620177725954,-0.0126276847153802,-0.3014218276727438,0.0348777217439015,0.7303016015774412,0.1464514060335363,921.1291434896148,4713.670499962207,33.547850450692955,Low,Historical support + V5,37.064929473500015,37.72923447807501,42.604941740000015,0.25,0.0,0.310580692526194,0.3652403115986909,0.0383017692947759,0.7257324951933697,4648.139376923101,0.13742250625,49.49755612870115,Moderate,Reliable Multi-Date Observation,Moderate,37.064929473500015,37.72923447807501,42.604941740000015,0.25,0.0,0.310580692526194,0.3652403115986909,0.0383017692947759,0.7257324951933697,4648.139376923101,0.13742250625,0.5131321876060219,0.25,0.0,0.97430929735641,0.9497900442031538,0.2291190145854224,0.5040753378300568,49.42247729263574,High,1000000,100,0.08,0.12,0.97430929735641,0.9497900442031538,0.5652509196121871,0.8045561329704067,0.1121822453188162,11.218224531881626,112182.24531881626,0.35,39263.78586158569,72918.45945723058,30,1309,13.09,Street trees + green roofs + cool roofs + shaded corridors,Moderate,Kuvempu Ward,,Kuvempu Ward,,Bengaluru,Bengaluru West City Corporation,Bangalore North,Bengaluru Urban,,"Kuvempu Ward, Bengaluru West City Corporation, Bengaluru, Bangalore North, Bengaluru Urban, Karnataka, India",25
8413_1453,8413,1453,13.05695292849443,77.56120541736635,13.052461372619476,13.061444484369384,77.55659608680135,77.56581474793137,5,4,Moderate,7,35.9423613721143,35.512447699400035,30.22459985840001,42.77529585680003,5.304928465042967,0.1428571428571428,0.0,0.3950756152515021,0.3707966666424006,-0.0604239094051611,-0.4244279290958976,0.1116314894757018,0.5468129070880284,0.1484335772271834,921.0718175979916,8829.883673491226,30.72551589354318,Low,Historical support + V5,38.3670925529,37.44034086416001,43.9337141051,0.2,0.2,0.3718381375967662,0.2928974069898534,0.0368469394743442,0.710009896196425,9535.197952848172,0.1554377425,52.98405153537736,High,Reliable Multi-Date Observation,Moderate,38.3670925529,37.44034086416001,43.9337141051,0.2,0.2,0.3718381375967662,0.2928974069898534,0.0368469394743442,0.710009896196425,9535.197952848172,0.1554377425,0.5817012403696523,0.2,0.2,0.9768879486603655,0.9285065719441888,0.4700149848517879,0.4181075296558648,52.83003473297521,High,1000000,100,0.08,0.12,0.9768879486603655,0.9285065719441888,0.6152731997471989,0.8201467049160548,0.1128058681966421,11.28058681966422,112805.86819664216,0.35,39482.053868824754,73323.81432781741,30,1317,13.17,Street trees + green roofs + cool roofs + shaded corridors,Moderate,Doddabommasandra,,Doddabommasandra,,Bengaluru,Bengaluru North City Corporation,Yelahanka taluku,Bengaluru Urban,,"Doddabommasandra, Bengaluru North City Corporation, Bengaluru, Yelahanka taluku, Bengaluru Urban, Karnataka, India",24
8413_1458,8413,1458,13.101868487243982,77.56120541736635,13.097376931369029,13.106360043118936,77.55659608680135,77.56581474793137,3,2,Limited,7,37.23906782672861,36.49471828700004,31.738816898600067,43.77899742980001,4.98863291063148,0.2857142857142857,0.0,0.2525669779323544,0.217164754162704,0.0197381670180397,-0.3277629503741107,0.0387418739527506,0.6561813613906786,0.1565369133257722,917.7976506494416,11117.913306803854,40.77946412800869,Moderate,Limited historical support + V5,,,,,,,,,,,,,,Limited Observation + V5,Limited,36.49471828700004,37.23906782672861,43.77899742980001,0.2857142857142857,0.0,0.2525669779323544,0.217164754162704,0.0387418739527506,0.6561813613906786,11117.913306803854,0.1565369133257722,0.4831061167151582,0.2857142857142857,0.0,0.973529222302802,0.855639603353216,0.5480311872203993,0.4128623413391893,49.59984265518402,High,1000000,100,0.08,0.12,0.973529222302802,0.855639603353216,0.5678546086202156,0.781786972092371,0.1112714788836948,11.127147888369484,111271.47888369484,0.5,55635.73944184742,55635.73944184742,30,1855,18.55,Street trees + green roofs + cool roofs + shaded corridors,Limited,Doddabettahalli,,Doddabettahalli,,Bengaluru,Bengaluru North City Corporation,Yelahanka taluku,Bengaluru Urban,,"Doddabettahalli, Bengaluru North City Corporation, Bengaluru, Yelahanka taluku, Bengaluru Urban, Karnataka, India",2
8413_1460,8413,1460,13.119834710743802,77.56120541736635,13.115343154868846,13.124326266618755,77.55659608680135,77.56581474793137,1,1,Limited,7,38.04139919287145,36.3364810511,32.296603582400046,44.54854754270001,4.8722620786792366,0.2857142857142857,0.1428571428571428,0.2580254905202558,0.2131635212602884,0.0727882754542267,-0.3665802703196841,0.0455454040779431,0.6327623033363357,0.1732895362820518,920.0515237442916,9771.328595487774,42.05015864078795,Moderate,Limited historical support + V5,,,,,,,,,,,,,,Limited Observation + V5,Limited,36.3364810511,38.04139919287145,44.54854754270001,0.2857142857142857,0.1428571428571428,0.2580254905202558,0.2131635212602884,0.0455454040779431,0.6327623033363357,9771.328595487774,0.1732895362820518,0.474773690808412,0.2857142857142857,0.1428571428571428,0.9614701267423164,0.8239375372681141,0.4816544852556725,0.3329196607806699,49.54893729967853,High,1000000,100,0.08,0.12,0.9614701267423164,0.8239375372681141,0.5671073279072559,0.7693418598397417,0.1107736743935896,11.077367439358966,110773.67439358968,0.5,55386.83719679483,55386.83719679483,30,1847,18.47,Street trees + green roofs + cool roofs + shaded corridors,Limited,Dr. Shivaram Karanth Layout,,Dr. Shivaram Karanth Layout,,,Ramagondanahalli,Yelahanka taluku,Bengaluru Urban,,"Sector 1, Dr. Shivaram Karanth Layout, Ramagondanahalli, Avalahalli, Yelahanka taluku, Bengaluru Urban, Karnataka, India",2
8413_1463,8413,1463,13.146784045993533,77.56120541736635,13.142292490118576,13.151275601868488,77.55659608680135,77.56581474793137,0,0,Prediction Only,7,37.57254450658575,36.5180975438,32.11433766590006,44.56527875060001,5.317833041979275,0.2857142857142857,0.2857142857142857,0.3520671785002552,0.3129196373218828,0.0196456505113145,-0.4372312549605069,0.060400141699128,0.5840934851181364,0.1669684451001846,924.137826611758,14517.857109757051,44.43855883274089,Very High,V5 prediction only,,,,,,,,,,,,,,V5 Prediction Only,Prediction Only,36.5180975438,37.57254450658575,44.56527875060001,0.2857142857142857,0.2857142857142857,0.3520671785002552,0.3129196373218828,0.060400141699128,0.5840934851181364,14517.857109757051,0.1669684451001846,0.4843372171191336,0.2857142857142857,0.2857142857142857,0.9351404571144124,0.7580552081045363,0.7156233591862311,0.3630835923901893,51.53131020921767,High,1000000,100,0.08,0.12,0.9351404571144124,0.7580552081045363,0.5962081764620338,0.7552962326009921,0.1102118493040396,11.021184930403969,110211.84930403969,0.5,55105.92465201984,55105.92465201984,30,1837,18.37,Tree canopy expansion + parks + connected green corridors,Model Only,Singanayakanahalli,,,,,,Yelahanka taluku,Bengaluru Urban,560064.0,"Singanayakanahalli, Yelahanka taluku, Bengaluru Urban, Karnataka, 560064, India",26
8414_1425,8414,1425,12.805425799496946,77.57042407849637,12.80093424362199,12.8099173553719,77.56581474793137,77.57503340906138,4,3,Moderate,7,36.906658057400016,35.94077687570001,30.68811755060002,43.33672273190001,4.982492035240658,0.2857142857142857,0.0,0.4810837831796316,0.4284501140751834,0.0151042050373742,-0.5087973194918511,0.4014876546277049,0.0545035546838529,0.1237069851157328,948.219187310098,3888.910165880061,32.52933601865114,Low,Historical support + V5,42.07170498485003,41.48134884297502,45.59637575390001,0.75,0.25,0.4097448892587864,0.3181998211286974,0.1026239410275593,0.1087188369128853,4043.668350351367,0.14977800875,61.89081372835169,High,Reliable Multi-Date Observation,Moderate,42.07170498485003,41.48134884297502,45.59637575390001,0.75,0.25,0.4097448892587864,0.3181998211286974,0.1026239410275593,0.1087188369128853,4043.668350351367,0.14977800875,0.7767780086590993,0.75,0.25,0.8602997756359988,0.1145468963007574,0.1993230479151558,0.4451154966114466,61.82549857995355,Very High,1000000,100,0.12,0.18,0.8602997756359988,0.1145468963007574,0.7473248585603499,0.6286715889719289,0.1577202953383157,15.772029533831573,157720.29533831571,0.85,134062.25103756835,23658.04430074737,30,4469,44.69,Large canopy expansion + urban forest + park restoration + shaded corridors,Moderate,Bannerughatta,,,,,,Anekal,Bengaluru Urban,560083.0,"Bannerughatta, Anekal, Bengaluru Urban, Karnataka, 560083, India",27
8414_1431,8414,1431,12.859324469996409,77.57042407849637,12.854832914121452,12.863816025871362,77.56581474793137,77.57503340906138,3,3,Moderate,7,37.13800429965717,36.36896933120003,31.623458723600056,43.54841780060004,4.912163566921218,0.2857142857142857,0.0,0.317688816141409,0.2598196068120341,0.0043986298901587,-0.3695614649092605,0.0329421494032647,0.7321900940454869,0.150873106701194,923.6562230740057,4982.270043626265,41.032563838132326,Moderate,Historical support + V5,36.30623157410004,36.28144523240004,41.49728108870005,0.3333333333333333,0.0,0.4820245195493703,0.4008514452162223,0.0387773590628057,0.7270049864891917,5632.051136131489,0.1637126575,50.01804352407364,Moderate,Reliable Multi-Date Observation,Moderate,36.30623157410004,36.28144523240004,41.49728108870005,0.3333333333333333,0.0,0.4820245195493703,0.4008514452162223,0.0387773590628057,0.7270049864891917,5632.051136131489,0.1637126575,0.4731808196716889,0.3333333333333333,0.0,0.9734663257880144,0.9515125986739296,0.2776186129038497,0.378620048309194,49.92707210310872,High,1000000,100,0.08,0.12,0.9734663257880144,0.9515125986739296,0.572658273238965,0.8076546729898733,0.1123061869195949,11.230618691959492,112306.18691959493,0.35,39307.16542185822,72999.02149773671,30,1311,13.11,Street trees + green roofs + cool roofs + shaded corridors,Moderate,Anjanapura,,Anjanapura,,Bengaluru,Bengaluru South City Corporation,Bangalore South,Bengaluru Urban,560108.0,"Anjanapura, Bengaluru South City Corporation, Bengaluru, Bangalore South, Bengaluru Urban, Karnataka, 560108, India",20
8414_1435,8414,1435,12.895256916996049,77.57042407849637,12.890765361121092,12.899748472871002,77.56581474793137,77.57503340906138,7,5,High,7,37.249927364557166,36.35143488860003,31.356818983400032,43.737212135300005,5.040965403627652,0.2857142857142857,0.0,0.2278635778177905,0.1772419937723238,0.0235816070602551,-0.2739212624506898,0.0348803104047364,0.6844098919671852,0.1495073354561864,905.8042178713498,5636.792906764596,40.48406743104172,Moderate,Strong historical support + V5,42.13892889320001,39.69852853215716,43.4054932943,0.5714285714285714,0.0,0.2670378415266438,0.1769119769119769,0.0318231715355068,0.6981793791055679,6300.0,0.1599383925,65.24468645353339,Very High,Reliable Multi-Date Observation,High,42.13892889320001,39.69852853215716,43.4054932943,0.5714285714285714,0.0,0.2670378415266438,0.1769119769119769,0.0318231715355068,0.6981793791055679,6300.0,0.1599383925,0.7803178722841311,0.5714285714285714,0.0,0.9857924580155633,0.912491758975837,0.31054356912242,0.3966306525008858,65.14292602234657,Very High,1000000,100,0.12,0.18,0.9857924580155633,0.912491758975837,0.7960240478642365,0.8915599191951009,0.173493595151706,17.349359515170605,173493.59515170605,0.5,86746.79757585302,86746.79757585302,30,2892,28.92,Street-tree corridors + pocket parks + green roofs + shaded public spaces,Strong,Jaraganahalli,,Jaraganahalli,,Bengaluru,Bengaluru South City Corporation,Bangalore South,Bengaluru Urban,560078.0,"Jaraganahalli, Bengaluru South City Corporation, Bengaluru, Bangalore South, Bengaluru Urban, Karnataka, 560078, India",2
8414_1436,8414,1436,12.904240028745958,77.57042407849637,12.899748472871002,12.908731584620911,77.56581474793137,77.57503340906138,4,3,Moderate,7,37.25940748717145,36.34941825680003,31.291278449900023,43.74198027320003,5.102603803181876,0.2857142857142857,0.0,0.213490317371312,0.1638531170064473,0.0280080556727044,-0.2653792354459213,0.0308498718845811,0.6896002907811265,0.1530577191427677,898.8548193219658,6041.9053421817325,40.52784087572664,Moderate,Historical support + V5,38.2641076103,38.15352184572501,44.911626717200015,0.5,0.25,0.2411594367771724,0.1752996562486861,0.0274138338863849,0.6807712041772902,6096.295339227136,0.15000862375,59.9027897095718,High,Reliable Multi-Date Observation,Moderate,38.2641076103,38.15352184572501,44.911626717200015,0.5,0.25,0.2411594367771724,0.1752996562486861,0.0274138338863849,0.6807712041772902,6096.295339227136,0.15000862375,0.5762782790872203,0.5,0.25,0.993607904275192,0.888926545092483,0.3005024306457093,0.4440150133423421,59.80431960760959,Very High,1000000,100,0.12,0.18,0.993607904275192,0.888926545092483,0.7176543445550122,0.8570561405914427,0.1714233684354865,17.142336843548655,171423.36843548657,0.5,85711.68421774328,85711.68421774328,30,2858,28.58,Street-tree corridors + pocket parks + green roofs + shaded public spaces,Moderate,Yelachenahalli,,Yelachenahalli,,Bengaluru,Bengaluru South City Corporation,Bangalore South,Bengaluru Urban,,"Yelachenahalli, Bengaluru South City Corporation, Bengaluru, Bangalore South, Bengaluru Urban, Karnataka, India",2
8414_1438,8414,1438,12.922206252245775,77.57042407849637,12.917714696370822,12.926697808120734,77.56581474793137,77.57503340906138,4,4,Moderate,7,35.804053634257166,35.35969638560002,29.92037898830004,42.66456909890001,5.48475173768065,0.1428571428571428,0.0,0.2815363915569118,0.2450768796113748,-0.041097359814004,-0.3189035221391849,0.0370111091171015,0.7240218100566069,0.1467423145252054,914.4651715442004,4551.44894082329,31.881750708007203,Low,Historical support + V5,40.86658803830002,39.19571032392502,43.94536955330002,0.5,0.25,0.225137135873012,0.1414960322500223,0.0305973613867535,0.7203220506198704,4127.360283018329,0.1410543075,64.16134542443847,Very High,Reliable Multi-Date Observation,Moderate,40.86658803830002,39.19571032392502,43.94536955330002,0.5,0.25,0.225137135873012,0.1414960322500223,0.0305973613867535,0.7203220506198704,4127.360283018329,0.1410543075,0.7133191924773281,0.5,0.25,0.9879651773907728,0.9424659976500924,0.2034484433877196,0.4867445635424428,64.09467844633318,Very High,1000000,100,0.12,0.18,0.9879651773907728,0.9424659976500924,0.7806359774307223,0.8936587024715825,0.1736195221482949,17.361952214829497,173619.52214829496,0.35,60766.83275190323,112852.68939639172,30,2026,20.26,Street trees + pocket parks + green roofs + cool roofs + reflective pavement,Moderate,Dharmagiri Ward,,Dharmagiri Ward,,Bengaluru,Bengaluru West City Corporation,Bangalore South,Bengaluru Urban,,"Dharmagiri Ward, Bengaluru West City Corporation, Bengaluru, Bangalore South, Bengaluru Urban, Karnataka, India",2
8414_1448,8414,1448,13.01203736974488,77.57042407849637,13.007545813869925,13.016528925619834,77.56581474793137,77.57503340906138,3,3,Moderate,7,35.03875895625717,34.96720514900003,29.255471557700048,41.76704831720002,5.042593050228059,0.0,0.0,0.4197907739515681,0.3794117607875624,-0.1391998889082246,-0.4100299874464099,0.1365012023699279,0.471623348509367,0.1291954858625808,939.3911296044045,1258.6800576287708,22.775341846978662,Low,Historical support + V5,37.1744086541,36.811095914900015,42.71016548570002,0.3333333333333333,0.0,0.2759460399675313,0.1277989337395278,0.0294676283374428,0.6906011709943414,1300.0,0.1539779325,50.2388620345119,Moderate,Reliable Multi-Date Observation,Moderate,37.1744086541,36.811095914900015,42.71016548570002,0.3333333333333333,0.0,0.2759460399675313,0.1277989337395278,0.0294676283374428,0.6906011709943414,1300.0,0.1539779325,0.5188971212228913,0.3333333333333333,0.0,0.9899676023890882,0.9022332398760816,0.0640804190252612,0.4250736701110458,50.21786385029874,High,1000000,100,0.08,0.12,0.9899676023890882,0.9022332398760816,0.5769270395014757,0.8028177866057915,0.1121127114642316,11.211271146423163,112112.71146423166,0.5,56056.35573211583,56056.35573211583,30,1869,18.69,Street trees + green roofs + cool roofs + shaded corridors,Moderate,Sadashiva Nagara,,Sadashiva Nagara,,Bengaluru,Bengaluru West City Corporation,Bangalore North,Bengaluru Urban,,"Sadashiva Nagara, Bengaluru West City Corporation, Bengaluru, Bangalore North, Bengaluru Urban, Karnataka, India",25
8414_1462,8414,1462,13.13780093424362,77.57042407849637,13.133309378368669,13.142292490118576,77.56581474793137,77.57503340906138,10,5,High,7,36.05086397557143,35.73036356450004,30.265205936000008,43.1724356006,5.450265277240512,0.1428571428571428,0.0,0.4218408079899207,0.3741268377369758,-0.0719658293624653,-0.4666284206971686,0.1267090194331339,0.5065197525500387,0.1551829267365691,908.3318166815128,9842.706044511113,31.201165361621754,Low,Strong historical support + V5,35.69636281055001,36.768334206020015,43.61137772900001,0.4,0.0,0.3952215562570634,0.3183860627931976,0.0421633926453068,0.6949118674965575,9920.255465582806,0.1703613187499999,51.16432835809429,Moderate,Reliable Multi-Date Observation,High,35.69636281055001,36.768334206020015,43.61137772900001,0.4,0.0,0.3952215562570634,0.3183860627931976,0.0421633926453068,0.6949118674965575,9920.255465582806,0.1703613187499999,0.4410664677227603,0.4,0.0,0.9674646616826116,0.9080685721541332,0.4889954823632189,0.346892968684847,51.00409193370364,High,1000000,100,0.08,0.12,0.9674646616826116,0.9080685721541332,0.5884687147708368,0.8010172605357819,0.1120406904214312,11.204069042143129,112040.69042143128,0.5,56020.34521071564,56020.34521071564,30,1868,18.68,Street trees + green roofs + cool roofs + shaded corridors,Strong,Avalahalli,,,,,,Yelahanka taluku,Bengaluru Urban,560064.0,"Avalahalli, Yelahanka taluku, Bengaluru Urban, Karnataka, 560064, India",26
8414_1463,8414,1463,13.146784045993533,77.57042407849637,13.142292490118576,13.151275601868488,77.56581474793137,77.57503340906138,7,4,Moderate,7,37.58945393981433,36.53031696530002,31.92205695080007,44.46096078020004,5.222141017156112,0.2857142857142857,0.1428571428571428,0.3476413367941848,0.29546849364335,0.008294948684591,-0.4157759654306567,0.0602874385040074,0.5931127822601808,0.1685322155011606,911.7403285111944,12540.947336304833,42.43516024240559,High,Historical support + V5,41.447053284800056,38.91745236752861,46.69162899260004,0.5714285714285714,0.1428571428571428,0.3461743821872285,0.2862828336428761,0.0434324527159333,0.6499308058992028,12682.271089990152,0.166987825,66.12637243388987,Very High,Reliable Multi-Date Observation,Moderate,41.447053284800056,38.91745236752861,46.69162899260004,0.5714285714285714,0.1428571428571428,0.3461743821872285,0.2862828336428761,0.0434324527159333,0.6499308058992028,12682.271089990152,0.166987825,0.7438852196857286,0.5714285714285714,0.1428571428571428,0.9652152828480834,0.8471783098716614,0.62514249664502,0.3629911124755967,65.92152269189852,Very High,1000000,100,0.12,0.18,0.9652152828480834,0.8471783098716614,0.8074536954632612,0.872601404650049,0.1723560842790029,17.235608427900292,172356.0842790029,0.5,86178.04213950146,86178.04213950146,30,2873,28.73,Street-tree corridors + pocket parks + green roofs + shaded public spaces,Moderate,Singanayakanahalli,,,,,,Yelahanka taluku,Bengaluru Urban,560064.0,"Singanayakanahalli, Yelahanka taluku, Bengaluru Urban, Karnataka, 560064, India",26
8415_1427,8415,1427,12.823392022996766,77.57964273962638,12.81890046712181,12.827883578871722,77.57503340906138,77.5842520701914,8,5,High,7,37.7247001083286,36.412002203000014,31.754898682700045,44.88382112450003,5.30644112583785,0.2857142857142857,0.1428571428571428,0.3602849644201545,0.29212410167634,0.0411047051485062,-0.431552140201782,0.170921152114132,0.3164025920885392,0.1390458224094784,932.0073601622372,3350.254462362523,39.19104349038932,Low,Strong historical support + V5,38.61933388385002,37.684806626862525,44.61292594940006,0.375,0.125,0.3189060758448725,0.2565998350041248,0.0908465781249105,0.4442099920706823,3120.830480335965,0.14478717125,50.54333885681944,Moderate,Reliable Multi-Date Observation,High,38.61933388385002,37.684806626862525,44.61292594940006,0.375,0.125,0.3189060758448725,0.2565998350041248,0.0908465781249105,0.4442099920706823,3120.830480335965,0.14478717125,0.5949837158173896,0.375,0.125,0.881174871664113,0.5686967919583795,0.1538339422205662,0.468931524049253,50.49292980041628,High,1000000,100,0.08,0.12,0.881174871664113,0.5686967919583795,0.5809649541231033,0.6829713847212757,0.107318855388851,10.731885538885102,107318.85538885102,0.7,75123.19877219571,32195.65661665531,30,2505,25.05,Tree canopy expansion + parks + connected green corridors,Strong,Bannerughatta,,,,,,Anekal,Bengaluru Urban,560083.0,"Bannerughatta, Anekal, Bengaluru Urban, Karnataka, 560083, India",28
8415_1433,8415,1433,12.877290693496228,77.57964273962638,12.872799137621271,12.881782249371184,77.57503340906138,77.5842520701914,5,4,Moderate,7,36.50498455421431,35.698729789400026,31.29444011840001,43.13593114700002,4.940988820276238,0.1428571428571428,0.0,0.2693934454830886,0.2076458807142585,-0.0156794134638389,-0.3175947523803881,0.0328749487675114,0.6893897251683208,0.1475063662863852,925.6734821947724,1359.748811247328,32.90232580022617,Low,Historical support + V5,39.314960769200034,37.93114802804004,42.71879598620003,0.4,0.0,0.2893859778214463,0.1348610829446359,0.0288786294404417,0.7369002709165215,1300.0,0.145517255,56.13130632109361,High,Reliable Multi-Date Observation,Moderate,39.314960769200034,37.93114802804004,42.71879598620003,0.4,0.0,0.2893859778214463,0.1348610829446359,0.0288786294404417,0.7369002709165215,1300.0,0.145517255,0.6316139024352931,0.4,0.0,0.9910115889450756,0.9649077130341296,0.0640804190252612,0.4654476008355845,56.11030813688046,Very High,1000000,100,0.12,0.18,0.9910115889450756,0.9649077130341296,0.6634269749960265,0.8534517743877195,0.1712071064632631,17.120710646326316,171207.10646326316,0.35,59922.4872621421,111284.61920112108,30,1998,19.98,Street trees + pocket parks + green roofs + cool roofs + reflective pavement,Moderate,Kothanur,,Kothanur,,Bengaluru,Bengaluru South City Corporation,Bangalore South,Bengaluru Urban,,"Kothanur, Bengaluru South City Corporation, Bengaluru, Bangalore South, Bengaluru Urban, Karnataka, India",2
8415_1434,8415,1434,12.886273805246136,77.57964273962638,12.881782249371184,12.890765361121092,77.57503340906138,77.5842520701914,4,3,Moderate,7,35.90165519535716,35.61486866870002,30.071096580200035,42.60750525500001,5.33631252985425,0.0,0.0,0.287046084397323,0.2551155793121092,-0.0451052131785216,-0.3286017967794976,0.0345956400537535,0.7109705674527179,0.1475512896021271,919.3795082025364,4382.121038067425,27.78002764060281,Low,Historical support + V5,38.498147984750005,38.11655595942501,44.83320024830002,0.5,0.25,0.2635858668149878,0.2671548503768628,0.0309239622438326,0.7277857691515237,4162.985702402732,0.1704790875,59.81947947277274,High,Reliable Multi-Date Observation,Moderate,38.498147984750005,38.11655595942501,44.83320024830002,0.5,0.25,0.2635858668149878,0.2671548503768628,0.0309239622438326,0.7277857691515237,4162.985702402732,0.1704790875,0.5886023320713341,0.5,0.25,0.9873862851284944,0.9525695337351908,0.2052045140047221,0.3463309820881449,59.752237056883686,Very High,1000000,100,0.12,0.18,0.9873862851284944,0.9525695337351908,0.7168897828452916,0.8704834963668873,0.1722290097820132,17.222900978201324,172229.00978201322,0.35,60280.15342370462,111948.8563583086,30,2010,20.1,Street trees + pocket parks + green roofs + cool roofs + reflective pavement,Moderate,RBI Layout,,RBI Layout,,Bengaluru,Bengaluru South City Corporation,Bangalore South,Bengaluru Urban,,"RBI Layout, Bengaluru South City Corporation, Bengaluru, Bangalore South, Bengaluru Urban, Karnataka, India",2
8415_1436,8415,1436,12.904240028745958,77.57964273962638,12.899748472871002,12.908731584620911,77.57503340906138,77.5842520701914,5,3,Moderate,7,36.25929971805717,35.58796885130003,30.525419798600023,43.143604601900016,5.346943745760787,0.2857142857142857,0.0,0.217839719537887,0.1598676800316757,-0.0252186070703965,-0.2497436643281758,0.0351514339169468,0.6562249906252331,0.1357309144265464,909.807068744194,9048.141729468774,37.12411869099451,Low,Historical support + V5,39.12565373150002,39.10936686620002,43.69206009110003,0.2,0.0,0.2074882362485803,0.1449240414757656,0.0280241577420383,0.700884954072535,9300.537618869135,0.152082,52.31186774856279,Moderate,Reliable Multi-Date Observation,Moderate,39.12565373150002,39.10936686620002,43.69206009110003,0.2,0.0,0.2074882362485803,0.1449240414757656,0.0280241577420383,0.700884954072535,9300.537618869135,0.152082,0.6216454088864206,0.2,0.0,0.9925261197364692,0.9161542596708674,0.458447959828723,0.4341209653676493,52.1616412853302,High,1000000,100,0.08,0.12,0.9925261197364692,0.9161542596708674,0.6054613140009165,0.8186072324258478,0.1127442892970339,11.27442892970339,112744.2892970339,0.35,39460.50125396186,73283.78804307204,30,1316,13.16,Street trees + green roofs + cool roofs + shaded corridors,Moderate,Kengal Hanumanthaiah South,,Kengal Hanumanthaiah South,,Bengaluru,Bengaluru South City Corporation,Bangalore South,Bengaluru Urban,,"Kengal Hanumanthaiah South, Bengaluru South City Corporation, Bengaluru, Bangalore South, Bengaluru Urban, Karnataka, India",2
8415_1443,8415,1443,12.967121810995328,77.57964273962638,12.962630255120374,12.971613366870285,77.57503340906138,77.5842520701914,3,3,Moderate,7,37.72281043155717,35.71086376040004,30.97459889690002,46.11981133670004,5.716993423742499,0.2857142857142857,0.2857142857142857,0.1752015083977852,0.1162360152092177,0.0629804241061063,-0.2148418576758703,0.0324993701455911,0.6717392513920095,0.1389022153555732,909.6139543792324,7261.536334009101,42.06045641472554,Moderate,Historical support + V5,41.99834573060002,39.91061341790003,44.485109091500014,0.6666666666666666,0.3333333333333333,0.1592268353991507,0.099236641221374,0.0258293250808492,0.7184176482260227,6500.0,0.1363576375,71.78536418675296,Very High,Reliable Multi-Date Observation,Moderate,41.99834573060002,39.91061341790003,44.485109091500014,0.6666666666666666,0.3333333333333333,0.1592268353991507,0.099236641221374,0.0258293250808492,0.7184176482260227,6500.0,0.1363576375,0.7729150711707418,0.6666666666666666,0.3333333333333333,0.9964164085003197,0.9398880335662128,0.3204020951263063,0.5091568383532981,71.6803732656872,Very High,1000000,100,0.12,0.18,0.9964164085003197,0.9398880335662128,0.8919925012505036,0.9405147518668664,0.176430885112012,17.6430885112012,176430.88511201198,0.35,61750.80978920419,114680.0753228078,30,2059,20.59,Street trees + pocket parks + green roofs + cool roofs + reflective pavement,Moderate,Dharmaraya Swamy Temple Ward,,Dharmaraya Swamy Temple Ward,,Bengaluru,Bengaluru Central City Corporation,Bangalore North,Bengaluru Urban,,"Dharmaraya Swamy Temple Ward, Bengaluru Central City Corporation, Bengaluru, Bangalore North, Bengaluru Urban, Karnataka, India",29
8415_1445,8415,1445,12.98508803449515,77.57964273962638,12.980596478620194,12.989579590370104,77.57503340906138,77.5842520701914,5,3,Moderate,7,36.27330871717145,35.697379671500045,30.3135880091,43.20543658370003,5.442728071496311,0.2857142857142857,0.0,0.3331156359039796,0.3025166600059463,-0.0318861259845607,-0.3829049201782016,0.0617554239918733,0.5665855202377746,0.1530493493266211,921.166917325237,6494.286651876031,36.66884042098092,Low,Historical support + V5,39.21201000680001,36.972547228940016,43.08452412620002,0.2,0.0,0.31246329253172,0.1718963165075034,0.0442246729508042,0.7106789061799645,6041.522986797286,0.15602011,51.20031130400036,Moderate,Reliable Multi-Date Observation,Moderate,39.21201000680001,36.972547228940016,43.08452412620002,0.2,0.0,0.31246329253172,0.1718963165075034,0.0442246729508042,0.7106789061799645,6041.522986797286,0.15602011,0.6261927410072512,0.2,0.0,0.9638110912973056,0.9294122018230913,0.2978025573420909,0.4153285010141015,51.102725909688985,High,1000000,100,0.08,0.12,0.9638110912973056,0.9294122018230913,0.5899166423447525,0.8056535893477307,0.1122261435739092,11.222614357390922,112226.14357390924,0.35,39279.150250868224,72946.99332304101,30,1310,13.1,Street trees + green roofs + cool roofs + shaded corridors,Moderate,Sampangirama Nagar,,Sampangirama Nagar,,Bengaluru,Bengaluru Central City Corporation,Bangalore North,Bengaluru Urban,560001.0,"Sampangirama Nagar, Bengaluru Central City Corporation, Bengaluru, Bangalore North, Bengaluru Urban, Karnataka, 560001, India",30
8415_1449,8415,1449,13.021020481494787,77.57964273962638,13.016528925619834,13.025512037369744,77.57503340906138,77.5842520701914,6,5,High,7,35.465017789014304,35.213832382100016,30.001915855400025,42.50928845030002,5.185763264075799,0.0,0.0,0.4842154391166238,0.4677180053774372,-0.1161794495677367,-0.4978732937925001,0.144817961571418,0.5210171148259625,0.1399459110497902,933.866416438436,3883.991061848951,24.263617413463443,Low,Strong historical support + V5,37.61135124080003,37.137907048850025,42.21477475700001,0.3333333333333333,0.0,0.3361315375370031,0.4401350357768914,0.0579492264660075,0.6369250894058496,3133.8269398971925,0.13084309,50.47884803193254,Moderate,Reliable Multi-Date Observation,High,37.61135124080003,37.137907048850025,42.21477475700001,0.3333333333333333,0.0,0.3361315375370031,0.4401350357768914,0.0579492264660075,0.6369250894058496,3133.8269398971925,0.13084309,0.541905559840209,0.3333333333333333,0.0,0.9394846461549532,0.8295726451690231,0.1544745718932803,0.5354719837706927,50.42822905087401,High,1000000,100,0.08,0.12,0.9394846461549532,0.8295726451690231,0.5800151597101804,0.7682188513305617,0.1107287540532224,11.072875405322248,110728.75405322248,0.5,55364.37702661123,55364.37702661123,30,1846,18.46,Street trees + green roofs + cool roofs + shaded corridors,Strong,Sadashiva Nagara,,Sadashiva Nagara,,Bengaluru,Bengaluru West City Corporation,Bangalore North,Bengaluru Urban,,"Sadashiva Nagara, Bengaluru West City Corporation, Bengaluru, Bangalore North, Bengaluru Urban, Karnataka, India",25
8415_1452,8415,1452,13.04796981674452,77.57964273962638,13.043478260869565,13.052461372619476,77.57503340906138,77.5842520701914,5,4,Moderate,7,36.604019242271455,35.939888190500014,30.501715829900032,43.716362213300016,5.4216061492931225,0.2857142857142857,0.0,0.3059132627267522,0.2640250926461986,-0.0127981381011794,-0.3665696850660051,0.066236371140754,0.5335989514988703,0.1439298678108086,898.5678588787938,1656.272622395394,37.31670703544852,Low,Historical support + V5,41.53923728420003,37.15522672586001,43.59941465900001,0.6,0.0,0.289603484722311,0.1883656509695291,0.0303117791190743,0.7232109291944653,2109.5023109728986,0.145523745,64.63409099540146,Very High,Reliable Multi-Date Observation,Moderate,41.53923728420003,37.15522672586001,43.59941465900001,0.6,0.0,0.289603484722311,0.1883656509695291,0.0303117791190743,0.7232109291944653,2109.5023109728986,0.145523745,0.748739426980357,0.6,0.0,0.9884713651775472,0.9463766339904236,0.1039829169399233,0.4654166308795259,64.6000173660754,Very High,1000000,100,0.12,0.18,0.9884713651775472,0.9463766339904236,0.7880542544367739,0.897780838084457,0.1738668502850674,17.38668502850674,173866.8502850674,0.35,60853.39759977358,113013.4526852938,30,2029,20.29,Street trees + pocket parks + green roofs + cool roofs + reflective pavement,Moderate,Rajiv Gandhi Nagar,,Rajiv Gandhi Nagar,,Bengaluru,Bengaluru North City Corporation,Yelahanka taluku,Bengaluru Urban,,"Rajiv Gandhi Nagar, Bengaluru North City Corporation, Bengaluru, Yelahanka taluku, Bengaluru Urban, Karnataka, India",31
8415_1453,8415,1453,13.05695292849443,77.57964273962638,13.052461372619476,13.061444484369384,77.57503340906138,77.5842520701914,3,3,Moderate,7,36.88181149344289,35.99766981860004,31.37944627580004,43.4262406757,4.939428806392374,0.2857142857142857,0.0,0.2768216738289543,0.237424137484265,-0.0039896954535637,-0.3346311138535423,0.0462237980939805,0.7064503490374153,0.153455224076549,903.600457698379,3661.978051606599,39.27818175167816,Low,Historical support + V5,39.18579379340002,39.205846177400026,42.99457892990004,0.3333333333333333,0.0,0.2120794806216801,0.1253153910849453,0.0312756979838013,0.7306002753321081,3360.0595232822884,0.1549077625,54.42852535868384,High,Reliable Multi-Date Observation,Moderate,39.18579379340002,39.205846177400026,42.99457892990004,0.3333333333333333,0.0,0.2120794806216801,0.1253153910849453,0.0312756979838013,0.7306002753321081,3360.0595232822884,0.1549077625,0.6248122526887571,0.3333333333333333,0.0,0.9867628418832568,0.9563794931591256,0.165626170924422,0.420636567762493,54.37425216727073,High,1000000,100,0.08,0.12,0.9867628418832568,0.9563794931591256,0.6379420111876906,0.8396386724239976,0.1135855468969599,11.35855468969599,113585.5468969599,0.35,39754.941413935965,73830.60548302394,30,1326,13.26,Street trees + green roofs + cool roofs + shaded corridors,Moderate,Rajiv Gandhi Nagar,,Rajiv Gandhi Nagar,,Bengaluru,Bengaluru North City Corporation,Yelahanka taluku,Bengaluru Urban,,"Rajiv Gandhi Nagar, Bengaluru North City Corporation, Bengaluru, Yelahanka taluku, Bengaluru Urban, Karnataka, India",31
8415_1457,8415,1457,13.09288537549407,77.57964273962638,13.088393819619116,13.097376931369029,77.57503340906138,77.5842520701914,3,3,Moderate,7,36.78367769780003,36.164623005500026,31.375190840900032,43.421164916000016,5.0777253353917775,0.2857142857142857,0.0,0.2924505201652544,0.2395872865362026,-0.0087596735547524,-0.3549590367240421,0.0489253528290497,0.6211837757545413,0.1517613917225077,912.2903463914752,8167.327469009017,39.09862855280558,Low,Historical support + V5,35.3102205461,37.150904069900015,43.526798824100034,0.3333333333333333,0.0,0.2996102153738678,0.2772166105499439,0.0336562583688646,0.7420964390039444,7823.042886243178,0.1518835875,49.642684501981655,Moderate,Reliable Multi-Date Observation,Moderate,35.3102205461,37.150904069900015,43.526798824100034,0.3333333333333333,0.0,0.2996102153738678,0.2772166105499439,0.0336562583688646,0.7420964390039444,7823.042886243178,0.1518835875,0.4207330626952262,0.3333333333333333,0.0,0.9825433551399432,0.971941696370032,0.3856183586177324,0.4350677799141064,49.51632319764878,High,1000000,100,0.08,0.12,0.9825433551399432,0.971941696370032,0.5666285592359577,0.8135270220858712,0.1125410808834348,11.254108088343484,112541.08088343484,0.35,39389.37830920219,73151.70257423265,30,1313,13.13,Street trees + green roofs + cool roofs + shaded corridors,Moderate,Nyayanga Badavane,,Nyayanga Badavane,,Bengaluru,Bengaluru North City Corporation,Yelahanka taluku,Bengaluru Urban,,"Nyayanga Badavane, Bengaluru North City Corporation, Bengaluru, Yelahanka taluku, Bengaluru Urban, Karnataka, India",32
8416_1433,8416,1433,12.877290693496228,77.5888614007564,12.872799137621271,12.881782249371184,77.5842520701914,77.5934707313214,4,3,Moderate,7,36.22333238188574,35.62079893340003,31.020383274800025,43.18709890640002,5.295248541961645,0.2857142857142857,0.0,0.3308436028812252,0.3078128511671931,-0.040711857011989,-0.3854918706965066,0.0590899333327482,0.6090131826422969,0.1574014385781216,924.8617637986237,3172.8980057849635,36.78436310248768,Low,Historical support + V5,38.456832668,37.82325566322501,43.69604208440001,0.5,0.0,0.2132473231118712,0.1235324156103765,0.040086860070005,0.5904753456125036,2757.999059678172,0.18457257625,54.44660557434007,High,Reliable Multi-Date Observation,Moderate,38.456832668,37.82325566322501,43.69604208440001,0.5,0.0,0.2132473231118712,0.1235324156103765,0.040086860070005,0.5904753456125036,2757.999059678172,0.18457257625,0.5864267580752699,0.5,0.0,0.9711452663538984,0.7666942474146937,0.1359490272426568,0.279077557234217,54.40205713409788,High,1000000,100,0.08,0.12,0.9711452663538984,0.7666942474146937,0.6383501826900421,0.7869144781535548,0.1114765791261421,11.14765791261422,111476.57912614218,0.5,55738.28956307109,55738.28956307109,30,1858,18.58,Tree canopy expansion + parks + connected green corridors,Moderate,Kothanur,,Kothanur,,Bengaluru,Bengaluru South City Corporation,Bangalore South,Bengaluru Urban,,"Kothanur, Bengaluru South City Corporation, Bengaluru, Bangalore South, Bengaluru Urban, Karnataka, India",2
8416_1436,8416,1436,12.904240028745958,77.5888614007564,12.899748472871002,12.908731584620911,77.5842520701914,77.5934707313214,6,2,Limited,7,36.79707877764288,36.05589578930002,30.66444776210004,43.24609393160004,5.083587255266043,0.2857142857142857,0.0,0.2348604566218888,0.183713738188653,-0.0051365867159486,-0.2852397894632704,0.0329125985527273,0.7217918476165339,0.1453718939830761,903.8033216535212,9187.412067603933,39.66634895398979,Low,Limited historical support + V5,,,,,,,,,,,,,,Limited Observation + V5,Limited,36.05589578930002,36.79707877764288,43.24609393160004,0.2857142857142857,0.0,0.2348604566218888,0.183713738188653,0.0329125985527273,0.7217918476165339,9187.412067603933,0.1453718939830761,0.4599986861062932,0.2857142857142857,0.0,0.9838614745018442,0.9444556422127296,0.4528717038844631,0.4661412563528094,49.74036106688726,High,1000000,100,0.08,0.12,0.9838614745018442,0.9444556422127296,0.5699173915600232,0.8084323832528372,0.1123372953301134,11.233729533011347,112337.29533011348,0.35,39318.05336553972,73019.24196457377,30,1311,13.11,Street trees + green roofs + cool roofs + shaded corridors,Limited,Doresanipalya,,Doresanipalya,,Bengaluru,Bengaluru South City Corporation,Bangalore South,Bengaluru Urban,,"Doresanipalya, Bengaluru South City Corporation, Bengaluru, Bangalore South, Bengaluru Urban, Karnataka, India",2
8416_1442,8416,1442,12.95813869924542,77.5888614007564,12.953647143370464,12.962630255120374,77.5842520701914,77.5934707313214,3,3,Moderate,7,37.28156113965718,36.51090261170005,31.23093330680004,43.79002054430002,4.994642192394313,0.2857142857142857,0.0,0.2230262646885226,0.1662405932603873,0.0316789787565127,-0.2603277605835105,0.033252474504326,0.7136007860290382,0.137159783211628,897.4537002880209,4434.6285476345165,41.41890943076006,Moderate,Historical support + V5,42.03045802849999,39.34887322430002,44.7377691299,0.6666666666666666,0.3333333333333333,0.1425848265345025,0.0733167082294264,0.0261756612453609,0.725054744631052,5053.711507397311,0.1546895774999999,71.09951704809899,Very High,Reliable Multi-Date Observation,Moderate,42.03045802849999,39.34887322430002,44.7377691299,0.6666666666666666,0.3333333333333333,0.1425848265345025,0.0733167082294264,0.0261756612453609,0.725054744631052,5053.711507397311,0.1546895774999999,0.7746060343718172,0.6666666666666666,0.3333333333333333,0.9958025358743378,0.9488725823195052,0.2491107315590803,0.4216777356920279,71.01788722872018,Very High,1000000,100,0.12,0.18,0.9958025358743378,0.9488725823195052,0.8822673351434294,0.9386559671932664,0.1763193580315959,17.6319358031596,176319.358031596,0.35,61711.7753110586,114607.5827205374,30,2058,20.58,Street trees + pocket parks + green roofs + cool roofs + reflective pavement,Moderate,SilverJubilee Park Ward,,SilverJubilee Park Ward,,Bengaluru,Bengaluru Central City Corporation,Bangalore North,Bengaluru Urban,,"SilverJubilee Park Ward, Bengaluru Central City Corporation, Bengaluru, Bangalore North, Bengaluru Urban, Karnataka, India",29
8416_1446,8416,1446,12.99407114624506,77.5888614007564,12.989579590370104,12.998562702120015,77.5842520701914,77.5934707313214,3,3,Moderate,7,35.72906227545717,35.231264284100014,30.145917038000007,42.47861172080005,5.289301302954039,0.0,0.0,0.3877048022738082,0.3461239819753307,-0.0764355406848414,-0.4124182214990214,0.0995326365404487,0.5856098843634112,0.1436077811496849,932.0830347831636,2979.4115031344104,24.97982607768175,Low,Historical support + V5,40.22533330610004,38.72543776970002,43.18844902430001,0.3333333333333333,0.0,0.320593205410096,0.2946236559139785,0.0390643740538507,0.6015619495883584,2343.074902771996,0.1687924574999999,53.51850689123496,High,Reliable Multi-Date Observation,Moderate,40.22533330610004,38.72543776970002,43.18844902430001,0.3333333333333333,0.0,0.320593205410096,0.2946236559139785,0.0390643740538507,0.6015619495883584,2343.074902771996,0.1687924574999999,0.6795521242331499,0.3333333333333333,0.0,0.9729575985331018,0.7817020351355464,0.115496324290156,0.354379496261854,53.48066049243987,High,1000000,100,0.08,0.12,0.9729575985331018,0.7817020351355464,0.6248242592884736,0.7858903719858616,0.1114356148794344,11.143561487943446,111435.61487943446,0.5,55717.80743971723,55717.80743971723,30,1858,18.58,Street trees + green roofs + cool roofs + shaded corridors,Moderate,Vasanth Nagar,,Vasanth Nagar,,Bengaluru,Bengaluru Central City Corporation,Bangalore North,Bengaluru Urban,560052.0,"Vasanth Nagar, Bengaluru Central City Corporation, Bengaluru, Bangalore North, Bengaluru Urban, Karnataka, 560052, India",30
8416_1447,8416,1447,13.00305425799497,77.5888614007564,12.998562702120015,13.007545813869925,77.5842520701914,77.5934707313214,5,4,Moderate,7,35.51797268458573,35.308135553900016,29.58907030970001,42.10623553190001,5.009082490070385,0.0,0.0,0.4202187274416056,0.4239488394890706,-0.0823515574549944,-0.4631308950509269,0.1967040508244443,0.3867522226951473,0.1531015132840376,931.6499169906632,1451.327224018494,23.301174753018262,Low,Historical support + V5,40.62647213330002,37.04762745626003,42.44439734060002,0.4,0.0,0.4933842494891634,0.4216142270861833,0.0642052004113793,0.5373362451791763,1769.1806012954132,0.162537775,54.279550313280446,High,Reliable Multi-Date Observation,Moderate,40.62647213330002,37.04762745626003,42.44439734060002,0.4,0.0,0.4933842494891634,0.4216142270861833,0.0642052004113793,0.5373362451791763,1769.1806012954132,0.162537775,0.7006752153750755,0.4,0.0,0.9283960809185332,0.6947605569250457,0.0872075648172106,0.3842265289562194,54.25097371314788,High,1000000,100,0.08,0.12,0.9283960809185332,0.6947605569250457,0.6361323074703762,0.7530816905408985,0.1101232676216359,11.012326762163593,110123.26762163594,0.5,55061.63381081797,55061.63381081797,30,1836,18.36,Tree canopy expansion + parks + connected green corridors,Moderate,Rajamahal,,Rajamahal,,Bengaluru,Bengaluru West City Corporation,Bangalore North,Bengaluru Urban,,"Rajamahal, Bengaluru West City Corporation, Bengaluru, Bangalore North, Bengaluru Urban, Karnataka, India",30
8416_1449,8416,1449,13.021020481494787,77.5888614007564,13.016528925619834,13.025512037369744,77.5842520701914,77.5934707313214,6,5,High,7,36.49941562305717,35.84095360160002,29.98349272760004,43.19514834350003,5.259098447778116,0.2857142857142857,0.0,0.2688970656176666,0.2083948978197251,-0.0098580320991922,-0.3084431303879703,0.0398472494250431,0.7125034729553764,0.1429301918744232,923.9255492789828,6075.946773498044,38.706873300369566,Low,Strong historical support + V5,36.10107346865002,36.73837753940001,42.72047081599999,0.3333333333333333,0.0,0.1454352085908703,0.0715749291639782,0.0271593475481494,0.744657643372193,6266.162763918015,0.1369502349999999,51.0468719709856,Moderate,Reliable Multi-Date Observation,High,36.10107346865002,36.73837753940001,42.72047081599999,0.3333333333333333,0.0,0.1454352085908703,0.0715749291639782,0.0271593475481494,0.744657643372193,6266.162763918015,0.1369502349999999,0.4623776436486283,0.3333333333333333,0.0,0.9940589752655676,0.9754087645139026,0.3088756427633505,0.5063289926621545,50.94565809404224,High,1000000,100,0.08,0.12,0.9940589752655676,0.9754087645139026,0.5876109173754638,0.8268171994216098,0.1130726879768643,11.307268797686438,113072.68797686438,0.35,39575.44079190253,73497.24718496186,30,1320,13.2,Street trees + green roofs + cool roofs + shaded corridors,Strong,Gangenahalli,,Gangenahalli,,Bengaluru,Bengaluru North City Corporation,Bangalore North,Bengaluru Urban,560006.0,"Gangenahalli, Bengaluru North City Corporation, Bengaluru, Bangalore North, Bengaluru Urban, Karnataka, 560006, India",25
8416_1462,8416,1462,13.13780093424362,77.5888614007564,13.133309378368669,13.142292490118576,77.5842520701914,77.5934707313214,5,4,Moderate,7,37.625562879671456,36.63849729829997,32.04167056070002,44.33299011140004,5.144207150780842,0.2857142857142857,0.1428571428571428,0.3603962722994707,0.3342911042123676,0.0269041035152259,-0.4306386100205432,0.0856700933735238,0.2753750506301254,0.1533273065389035,908.0735652260342,7446.640845912457,39.69393835040034,Low,Historical support + V5,41.752043209400014,40.08849287540003,46.47853253570004,0.6,0.2,0.300991905141945,0.2576702419555999,0.0496505780611187,0.1067766512278467,7045.565981523414,0.1683945875,58.86211061206896,High,Reliable Multi-Date Observation,Moderate,41.752043209400014,40.08849287540003,46.47853253570004,0.6,0.2,0.300991905141945,0.2576702419555999,0.0496505780611187,0.1067766512278467,7045.565981523414,0.1683945875,0.7599453204235768,0.6,0.2,0.9541938033565752,0.1119177854802557,0.3472944772047281,0.3562781120426078,58.74830746409515,Very High,1000000,100,0.12,0.18,0.9541938033565752,0.1119177854802557,0.7021522917815184,0.6428081942574725,0.1585684916554483,15.856849165544832,158568.49165544834,0.85,134783.21790713107,23785.273748317268,30,4493,44.93,Large canopy expansion + urban forest + park restoration + shaded corridors,Moderate,Gantiganahalli,,,,,,Yelahanka taluku,Bengaluru Urban,560064.0,"Gantiganahalli, Yelahanka taluku, Bengaluru Urban, Karnataka, 560064, India",33
8416_1463,8416,1463,13.146784045993533,77.5888614007564,13.142292490118576,13.151275601868488,77.5842520701914,77.5934707313214,0,0,Prediction Only,7,38.09615343182859,36.5161492724,32.26690098860002,44.5434888731,5.019898141613269,0.2857142857142857,0.2857142857142857,0.3109286741099371,0.2767145594206828,0.0490645858722104,-0.4094453777255102,0.0587501510207803,0.5674043528580068,0.1672147448269993,919.658829835572,9633.346977161762,44.26381257832762,Very High,V5 prediction only,,,,,,,,,,,,,,V5 Prediction Only,Prediction Only,36.5161492724,38.09615343182859,44.5434888731,0.2857142857142857,0.2857142857142857,0.3109286741099371,0.2767145594206828,0.0587501510207803,0.5674043528580068,9633.346977161762,0.1672147448269993,0.4842346254188019,0.2857142857142857,0.2857142857142857,0.93806502640388,0.7354633526769642,0.474853008394046,0.361908262387611,50.13645403930019,High,1000000,100,0.08,0.12,0.93806502640388,0.7354633526769642,0.5757319593178525,0.7424813811377401,0.1096992552455096,10.96992552455096,109699.2552455096,0.5,54849.6276227548,54849.6276227548,30,1829,18.29,Tree canopy expansion + parks + connected green corridors,Model Only,Gantiganahalli,,,,,,Yelahanka taluku,Bengaluru Urban,560064.0,"Gantiganahalli, Yelahanka taluku, Bengaluru Urban, Karnataka, 560064, India",33
8417_1434,8417,1434,12.886273805246136,77.5980800618864,12.881782249371184,12.890765361121092,77.5934707313214,77.60268939245141,7,4,Moderate,7,36.850851556571456,36.24151136540001,30.94217897720003,43.44298897370002,5.086656960159928,0.2857142857142857,0.0,0.2224978806716738,0.1773299761465257,-0.0033801582853137,-0.2689892527100718,0.0314752561265133,0.6781155794178148,0.151064616051652,912.9283784550364,5142.096459988593,39.97794078436802,Low,Historical support + V5,35.448411094700035,37.91512532685716,47.37853138189999,0.4285714285714285,0.1428571428571428,0.1826936207684084,0.1043313310148593,0.0306420922279357,0.7336815411690623,5011.985634456667,0.1335560199999999,53.33580307227434,High,Reliable Multi-Date Observation,Moderate,35.448411094700035,37.91512532685716,47.37853138189999,0.4285714285714285,0.1428571428571428,0.1826936207684084,0.1043313310148593,0.0306420922279357,0.7336815411690623,5011.985634456667,0.1335560199999999,0.4280098740011935,0.4285714285714285,0.1428571428571428,0.987885893037152,0.9605505615668394,0.2470539535419794,0.5225260172236261,53.25484722794664,High,1000000,100,0.08,0.12,0.987885893037152,0.9605505615668394,0.6215093645075491,0.8345014487577326,0.1133800579503093,11.33800579503093,113380.0579503093,0.35,39683.02028260825,73697.03766770105,30,1323,13.23,Street trees + green roofs + cool roofs + shaded corridors,Moderate,Arakere,,Arakere,,Bengaluru,Bengaluru South City Corporation,Bangalore South,Bengaluru Urban,,"Arakere, Bengaluru South City Corporation, Bengaluru, Bangalore South, Bengaluru Urban, Karnataka, India",2
8417_1436,8417,1436,12.904240028745958,77.5980800618864,12.899748472871002,12.908731584620911,77.5934707313214,77.60268939245141,4,4,Moderate,7,36.14023299135717,35.75083750430002,30.41843577260004,42.83121466400004,5.351062017606212,0.2857142857142857,0.0,0.2731932239789912,0.2295163138360523,-0.024245401353188,-0.3110779782184176,0.035641664760888,0.7184712530488032,0.1344011706464273,898.9036963497452,5978.757193740347,38.40322605354552,Low,Historical support + V5,38.73408536030003,37.71390465837503,42.38442817970002,0.5,0.0,0.246869132100537,0.1138669489220946,0.0311453521717339,0.7147165156202391,5050.0,0.1134361124999999,59.10336989343242,High,Reliable Multi-Date Observation,Moderate,38.73408536030003,37.71390465837503,42.38442817970002,0.5,0.0,0.246869132100537,0.1138669489220946,0.0311453521717339,0.7147165156202391,5050.0,0.1134361124999999,0.6010262769741926,0.5,0.0,0.986993876739384,0.9348778597929548,0.2489277815981303,0.618537211550455,59.021800023989,Very High,1000000,100,0.12,0.18,0.986993876739384,0.9348778597929548,0.7061671093408342,0.8616341655433567,0.1716980499326014,17.16980499326014,171698.0499326014,0.35,60094.31747641048,111603.73245619092,30,2004,20.04,Street trees + pocket parks + green roofs + cool roofs + reflective pavement,Moderate,J.P Nagar,,J.P Nagar,,Bengaluru,Bengaluru South City Corporation,Bangalore South,Bengaluru Urban,,"J.P Nagar, Bengaluru South City Corporation, Bengaluru, Bangalore South, Bengaluru Urban, Karnataka, India",2
8417_1437,8417,1437,12.913223140495868,77.5980800618864,12.908731584620911,12.917714696370822,77.5934707313214,77.60268939245141,5,4,Moderate,7,36.02291189630002,35.670770385800026,30.34510215350004,42.80639983880003,5.379757131905373,0.2857142857142857,0.0,0.2743924662832637,0.2319478979304076,-0.0273496390776059,-0.3232734876421748,0.0369227018247338,0.7116602391653352,0.1340457143406212,912.9738586195298,6357.19765196649,38.01230577840367,Low,Historical support + V5,43.12661704250005,40.515841079960026,44.31417391130001,0.6,0.2,0.1721663770848135,0.0820388349514563,0.027404353255406,0.7244052460882813,5860.034129593445,0.1502842975,70.10655915250861,Very High,Reliable Multi-Date Observation,Moderate,43.12661704250005,40.515841079960026,44.31417391130001,0.6,0.2,0.1721663770848135,0.0820388349514563,0.027404353255406,0.7244052460882813,5860.034129593445,0.1502842975,0.8323273647161954,0.6,0.2,0.9936247084684336,0.9479933648173616,0.2888564942512924,0.4426995119672957,70.01190524777893,Very High,1000000,100,0.12,0.18,0.9936247084684336,0.9479933648173616,0.8674997154209562,0.9317668753366746,0.1759060125202004,17.590601252020047,175906.01252020046,0.35,61567.10438207015,114338.9081381303,30,2053,20.53,Street trees + pocket parks + green roofs + cool roofs + reflective pavement,Moderate,JP Nagar,,JP Nagar,,Bengaluru,Bengaluru South City Corporation,Bangalore South,Bengaluru Urban,,"JP Nagar 3rd Phase, JP Nagar, Bengaluru South City Corporation, Bengaluru, Bangalore South, Bengaluru Urban, Karnataka, India",2
8417_1443,8417,1443,12.967121810995328,77.5980800618864,12.962630255120374,12.971613366870285,77.5934707313214,77.60268939245141,3,3,Moderate,7,35.80284023715716,35.42368172000002,30.088819013900007,42.58662115280004,5.212841049000937,0.0,0.0,0.3290306624074278,0.2826628968978067,-0.0464962242393033,-0.3569733735716064,0.0452271585685979,0.697289327794161,0.1352958967069789,912.4066349130924,7988.211950002276,26.87239838278597,Low,Historical support + V5,35.31057943820004,35.93035761140003,42.64922218910003,0.3333333333333333,0.0,0.2402217305761239,0.1203025289529662,0.0333434643689543,0.7079285292420536,7602.631123499284,0.136184525,49.50573347047112,Moderate,Reliable Multi-Date Observation,Moderate,35.31057943820004,35.93035761140003,42.64922218910003,0.3333333333333333,0.0,0.2402217305761239,0.1203025289529662,0.0333434643689543,0.7079285292420536,7602.631123499284,0.136184525,0.4207519611663419,0.3333333333333333,0.0,0.9830977750758082,0.925689053298404,0.3747536831448669,0.509982922562577,49.38293235598198,High,1000000,100,0.08,0.12,0.9830977750758082,0.925689053298404,0.5646704076373049,0.8013746476560559,0.1120549859062422,11.205498590624224,112054.98590624223,0.35,39219.245067184784,72835.74083905746,30,1308,13.08,Street trees + green roofs + cool roofs + shaded corridors,Moderate,Ashokanagar,,Ashokanagar,,Bengaluru,Bengaluru Central City Corporation,Bangalore North,Bengaluru Urban,,"Ashokanagar, Bengaluru Central City Corporation, Bengaluru, Bangalore North, Bengaluru Urban, Karnataka, India",29
8417_1446,8417,1446,12.99407114624506,77.5980800618864,12.989579590370104,12.998562702120015,77.5934707313214,77.60268939245141,3,3,Moderate,7,35.69698415775716,35.44335242510002,30.1575895763,42.021024293300016,5.077391943975335,0.0,0.0,0.3731793791319078,0.386587784658245,-0.0667735494863738,-0.3946745797158219,0.090823881443484,0.6336674109672094,0.1493715127625667,927.2310819439532,5023.008976193924,26.315486464652963,Low,Historical support + V5,39.98935320530001,37.262878405100025,41.77096195010003,0.3333333333333333,0.0,0.4718424185576679,0.3063487662877738,0.0500935651361942,0.6519005158916116,5846.3663928973865,0.149804835,54.906971738350485,High,Reliable Multi-Date Observation,Moderate,39.98935320530001,37.262878405100025,41.77096195010003,0.3333333333333333,0.0,0.4718424185576679,0.3063487662877738,0.0500935651361942,0.6519005158916116,5846.3663928973865,0.149804835,0.6671259295123014,0.3333333333333333,0.0,0.9534086192871146,0.8498446799794142,0.2881827755631306,0.4449874830854496,54.81253860104614,High,1000000,100,0.08,0.12,0.9534086192871146,0.8498446799794142,0.6443759707477398,0.8039045750444396,0.1121561830017775,11.215618300177756,112156.18300177756,0.5,56078.09150088878,56078.09150088878,30,1870,18.7,Street trees + green roofs + cool roofs + shaded corridors,Moderate,S.K Garden,,S.K Garden,,Bengaluru,Bengaluru North City Corporation,Bangalore North,Bengaluru Urban,,"S.K Garden, Bengaluru North City Corporation, Bengaluru, Bangalore North, Bengaluru Urban, Karnataka, India",30
8417_1449,8417,1449,13.021020481494787,77.5980800618864,13.016528925619834,13.025512037369744,77.5934707313214,77.60268939245141,5,5,High,7,36.25872353754288,35.61695366090003,30.61647585140002,42.497633002100045,4.887790546083423,0.0,0.0,0.2847716699225612,0.2858086239828654,-0.0228011216445339,-0.3437105583651119,0.0538848149876162,0.6945586131534877,0.1429641865932223,915.9768294845863,7714.170437338013,27.62431425270756,Low,Strong historical support + V5,38.49364474340001,38.036029971740014,42.740466233000014,0.4,0.0,0.2424023307241392,0.1517063378262116,0.0320467688143253,0.6951736668124795,7409.453421137081,0.1422904325,55.86619499462071,High,Reliable Multi-Date Observation,High,38.49364474340001,38.036029971740014,42.740466233000014,0.4,0.0,0.2424023307241392,0.1517063378262116,0.0320467688143253,0.6951736668124795,7409.453421137081,0.1422904325,0.5883652012552174,0.4,0.0,0.9853961371493776,0.9084229663913024,0.3652314461343229,0.4808458367422697,55.74651417319316,Very High,1000000,100,0.12,0.18,0.9853961371493776,0.9084229663913024,0.6580865504011063,0.8352290097605503,0.170113740585633,17.011374058563298,170113.740585633,0.5,85056.8702928165,85056.8702928165,30,2836,28.36,Street-tree corridors + pocket parks + green roofs + shaded public spaces,Strong,Jaya Chamarajendra Nagara,,Jaya Chamarajendra Nagara,,Bengaluru,Bengaluru North City Corporation,Bangalore North,Bengaluru Urban,,"Jaya Chamarajendra Nagara, Bengaluru North City Corporation, Bengaluru, Bangalore North, Bengaluru Urban, Karnataka, India",25
8417_1462,8417,1462,13.13780093424362,77.5980800618864,13.133309378368669,13.142292490118576,77.5934707313214,77.60268939245141,5,4,Moderate,7,39.49035158261432,40.31750021540002,33.749877326000025,46.651227996200014,4.832609752911835,0.2857142857142857,0.1428571428571428,0.3520878339666339,0.3035281744395184,0.1092434213033025,-0.4303434367953883,0.1008965608264348,0.1421453698485415,0.1520887872316358,919.0050927700398,6148.708133026792,53.19444001707426,Very High,Historical support + V5,41.354527483400034,39.75401569226003,46.01882593580002,0.6,0.2,0.3502779630865021,0.3121248499399759,0.0311516898218542,0.2115079201757908,6264.18390534633,0.1595248474999999,60.15013387494973,High,Reliable Multi-Date Observation,Moderate,41.354527483400034,39.75401569226003,46.01882593580002,0.6,0.2,0.3502779630865021,0.3121248499399759,0.0311516898218542,0.2115079201757908,6264.18390534633,0.1595248474999999,0.7390130138471799,0.6,0.2,0.9869826434050673,0.2536911053832133,0.3087780996199157,0.39860406859924,60.04895196141932,Very High,1000000,100,0.12,0.18,0.9869826434050673,0.2536911053832133,0.721245499905027,0.6973649014995876,0.1618418940899752,16.184189408997522,161841.89408997525,0.85,137565.60997647897,24276.28411349628,30,4586,45.86,Large canopy expansion + urban forest + park restoration + shaded corridors,Moderate,Suggatta,,,,,,Yelahanka taluku,Bengaluru Urban,562157.0,"Suggatta, Yelahanka taluku, Bengaluru Urban, Karnataka, 562157, India",33
8418_1437,8418,1437,12.913223140495868,77.60729872301643,12.908731584620911,12.917714696370822,77.60268939245141,77.61190805358143,4,3,Moderate,7,35.877555712914315,35.32760117780002,30.12062369000003,42.83789689310002,5.45939952922475,0.2857142857142857,0.0,0.2710716066569317,0.2319945754134964,-0.0292255408548378,-0.314617039241394,0.0369641672257054,0.723603992956686,0.1312352410517065,907.4986737870838,3266.420350279009,36.74817287084261,Low,Historical support + V5,42.85469646140001,40.44727388975001,43.14830437940002,0.75,0.0,0.2930772907160132,0.236992381455454,0.0301566157722844,0.7473335071699694,3041.6822028017223,0.1105505374999999,71.87209332915357,Very High,Reliable Multi-Date Observation,Moderate,42.85469646140001,40.44727388975001,43.14830437940002,0.75,0.0,0.2930772907160132,0.236992381455454,0.0301566157722844,0.7473335071699694,3041.6822028017223,0.1105505374999999,0.8180086231023899,0.75,0.0,0.988746388524544,0.9790310455960448,0.1499325154593954,0.6323070314201358,71.82296271129796,Very High,1000000,100,0.12,0.18,0.988746388524544,0.9790310455960448,0.8940856865650634,0.948453272008627,0.1769071963205176,17.69071963205176,176907.1963205176,0.35,61917.518712181154,114989.67760833644,30,2064,20.64,Street trees + pocket parks + green roofs + cool roofs + reflective pavement,Moderate,Viswamanava Kuvempu Ward,,Viswamanava Kuvempu Ward,,Bengaluru,Bengaluru South City Corporation,Bangalore South,Bengaluru Urban,,"Viswamanava Kuvempu Ward, Bengaluru South City Corporation, Bengaluru, Bangalore South, Bengaluru Urban, Karnataka, India",2
8418_1450,8418,1450,13.0300035932447,77.60729872301643,13.025512037369744,13.034495149119657,77.60268939245141,77.61190805358143,4,4,Moderate,7,37.1883273198286,36.19371035570001,30.659491633100032,43.74283477820001,5.169294871800038,0.2857142857142857,0.0,0.197422450126272,0.1561721499071286,0.0260523073568185,-0.2561328936784423,0.0284210431502869,0.7216735070160492,0.1540478820383649,909.8932391538044,5104.0217701125885,40.22079861931492,Moderate,Historical support + V5,36.11252383565004,37.00514830370003,44.82737252420001,0.25,0.25,0.1747082012251618,0.1009478162844527,0.02694277476985,0.7219823086052202,5679.280844865014,0.1440511749999999,50.85688124460529,Moderate,Reliable Multi-Date Observation,Moderate,36.11252383565004,37.00514830370003,44.82737252420001,0.25,0.25,0.1747082012251618,0.1009478162844527,0.02694277476985,0.7219823086052202,5679.280844865014,0.1440511749999999,0.4629805948698753,0.25,0.25,0.9944428453714176,0.94471346670917,0.2799466894623769,0.4724436614178059,50.76514694816014,High,1000000,100,0.08,0.12,0.9944428453714176,0.94471346670917,0.5849610488802442,0.8182177821093863,0.1127287112843754,11.272871128437544,112728.71128437544,0.35,39455.0489495314,73273.66233484403,30,1316,13.16,Street trees + green roofs + cool roofs + shaded corridors,Moderate,Manorayanapalya,,Manorayanapalya,,Bengaluru,Bengaluru North City Corporation,Bangalore North,Bengaluru Urban,,"Manorayanapalya, Bengaluru North City Corporation, Bengaluru, Bangalore North, Bengaluru Urban, Karnataka, India",25
8418_1452,8418,1452,13.04796981674452,77.60729872301643,13.043478260869565,13.052461372619476,77.60268939245141,77.61190805358143,6,4,Moderate,7,36.672806894771455,35.57638176350002,30.920645451200027,44.21371830350003,5.257525834502442,0.1428571428571428,0.1428571428571428,0.2899072059651326,0.2506357193480311,-0.0178245321787369,-0.3555412212626294,0.0573190067791434,0.5246614795953067,0.1511070010626246,895.5715537673327,934.437848203515,32.90462455014436,Low,Historical support + V5,37.40197188065001,38.66914298030001,43.313138393900026,0.3333333333333333,0.0,0.2299715064352241,0.1775647940088086,0.0373859268729574,0.6255113569786772,653.5533905932738,0.1467330299999999,49.509808993687365,Moderate,Reliable Multi-Date Observation,Moderate,37.40197188065001,38.66914298030001,43.313138393900026,0.3333333333333333,0.0,0.2299715064352241,0.1775647940088086,0.0373859268729574,0.6255113569786772,653.5533905932738,0.1467330299999999,0.5308801017997632,0.3333333333333333,0.0,0.9759326062974788,0.8141220280330026,0.0322153654804594,0.4596459832196641,49.499252505619054,High,1000000,100,0.08,0.12,0.9759326062974788,0.8141220280330026,0.5663779647988102,0.7716581051318923,0.1108663242052756,11.086632420527568,110866.32420527568,0.5,55433.16210263784,55433.16210263784,30,1848,18.48,Street trees + green roofs + cool roofs + shaded corridors,Moderate,Kempapura,,Kempapura,,Bengaluru,Bengaluru North City Corporation,Bangalore North,Bengaluru Urban,560024.0,"Kempapura, Bengaluru North City Corporation, Bengaluru, Bangalore North, Bengaluru Urban, Karnataka, 560024, India",34
8418_1454,8418,1454,13.06593604024434,77.60729872301643,13.061444484369384,13.070427596119297,77.60268939245141,77.61190805358143,3,3,Moderate,7,36.70070770374288,35.747761286300026,31.369089675200023,43.71437976170002,4.94704490188594,0.1428571428571428,0.0,0.2998289822122887,0.2533109895872708,-0.0301454812274939,-0.3476738432605752,0.042079538788792,0.6600118194318496,0.1552608835778171,893.246316289929,1792.287086186813,32.80622919346238,Low,Historical support + V5,38.89592860730002,40.64431419770003,47.42224785770004,0.3333333333333333,0.3333333333333333,0.1828669683710046,0.1049468331021729,0.0279322753194719,0.7238339281175286,1749.28556845359,0.15999683,56.75680740916192,High,Reliable Multi-Date Observation,Moderate,38.89592860730002,40.64431419770003,47.42224785770004,0.3333333333333333,0.3333333333333333,0.1828669683710046,0.1049468331021729,0.0279322753194719,0.7238339281175286,1749.28556845359,0.15999683,0.6095485875192691,0.3333333333333333,0.3333333333333333,0.9926889791482256,0.9472199793113188,0.0862268863241141,0.3963517916677296,56.72855216254054,Very High,1000000,100,0.12,0.18,0.9926889791482256,0.9472199793113188,0.672502676986331,0.8532472083242411,0.1711948324994544,17.119483249945443,171194.83249945444,0.35,59918.19137480905,111276.6411246454,30,1998,19.98,Street trees + pocket parks + green roofs + cool roofs + reflective pavement,Moderate,Amruthahalli,,Amruthahalli,,Bengaluru,Bengaluru North City Corporation,Yelahanka taluku,Bengaluru Urban,,"Amruthahalli, Bengaluru North City Corporation, Bengaluru, Yelahanka taluku, Bengaluru Urban, Karnataka, India",35
8418_1462,8418,1462,13.13780093424362,77.60729872301643,13.133309378368669,13.142292490118576,77.60268939245141,77.61190805358143,6,3,Moderate,7,39.40214957651431,40.27007518790001,33.73541910140004,46.29095159810003,4.52611907076751,0.2857142857142857,0.1428571428571428,0.2938194658160393,0.2453175761056384,0.1045544534473506,-0.3814744875822523,0.0530395076840905,0.2945796773228935,0.1546567586630944,925.2284984206992,3087.213855748375,54.52757751481615,Very High,Historical support + V5,39.40783691765002,39.520264140500025,47.2334193428,0.5,0.3333333333333333,0.2933851744205504,0.2236041199210618,0.0425276143942028,0.1882827328518032,3515.2058405868047,0.1533491725,54.71678943758253,High,Reliable Multi-Date Observation,Moderate,39.40783691765002,39.520264140500025,47.2334193428,0.5,0.3333333333333333,0.2933851744205504,0.2236041199210618,0.0425276143942028,0.1882827328518032,3515.2058405868047,0.1533491725,0.636504556781356,0.5,0.3333333333333333,0.9668190872830978,0.222251479516306,0.1732737409421909,0.4280740814471783,54.66001025313037,High,1000000,100,0.08,0.12,0.9668190872830978,0.222251479516306,0.64213688428139,0.6508043041407168,0.1060321721656286,10.603217216562868,106032.17216562868,0.85,90127.34634078437,15904.825824844302,30,3005,30.05,Tree canopy expansion + parks + connected green corridors,Moderate,Suggatta,,,,,,Yelahanka taluku,Bengaluru Urban,562157.0,"Suggatta, Yelahanka taluku, Bengaluru Urban, Karnataka, 562157, India",33
8419_1430,8419,1430,12.850341358246496,77.61651738414643,12.84584980237154,12.854832914121452,77.61190805358143,77.62112671471144,4,3,Moderate,7,38.74546004257145,36.455581958000025,32.38104576650004,46.91979891770001,5.788308304284412,0.2857142857142857,0.2857142857142857,0.2710799770569078,0.2148766947637174,0.0693400997434967,-0.3490492546961858,0.0577423138364141,0.5380893395953581,0.1657333468357188,922.0627610167684,3412.0119869948485,43.72647053042425,High,Historical support + V5,41.34180390395001,40.51587355115002,46.49967298940006,0.5,0.5,0.3804292553443563,0.3550536059830145,0.0346462384331971,0.5523375817574561,3164.5410960019035,0.1601585575,64.3217548227301,Very High,Reliable Multi-Date Observation,Moderate,41.34180390395001,40.51587355115002,46.49967298940006,0.5,0.5,0.3804292553443563,0.3550536059830145,0.0346462384331971,0.5523375817574561,3164.5410960019035,0.1601585575,0.7383430180498385,0.5,0.5,0.9807886389883156,0.7150676658816029,0.1559885534265088,0.3955800361101809,64.27063973281936,Very High,1000000,100,0.12,0.18,0.9807886389883156,0.7150676658816029,0.7832190548753838,0.8353305620664646,0.1701198337239878,17.011983372398788,170119.83372398786,0.5,85059.91686199393,85059.91686199393,30,2836,28.36,Street-tree corridors + pocket parks + green roofs + shaded public spaces,Moderate,Vittasandra,,,,,,Bangalore South,Bengaluru Urban,560100.0,"Vittasandra, Bangalore South, Bengaluru Urban, Karnataka, 560100, India",36
8419_1448,8419,1448,13.01203736974488,77.61651738414643,13.007545813869925,13.016528925619834,77.61190805358143,77.62112671471144,5,4,Moderate,7,37.80855146325717,35.83555313000004,31.460897692400035,46.01576680790001,5.46414493499868,0.2857142857142857,0.1428571428571428,0.1861029224192792,0.1356311422495856,0.0608991384212621,-0.2384303230300578,0.0292646951323551,0.6444016094074821,0.1554343027891079,913.3829856688182,9784.698284929524,40.14693848798838,Moderate,Historical support + V5,36.42649460780004,37.23452137184003,44.92786231220002,0.2,0.2,0.1757143865095604,0.1165105386416861,0.0267565250396728,0.718029702315107,8500.0,0.1639724225,49.8197664222344,Moderate,Reliable Multi-Date Observation,Moderate,36.42649460780004,37.23452137184003,44.92786231220002,0.2,0.2,0.1757143865095604,0.1165105386416861,0.0267565250396728,0.718029702315107,8500.0,0.1639724225,0.4795136073491658,0.2,0.2,0.9947729685946552,0.939362876368312,0.4189873551651699,0.3773804626950798,49.68247060237917,High,1000000,100,0.08,0.12,0.9947729685946552,0.939362876368312,0.5690675708061634,0.8106382864226727,0.1124255314569069,11.242553145690689,112425.5314569069,0.35,39348.936009917416,73076.5954469895,30,1312,13.12,Street trees + green roofs + cool roofs + shaded corridors,Moderate,Venkateshpuram,,Venkateshpuram,,Bengaluru,Bengaluru North City Corporation,Bangalore North,Bengaluru Urban,,"Venkateshpuram, Bengaluru North City Corporation, Bengaluru, Bangalore North, Bengaluru Urban, Karnataka, India",37
8419_1452,8419,1452,13.04796981674452,77.61651738414643,13.043478260869565,13.052461372619476,77.61190805358143,77.62112671471144,5,4,Moderate,7,37.35930400455717,35.950569503000025,31.66630360430004,44.44445174360001,5.062939245665176,0.2857142857142857,0.1428571428571428,0.25062305324794,0.2034011054600838,0.009204773431393,-0.3106038377290527,0.0351809088430437,0.6363381739583882,0.1610135437305546,884.9685643028706,2007.30511055272,40.53002072204538,Moderate,Historical support + V5,40.57732100570004,38.87445318764002,43.27806950870003,0.4,0.0,0.3694359887427489,0.4274776690769885,0.0382901579141616,0.7000420915428549,2716.6155414412247,0.1515145925,57.605260442991394,High,Reliable Multi-Date Observation,Moderate,40.57732100570004,38.87445318764002,43.27806950870003,0.4,0.0,0.3694359887427489,0.4274776690769885,0.0382901579141616,0.7000420915428549,2716.6155414412247,0.1515145925,0.6980870247596975,0.4,0.0,0.974329878252774,0.9150132879223636,0.1339091247893005,0.4368286056361247,57.561380447933296,Very High,1000000,100,0.12,0.18,0.974329878252774,0.9150132879223636,0.6847284341527686,0.8436601530301693,0.1706196091818101,17.061960918181015,170619.60918181014,0.35,59716.86321363354,110902.7459681766,30,1991,19.91,Street trees + pocket parks + green roofs + cool roofs + reflective pavement,Moderate,Kempapura,,Kempapura,,Bengaluru,Bengaluru North City Corporation,Bangalore North,Bengaluru Urban,560024.0,"Kempapura, Bengaluru North City Corporation, Bengaluru, Bangalore North, Bengaluru Urban, Karnataka, 560024, India",34
8419_1461,8419,1461,13.128817822493712,77.61651738414643,13.124326266618755,13.133309378368669,77.61190805358143,77.62112671471144,5,3,Moderate,7,36.60884109191432,36.05702373590003,31.35929704790002,43.25991982250006,4.998554714973834,0.2857142857142857,0.0,0.3911570714019321,0.3837848856684371,-0.0205585939816239,-0.4462649212794347,0.1562896658390126,0.4744582372799842,0.1410199320517802,925.843077534736,4174.465882618911,37.19756044272599,Low,Historical support + V5,38.345371035800014,38.209706403980014,43.11882395690003,0.4,0.0,0.4337692809755532,0.5228738102548357,0.094684668816626,0.4856049923691898,3765.634076752546,0.135459405,50.335758748314255,Moderate,Reliable Multi-Date Observation,Moderate,38.345371035800014,38.209706403980014,43.11882395690003,0.4,0.0,0.4337692809755532,0.5228738102548357,0.094684668816626,0.4856049923691898,3765.634076752546,0.135459405,0.5805574329036771,0.4,0.0,0.8743719470691552,0.6247326509588116,0.1856180073339277,0.5134431590090055,50.27493453445042,High,1000000,100,0.08,0.12,0.8743719470691552,0.6247326509588116,0.5777648260392275,0.6933192746295982,0.1077327709851839,10.773277098518392,107732.77098518392,0.7,75412.93968962875,32319.83129555518,30,2514,25.14,Tree canopy expansion + parks + connected green corridors,Moderate,Kogilu,,Kogilu,,Bengaluru,Bengaluru North City Corporation,Yelahanka taluku,Bengaluru Urban,,"Kogilu, Bengaluru North City Corporation, Bengaluru, Yelahanka taluku, Bengaluru Urban, Karnataka, India",33
8420_1425,8420,1425,12.805425799496946,77.62573604527645,12.80093424362199,12.8099173553719,77.62112671471144,77.63034537584146,4,3,Moderate,7,37.62527478941431,36.5952764354,31.96698682370005,44.164481725400016,4.800306741214285,0.2857142857142857,0.0,0.3405912764602257,0.2857478507239279,0.0357423341778256,-0.4127868965113327,0.0679619164047443,0.5784112684944571,0.1589218558017953,905.2888569027936,4177.52781135566,40.40718792520029,Moderate,Historical support + V5,40.9020158156,41.194615417700014,46.34331566450003,0.5,0.5,0.309437913507933,0.2648832175371907,0.0276753047364763,0.7324454468325712,4133.736814802198,0.1523933,66.6902428777116,Very High,Reliable Multi-Date Observation,Moderate,40.9020158156,41.194615417700014,46.34331566450003,0.5,0.5,0.309437913507933,0.2648832175371907,0.0276753047364763,0.7324454468325712,4133.736814802198,0.1523933,0.7151847415544067,0.5,0.5,0.9931444534034368,0.958877277173764,0.203762759409749,0.4326354573058482,66.62347290299937,Very High,1000000,100,0.12,0.18,0.9931444534034368,0.958877277173764,0.817758187967141,0.9144231531715004,0.17486538919029,17.486538919029,174865.38919029,0.35,61202.886216601495,113662.5029736885,30,2041,20.41,Street trees + pocket parks + green roofs + cool roofs + reflective pavement,Moderate,Koppa,,,,,,Anekal,Bengaluru Urban,560105.0,"Koppa, Anekal, Bengaluru Urban, Karnataka, 560105, India",38
8420_1429,8420,1429,12.841358246496586,77.62573604527645,12.836866690621632,12.84584980237154,77.62112671471144,77.63034537584146,2,2,Limited,7,38.87670956912859,36.73206559580002,32.60714778950003,47.124760487,5.804888162127885,0.2857142857142857,0.2857142857142857,0.2590618725029231,0.2029650504383965,0.0684400254374938,-0.3412592346869865,0.0330513630946077,0.5637613444611186,0.1704092735145554,936.7935380961674,3299.55521529538,45.09790186727344,Very High,Limited historical support + V5,,,,,,,,,,,,,,Limited Observation + V5,Limited,36.73206559580002,38.87670956912859,47.124760487,0.2857142857142857,0.2857142857142857,0.2590618725029231,0.2029650504383965,0.0330513630946077,0.5637613444611186,3299.55521529538,0.1704092735145554,0.4956043056116755,0.2857142857142857,0.2857142857142857,0.9836155176470716,0.7305318608689358,0.1626437544562416,0.3466641309419978,49.4742199687369,High,1000000,100,0.08,0.12,0.9836155176470716,0.7305318608689358,0.5660104920285538,0.7533025932051306,0.1101321037282052,11.013210372820522,110132.10372820524,0.5,55066.05186410261,55066.05186410261,30,1836,18.36,Tree canopy expansion + parks + connected green corridors,Limited,Vittasandra,,,,,,Bangalore South,Bengaluru Urban,560100.0,"Vittasandra, Bangalore South, Bengaluru Urban, Karnataka, 560100, India",36
8420_1450,8420,1450,13.0300035932447,77.62573604527645,13.025512037369744,13.034495149119657,77.62112671471144,77.63034537584146,7,4,Moderate,7,37.04298578510002,36.18895930790004,31.127486931500016,43.591501942700006,5.059545326370444,0.2857142857142857,0.0,0.2828043645670914,0.2603212002197546,-0.0074697015856018,-0.3268497385097513,0.0433325825112013,0.6880122065189715,0.151301348382476,887.8758684066739,7179.461710586999,39.86503060518876,Low,Historical support + V5,42.06007517180004,39.02325229374287,44.651019782300025,0.5714285714285714,0.2857142857142857,0.2410210955504343,0.2420718816067653,0.028008833527565,0.7369788645301014,7566.372975210778,0.161376725,68.90214823653945,Very High,Reliable Multi-Date Observation,Moderate,42.06007517180004,39.02325229374287,44.651019782300025,0.5714285714285714,0.2857142857142857,0.2410210955504343,0.2420718816067653,0.028008833527565,0.7369788645301014,7566.372975210778,0.161376725,0.7761656082022966,0.5714285714285714,0.2857142857142857,0.9925532815426672,0.9650141041590756,0.3729664236560919,0.3897670016036789,68.77993277995566,Very High,1000000,100,0.12,0.18,0.9925532815426672,0.9650141041590756,0.8494145993273774,0.9284130143106534,0.1757047808586392,17.57047808586392,175704.7808586392,0.35,61496.67330052371,114208.10755811547,30,2050,20.5,Street trees + pocket parks + green roofs + cool roofs + reflective pavement,Moderate,HBR Layout,,HBR Layout,,Bengaluru,Bengaluru North City Corporation,Bangalore North,Bengaluru Urban,,"HBR Layout, Bengaluru North City Corporation, Bengaluru, Bangalore North, Bengaluru Urban, Karnataka, India",34
8420_1451,8420,1451,13.03898670499461,77.62573604527645,13.034495149119657,13.043478260869565,77.62112671471144,77.63034537584146,8,6,Very High,7,37.37222900304289,36.18157638470004,31.305275241800032,44.12373892700003,4.988086449479385,0.2857142857142857,0.0,0.2513253938115571,0.2193117949399979,0.0114568167787754,-0.3009596187147572,0.0444735900206383,0.6639583695075425,0.1523620305044972,884.7918233549526,5402.167480719195,39.59472617768179,Low,Strong historical support + V5,36.90135158135001,37.738781435187526,45.064617292400015,0.25,0.125,0.1971857774647756,0.1508905725170594,0.0275994153926148,0.7369157212087885,5150.342522058605,0.1514474787499999,50.72233142887145,Moderate,Reliable Multi-Date Observation,Very High,36.90135158135001,37.738781435187526,45.064617292400015,0.25,0.125,0.1971857774647756,0.1508905725170594,0.0275994153926148,0.7369157212087885,5150.342522058605,0.1514474787499999,0.504518534450562,0.25,0.125,0.9932789654630306,0.9649286278884054,0.2538739284131818,0.4371488691012157,50.63914078191837,High,1000000,100,0.08,0.12,0.9932789654630306,0.9649286278884054,0.5831113028798198,0.8221243160360899,0.1128849726414435,11.28849726414436,112884.9726414436,0.35,39509.74042450525,73375.23221693834,30,1317,13.17,Street trees + green roofs + cool roofs + shaded corridors,Strong,Hennur,,Hennur,,Bengaluru,Bengaluru North City Corporation,Bangalore North,Bengaluru Urban,,"Hennur, Bengaluru North City Corporation, Bengaluru, Bangalore North, Bengaluru Urban, Karnataka, India",34
8420_1452,8420,1452,13.04796981674452,77.62573604527645,13.043478260869565,13.052461372619476,77.62112671471144,77.63034537584146,4,3,Moderate,7,37.603733939085735,36.51567074960005,32.19397753190004,44.197192176800016,4.723866058644145,0.2857142857142857,0.1428571428571428,0.2236558669931672,0.1634842476713695,0.0323906925274658,-0.2818782905899438,0.0317365693914609,0.6702664438533438,0.1644009647320934,883.3121077410512,4795.927465918289,43.14764706392637,High,Historical support + V5,40.75892040830004,40.87682928072504,43.15285034600005,0.5,0.0,0.2705244930960553,0.1370656636105436,0.0312121344031765,0.6774194819154218,4096.312005020324,0.16229246125,60.37925697348591,High,Reliable Multi-Date Observation,Moderate,40.75892040830004,40.87682928072504,43.15285034600005,0.5,0.0,0.2705244930960553,0.1370656636105436,0.0312121344031765,0.6774194819154218,4096.312005020324,0.16229246125,0.7076496511432231,0.5,0.0,0.9868755068202552,0.884389363434788,0.2019179921076235,0.3853971539266521,60.31309150111978,Very High,1000000,100,0.12,0.18,0.9868755068202552,0.884389363434788,0.7251230169479422,0.8565529750249632,0.1713931785014978,17.13931785014978,171393.1785014978,0.5,85696.5892507489,85696.5892507489,30,2857,28.57,Street-tree corridors + pocket parks + green roofs + shaded public spaces,Moderate,Kempapura,,Kempapura,,Bengaluru,Bengaluru North City Corporation,Bangalore North,Bengaluru Urban,560024.0,"Kempapura, Bengaluru North City Corporation, Bengaluru, Bangalore North, Bengaluru Urban, Karnataka, 560024, India",34
8420_1463,8420,1463,13.146784045993533,77.62573604527645,13.142292490118576,13.151275601868488,77.62112671471144,77.63034537584146,3,3,Moderate,7,38.2721643717286,36.6041461973,32.488679216300014,44.79037245770005,4.987761453189448,0.2857142857142857,0.2857142857142857,0.3209680336736742,0.3183307539987955,0.0450615005693792,-0.4182069140828703,0.1279023374876482,0.4343243392107038,0.1559407940223417,917.596440232822,3653.907018198209,43.28779352869466,High,Historical support + V5,39.9120205028,39.0746796599,44.8267401905,0.3333333333333333,0.3333333333333333,0.3349966031812965,0.3153072625698324,0.0312649048864841,0.5757376851979643,3982.461550347976,0.1890756599999999,56.16125161389023,High,Reliable Multi-Date Observation,Moderate,39.9120205028,39.0746796599,44.8267401905,0.3333333333333333,0.3333333333333333,0.3349966031812965,0.3153072625698324,0.0312649048864841,0.5757376851979643,3982.461550347976,0.1890756599999999,0.663053758950899,0.3333333333333333,0.3333333333333333,0.9867819723919116,0.7467440733591292,0.1963060037679153,0.2575890663457164,56.09692510523176,Very High,1000000,100,0.12,0.18,0.9867819723919116,0.7467440733591292,0.6632305146956772,0.7973519145552221,0.1678411148733133,16.784111487331334,167841.11487331332,0.5,83920.55743665666,83920.55743665666,30,2798,27.98,Street-tree corridors + pocket parks + green roofs + shaded public spaces,Moderate,Kodagalahatti,,,,,,Yelahanka taluku,Bengaluru Urban,562149.0,"Kodagalahatti, Yelahanka taluku, Bengaluru Urban, Karnataka, 562149, India",39
8421_1438,8421,1438,12.922206252245775,77.63495470640646,12.917714696370822,12.926697808120734,77.63034537584146,77.63956403697146,4,3,Moderate,7,36.16397846458575,35.13456849830002,30.75254722760004,43.05547095620002,5.103146863471786,0.1428571428571428,0.0,0.2962939978968201,0.250044248131163,-0.0388979299227656,-0.3291306308957246,0.059201293445172,0.6490827480143606,0.1363892835768782,889.8970028156236,2187.424374221422,30.224702045839926,Low,Historical support + V5,39.56927000225002,38.74127174735001,43.5230048219,0.5,0.0,0.243505771662039,0.1641623574337949,0.028689429454971,0.7429120058659464,3177.2174411928354,0.1587832825,59.29592013883514,High,Reliable Multi-Date Observation,Moderate,39.56927000225002,38.74127174735001,43.5230048219,0.5,0.0,0.243505771662039,0.1641623574337949,0.028689429454971,0.7429120058659464,3177.2174411928354,0.1587832825,0.6450052690737315,0.5,0.0,0.9913469414257512,0.973045718337782,0.1566134038200041,0.4021427797648338,59.244600294900216,Very High,1000000,100,0.12,0.18,0.9913469414257512,0.973045718337782,0.7094377739622842,0.8740079686683722,0.1724404781201023,17.244047812010233,172440.4781201023,0.35,60354.167342035806,112086.31077806652,30,2012,20.12,Street trees + pocket parks + green roofs + cool roofs + reflective pavement,Moderate,HSR Layout,,HSR Layout,,Bengaluru,Bengaluru South City Corporation,Bangalore South,Bengaluru Urban,,"Sector 5, HSR Layout, Bengaluru South City Corporation, Bengaluru, Bangalore South, Bengaluru Urban, Karnataka, India",40
8421_1448,8421,1448,13.01203736974488,77.63495470640646,13.007545813869925,13.016528925619834,77.63034537584146,77.63956403697146,2,2,Limited,7,36.83334885272859,35.9872448576,30.287320525400013,43.770469469900014,5.3228888690374605,0.2857142857142857,0.0,0.2007606186515893,0.1504455238452518,0.0256949941800126,-0.2542594828839255,0.0287876044045707,0.7288917793073828,0.1450218748251983,908.4320106129786,11321.61086192152,39.46056527889263,Low,Limited historical support + V5,,,,,,,,,,,,,,Limited Observation + V5,Limited,35.9872448576,36.83334885272859,43.770469469900014,0.2857142857142857,0.0,0.2007606186515893,0.1504455238452518,0.0287876044045707,0.7288917793073828,11321.61086192152,0.1450218748251983,0.4563836785604026,0.2857142857142857,0.0,0.991172928659278,0.95406672491045,0.5580719754406772,0.4678115303033789,50.37204620738317,High,1000000,100,0.08,0.12,0.991172928659278,0.95406672491045,0.5791904065005616,0.8171033688585845,0.1126841347543433,11.268413475434338,112684.13475434338,0.35,39439.44716402018,73244.6875903232,30,1315,13.15,Street trees + green roofs + cool roofs + shaded corridors,Limited,HRBR Layout,,HRBR Layout,,Bengaluru,Bengaluru North City Corporation,Bangalore North,Bengaluru Urban,,"HRBR Layout, Bengaluru North City Corporation, Bengaluru, Bangalore North, Bengaluru Urban, Karnataka, India",34
8421_1449,8421,1449,13.021020481494787,77.63495470640646,13.016528925619834,13.025512037369744,77.63034537584146,77.63956403697146,1,1,Limited,7,36.33423248222861,35.849396111000026,30.10517423960004,43.14806511800005,5.347077419784143,0.2857142857142857,0.0,0.2792061431890734,0.2465066581230993,-0.0167524377775674,-0.3283962215990701,0.0327383125533954,0.7333308854242484,0.1459446669830903,903.9037226759008,11845.622845837344,38.94918546291012,Low,Limited historical support + V5,,,,,,,,,,,,,,Limited Observation + V5,Limited,35.849396111000026,36.33423248222861,43.14806511800005,0.2857142857142857,0.0,0.2792061431890734,0.2465066581230993,0.0327383125533954,0.7333308854242484,11845.622845837344,0.1459446669830903,0.4491248657983566,0.2857142857142857,0.0,0.9841703922963014,0.9600758835687144,0.5839019042895884,0.4634080121860793,50.21646741931784,High,1000000,100,0.08,0.12,0.9841703922963014,0.9600758835687144,0.5769065401664127,0.8152412242624493,0.1126096489704979,11.260964897049796,112609.64897049796,0.35,39413.37713967428,73196.27183082368,30,1314,13.14,Street trees + green roofs + cool roofs + shaded corridors,Limited,Kacharakanahalli,,Kacharakanahalli,,Bengaluru,Bengaluru North City Corporation,Bangalore North,Bengaluru Urban,,"Kacharakanahalli, Bengaluru North City Corporation, Bengaluru, Bangalore North, Bengaluru Urban, Karnataka, India",34
8421_1450,8421,1450,13.0300035932447,77.63495470640646,13.025512037369744,13.034495149119657,77.63034537584146,77.63956403697146,4,3,Moderate,7,36.85512408157144,36.35642519780004,30.74060124770002,43.68091734589999,5.25146996316783,0.2857142857142857,0.0,0.2509657938131785,0.2118003592928752,0.0026970228418688,-0.2999994053942017,0.0319247825089881,0.7175249548149941,0.1504491687487939,900.7368882235256,9808.839644138678,40.83533770942417,Moderate,Historical support + V5,41.28040771970001,40.957635546050014,41.94213639170003,0.5,0.0,0.2186582845523215,0.0484912966892253,0.0311464862897991,0.7290602630237117,9470.849614235103,0.149360435,63.623860414415766,Very High,Reliable Multi-Date Observation,Moderate,41.28040771970001,40.957635546050014,41.94213639170003,0.5,0.0,0.2186582845523215,0.0484912966892253,0.0311464862897991,0.7290602630237117,9470.849614235103,0.149360435,0.7351100295986042,0.5,0.0,0.9869918665420492,0.9542947990668454,0.4668430860041688,0.4471081377037097,63.47088299529672,Very High,1000000,100,0.12,0.18,0.9869918665420492,0.9542947990668454,0.7714787815961649,0.8926123656948945,0.1735567419416936,17.355674194169367,173556.74194169368,0.35,60744.85967959278,112811.8822621009,30,2025,20.25,Street trees + pocket parks + green roofs + cool roofs + reflective pavement,Moderate,HBR Layout,,HBR Layout,,Bengaluru,Bengaluru North City Corporation,Bangalore North,Bengaluru Urban,,"HBR Layout, Bengaluru North City Corporation, Bengaluru, Bangalore North, Bengaluru Urban, Karnataka, India",34
8421_1454,8421,1454,13.06593604024434,77.63495470640646,13.061444484369384,13.070427596119297,77.63034537584146,77.63956403697146,5,4,Moderate,7,37.39705359401432,36.32492814350003,31.916365947500072,43.95548689250003,5.064490834694405,0.2857142857142857,0.0,0.2795979848954659,0.2269263540766941,0.0243385344094189,-0.3451494614673259,0.0326903727381472,0.6977175222093112,0.1587137676574536,905.0732336402187,6693.497728494669,40.51027531907398,Moderate,Historical support + V5,38.85375024050002,37.82695994240004,43.186398212300034,0.2,0.0,0.2214956588216021,0.2469565217391304,0.0302586704492568,0.7333417618647218,6621.17814289874,0.1553050825,51.481743120216585,Moderate,Reliable Multi-Date Observation,Moderate,38.85375024050002,37.82695994240004,43.186398212300034,0.2,0.0,0.2214956588216021,0.2469565217391304,0.0302586704492568,0.7333417618647218,6621.17814289874,0.1553050825,0.6073275671998128,0.2,0.0,0.9885654990334476,0.960090606860909,0.3263752844906558,0.4187405765542861,51.3747948753299,High,1000000,100,0.08,0.12,0.9885654990334476,0.960090606860909,0.5939105618174575,0.8235848011039171,0.1129433920441566,11.294339204415667,112943.39204415667,0.35,39530.18721545484,73413.20482870186,30,1318,13.18,Street trees + green roofs + cool roofs + shaded corridors,Moderate,Sampigehalli,,Sampigehalli,,Bengaluru,Bengaluru North City Corporation,Yelahanka taluku,Bengaluru Urban,,"Sampigehalli, Bengaluru North City Corporation, Bengaluru, Yelahanka taluku, Bengaluru Urban, Karnataka, India",34
8421_1455,8421,1455,13.074919151994251,77.63495470640646,13.070427596119297,13.079410707869206,77.63034537584146,77.63956403697146,6,5,High,7,36.82751624574288,36.190582867400025,31.33559307920003,43.32604141940001,5.094638695256738,0.2857142857142857,0.0,0.3017494249016762,0.262148000357867,-0.0013155994629058,-0.3624853828379924,0.0472686291496873,0.6695320968629387,0.1566466690396958,918.7552999364896,6675.600487244129,39.68677528513835,Low,Strong historical support + V5,41.59975332830003,38.713497486500025,44.360949515,0.5,0.1666666666666666,0.2018881576075714,0.1826108325036494,0.0275308650452643,0.7370612700469792,7059.851798081665,0.171328315,64.84213210255612,Very High,Reliable Multi-Date Observation,High,41.59975332830003,38.713497486500025,44.360949515,0.5,0.1666666666666666,0.2018881576075714,0.1826108325036494,0.0275308650452643,0.7370612700469792,7059.851798081665,0.171328315,0.7519260691810032,0.5,0.1666666666666666,0.9934004693256128,0.9651256554066012,0.3479986626748595,0.3422785108464063,64.72809820365329,Very High,1000000,100,0.12,0.18,0.9934004693256128,0.9651256554066012,0.7899344562086946,0.9049453605990928,0.1742967216359455,17.429672163594557,174296.72163594555,0.35,61003.85257258094,113292.8690633646,30,2034,20.34,Street trees + pocket parks + green roofs + cool roofs + reflective pavement,Strong,Sampigehalli,,Sampigehalli,,Bengaluru,Bengaluru North City Corporation,Yelahanka taluku,Bengaluru Urban,,"Sampigehalli, Bengaluru North City Corporation, Bengaluru, Yelahanka taluku, Bengaluru Urban, Karnataka, India",34
8421_1459,8421,1459,13.110851598993891,77.63495470640646,13.106360043118936,13.115343154868846,77.63034537584146,77.63956403697146,4,3,Moderate,7,38.2989274683286,36.22489978820001,32.31042947330004,46.23055518470003,5.300928223062965,0.2857142857142857,0.1428571428571428,0.3041487369631222,0.2871470501625875,0.0501229437072465,-0.3782213456975782,0.0734775126606166,0.5495843023194964,0.1622808393867298,920.3300912307092,2718.0318332130464,40.76851152710848,Moderate,Historical support + V5,39.70602498245002,38.52950831825003,43.05935040890003,0.5,0.0,0.339069138360409,0.3130412930535415,0.0328330054180696,0.6961617270717397,2162.06463964095,0.18478740625,57.88189166763242,High,Reliable Multi-Date Observation,Moderate,39.70602498245002,38.52950831825003,43.05935040890003,0.5,0.0,0.339069138360409,0.3130412930535415,0.0328330054180696,0.6961617270717397,2162.06463964095,0.18478740625,0.6522064864952418,0.5,0.0,0.984002551442658,0.9097604903669656,0.1065738523599174,0.2780523991972214,57.84696902795248,Very High,1000000,100,0.12,0.18,0.984002551442658,0.9097604903669656,0.688920818933715,0.8474093431701577,0.1708445605902094,17.084456059020948,170844.56059020947,0.5,85422.28029510473,85422.28029510473,30,2848,28.48,Street-tree corridors + pocket parks + green roofs + shaded public spaces,Moderate,Kogilu,,Kogilu,,Bengaluru,Bengaluru North City Corporation,Yelahanka taluku,Bengaluru Urban,,"Kogilu, Bengaluru North City Corporation, Bengaluru, Yelahanka taluku, Bengaluru Urban, Karnataka, India",41
8421_1463,8421,1463,13.146784045993533,77.63495470640646,13.142292490118576,13.151275601868488,77.63034537584146,77.63956403697146,3,3,Moderate,7,38.00206998988574,36.71453115320001,32.265670501400045,44.50568557190003,4.873820806979718,0.2857142857142857,0.1428571428571428,0.321650110740228,0.2829857052721009,0.0341605928099264,-0.4227990525496162,0.0721714874477702,0.440086292781409,0.1707647846219385,917.0807064252748,6071.449438052023,41.64759982131152,Moderate,Historical support + V5,37.27865826410004,37.68891750800002,44.11613383250001,0.3333333333333333,0.3333333333333333,0.3661050356807846,0.1805362462760675,0.0555025102803483,0.4066477084998041,6067.124524847005,0.191925375,49.54735355876464,Moderate,Reliable Multi-Date Observation,Moderate,37.27865826410004,37.68891750800002,44.11613383250001,0.3333333333333333,0.3333333333333333,0.3661050356807846,0.1805362462760675,0.0555025102803483,0.4066477084998041,6067.124524847005,0.191925375,0.5243866771178215,0.3333333333333333,0.3333333333333333,0.943821392483598,0.5178492303994086,0.299064524485104,0.2439903686061224,49.449354636905504,High,1000000,100,0.08,0.12,0.943821392483598,0.5178492303994086,0.5656454737959056,0.6860579844874736,0.1074423193794989,10.744231937949897,107442.31937949892,0.7,75209.62356564925,32232.695813849685,30,2507,25.07,Tree canopy expansion + parks + connected green corridors,Moderate,Kodagalahatti,,,,,,Yelahanka taluku,Bengaluru Urban,562149.0,"Kodagalahatti, Yelahanka taluku, Bengaluru Urban, Karnataka, 562149, India",39
8422_1428,8422,1428,12.832375134746677,77.64417336753648,12.827883578871722,12.836866690621632,77.63956403697146,77.64878269810148,1,1,Limited,7,38.8741973244286,36.7405935557,32.508674633300046,47.01586236980003,5.746556764832009,0.2857142857142857,0.2857142857142857,0.2584042961141049,0.2140104172658841,0.0869770234001603,-0.3509536989723394,0.0494556867118251,0.5817733731888661,0.1668370191092102,927.4231828769772,4592.107232137733,45.312404706955775,Very High,Limited historical support + V5,,,,,,,,,,,,,,Limited Observation + V5,Limited,36.7405935557,38.8741973244286,47.01586236980003,0.2857142857142857,0.2857142857142857,0.2584042961141049,0.2140104172658841,0.0494556867118251,0.5817733731888661,4592.107232137733,0.1668370191092102,0.4960533692824235,0.2857142857142857,0.2857142857142857,0.9545392436444546,0.7549145035750935,0.226357042803322,0.3637107506591346,49.69917373620274,High,1000000,100,0.08,0.12,0.9545392436444546,0.7549145035750935,0.569312769560369,0.7505424689934801,0.1100216987597392,11.00216987597392,110021.6987597392,0.5,55010.8493798696,55010.8493798696,30,1834,18.34,Tree canopy expansion + parks + connected green corridors,Limited,Hulimangala,,,,,,Anekal,Bengaluru Urban,560105.0,"Hulimangala, Anekal, Bengaluru Urban, Karnataka, 560105, India",42
8422_1431,8422,1431,12.859324469996409,77.64417336753648,12.854832914121452,12.863816025871362,77.63956403697146,77.64878269810148,4,3,Moderate,7,37.70691908000003,36.56538585050002,31.82144753210004,44.22744165380001,5.226341929997043,0.2857142857142857,0.2857142857142857,0.3219053023203311,0.2780579848051031,0.0364857022804344,-0.3996847166557041,0.0966958917028427,0.5122292154675183,0.1443846554443188,925.4801882980169,4250.5209460669375,43.91057048995132,High,Historical support + V5,39.96732406640002,39.02503149522502,46.47904523870002,0.5,0.25,0.3258578644234541,0.3272451013571987,0.1086673197569325,0.3716881169239059,3510.8842665422817,0.1488493062499999,55.597796207905546,High,Reliable Multi-Date Observation,Moderate,39.96732406640002,39.02503149522502,46.47904523870002,0.5,0.25,0.3258578644234541,0.3272451013571987,0.1086673197569325,0.3716881169239059,3510.8842665422817,0.1488493062499999,0.6659659233567997,0.5,0.25,0.8495880303707192,0.4705248982304737,0.1730607191917127,0.4495472185862779,55.541086827459466,High,1000000,100,0.08,0.12,0.8495880303707192,0.4705248982304737,0.6550709169406006,0.6770154019636104,0.1070806160785444,10.70806160785444,107080.6160785444,0.7,74956.43125498109,32124.18482356332,30,2499,24.99,Tree canopy expansion + parks + connected green corridors,Moderate,Chikkathoguru,,Chikkathoguru,,Bengaluru,Bengaluru South City Corporation,Bangalore South,Bengaluru Urban,560500.0,"Chikkathoguru, Bengaluru South City Corporation, Bengaluru, Bangalore South, Bengaluru Urban, Karnataka, 560500, India",43
8422_1435,8422,1435,12.895256916996049,77.64417336753648,12.890765361121092,12.899748472871002,77.63956403697146,77.64878269810148,6,4,Moderate,7,37.42901208101432,36.32620990100004,31.80150338540001,44.28428332640003,5.057034252980179,0.2857142857142857,0.1428571428571428,0.2238420701519037,0.1828124125939418,0.0416050894219419,-0.2822591762437001,0.040695883639544,0.6073800970087683,0.1486140204825354,907.0967863183616,6496.55681444656,41.754925928223074,Moderate,Historical support + V5,35.83191293870003,37.516110961850025,44.49891789230001,0.3333333333333333,0.1666666666666666,0.2117091330655709,0.2053675504758358,0.0290435422211884,0.6672680349438451,6374.926065592087,0.163071385,50.5959472090633,Moderate,Reliable Multi-Date Observation,Moderate,35.83191293870003,37.516110961850025,44.49891789230001,0.3333333333333333,0.1666666666666666,0.2117091330655709,0.2053675504758358,0.0290435422211884,0.6672680349438451,6374.926065592087,0.163071385,0.4482042402769615,0.3333333333333333,0.1666666666666666,0.9907192849579431,0.8706474852599462,0.3142368719524624,0.3816801686707788,50.492976538393656,High,1000000,100,0.08,0.12,0.9907192849579431,0.8706474852599462,0.5809656402275163,0.7967998771412732,0.1118719950856509,11.187199508565094,111871.99508565094,0.5,55935.99754282547,55935.99754282547,30,1865,18.65,Street trees + green roofs + cool roofs + shaded corridors,Moderate,Hosapalya,,Hosapalya,,Bengaluru,Bengaluru South City Corporation,Bangalore South,Bengaluru Urban,560068.0,"Hosapalya, Bengaluru South City Corporation, Bengaluru, Bangalore South, Bengaluru Urban, Karnataka, 560068, India",44
8422_1436,8422,1436,12.904240028745958,77.64417336753648,12.899748472871002,12.908731584620911,77.63956403697146,77.64878269810148,6,4,Moderate,7,36.98482573335717,36.08857206050002,30.825402323900025,43.56181643900002,4.954339830695072,0.2857142857142857,0.0,0.2218794319929368,0.1829766024075249,0.0027500268752379,-0.2753911523409325,0.0310508209608243,0.7126268511005631,0.1473449774973825,896.7310261446711,6324.548269698037,39.70644135395693,Low,Historical support + V5,35.80245815135002,36.96643353050002,43.946856392000015,0.3333333333333333,0.1666666666666666,0.2792532439028371,0.1790829077526256,0.0291037494316696,0.7230577396694571,6619.453541551482,0.15196529,51.63223890145462,Moderate,Reliable Multi-Date Observation,Moderate,35.80245815135002,36.96643353050002,43.946856392000015,0.3333333333333333,0.1666666666666666,0.2792532439028371,0.1790829077526256,0.0291037494316696,0.7230577396694571,6619.453541551482,0.15196529,0.4466532157548447,0.3333333333333333,0.1666666666666666,0.9906125691073092,0.946169263376538,0.3262902743545144,0.4346778996621973,51.525318513103926,High,1000000,100,0.08,0.12,0.9906125691073092,0.946169263376538,0.5961202195290303,0.8217048028433049,0.1128681921137322,11.28681921137322,112868.1921137322,0.35,39503.86723980626,73364.32487392593,30,1317,13.17,Street trees + green roofs + cool roofs + shaded corridors,Moderate,Agara,,Agara,,Bengaluru,Bengaluru South City Corporation,Bangalore South,Bengaluru Urban,560102.0,"Agara, Bengaluru South City Corporation, Bengaluru, Bangalore South, Bengaluru Urban, Karnataka, 560102, India",44
8422_1448,8422,1448,13.01203736974488,77.64417336753648,13.007545813869925,13.016528925619834,77.63956403697146,77.64878269810148,1,1,Limited,7,36.60841872230003,36.17292879410004,30.320714580800026,43.26250042760002,5.208485474174236,0.2857142857142857,0.0,0.2671823636534715,0.2184805257387864,-0.0088435973704949,-0.3170793389519897,0.0503250640565288,0.7003732968311925,0.1445691958236094,902.202504389778,13119.075907422295,39.924010578138905,Low,Limited historical support + V5,,,,,,,,,,,,,,Limited Observation + V5,Limited,36.17292879410004,36.60841872230003,43.26250042760002,0.2857142857142857,0.0,0.2671823636534715,0.2184805257387864,0.0503250640565288,0.7003732968311925,13119.075907422295,0.1445691958236094,0.4661613875437481,0.2857142857142857,0.0,0.9529982929490086,0.915461636097352,0.6466737549014081,0.4699716919039841,50.1605167584052,High,1000000,100,0.08,0.12,0.9529982929490086,0.915461636097352,0.5760851953518608,0.7928488896972353,0.1117139555878894,11.17139555878894,111713.9555878894,0.35,39099.88445576129,72614.07113212811,30,1304,13.04,Street trees + green roofs + cool roofs + shaded corridors,Limited,Kalyanagar,,Kalyanagar,,Bengaluru,Bengaluru North City Corporation,Bangalore North,Bengaluru Urban,560043.0,"Kalyanagar, Bengaluru North City Corporation, Bengaluru, Bangalore North, Bengaluru Urban, Karnataka, 560043, India",34
8422_1449,8422,1449,13.021020481494787,77.64417336753648,13.016528925619834,13.025512037369744,77.63956403697146,77.64878269810148,3,2,Limited,7,36.31960579807144,35.80132165970002,30.117256940300003,43.070288072900006,5.326180859806489,0.2857142857142857,0.0,0.2759906422849991,0.2532836681850346,-0.034018528414421,-0.3321594873865112,0.0366274761468428,0.7257031491296979,0.1406486454791026,894.8083658795274,14301.518060478296,38.67908421235904,Low,Limited historical support + V5,,,,,,,,,,,,,,Limited Observation + V5,Limited,35.80132165970002,36.31960579807144,43.070288072900006,0.2857142857142857,0.0,0.2759906422849991,0.2532836681850346,0.0366274761468428,0.7257031491296979,14301.518060478296,0.1406486454791026,0.4465933705963183,0.2857142857142857,0.0,0.9772769421960248,0.94975031882873,0.7049594384713778,0.4886803624579892,50.6655145866212,High,1000000,100,0.08,0.12,0.9772769421960248,0.94975031882873,0.5834984652006815,0.8128838955560638,0.1125153558222425,11.251535582224257,112515.35582224256,0.35,39380.37453778489,73134.98128445767,30,1313,13.13,Street trees + green roofs + cool roofs + shaded corridors,Limited,Kalyanagar,,Kalyanagar,,Bengaluru,Bengaluru North City Corporation,Bangalore North,Bengaluru Urban,560043.0,"Kalyanagar, Bengaluru North City Corporation, Bengaluru, Bangalore North, Bengaluru Urban, Karnataka, 560043, India",34
8422_1450,8422,1450,13.0300035932447,77.64417336753648,13.025512037369744,13.034495149119657,77.63956403697146,77.64878269810148,1,1,Limited,7,37.20252675148576,36.23846932760004,31.81080039980005,43.83994072640004,5.021826423226458,0.2857142857142857,0.0,0.2565529139998524,0.2070246474243852,0.0077297411643492,-0.3029998360913268,0.0338341299004987,0.6970825074282719,0.1541354314803945,889.3543646444115,12772.391219711011,40.155345346380365,Moderate,Limited historical support + V5,,,,,,,,,,,,,,Limited Observation + V5,Limited,36.23846932760004,37.20252675148576,43.83994072640004,0.2857142857142857,0.0,0.2565529139998524,0.2070246474243852,0.0338341299004987,0.6970825074282719,12772.391219711011,0.1541354314803945,0.4696126083399859,0.2857142857142857,0.0,0.982228082074638,0.9110069384369484,0.6295847548566536,0.4243220928379926,50.344260247019,High,1000000,100,0.08,0.12,0.982228082074638,0.9110069384369484,0.5787825140093881,0.8030445689391157,0.1121217827575646,11.212178275756465,112121.78275756462,0.5,56060.89137878231,56060.89137878231,30,1869,18.69,Street trees + green roofs + cool roofs + shaded corridors,Limited,Chellakere,,Chellakere,,Bengaluru,Bengaluru East City Corporation,Bangalore East,Bengaluru Urban,,"Chellakere, Bengaluru East City Corporation, Bengaluru, Bangalore East, Bengaluru Urban, Karnataka, India",34
8422_1452,8422,1452,13.04796981674452,77.64417336753648,13.043478260869565,13.052461372619476,77.63956403697146,77.64878269810148,4,4,Moderate,7,37.35116911695718,36.27857979230004,31.76484512090006,44.29185424070002,5.15486600487714,0.2857142857142857,0.1428571428571428,0.2856580282853977,0.2434663511956575,0.01733010128994,-0.3585776143859608,0.0365915889617277,0.678259134153101,0.1576736151837218,886.2620479469801,10629.841686658465,42.271683887737225,Moderate,Historical support + V5,38.289845300900026,38.32260275007502,43.04367878719999,0.25,0.0,0.2500599082042594,0.2091130960837718,0.0295476746978237,0.7120613502338529,10882.899342508892,0.1617942575,52.53612081562677,Moderate,Reliable Multi-Date Observation,Moderate,38.289845300900026,38.32260275007502,43.04367878719999,0.25,0.0,0.2500599082042594,0.2091130960837718,0.0295476746978237,0.7120613502338529,10882.899342508892,0.1617942575,0.5776335694442317,0.25,0.0,0.9898257221164444,0.9312835978738472,0.5364467308290078,0.3877745573543568,52.36033533472892,High,1000000,100,0.08,0.12,0.9898257221164444,0.9312835978738472,0.6083781039814818,0.8226111438018101,0.1129044457520724,11.29044457520724,112904.4457520724,0.35,39516.55601322534,73387.88973884707,30,1318,13.18,Street trees + green roofs + cool roofs + shaded corridors,Moderate,K Narayanapura,,K Narayanapura,,Bengaluru,Bengaluru East City Corporation,Bangalore East,Bengaluru Urban,,"K Narayanapura, Bengaluru East City Corporation, Bengaluru, Bangalore East, Bengaluru Urban, Karnataka, India",34
8422_1453,8422,1453,13.05695292849443,77.64417336753648,13.052461372619476,13.061444484369384,77.63956403697146,77.64878269810148,1,1,Limited,7,37.26027175794288,36.20613485840004,31.531958328200044,43.942703497700016,5.122034552969525,0.2857142857142857,0.0,0.2849090251190662,0.2332015038690973,0.0139718114314546,-0.3509096173508254,0.032290794176716,0.7230411406387443,0.1608094956253771,890.1085480093693,9742.44024596462,40.28456737157087,Moderate,Limited historical support + V5,,,,,,,,,,,,,,Limited Observation + V5,Limited,36.20613485840004,37.26027175794288,43.942703497700016,0.2857142857142857,0.0,0.2849090251190662,0.2332015038690973,0.032290794176716,0.7230411406387443,9742.44024596462,0.1608094956253771,0.4679099460853622,0.2857142857142857,0.0,0.9849636079902347,0.9461467934903716,0.4802305025307557,0.3924737918667457,49.77959905216275,High,1000000,100,0.08,0.12,0.9849636079902347,0.9461467934903716,0.5704933975484031,0.8094713201885362,0.1123788528075414,11.237885280754146,112378.85280754144,0.35,39332.59848263951,73046.25432490194,30,1312,13.12,Street trees + green roofs + cool roofs + shaded corridors,Limited,K Narayanapura,,K Narayanapura,,Bengaluru,Bengaluru East City Corporation,Bangalore East,Bengaluru Urban,,"K Narayanapura, Bengaluru East City Corporation, Bengaluru, Bangalore East, Bengaluru Urban, Karnataka, India",34
8422_1454,8422,1454,13.06593604024434,77.64417336753648,13.061444484369384,13.070427596119297,77.63956403697146,77.64878269810148,3,2,Limited,7,37.47461335070003,36.35445983630005,32.03505669200006,44.1164414543,5.011537392635511,0.2857142857142857,0.0,0.2945684459454305,0.244537179600232,0.0223953176582435,-0.3658441015964791,0.0329364187410102,0.7192584204991117,0.1662564311655438,893.8715216797418,9831.408683704636,40.84474853154279,Moderate,Limited historical support + V5,,,,,,,,,,,,,,Limited Observation + V5,Limited,36.35445983630005,37.47461335070003,44.1164414543,0.2857142857142857,0.0,0.2945684459454305,0.244537179600232,0.0329364187410102,0.7192584204991117,9831.408683704636,0.1662564311655438,0.4757204142184908,0.2857142857142857,0.0,0.9838192537838512,0.9410261757622884,0.4846159908156811,0.3664812873468985,49.837506524605416,High,1000000,100,0.08,0.12,0.9838192537838512,0.9410261757622884,0.5713434679754328,0.8081306699550931,0.1123252267982037,11.232522679820372,112325.22679820372,0.35,39313.8293793713,73011.39741883244,30,1311,13.11,Street trees + green roofs + cool roofs + shaded corridors,Limited,K Narayanapura,,K Narayanapura,,Bengaluru,Bengaluru East City Corporation,Bangalore East,Bengaluru Urban,,"K Narayanapura, Bengaluru East City Corporation, Bengaluru, Bangalore East, Bengaluru Urban, Karnataka, India",34
8422_1455,8422,1455,13.074919151994251,77.64417336753648,13.070427596119297,13.079410707869206,77.63956403697146,77.64878269810148,5,5,High,7,37.24923155334288,36.24805687370004,31.829257707800046,43.5425900765,4.926396463459078,0.2857142857142857,0.0,0.3032574345430707,0.2632497291467192,0.0170758257494641,-0.3690299193138195,0.0517351523229389,0.6211976480533414,0.1591578374278138,902.3153338229704,8326.234411999492,39.43515128549516,Low,Strong historical support + V5,35.192897009600024,36.80278442960002,42.63052561970004,0.4,0.0,0.2918595461217115,0.1444373537545203,0.0326339902821928,0.7326624393463135,7580.23746329889,0.14444745,51.13714345114333,Moderate,Reliable Multi-Date Observation,High,35.192897009600024,36.80278442960002,42.63052561970004,0.4,0.0,0.2918595461217115,0.1444373537545203,0.0326339902821928,0.7326624393463135,7580.23746329889,0.14444745,0.4145550624954437,0.4,0.0,0.9843553010443148,0.9591710170412968,0.3736498407378281,0.4705526568974384,51.01470404911733,High,1000000,100,0.08,0.12,0.9843553010443148,0.9591710170412968,0.588624498560059,0.8197669090498579,0.1127906763619943,11.279067636199432,112790.67636199432,0.35,39476.73672669801,73313.93963529632,30,1316,13.16,Street trees + green roofs + cool roofs + shaded corridors,Strong,K Narayanapura,,K Narayanapura,,Bengaluru,Bengaluru East City Corporation,Bangalore East,Bengaluru Urban,,"K Narayanapura, Bengaluru East City Corporation, Bengaluru, Bangalore East, Bengaluru Urban, Karnataka, India",34
8422_1456,8422,1456,13.08390226374416,77.64417336753648,13.079410707869206,13.088393819619116,77.63956403697146,77.64878269810148,6,3,Moderate,7,37.41553775788574,36.34109537810003,31.99680904820004,43.810118501900014,4.857227240517213,0.2857142857142857,0.0,0.2824022821658728,0.2420507238623997,0.027056766040641,-0.3761528188587572,0.0454951492427107,0.5872357002891399,0.1718429733664644,917.953448600088,5603.791055821703,39.470639253329374,Low,Historical support + V5,39.742965233600046,40.59698031740003,43.78174893590003,0.3333333333333333,0.0,0.2833335663664844,0.1808453162679644,0.0302690794924273,0.673968692892231,5463.510446458735,0.18839587375,54.32223814346446,High,Reliable Multi-Date Observation,Moderate,39.742965233600046,40.59698031740003,43.78174893590003,0.3333333333333333,0.0,0.2833335663664844,0.1808453162679644,0.0302690794924273,0.673968692892231,5463.510446458735,0.18839587375,0.6541516791291592,0.3333333333333333,0.0,0.9885470492516468,0.8797180764255033,0.2693107990445908,0.260832972399929,54.23398906746044,High,1000000,100,0.08,0.12,0.9885470492516468,0.8797180764255033,0.6358829761767895,0.8202741768151679,0.1128109670726067,11.281096707260671,112810.96707260673,0.5,56405.48353630336,56405.48353630336,30,1881,18.81,Street trees + green roofs + cool roofs + shaded corridors,Moderate,Kogilu,,Kogilu,,Bengaluru,Bengaluru North City Corporation,Yelahanka taluku,Bengaluru Urban,,"Kogilu, Bengaluru North City Corporation, Bengaluru, Yelahanka taluku, Bengaluru Urban, Karnataka, India",34
8423_1424,8423,1424,12.796442687747035,77.65339202866649,12.79195113187208,12.80093424362199,77.64878269810148,77.65800135923149,0,0,Prediction Only,7,37.8369478851286,36.38980216310006,32.12365177040003,44.42349928100004,5.151701580971522,0.2857142857142857,0.2857142857142857,0.2880740845761939,0.233537293437846,0.0427876439434884,-0.3637843341214238,0.0385552665893084,0.5884850864519887,0.1546165727953027,905.3509041216312,3785.133423750627,43.96522069597118,High,V5 prediction only,,,,,,,,,,,,,,V5 Prediction Only,Prediction Only,36.38980216310006,37.8369478851286,44.42349928100004,0.2857142857142857,0.2857142857142857,0.2880740845761939,0.233537293437846,0.0385552665893084,0.5884850864519887,3785.133423750627,0.1546165727953027,0.4775814636595913,0.2857142857142857,0.2857142857142857,0.9738599794225078,0.7640000601725463,0.1865791814311246,0.422026110498893,49.61837066250091,High,1000000,100,0.08,0.12,0.9738599794225078,0.7640000601725463,0.5681265961621943,0.759101646305892,0.1103640658522356,11.036406585223569,110364.06585223568,0.5,55182.03292611784,55182.03292611784,30,1840,18.4,Tree canopy expansion + parks + connected green corridors,Model Only,Bandenallasandra,,,,,,Anekal,Bengaluru Urban,560105.0,"Bandenallasandra, Anekal, Bengaluru Urban, Karnataka, 560105, India",42
8423_1427,8423,1427,12.823392022996766,77.65339202866649,12.81890046712181,12.827883578871722,77.64878269810148,77.65800135923149,3,2,Limited,7,37.96937662858574,36.14382435380004,31.86991505570006,44.7357866783,5.154738488626718,0.2857142857142857,0.2857142857142857,0.2435807738697483,0.2022711216347689,0.0660234793238141,-0.3408326501296813,0.0365512054288833,0.662457628179647,0.1570168318570328,932.4779280157354,8509.366119891223,43.71322652053279,High,Limited historical support + V5,,,,,,,,,,,,,,Limited Observation + V5,Limited,36.14382435380004,37.96937662858574,44.7357866783,0.2857142857142857,0.2857142857142857,0.2435807738697483,0.2022711216347689,0.0365512054288833,0.662457628179647,8509.366119891223,0.1570168318570328,0.4646288115291478,0.2857142857142857,0.2857142857142857,0.9774121302321496,0.8641357018747665,0.4194490358476855,0.410572194062622,51.39150946765588,High,1000000,100,0.08,0.12,0.9774121302321496,0.8641357018747665,0.5941559287802487,0.7957905425620434,0.1118316217024817,11.183162170248174,111831.62170248172,0.5,55915.81085124087,55915.81085124087,30,1864,18.64,Street trees + green roofs + cool roofs + shaded corridors,Limited,Hulimangala,,,,,,Anekal,Bengaluru Urban,560105.0,"Hulimangala, Anekal, Bengaluru Urban, Karnataka, 560105, India",42
8423_1429,8423,1429,12.841358246496586,77.65339202866649,12.836866690621632,12.84584980237154,77.64878269810148,77.65800135923149,3,3,Moderate,7,36.74546423420004,36.01209386300004,31.376370057800045,43.32945943940003,5.01268807017324,0.2857142857142857,0.0,0.2896142770490736,0.249267161615249,0.001057680168809,-0.3521744431400495,0.0442789437783528,0.6339533342544428,0.1528553310111634,933.1287630634858,8012.588808084773,38.61136566042117,Low,Historical support + V5,39.32800051550001,40.52141359190002,43.85339063510002,0.3333333333333333,0.0,0.1733160461813916,0.1812447434819175,0.0264975763857364,0.6906518936157227,7200.694410957877,0.16785017,54.939242903406615,High,Reliable Multi-Date Observation,Moderate,39.32800051550001,40.52141359190002,43.85339063510002,0.3333333333333333,0.0,0.1733160461813916,0.1812447434819175,0.0264975763857364,0.6906518936157227,7200.694410957877,0.16785017,0.6323005468857557,0.3333333333333333,0.0,0.9952319489336288,0.9023019024111548,0.3549411654823367,0.3588760451786039,54.82293405132668,High,1000000,100,0.08,0.12,0.9952319489336288,0.9023019024111548,0.6445285739349691,0.8317180873035465,0.1132687234921418,11.326872349214186,113268.72349214186,0.5,56634.36174607093,56634.36174607093,30,1888,18.88,Street trees + green roofs + cool roofs + shaded corridors,Moderate,Electronics City Phase 1,,,Electronic City,,,Bangalore South,Bengaluru Urban,560100.0,"Electronics City Phase 1, Electronic City, Bangalore South, Bengaluru Urban, Karnataka, 560100, India",42
8423_1438,8423,1438,12.922206252245775,77.65339202866649,12.917714696370822,12.926697808120734,77.64878269810148,77.65800135923149,4,3,Moderate,7,37.10842621944288,36.29411469320003,31.387478622800028,43.65552145730001,5.0637218978330045,0.2857142857142857,0.0,0.3538889482951338,0.306337095143762,0.00410263398916,-0.400571646903725,0.190092525509512,0.4000695806762339,0.1264341550322828,888.7630739117488,3496.612567261396,37.40956395587514,Low,Historical support + V5,38.117295106250026,38.39453498097503,44.138470593200026,0.5,0.25,0.2271303456610165,0.2044712100822252,0.029986273148097,0.742113727144897,3071.017714951184,0.1423253712499999,59.82169209010449,High,Reliable Multi-Date Observation,Moderate,38.117295106250026,38.39453498097503,44.138470593200026,0.5,0.25,0.2271303456610165,0.2044712100822252,0.029986273148097,0.742113727144897,3071.017714951184,0.1423253712499999,0.5685474545109298,0.5,0.25,0.9890483167802144,0.9719650990955258,0.1513785400062094,0.4806791107711998,59.77208763187342,Very High,1000000,100,0.12,0.18,0.9890483167802144,0.9719650990955258,0.7171811854233442,0.8760306598162941,0.1725618395889776,17.256183958897765,172561.83958897763,0.35,60396.64385614217,112165.19573283546,30,2014,20.14,Street trees + pocket parks + green roofs + cool roofs + reflective pavement,Moderate,Agaram,,Agaram,,Bengaluru,Bengaluru Central City Corporation,Bangalore North,Bengaluru Urban,560007.0,"Agaram, Bengaluru Central City Corporation, Bengaluru, Bangalore North, Bengaluru Urban, Karnataka, 560007, India",45
8423_1448,8423,1448,13.01203736974488,77.65339202866649,13.007545813869925,13.016528925619834,77.64878269810148,77.65800135923149,4,3,Moderate,7,36.62941024798574,36.25649938310003,30.15774338720002,43.389206429000005,5.3171578435286255,0.2857142857142857,0.0,0.2459554465540579,0.208024970119633,0.0005429653411698,-0.3028324678744408,0.0327743021696625,0.7318767407546942,0.1526976830709874,915.9657407407396,15108.85969435356,40.57598025036047,Moderate,Historical support + V5,42.39540002390002,40.16292453342503,44.4019486649,0.75,0.25,0.2357995567828746,0.2113485355900983,0.0273125828243791,0.7332267995225266,15383.854115974122,0.154305155,75.72845374532363,Very High,Reliable Multi-Date Observation,Moderate,42.39540002390002,40.16292453342503,44.4019486649,0.75,0.25,0.2357995567828746,0.2113485355900983,0.0273125828243791,0.7332267995225266,15383.854115974122,0.154305155,0.7938230797128504,0.75,0.25,0.9937873693778464,0.9599349838738054,0.7583106292116247,0.4235121806739989,75.47996682021939,Very High,1000000,100,0.12,0.18,0.9937873693778464,0.9599349838738054,0.9477697952541108,0.966917243352342,0.1780150346011405,17.801503460114052,178015.0346011405,0.35,62305.26211039917,115709.77249074134,30,2077,20.77,Street trees + pocket parks + green roofs + cool roofs + reflective pavement,Moderate,Banaswadi,,Banaswadi,,Bengaluru,Bengaluru North City Corporation,Bangalore East,Bengaluru Urban,,"Banaswadi, Bengaluru North City Corporation, Bengaluru, Bangalore East, Bengaluru Urban, Karnataka, India",34
8423_1449,8423,1449,13.021020481494787,77.65339202866649,13.016528925619834,13.025512037369744,77.64878269810148,77.65800135923149,6,5,High,7,36.563100659985736,36.330174804200034,30.20393792750001,43.32469130150002,5.378481292403605,0.2857142857142857,0.0,0.2605083614947804,0.2226085990126185,-0.0124202995258473,-0.3123624142285972,0.0324621091253618,0.7278617641682675,0.1435504959088858,906.9199133124308,16117.47520805174,40.83287093222734,Moderate,Strong historical support + V5,34.70454740210002,36.416183580800016,44.5011225152,0.3333333333333333,0.1666666666666666,0.2824455473150478,0.2267920846577961,0.0319597484194673,0.7363297395640984,15958.852935542604,0.1474352012499999,52.56231890698662,Moderate,Reliable Multi-Date Observation,High,34.70454740210002,36.416183580800016,44.5011225152,0.3333333333333333,0.1666666666666666,0.2824455473150478,0.2267920846577961,0.0319597484194673,0.7363297395640984,15958.852935542604,0.1474352012499999,0.3888396428728909,0.3333333333333333,0.1666666666666666,0.9855503787324958,0.9641353923628128,0.7866538332862238,0.4562952570627739,52.30454434254728,High,1000000,100,0.08,0.12,0.9855503787324958,0.9641353923628128,0.6075591030728303,0.8290001218762089,0.1131600048750483,11.316000487504835,113160.00487504835,0.35,39606.00170626692,73554.00316878143,30,1321,13.21,Street trees + green roofs + cool roofs + shaded corridors,Strong,Babusab Palya,,Babusab Palya,,Bengaluru,Bengaluru East City Corporation,Bangalore East,Bengaluru Urban,560113.0,"Babusab Palya, Bengaluru East City Corporation, Bengaluru, Bangalore East, Bengaluru Urban, Karnataka, 560113, India",34
8423_1450,8423,1450,13.0300035932447,77.65339202866649,13.025512037369744,13.034495149119657,77.64878269810148,77.65800135923149,6,5,High,7,37.16409355802861,36.34854666170003,32.00265386240008,43.72919687840001,4.959518862418294,0.2857142857142857,0.0,0.2503946991717706,0.2002957388061979,0.0119501016756611,-0.3125286372767836,0.0311033588339307,0.7030373856906114,0.1621780516232611,895.3321674600763,15675.365520287036,40.65869777637929,Moderate,Strong historical support + V5,36.90422271815002,37.72863490040003,44.28459094820001,0.3333333333333333,0.1666666666666666,0.1962529893378919,0.1217006848958314,0.0273388403002172,0.699044490349479,16194.55076875341,0.1770805175,55.009920677878185,High,Reliable Multi-Date Observation,High,36.90422271815002,37.72863490040003,44.28459094820001,0.3333333333333333,0.1666666666666666,0.1962529893378919,0.1217006848958314,0.0273388403002172,0.699044490349479,16194.55076875341,0.1770805175,0.5046697222194717,0.3333333333333333,0.1666666666666666,0.9937408286255482,0.9136628485116242,0.7982719993750659,0.3148292876313011,54.74833901611545,High,1000000,100,0.08,0.12,0.9937408286255482,0.9136628485116242,0.6434335333337913,0.8335984154803644,0.1133439366192145,11.334393661921457,113343.93661921455,0.5,56671.96830960728,56671.96830960728,30,1890,18.9,Street trees + green roofs + cool roofs + shaded corridors,Strong,Babusab Palya,,Babusab Palya,,Bengaluru,Bengaluru East City Corporation,Bangalore East,Bengaluru Urban,560113.0,"Babusab Palya, Bengaluru East City Corporation, Bengaluru, Bangalore East, Bengaluru Urban, Karnataka, 560113, India",34
8423_1451,8423,1451,13.03898670499461,77.65339202866649,13.034495149119657,13.043478260869565,77.64878269810148,77.65800135923149,3,2,Limited,7,37.28784053068574,36.35492126900003,31.95950135990005,44.1069222686,5.04731409929921,0.2857142857142857,0.0,0.2693668489706309,0.2064225832874589,0.0181360824569992,-0.334330261024327,0.0379780413476027,0.6901805144883979,0.1679893498863461,887.6556728606616,14965.617830608076,40.55582985002261,Moderate,Limited historical support + V5,,,,,,,,,,,,,,Limited Observation + V5,Limited,36.35492126900003,37.28784053068574,44.1069222686,0.2857142857142857,0.0,0.2693668489706309,0.2064225832874589,0.0379780413476027,0.6901805144883979,14965.617830608076,0.1679893498863461,0.4757447122527787,0.2857142857142857,0.0,0.9748830974541132,0.9016638027825996,0.7376946627363747,0.3582118857079721,50.53461574229993,High,1000000,100,0.08,0.12,0.9748830974541132,0.9016638027825996,0.5815768956381341,0.7992557930598432,0.1119702317223937,11.197023172239373,111970.23172239371,0.5,55985.115861196864,55985.115861196864,30,1867,18.67,Street trees + green roofs + cool roofs + shaded corridors,Limited,Horamavu,,Horamavu,,Bengaluru,Bengaluru East City Corporation,Bangalore East,Bengaluru Urban,,"Horamavu, Bengaluru East City Corporation, Bengaluru, Bangalore East, Bengaluru Urban, Karnataka, India",34
8423_1453,8423,1453,13.05695292849443,77.65339202866649,13.052461372619476,13.061444484369384,77.64878269810148,77.65800135923149,2,2,Limited,7,37.31661537620003,36.41887242320004,32.01095965100007,43.84911811009999,5.00842555440116,0.2857142857142857,0.0,0.2643701999483869,0.2065151162317478,0.0318070056190209,-0.335042864557119,0.031352611214249,0.7255986221336507,0.1612118277442348,893.9131523860223,13017.67688517041,41.16784561805714,Moderate,Limited historical support + V5,,,,,,,,,,,,,,Limited Observation + V5,Limited,36.41887242320004,37.31661537620003,43.84911811009999,0.2857142857142857,0.0,0.2643701999483869,0.2065151162317478,0.031352611214249,0.7255986221336507,13017.67688517041,0.1612118277442348,0.4791122398197991,0.2857142857142857,0.0,0.9866265150090068,0.9496088220303244,0.6416755304132137,0.3905538830775243,50.97285735034315,High,1000000,100,0.08,0.12,0.9866265150090068,0.9496088220303244,0.5880101971651576,0.8179255646267964,0.1127170225850718,11.271702258507185,112717.02258507186,0.35,39450.95790477515,73266.06468029671,30,1316,13.16,Street trees + green roofs + cool roofs + shaded corridors,Limited,Byrathi,,Byrathi,,Bengaluru,Bengaluru East City Corporation,Bangalore East,Bengaluru Urban,560077.0,"Byrathi, Bengaluru East City Corporation, Bengaluru, Bangalore East, Bengaluru Urban, Karnataka, 560077, India",34
8423_1454,8423,1454,13.06593604024434,77.65339202866649,13.061444484369384,13.070427596119297,77.64878269810148,77.65800135923149,7,5,High,7,36.66686198141431,35.97461527370004,31.20811802330003,43.2026850776,5.15395680829854,0.2857142857142857,0.0,0.3365887188010275,0.279684883244725,-0.008990578510294,-0.3917851567625494,0.0449809918912144,0.7000184606546324,0.1555284561473246,903.5093609169302,11792.075666639026,39.12091284140884,Low,Strong historical support + V5,38.48803919060002,37.26514976077146,43.53416465719999,0.2857142857142857,0.0,0.33600616223861,0.3048523206751055,0.0305886948481202,0.7104992853710428,12192.620719107112,0.1546306175,54.2081243404793,High,Reliable Multi-Date Observation,High,38.48803919060002,37.26514976077146,43.53416465719999,0.2857142857142857,0.0,0.33600616223861,0.3048523206751055,0.0305886948481202,0.7104992853710428,12192.620719107112,0.1546306175,0.588070025134966,0.2857142857142857,0.0,0.9879805386246668,0.9291690515332084,0.6010063420742048,0.4219590898691034,54.01118365132474,High,1000000,100,0.08,0.12,0.9879805386246668,0.9291690515332084,0.6326122360244452,0.8311303458117135,0.1132452138324685,11.324521383246854,113245.21383246854,0.35,39635.82484136399,73609.38899110456,30,1322,13.22,Street trees + green roofs + cool roofs + shaded corridors,Strong,Byrathi,,Byrathi,,Bengaluru,Bengaluru East City Corporation,Bangalore East,Bengaluru Urban,560077.0,"Byrathi, Bengaluru East City Corporation, Bengaluru, Bangalore East, Bengaluru Urban, Karnataka, 560077, India",34
8423_1456,8423,1456,13.08390226374416,77.65339202866649,13.079410707869206,13.088393819619116,77.64878269810148,77.65800135923149,7,5,High,7,37.400872010642885,36.04465050350004,31.81319301380003,43.77491289590002,4.950239705262655,0.2857142857142857,0.0,0.2999681154141694,0.294898090152197,0.0176897525371411,-0.3923044737507263,0.0744227065989,0.5918074553242146,0.1534000816242515,917.1648465883294,5390.0839433719375,38.32116691587132,Low,Strong historical support + V5,36.05263158020002,38.07819906105716,45.150170333,0.2857142857142857,0.1428571428571428,0.2952230724312356,0.2219307450157397,0.0329323692712932,0.6727373714093119,5608.921464952064,0.1558861575,49.456970423493104,Moderate,Reliable Multi-Date Observation,High,36.05263158020002,38.07819906105716,45.150170333,0.2857142857142857,0.1428571428571428,0.2952230724312356,0.2219307450157397,0.0329323692712932,0.6727373714093119,5608.921464952064,0.1558861575,0.4598268000118785,0.2857142857142857,0.1428571428571428,0.9838264313727482,0.8780512529805582,0.2764784905799312,0.4159677156580089,49.36637260337143,High,1000000,100,0.08,0.12,0.9838264313727482,0.8780512529805582,0.5644273136914054,0.7896229897021636,0.1115849195880865,11.158491958808654,111584.91958808654,0.5,55792.45979404327,55792.45979404327,30,1860,18.6,Street trees + green roofs + cool roofs + shaded corridors,Strong,Kannuru,,,,,,Bangalore East,Bengaluru Urban,562149.0,"Kannuru, Bangalore East, Bengaluru Urban, Karnataka, 562149, India",34
8423_1461,8423,1461,13.128817822493712,77.65339202866649,13.124326266618755,13.133309378368669,77.64878269810148,77.65800135923149,3,3,Moderate,7,38.52154066948574,36.386657584700025,32.468700889400026,47.12821268720004,5.521529688646515,0.2857142857142857,0.2857142857142857,0.30231320891768,0.2682029851106532,0.050995338097515,-0.3858571656566808,0.0732501060317254,0.3567139281006707,0.1591180329932592,903.3921236036392,2056.9853222754323,41.63483097690174,Moderate,Historical support + V5,41.42348603690002,39.05858078570002,43.62113617610002,0.6666666666666666,0.0,0.2777441319469992,0.2219426270759939,0.084743388928473,0.1049200035631656,2683.281572999748,0.1678270975,55.91952970480836,High,Reliable Multi-Date Observation,Moderate,41.42348603690002,39.05858078570002,43.62113617610002,0.6666666666666666,0.0,0.2777441319469992,0.2219426270759939,0.084743388928473,0.1049200035631656,2683.281572999748,0.1678270975,0.7426442200825948,0.6666666666666666,0.0,0.8919926295617427,0.1094044663353998,0.1322660058158354,0.3589861459969654,55.876188134988645,Very High,1000000,100,0.12,0.18,0.8919926295617427,0.1094044663353998,0.6599901389265295,0.6035445925010717,0.1562126755500643,15.62126755500643,156212.6755500643,0.85,132780.77421755466,23431.90133250965,30,4427,44.27,Large canopy expansion + urban forest + park restoration + shaded corridors,Moderate,Byyappanahalli,,,,,Byyappanahalli,Yelahanka taluku,Bengaluru Urban,,"Byyappanahalli, Yelahanka taluku, Bengaluru Urban, Karnataka, India",46
8423_1463,8423,1463,13.146784045993533,77.65339202866649,13.142292490118576,13.151275601868488,77.64878269810148,77.65800135923149,0,0,Prediction Only,7,40.22282838572859,39.922189112300025,33.92944300670003,47.93556610130001,5.329500847926595,0.2857142857142857,0.2857142857142857,0.2502593263873501,0.2182705443179447,0.1175400498077581,-0.4048642551690343,0.0585176103115007,0.2905040250283773,0.1772198093316423,906.1731468074836,4505.4205355876775,55.22709048591943,Very High,V5 prediction only,,,,,,,,,,,,,,V5 Prediction Only,Prediction Only,39.922189112300025,40.22282838572859,47.93556610130001,0.2857142857142857,0.2857142857142857,0.2502593263873501,0.2182705443179447,0.0585176103115007,0.2905040250283773,4505.4205355876775,0.1772198093316423,0.663589215632455,0.2857142857142857,0.2857142857142857,0.9384771992881482,0.3606270773890522,0.2220840275426734,0.3141645939633034,50.27234833971629,High,1000000,100,0.08,0.12,0.9384771992881482,0.3606270773890522,0.5777268612037876,0.6497145335796299,0.1059885813431852,10.59885813431852,105988.5813431852,0.85,90090.29414170742,15898.287201477782,30,3004,30.04,Tree canopy expansion + parks + connected green corridors,Model Only,Hosahalli,,,,,,Yelahanka taluku,Bengaluru Urban,562149.0,"Hosahalli, Yelahanka taluku, Bengaluru Urban, Karnataka, 562149, India",47
8424_1425,8424,1425,12.805425799496946,77.66261068979651,12.80093424362199,12.8099173553719,77.65800135923149,77.66722002036151,2,2,Limited,7,38.28434473014289,36.08987090810007,32.09548728560006,46.21679765420006,5.466658746592944,0.2857142857142857,0.2857142857142857,0.2341367660774896,0.1916059584230122,0.0663080519144827,-0.3130785736390418,0.0314055589347698,0.6836766332317827,0.1534821212895274,917.0194461084732,4481.414892882266,43.707890082191575,High,Limited historical support + V5,,,,,,,,,,,,,,Limited Observation + V5,Limited,36.08987090810007,38.28434473014289,46.21679765420006,0.2857142857142857,0.2857142857142857,0.2341367660774896,0.1916059584230122,0.0314055589347698,0.6836766332317827,4481.414892882266,0.1534821212895274,0.4617877413717249,0.2857142857142857,0.2857142857142857,0.986532666431912,0.8928595855963908,0.2209007262784169,0.4274396564595469,50.82192000728415,High,1000000,100,0.08,0.12,0.986532666431912,0.8928595855963908,0.5857944663405058,0.8028191161864691,0.1121127646474587,11.211276464745875,112112.76464745875,0.5,56056.38232372938,56056.38232372938,30,1869,18.69,Street trees + green roofs + cool roofs + shaded corridors,Limited,Hyarandahalli,,,,,Hyarandahalli,Anekal,Bengaluru Urban,,"Hyarandahalli, Anekal, Bengaluru Urban, Karnataka, India",42
8424_1426,8424,1426,12.814408911246856,77.66261068979651,12.8099173553719,12.81890046712181,77.65800135923149,77.66722002036151,2,2,Limited,7,38.51657233327145,36.377651102000016,32.39740099220005,46.52773493360005,5.561261094859103,0.2857142857142857,0.2857142857142857,0.2443295020407834,0.2027928517663097,0.0653339228893191,-0.318067057701514,0.0321531889729164,0.657034028168019,0.1673116974861374,920.5718766724676,7702.004841490025,44.601720143672544,Very High,Limited historical support + V5,,,,,,,,,,,,,,Limited Observation + V5,Limited,36.377651102000016,38.51657233327145,46.52773493360005,0.2857142857142857,0.2857142857142857,0.2443295020407834,0.2027928517663097,0.0321531889729164,0.657034028168019,7702.004841490025,0.1673116974861374,0.4769416154233114,0.2857142857142857,0.2857142857142857,0.9852075099457938,0.8567938469808244,0.3796520750594399,0.3614456091374899,51.35978800267914,High,1000000,100,0.08,0.12,0.9852075099457938,0.8567938469808244,0.593690263847187,0.7964971957651087,0.1118598878306043,11.185988783060436,111859.88783060436,0.5,55929.943915302174,55929.943915302174,30,1865,18.65,Street trees + green roofs + cool roofs + shaded corridors,Limited,Hyarandahalli,,,,,Hyarandahalli,Anekal,Bengaluru Urban,,"Hyarandahalli, Anekal, Bengaluru Urban, Karnataka, India",42
8424_1427,8424,1427,12.823392022996766,77.66261068979651,12.81890046712181,12.827883578871722,77.65800135923149,77.66722002036151,3,3,Moderate,7,37.78758923488574,36.60320624180003,32.006755486400046,44.17001891780004,4.859877031125244,0.2857142857142857,0.0,0.2581509446493107,0.223016429035354,0.0364789578859544,-0.3384018746352389,0.048409281750458,0.5579246582207928,0.1624499714565452,921.5632695593014,8937.645744598738,40.23429277299667,Moderate,Historical support + V5,44.30716697030005,41.66065674800005,45.88000305350006,0.6666666666666666,0.6666666666666666,0.1202657544929982,0.0881755383990247,0.0405069673433899,0.44471575319767,9808.159868191384,0.17428143,74.63464103423593,Very High,Reliable Multi-Date Observation,Moderate,44.30716697030005,41.66065674800005,45.88000305350006,0.6666666666666666,0.6666666666666666,0.1202657544929982,0.0881755383990247,0.0405069673433899,0.44471575319767,9808.159868191384,0.17428143,0.8944925355538748,0.6666666666666666,0.6666666666666666,0.9704006361895308,0.5693814340406457,0.4834699955541963,0.3281863934679109,74.47621522830951,Very High,1000000,100,0.12,0.18,0.9704006361895308,0.5693814340406457,0.9330349172085988,0.8551995480599367,0.1713119728835962,17.13119728835962,171311.9728835962,0.7,119918.38101851734,51393.59186507887,30,3998,39.98,Large canopy expansion + urban forest + park restoration + shaded corridors,Moderate,Thirupalya,,,,,Thirupalya,Anekal,Bengaluru Urban,,"Thirupalya, Anekal, Bengaluru Urban, Karnataka, India",42
8424_1444,8424,1444,12.97610492274524,77.66261068979651,12.971613366870285,12.980596478620194,77.65800135923149,77.66722002036151,5,3,Moderate,7,36.56333503850002,36.10950743300002,30.199101429200027,43.340790175700015,5.370749852951247,0.2857142857142857,0.0,0.2934987183378882,0.2627294106166872,-0.0089131818439275,-0.3224693131981812,0.0575069600182923,0.6332835759966816,0.1414037318523029,899.0854179745548,11255.25061254812,38.99741466844132,Low,Historical support + V5,39.43667646140005,38.21039000798002,41.780190604100056,0.2,0.0,0.2415752950458066,0.2039493983338475,0.0324633121490478,0.6633338928222656,12184.00590938793,0.1336657174999999,53.37350452088335,High,Reliable Multi-Date Observation,Moderate,39.43667646140005,38.21039000798002,41.780190604100056,0.2,0.0,0.2415752950458066,0.2039493983338475,0.0324633121490478,0.6633338928222656,12184.00590938793,0.1336657174999999,0.6380231839244214,0.2,0.0,0.9846578239816438,0.8653218896174105,0.6005816954460294,0.5220025462290568,53.17670298200684,High,1000000,100,0.08,0.12,0.9846578239816438,0.8653218896174105,0.6203622221835299,0.8091055996713399,0.1123642239868535,11.236422398685358,112364.22398685358,0.5,56182.11199342679,56182.11199342679,30,1873,18.73,Street trees + green roofs + cool roofs + shaded corridors,Moderate,New Thippasandra,,New Thippasandra,,Bengaluru,Bengaluru Central City Corporation,Bangalore East,Bengaluru Urban,,"New Thippasandra, Bengaluru Central City Corporation, Bengaluru, Bangalore East, Bengaluru Urban, Karnataka, India",48
8424_1447,8424,1447,13.00305425799497,77.66261068979651,12.998562702120015,13.007545813869925,77.65800135923149,77.66722002036151,5,3,Moderate,7,36.648514538342894,36.154710747500026,31.33916491010004,43.22158672820004,5.112694837707679,0.2857142857142857,0.0,0.2897351043686174,0.2565236626078651,-0.016226645747519,-0.3406869237244021,0.0526603001066878,0.6328920662328608,0.1411741312585465,903.8226085044352,12057.98053660444,39.17574776942268,Low,Historical support + V5,43.95188088140003,40.57489762952002,45.82861312280004,0.6,0.6,0.2947421638018199,0.2192474674384949,0.0305815051542595,0.5966487536206841,12287.391912037314,0.1693993825,74.82820597438602,Very High,Reliable Multi-Date Observation,Moderate,43.95188088140003,40.57489762952002,45.82861312280004,0.6,0.6,0.2947421638018199,0.2192474674384949,0.0305815051542595,0.5966487536206841,12287.391912037314,0.1693993825,0.8757839490785194,0.6,0.6,0.987993282186277,0.7750511073785531,0.6056778634238134,0.351483280455851,74.62973449833358,Very High,1000000,100,0.12,0.18,0.987993282186277,0.7750511073785531,0.935288550218671,0.9136758456973036,0.1748205507418382,17.482055074183823,174820.55074183823,0.5,87410.27537091912,87410.27537091912,30,2914,29.14,Street-tree corridors + pocket parks + green roofs + shaded public spaces,Moderate,Kasturi Nagar,,Kasturi Nagar,,Bengaluru,Bengaluru Central City Corporation,Bangalore East,Bengaluru Urban,560033.0,"Kasturi Nagar, Bengaluru Central City Corporation, Bengaluru, Bangalore East, Bengaluru Urban, Karnataka, 560033, India",34
8424_1448,8424,1448,13.01203736974488,77.66261068979651,13.007545813869925,13.016528925619834,77.65800135923149,77.66722002036151,3,2,Limited,7,36.8888233173286,36.15865856060003,31.181115665300048,43.45449061100002,5.108894923870047,0.2857142857142857,0.0,0.2400526655794,0.2119071854618722,0.004511491025122,-0.293906146895631,0.0353250002187889,0.7002216500601294,0.152685048189605,915.2138618426884,13294.074154052769,39.86496018005119,Low,Limited historical support + V5,,,,,,,,,,,,,,Limited Observation + V5,Limited,36.15865856060003,36.8888233173286,43.45449061100002,0.2857142857142857,0.0,0.2400526655794,0.2119071854618722,0.0353250002187889,0.7002216500601294,13294.074154052769,0.152685048189605,0.4654099483351797,0.2857142857142857,0.0,0.9795855498442037,0.9152563538888756,0.6552998787266132,0.4312432495073449,50.384218020634144,High,1000000,100,0.08,0.12,0.9795855498442037,0.9152563538888756,0.5793690863505279,0.8034166654579012,0.112136666618316,11.213666661831605,112136.66661831604,0.35,39247.833316410615,72888.83330190543,30,1309,13.09,Street trees + green roofs + cool roofs + shaded corridors,Limited,Dooravaninagar,,Dooravaninagar,,Bengaluru,Bengaluru East City Corporation,Bangalore East,Bengaluru Urban,,"Dooravaninagar, Bengaluru East City Corporation, Bengaluru, Bangalore East, Bengaluru Urban, Karnataka, India",34
8424_1449,8424,1449,13.021020481494787,77.66261068979651,13.016528925619834,13.025512037369744,77.65800135923149,77.66722002036151,5,4,Moderate,7,37.04421871374289,36.293875431800025,31.720752662900075,43.42955615510001,5.021248178794318,0.2857142857142857,0.0,0.2188133309508983,0.1714692488105148,0.0258088241299012,-0.2830643982179783,0.0304573276487222,0.7075115550223844,0.1686349384052736,908.4894462519912,13518.770755865598,40.48301905858779,Moderate,Historical support + V5,35.70828315530003,37.931520592220025,43.21910866369999,0.4,0.0,0.1515821828400198,0.1041619797525309,0.0293961178977042,0.7011915752664208,12856.126943990555,0.17034376,52.379036864646366,Moderate,Reliable Multi-Date Observation,Moderate,35.70828315530003,37.931520592220025,43.21910866369999,0.4,0.0,0.1515821828400198,0.1041619797525309,0.0293961178977042,0.7011915752664208,12856.126943990555,0.17034376,0.4416941669418943,0.4,0.0,0.9900943529451248,0.9165693286855606,0.6337123089329743,0.3469767581634206,52.17137892477128,High,1000000,100,0.08,0.12,0.9900943529451248,0.9165693286855606,0.6056042606530285,0.8179170599633953,0.1127166823985358,11.27166823985358,112716.6823985358,0.35,39450.83883948753,73265.84355904828,30,1316,13.16,Street trees + green roofs + cool roofs + shaded corridors,Moderate,Hoysala Nagara East,,Hoysala Nagara East,,Bengaluru,Bengaluru East City Corporation,Bangalore East,Bengaluru Urban,,"Hoysala Nagara East, Bengaluru East City Corporation, Bengaluru, Bangalore East, Bengaluru Urban, Karnataka, India",34
8424_1450,8424,1450,13.0300035932447,77.66261068979651,13.025512037369744,13.034495149119657,77.65800135923149,77.66722002036151,4,4,Moderate,7,36.85852012858575,36.19338564380003,31.23129219890005,43.8494257319,5.179412845497671,0.2857142857142857,0.0,0.2454352484129962,0.2070045029377018,-0.0029005589603628,-0.2934929765731911,0.0322170695627987,0.6861715434029371,0.1585543788019897,895.8096224661375,14405.840646772427,39.86446982788186,Low,Historical support + V5,38.21871630470002,38.64631487922503,45.776898480200025,0.5,0.5,0.1937922881847817,0.1402603273214947,0.0263344568083993,0.7236996024148539,13523.904754254836,0.1789563749999999,64.20081703619367,Very High,Reliable Multi-Date Observation,Moderate,38.21871630470002,38.64631487922503,45.776898480200025,0.5,0.5,0.1937922881847817,0.1402603273214947,0.0263344568083993,0.7236996024148539,13523.904754254836,0.1789563749999999,0.5738880724549377,0.5,0.5,0.995521074510307,0.947038144401766,0.6666288334695177,0.3058777892726765,63.98237284903138,Very High,1000000,100,0.12,0.18,0.995521074510307,0.947038144401766,0.7789873531162924,0.896786853425566,0.1738072112055339,17.380721120553392,173807.21120553394,0.35,60832.52392193688,112974.68728359709,30,2028,20.28,Street trees + pocket parks + green roofs + cool roofs + reflective pavement,Moderate,Horamavu,,Horamavu,,Bengaluru,Bengaluru East City Corporation,Bangalore East,Bengaluru Urban,,"Horamavu, Bengaluru East City Corporation, Bengaluru, Bangalore East, Bengaluru Urban, Karnataka, India",34
8424_1458,8424,1458,13.101868487243982,77.66261068979651,13.097376931369029,13.106360043118936,77.65800135923149,77.66722002036151,2,1,Limited,7,38.68726336918572,36.78323335520002,32.34249050090005,46.63335175160002,5.544317458911102,0.2857142857142857,0.2857142857142857,0.2558072606307439,0.2339718995237461,0.0681997819763527,-0.3615412112965119,0.0331528887905898,0.6231563286989835,0.1794506659821894,906.090019763898,3565.7675340026567,45.89814702408189,Very High,Limited historical support + V5,,,,,,,,,,,,,,Limited Observation + V5,Limited,36.78323335520002,38.68726336918572,46.63335175160002,0.2857142857142857,0.2857142857142857,0.2558072606307439,0.2339718995237461,0.0331528887905898,0.6231563286989835,3565.7675340026567,0.1794506659821894,0.4982986876361695,0.2857142857142857,0.2857142857142857,0.9834355657622172,0.8109340577063614,0.1757660597888944,0.3035190573776618,50.20626027841474,High,1000000,100,0.08,0.12,0.9834355657622172,0.8109340577063614,0.5767567013242004,0.7776386429730465,0.1111055457189218,11.110554571892187,111105.54571892189,0.5,55552.772859460936,55552.772859460936,30,1852,18.52,Street trees + green roofs + cool roofs + shaded corridors,Limited,Kannuru,,,,,Kadasonnappanahalli,Bangalore East,Bengaluru Urban,562149.0,"Kada Sonappana Halli, Kadasonnappanahalli, Kannuru, Bangalore East, Bengaluru Urban, Karnataka, 562149, India",49
8425_1426,8425,1426,12.814408911246856,77.67182935092652,12.8099173553719,12.81890046712181,77.66722002036151,77.67643868149152,0,0,Prediction Only,7,38.23907305524288,36.00821441030004,31.88816728250005,46.41184696550005,5.658080638617699,0.2857142857142857,0.2857142857142857,0.2249847034031897,0.1869798525837131,0.065920127959942,-0.294384274837587,0.0345663386369513,0.6803381745568658,0.15546495258047,924.2240990591796,6780.735584444433,43.345287388446415,High,V5 prediction only,,,,,,,,,,,,,,V5 Prediction Only,Prediction Only,36.00821441030004,38.23907305524288,46.41184696550005,0.2857142857142857,0.2857142857142857,0.2249847034031897,0.1869798525837131,0.0345663386369513,0.6803381745568658,6780.735584444433,0.15546495258047,0.4574878892297618,0.2857142857142857,0.2857142857142857,0.9809302594795108,0.8883403586791933,0.3342402904236147,0.4179776845100235,51.08308403054564,High,1000000,100,0.08,0.12,0.9809302594795108,0.8883403586791933,0.5896283033811139,0.8012620018400727,0.1120504800736029,11.205048007360292,112050.48007360291,0.5,56025.24003680146,56025.24003680146,30,1868,18.68,Street trees + green roofs + cool roofs + shaded corridors,Model Only,Hyarandahalli,,,,,Hyarandahalli,Anekal,Bengaluru Urban,,"Hyarandahalli, Anekal, Bengaluru Urban, Karnataka, India",42
8425_1428,8425,1428,12.832375134746677,77.67182935092652,12.827883578871722,12.836866690621632,77.66722002036151,77.67643868149152,3,3,Moderate,7,38.105426031800015,36.18231125900002,32.28976754240004,45.00914282779997,5.063873130287231,0.2857142857142857,0.1428571428571428,0.2667092078596127,0.2179736149874459,0.050035961370521,-0.352086091232799,0.0323784389089076,0.6249931226013291,0.1653085563701123,910.091751378788,6031.024437085458,41.35089367663389,Moderate,Historical support + V5,39.45046817210004,38.22505103510003,44.07993700070001,0.3333333333333333,0.3333333333333333,0.2415422402773409,0.1855182205395172,0.0252023376524448,0.7524376511573792,5536.244214266563,0.1668193325,58.924349770211,High,Reliable Multi-Date Observation,Moderate,39.45046817210004,38.22505103510003,44.07993700070001,0.3333333333333333,0.3333333333333333,0.2415422402773409,0.1855182205395172,0.0252023376524448,0.7524376511573792,5536.244214266563,0.1668193325,0.6387494251715039,0.3333333333333333,0.3333333333333333,0.9975277288259776,0.9859404571369046,0.2728960377510613,0.3637951502754779,58.834925865703184,Very High,1000000,100,0.12,0.18,0.9975277288259776,0.9859404571369046,0.7034238330617301,0.8769893525980104,0.1726193611558806,17.26193611558806,172619.36115588062,0.35,60416.77640455821,112202.5847513224,30,2014,20.14,Street trees + pocket parks + green roofs + cool roofs + reflective pavement,Moderate,Hebbagodi,,,,,Hebbagodi,Anekal,Bengaluru Urban,,"Hebbagodi, Anekal, Bengaluru Urban, Karnataka, India",42
8425_1449,8425,1449,13.021020481494787,77.67182935092652,13.016528925619834,13.025512037369744,77.66722002036151,77.67643868149152,2,2,Limited,7,37.09980304327146,36.44401196030002,31.533342626300044,43.52932815890001,4.950607417343384,0.2857142857142857,0.0,0.1977245387582911,0.1503352976674523,0.0280973206763932,-0.2602719504883873,0.0286754668562462,0.688570615744548,0.1571114944096921,904.6657870000888,10247.70432668233,40.89892173570451,Moderate,Limited historical support + V5,,,,,,,,,,,,,,Limited Observation + V5,Limited,36.44401196030002,37.09980304327146,43.52932815890001,0.2857142857142857,0.0,0.1977245387582911,0.1503352976674523,0.0286754668562462,0.688570615744548,10247.70432668233,0.1571114944096921,0.4804360327249518,0.2857142857142857,0.0,0.991371689800374,0.8994845043561035,0.505136297923682,0.4101204690863096,49.997642350222286,High,1000000,100,0.08,0.12,0.991371689800374,0.8994845043561035,0.5736942307340674,0.8013289098127838,0.1120531563925113,11.205315639251134,112053.15639251134,0.5,56026.57819625567,56026.57819625567,30,1868,18.68,Street trees + green roofs + cool roofs + shaded corridors,Limited,Hoysala Nagara East,,Hoysala Nagara East,,Bengaluru,Bengaluru East City Corporation,Bangalore East,Bengaluru Urban,,"Hoysala Nagara East, Bengaluru East City Corporation, Bengaluru, Bangalore East, Bengaluru Urban, Karnataka, India",34
8425_1450,8425,1450,13.0300035932447,77.67182935092652,13.025512037369744,13.034495149119657,77.66722002036151,77.67643868149152,6,3,Moderate,7,37.157291698228605,36.3767453267,31.909444457000067,43.71167952590002,4.945855206474275,0.2857142857142857,0.0,0.2275420297341658,0.1937897161739461,0.0239989398715752,-0.2929790989993505,0.0300328640270812,0.6983616288438843,0.1645906132322924,899.6785099778257,11372.37125822798,40.72563001045341,Moderate,Historical support + V5,43.774904350850015,41.56586366000002,44.851435385,0.6666666666666666,0.5,0.1709645435121843,0.0777875549251457,0.026458692853339,0.7233408216852695,11375.393599002737,0.1988592387499999,76.09751436387853,Very High,Reliable Multi-Date Observation,Moderate,43.774904350850015,41.56586366000002,44.851435385,0.6666666666666666,0.5,0.1709645435121843,0.0777875549251457,0.026458692853339,0.7233408216852695,11375.393599002737,0.1988592387499999,0.8664647530014813,0.6666666666666666,0.5,0.9953008690713046,0.9465524677202808,0.5607230680010541,0.2109023168873461,75.91377389442549,Very High,1000000,100,0.12,0.18,0.9953008690713046,0.9465524677202808,0.9541379986873376,0.9666486205799618,0.1779989172347977,17.79989172347977,177998.91723479773,0.35,62299.6210321792,115699.29620261853,30,2077,20.77,Street trees + pocket parks + green roofs + cool roofs + reflective pavement,Moderate,Kalkere,,Kalkere,,Bengaluru,Bengaluru East City Corporation,Bangalore East,Bengaluru Urban,560016.0,"Kalkere, Bengaluru East City Corporation, Bengaluru, Bangalore East, Bengaluru Urban, Karnataka, 560016, India",34
8425_1453,8425,1453,13.05695292849443,77.67182935092652,13.052461372619476,13.061444484369384,77.66722002036151,77.67643868149152,8,7,Very High,7,37.40740775317146,36.136646511800016,31.91248649480005,44.29147825850002,5.152647083992974,0.2857142857142857,0.1428571428571428,0.3098332472385608,0.2585744108579148,0.0194152612684627,-0.3842656700677239,0.0538509399502791,0.6509046113620457,0.1648432598106402,888.3443005640913,12129.981765187404,41.425899987034455,Moderate,Strong historical support + V5,40.62091785080004,39.37182380442503,47.79378663170003,0.5,0.25,0.2897896159703745,0.217045041124209,0.0352920370642095,0.7433498591417447,12079.113991383336,0.17940348375,65.13341096492485,Very High,Reliable Multi-Date Observation,Very High,40.62091785080004,39.37182380442503,47.79378663170003,0.5,0.25,0.2897896159703745,0.217045041124209,0.0352920370642095,0.7433498591417447,12079.113991383336,0.17940348375,0.7003827390364123,0.5,0.25,0.979643976252808,0.973638434468923,0.5954112969398003,0.30374420863462,64.93830368744582,Very High,1000000,100,0.12,0.18,0.979643976252808,0.973638434468923,0.7930202318061085,0.903493093028157,0.1742095855816894,17.42095855816894,174209.58558168943,0.35,60973.3549535913,113236.23062809811,30,2033,20.33,Street trees + pocket parks + green roofs + cool roofs + reflective pavement,Strong,Byrathi,,Byrathi,,Bengaluru,Bengaluru East City Corporation,Bangalore East,Bengaluru Urban,560077.0,"Byrathi, Bengaluru East City Corporation, Bengaluru, Bangalore East, Bengaluru Urban, Karnataka, 560077, India",34
8425_1454,8425,1454,13.06593604024434,77.67182935092652,13.061444484369384,13.070427596119297,77.66722002036151,77.67643868149152,2,2,Limited,7,37.66835160718574,36.61764737630004,31.89553311560002,44.484972370700014,5.220311423869382,0.2857142857142857,0.2857142857142857,0.356317673708589,0.3139550291852518,0.025117257714222,-0.4318868816102394,0.0749228437871959,0.5435457456432234,0.1538647780152985,892.6528358251338,9077.418379375737,44.43444089241866,Very High,Limited historical support + V5,,,,,,,,,,,,,,Limited Observation + V5,Limited,36.61764737630004,37.66835160718574,44.484972370700014,0.2857142857142857,0.2857142857142857,0.356317673708589,0.3139550291852518,0.0749228437871959,0.5435457456432234,9077.418379375737,0.1538647780152985,0.489579293035194,0.2857142857142857,0.2857142857142857,0.9093993125829888,0.7031662747643328,0.4474498257061579,0.4256136376640591,49.725348544295066,High,1000000,100,0.08,0.12,0.9093993125829888,0.7031662747643328,0.5696970106497119,0.721960132355014,0.1088784052942005,10.887840529420057,108878.40529420057,0.5,54439.20264710028,54439.20264710028,30,1815,18.15,Tree canopy expansion + parks + connected green corridors,Limited,Dodda Gubbi,,,,,,Bangalore East,Bengaluru Urban,560077.0,"Dodda Gubbi, Bangalore East, Bengaluru Urban, Karnataka, 560077, India",34
8425_1456,8425,1456,13.08390226374416,77.67182935092652,13.079410707869206,13.088393819619116,77.66722002036151,77.67643868149152,3,3,Moderate,7,38.042229283442886,36.5354098151,32.09858059370004,44.564441335700025,4.945432243876513,0.2857142857142857,0.2857142857142857,0.3394490037364311,0.3130110792110963,0.02862161064045,-0.432515476748149,0.1047244079869213,0.510285233808971,0.1602703942410726,893.6102876204332,4344.529749310816,43.77027496811861,High,Historical support + V5,36.05705791609999,37.4171108609,44.12596063999997,0.3333333333333333,0.3333333333333333,0.3162335673490958,0.2319039451114923,0.028532207943499,0.7040454657981172,5053.711507397311,0.179685675,52.38634482299065,Moderate,Reliable Multi-Date Observation,Moderate,36.05705791609999,37.4171108609,44.12596063999997,0.3333333333333333,0.3333333333333333,0.3162335673490958,0.2319039451114923,0.028532207943499,0.7040454657981172,5053.711507397311,0.179685675,0.4600598811556124,0.3333333333333333,0.3333333333333333,0.9916256128207648,0.9204326021795476,0.2491107315590803,0.3023976060748876,52.30471500361183,High,1000000,100,0.08,0.12,0.9916256128207648,0.9204326021795476,0.6075616083440484,0.8202017583697739,0.1128080703347909,11.280807033479096,112808.07033479096,0.35,39482.82461717683,73325.24571761413,30,1317,13.17,Street trees + green roofs + cool roofs + shaded corridors,Moderate,Gollahalli,,,,,,Bangalore East,Bengaluru Urban,562149.0,"Gollahalli, Bangalore East, Bengaluru Urban, Karnataka, 562149, India",50
8425_1461,8425,1461,13.128817822493712,77.67182935092652,13.124326266618755,13.133309378368669,77.66722002036151,77.67643868149152,3,3,Moderate,7,38.85371850174288,36.87141827119999,32.28766546010004,47.2120396277,5.746662665334908,0.2857142857142857,0.2857142857142857,0.3076725809818439,0.276227331156704,0.0691872623965651,-0.4112658488110546,0.0614352211381381,0.4518716256663427,0.1739613438306126,894.5023724097808,3869.292123490465,44.54083901261235,Very High,Historical support + V5,41.2784423582,39.98971779410001,42.64517183540001,0.6666666666666666,0.0,0.246106938711183,0.1413707306039357,0.0279016813728958,0.2621528750751167,4024.9223594996215,0.2017900925,58.87208548621172,High,Reliable Multi-Date Observation,Moderate,41.2784423582,39.98971779410001,42.64517183540001,0.6666666666666666,0.0,0.246106938711183,0.1413707306039357,0.0279016813728958,0.2621528750751167,4024.9223594996215,0.2017900925,0.7350065379710766,0.6666666666666666,0.0,0.992743206191914,0.3222485043772216,0.1983990087237531,0.1969164290827042,58.80707313148218,Very High,1000000,100,0.12,0.18,0.992743206191914,0.3222485043772216,0.703014960343332,0.7092282323988082,0.1625536939439285,16.25536939439285,162553.6939439285,0.85,138170.63985233923,24383.054091589263,30,4606,46.06,Large canopy expansion + urban forest + park restoration + shaded corridors,Moderate,Bagaluru,,,,,,Yelahanka taluku,Bengaluru Urban,562149.0,"Bagaluru, Yelahanka taluku, Bengaluru Urban, Karnataka, 562149, India",51
8426_1424,8426,1424,12.796442687747035,77.68104801205654,12.79195113187208,12.80093424362199,77.67643868149152,77.68565734262154,0,0,Prediction Only,7,37.9560707650143,36.53768279840002,32.11538016200002,45.14037770569999,5.316153936678041,0.2857142857142857,0.2857142857142857,0.3315682164995169,0.293477334749824,0.0448588227687092,-0.4252286921713771,0.0602804957138945,0.5604943151716728,0.1509790291540867,894.4224032831974,6124.880176051555,44.28152986885968,Very High,V5 prediction only,,,,,,,,,,,,,,V5 Prediction Only,Prediction Only,36.53768279840002,37.9560707650143,45.14037770569999,0.2857142857142857,0.2857142857142857,0.3315682164995169,0.293477334749824,0.0602804957138945,0.5604943151716728,6124.880176051555,0.1509790291540867,0.4853685336856242,0.2857142857142857,0.2857142857142857,0.9353525267816014,0.7261093269567845,0.3019114524314613,0.4393842871907645,49.55891587997173,High,1000000,100,0.08,0.12,0.9353525267816014,0.7261093269567845,0.5672538115241914,0.7358022407224332,0.1094320896288973,10.943208962889733,109432.08962889732,0.5,54716.04481444866,54716.04481444866,30,1824,18.24,Tree canopy expansion + parks + connected green corridors,Model Only,Hosahalli,,,,,Hosahalli,Anekal,Bengaluru Urban,,"Hosahalli, Anekal, Bengaluru Urban, Karnataka, India",42
8426_1425,8426,1425,12.805425799496946,77.68104801205654,12.80093424362199,12.8099173553719,77.67643868149152,77.68565734262154,2,2,Limited,7,38.45700112755717,36.149976789800014,32.102186604800046,46.113556360100056,5.586036432994807,0.2857142857142857,0.2857142857142857,0.2667406096860437,0.2269857580100232,0.0672340962475813,-0.3642769114680396,0.0377362912056915,0.6180947988522948,0.1534671010549588,905.0859217726628,6974.968571479501,43.29440327508642,High,Limited historical support + V5,,,,,,,,,,,,,,Limited Observation + V5,Limited,36.149976789800014,38.45700112755717,46.113556360100056,0.2857142857142857,0.2857142857142857,0.2667406096860437,0.2269857580100232,0.0377362912056915,0.6180947988522948,6974.968571479501,0.1534671010549588,0.4649527853196668,0.2857142857142857,0.2857142857142857,0.9753115938389932,0.8040823323586084,0.3438145451911034,0.4275113322691897,50.47571017806245,High,1000000,100,0.08,0.12,0.9753115938389932,0.8040823323586084,0.5807121734177789,0.7746645103004113,0.1109865804120164,11.098658041201643,110986.58041201644,0.5,55493.29020600823,55493.29020600823,30,1850,18.5,Street trees + green roofs + cool roofs + shaded corridors,Limited,Kachanayakanahalli,,,,,Kachanayakanahalli,Anekal,Bengaluru Urban,,"Kachanayakanahalli, Anekal, Bengaluru Urban, Karnataka, India",42
8426_1426,8426,1426,12.814408911246856,77.68104801205654,12.8099173553719,12.81890046712181,77.67643868149152,77.68565734262154,2,2,Limited,7,37.9597573437286,35.96354088890004,31.985068149500048,46.22747896670003,5.421470433383239,0.2857142857142857,0.1428571428571428,0.2364512922891864,0.1999771771006402,0.0620435340154497,-0.298012695805549,0.0314050027015965,0.7041877146484605,0.1478067815611965,918.3985561434793,4935.06471195931,41.260813438115264,Moderate,Limited historical support + V5,,,,,,,,,,,,,,Limited Observation + V5,Limited,35.96354088890004,37.9597573437286,46.22747896670003,0.2857142857142857,0.1428571428571428,0.2364512922891864,0.1999771771006402,0.0314050027015965,0.7041877146484605,4935.06471195931,0.1478067815611965,0.4551354795397058,0.2857142857142857,0.1428571428571428,0.986533652342001,0.9206251625482716,0.2432623189685638,0.4545220943647684,49.718671434899136,High,1000000,100,0.08,0.12,0.986533652342001,0.9206251625482716,0.569598991983103,0.8032826657500095,0.1121313066300003,11.213130663000037,112131.30663000036,0.35,39245.95732050013,72885.34930950025,30,1309,13.09,Street trees + green roofs + cool roofs + shaded corridors,Limited,Bommasandra,,Bommasandra,,,Bommasandra,Anekal,Bengaluru Urban,560099.0,"Bommasandra, Kittaganahalli, Anekal, Bengaluru Urban, Karnataka, 560099, India",42
8426_1431,8426,1431,12.859324469996409,77.68104801205654,12.854832914121452,12.863816025871362,77.67643868149152,77.68565734262154,1,1,Limited,7,38.60719869212859,36.74472935990003,32.33502212720005,46.36854065210001,5.504251871190088,0.2857142857142857,0.2857142857142857,0.2235324221240291,0.1713573693892888,0.0824668746313207,-0.3249870191689017,0.0297839587061216,0.665083643256514,0.1736800601518828,920.2386872414434,3630.11404379324,46.16218191200514,Very High,Limited historical support + V5,,,,,,,,,,,,,,Limited Observation + V5,Limited,36.74472935990003,38.60719869212859,46.36854065210001,0.2857142857142857,0.2857142857142857,0.2235324221240291,0.1713573693892888,0.0297839587061216,0.665083643256514,3630.11404379324,0.1736800601518828,0.4962711516638302,0.2857142857142857,0.2857142857142857,0.9894069143235712,0.8676905034092318,0.1789378684890434,0.331056100366408,50.95611314313805,High,1000000,100,0.08,0.12,0.9894069143235712,0.8676905034092318,0.5877643954617038,0.7983208040502393,0.1119328321620095,11.193283216200957,111932.83216200957,0.5,55966.41608100478,55966.41608100478,30,1866,18.66,Street trees + green roofs + cool roofs + shaded corridors,Limited,Electronics City Phase 2 (East),,,Electronic City,,,Bangalore South,Bengaluru Urban,560100.0,"Electronics City Phase 2 (East), Electronic City, Bangalore South, Bengaluru Urban, Karnataka, 560100, India",52
8426_1433,8426,1433,12.877290693496228,77.68104801205654,12.872799137621271,12.881782249371184,77.67643868149152,77.68565734262154,4,4,Moderate,7,37.69422113570003,36.219072064100025,32.16309572120004,44.26346758460002,5.121426259716056,0.2857142857142857,0.1428571428571428,0.3154095851804095,0.2821393912193137,0.0215778493648863,-0.392010148319974,0.1051553101871405,0.491530544598799,0.1696634648377682,907.5551750299578,1683.6374074839246,40.16447805737632,Moderate,Historical support + V5,38.636005276400034,38.20282678422503,42.93380653430004,0.5,0.0,0.2312512661789155,0.1486901258466288,0.0303333718329667,0.6651232071453705,1879.5419783636908,0.1568245674999999,56.4308302314626,High,Reliable Multi-Date Observation,Moderate,38.636005276400034,38.20282678422503,42.93380653430004,0.5,0.0,0.2312512661789155,0.1486901258466288,0.0303333718329667,0.6651232071453705,1879.5419783636908,0.1568245674999999,0.5958615947969811,0.5,0.0,0.988433092605008,0.8677440605171309,0.0926475673454722,0.4114896699777179,56.40047102477182,Very High,1000000,100,0.12,0.18,0.988433092605008,0.8677440605171309,0.667686509726405,0.8299622014315975,0.1697977320858958,16.979773208589584,169797.73208589584,0.5,84898.86604294792,84898.86604294792,30,2830,28.3,Street-tree corridors + pocket parks + green roofs + shaded public spaces,Moderate,Rayasandra,,,,,Rayasandra,Anekal,Bengaluru Urban,,"Rayasandra, Anekal, Bengaluru Urban, Karnataka, India",53
8426_1435,8426,1435,12.895256916996049,77.68104801205654,12.890765361121092,12.899748472871002,77.67643868149152,77.68565734262154,3,3,Moderate,7,37.39867715351432,36.24116956340003,31.987665844700047,43.93315013180001,5.073214475717922,0.2857142857142857,0.0,0.2906230555991906,0.2467111308760791,0.0252300400351317,-0.3744123671917257,0.0600204211035941,0.6096175638634331,0.1636592549036494,905.5778071624566,4965.755578208144,39.29158257061167,Low,Historical support + V5,34.67793811640001,37.14990714740001,45.51765875330002,0.3333333333333333,0.3333333333333333,0.3164738245136407,0.5255454294393814,0.0358173644635826,0.6950973349157721,4561.797891182818,0.14819691,50.51501080406028,Moderate,Reliable Multi-Date Observation,Moderate,34.67793811640001,37.14990714740001,45.51765875330002,0.3333333333333333,0.3333333333333333,0.3164738245136407,0.5255454294393814,0.0358173644635826,0.6950973349157721,4561.797891182818,0.14819691,0.3874384562288898,0.3333333333333333,0.3333333333333333,0.978712845914144,0.9083196369222776,0.2248630156734986,0.4526604209276323,50.44132659447394,High,1000000,100,0.08,0.12,0.978712845914144,0.9083196369222776,0.580207429101528,0.8017123769411311,0.1120684950776452,11.206849507764524,112068.49507764525,0.5,56034.24753882262,56034.24753882262,30,1868,18.68,Street trees + green roofs + cool roofs + shaded corridors,Moderate,Halanayakanahalli,,,,,Halanayakanahalli,Bangalore East,Bengaluru Urban,,"Halanayakanahalli, Bangalore East, Bengaluru Urban, Karnataka, India",54
8426_1440,8426,1440,12.940172475745598,77.68104801205654,12.935680919870643,12.944664031620553,77.67643868149152,77.68565734262154,4,3,Moderate,7,37.81130296935718,36.635882513000006,32.31911124410006,44.95050669470005,5.2057769642609575,0.2857142857142857,0.1428571428571428,0.2818215973144571,0.2504003388467825,0.0263881978460842,-0.3499066079014887,0.0599542683179432,0.4494594342764302,0.1893960221331895,873.1233641876795,2542.3841348500523,41.42424004153694,Moderate,Historical support + V5,41.756614811150015,39.60691949255003,44.57146536680004,0.5,0.25,0.1430811378488783,0.1108874632608003,0.0262168614426627,0.400379202561453,2434.214657536046,0.2430554924999999,58.474423288959,High,Reliable Multi-Date Observation,Moderate,41.756614811150015,39.60691949255003,44.57146536680004,0.5,0.25,0.1430811378488783,0.1108874632608003,0.0262168614426627,0.400379202561453,2434.214657536046,0.2430554924999999,0.7601860509484774,0.5,0.25,0.9957295095031408,0.5093636376376789,0.119988842501802,0.0,58.43510475988722,Very High,1000000,100,0.12,0.18,0.9957295095031408,0.5093636376376789,0.6975545370310154,0.7548680525479252,0.1652920831528755,16.52920831528755,165292.08315287554,0.7,115704.45820701288,49587.62494586267,30,3857,38.57,Large canopy expansion + urban forest + park restoration + shaded corridors,Moderate,Yamalur,,Yamalur,,Bengaluru,Bengaluru East City Corporation,Bangalore East,Bengaluru Urban,,"Yamalur, Bengaluru East City Corporation, Bengaluru, Bangalore East, Bengaluru Urban, Karnataka, India",55
8426_1445,8426,1445,12.98508803449515,77.68104801205654,12.980596478620194,12.989579590370104,77.67643868149152,77.68565734262154,5,4,Moderate,7,36.1013334823143,35.78835027380002,30.544201818500014,42.80122153850003,5.311860316770893,0.1428571428571428,0.0,0.3442533331986433,0.3198346910856118,-0.0372058234829205,-0.3941611639508071,0.1058368637730419,0.6192759942076653,0.1415809162767438,898.5881418157973,4002.0888867429153,32.56251535396962,Low,Historical support + V5,38.50494129950004,37.796802751940014,43.66673256290003,0.4,0.0,0.4553685678230096,0.4422680412371134,0.0544677081052213,0.7322184371296316,3201.5621187164243,0.1428163149999999,54.67179660071504,High,Reliable Multi-Date Observation,Moderate,38.50494129950004,37.796802751940014,43.66673256290003,0.4,0.0,0.4553685678230096,0.4422680412371134,0.0544677081052213,0.7322184371296316,3201.5621187164243,0.1428163149999999,0.5889600531317021,0.4,0.0,0.9456555547620668,0.958569977171012,0.1578134170021167,0.47833635170112,54.620083530608376,High,1000000,100,0.08,0.12,0.9456555547620668,0.958569977171012,0.6415507677642553,0.8272422455651786,0.1130896898226071,11.308968982260714,113089.68982260714,0.35,39581.3914379125,73508.29838469464,30,1320,13.2,Street trees + green roofs + cool roofs + shaded corridors,Moderate,Mahadevapura,,Mahadevapura,,Bengaluru,Bengaluru East City Corporation,Bangalore East,Bengaluru Urban,,"Mahadevapura, Bengaluru East City Corporation, Bengaluru, Bangalore East, Bengaluru Urban, Karnataka, India",56
8426_1451,8426,1451,13.03898670499461,77.68104801205654,13.034495149119657,13.043478260869565,77.67643868149152,77.68565734262154,2,2,Limited,7,37.63115866670004,36.00279684860003,32.040491343800056,46.075582157900016,5.615810809392765,0.2857142857142857,0.1428571428571428,0.2087946184568971,0.1648037133081624,0.0474841608617084,-0.2870160476277076,0.0276358282414175,0.6938944087823725,0.1756434399201697,886.9174658591373,10734.259995718548,41.3161503651742,Moderate,Limited historical support + V5,,,,,,,,,,,,,,Limited Observation + V5,Limited,36.00279684860003,37.63115866670004,46.075582157900016,0.2857142857142857,0.1428571428571428,0.2087946184568971,0.1648037133081624,0.0276358282414175,0.6938944087823725,10734.259995718548,0.1756434399201697,0.457202612308664,0.2857142857142857,0.1428571428571428,0.9932144245533469,0.9066912518827068,0.5291199065013414,0.3216869501120961,50.50667011088296,High,1000000,100,0.08,0.12,0.9932144245533469,0.9066912518827068,0.5811666592069765,0.8067645252471387,0.1122705810098855,11.227058100988554,112270.58100988554,0.5,56135.29050494277,56135.29050494277,30,1872,18.72,Street trees + green roofs + cool roofs + shaded corridors,Limited,K Chennasandra,,K Chennasandra,,Bengaluru,Bengaluru East City Corporation,Bangalore East,Bengaluru Urban,,"K Chennasandra, Bengaluru East City Corporation, Bengaluru, Bangalore East, Bengaluru Urban, Karnataka, India",34
8426_1452,8426,1452,13.04796981674452,77.68104801205654,13.043478260869565,13.052461372619476,77.67643868149152,77.68565734262154,8,5,High,7,37.49347837965716,36.485916885500025,31.613085032900027,44.6574969302,5.339920024825717,0.2857142857142857,0.1428571428571428,0.249774628244913,0.2122781152095938,0.0188578381023841,-0.3054304839526154,0.0436983043253289,0.4213435163418447,0.158388983669108,875.3721652191214,13163.38750776588,40.53845782140236,Moderate,Strong historical support + V5,37.70697889535003,38.88611888990002,46.03955622709999,0.375,0.375,0.2323681390433932,0.2030915080632399,0.0328975786687806,0.534415345871821,13419.383562244831,0.1730675525,56.393654513303474,High,Reliable Multi-Date Observation,High,37.70697889535003,38.88611888990002,46.03955622709999,0.375,0.375,0.2323681390433932,0.2030915080632399,0.0328975786687806,0.534415345871821,13419.383562244831,0.1730675525,0.5469411024648103,0.375,0.375,0.9838880968894118,0.6908065745464703,0.6614767090225786,0.3339789563085434,56.1768985994058,Very High,1000000,100,0.12,0.18,0.9838880968894118,0.6908065745464703,0.6644045100278149,0.7828242815590376,0.1669694568935422,16.696945689354227,166969.45689354226,0.5,83484.72844677113,83484.72844677113,30,2783,27.83,Street-tree corridors + pocket parks + green roofs + shaded public spaces,Strong,K Chennasandra,,K Chennasandra,,Bengaluru,Bengaluru East City Corporation,Bangalore East,Bengaluru Urban,,"K Chennasandra, Bengaluru East City Corporation, Bengaluru, Bangalore East, Bengaluru Urban, Karnataka, India",34
8426_1454,8426,1454,13.06593604024434,77.68104801205654,13.061444484369384,13.070427596119297,77.67643868149152,77.68565734262154,8,5,High,7,37.71503687750003,36.36180857930005,31.91901491300002,44.56225380290002,5.146523027184572,0.2857142857142857,0.1428571428571428,0.3616274842238126,0.329161401710602,0.0170861717459119,-0.4347921253883533,0.1274050581061613,0.4808920717938438,0.1529011880416373,885.3489744080937,8185.292945130516,40.63357043891868,Moderate,Strong historical support + V5,37.21850111210004,37.38465960935002,44.33710882550001,0.25,0.125,0.3497108450496831,0.2542535135938698,0.0408337567932903,0.7173456440214068,8321.630376723231,0.14709109375,51.543334458860656,Moderate,Reliable Multi-Date Observation,High,37.21850111210004,37.38465960935002,44.33710882550001,0.25,0.125,0.3497108450496831,0.2542535135938698,0.0408337567932903,0.7173456440214068,8321.630376723231,0.14709109375,0.5212189333882895,0.25,0.125,0.9698214096509554,0.938436875792942,0.4101950473182827,0.457937320877024,51.40891974531897,High,1000000,100,0.08,0.12,0.9698214096509554,0.938436875792942,0.5944115082684127,0.8118113156334349,0.1124724526253374,11.24724526253374,112472.4526253374,0.35,39365.35841886808,73107.09420646931,30,1313,13.13,Street trees + green roofs + cool roofs + shaded corridors,Strong,Anagalapura,,,,,,Bangalore East,Bengaluru Urban,562149.0,"Anagalapura, Bangalore East, Bengaluru Urban, Karnataka, 562149, India",34
8426_1461,8426,1461,13.128817822493712,77.68104801205654,13.124326266618755,13.133309378368669,77.67643868149152,77.68565734262154,5,4,Moderate,7,38.83619138347144,36.4446784742,32.20050595010003,47.25069743390005,5.915413232953746,0.2857142857142857,0.2857142857142857,0.3393758909513722,0.3258605671865051,0.0593365283747935,-0.4383832479811779,0.1536170908517554,0.1610387107996903,0.1585755918970865,888.6927580664043,6494.2655432491965,39.91200418548475,Low,Historical support + V5,39.345876760100005,39.34652276588001,45.55060846610001,0.4,0.4,0.3647136162896539,0.3715248525695029,0.0895811768714338,0.1045052418485283,5544.366510251645,0.1615193125,50.73842273212994,Moderate,Reliable Multi-Date Observation,Moderate,39.345876760100005,39.34652276588001,45.55060846610001,0.4,0.4,0.3647136162896539,0.3715248525695029,0.0895811768714338,0.1045052418485283,5544.366510251645,0.1615193125,0.6332418707326563,0.4,0.4,0.8834177653321412,0.1088430089421737,0.2732964070819623,0.389086581170778,50.648867632647246,High,1000000,100,0.08,0.12,0.8834177653321412,0.1088430089421737,0.583254091155736,0.5697086065640873,0.1027883442625634,10.27883442625635,102788.34426256348,0.85,87370.09262317896,15418.251639384527,30,2913,29.13,Tree canopy expansion + parks + connected green corridors,Moderate,Huvinayakanahalli,,,,,Marenahalli,Yelahanka taluku,Bengaluru Urban,562149.0,"Gopalapura, Marenahalli, Huvinayakanahalli, Yelahanka taluku, Bengaluru Urban, Karnataka, 562149, India",51
8427_1424,8427,1424,12.796442687747035,77.69026667318654,12.79195113187208,12.80093424362199,77.68565734262154,77.69487600375155,0,0,Prediction Only,7,38.44476949884289,36.38281231220001,32.11028731220003,46.2198567821,5.605523770083752,0.2857142857142857,0.2857142857142857,0.3134549984426089,0.2743209918783489,0.0491778359566771,-0.4086489492662501,0.0534103373378109,0.553624717565077,0.1537397720390764,888.9684397804075,8529.634838511063,43.58843571665372,High,V5 prediction only,,,,,,,,,,,,,,V5 Prediction Only,Prediction Only,36.38281231220001,38.44476949884289,46.2198567821,0.2857142857142857,0.2857142857142857,0.3134549984426089,0.2743209918783489,0.0534103373378109,0.553624717565077,8529.634838511063,0.1537397720390764,0.4772133934364698,0.2857142857142857,0.2857142857142857,0.9475297193343454,0.7168100444323975,0.4204481342955813,0.4262101599430543,49.93073950862643,High,1000000,100,0.08,0.12,0.9475297193343454,0.7168100444323975,0.572712110038311,0.7399227568904446,0.1095969102756177,10.959691027561778,109596.9102756178,0.5,54798.455137808895,54798.455137808895,30,1827,18.27,Tree canopy expansion + parks + connected green corridors,Model Only,Kittaganahalli,,,,,,Anekal,Bengaluru Urban,560099.0,"Kittaganahalli, Anekal, Bengaluru Urban, Karnataka, 560099, India",42
8427_1425,8427,1425,12.805425799496946,77.69026667318654,12.80093424362199,12.8099173553719,77.68565734262154,77.69487600375155,0,0,Prediction Only,7,38.37005890597145,36.19393252700002,32.31273663680001,46.076487933200006,5.520054559770798,0.2857142857142857,0.2857142857142857,0.272327736434458,0.2283521705080732,0.0484147052400447,-0.3646796968059641,0.0378845217560361,0.5754802573237696,0.1488174602102273,892.080839723871,7066.338400936939,43.045476145944654,High,V5 prediction only,,,,,,,,,,,,,,V5 Prediction Only,Prediction Only,36.19393252700002,38.37005890597145,46.076487933200006,0.2857142857142857,0.2857142857142857,0.272327736434458,0.2283521705080732,0.0378845217560361,0.5754802573237696,7066.338400936939,0.1488174602102273,0.4672673980674959,0.2857142857142857,0.2857142857142857,0.9750488587090392,0.7463955966842377,0.3483184043894875,0.4496991862985126,50.09779874294284,High,1000000,100,0.08,0.12,0.9750488587090392,0.7463955966842377,0.5751645070894033,0.7579318025549844,0.1103172721021993,11.031727210219938,110317.27210219936,0.5,55158.63605109968,55158.63605109968,30,1839,18.39,Tree canopy expansion + parks + connected green corridors,Model Only,Kittaganahalli,,,,,,Anekal,Bengaluru Urban,560099.0,"Kittaganahalli, Anekal, Bengaluru Urban, Karnataka, 560099, India",42
8427_1430,8427,1430,12.850341358246496,77.69026667318654,12.84584980237154,12.854832914121452,77.68565734262154,77.69487600375155,3,3,Moderate,7,37.5300096891286,36.1937445359,31.825959318500026,44.28768425630002,5.1853337456157815,0.2857142857142857,0.1428571428571428,0.3011860997600949,0.2651764342732959,0.0356640395856317,-0.3748580998967116,0.0635883060124024,0.5759214315998518,0.1488237007472221,914.1466598131842,7549.407800283296,40.90627281383131,Moderate,Historical support + V5,36.44445630290002,38.49712542710005,46.66638691490007,0.3333333333333333,0.3333333333333333,0.2371539217386279,0.1915103652517275,0.0295620001852512,0.5568835968151689,7324.616030891995,0.1515594175,52.24630195190079,Moderate,Reliable Multi-Date Observation,Moderate,36.44445630290002,38.49712542710005,46.66638691490007,0.3333333333333333,0.3333333333333333,0.2371539217386279,0.1915103652517275,0.0295620001852512,0.5568835968151689,7324.616030891995,0.1515594175,0.4804594308320452,0.3333333333333333,0.3333333333333333,0.989800330530215,0.7212215457451336,0.3610495880451578,0.4366147029735155,52.12799146212595,High,1000000,100,0.08,0.12,0.989800330530215,0.7212215457451336,0.6049673411443214,0.7687224385795872,0.1107488975431834,11.074889754318349,110748.89754318348,0.5,55374.44877159174,55374.44877159174,30,1846,18.46,Tree canopy expansion + parks + connected green corridors,Moderate,Chikkanagamangala,,,,,Chikkanagamangala,Anekal,Bengaluru Urban,,"Chikkanagamangala, Anekal, Bengaluru Urban, Karnataka, India",52
8427_1446,8427,1446,12.99407114624506,77.69026667318654,12.989579590370104,12.998562702120015,77.68565734262154,77.69487600375155,5,4,Moderate,7,37.36157698785717,36.14172227150002,31.46836606610004,43.826986430600016,4.973221576541126,0.2857142857142857,0.0,0.2315408398709638,0.1740066053258198,0.0179232851635146,-0.2798461639527941,0.031970959091946,0.6997850521059861,0.1451909981591557,896.7861442044075,2722.897048643425,39.792311416074206,Low,Historical support + V5,42.09225583010006,38.22350836874004,43.24301771360004,0.6,0.0,0.1618363634650003,0.0719118015534953,0.0267565250396728,0.7352507731411606,2915.4759474226503,0.1417036375,66.0680271912623,Very High,Reliable Multi-Date Observation,Moderate,42.09225583010006,38.22350836874004,43.24301771360004,0.6,0.0,0.1618363634650003,0.0719118015534953,0.0267565250396728,0.7352507731411606,2915.4759474226503,0.1417036375,0.7778601711121583,0.6,0.0,0.9947729685946552,0.9626748099275924,0.1437114772068569,0.4836459931930393,66.02093511355999,Very High,1000000,100,0.12,0.18,0.9947729685946552,0.9626748099275924,0.8089130504682218,0.912404461677316,0.1747442677006389,17.474426770063896,174744.26770063897,0.35,61160.49369522364,113583.77400541533,30,2039,20.39,Street trees + pocket parks + green roofs + cool roofs + reflective pavement,Moderate,Garudachar Palya,,Garudachar Palya,,Bengaluru,Bengaluru East City Corporation,Bangalore East,Bengaluru Urban,,"Garudachar Palya, Bengaluru East City Corporation, Bengaluru, Bangalore East, Bengaluru Urban, Karnataka, India",56
8427_1449,8427,1449,13.021020481494787,77.69026667318654,13.016528925619834,13.025512037369744,77.68565734262154,77.69487600375155,5,4,Moderate,7,37.48666187120002,36.42107704610001,31.86283975430005,43.947984338600016,4.767773720645017,0.2857142857142857,0.0,0.2183999808554828,0.1640767881204367,0.0238136024482226,-0.2870732153692636,0.0319739540205935,0.6947608035478959,0.1614046754363012,893.8182727540393,3965.664873779383,40.86835590767088,Moderate,Historical support + V5,38.27451548120003,38.134585160420016,43.16038708010003,0.4,0.0,0.1777042125300008,0.2151018380526577,0.0300096834544092,0.6965992981567979,3354.101966249684,0.1603981649999999,54.09644333003569,High,Reliable Multi-Date Observation,Moderate,38.27451548120003,38.134585160420016,43.16038708010003,0.4,0.0,0.1777042125300008,0.2151018380526577,0.0300096834544092,0.6965992981567979,3354.101966249684,0.1603981649999999,0.5768263347495185,0.4,0.0,0.9890068225682797,0.9103528245002708,0.1653325072697942,0.3944366410799276,54.04226636776107,High,1000000,100,0.08,0.12,0.9890068225682797,0.9103528245002708,0.63306852425323,0.8269680037252576,0.1130787201490103,11.30787201490103,113078.7201490103,0.5,56539.36007450515,56539.36007450515,30,1885,18.85,Street trees + green roofs + cool roofs + shaded corridors,Moderate,T.C Palya,,T.C Palya,,Bengaluru,Bengaluru East City Corporation,Bangalore East,Bengaluru Urban,,"T.C Palya, Bengaluru East City Corporation, Bengaluru, Bangalore East, Bengaluru Urban, Karnataka, India",57
8427_1451,8427,1451,13.03898670499461,77.69026667318654,13.034495149119657,13.043478260869565,77.68565734262154,77.69487600375155,1,1,Limited,7,37.4670668508286,36.35823674840005,32.07723505880006,44.516486515100006,4.963146457059157,0.2857142857142857,0.1428571428571428,0.2234473785434866,0.1718476683896037,0.0320078508010172,-0.2997198363287428,0.0279893563525916,0.7094024503669603,0.1694844710149169,881.9612859286381,8941.046729606398,42.90427351632792,High,Limited historical support + V5,,,,,,,,,,,,,,Limited Observation + V5,Limited,36.35823674840005,37.4670668508286,44.516486515100006,0.2857142857142857,0.1428571428571428,0.2234473785434866,0.1718476683896037,0.0279893563525916,0.7094024503669603,8941.046729606398,0.1694844710149169,0.4759192981287825,0.2857142857142857,0.1428571428571428,0.9925878043727172,0.9276842806383592,0.4407277084289384,0.3510772423097676,50.973692140959926,High,1000000,100,0.08,0.12,0.9925878043727172,0.9276842806383592,0.5880224517289669,0.8145357823816276,0.1125814312952651,11.258143129526507,112581.4312952651,0.35,39403.50095334278,73177.93034192231,30,1314,13.14,Street trees + green roofs + cool roofs + shaded corridors,Limited,Ramapura,,,,,Maragondanahalli,Bangalore East,Bengaluru Urban,,"Maragondanahalli, Ramapura, Bangalore East, Bengaluru Urban, Karnataka, India",34
8427_1457,8427,1457,13.09288537549407,77.69026667318654,13.088393819619116,13.097376931369029,77.68565734262154,77.69487600375155,3,3,Moderate,7,38.095547954000025,36.5131585049,32.03071580660002,44.45860234640005,4.98074989714839,0.2857142857142857,0.2857142857142857,0.3392571147900673,0.3236979796839185,0.0372739819327413,-0.4325206340987144,0.1286587655804932,0.4240846514776147,0.1606391784886161,911.8798045706628,3090.499268301893,42.81855755516323,High,Historical support + V5,39.423072741800034,38.99004948470002,44.11040864900002,0.3333333333333333,0.3333333333333333,0.3655771178140409,0.3015463917525773,0.0484206809196621,0.2347965575754642,3828.837943815329,0.15242344,51.1516153787252,Moderate,Reliable Multi-Date Observation,Moderate,39.423072741800034,38.99004948470002,44.11040864900002,0.3333333333333333,0.3333333333333333,0.3655771178140409,0.3015463917525773,0.0484206809196621,0.2347965575754642,3828.837943815329,0.15242344,0.6373068418764923,0.3333333333333333,0.3333333333333333,0.9563737668292838,0.2852166227700882,0.1887334921688508,0.4324916307302534,51.08977026759709,High,1000000,100,0.08,0.12,0.9563737668292838,0.2852166227700882,0.5897264560399296,0.6419255564987432,0.1056770222599497,10.567702225994973,105677.02225994972,0.85,89825.46892095725,15851.553338992468,30,2995,29.95,Tree canopy expansion + parks + connected green corridors,Moderate,Yarappanahalli,,,,,,Bangalore East,Bengaluru Urban,562149.0,"Yarappanahalli, Bangalore East, Bengaluru Urban, Karnataka, 562149, India",58
8428_1437,8428,1437,12.913223140495868,77.69948533431655,12.908731584620911,12.917714696370822,77.69487600375155,77.70409466488157,5,4,Moderate,7,37.523727856657175,36.04203571820004,32.08372929680005,44.264988603500015,5.0214242299003855,0.2857142857142857,0.1428571428571428,0.2472794324268489,0.1953797651407212,0.0409341956103227,-0.3263650376776652,0.0395494097633211,0.6392053058551559,0.1558355113846822,897.2268048912794,5497.820387416527,40.92746041871132,Moderate,Historical support + V5,39.26847569719999,38.69845250180002,43.36239206210004,0.4,0.0,0.2930391450152003,0.2689810894721987,0.0313945449888706,0.6270099515095353,5420.332093147061,0.1434699625,55.634322048419016,High,Reliable Multi-Date Observation,Moderate,39.26847569719999,38.69845250180002,43.36239206210004,0.4,0.0,0.2930391450152003,0.2689810894721987,0.0313945449888706,0.6270099515095353,5420.332093147061,0.1434699625,0.6291661004624703,0.4,0.0,0.9865521883894328,0.816150655433037,0.2671824244499501,0.4752171784572193,55.54677040858181,High,1000000,100,0.08,0.12,0.9865521883894328,0.816150655433037,0.6551543508054876,0.8113926701167558,0.1124557068046702,11.245570680467024,112455.70680467023,0.5,56227.85340233512,56227.85340233512,30,1875,18.75,Street trees + green roofs + cool roofs + shaded corridors,Moderate,Gunjur,,Gunjur,,Bengaluru,Bengaluru East City Corporation,Bangalore East,Bengaluru Urban,,"Gunjur, Bengaluru East City Corporation, Bengaluru, Bangalore East, Bengaluru Urban, Karnataka, India",59
8428_1440,8428,1440,12.940172475745598,77.69948533431655,12.935680919870643,12.944664031620553,77.69487600375155,77.70409466488157,3,3,Moderate,7,37.397683486271454,36.31209347840002,31.704568338200044,43.962237482000006,4.814150323282344,0.2857142857142857,0.0,0.2228523217266288,0.1933899736218964,0.0279775546326638,-0.2892578037622954,0.0333334447734525,0.6725864944030172,0.1549685145179332,877.7781934490988,6993.881958904173,40.207218955126976,Moderate,Historical support + V5,35.49974975510003,37.46954328770001,44.35250700559998,0.3333333333333333,0.3333333333333333,0.1526868061344661,0.1329059829059829,0.0276575332973152,0.7284889221191406,6640.030120413611,0.1685557925,52.54223718347265,Moderate,Reliable Multi-Date Observation,Moderate,35.49974975510003,37.46954328770001,44.35250700559998,0.3333333333333333,0.3333333333333333,0.1526868061344661,0.1329059829059829,0.0276575332973152,0.7284889221191406,6640.030120413611,0.1685557925,0.4307132552976462,0.3333333333333333,0.3333333333333333,0.9931759528572714,0.9535213825155988,0.327304548043431,0.3555088498289791,52.43498443297315,High,1000000,100,0.08,0.12,0.9931759528572714,0.9535213825155988,0.6094739382174638,0.8297815044159302,0.1131912601766372,11.31912601766372,113191.2601766372,0.35,39616.94106182302,73574.31911481419,30,1321,13.21,Street trees + green roofs + cool roofs + shaded corridors,Moderate,Panathur,,Panathur,,Bengaluru,Bengaluru East City Corporation,Bangalore East,Bengaluru Urban,,"Panathur, Bengaluru East City Corporation, Bengaluru, Bangalore East, Bengaluru Urban, Karnataka, India",60
8428_1448,8428,1448,13.01203736974488,77.69948533431655,13.007545813869925,13.016528925619834,77.69487600375155,77.70409466488157,7,5,High,7,37.24678522760002,35.84018454710003,31.4617692875,44.05124272280003,4.895637851652056,0.2857142857142857,0.0,0.2055153237615128,0.1675934641979435,0.0044175630976022,-0.2534826714641676,0.0306379132742094,0.6481367289012694,0.1546767432177373,881.981599662289,1369.6915577645618,38.06010522885013,Low,Strong historical support + V5,35.36193518870002,37.05618422518575,43.66163971310003,0.4285714285714285,0.0,0.1897621083974786,0.1689355054675295,0.0296197461429983,0.7156267762184143,1000.0,0.15898483,49.89306394319114,Moderate,Reliable Multi-Date Observation,High,35.36193518870002,37.05618422518575,43.66163971310003,0.4285714285714285,0.0,0.1897621083974786,0.1689355054675295,0.0296197461429983,0.7156267762184143,1000.0,0.15898483,0.4234562423899902,0.4285714285714285,0.0,0.9896979771915966,0.9361100674065596,0.0492926300194317,0.4011810051548569,49.87691149379641,High,1000000,100,0.08,0.12,0.9896979771915966,0.9361100674065596,0.5719219252551982,0.8091905789707781,0.1123676231588311,11.236762315883112,112367.62315883112,0.35,39328.66810559089,73038.95505324024,30,1311,13.11,Street trees + green roofs + cool roofs + shaded corridors,Strong,K.R Pura,,K.R Pura,,Bengaluru,Bengaluru East City Corporation,Bangalore East,Bengaluru Urban,560036.0,"K.R Pura, Bengaluru East City Corporation, Bengaluru, Bangalore East, Bengaluru Urban, Karnataka, 560036, India",57
8428_1449,8428,1449,13.021020481494787,77.69948533431655,13.016528925619834,13.025512037369744,77.69487600375155,77.70409466488157,4,3,Moderate,7,36.77163406018575,35.50203982850003,31.22954900870002,43.56434577380002,4.880614349624921,0.1428571428571428,0.0,0.2865720960984242,0.269213394767685,-0.0310833803865107,-0.3261932459396202,0.0480696539227023,0.6207078524916193,0.152097056319776,889.0520351559169,1770.711463808817,31.422503475004675,Low,Historical support + V5,41.03942021960002,39.74019236487501,44.95882957340002,0.5,0.25,0.3129552155407383,0.161277299660443,0.0372136167716234,0.6968081158120185,1959.4810050208544,0.17212956875,62.62939511443801,High,Reliable Multi-Date Observation,Moderate,41.03942021960002,39.74019236487501,44.95882957340002,0.5,0.25,0.3129552155407383,0.161277299660443,0.0372136167716234,0.6968081158120185,1959.4810050208544,0.17212956875,0.722420156209362,0.5,0.25,0.976238021859663,0.9106354981710127,0.0965879722105972,0.3384549679451107,62.59774469666447,Very High,1000000,100,0.12,0.18,0.976238021859663,0.9106354981710127,0.7586612812794458,0.8728066947054136,0.1723684016823248,17.236840168232483,172368.40168232482,0.5,86184.20084116241,86184.20084116241,30,2873,28.73,Street-tree corridors + pocket parks + green roofs + shaded public spaces,Moderate,Bhattarahalli,,Bhattarahalli,,Bengaluru,Bengaluru East City Corporation,Bangalore East,Bengaluru Urban,,"Bhattarahalli, Bengaluru East City Corporation, Bengaluru, Bangalore East, Bengaluru Urban, Karnataka, India",57
8428_1452,8428,1452,13.04796981674452,77.69948533431655,13.043478260869565,13.052461372619476,77.69487600375155,77.70409466488157,4,3,Moderate,7,36.92751042084287,35.82822147710002,31.3260397133,44.45202265790002,5.601544383032546,0.2857142857142857,0.1428571428571428,0.4035902317752488,0.3855578486700774,-0.0391960290239854,-0.4547017369651723,0.1615347715360787,0.3476046076543764,0.1715595497999554,873.3369563675072,11359.79499169968,37.14940912179649,Low,Historical support + V5,38.60079967040004,38.44560019977505,44.13626597030004,0.5,0.25,0.3360240796050171,0.2840529490348856,0.0465267786057665,0.3089757733978331,10634.50093132096,0.16084461375,55.82682955005871,High,Reliable Multi-Date Observation,Moderate,38.60079967040004,38.44560019977505,44.13626597030004,0.5,0.25,0.3360240796050171,0.2840529490348856,0.0465267786057665,0.3089757733978331,10634.50093132096,0.16084461375,0.5940077447734484,0.5,0.25,0.9597306636997665,0.385632036433819,0.5242025198489064,0.392306209928928,55.65505631192731,Very High,1000000,100,0.12,0.18,0.9597306636997665,0.385632036433819,0.6567439667948461,0.6950113281213114,0.1617006796872787,16.17006796872787,161700.6796872787,0.7,113190.47578109508,48510.20390618361,30,3774,37.74,Large canopy expansion + urban forest + park restoration + shaded corridors,Moderate,Aduru,,,,,Hoovinane,Bangalore East,Bengaluru Urban,,"Hoovinane, Aduru, Bangalore East, Bengaluru Urban, Karnataka, India",34
8428_1453,8428,1453,13.05695292849443,77.69948533431655,13.052461372619476,13.061444484369384,77.69487600375155,77.70409466488157,3,3,Moderate,7,38.58772574390002,36.49791413570001,32.162275396400034,46.51488317840001,5.754018204683124,0.2857142857142857,0.2857142857142857,0.299404271084526,0.2419270296862646,0.0551867838699089,-0.3874623533738305,0.1024732791347282,0.4220545673586766,0.1686162574592758,884.653398950458,12589.899461542587,42.73679531769085,High,Historical support + V5,41.039813291900025,40.83383201330002,47.19759849320001,0.6666666666666666,0.3333333333333333,0.1846817837734016,0.1202880135535789,0.0248306731227785,0.4601101661100983,12745.587471748802,0.1845715175,67.2908326609672,Very High,Reliable Multi-Date Observation,Moderate,41.039813291900025,40.83383201330002,47.19759849320001,0.6666666666666666,0.3333333333333333,0.1846817837734016,0.1202880135535789,0.0248306731227785,0.4601101661100983,12745.587471748802,0.1845715175,0.7224408545348677,0.6666666666666666,0.3333333333333333,0.9981864953776376,0.5902206451805081,0.6282635276252182,0.2790826095363706,67.08496020432362,Very High,1000000,100,0.12,0.18,0.9981864953776376,0.5902206451805081,0.8245327317480647,0.8267335273765261,0.1696040116425915,16.960401164259157,169604.01164259156,0.7,118722.80814981408,50881.20349277748,30,3958,39.58,Large canopy expansion + urban forest + park restoration + shaded corridors,Moderate,Aduru,,,,,,Bangalore East,Bengaluru Urban,560049.0,"Aduru, Bangalore East, Bengaluru Urban, Karnataka, 560049, India",34
8428_1460,8428,1460,13.119834710743802,77.69948533431655,13.115343154868846,13.124326266618755,77.69487600375155,77.70409466488157,4,4,Moderate,7,39.01556174874288,36.91029824869999,32.27071208090003,48.119865739700025,6.033094863940365,0.2857142857142857,0.2857142857142857,0.3145451680747251,0.2831884651146021,0.0760409321706328,-0.4244997736892965,0.1570842920478823,0.2786167937582644,0.1702129031106439,902.8259340612548,10645.702793509348,42.96504481521757,High,Historical support + V5,40.80698631455002,40.453054616075015,43.90202905969999,0.5,0.25,0.3561394042872976,0.3811151597206902,0.085679487325251,0.2464207697194069,9702.981455599533,0.16609224625,57.05442192678053,High,Reliable Multi-Date Observation,Moderate,40.80698631455002,40.453054616075015,43.90202905969999,0.5,0.25,0.3561394042872976,0.3811151597206902,0.085679487325251,0.2464207697194069,9702.981455599533,0.16609224625,0.7101806963816619,0.5,0.25,0.8903334173861454,0.3009521634873707,0.4782854749762751,0.3672647695687632,56.89769500984092,Very High,1000000,100,0.12,0.18,0.8903334173861454,0.3009521634873707,0.6749856610705701,0.6568490013852216,0.1594109400831133,15.94109400831133,159410.9400831133,0.85,135499.2990706463,23911.641012467007,30,4517,45.17,Large canopy expansion + urban forest + park restoration + shaded corridors,Moderate,Chokkanahalli,,,,,Dasanayakanahalli,Yelahanka taluku,Bengaluru Urban,562149.0,"Dasanayakanahalli, Chokkanahalli, Yelahanka taluku, Bengaluru Urban, Karnataka, 562149, India",61
8428_1463,8428,1463,13.146784045993533,77.69948533431655,13.142292490118576,13.151275601868488,77.69487600375155,77.70409466488157,4,3,Moderate,7,38.49605688894287,36.914109341,32.498095861400024,45.524802415100005,5.1275989315342265,0.2857142857142857,0.2857142857142857,0.311143511149779,0.2807780784545302,0.0574567104197408,-0.4208347886419925,0.0895427204235604,0.3093638357408851,0.1698234201757148,894.2850897425884,1964.9317522208205,43.287880584114575,High,Historical support + V5,41.20139164235003,41.10861803450004,47.29795156040008,0.75,0.25,0.228008779358671,0.1646135947101092,0.037549894012045,0.1547443725285119,2444.329657521784,0.203620465,61.1644456666624,High,Reliable Multi-Date Observation,Moderate,41.20139164235003,41.10861803450004,47.29795156040008,0.75,0.25,0.228008779358671,0.1646135947101092,0.037549894012045,0.1547443725285119,2444.329657521784,0.203620465,0.7309492162084087,0.75,0.25,0.9756419784377276,0.1768510491109607,0.1204874374537456,0.188181982873745,61.12496375556523,Very High,1000000,100,0.12,0.18,0.9756419784377276,0.1768510491109607,0.7370411436579849,0.6805039121941387,0.1608302347316483,16.083023473164832,160830.23473164832,0.85,136705.69952190106,24124.535209747264,30,4557,45.57,Large canopy expansion + urban forest + park restoration + shaded corridors,Moderate,Maralakunte,,,,,Mahadevakodagehalli,Yelahanka taluku,Bengaluru Urban,562149.0,"Mahadeva Kodigehalli, Mahadevakodagehalli, Maralakunte, Yelahanka taluku, Bengaluru Urban, Karnataka, 562149, India",62
8429_1424,8429,1424,12.796442687747035,77.70870399544657,12.79195113187208,12.80093424362199,77.70409466488157,77.71331332601157,1,1,Limited,7,37.38109144061432,36.47426143730004,31.76366590400005,44.10666591710002,5.158033241295143,0.2857142857142857,0.0,0.2568332161967805,0.203420651647944,0.0386462624135961,-0.3458155364165632,0.033424375449132,0.7042758646196621,0.1510242882959168,894.0764460100714,10317.213342524936,41.17793237627296,Moderate,Limited historical support + V5,,,,,,,,,,,,,,Limited Observation + V5,Limited,36.47426143730004,37.38109144061432,44.10666591710002,0.2857142857142857,0.0,0.2568332161967805,0.203420651647944,0.033424375449132,0.7042758646196621,10317.213342524936,0.1510242882959168,0.4820289038616778,0.2857142857142857,0.0,0.982954362107862,0.920744489986888,0.5085625801246264,0.4391683128250118,50.29413905494248,High,1000000,100,0.08,0.12,0.982954362107862,0.920744489986888,0.5780467446629723,0.8054388470996626,0.1122175538839864,11.22175538839865,112217.55388398647,0.35,39276.14385939527,72941.41002459123,30,1310,13.1,Street trees + green roofs + cool roofs + shaded corridors,Limited,Chandapura,,Chandapura,,,Chandapura,Anekal,Bengaluru Urban,562145.0,"Chandapura, Kittaganahalli, Anekal, Bengaluru Urban, Karnataka, 562145, India",63
8429_1428,8429,1428,12.832375134746677,77.70870399544657,12.827883578871722,12.836866690621632,77.70409466488157,77.71331332601157,3,3,Moderate,7,38.81397913635716,36.7373806169,32.25069957380003,47.35339184480001,6.015989514979485,0.2857142857142857,0.2857142857142857,0.3096719176745477,0.2635089608511995,0.0809042419026506,-0.4116001071162258,0.1060217325459572,0.3328332792410511,0.1435565549581352,894.7898057116942,5686.096300079544,42.810050020278965,High,Historical support + V5,42.35074359260004,40.09245777860002,44.381286734000014,0.6666666666666666,0.3333333333333333,0.3089404671818983,0.190707173857544,0.0284549372736364,0.2779405858600512,5440.588203494178,0.160079495,65.46535679787557,Very High,Reliable Multi-Date Observation,Moderate,42.35074359260004,40.09245777860002,44.381286734000014,0.6666666666666666,0.3333333333333333,0.3089404671818983,0.190707173857544,0.0284549372736364,0.2779405858600512,5440.588203494178,0.160079495,0.7914715699499915,0.6666666666666666,0.3333333333333333,0.9917625732478886,0.343620117593905,0.2681809014029234,0.3959573184138627,65.37747797224104,Very High,1000000,100,0.12,0.18,0.9917625732478886,0.343620117593905,0.7994672248463582,0.7528088199737806,0.1651685291984268,16.516852919842684,165168.52919842684,0.85,140393.24981866282,24775.27937976402,30,4680,46.8,Large canopy expansion + urban forest + park restoration + shaded corridors,Moderate,Singena Agrahara,,,,,,Anekal,Bengaluru Urban,560099.0,"Singena Agrahara, Anekal, Bengaluru Urban, Karnataka, 560099, India",64
8429_1441,8429,1441,12.94915558749551,77.70870399544657,12.944664031620553,12.953647143370464,77.70409466488157,77.71331332601157,1,1,Limited,7,37.645311710942885,36.39580078820004,31.61923746890003,44.50442090450004,4.822159474671651,0.2857142857142857,0.1428571428571428,0.1838175872696751,0.1504041309741105,0.0382916792759298,-0.2626099313993952,0.0288178104669415,0.7008735871559653,0.155410405316972,876.3509034435806,4188.911428527087,42.97043348178528,High,Limited historical support + V5,,,,,,,,,,,,,,Limited Observation + V5,Limited,36.39580078820004,37.645311710942885,44.50442090450004,0.2857142857142857,0.1428571428571428,0.1838175872696751,0.1504041309741105,0.0288178104669415,0.7008735871559653,4188.911428527087,0.155410405316972,0.4778973381053478,0.2857142857142857,0.1428571428571428,0.9911193891311312,0.9161388724277322,0.206482461230555,0.4182379813287689,50.06013048862991,High,1000000,100,0.08,0.12,0.9911193891311312,0.9161388724277322,0.574611544446094,0.8057711220812664,0.1122308448832506,11.223084488325066,112230.84488325068,0.35,39280.79570913773,72950.04917411294,30,1310,13.1,Street trees + green roofs + cool roofs + shaded corridors,Limited,Munnenkolalu,,Munnenkolalu,,Bengaluru,Bengaluru East City Corporation,Bangalore East,Bengaluru Urban,,"Munnenkolalu, Bengaluru East City Corporation, Bengaluru, Bangalore East, Bengaluru Urban, Karnataka, India",60
8429_1446,8429,1446,12.99407114624506,77.70870399544657,12.989579590370104,12.998562702120015,77.70409466488157,77.71331332601157,4,4,Moderate,7,37.46564593108574,36.39000724430001,31.90761581630003,43.96406612270002,4.890541094732944,0.2857142857142857,0.0,0.2681459029909784,0.2338764179634909,0.0170597977353609,-0.3218891413485921,0.0480921016077387,0.5423118950464789,0.1659596906953739,899.4316817216202,4828.767428648823,39.21860133112919,Low,Historical support + V5,38.88383736155004,38.44125931437502,44.76914655349999,0.5,0.5,0.304218365617685,0.3785573593509765,0.0506705718580633,0.566929359221831,4715.026300602571,0.13312818875,61.26242609237911,High,Reliable Multi-Date Observation,Moderate,38.88383736155004,38.44125931437502,44.76914655349999,0.5,0.5,0.304218365617685,0.3785573593509765,0.0506705718580633,0.566929359221831,4715.026300602571,0.13312818875,0.6089118890281782,0.5,0.5,0.95238588857673,0.7348203601360555,0.2324160469674925,0.5245676065938969,61.18626686866379,Very High,1000000,100,0.12,0.18,0.95238588857673,0.7348203601360555,0.7379410614290728,0.8122165756074984,0.1687329945364499,16.87329945364499,168732.9945364499,0.5,84366.49726822495,84366.49726822495,30,2813,28.13,Street-tree corridors + pocket parks + green roofs + shaded public spaces,Moderate,Kaveri Nagara,,Kaveri Nagara,,Bengaluru,Bengaluru East City Corporation,Bangalore East,Bengaluru Urban,560048.0,"Kaveri Nagara, Bengaluru East City Corporation, Bengaluru, Bangalore East, Bengaluru Urban, Karnataka, 560048, India",65
8429_1457,8429,1457,13.09288537549407,77.70870399544657,13.088393819619116,13.097376931369029,77.70409466488157,77.71331332601157,7,5,High,7,38.38343312994288,36.6777703481,32.202932744300035,45.14820497150003,5.23885874099232,0.2857142857142857,0.2857142857142857,0.3240836461931421,0.2992788277228594,0.0469087870602368,-0.4238242238771236,0.0822911781280144,0.3982903578372217,0.1726123224770178,897.3766786709025,9081.764273874807,43.22428745395904,High,Strong historical support + V5,37.35228241490001,39.44475275437146,48.55762865120004,0.4285714285714285,0.4285714285714285,0.2896368252967877,0.2123893805309734,0.0332376696169376,0.3842514569405466,9144.397191723465,0.18191422,54.332780402148686,High,Reliable Multi-Date Observation,High,37.35228241490001,39.44475275437146,48.55762865120004,0.4285714285714285,0.4285714285714285,0.2896368252967877,0.2123893805309734,0.0332376696169376,0.3842514569405466,9144.397191723465,0.18191422,0.5282635634777135,0.4285714285714285,0.4285714285714285,0.9832852937610924,0.4875317238053088,0.4507513875223554,0.2917631005702732,54.18507598926402,High,1000000,100,0.08,0.12,0.9832852937610924,0.4875317238053088,0.6351649417070423,0.7200987604505265,0.108803950418021,10.880395041802108,108803.95041802106,0.7,76162.76529261474,32641.18512540632,30,2539,25.39,Tree canopy expansion + parks + connected green corridors,Strong,Chikkasandra,,,,,Chikkasandra,Bangalore East,Bengaluru Urban,,"Chikkasandra, Bangalore East, Bengaluru Urban, Karnataka, India",66
8430_1441,8430,1441,12.94915558749551,77.71792265657658,12.944664031620553,12.953647143370464,77.71331332601157,77.7225319871416,3,3,Moderate,7,37.45481569057144,36.03600291290004,32.14862040650004,44.8099918925,5.1056248666373865,0.2857142857142857,0.1428571428571428,0.1854402833686595,0.1334090350918855,0.0450832323751279,-0.2695711551822577,0.0289503713297844,0.6621911603370675,0.1723112343560517,874.0241268040156,4096.923663413462,41.13299623607761,Moderate,Historical support + V5,40.46358639020004,41.115607885400046,46.29160102190004,0.3333333333333333,0.3333333333333333,0.1414249589288417,0.0786885245901639,0.024237951496616,0.6460493840277195,3482.8149534536,0.1891012075,58.03938127148799,High,Reliable Multi-Date Observation,Moderate,40.46358639020004,41.115607885400046,46.29160102190004,0.3333333333333333,0.3333333333333333,0.1414249589288417,0.0786885245901639,0.024237951496616,0.6460493840277195,3482.8149534536,0.1891012075,0.6920980092710505,0.3333333333333333,0.3333333333333333,0.9992370803826476,0.8419240809275086,0.1716771089267327,0.2574671549508914,57.98312527920111,Very High,1000000,100,0.12,0.18,0.9992370803826476,0.8419240809275086,0.6909195662068978,0.8365818248485628,0.1701949094909137,17.019490949091377,170194.90949091376,0.5,85097.45474545688,85097.45474545688,30,2837,28.37,Street-tree corridors + pocket parks + green roofs + shaded public spaces,Moderate,Kundalahalli,,Kundalahalli,,Bengaluru,Bengaluru East City Corporation,Bangalore East,Bengaluru Urban,,"Kundalahalli, Bengaluru East City Corporation, Bengaluru, Bangalore East, Bengaluru Urban, Karnataka, India",60
8430_1442,8430,1442,12.95813869924542,77.71792265657658,12.953647143370464,12.962630255120374,77.71331332601157,77.7225319871416,6,4,Moderate,7,37.36308579954288,35.8956248315,31.737859853000035,43.9023537716,4.831498754120784,0.2857142857142857,0.0,0.2342160306099602,0.1894946640372499,0.0219569154874772,-0.3004970719602809,0.0300282014752198,0.7138433337376958,0.1534741006159133,886.9505102873086,2189.2014095754016,38.94069231930191,Low,Historical support + V5,38.13433393595001,38.23282418225002,46.06074795110004,0.5,0.1666666666666666,0.2427549349856641,0.2418612351415362,0.0295243892469443,0.7202774711186066,1919.8039027185569,0.1567418475,58.085661040810166,High,Reliable Multi-Date Observation,Moderate,38.13433393595001,38.23282418225002,46.06074795110004,0.5,0.1666666666666666,0.2427549349856641,0.2418612351415362,0.0295243892469443,0.7202774711186066,1919.8039027185569,0.1567418475,0.5694446819252311,0.5,0.1666666666666666,0.98986699502509,0.94240565097467,0.0946321834865669,0.4118844056888392,58.054651505423685,Very High,1000000,100,0.12,0.18,0.98986699502509,0.94240565097467,0.691969557289293,0.858842683918166,0.1715305610350899,17.153056103508995,171530.56103508995,0.35,60035.69636228148,111494.86467280849,30,2002,20.02,Street trees + pocket parks + green roofs + cool roofs + reflective pavement,Moderate,Kundalahalli,,Kundalahalli,,Bengaluru,Bengaluru East City Corporation,Bangalore East,Bengaluru Urban,,"Kundalahalli, Bengaluru East City Corporation, Bengaluru, Bangalore East, Bengaluru Urban, Karnataka, India",60
8430_1446,8430,1446,12.99407114624506,77.71792265657658,12.989579590370104,12.998562702120015,77.71331332601157,77.7225319871416,6,5,High,7,37.31192536447146,36.02125415660004,31.52823268640004,43.77862144760001,4.814541148061517,0.2857142857142857,0.0,0.2402586971406852,0.1993193706600101,0.0137824582555803,-0.2956693152723475,0.0387987629205706,0.6956084688637425,0.1561370697138992,888.067759884532,2656.8235309508973,39.26484896661248,Low,Strong historical support + V5,38.26006580165003,38.18295527045003,45.00174281450004,0.5,0.1666666666666666,0.1733908292944302,0.1170827237383139,0.0284855421050451,0.706790637341328,2416.1903789690605,0.1586211012499999,58.21485478963761,High,Reliable Multi-Date Observation,High,38.26006580165003,38.18295527045003,45.00174281450004,0.5,0.1666666666666666,0.1733908292944302,0.1170827237383139,0.0284855421050451,0.706790637341328,2416.1903789690605,0.1586211012499999,0.5760654463053938,0.5,0.1666666666666666,0.991708326911093,0.9241487042309564,0.1191003784070324,0.4029167005947347,58.17582739681328,Very High,1000000,100,0.12,0.18,0.991708326911093,0.9241487042309564,0.6937483957948286,0.8556344487945531,0.1713380669276731,17.133806692767315,171338.06692767318,0.35,59968.32342468561,111369.74350298758,30,1999,19.99,Street trees + pocket parks + green roofs + cool roofs + reflective pavement,Strong,Hoodi,,Hoodi,,Bengaluru,Bengaluru East City Corporation,Bangalore East,Bengaluru Urban,,"Hoodi, Bengaluru East City Corporation, Bengaluru, Bangalore East, Bengaluru Urban, Karnataka, India",65
8430_1448,8430,1448,13.01203736974488,77.71792265657658,13.007545813869925,13.016528925619834,77.71331332601157,77.7225319871416,8,4,Moderate,7,37.56236368987146,36.30626575430003,32.28156429440003,44.33355408470002,4.809190254319339,0.2857142857142857,0.1428571428571428,0.245243448956255,0.2048071632955156,0.0164729047242223,-0.3172915674070627,0.0363763946818076,0.6308453752624693,0.1593011066598783,884.3005540264469,1837.3373088210744,41.90916901405343,Moderate,Historical support + V5,35.72676609845002,37.25415319696252,44.22597190520002,0.375,0.125,0.2346218411745152,0.2019918385506256,0.0308259544544852,0.7251008475432172,2380.776406404415,0.1620258625,50.76634885489487,Moderate,Reliable Multi-Date Observation,Moderate,35.72676609845002,37.25415319696252,44.22597190520002,0.375,0.125,0.2346218411745152,0.2019918385506256,0.0308259544544852,0.7251008475432172,2380.776406404415,0.1620258625,0.4426674382042487,0.375,0.125,0.9875600016073904,0.9489349912159172,0.1173547305598851,0.386669349854667,50.72789348447026,High,1000000,100,0.08,0.12,0.9875600016073904,0.9489349912159172,0.5844141752825658,0.8166454184795923,0.1126658167391836,11.266581673918369,112665.81673918368,0.35,39433.03585871429,73232.78088046939,30,1315,13.15,Street trees + green roofs + cool roofs + shaded corridors,Moderate,Basavanapura,,Basavanapura,,Bengaluru,Bengaluru East City Corporation,Bangalore East,Bengaluru Urban,,"Basavanapura, Bengaluru East City Corporation, Bengaluru, Bangalore East, Bengaluru Urban, Karnataka, India",65
8430_1452,8430,1452,13.04796981674452,77.71792265657658,13.043478260869565,13.052461372619476,77.71331332601157,77.7225319871416,4,3,Moderate,7,37.75252523257144,36.45720551750003,31.987648754600016,44.7366411833,5.262287800021068,0.2857142857142857,0.2857142857142857,0.3515899973552859,0.3108167178860042,0.0088124267577171,-0.4190914819693637,0.0847518481666594,0.4627955742930261,0.1724056160927148,873.5184127637232,7680.432882658775,42.98007865391092,High,Historical support + V5,41.77892593670002,41.68699828880002,44.4601575455,0.5,0.25,0.2924737166010815,0.1353839675654727,0.0329961861716582,0.5138150743441656,7587.487871999116,0.1865274275,62.567067759255664,High,Reliable Multi-Date Observation,Moderate,41.77892593670002,41.68699828880002,44.4601575455,0.5,0.25,0.2924737166010815,0.1353839675654727,0.0329961861716582,0.5138150743441656,7587.487871999116,0.1865274275,0.7613609059027118,0.5,0.25,0.9837133174325268,0.6629202621326512,0.3740072324513779,0.2697491046434784,62.44451124537005,Very High,1000000,100,0.12,0.18,0.9837133174325268,0.6629202621326512,0.7564118440327062,0.8125944642476297,0.1687556678548577,16.875566785485777,168755.66785485778,0.5,84377.83392742889,84377.83392742889,30,2813,28.13,Street-tree corridors + pocket parks + green roofs + shaded public spaces,Moderate,Hirandahalli,,,,,,Bangalore East,Bengaluru Urban,560049.0,"Hirandahalli, Bangalore East, Bengaluru Urban, Karnataka, 560049, India",67
8430_1453,8430,1453,13.05695292849443,77.71792265657658,13.052461372619476,13.061444484369384,77.71331332601157,77.7225319871416,4,4,Moderate,7,37.99537555357146,36.585261636800034,31.92198859040004,44.8902982724,5.092646731018687,0.2857142857142857,0.1428571428571428,0.3049385208648374,0.2683513937940589,0.0342600044831663,-0.3841065574177174,0.0791658366203099,0.5406979309069498,0.1721392825619175,877.7341108947287,10523.761040045529,42.13253458655263,Moderate,Historical support + V5,38.86743941060003,39.364180257200026,46.92942064400003,0.5,0.25,0.2590008271108227,0.2308605752770421,0.0363750360556877,0.7023074404569343,10668.906752517658,0.1573616975,61.93457057021375,High,Reliable Multi-Date Observation,Moderate,38.86743941060003,39.364180257200026,46.92942064400003,0.5,0.25,0.2590008271108227,0.2308605752770421,0.0363750360556877,0.7023074404569343,10668.906752517658,0.1573616975,0.6080484088837211,0.5,0.25,0.9777243862620494,0.9180798604895996,0.52589847326367,0.4089265124279738,61.76224159379661,Very High,1000000,100,0.12,0.18,0.9777243862620494,0.9180798604895996,0.7463962583129762,0.8702820036393076,0.1722169202183584,17.221692021835842,172216.92021835843,0.35,60275.92207642544,111940.998141933,30,2010,20.1,Street trees + pocket parks + green roofs + cool roofs + reflective pavement,Moderate,Bidarahalli,,,,,,Bangalore East,Bengaluru Urban,560049.0,"Bidarahalli, Bangalore East, Bengaluru Urban, Karnataka, 560049, India",67
8430_1454,8430,1454,13.06593604024434,77.71792265657658,13.061444484369384,13.070427596119297,77.71331332601157,77.7225319871416,7,5,High,7,37.99979212370003,36.29647312700003,32.04445624700004,45.021208438400016,5.023057018379281,0.2857142857142857,0.1428571428571428,0.2677192702277348,0.2362895755995224,0.0416384229926627,-0.3664937778025138,0.0386067197557553,0.6408679528545885,0.1721316631615357,885.6078592054957,9580.958655388433,41.96991342218294,Moderate,Strong historical support + V5,39.96523907420004,38.4610441569286,43.60139711059998,0.2857142857142857,0.0,0.2407305199838765,0.1561252363942004,0.025904910871759,0.7243361632572487,9908.58213873206,0.1745087725,55.77943198086332,High,Reliable Multi-Date Observation,High,39.96523907420004,38.4610441569286,43.60139711059998,0.2857142857142857,0.0,0.2407305199838765,0.1561252363942004,0.025904910871759,0.7243361632572487,9908.58213873206,0.1745087725,0.6658561322389024,0.2857142857142857,0.0,0.9962824344811232,0.9478998483117168,0.4884200733816691,0.3271015264054631,55.61938410929389,High,1000000,100,0.08,0.12,0.9962824344811232,0.9478998483117168,0.656220305801773,0.8481619364670314,0.1139264774586812,11.392647745868128,113926.47745868126,0.35,39874.26711053844,74052.21034814282,30,1330,13.3,Street trees + green roofs + cool roofs + shaded corridors,Strong,Byappanahalli,,,,,,Bangalore East,Bengaluru Urban,560049.0,"Byappanahalli, Bangalore East, Bengaluru Urban, Karnataka, 560049, India",67
8430_1458,8430,1458,13.101868487243982,77.71792265657658,13.097376931369029,13.106360043118936,77.71331332601157,77.7225319871416,3,3,Moderate,7,38.887554458300016,37.00475523139998,32.32290524630002,47.1490626092,5.80890002352591,0.2857142857142857,0.2857142857142857,0.3130340065778794,0.2620975181781373,0.079278012677213,-0.4210171098216207,0.1378586252101997,0.4278741595161931,0.1613379014622955,906.8838678776696,9489.98415987723,44.83844485985549,Very High,Historical support + V5,40.856573239700026,42.3043439711,48.28249513129998,0.3333333333333333,0.3333333333333333,0.303900723445795,0.2372166578808645,0.0861797297839075,0.0551464268937706,8940.357934669059,0.171760395,50.86135005959535,Moderate,Reliable Multi-Date Observation,Moderate,40.856573239700026,42.3043439711,48.28249513129998,0.3333333333333333,0.3333333333333333,0.303900723445795,0.2372166578808645,0.0861797297839075,0.0551464268937706,8940.357934669059,0.171760395,0.7127918351405368,0.3333333333333333,0.3333333333333333,0.8894467495091246,0.042026640412447,0.4406937559149328,0.3402166466532068,50.716941380484805,High,1000000,100,0.08,0.12,0.8894467495091246,0.042026640412447,0.5842534005272697,0.5555143826422132,0.1022205753056885,10.222057530568852,102220.57530568852,0.85,86887.48900983525,15333.086295853282,30,2897,28.97,Tree canopy expansion + parks + connected green corridors,Moderate,Marasandra,,,,,,Yelahanka taluku,Bengaluru Urban,562149.0,"Marasandra, Yelahanka taluku, Bengaluru Urban, Karnataka, 562149, India",66
8431_1431,8431,1431,12.859324469996409,77.7271413177066,12.854832914121452,12.863816025871362,77.7225319871416,77.7317506482716,2,1,Limited,7,37.63371974025717,36.88548342350002,31.87567441940002,44.35628391770005,5.2851154299196,0.2857142857142857,0.2857142857142857,0.3287295019724136,0.2740444010632034,0.0350308834488063,-0.4144553286035138,0.0761616072721165,0.556164558895355,0.1559902408701213,901.1193805538718,11964.99478425658,45.6404754403521,Very High,Limited historical support + V5,,,,,,,,,,,,,,Limited Observation + V5,Limited,36.88548342350002,37.63371974025717,44.35628391770005,0.2857142857142857,0.2857142857142857,0.3287295019724136,0.2740444010632034,0.0761616072721165,0.556164558895355,11964.99478425658,0.1559902408701213,0.5036829520491786,0.2857142857142857,0.2857142857142857,0.907203633727069,0.7202481937171085,0.5897860610847903,0.4154710350109977,50.947310485031416,High,1000000,100,0.08,0.12,0.907203633727069,0.7202481937171085,0.5876351741536401,0.7326373898952073,0.1093054955958083,10.930549559580829,109305.4955958083,0.5,54652.74779790415,54652.74779790415,30,1822,18.22,Tree canopy expansion + parks + connected green corridors,Limited,Kommasandra,,,,,Kaggalipura,Anekal,Bengaluru Urban,,"Kaggalipura, Kommasandra, Anekal, Bengaluru Urban, Karnataka, India",68
8431_1435,8431,1435,12.895256916996049,77.7271413177066,12.890765361121092,12.899748472871002,77.7225319871416,77.7317506482716,2,2,Limited,7,38.40103105005716,36.3303798854,32.185740103700034,46.45170107869998,5.627156466769224,0.2857142857142857,0.2857142857142857,0.3063504075882817,0.2626584266061818,0.049923868982259,-0.3944222781617563,0.0857231530481843,0.5052866733735821,0.161971872161414,895.2084928534969,13677.801222705892,42.893661144922206,High,Limited historical support + V5,,,,,,,,,,,,,,Limited Observation + V5,Limited,36.3303798854,38.40103105005716,46.45170107869998,0.2857142857142857,0.2857142857142857,0.3063504075882817,0.2626584266061818,0.0857231530481843,0.5052866733735821,13677.801222705892,0.161971872161414,0.4744524167994792,0.2857142857142857,0.2857142857142857,0.8902560209293235,0.6513754796506954,0.6742147951501727,0.3869269890555307,49.4068765354597,High,1000000,100,0.08,0.12,0.8902560209293235,0.6513754796506954,0.5650219035326517,0.7004422386509978,0.1080176895460399,10.801768954603991,108017.68954603992,0.5,54008.84477301996,54008.84477301996,30,1801,18.01,Tree canopy expansion + parks + connected green corridors,Limited,Sulikunte,,Sulikunte,,,Sulakunte,Bangalore East,Bengaluru Urban,560099.0,"Sulikunte, Sulakunte, Bangalore East, Bengaluru Urban, Karnataka, 560099, India",69
8431_1436,8431,1436,12.904240028745958,77.7271413177066,12.899748472871002,12.908731584620911,77.7225319871416,77.7317506482716,0,0,Prediction Only,7,38.37582071111432,36.32318495330001,32.22627782090004,46.048819061300016,5.521725500887205,0.2857142857142857,0.2857142857142857,0.288629208272657,0.2321852890104953,0.066933464025453,-0.3881382849232192,0.0402304647383174,0.6368079453830479,0.1612837647810516,894.3029030051013,15239.766302395545,44.17986573964116,Very High,V5 prediction only,,,,,,,,,,,,,,V5 Prediction Only,Prediction Only,36.32318495330001,38.37582071111432,46.048819061300016,0.2857142857142857,0.2857142857142857,0.288629208272657,0.2321852890104953,0.0402304647383174,0.6368079453830479,15239.766302395545,0.1612837647810516,0.47407354745001,0.2857142857142857,0.2857142857142857,0.97089073048998,0.8294140688700226,0.751208161926587,0.390210603128493,52.78680189482563,High,1000000,100,0.08,0.12,0.97089073048998,0.8294140688700226,0.6146385500960004,0.7930206929273989,0.1117208277170959,11.172082771709595,111720.82771709596,0.5,55860.41385854798,55860.41385854798,30,1863,18.63,Street trees + green roofs + cool roofs + shaded corridors,Model Only,Mulluru,,Mulluru,,,Mulluru,Bangalore East,Bengaluru Urban,560035.0,"Ambedkar Nagara, Mulluru, Bangalore East, Bengaluru Urban, Karnataka, 560035, India",69
8431_1439,8431,1439,12.931189363995689,77.7271413177066,12.926697808120734,12.935680919870643,77.7225319871416,77.7317506482716,3,2,Limited,7,38.53234649557146,36.20936488730002,32.307831778100024,46.52024946980005,5.606685935680111,0.2857142857142857,0.2857142857142857,0.2340406035961561,0.1890349729489159,0.064509833408899,-0.3345445908738752,0.0483750333292327,0.5978844398590109,0.1656120889606106,878.7686046841528,9693.450131423404,43.33173729959702,High,Limited historical support + V5,,,,,,,,,,,,,,Limited Observation + V5,Limited,36.20936488730002,38.53234649557146,46.52024946980005,0.2857142857142857,0.2857142857142857,0.2340406035961561,0.1890349729489159,0.0483750333292327,0.5978844398590109,9693.450131423404,0.1656120889606106,0.4680800323253842,0.2857142857142857,0.2857142857142857,0.9564546760991725,0.7767238393345943,0.4778156509400659,0.3695560561872035,50.39331804023139,High,1000000,100,0.08,0.12,0.9564546760991725,0.7767238393345943,0.5795026728674091,0.7607411656153225,0.1104296466246129,11.042964662461287,110429.6466246129,0.5,55214.82331230645,55214.82331230645,30,1841,18.41,Tree canopy expansion + parks + connected green corridors,Limited,Panathur,,Panathur,,Bengaluru,Bengaluru East City Corporation,Bangalore East,Bengaluru Urban,,"Panathur, Bengaluru East City Corporation, Bengaluru, Bangalore East, Bengaluru Urban, Karnataka, India",69
8431_1444,8431,1444,12.97610492274524,77.7271413177066,12.971613366870285,12.980596478620194,77.7225319871416,77.7317506482716,5,4,Moderate,7,37.00624695298575,35.84356838690003,31.566309429200047,43.53720669500002,4.8962948985723,0.2857142857142857,0.0,0.2921368848748201,0.2542816060944641,-0.0053105937212753,-0.340337484810623,0.0415431205326274,0.6470508798319992,0.146249446462914,892.2045535144334,2108.983983383799,38.06288951446242,Low,Historical support + V5,42.05747747660003,38.45233455368003,43.34778002660002,0.6,0.0,0.3364379482192779,0.2494061757719715,0.0373524511232972,0.7254705764353275,2012.4611797498108,0.12362159,65.79326538563505,Very High,Reliable Multi-Date Observation,Moderate,42.05747747660003,38.45233455368003,43.34778002660002,0.6,0.0,0.3364379482192779,0.2494061757719715,0.0373524511232972,0.7254705764353275,2012.4611797498108,0.12362159,0.776028819268521,0.6,0.0,0.9759919412686896,0.9494354882787818,0.0991995043618765,0.5699326213174207,65.76075920827029,Very High,1000000,100,0.12,0.18,0.9759919412686896,0.9494354882787818,0.8050937188071581,0.9009935390366,0.174059612342196,17.4059612342196,174059.612342196,0.35,60920.8643197686,113138.7480224274,30,2031,20.31,Street trees + pocket parks + green roofs + cool roofs + reflective pavement,Moderate,S.M Krishna Ward,,S.M Krishna Ward,,Bengaluru,Bengaluru East City Corporation,Bangalore East,Bengaluru Urban,,"S.M Krishna Ward, Bengaluru East City Corporation, Bengaluru, Bangalore East, Bengaluru Urban, Karnataka, India",70
8431_1447,8431,1447,13.00305425799497,77.7271413177066,12.998562702120015,13.007545813869925,77.7225319871416,77.7317506482716,3,3,Moderate,7,37.2312234708286,36.06216785600002,31.74934440020003,44.04936281180002,5.039310885379995,0.2857142857142857,0.0,0.2077745409501022,0.1401952062284866,0.0120573608269692,-0.260122366042902,0.0336654240679141,0.5766530881500779,0.1585926670586628,878.4987480049658,1208.777340753801,38.24024872752688,Low,Historical support + V5,40.81104521330002,39.08403364130002,44.71529564840003,0.3333333333333333,0.3333333333333333,0.1381007267732785,0.0900552486187845,0.0293472616467624,0.6933428579941392,1749.28556845359,0.153014415,59.49840734708942,High,Reliable Multi-Date Observation,Moderate,40.81104521330002,39.08403364130002,44.71529564840003,0.3333333333333333,0.3333333333333333,0.1381007267732785,0.0900552486187845,0.0293472616467624,0.6933428579941392,1749.28556845359,0.153014415,0.7103944290906858,0.3333333333333333,0.3333333333333333,0.9901809494895648,0.9059446249476146,0.0862268863241141,0.429671527528124,59.47015210046804,Very High,1000000,100,0.12,0.18,0.9901809494895648,0.9059446249476146,0.7127488305770621,0.8581490207890761,0.1714889412473445,17.148894124734458,171488.94124734457,0.5,85744.47062367229,85744.47062367229,30,2859,28.59,Street-tree corridors + pocket parks + green roofs + shaded public spaces,Moderate,Belathur,,Belathur,,Bengaluru,Bengaluru East City Corporation,Bangalore East,Bengaluru Urban,,"Belathur, Bengaluru East City Corporation, Bengaluru, Bangalore East, Bengaluru Urban, Karnataka, India",65
8431_1456,8431,1456,13.08390226374416,77.7271413177066,13.079410707869206,13.088393819619116,77.7225319871416,77.7317506482716,3,3,Moderate,7,38.9012436284,36.549474967400016,32.284965224300024,48.15614802200002,6.080181158635555,0.2857142857142857,0.2857142857142857,0.3096228902303333,0.2633253428602748,0.0699381158823133,-0.4068798725192333,0.2141039322269028,0.1155609528983049,0.148477772495831,897.6727666866523,3659.173578364738,39.87973925446151,Low,Historical support + V5,43.03139100530002,39.51767783870003,46.34058124850003,0.6666666666666666,0.3333333333333333,0.2896477312973075,0.2041969330104923,0.4280844333115965,0.1300402658525854,2816.0255680657447,0.131468165,53.90689318131341,High,Reliable Multi-Date Observation,Moderate,43.03139100530002,39.51767783870003,46.34058124850003,0.6666666666666666,0.3333333333333333,0.2896477312973075,0.2041969330104923,0.4280844333115965,0.1300402658525854,2816.0255680657447,0.131468165,0.8273129703806957,0.6666666666666666,0.3333333333333333,0.2834287828725373,0.143409429870925,0.1388093064519248,0.5324891570706275,53.86140747083096,High,1000000,100,0.08,0.12,0.2834287828725373,0.143409429870925,0.6304135508402959,0.3872178518092377,0.0954887140723695,9.54887140723695,95488.7140723695,0.85,81165.40696151408,14323.307110855429,30,2706,27.06,Tree canopy expansion + parks + connected green corridors,Moderate,Manduru,,,,,,Bangalore East,Bengaluru Urban,560049.0,"Manduru, Bangalore East, Bengaluru Urban, Karnataka, 560049, India",71
8432_1431,8432,1431,12.859324469996409,77.7363599788366,12.854832914121452,12.863816025871362,77.7317506482716,77.74096930940162,6,3,Moderate,7,38.73430020727145,36.64159060640001,32.39311137710001,47.35870686590001,6.0221738581885935,0.2857142857142857,0.2857142857142857,0.3245432494387599,0.2816686021020494,0.061920701181011,-0.4228678915449219,0.0844840579465218,0.3447622251377032,0.1457710207272753,899.9675660730504,12322.009143841497,42.54313866515764,High,Historical support + V5,38.85193868990004,39.925048855700034,46.65968759570007,0.3333333333333333,0.3333333333333333,0.2735710391392173,0.1808405074632275,0.0529241218464448,0.2866215497488155,12113.16640233984,0.18869202125,52.14142432301209,Moderate,Reliable Multi-Date Observation,Moderate,38.85193868990004,39.925048855700034,46.65968759570007,0.3333333333333333,0.3333333333333333,0.2735710391392173,0.1808405074632275,0.0529241218464448,0.2866215497488155,12113.16640233984,0.18869202125,0.6072321749170495,0.3333333333333333,0.3333333333333333,0.9483915247449896,0.3553714224604537,0.5970898298343489,0.2594197713118074,51.94576701568832,High,1000000,100,0.08,0.12,0.9483915247449896,0.3553714224604537,0.6022923217303442,0.6616968179679974,0.1064678727187199,10.64678727187199,106467.8727187199,0.85,90497.69181091191,15970.180907807982,30,3017,30.17,Tree canopy expansion + parks + connected green corridors,Moderate,Kommasandra,,,,,,Anekal,Bengaluru Urban,560099.0,"Kommasandra, Anekal, Bengaluru Urban, Karnataka, 560099, India",68
8432_1433,8432,1433,12.877290693496228,77.7363599788366,12.872799137621271,12.881782249371184,77.7317506482716,77.74096930940162,1,1,Limited,7,39.22571626700003,36.943367592200026,32.79031948130004,47.46545163050004,5.87045842399858,0.2857142857142857,0.2857142857142857,0.240822234176618,0.1800544316334777,0.0957657567704106,-0.3447990753317566,0.0603760893214099,0.442991245310144,0.1738324956713183,909.637872976938,15045.006756054829,44.74211646280789,Very High,Limited historical support + V5,,,,,,,,,,,,,,Limited Observation + V5,Limited,36.943367592200026,39.22571626700003,47.46545163050004,0.2857142857142857,0.2857142857142857,0.240822234176618,0.1800544316334777,0.0603760893214099,0.442991245310144,15045.006756054829,0.1738324956713183,0.5067310054616578,0.2857142857142857,0.2857142857142857,0.9351830893826648,0.5670469907471637,0.7416079516660617,0.330328685676314,50.25982959877322,High,1000000,100,0.08,0.12,0.9351830893826648,0.5670469907471637,0.5775430885228113,0.7000930643798482,0.1080037225751939,10.800372257519392,108003.72257519393,0.7,75602.60580263574,32401.116772558176,30,2521,25.21,Tree canopy expansion + parks + connected green corridors,Limited,Dommasandra,,,,,,Anekal,Bengaluru Urban,562125.0,"Dommasandra, Anekal, Bengaluru Urban, Karnataka, 562125, India",69
8432_1434,8432,1434,12.886273805246136,77.7363599788366,12.881782249371184,12.890765361121092,77.7317506482716,77.74096930940162,0,0,Prediction Only,7,38.52762474508574,36.39060539780003,32.19184126940003,46.35791060990002,5.595713290464508,0.2857142857142857,0.2857142857142857,0.2605846782625736,0.2093344892374681,0.0796559007105013,-0.3640628412272296,0.0463016371126409,0.6091315664851823,0.1618720277085842,912.1407573899044,15502.02778657589,44.17492393310269,Very High,V5 prediction only,,,,,,,,,,,,,,V5 Prediction Only,Prediction Only,36.39060539780003,38.52762474508574,46.35791060990002,0.2857142857142857,0.2857142857142857,0.2605846782625736,0.2093344892374681,0.0463016371126409,0.6091315664851823,15502.02778657589,0.1618720277085842,0.4776237602377967,0.2857142857142857,0.2857142857142857,0.9601297216491356,0.7919489244231158,0.7641357202346359,0.387403441800808,52.40784368627932,High,1000000,100,0.08,0.12,0.9601297216491356,0.7919489244231158,0.6090755173374163,0.777662840617943,0.1111065136247177,11.11065136247177,111106.51362471771,0.5,55553.25681235886,55553.25681235886,30,1852,18.52,Street trees + green roofs + cool roofs + shaded corridors,Model Only,Sulikunte,,Sulikunte,,,Sulakunte,Bangalore East,Bengaluru Urban,560099.0,"Sulikunte, Sulakunte, Bangalore East, Bengaluru Urban, Karnataka, 560099, India",69
8432_1435,8432,1435,12.895256916996049,77.7363599788366,12.890765361121092,12.899748472871002,77.7317506482716,77.74096930940162,6,5,High,7,39.44349785274288,37.158685762100006,33.1493483021,48.10674054290001,6.009805377045765,0.2857142857142857,0.2857142857142857,0.2935288768005001,0.2407325984843971,0.0957811983412222,-0.414924989929221,0.1081112331381051,0.2471070507743472,0.1536883020709342,909.397621883776,16617.860279638866,43.65138228849237,High,Strong historical support + V5,37.12600949090001,38.49373589060002,46.97664059030004,0.3333333333333333,0.3333333333333333,0.2922821105028073,0.1437753218773667,0.0431193603435531,0.3888254028279334,17145.185076912905,0.163941265,52.97114887704297,High,Reliable Multi-Date Observation,High,37.12600949090001,38.49373589060002,46.97664059030004,0.3333333333333333,0.3333333333333333,0.2922821105028073,0.1437753218773667,0.0431193603435531,0.3888254028279334,17145.185076912905,0.163941265,0.5163485274041318,0.3333333333333333,0.3333333333333333,0.9657702316420648,0.4937234132599035,0.8451312646109503,0.3775291447298873,52.69421214272481,High,1000000,100,0.08,0.12,0.9657702316420648,0.4937234132599035,0.6132793505525418,0.7067621746107153,0.1082704869844286,10.82704869844286,108270.4869844286,0.7,75789.34088910001,32481.146095328582,30,2527,25.27,Tree canopy expansion + parks + connected green corridors,Strong,Sulikunte,,Sulikunte,,,Sulakunte,Bangalore East,Bengaluru Urban,560099.0,"Sulikunte, Sulakunte, Bangalore East, Bengaluru Urban, Karnataka, 560099, India",69
8432_1436,8432,1436,12.904240028745958,77.7363599788366,12.899748472871002,12.908731584620911,77.7317506482716,77.74096930940162,7,5,High,7,39.31163308258572,37.1398353818,32.520535162700014,48.0911885519,6.224338217403536,0.2857142857142857,0.2857142857142857,0.3091274048310014,0.2667063634175616,0.0836225525560703,-0.4240855441066252,0.1260470645310754,0.2704661717313637,0.1507317212759819,896.2469963449195,18057.35514639744,43.808973587636274,High,Strong historical support + V5,43.34094398660002,41.79141879980002,46.60600759160001,0.5714285714285714,0.4285714285714285,0.2931077458067104,0.225856396361525,0.0503055287990719,0.1366593709681183,17578.680269007684,0.1835346575,65.7356070689515,Very High,Reliable Multi-Date Observation,High,43.34094398660002,41.79141879980002,46.60600759160001,0.5714285714285714,0.4285714285714285,0.2931077458067104,0.225856396361525,0.0503055287990719,0.1366593709681183,17578.680269007684,0.1835346575,0.8436133516798483,0.5714285714285714,0.4285714285714285,0.9530329187288812,0.1523696240559318,0.8664993827300808,0.2840304537026381,65.45166832548016,Very High,1000000,100,0.12,0.18,0.9530329187288812,0.1523696240559318,0.800556324794934,0.6918764574870649,0.1615125874492239,16.15125874492239,161512.58744922388,0.85,137285.6993318403,24226.888117383583,30,4577,45.77,Large canopy expansion + urban forest + park restoration + shaded corridors,Strong,Kachamaranahalli,,,,,Kachamaranahalli,Bangalore East,Bengaluru Urban,560087.0,"Kachamaranahalli, Bangalore East, Bengaluru Urban, Karnataka, 560087, India",69
8432_1438,8432,1438,12.922206252245775,77.7363599788366,12.917714696370822,12.926697808120734,77.7317506482716,77.74096930940162,8,4,Moderate,7,38.02625248138573,36.108994730000006,32.08008910550002,46.05977381540001,5.368562408358353,0.2857142857142857,0.1428571428571428,0.2609339678971513,0.2180797826995916,0.0490606761680514,-0.3533594940392329,0.0474430449976397,0.5991881736018997,0.1605210950480237,877.5399861016576,13443.225406509371,40.79725070003167,Moderate,Historical support + V5,36.99405682880001,38.09381758137501,45.1005065024,0.375,0.25,0.2749483211888032,0.2745038267449146,0.0300841727294027,0.7006310531869531,14233.095924531011,0.1681705037499999,56.67280330294592,High,Reliable Multi-Date Observation,Moderate,36.99405682880001,38.09381758137501,45.1005065024,0.375,0.25,0.2749483211888032,0.2745038267449146,0.0300841727294027,0.7006310531869531,14233.095924531011,0.1681705037499999,0.5094001895246665,0.375,0.25,0.9888747920975022,0.9158105574333516,0.7015867314389891,0.3573474285127131,56.44290394129457,Very High,1000000,100,0.12,0.18,0.9888747920975022,0.9158105574333516,0.6683094166837812,0.8423825832659761,0.1705429549959585,17.054295499595856,170542.95499595857,0.35,59690.03424858549,110852.92074737308,30,1990,19.9,Street trees + pocket parks + green roofs + cool roofs + reflective pavement,Moderate,Gunjur,,Gunjur,,Bengaluru,Bengaluru East City Corporation,Bangalore East,Bengaluru Urban,,"Gunjur, Bengaluru East City Corporation, Bengaluru, Bangalore East, Bengaluru Urban, Karnataka, India",69
8432_1445,8432,1445,12.98508803449515,77.7363599788366,12.980596478620194,12.989579590370104,77.7317506482716,77.74096930940162,3,3,Moderate,7,36.80242553750004,36.067004354300025,31.30278008720005,42.95605784450003,4.76899590851514,0.2857142857142857,0.0,0.3341594525681444,0.2860324594788219,-0.0223184966575149,-0.3769840052436247,0.085715776808251,0.5428473436671536,0.1337338454063177,894.2797050509506,3471.135672856949,37.92169080640628,Low,Historical support + V5,34.11681886310002,36.85342809260002,44.45400510950001,0.3333333333333333,0.3333333333333333,0.1703256011917428,0.0568936877076411,0.0293891003821045,0.7045176029205322,3087.0698080866264,0.1358763875,49.83369959867115,Moderate,Reliable Multi-Date Observation,Moderate,34.11681886310002,36.85342809260002,44.45400510950001,0.3333333333333333,0.3333333333333333,0.1703256011917428,0.0568936877076411,0.0293891003821045,0.7045176029205322,3087.0698080866264,0.1358763875,0.3578911466062391,0.3333333333333333,0.3333333333333333,0.9901067913248568,0.921071727895932,0.1521697898941722,0.5114533393322308,49.783835859818026,High,1000000,100,0.08,0.12,0.9901067913248568,0.921071727895932,0.5705555930603265,0.8050275461618134,0.1122011018464725,11.220110184647252,112201.10184647252,0.35,39270.385646265386,72930.71620020716,30,1310,13.1,Street trees + green roofs + cool roofs + shaded corridors,Moderate,S.M Krishna Ward,,S.M Krishna Ward,,Bengaluru,Bengaluru East City Corporation,Bangalore East,Bengaluru Urban,,"S.M Krishna Ward, Bengaluru East City Corporation, Bengaluru, Bangalore East, Bengaluru Urban, Karnataka, India",70
8432_1447,8432,1447,13.00305425799497,77.7363599788366,12.998562702120015,13.007545813869925,77.7317506482716,77.74096930940162,3,3,Moderate,7,37.96709876240003,36.08482932860005,32.30484101060005,45.00391325720002,4.902561361180241,0.2857142857142857,0.1428571428571428,0.2517257399621651,0.2067087099858163,0.0510768684528617,-0.3455677482179163,0.033137637724916,0.6750579645967384,0.1670931595052733,874.3160235336674,2470.661450146308,41.45851989434772,Moderate,Historical support + V5,36.07486580030002,37.414194150500016,44.2257497339,0.3333333333333333,0.3333333333333333,0.2012907336180654,0.1503881567069868,0.028137119137682,0.64369672909379,1649.2422502470642,0.1871647125,50.53553333875569,Moderate,Reliable Multi-Date Observation,Moderate,36.07486580030002,37.414194150500016,44.2257497339,0.3333333333333333,0.3333333333333333,0.2012907336180654,0.1503881567069868,0.028137119137682,0.64369672909379,1649.2422502470642,0.1871647125,0.460997605293731,0.3333333333333333,0.3333333333333333,0.9923258983455666,0.8387393233673281,0.0812954880538436,0.2667080124328621,50.50889403676892,High,1000000,100,0.08,0.12,0.9923258983455666,0.8387393233673281,0.5811993060062205,0.7894786176652686,0.1115791447066107,11.157914470661073,111579.14470661074,0.5,55789.57235330537,55789.57235330537,30,1860,18.6,Street trees + green roofs + cool roofs + shaded corridors,Moderate,Belathur,,Belathur,,Bengaluru,Bengaluru East City Corporation,Bangalore East,Bengaluru Urban,,"Belathur, Bengaluru East City Corporation, Bengaluru, Bangalore East, Bengaluru Urban, Karnataka, India",65
8432_1448,8432,1448,13.01203736974488,77.7363599788366,13.007545813869925,13.016528925619834,77.7317506482716,77.74096930940162,3,3,Moderate,7,37.61572874784289,36.66102205010005,32.46056600180004,44.82296327840003,5.028638080851193,0.2857142857142857,0.1428571428571428,0.261583119223655,0.2037505057625948,0.0382756680716158,-0.3422358556669317,0.0413230519254796,0.6429111380717184,0.1726839334780826,873.046082916623,2584.151368111447,43.46011326102848,High,Historical support + V5,36.42613571570003,37.977626264000016,44.16668634829999,0.3333333333333333,0.3333333333333333,0.1946170969327281,0.1520983694199412,0.0272093137027695,0.6138852573931217,2800.0,0.15684159,51.73726930363286,Moderate,Reliable Multi-Date Observation,Moderate,36.42613571570003,37.977626264000016,44.16668634829999,0.3333333333333333,0.3333333333333333,0.1946170969327281,0.1520983694199412,0.0272093137027695,0.6138852573931217,2800.0,0.15684159,0.4794947088780515,0.3333333333333333,0.3333333333333333,0.9939704114432184,0.7983839323112191,0.1380193640544089,0.4114084394573769,51.692042445327615,High,1000000,100,0.08,0.12,0.9939704114432184,0.7983839323112191,0.598567694410649,0.7869127048471909,0.1114765081938876,11.147650819388764,111476.50819388762,0.5,55738.25409694381,55738.25409694381,30,1858,18.58,Street trees + green roofs + cool roofs + shaded corridors,Moderate,K Dommasandra,,,,,,Bangalore East,Bengaluru Urban,560049.0,"K Dommasandra, Bangalore East, Bengaluru Urban, Karnataka, 560049, India",65
8432_1450,8432,1450,13.0300035932447,77.7363599788366,13.025512037369744,13.034495149119657,77.7317506482716,77.74096930940162,6,3,Moderate,7,38.491733093642885,36.29585788340003,32.470392809300044,46.0946205293,5.38863797086122,0.2857142857142857,0.2857142857142857,0.2587468658876751,0.1881057489104859,0.0548106224567826,-0.346332909451471,0.0417892880302802,0.6224444447924263,0.1697745198094448,880.0110880160057,2013.8391585427944,43.926054979635744,High,Historical support + V5,38.624571999500034,38.09732532440001,44.32704275659998,0.5,0.3333333333333333,0.2020052184082358,0.1527414178901306,0.0284596990095451,0.7202950405189767,1657.7747210701757,0.1633905775,60.32786847271628,High,Reliable Multi-Date Observation,Moderate,38.624571999500034,38.09732532440001,44.32704275659998,0.5,0.3333333333333333,0.2020052184082358,0.1527414178901306,0.0284596990095451,0.7202950405189767,1657.7747210701757,0.1633905775,0.5952595435029308,0.5,0.3333333333333333,0.9917541331840836,0.9424294344372804,0.0817160759812788,0.3801569979929232,60.301091350426326,Very High,1000000,100,0.12,0.18,0.9917541331840836,0.9424294344372804,0.724946857070916,0.8727000480521157,0.1723620028831269,17.23620028831269,172362.00288312693,0.35,60326.70100909442,112035.3018740325,30,2011,20.11,Street trees + pocket parks + green roofs + cool roofs + reflective pavement,Moderate,Avalahalli,,,,,,Bangalore East,Bengaluru Urban,560049.0,"Avalahalli, Bangalore East, Bengaluru Urban, Karnataka, 560049, India",72
8432_1452,8432,1452,13.04796981674452,77.7363599788366,13.043478260869565,13.052461372619476,77.7317506482716,77.74096930940162,5,4,Moderate,7,38.59444947752859,36.2905428623,32.37369702350003,46.415521337,5.572340325075237,0.2857142857142857,0.2857142857142857,0.2701452664628831,0.2314801408250012,0.0570193546122753,-0.3602275918790916,0.051036104287627,0.5718042614749765,0.1805287235715578,883.7539338516993,6390.192852908927,43.39822434125482,High,Historical support + V5,35.61112593680004,37.60406402216002,45.16994357870003,0.4,0.2,0.1701081362694893,0.0684931506849315,0.028239136794582,0.7153428255114704,6407.027391856539,0.1744098,52.6572298439954,Moderate,Reliable Multi-Date Observation,Moderate,35.61112593680004,37.60406402216002,45.16994357870003,0.4,0.2,0.1701081362694893,0.0684931506849315,0.028239136794582,0.7153428255114704,6407.027391856539,0.1744098,0.4365780808332612,0.4,0.2,0.9921450744716694,0.935725687127235,0.3158192307511491,0.3275738182353589,52.55374065827777,High,1000000,100,0.08,0.12,0.9921450744716694,0.935725687127235,0.6112172564957236,0.8256691004451824,0.1130267640178072,11.302676401780728,113026.76401780728,0.35,39559.36740623255,73467.39661157475,30,1319,13.19,Street trees + green roofs + cool roofs + shaded corridors,Moderate,Chimasandra,,,,,,Bangalore East,Bengaluru Urban,560049.0,"Chimasandra, Bangalore East, Bengaluru Urban, Karnataka, 560049, India",72
8432_1456,8432,1456,13.08390226374416,77.7363599788366,13.079410707869206,13.088393819619116,77.7317506482716,77.74096930940162,5,3,Moderate,7,38.67826665225716,36.55870362139999,32.43305094080003,46.84043249329999,5.705151847513136,0.2857142857142857,0.2857142857142857,0.2769789373547385,0.2373339715462442,0.0652279429700437,-0.3813060823541256,0.0638786130689297,0.54816485570367,0.1596668240352935,894.3952710254525,1149.6913022836234,44.24298585425591,Very High,Historical support + V5,40.48529081720002,41.190076287140016,48.86487446900001,0.4,0.4,0.3646556049621952,0.3112947658402203,0.0585070587694644,0.1554502921644598,1500.0,0.16870762,52.82057754203955,Moderate,Reliable Multi-Date Observation,Moderate,40.48529081720002,41.190076287140016,48.86487446900001,0.4,0.4,0.3646556049621952,0.3112947658402203,0.0585070587694644,0.1554502921644598,1500.0,0.16870762,0.6932409168098292,0.4,0.4,0.9384959016458044,0.1778066430933344,0.0739389450291476,0.3547843365772826,52.79634886794745,High,1000000,100,0.08,0.12,0.9384959016458044,0.1778066430933344,0.6147786978036481,0.6188367054708244,0.1047534682188329,10.475346821883296,104753.46821883298,0.85,89040.44798600803,15713.020232824943,30,2969,29.69,Tree canopy expansion + parks + connected green corridors,Moderate,Manduru,,,,,,Bangalore East,Bengaluru Urban,560049.0,"Manduru, Bangalore East, Bengaluru Urban, Karnataka, 560049, India",71
8432_1457,8432,1457,13.09288537549407,77.7363599788366,13.088393819619116,13.097376931369029,77.7317506482716,77.74096930940162,3,3,Moderate,7,38.922713676885735,36.630926384000006,32.40116081420004,47.363970616700016,5.773831210464387,0.2857142857142857,0.2857142857142857,0.3099241439601315,0.2730301006109633,0.0624454796725507,-0.4133695670383369,0.0717866591280319,0.4011090099718217,0.1749637101138748,884.723577581926,3284.2543886677754,43.06361109726495,High,Historical support + V5,41.65661209100004,41.17747974410002,47.8423566959,0.6666666666666666,0.3333333333333333,0.301213361278165,0.1775405298536971,0.0253090346232056,0.4810011722147465,3478.5054261852174,0.1750455725,66.32889769045178,Very High,Reliable Multi-Date Observation,Moderate,41.65661209100004,41.17747974410002,47.8423566959,0.6666666666666666,0.3333333333333333,0.301213361278165,0.1775405298536971,0.0253090346232056,0.4810011722147465,3478.5054261852174,0.1750455725,0.7549201269617293,0.6666666666666666,0.3333333333333333,0.9973386109793976,0.6185005211079263,0.1714646809935336,0.3245399435992477,66.27271130758601,Very High,1000000,100,0.12,0.18,0.9973386109793976,0.6185005211079263,0.8126090760024655,0.8287372745207569,0.1697242364712454,16.97242364712454,169724.2364712454,0.7,118806.96552987178,50917.27094137363,30,3961,39.61,Large canopy expansion + urban forest + park restoration + shaded corridors,Moderate,Kattugollahalli,,,,,,Bangalore East,Bengaluru Urban,560049.0,"Kattugollahalli, Bangalore East, Bengaluru Urban, Karnataka, 560049, India",71
8432_1462,8432,1462,13.13780093424362,77.7363599788366,13.133309378368669,13.142292490118576,77.7317506482716,77.74096930940162,7,5,High,7,38.60047251705716,37.02767305550001,32.63585915750002,45.51986337619999,5.2480203101445015,0.2857142857142857,0.2857142857142857,0.291132545888856,0.266556121980571,0.076828354158335,-0.4138582184931057,0.0594212094261558,0.4000683436494264,0.1651985343711909,880.2180125061222,13744.66811590765,44.65278550434437,Very High,Strong historical support + V5,40.148701297700015,38.66845937630002,46.529375583200014,0.2857142857142857,0.1428571428571428,0.2811499155904155,0.2005510726234993,0.0441318900557234,0.2575172225479036,13782.960494755836,0.1591429825,52.07805210804269,Moderate,Reliable Multi-Date Observation,High,40.148701297700015,38.66845937630002,46.529375583200014,0.2857142857142857,0.1428571428571428,0.2811499155904155,0.2005510726234993,0.0441318900557234,0.2575172225479036,13782.960494755836,0.1591429825,0.6755168506867786,0.2857142857142857,0.1428571428571428,0.9639755467752074,0.3159732834684957,0.6793983722404434,0.4004263093188658,51.85542353614154,High,1000000,100,0.08,0.12,0.9639755467752074,0.3159732834684957,0.6009660970308683,0.6567712010507939,0.1062708480420317,10.627084804203175,106270.84804203176,0.85,90330.22083572698,15940.627206304764,30,3012,30.12,Tree canopy expansion + parks + connected green corridors,Strong,Kaggalahalli,,,,,,Devanahalli taluku,Bengaluru North,562129.0,"Kondenahalli, Kaggalahalli, Devanahalli taluku, Bengaluru North, Karnataka, 562129, India",73
8433_1433,8433,1433,12.877290693496228,77.74557863996662,12.872799137621271,12.881782249371184,77.74096930940162,77.75018797053163,4,3,Moderate,7,38.0733381483286,37.0585890464,32.29908164690002,45.410435465900015,5.578529934094103,0.2857142857142857,0.2857142857142857,0.3267019679501783,0.2906612822456603,0.0388055502214632,-0.409584182215315,0.0797724966898732,0.3987226455200438,0.1688102766900384,898.4375826364998,18244.396189816245,44.76397388838232,Very High,Historical support + V5,38.34535394570002,39.820289391050025,46.38887787110006,0.25,0.25,0.2857088709181127,0.2119683947227367,0.0583590830210596,0.350066945888102,17550.58477532385,0.1718079974999999,50.96963963606012,Moderate,Reliable Multi-Date Observation,Moderate,38.34535394570002,39.820289391050025,46.38887787110006,0.25,0.25,0.2857088709181127,0.2119683947227367,0.0583590830210596,0.350066945888102,17550.58477532385,0.1718079974999999,0.5805565329764816,0.25,0.25,0.938758185145372,0.4412566077883978,0.8651144819547102,0.3399894898992341,50.68615470362873,High,1000000,100,0.08,0.12,0.938758185145372,0.4412566077883978,0.5838014581019155,0.6724000999887458,0.1068960039995498,10.689600399954983,106896.00399954984,0.7,74827.20279968488,32068.80119986496,30,2495,24.95,Tree canopy expansion + parks + connected green corridors,Moderate,Dommasandra,,,,,,Anekal,Bengaluru Urban,562125.0,"Dommasandra, Anekal, Bengaluru Urban, Karnataka, 562125, India",69
8433_1435,8433,1435,12.895256916996049,77.74557863996662,12.890765361121092,12.899748472871002,77.74096930940162,77.75018797053163,2,2,Limited,7,39.16696782752859,37.132349918,32.795617412300025,47.3939637422,5.744711708960638,0.2857142857142857,0.2857142857142857,0.238960622164011,0.1859753074260454,0.0935333898376123,-0.3481592059008134,0.0414581641889988,0.438090611072695,0.1672875499179074,906.916990511582,19684.37118653983,45.45503850619314,Very High,Limited historical support + V5,,,,,,,,,,,,,,Limited Observation + V5,Limited,37.132349918,39.16696782752859,47.3939637422,0.2857142857142857,0.2857142857142857,0.238960622164011,0.1859753074260454,0.0414581641889988,0.438090611072695,19684.37118653983,0.1672875499179074,0.5166824003938066,0.2857142857142857,0.2857142857142857,0.9687146623719745,0.5604130676365922,0.9702944260632704,0.361560840127784,52.294598954715,High,1000000,100,0.08,0.12,0.9687146623719745,0.5604130676365922,0.6074131067147621,0.7221186414252438,0.1088847456570097,10.888474565700976,108884.74565700976,0.7,76219.32195990683,32665.42369710293,30,2541,25.41,Tree canopy expansion + parks + connected green corridors,Limited,Heggondahalli,,,,,Chikkavaderapura,Anekal,Bengaluru Urban,,"Chikkavaderapura, Heggondahalli, Anekal, Bengaluru Urban, Karnataka, India",69
8433_1436,8433,1436,12.904240028745958,77.74557863996662,12.899748472871002,12.908731584620911,77.74096930940162,77.75018797053163,0,0,Prediction Only,7,38.61165432534288,36.6399670469,32.42766755930002,46.751410162400006,5.672982982111949,0.2857142857142857,0.2857142857142857,0.3055371580669883,0.2716220314037376,0.0581141990287904,-0.4034885753780857,0.062808663985366,0.4113996845206709,0.1553521317976851,895.3671619355548,20287.008414965643,43.20296748247733,High,V5 prediction only,,,,,,,,,,,,,,V5 Prediction Only,Prediction Only,36.6399670469,38.61165432534288,46.751410162400006,0.2857142857142857,0.2857142857142857,0.3055371580669883,0.2716220314037376,0.062808663985366,0.4113996845206709,20287.008414965643,0.1553521317976851,0.4907545979530238,0.2857142857142857,0.2857142857142857,0.9308714085653724,0.5242819168677869,1.0,0.418516059654147,51.02110853401991,High,1000000,100,0.08,0.12,0.9308714085653724,0.5242819168677869,0.5887185151521566,0.6923628782756897,0.1076945151310275,10.76945151310276,107694.51513102758,0.7,75386.16059171931,32308.354539308275,30,2513,25.13,Tree canopy expansion + parks + connected green corridors,Model Only,Heggondahalli,,,,,,Anekal,Bengaluru Urban,562125.0,"Heggondahalli, Anekal, Bengaluru Urban, Karnataka, 562125, India",69
8433_1437,8433,1437,12.913223140495868,77.74557863996662,12.908731584620911,12.917714696370822,77.74096930940162,77.75018797053163,5,4,Moderate,7,40.29705069002858,40.34122127420001,33.577865469500004,48.35357285720001,5.810936377976865,0.4285714285714285,0.2857142857142857,0.2849912712929517,0.2388598847663294,0.1111739601377461,-0.4081741036954036,0.1276950122898686,0.2109615546430069,0.1543782001076273,891.0172253654941,17649.232738887542,61.121096247832114,Very High,Historical support + V5,40.45712633240001,38.89567225580002,45.191904357200045,0.4,0.2,0.2846719277246938,0.2178533475026567,0.0582710839807987,0.2655859747901559,18439.36007566423,0.1655384375,56.79740716702919,High,Reliable Multi-Date Observation,Moderate,40.45712633240001,38.89567225580002,45.191904357200045,0.4,0.2,0.2846719277246938,0.2178533475026567,0.0582710839807987,0.2655859747901559,18439.36007566423,0.1655384375,0.6917578367910023,0.4,0.2,0.9389141613542238,0.3268958456063336,0.908924554004798,0.3699075172810053,56.49956633653576,Very High,1000000,100,0.12,0.18,0.9389141613542238,0.3268958456063336,0.6691412096197774,0.6780004017234726,0.1606800241034083,16.06800241034084,160680.02410340836,0.85,136578.0204878971,24102.00361551126,30,4553,45.53,Large canopy expansion + urban forest + park restoration + shaded corridors,Moderate,Halasahalli,,,,,,Anekal,Bengaluru Urban,562125.0,"Halasahalli, Anekal, Bengaluru Urban, Karnataka, 562125, India",69
8433_1439,8433,1439,12.931189363995689,77.74557863996662,12.926697808120734,12.935680919870643,77.74096930940162,77.75018797053163,5,4,Moderate,7,37.42553058350002,36.17793619340002,32.04537911240003,44.03102513450001,5.063333333474492,0.2857142857142857,0.0,0.2997335333721312,0.2563731974237738,0.0229272850617257,-0.3836804770969895,0.0585028566226928,0.6187749472994654,0.1449832827799454,883.2394269324726,11809.368375838008,39.12821563563652,Low,Historical support + V5,35.40153295040002,36.50124328718002,43.992726220400016,0.2,0.2,0.2848228007264937,0.265034965034965,0.0302268275991082,0.7191420942544937,12831.601614763453,0.143159735,49.75752396532377,Moderate,Reliable Multi-Date Observation,Moderate,35.40153295040002,36.50124328718002,43.992726220400016,0.2,0.2,0.2848228007264937,0.265034965034965,0.0302268275991082,0.7191420942544937,12831.601614763453,0.143159735,0.4255413737028667,0.2,0.2,0.9886219397290564,0.9408687064786924,0.6325033909532779,0.4766975686025529,49.55026216958793,High,1000000,100,0.08,0.12,0.9886219397290564,0.9408687064786924,0.5671267767397147,0.8080855662207287,0.1123234226488291,11.232342264882911,112323.42264882912,0.35,39313.197927090194,73010.22472173894,30,1311,13.11,Street trees + green roofs + cool roofs + shaded corridors,Moderate,Gunjur,,Gunjur,,Bengaluru,Bengaluru East City Corporation,Bangalore East,Bengaluru Urban,,"Gunjur, Bengaluru East City Corporation, Bengaluru, Bangalore East, Bengaluru Urban, Karnataka, India",69
8433_1447,8433,1447,13.00305425799497,77.74557863996662,12.998562702120015,13.007545813869925,77.74096930940162,77.75018797053163,3,3,Moderate,7,38.02612308491431,36.30151470650001,32.07699579740003,45.244490594900014,5.16407136615814,0.2857142857142857,0.1428571428571428,0.2855283924429195,0.2605469690228609,0.0472820185775424,-0.3737613469421211,0.0565693245229147,0.5179450915757491,0.1628259773835572,873.6891176825244,5652.098806464779,40.76101116803067,Moderate,Historical support + V5,38.78858568920003,38.64063099680002,45.84883071110004,0.3333333333333333,0.3333333333333333,0.4711859538257154,0.4153455928979074,0.0391851013991981,0.3995830959174782,5000.999900019995,0.1539930575,52.8959128391392,Moderate,Reliable Multi-Date Observation,Moderate,38.78858568920003,38.64063099680002,45.84883071110004,0.3333333333333333,0.3333333333333333,0.4711859538257154,0.4153455928979074,0.0391851013991981,0.3995830959174782,5000.999900019995,0.1539930575,0.6038961448018856,0.3333333333333333,0.3333333333333333,0.9727436121807936,0.5082859587071467,0.2465124377989007,0.4250014943659936,52.81513444133107,High,1000000,100,0.08,0.12,0.9727436121807936,0.5082859587071467,0.6150544663653656,0.7135535404862106,0.1085421416194484,10.854214161944842,108542.14161944842,0.7,75979.49913361389,32562.642485834527,30,2533,25.33,Tree canopy expansion + parks + connected green corridors,Moderate,Belathur,,Belathur,,Bengaluru,Bengaluru East City Corporation,Bangalore East,Bengaluru Urban,,"Belathur, Bengaluru East City Corporation, Bengaluru, Bangalore East, Bengaluru Urban, Karnataka, India",65
8433_1451,8433,1451,13.03898670499461,77.74557863996662,13.034495149119657,13.043478260869565,77.74096930940162,77.75018797053163,3,3,Moderate,7,38.0674420638286,36.42898976240001,32.240325883100034,44.59692961580006,4.805970846749161,0.2857142857142857,0.1428571428571428,0.301545068149883,0.2674791747756122,0.0456636350953188,-0.3875094464984426,0.0647388887014277,0.5431813788443526,0.164507225939659,887.4602765284252,2170.2274410141185,41.52732085111484,Moderate,Historical support + V5,39.66407733200006,41.34082122320003,45.41674171280001,0.3333333333333333,0.3333333333333333,0.3490940280904898,0.3312034078807241,0.0359387546777725,0.4885228434577584,2202.271554554524,0.165089665,54.56948151293464,High,Reliable Multi-Date Observation,Moderate,39.66407733200006,41.34082122320003,45.41674171280001,0.3333333333333333,0.3333333333333333,0.3490940280904898,0.3312034078807241,0.0359387546777725,0.4885228434577584,2202.271554554524,0.165089665,0.6499976151929324,0.3333333333333333,0.3333333333333333,0.978497684642556,0.6286825070043298,0.1085557569409749,0.372049037251017,54.53390943309624,High,1000000,100,0.08,0.12,0.978497684642556,0.6286825070043298,0.6402857487817127,0.7557591158886621,0.1102303646355464,11.023036463554648,110230.36463554647,0.7,77161.25524488253,33069.10939066394,30,2573,25.73,Tree canopy expansion + parks + connected green corridors,Moderate,Bandapura,,,,,,Bangalore East,Bengaluru Urban,560049.0,"Bandapura, Bangalore East, Bengaluru Urban, Karnataka, 560049, India",72
8433_1458,8433,1458,13.101868487243982,77.74557863996662,13.097376931369029,13.106360043118936,77.74096930940162,77.75018797053163,4,4,Moderate,7,38.18240472508575,36.39409177820001,31.94249671040004,45.65887424960006,5.542715219428273,0.2857142857142857,0.2857142857142857,0.3459757907569691,0.3065398746694934,0.0403247990796198,-0.447165071507196,0.2228381405968342,0.2130689141009059,0.1646933481292682,880.6065135254986,7120.568341573481,40.228353603028594,Moderate,Historical support + V5,39.78373366715003,40.09080431142503,48.170264444600015,0.5,0.5,0.2557643680994167,0.2297140015277581,0.0295969919534399,0.0597882512956857,5691.576104391462,0.19000883125,55.27850722078951,High,Reliable Multi-Date Observation,Moderate,39.78373366715003,40.09080431142503,48.170264444600015,0.5,0.5,0.2557643680994167,0.2297140015277581,0.0295969919534399,0.0597882512956857,5691.576104391462,0.19000883125,0.6562984554549537,0.5,0.5,0.9897383084521684,0.0483102161055207,0.280552755141207,0.2531360197189378,55.18657432578708,High,1000000,100,0.08,0.12,0.9897383084521684,0.0483102161055207,0.6498667424019453,0.6184326589454172,0.1047373063578166,10.473730635781669,104737.30635781668,0.85,89026.71040414418,15710.5959536725,30,2968,29.68,Tree canopy expansion + parks + connected green corridors,Moderate,Shringaripura,,,,,Shringaripura,Bangalore East,Bengaluru Urban,,"Shringaripura, Bangalore East, Bengaluru Urban, Karnataka, India",71
8433_1460,8433,1460,13.119834710743802,77.74557863996662,13.115343154868846,13.124326266618755,77.74096930940162,77.75018797053163,6,4,Moderate,7,38.81511440728574,36.65235736940001,32.276642345600024,47.232103405100034,5.841529836017283,0.2857142857142857,0.2857142857142857,0.3182261457083436,0.2828980369305579,0.0809610850982197,-0.4269871049890271,0.1491783630503067,0.3454182661049346,0.1652254531760799,883.6598684350591,13431.28492337917,42.593107908527614,High,Historical support + V5,41.95803872975005,40.61602153715003,47.8566269294,0.6666666666666666,0.3333333333333333,0.2829792649063177,0.2425321441809385,0.0537883561337366,0.2835410429397598,12507.95128985033,0.16720623,65.93321455169827,Very High,Reliable Multi-Date Observation,Moderate,41.95803872975005,40.61602153715003,47.8566269294,0.6666666666666666,0.3333333333333333,0.2829792649063177,0.2425321441809385,0.0537883561337366,0.2835410429397598,12507.95128985033,0.16720623,0.7707925928792371,0.6666666666666666,0.3333333333333333,0.9468596899966568,0.3512013815386678,0.6165498152316665,0.3619488947170433,65.73118050145719,Very High,1000000,100,0.12,0.18,0.9468596899966568,0.3512013815386678,0.8046595091469715,0.7410650405422854,0.1644639024325371,16.44639024325371,164463.9024325371,0.85,139794.31706765655,24669.585364880564,30,4660,46.6,Large canopy expansion + urban forest + park restoration + shaded corridors,Moderate,Handrahalli,,,,,,Devanahalli taluku,Bengaluru North,562129.0,"Hittarahalli, Handrahalli, Devanahalli taluku, Bengaluru North, Karnataka, 562129, India",73
8433_1461,8433,1461,13.128817822493712,77.74557863996662,13.124326266618755,13.133309378368669,77.74096930940162,77.75018797053163,3,3,Moderate,7,38.29399087087145,36.87874992409998,32.28846869480004,45.21781294880002,5.276077796569964,0.2857142857142857,0.2857142857142857,0.2904436899394498,0.2534865970297495,0.0607824314543098,-0.3978955658144271,0.0644511839203327,0.4069746246582272,0.1721232966928309,874.8756631123266,16449.996934887207,44.12142835119195,Very High,Historical support + V5,40.08047761850002,40.613882426300016,44.43737644220001,0.3333333333333333,0.3333333333333333,0.2882154229879768,0.1850557133493554,0.0482797622680664,0.1389249993953853,15617.938404283712,0.1877015675,53.15036087585548,High,Reliable Multi-Date Observation,Moderate,40.08047761850002,40.613882426300016,44.43737644220001,0.3333333333333333,0.3333333333333333,0.2882154229879768,0.1850557133493554,0.0482797622680664,0.1389249993953853,15617.938404283712,0.1877015675,0.6719243413207865,0.3333333333333333,0.3333333333333333,0.956623541792366,0.1554365749964366,0.7698492594286314,0.2641461671693921,52.898092916130224,High,1000000,100,0.08,0.12,0.956623541792366,0.1554365749964366,0.6162722806322216,0.6201862956293258,0.104807451825173,10.480745182517303,104807.45182517303,0.85,89086.33405139708,15721.117773775955,30,2970,29.7,Tree canopy expansion + parks + connected green corridors,Moderate,Handrahalli,,,,,,Devanahalli taluku,Bengaluru North,562129.0,"Hittarahalli, Handrahalli, Devanahalli taluku, Bengaluru North, Karnataka, 562129, India",73
