date,latitude,longitude,LST,Predicted_LST
2026-01-27,12.955453375646712,77.61850054828501,29.59253960000001,30.541792114400028
2026-01-27,13.048673420723118,77.69308129867237,31.284459500000025,30.124178430800026
2026-01-27,12.946853050708604,77.73514269947206,22.756499599999984,24.76453507970004
2026-01-27,12.846813341083896,77.48733962689842,35.28012488000002,36.711437845100015
2026-01-27,12.968017035809511,77.54686615225253,31.08963236,34.721654592200004
2026-01-27,13.12491467375935,77.72833088418255,32.873838800000044,30.817147805600044
2026-01-27,13.018899641822768,77.70604202598115,30.453880640000023,30.314100712100018
2026-01-27,13.043881911746013,77.49072872744016,31.47586862000003,36.51654234470004
2026-01-27,12.947581777369976,77.51254122256958,30.337667960000037,31.039404556100063
2026-01-27,13.00830473146351,77.45858428300589,35.461279940000054,37.865532298100014
2026-01-27,12.945588991057392,77.53457234090722,30.488060840000003,30.95010878360004
2026-01-27,12.904010434344354,77.63470929130749,30.69314204,29.6061945899
2026-01-27,12.934987110675328,77.64032714813052,30.04713626,29.481761571800025
2026-01-27,13.100505514669258,77.61054102900039,30.518823020000013,31.708003448300015
2026-01-27,13.022962969299424,77.67966266097262,31.11355850000001,30.853088285899993
2026-01-27,12.95444296229911,77.45982780762883,24.82781971999998,28.444973565199994
2026-01-27,12.947428969944935,77.66025734309704,29.67115406000005,28.423098237200044
2026-01-27,13.134692447175617,77.50890962540782,29.872817240000018,35.10517352630002
2026-01-27,13.09595691827769,77.57469427444077,29.073000560000025,30.61473266120001
2026-01-27,12.85941141421225,77.48777846195955,31.25711534000004,32.53007143850004
2026-01-27,13.135404343272285,77.508467619479,30.08473448000001,33.17047166570003
2026-01-27,12.997754714268886,77.63660893000998,31.05203414000005,29.476771262600014
2026-01-27,13.022196288699575,77.5260451583967,31.889449040000045,36.81175673210002
2026-01-27,12.977989137349622,77.63656481070926,30.12575072000004,30.223130109800017
2026-01-27,12.96959400103687,77.48997664357496,31.380164060000027,34.43742913910002
2026-01-27,12.838428677904387,77.74825570701609,34.75716782000001,31.617972801500056
2026-01-27,12.974775697661986,77.60630315141398,29.80103882000003,30.186984548300032
2026-01-27,13.020806143525494,77.72982079085223,23.84001194000001,25.503220472000038
2026-01-27,13.008376041596945,77.63303902517892,30.68630600000006,30.480370295000036
2026-01-27,13.06419985772606,77.59956541261948,30.573511339999985,29.859059709500023
2026-01-27,12.974227435613164,77.51807615037848,30.136004780000007,34.83957628220001
2026-01-27,13.124916693702165,77.64316902531067,37.07116736,33.21656366540006
2026-01-27,12.973513709295302,77.47889068181105,32.579889080000044,34.75995350630001
2026-01-27,12.94045414042028,77.52267412917986,31.270787420000037,30.97224046310004
2026-01-27,12.993661407635866,77.62294793766883,33.15411644000005,31.295653515500025
2026-01-27,12.996174194547445,77.68111616770331,30.488060840000003,30.186916187899982
2026-01-27,13.019398190343397,77.58692699175796,30.334249940000007,30.194897264600023
2026-01-27,13.069099970294856,77.67662991455357,29.90699744000005,30.697243664000013
2026-01-27,13.096565741488304,77.50368258173468,36.67809506000003,39.079732632800024
2026-01-27,12.954566702432173,77.69970034364829,32.190234799999985,30.244150932800025
2026-01-27,13.040732751129806,77.4534916444445,36.53795624000003,36.42288859670001
2026-01-27,13.091756921918396,77.60860632574291,23.795577680000008,25.782865778300025
2026-01-27,13.026896589757657,77.46117840002267,33.54035270000003,37.330475447300024
2026-01-27,12.977229225682176,77.53056325071421,29.12768888000005,34.54460115620001
2026-01-27,13.04004616612392,77.6149689188017,32.11845638,33.20231052200006
2026-01-27,13.131723805082563,77.53813765602735,32.58672511999998,32.98632583820002
2026-01-27,13.07129011781902,77.55337818197141,28.73803459999999,29.772891425300003
2026-01-27,12.845979313469403,77.49605763748798,32.761044140000024,31.884065658500027
2026-01-27,12.957512498117756,77.61731165472392,29.291753840000013,30.31789471430001
2026-01-27,12.832711358984318,77.49117442965952,34.23421076,37.566694809500014
2026-01-27,12.988415345040965,77.48028739850366,30.334249940000007,34.390841526500004
2026-01-27,12.804142985237592,77.52273078023558,32.86358474000002,32.15087629970002
2026-01-27,13.039283528364182,77.70497774363042,32.484184519999985,31.414122088700033
2026-01-27,13.068430540730626,77.5724761328877,28.47484706,30.338949717500007
2026-01-27,12.9474570685372,77.744316496848,23.152989919999985,24.749171079800035
2026-01-27,12.821748797223236,77.54883998546599,36.332875039999976,37.60212258680002
2026-01-27,12.936192713269204,77.74665291539432,33.55060676000005,32.08101197090002
2026-01-27,13.070026779678727,77.57119543240498,29.33277008000005,30.14063619710005
2026-01-27,12.858779380793306,77.65544226116214,33.70099964000002,30.192487560500023
2026-01-27,12.821313289720996,77.46837218994644,35.35532132000003,34.93452887780001
2026-01-27,12.929547875212704,77.57714055906654,28.40990468000001,29.545695635900028
2026-01-27,12.840920835454916,77.62267030587064,32.873838800000044,31.086197249900007
2026-01-27,12.992596299549062,77.71092199894004,28.70385440000001,30.395398317800026
2026-01-27,12.990559284501032,77.60860966439024,30.655543820000048,30.095774684600027
2026-01-27,12.99248365259373,77.4596034751764,30.52907707999998,33.230799718700034
2026-01-27,12.99845913201357,77.61810813822163,29.619883759999997,30.24290335550003
2026-01-27,12.980230246395744,77.5088052795584,29.578867520000017,34.0596695687
2026-01-27,12.948706581879746,77.64397188092326,31.19559098000002,30.30080461430001
2026-01-27,13.036875126479943,77.52395920249312,31.339147819999997,36.60566721620001
2026-01-27,13.149539636815142,77.64791363796782,37.48132976,32.29766316860003
2026-01-27,13.08395515421185,77.67933520654795,36.182482160000006,32.545179086900006
2026-01-27,12.86212002086917,77.50353696706735,31.157992760000013,31.12900795040004
2026-01-27,12.842679398739069,77.56400942647879,33.615549139999985,30.46432269110003
2026-01-27,12.849879924760014,77.6236378615516,32.81915048000002,29.94425385800002
2026-01-27,12.901134365696876,77.73351329954474,34.972503080000024,31.076763514700023
2026-01-27,13.00506414338329,77.64288278393325,29.63697386000001,29.68805616890004
2026-01-27,12.893268062459338,77.46168303517513,35.17758428000002,37.37937022340003
2026-01-27,13.043918280456229,77.4861400267372,31.527138920000027,33.71641491020002
2026-01-27,13.114586634031426,77.60470083882879,32.3098655,33.53382428180005
2026-01-27,13.077641200263509,77.57902698002415,28.990968080000016,29.589326661200012
2026-01-27,12.960867161037408,77.5478876731821,30.481224800000007,36.3544940165
2026-01-27,12.839089930872612,77.57442944630985,33.762523999999985,30.952945740200015
2026-01-27,12.982018952051185,77.46920585741799,33.77277806000001,34.65355054370001
2026-01-27,13.008888506503812,77.5179866794984,29.616465740000024,34.7145792908
2026-01-27,12.930962010346624,77.47917097226737,33.499336459999995,33.813179056400045
2026-01-27,12.877261926721973,77.63487679088466,31.968063500000028,31.01260727930004
2026-01-27,12.985848042285518,77.45432022674436,35.35532132000003,37.737100196600025
2026-01-27,12.904393495081242,77.69270187441873,30.600855500000023,29.115879620900035
2026-01-27,12.933270103101696,77.45373562091997,32.4124061,33.04537213370003
2026-01-27,12.95800898003528,77.50949888490541,29.315679980000027,34.35057725090001
2026-01-27,12.822419977093768,77.61369023075247,23.74430738000001,25.23336779300002
2026-01-27,12.853713382916476,77.61659675635508,30.83328086000006,31.342189857800022
2026-01-27,13.061629789910526,77.49189095957152,29.59595762000004,32.132982965000025
2026-01-27,12.950298791138382,77.49112727934934,31.13064860000003,37.024545567200015
2026-01-27,12.966237777659078,77.51957875920394,29.42505662000002,33.16392615740001
2026-01-27,12.979985147362534,77.71951227489774,32.99346950000006,30.394304551399998
2026-01-27,12.891716832295938,77.57850444024318,29.989029920000007,30.344538180200015
2026-01-27,13.063424682976512,77.49348365017661,30.32057786000001,34.28498544710003
2026-01-27,13.049603959587536,77.55902426191167,30.245381420000054,31.21833790310002
2026-01-27,13.029088193750976,77.74156843654916,31.69120387999999,30.27344336420002
2026-01-27,12.965941392756475,77.73525865735728,31.24686128000002,30.480968448500025
2026-01-27,13.016531250004324,77.53853687937138,28.90209956000001,32.92449385640002
2026-01-27,13.086384050830205,77.53492053466961,31.219517119999978,34.71244302830001
2026-01-27,12.901189197376478,77.5228063229742,30.95974760000001,32.28272642119999
2026-01-27,13.073356284310798,77.69843787783111,30.911895319999985,29.816864252600002
2026-01-27,13.010472432576044,77.66978378482996,30.14284082000006,30.545893738399986
2026-01-27,12.810314500717816,77.68745011234863,35.20834646000003,30.42896327420003
2026-01-27,13.074575238672404,77.51180326021611,31.96464548000006,37.44139019630004
2026-01-27,13.056806076351233,77.49515047882907,30.635035700000003,34.82373375950001
2026-01-27,12.85821614345151,77.69306193483983,33.461738240000045,32.226021469400045
2026-01-27,12.9699369690963,77.59111044896389,28.50902726000004,30.36786616670002
2026-01-27,12.961067419726326,77.71904801890041,30.012956060000025,29.9110477937
2026-01-27,12.8722259825076,77.61363390799615,29.84889110000006,29.775728381900013
2026-01-27,13.06440421106395,77.48151560840347,36.86266813999998,38.694966121400014
2026-01-27,12.806612351069123,77.69920692948875,33.06866594000002,30.971044156099993
2026-01-27,12.86048992729248,77.45689637831386,34.44270998000002,35.37668394500001
2026-01-27,12.949306994384015,77.46896385927366,31.70145794000001,31.529736615200033
2026-01-27,13.091526401095727,77.64578227089092,31.322057720000032,30.751726902800023
2026-01-27,13.11081530248742,77.73790074556959,32.972961380000015,30.53087154050002
2026-01-27,13.039150702962834,77.60041464856965,30.75466640000002,30.689894921
2026-01-27,13.05135968483456,77.46015564697376,32.68926571999998,37.133306963600006
2026-01-27,12.863501368776928,77.63250767166664,31.59891734000001,31.051128364700062
2026-01-27,12.845421451597248,77.57865538175201,34.93148684000005,30.210056183300004
2026-01-27,12.86439278757494,77.69645545469288,32.32353757999999,31.088658224300026
2026-01-27,12.870011292848668,77.72595976897634,31.90312112000004,31.16566621490002
2026-01-27,12.94536685077308,77.6009557421224,31.229771180000057,29.355294831800034
2026-01-27,13.026820799593096,77.71791965316172,31.42801634,30.218686683799998
2026-01-27,12.824441950271972,77.74422327408053,32.65508552000006,31.879827313700044
2026-01-27,12.968932928932372,77.65730967272981,29.85572714,30.53666508440002
2026-01-27,13.076988377137797,77.64189841158006,31.072542259999977,31.690349375000025
2026-01-27,13.076705094278214,77.71663107718506,33.04815782000003,30.246184654699995
2026-01-27,12.93070456043202,77.5764870919459,29.339606119999985,29.783025854600034
2026-01-27,13.113531211977367,77.51852347373764,34.333333340000024,39.19874808920002
2026-01-27,12.950836477048297,77.4726143382229,33.36945170000001,34.6815270374
2026-01-27,13.090190595384092,77.63031760571229,31.83134270000005,31.085889628100034
2026-01-27,12.969032008436653,77.65432457355921,29.78736674000004,29.521820766200022
2026-01-27,12.930255537924886,77.48841594422764,30.935821460000057,31.84009283120005
2026-01-27,13.089035156868302,77.51873958288685,36.59606258000002,38.50953853640001
2026-01-27,12.842169945388395,77.49652020642444,34.03254758000003,36.6100935521
2026-01-27,13.137115894253736,77.52990019546333,34.38118562,38.69144556079999
2026-01-27,13.11999631913187,77.53735857038653,31.906539140000007,36.34793141810002
2026-01-27,13.02356094274076,77.4678253406018,32.610651260000054,34.598400791000046
2026-01-27,12.907790574608171,77.62070627604919,28.341544279999997,30.609793622300025
2026-01-27,12.955579847707316,77.5648179078839,29.82154694000002,29.85046338920001
2026-01-27,13.00272896507886,77.56842411886204,28.009996340000043,30.298309459700064
2026-01-27,13.12803454015408,77.54450396915072,32.26543124,35.37042896840005
2026-01-27,12.815983293944434,77.51195065279435,34.66829930000006,35.09633794460004
2026-01-27,12.98984645806432,77.60306686158289,30.511986980000017,30.044846186600026
2026-01-27,13.134302742461752,77.68830262977619,33.17804258000001,30.369199194499988
2026-01-27,12.8651379691928,77.5773422527639,30.46755272000001,30.161964641900013
2026-01-27,12.84864008320289,77.68039181320826,29.756604560000028,29.773660479799986
2026-01-27,12.81826827070714,77.5668891189336,30.01637407999999,31.399287881900044
2026-01-27,12.826331710062794,77.58839542677511,29.96852180000002,28.588564585400036
2026-01-27,12.86778321079895,77.7160041645954,33.67365547999998,31.875366797600037
2026-01-27,12.964483331256677,77.46162574489703,35.42026370000002,37.49935981550001
2026-01-27,13.101362821977816,77.49759542088117,34.49056226000005,39.052491013400015
2026-01-27,13.148486497476878,77.51762216423622,33.18146060000004,32.72004499010001
2026-01-27,13.051677950372891,77.48589536213838,29.353278199999977,33.341253035000044
2026-01-27,12.926140421309992,77.68926263009931,30.93240344000003,30.496793881100007
2026-01-27,12.902057341434457,77.66581651802538,28.891845500000045,28.71773156120001
2026-01-27,12.87938146985562,77.64305567820952,31.59891734000001,31.079908093100013
2026-01-27,12.949495919882049,77.48362024683426,31.694621900000016,32.38413907460003
2026-01-27,13.012105852020332,77.5628549866556,33.81721232000001,32.91008690210006
2026-01-27,12.836457564758,77.72771889900007,33.57453290000001,30.682101835400037
2026-01-27,13.004796966597612,77.48858184416345,30.843534920000025,33.59184517130002
2026-01-27,13.030216552294066,77.52159040495765,31.12723058000006,38.92651988630004
2026-01-27,12.98585056638308,77.74969782085768,30.90505928000005,30.812533478600017
2026-01-27,12.963436186283769,77.67215729648133,31.35623792000001,30.365063390300005
2026-01-27,12.812467701996052,77.73252716688069,30.012956060000025,29.58847215620004
2026-01-27,12.816017166239693,77.46270443914223,34.81185614000003,31.703320760900045
2026-01-27,13.136456319302306,77.52258070398504,33.27716515999998,38.02517092220003
2026-01-27,12.911754510131692,77.72871955597329,33.639475280000056,31.084522420099997
2026-01-27,12.955560652092664,77.72421510751185,31.448524460000044,30.91640710640003
2026-01-27,12.895254262959844,77.63973835028628,32.99346950000006,31.84157966990004
2026-01-27,13.02216217160961,77.5565735151895,30.55642124000002,30.249995747000025
2026-01-27,12.868411564146808,77.52527057722821,32.17656271999999,35.054979902599996
2026-01-27,12.992496213271046,77.48517355755375,29.944595660000005,32.624237889500016
2026-01-27,12.9167687422789,77.54050734197428,29.44556474000001,31.631473980500022
2026-01-27,13.06721610184814,77.46094679693643,33.97785926000006,37.866130451600014
2026-01-27,12.977239726624802,77.64201535455616,28.80981301999998,30.43622656670003
2026-01-27,12.97055621531316,77.53347087723344,30.071062400000017,37.40001506420006
2026-01-27,13.028983690828296,77.65550011199483,30.46071668000002,31.271265942800028
2026-01-27,12.812674534370291,77.60746517109878,32.40215204000003,31.128443977100023
2026-01-27,12.83789791639886,77.66055602814626,29.68140812000001,31.25810656580003
2026-01-27,12.985839679146912,77.62185632177052,27.521219480000013,30.122127618800064
2026-01-27,12.802464892010216,77.47833830962033,34.53499652000005,36.52807816220001
2026-01-27,12.829380774945696,77.55252940669918,32.37138986000002,31.584886367900015
2026-01-27,12.835567210473132,77.62970282149931,32.42949620000002,28.15298920670002
2026-01-27,13.008646100716634,77.67000275598348,29.53785128000004,30.42050367470003
2026-01-27,13.034582888969783,77.48098427165962,33.184878620000006,34.718851815799994
2026-01-27,12.907053691923132,77.69940048801335,31.516884860000005,29.719963385600014
2026-01-27,12.872469984542644,77.69665551569246,31.735638139999992,29.96628299690001
2026-01-27,12.891560692473302,77.73844223109069,32.12871044000002,29.929966534400005
2026-01-27,13.134253319191634,77.67407299135203,33.42414001999998,32.04295231820002
2026-01-27,13.039223936520091,77.48733590602099,31.674113780000027,34.21795807490003
2026-01-27,13.023007088441137,77.7163255109389,32.34746372000001,30.347870749700018
2026-01-27,13.102378873996605,77.633781735035,33.383123780000005,30.602667050600004
2026-01-27,12.9156752246872,77.73202142563052,34.06672778000001,33.03029866550005
2026-01-27,12.877575807635903,77.64606290127676,31.694621900000016,30.109224593300013
2026-01-27,12.961691704096436,77.57470842123932,32.52178274000005,29.791622174900002
2026-01-27,12.837645402484194,77.68547528225605,29.209721360000003,30.637462494200022
2026-01-27,13.084315259113575,77.71265092242714,33.171206540000014,30.195820130000005
2026-01-27,12.815104697521228,77.55742709025542,32.067186080000056,33.79477301870004
2026-01-27,12.810742773475312,77.47382125319963,38.28798247999998,37.523132144600005
2026-01-27,13.133618100846952,77.74778908819498,34.64779118000001,32.14227997940004
2026-01-27,13.03042813448986,77.56077901618758,29.944595660000005,30.23186315090004
2026-01-27,12.877397538550296,77.49678633991039,33.27374714000001,31.59703742900004
2026-01-27,13.066056640705511,77.67694110229304,30.187275080000006,30.00519715460001
2026-01-27,13.079051358300648,77.55462212024288,29.209721360000003,30.743335663700005
2026-01-27,12.805521527146396,77.74167203954985,33.48224635999998,33.32438510630003
2026-01-27,12.861526047541023,77.54114831259226,31.11355850000001,30.506005445000017
2026-01-27,12.876264317925084,77.51753671418989,31.725384080000023,37.94539433540003
2026-01-27,13.057768100373886,77.66950874111832,29.883071299999983,30.37694100980005
2026-01-27,12.82434133565253,77.7187463908391,32.67217562000002,29.786324243900022
2026-01-27,12.930898744399869,77.72832924071346,33.44806616000005,31.133109574400013
2026-01-27,12.9598436114376,77.49602750459917,29.78394872000001,33.60228722240001
2026-01-27,12.815161272644842,77.70746151389692,33.99153134000005,31.808954669000016
2026-01-27,12.84823090078727,77.71789732785494,26.41719902,30.069831912800005
2026-01-27,13.046887925066958,77.70868959081184,28.54662547999999,27.69294080480003
2026-01-27,13.055843744179398,77.71490273314959,31.90312112000004,31.02725349500003
2026-01-27,13.040301128272391,77.56527972264922,28.69360033999999,30.01495560170002
2026-01-27,12.870130402314814,77.68216360097078,33.08233802000001,30.470646028100056
2026-01-27,13.051335553031748,77.73383664527215,32.28593936000004,31.461188224100024
2026-01-27,12.8609518902497,77.45917318066724,34.55892266000001,36.4990933526
2026-01-27,12.859584750729624,77.57689095853246,31.335729800000024,29.09079135410002
2026-01-27,12.99354185286721,77.61070985088773,30.97000165999998,29.9338801673
2026-01-27,13.086160550548229,77.63350224331359,30.778592539999977,31.248963362300014
2026-01-27,12.938839450651477,77.5243394905145,31.55790109999998,31.233736083199993
2026-01-27,12.863292502028386,77.71671832833044,32.01249776000003,29.656114772000002
2026-01-27,13.03762893111787,77.6692992409617,30.19752914000003,30.384870816200007
2026-01-27,12.977214959033638,77.5383991017532,29.42847463999999,34.5350819705
2026-01-27,12.831511246990717,77.6539331711379,33.38654180000003,31.12335112730004
2026-01-27,13.10937671145034,77.70619645736922,30.874297100000035,30.796554235099993
2026-01-27,12.993936667569232,77.46881191769045,31.65360566000004,36.76151183810004
2026-01-27,13.074306565188673,77.46498670720138,32.02275182000005,33.79608895640002
2026-01-27,13.03892194638227,77.61143709186051,29.33277008000005,30.39734658920003
2026-01-27,12.935552322410942,77.49240920467886,31.70145794000001,31.94278724209999
2026-01-27,12.92556617054078,77.70963603628077,34.41878384000006,30.92713968920001
2026-01-27,12.82322170753479,77.59529636069557,32.71660988000002,32.54384605910002
2026-01-27,13.094772727592396,77.59090419108578,30.245381420000054,29.63702513030002
2026-01-27,12.871016856262258,77.74010308003623,31.53739298000005,30.35419408670002
2026-01-27,13.010486568381978,77.58923964574265,31.71513002000006,29.325711868700033
2026-01-27,12.830596169040335,77.47444380252232,34.37776760000003,31.954425600200025
2026-01-27,13.075168780972051,77.68457101386902,32.08769419999999,31.367192674100043
2026-01-27,13.02283232929235,77.60476145180543,30.071062400000017,31.50078598580002
2026-01-27,13.121076260186934,77.59644495769727,33.32843546000004,33.519519868100026
2026-01-27,12.802202759086152,77.63101360182068,34.73665970000002,31.226096808500042
2026-01-27,13.067911353589205,77.6341400862505,31.229771180000057,30.19089818120001
2026-01-27,12.815618446833996,77.64229546451797,35.33823122000001,30.598326165200024
2026-01-27,13.118257370842851,77.47436765448337,30.566675300000043,33.07251121250004
2026-01-27,13.124692054235254,77.74036499221035,34.17952244000003,30.93794063240002
2026-01-27,13.003447861039962,77.58580176744168,29.38745840000001,29.52113716220005
2026-01-27,12.999404704359277,77.53622504614643,29.36011424000003,37.85242419140004
2026-01-27,13.03018348148536,77.52173379445406,31.171664840000005,37.111089833600005
2026-01-27,12.889536170380534,77.71773878044071,31.202427020000016,29.399677821500035
2026-01-27,12.920809739198107,77.60571807361876,29.88990734000004,30.269649362000017
2026-01-27,12.8480228319851,77.48265904674525,33.41046793999999,31.66705556870003
2026-01-27,13.035458762606002,77.61768686978905,31.03152602,30.348725254700017
2026-01-27,13.118879077930284,77.53492868604967,32.45684036,38.72241282200001
2026-01-27,12.830907604210418,77.61920552722806,33.22589486000004,30.864607013300024
2026-01-27,12.922219351859946,77.5122737931795,30.61452758000001,31.48989959210002
2026-01-27,12.988640302938157,77.53291157079752,30.508568960000048,33.4000600691
2026-01-27,13.029059915842362,77.46981152401297,32.91827306000005,32.47526348780001
2026-01-27,12.84171954955888,77.53470538561545,29.21313938000003,31.19712908900005
2026-01-27,12.995456630596667,77.62044371224692,30.05397230000005,30.112950235100044
2026-01-27,12.812692200813384,77.51335082961698,33.61896716000001,31.595584770500032
2026-01-27,12.869793585530951,77.58197628946425,30.682887980000032,30.082051334300026
2026-01-27,13.101987318679337,77.72531634639074,34.35725948000004,31.161086068100015
2026-01-27,12.883246491611452,77.70786539070143,30.69314204,31.07223463820004
2026-01-27,12.918848411219944,77.67793201329692,29.626719800000046,29.797466989100016
2026-01-27,13.108218814175274,77.54986531815815,32.450004320000005,37.151781361700024
2026-01-27,12.80798365489962,77.63921252476585,34.51790642000003,30.62561905490002
2026-01-27,12.942489900793516,77.73647389754947,29.008058180000035,26.585775766400033
2026-01-27,13.091511939638345,77.6036522831628,29.10376273999998,31.502768437400036
2026-01-27,13.118633037017329,77.65356121355033,35.31088706000003,31.175715193700015
2026-01-27,12.986545274437836,77.57899506014382,30.65212580000002,29.852890183400014
2026-01-27,12.806773427859822,77.60692244375049,32.06035004,30.908340579200008
2026-01-27,12.898154675867492,77.57677837025142,29.16186908000003,30.87134051270003
2026-01-27,13.04011328364122,77.52852943681846,32.34062768000001,37.96566319400004
2026-01-27,12.910895806180305,77.48171892167392,32.84307662000003,31.72770833359998
2026-01-27,13.005129682439794,77.52741131587705,30.662379859999987,36.93827474240003
2026-01-27,12.874152257401954,77.6010785352776,32.14238252000001,31.064697904100015
2026-01-27,13.148658170067742,77.60760769995603,32.28593936000004,31.315392581000033
2026-01-27,12.981769518648443,77.54368041250103,30.18043904000001,36.81115857860003
2026-01-27,12.954088355370866,77.64254739552457,30.01637407999999,29.15009400110002
2026-01-27,12.850696833861996,77.63291619075972,33.34210754000003,30.461656635500027
2026-01-27,13.13059094677965,77.53268651850327,32.005661720000035,34.6480304414
2026-01-27,12.89409666877748,77.59627911397155,29.349860180000007,29.509498804100016
2026-01-27,13.07123622855172,77.5598111773875,28.93286174000002,30.51643040600003
2026-01-27,12.901291756385929,77.46938785202981,35.35873934000006,35.70894966920005
2026-01-27,13.095436512109504,77.59077155513222,31.335729800000024,31.89879732470004
2026-01-27,13.038824231711397,77.469765396858,35.80991798000002,38.00373993680001
2026-01-27,12.983549812200346,77.5016787442056,32.186816780000015,38.68344739400004
2026-01-27,13.033126082144411,77.74791229348489,30.498314900000025,30.746480242099995
2026-01-27,12.92709288609602,77.52998484354147,32.77129820000005,37.14786772880004
2026-01-27,12.857973924520223,77.51332215623434,32.183398760000046,31.885791758600032
2026-01-27,12.800373115666748,77.45028755261501,35.49204212000001,36.5332393724
2026-01-27,13.115137339182088,77.56808544590358,32.02616984000002,30.27568216730003
2026-01-27,13.047364813232504,77.5831198856185,25.05340904000002,28.628675050100046
2026-01-27,13.0482337458657,77.48815983990454,30.59060144,34.57069773890001
2026-01-27,12.94377784854752,77.52098489395196,32.01933380000003,38.20101096110005
2026-01-27,12.92099393334944,77.65041365136639,30.29665172,30.482250206
2026-01-27,13.04993069268068,77.71289274493162,31.233189200000027,30.330678109099996
2026-01-27,13.019021286922715,77.60552128274853,31.68778586000002,31.03960963730001
2026-01-27,12.84327045748103,77.55391887756284,33.25665704000005,31.578973193300055
2026-01-27,13.061376552504544,77.53912964621512,27.104221040000027,31.536743556200005
2026-01-27,13.146209064715508,77.73058023926913,36.16197404000002,32.343960249500014
2026-01-27,12.801889242127393,77.53600964309476,30.32741390000001,32.24738409440003
2026-01-27,13.001452727977131,77.55536177981263,28.68676430000005,30.225351822800054
2026-01-27,12.813032599512503,77.55497890340173,31.643351600000017,29.271912233900004
2026-01-27,13.058326107741808,77.63766517182316,31.650187640000013,32.46779511410002
2026-01-27,12.988471697246442,77.5634411416083,29.630137820000016,30.433731412100006
2026-01-27,12.809982936276164,77.46321637082309,36.43883366,30.901111466900034
2026-01-27,12.82885549977698,77.59393843482285,28.505609240000013,29.560922915000035
2026-01-27,12.987238125902666,77.55076245292825,30.002702,30.788863690100026
2026-01-27,13.018260941650194,77.69671922992123,29.913833479999997,30.469090829000034
2026-01-27,12.960826005813503,77.64958308301983,29.633555839999985,30.382341481400005
2026-01-27,12.821770035214142,77.47507849086274,38.56484210000002,37.54044441590001
2026-01-27,12.992094924709836,77.61924915146733,28.44066686000002,29.858820448100005
2026-01-27,13.050270698729795,77.56823715601507,29.01831224,29.572834714700022
2026-01-27,12.812145464283006,77.60834279025956,31.455360499999983,30.189445522700012
2026-01-27,12.982402029873825,77.66313594127536,28.4304128,30.42933925640004
2026-01-27,13.024909109345051,77.73383270306232,36.11412175999999,33.66632382710005
2026-01-27,13.091770150661285,77.74091838786376,35.72788550000001,31.402141928600017
2026-01-27,12.830515240379867,77.51342884445847,33.27374714000001,31.67922371990004
2026-01-27,12.993826749032998,77.56962852867589,29.10376273999998,31.602642981800045
2026-01-27,12.800919618974456,77.6254358743482,35.362157360000026,30.54461198090004
2026-01-27,12.811825185644537,77.720662522801,30.809354719999988,29.88014889289998
2026-01-27,12.814492415419055,77.52718589869848,31.12723058000006,35.395363424299994
2026-01-27,12.845586981706054,77.56733015393344,36.15513800000002,33.08879807780005
2026-01-27,13.117334749213455,77.59468843749995,31.47928664000005,31.41636089180002
2026-01-27,13.055264816805192,77.6328029593998,30.645289760000026,30.772303383200004
2026-01-27,13.020365314724314,77.52462410694685,33.119936240000015,37.55158716110003
2026-01-27,13.051603649513195,77.55920006973138,33.30109130000005,33.44022180410004
2026-01-27,12.884890488154094,77.63833890807065,32.070604100000025,30.122486510899986
2026-01-27,13.017887790334331,77.68798569814489,30.33083192000004,30.61225459670001
2026-01-27,13.028453621458915,77.62109856411894,32.17998074000002,32.86232007260006
2026-01-27,13.081540427810774,77.45535449977532,34.34016938000002,37.49252377550001
2026-01-27,13.130618047678915,77.56083643996078,34.09748996000002,33.28970929340005
2026-01-27,12.885780986511191,77.47557194941552,32.25517718000003,35.57450185250001
2026-01-27,12.888445709275317,77.63350211152708,34.21370264000001,31.297037813600035
2026-01-27,13.015749393883906,77.72921385529222,32.32011956000002,30.538562085500004
2026-01-27,13.100102797152951,77.4570134546612,34.17268640000003,38.76127570940002
2026-01-27,12.95472092042382,77.66547091247394,34.45980008000004,30.26505212509999
2026-01-27,12.860945043701822,77.55466699045604,31.366491979999974,30.136329491900014
2026-01-27,12.841925217097293,77.60357326068869,32.333791640000015,32.25840720890003
2026-01-27,12.828900743957664,77.7095085329719,34.49398028000002,31.96845657230004
2026-01-27,13.08164039327228,77.67166074904686,32.80547840000003,30.61365598490004
2026-01-27,12.818811532073436,77.47263863555722,38.26747436000005,34.83272315210001
2026-01-27,12.898821290926024,77.72990803175831,34.08039986000006,31.47966262220003
2026-01-27,12.825861137024225,77.70051102851669,33.184878620000006,31.647384863600063
2026-01-27,12.834920650209732,77.58284704098043,31.595499320000044,31.82554915610001
2026-01-27,13.121365748786356,77.73243839471591,32.52861877999999,31.238982743900007
2026-01-27,12.943848713449375,77.69283033654963,30.02662814000001,29.587993633400025
2026-01-27,12.813833687771412,77.5332539189955,36.493521980000025,36.10743953090001
2026-01-27,13.128731635645543,77.45217176123174,30.95974760000001,35.41443597590001
2026-01-27,13.129643370702722,77.73481933650122,34.58968484000002,29.667462598400007
2026-01-27,13.011895639543528,77.72121482603148,34.69564346000004,31.850791233800024
2026-01-27,12.96031004325352,77.46261161252616,34.23079274000003,35.383827606800025
2026-01-27,13.099138019947906,77.59554650896783,30.38893826000003,30.85207997000002
2026-01-27,13.049648345484677,77.63350198100407,30.337667960000037,30.588858249800005
2026-01-27,13.147776154437492,77.54481917217868,34.73324167999999,38.23144842920001
2026-01-27,12.95268125238018,77.47424968334533,32.50469264000003,38.018095620800025
2026-01-27,12.903011818019612,77.48642752632598,33.08233802000001,31.40810637350004
2026-01-27,13.047476304870242,77.50249444863785,31.455360499999983,38.50306138850006
2026-01-27,12.85796720491249,77.57418134672308,31.075960280000004,29.161954530500033
2026-01-27,13.12095444394738,77.69163884895299,35.63901698000001,32.09082168830004
2026-01-27,12.818114045038984,77.5885805012994,34.49398028000002,29.69612269610001
2026-01-27,12.810940970978056,77.74253109328004,26.69064062000001,26.2447770011
2026-01-27,12.98771932223926,77.60009214000542,29.97193981999999,30.32356862750005
2026-01-27,12.927810055817105,77.65786641711539,26.714566760000025,28.003741363400017
2026-01-27,12.835063392571518,77.62647355561585,34.189776499999994,31.95092212970002
2026-01-27,12.859351587671084,77.66114186954258,32.77129820000005,30.807508989200006
2026-01-27,12.985646813051854,77.71872124401342,30.447044600000027,30.655031117000004
2026-01-27,13.00223104809137,77.6807885044437,32.54570888000001,31.00342989560002
2026-01-27,13.133155225473132,77.5432387431084,33.119936240000015,38.924281083199986
2026-01-27,12.919549680089077,77.45570232925346,34.51790642000003,37.35141081980001
2026-01-27,13.064196625274208,77.47355681534899,34.68880741999999,37.85215074980002
2026-01-27,12.93425418961479,77.60495057089523,29.216557400000056,29.714733815
2026-01-27,13.00714057896134,77.61317650772595,32.81231444000002,30.550234623800034
2026-01-27,12.864470751908728,77.49865790748787,31.38358208,35.857633539199995
2026-01-27,12.890037372309884,77.70765614526832,31.335729800000024,31.78403730320003
2026-01-27,13.01612486299794,77.73431226567408,32.25517718000003,30.71626494529999
2026-01-27,13.071186638672994,77.66859282434491,30.37868420000001,30.374787657199995
2026-01-27,13.09147484551223,77.52451627451731,35.58432865999998,38.740459967600025
2026-01-27,13.029134163326352,77.51941584378974,30.75466640000002,33.28659889520001
2026-01-27,13.037918602827194,77.51128880682253,31.78349042000002,35.11188993560003
2026-01-27,12.923452233263408,77.5947776233311,28.60814984000001,30.856711387100013
2026-01-27,12.913734921875186,77.45276333748224,38.43495733999998,39.56553581540001
2026-01-27,12.982192592480953,77.46380819355551,33.13360832000001,37.05993916430006
2026-01-27,12.824306040698906,77.49685810740093,36.10728572000005,35.623106096899996
2026-01-27,12.92001624150617,77.53469947632364,28.977296000000024,32.144638413200035
2026-01-27,12.891283028495534,77.69610151186426,32.121874400000024,29.7052829897
2026-01-27,12.920608123646575,77.67360275570562,29.989029920000007,30.993791079200008
2026-01-27,13.06574600009546,77.52488938670724,29.736096439999983,33.93692847050002
2026-01-27,13.11674770375302,77.72018353564592,34.90414268000001,32.40659546600004
2026-01-27,13.108774117847457,77.46784918900893,30.72390422000001,35.427339001400036
2026-01-27,13.005900482611205,77.74198726838233,31.39383614000002,30.336334932200028
2026-01-27,12.938771192061878,77.69021311794437,30.29665172,30.25908768019999
2026-01-27,12.897136879286904,77.6872196194185,29.76002258000005,29.409128646800042
2026-01-27,13.008281565675418,77.55187949655262,27.94505396,28.997325597200028
2026-01-27,12.864018477230186,77.56044922053074,30.82644482000001,29.4698497721
2026-01-27,12.81120284701916,77.60063187535991,26.471887340000023,25.474509104000013
2026-01-27,13.131936176374492,77.53426927034126,32.43975025999998,31.912435224500015
2026-01-27,13.048187065943925,77.52032664100992,30.635035700000003,36.394023417800014
2026-01-27,13.005573176460553,77.74055326930927,31.674113780000027,30.410659777100033
2026-01-27,13.110711312768396,77.589936383693,33.69074558,32.19197799020001
2026-01-27,12.85891795491034,77.56430233471477,33.21564080000002,30.37666756820001
2026-01-27,13.08089232027468,77.71062921718587,31.60917140000004,32.65016357120007
2026-01-27,12.831140725722337,77.74177316297252,33.01055960000002,31.680881459600005
2026-01-27,12.89234374223068,77.70256307569021,28.744870640000045,29.205226663700017
2026-01-27,12.936245141173844,77.61168467098706,29.093508680000014,29.20985808080003
2026-01-27,13.059192576866142,77.52707339835158,32.17656271999999,31.636635190700016
2026-01-27,13.018597834126467,77.6231640080216,32.757626120000054,30.364499417000015
2026-01-27,13.115991240762428,77.63692744858608,30.450462620000053,30.388784449100058
2026-01-27,12.9362672310803,77.61303161643737,29.698498220000037,29.578337726900017
2026-01-27,13.04487940344558,77.53293192176487,30.337667960000037,33.99224912420002
2026-01-27,12.910198046119616,77.73891797429859,31.39383614000002,29.444676054800013
2026-01-27,12.86517452720612,77.56866008947745,35.37582944000002,32.18338166990005
2026-01-27,12.92844395432858,77.71078248625786,34.333333340000024,32.73293092550006
2026-01-27,13.058451566824251,77.66374623951974,28.73803459999999,30.38328143690001
2026-01-27,13.0466809961718,77.47019874217267,35.76890174000005,37.39928018990002
2026-01-27,13.12651239054449,77.6927088755129,35.86460629999999,33.22685190560006
2026-01-27,12.884835232476885,77.45853382568453,33.85481054000002,31.786447007300062
2026-01-27,13.1264614549036,77.50338051505818,31.595499320000044,37.02806612780003
2026-01-27,13.097390574251378,77.68802128060844,36.86608616000001,33.61648909550005
2026-01-27,12.985249064262208,77.61241672772553,30.392356280000055,30.41766671810001
2026-01-27,12.95624090195598,77.5200391845428,29.729260400000044,34.42262911250001
2026-01-27,12.96376723702298,77.65146689452675,31.072542259999977,31.999919446400014
2026-01-27,13.131798591295468,77.49145871022702,31.81425260000003,32.49695082470001
2026-01-27,12.80315178636162,77.48008487262705,35.66636114000005,36.71019026779999
2026-01-27,13.149359059306194,77.59538460828463,36.56530040000001,32.15405505830003
2026-01-27,12.924986701095756,77.60751229228126,31.075960280000004,30.3714721778
2026-01-27,12.837803672527984,77.67145605859723,33.48224635999998,30.68994619129999
2026-01-27,13.07023121293916,77.68706054089812,32.52520076000002,30.603453195200007
2026-01-27,12.881806217917742,77.60002294341933,29.814710900000023,29.856752546000017
2026-01-27,12.81915362736019,77.5192315835149,34.22395670000003,37.12207876790003
2026-01-27,13.142343889695605,77.47254882414548,32.01591578,37.04898441020002
2026-01-27,13.099552026940652,77.50042250513243,34.627283060000025,37.01728227470001
2026-01-27,13.010623882554832,77.6277371796183,30.341085980000003,29.838363598400015
2026-01-27,13.058039405330364,77.63504574691561,30.457298659999992,30.347084605100022
2026-01-27,13.11922170883187,77.73103513076197,32.22783302000005,31.290543575600022
2026-01-27,13.08770486784775,77.65704717959821,33.072083959999986,31.337917332800018
2026-01-27,12.895265121009354,77.55554017500538,30.83328086000006,29.28956630720001
2026-01-27,12.873517185471597,77.69213786249784,32.13212845999999,30.77233756340001
2026-01-27,13.083022054665037,77.58774504225977,27.022188560000014,30.302137642100014
2026-01-27,13.024625634585425,77.47420954565249,33.530098640000006,35.78658999350001
2026-01-27,12.948048826747227,77.45469553761647,31.35965594000004,32.07619256270002
2026-01-27,13.1462592067341,77.45054318171032,32.45684036,34.69586563130002
2026-01-27,12.935369180069392,77.67598908018742,28.963623920000032,28.722157897100036
2026-01-27,12.839376574912777,77.66725751678318,29.794202779999974,31.946581244300024
2026-01-27,12.908031521616593,77.60299711539744,29.83180100000004,30.621175628900033
2026-01-27,12.959557052831077,77.45728607809251,36.69518516000005,38.343644935700006
2026-01-27,13.052884793499423,77.73683871288821,34.220538680000004,31.039695087800006
2026-01-27,13.065895294317285,77.59393952262904,28.75512470000001,30.45242798150002
2026-01-27,12.800489717845393,77.50003807706842,36.025253239999984,37.23454871600001
2026-01-27,12.80106635402998,77.47274567041964,38.60927636000002,35.99816543149999
2026-01-27,13.12895063541392,77.63276565758818,29.773694660000046,31.032397615100017
2026-01-27,13.000049414585732,77.64977925036368,31.11014048000004,29.76034729189999
2026-01-27,13.018465479929718,77.64306773983104,29.777112680000016,30.919944757099994
2026-01-27,13.015668056087366,77.4936722715293,32.96612534000002,35.296394655200004
2026-01-27,12.813092313567502,77.63696580202962,35.29037893999998,31.678711016899992
2026-01-27,12.971101944184309,77.52521012988225,30.67946996000001,34.50869485610001
2026-01-27,13.146965237580805,77.73509223454955,37.15319984000001,31.596336734900007
2026-01-27,12.907480731523664,77.55767412831435,30.44020856000003,30.449420123899998
2026-01-27,12.944029287369675,77.59185136317728,31.72196606,30.76177588159999
2026-01-27,12.8369041223474,77.56511118076405,33.167788520000045,31.663159025900043
2026-01-27,13.110652860692138,77.70911136116241,29.736096439999983,29.360404771699987
2026-01-27,12.995046987416137,77.74773720681628,33.06866594000002,30.30171038960003
2026-01-27,12.988795367381083,77.62685590748868,29.25415562000001,30.076018529000038
2026-01-27,12.933851884264683,77.56248415706224,30.32741390000001,30.777550043900014
2026-01-27,12.916503670573633,77.7022167644963,35.72104946000002,31.086675772700026
2026-01-27,13.018533948762038,77.45005045849918,32.47051243999999,36.472415706500016
2026-01-27,13.118640062600155,77.5482688605818,33.94367906000002,38.722036839800005
2026-01-27,12.925344016650076,77.71630933339335,29.954849720000027,29.219479807100043
2026-01-27,12.844808099577296,77.69044514891203,37.67615690000002,31.49646219050001
2026-01-27,13.02929295579499,77.54979939258642,31.75272824000001,34.51390733660001
2026-01-27,13.11767290287854,77.46454052507049,34.93832287999999,37.47406646750003
2026-01-27,12.851510723764036,77.64393505485204,34.24788283999999,31.1594966888
2026-01-27,12.804830555776386,77.66830512972734,33.19513268000003,30.746138440100022
2026-01-27,12.937662137862535,77.53389852469688,33.63263924,32.07065537029999
2026-01-27,12.997442905447874,77.4935539166851,31.199009000000046,36.75947811620003
2026-01-27,12.936649845841655,77.67635277043561,31.041780080000024,28.42390147190003
2026-01-27,12.99431736981433,77.53382743292754,29.31226196,37.46770895030005
2026-01-27,12.822853519506936,77.54228032886316,33.80012222000005,35.93400919609999
2026-01-27,12.959583887122044,77.69299760428254,30.06422636000002,30.382871274500047
2026-01-27,13.100441847601283,77.49598286426063,30.21120122000002,31.966166498900016
2026-01-27,12.960931020923288,77.64261380109781,30.580347380000035,30.4751407244
2026-01-27,13.041250389968726,77.52244286744339,30.023210120000044,32.35587204920002
2026-01-27,12.931370941961084,77.71890199883174,32.81915048000002,29.798201863400013
2026-01-27,13.149661432722043,77.68699865512339,36.47984989999998,33.53553329180006
2026-01-27,13.084243614364368,77.58467000343968,27.521219480000013,29.716750446799995
2026-01-27,13.128886925004066,77.48186705877258,29.616465740000024,33.130104849500015
2026-01-27,12.903985053483746,77.45508810394296,36.380727320000005,36.85786582190006
2026-01-27,12.929106442952827,77.63812079109827,29.924087540000016,30.564880839500017
2026-01-27,12.906366258072165,77.63888527058869,31.445106440000018,29.971085315000042
2026-01-27,12.942116642260904,77.59522959100548,30.392356280000055,30.573169538000045
2026-01-27,12.845840101304084,77.51825468650486,32.28935738000001,31.94336830550004
2026-01-27,12.977493646041967,77.70285805232109,30.20094716000005,29.68776563720001
2026-01-27,13.119181254243928,77.47007499495722,32.55596294000003,35.318936497100026
2026-01-27,13.089473728197252,77.48436886567568,32.88409286000001,37.326766895600024
2026-01-27,12.883211653636277,77.67874359765133,29.814710900000023,30.000685368200024
2026-01-27,12.901853533910517,77.65725215607274,29.842055060000007,30.927891653599996
2026-01-27,13.0961486951537,77.51395489103005,35.66294312000002,37.87686303440002
2026-01-27,12.81486603646668,77.678092112433,34.55892266000001,30.892925309000034
2026-01-27,12.860000225197494,77.48093408812825,33.10968218000005,32.22528659510004
2026-01-27,12.810927399288248,77.62677990414531,33.98127728000003,29.891753070800046
2026-01-27,12.899254188842496,77.68150181474256,31.270787420000037,29.515651240100024
2026-01-27,13.041045317291315,77.53137140389192,29.47632692000002,32.75143950380002
2026-01-27,13.00361545768943,77.67359944394768,30.371848160000013,30.455111127200002
2026-01-27,12.834596340237566,77.47645894234101,34.04621966000002,35.520035703799984
2026-01-27,12.920157074216108,77.53666214135221,28.307364080000013,31.5648738608
2026-01-27,12.935057070784552,77.65271571643696,29.185795220000045,29.451888076999982
2026-01-27,13.068792918489734,77.64257440590974,31.54081100000002,30.186471845300026
2026-01-27,13.015833417393562,77.71594006064097,29.510507120000057,30.120213527600022
2026-01-27,12.913291134422376,77.46034546862819,35.61850886000002,38.325973772300024
2026-01-27,13.0198463047702,77.46775383714736,32.51836472000002,36.47137321040003
2026-01-27,12.980179295756562,77.66771195825393,29.845473080000037,29.928496785800025
2026-01-27,13.081400765575063,77.70164037054579,35.529640340000014,32.431598282300016
2026-01-27,12.993082977753334,77.71645990686713,31.53055694,30.465758259500024
2026-01-27,12.936518285546036,77.64589346977004,30.484642819999976,29.26247849870003
2026-01-27,12.832945200451972,77.74936513455208,33.762523999999985,32.50858918280002
2026-01-27,12.961750253353449,77.61351572435389,29.86598120000002,30.34168413350005
2026-01-27,12.99489847447141,77.60191600183381,29.95826774,29.137772039000012
2026-01-27,13.11966826674762,77.5434928150176,32.579889080000044,37.047087409100016
2026-01-27,12.980143043742352,77.55089867733723,31.36307396000001,30.013212411500035
2026-01-27,12.886679780560993,77.67943448017861,28.796140939999987,30.99474812480003
2026-01-27,13.07025945410582,77.52169495520575,31.123812560000037,33.07394678090003
2026-01-27,13.083945354256045,77.7085527573427,35.39975558000003,33.139316413400046
2026-01-27,13.134182879562204,77.51911840987488,31.98515359999999,38.31231878239999
2026-01-27,12.875428008881672,77.58655690606203,32.89776494,28.323890206700007
2026-01-27,13.020975442289176,77.72924191070352,23.928880460000016,25.269000651500022
2026-01-27,12.844033469250082,77.73355993025201,33.85481054000002,30.30859769990003
2026-01-27,12.848776781973248,77.477170785086,36.233752460000005,31.885210695200033
2026-01-27,13.11226191077246,77.47521849598795,32.60723324000003,37.8755812769
2026-01-27,12.837369350595283,77.47798984325514,35.89195046000003,35.01960339560001
2026-01-27,13.019468748219593,77.4914939240569,31.650187640000013,34.77724868750001
2026-01-27,13.107766027897709,77.58993090489913,31.89286706000001,30.565513173199996
2026-01-27,12.836749233308277,77.52362335629165,35.59800074000003,37.59091148120002
2026-01-27,12.851033690443057,77.4816699934721,32.15947262000003,30.923721669200013
2026-01-27,12.818361189807126,77.69004096343492,32.3098655,30.718418297899998
2026-01-27,12.919049188054752,77.67855440281403,25.34735876000002,26.770075404800046
2026-01-27,12.989314620783007,77.58075552784975,28.057848620000016,30.183190546100025
2026-01-27,12.85421822995698,77.46466582946807,32.58330710000001,31.181098575200032
2026-01-27,12.831698251231613,77.62963723613191,31.154574740000044,30.26881194710005
2026-01-27,13.099966054301538,77.65523145739269,34.37434958000006,32.39758898330004
2026-01-27,13.108340528997148,77.54104904657389,29.07983660000002,36.90829870700003
2026-01-27,13.080254664940457,77.66510289665673,31.86210488000006,30.891267569300016
2026-01-27,12.893395117326476,77.63083319357756,31.33231178000005,29.23870616960003
2026-01-27,13.11357665626285,77.71134607601543,32.60039720000003,30.52970941370001
2026-01-27,12.935013329894424,77.61859895764859,29.804456840000057,29.497074301400033
2026-01-27,13.120535726326285,77.47879568398396,31.786908440000047,37.355768795300015
2026-01-27,12.94846707832054,77.6982769732669,32.39189798000001,30.228667302199998
2026-01-27,13.103163592743384,77.59565715964244,30.42311846000001,30.288824454200007
2026-01-27,12.843863459142709,77.72736761392652,33.25665704000005,31.499794760000032
2026-01-27,12.856131139797716,77.47362530649401,34.415365820000034,32.114388936200044
2026-01-27,13.13467590872524,77.56581573136442,30.41970044000004,30.684853341500034
2026-01-27,13.048908036402912,77.59046022850221,29.462654840000027,30.175961433799994
2026-01-27,12.865035645395167,77.49221665574413,30.645289760000026,33.67100651450001
2026-01-27,12.89300412859033,77.69960128261404,31.28104148,29.908347557900004
2026-01-27,13.041907064809864,77.56967138534961,28.885009459999992,30.441251056100057
2026-01-27,13.067512701397996,77.46302614268915,31.39383614000002,33.67729567130002
2026-01-27,12.959364453708062,77.74767583503414,29.42505662000002,30.771312157400025
2026-01-27,12.98255552324652,77.66111013816996,28.163807239999983,30.466971656600034
2026-01-27,12.913927801724714,77.45950987767728,35.61509083999999,37.85503897670001
2026-01-27,12.990515945397735,77.54939239320329,30.074480419999983,37.24693903850003
2026-01-27,12.909658864405271,77.74949849864662,35.53989439999998,31.516679778799993
2026-01-27,12.990555015429116,77.47969809072265,30.90505928000005,34.53395402390002
2026-01-27,12.870772447355362,77.73630779192993,35.15707616000003,31.72222241150001
2026-01-27,13.138711152605872,77.70183023060558,35.314305080000054,31.392468932000046
2026-01-27,12.908279732306555,77.6218283682607,31.07937830000003,31.134305881400007
2026-01-27,12.921237602381693,77.60186575967653,30.402610340000024,29.827528475000005
2026-01-27,13.068307222158785,77.65145512485586,30.744412340000054,31.445892584600024
2026-01-27,12.965429302808705,77.58249693524752,30.720486199999986,30.240750002900022
2026-01-27,12.984651841992775,77.59364864625175,28.642330040000047,31.545117705200006
2026-01-27,13.001698555138486,77.56964720799448,29.45581880000003,30.03705310100002
2026-01-27,12.959069240436062,77.46206818489073,32.54912690000003,35.47560144380003
2026-01-27,12.85013338762378,77.62313637765372,31.780072399999995,30.154855160300027
2026-01-27,12.89063247926583,77.69873109013875,29.954849720000027,29.540414795000046
2026-01-27,13.073210930946429,77.52679450651678,30.13258675999998,33.87504521840001
2026-01-27,13.023722256501744,77.58914261225765,30.69314204,29.475762946700005
2026-01-27,13.015195867685607,77.697524432675,29.380622360000014,30.599710463300003
2026-01-27,13.070569643111776,77.63642961431104,29.97877586000004,30.255823471100058
2026-01-27,13.148388658357437,77.6007501945045,34.76400386,33.38163694130003
2026-01-27,13.028155778895496,77.68899909020114,30.78542858000003,30.62749896590002
2026-01-27,13.001300252446942,77.45109623513507,32.66875760000005,36.73521017420003
2026-01-27,13.13466037924031,77.45046075763614,33.32843546000004,38.81587857890001
2026-01-27,12.803420695169631,77.46311135345933,36.78063566000003,32.47705794830006
2026-01-27,12.859036459791913,77.61463628070626,29.510507120000057,29.91610646330001
2026-01-27,13.081316339132943,77.63718912515988,29.22681146000002,30.773294609000033
2026-01-27,12.938156880935855,77.74993744775416,29.380622360000014,30.4014994835
2026-01-27,13.14442115929473,77.63436248694424,37.22156024000003,30.697448745199992
2026-01-27,13.140258279893018,77.62349313082152,31.6775318,31.378472140100047
2026-01-27,12.960871645257622,77.65343490364354,28.25951180000004,30.14829256190001
2026-01-27,12.813569238773704,77.58479791830962,30.641871740000056,28.092900415100022
2026-01-27,12.890856588168758,77.5743233397083,30.282979640000008,29.2489260494
2026-01-27,12.918234378402886,77.61319699071244,30.24196340000003,30.083897065100032
2026-01-27,13.144901430449826,77.5789367543076,33.383123780000005,31.66312484570001
2026-01-27,13.020851223703149,77.46854262114492,33.13019029999998,37.79522362670003
2026-01-27,12.931319226258536,77.50583753536588,30.54616718,31.91438349590003
2026-01-27,12.926523687636417,77.59951100833125,30.566675300000043,29.602468948100018
2026-01-27,12.943738985690729,77.69038150595054,30.108660620000023,28.937783688800028
2026-01-27,13.052917857007134,77.45523847626887,32.890928900000006,36.649417872200026
2026-01-27,13.020052458300112,77.64268228523665,29.33618810000001,29.72645762360003
2026-01-27,12.833153882777934,77.49762803892638,31.66727774000003,31.199966045600053
2026-01-27,13.083204627442214,77.4854303959319,32.75420810000003,36.85755820010004
2026-01-27,13.04876881861309,77.69460149129563,31.670695760000054,27.334339236500035
2026-01-27,12.963258861868953,77.71792948939702,31.592081300000014,30.899932250000028
2026-01-27,13.033698642496686,77.66393573322749,28.303946060000044,30.334625922200022
2026-01-27,12.80860239925085,77.61121137546739,36.01158115999999,32.75774575070003
2026-01-27,13.048966612560983,77.58464733084762,24.62957456000004,25.766664363500016
2026-01-27,12.815863956714496,77.49312650209517,35.75181164000003,31.712600685200044
2026-01-27,12.833978592463918,77.54338191601146,32.94561722000003,35.68454500639998
2026-01-27,13.015589394911052,77.5615912625768,33.99494936000002,31.088709494599996
2026-01-27,12.917795935258324,77.5372176461809,34.73324167999999,38.801403264200005
2026-01-27,13.028432754730378,77.51685163487396,33.14386238000003,38.22717590420001
2026-01-27,13.055796171063518,77.60023605225821,30.098406560000058,30.79269187250004
2026-01-27,12.882006969796574,77.51555235872944,34.04280163999999,38.352719778800015
2026-01-27,13.015191783651584,77.55813877601715,30.108660620000023,29.755527883700033
2026-01-27,13.069649685582435,77.7026731359802,35.01351932,31.191950788700023
2026-01-27,13.012044742487666,77.56276007822336,33.81721232000001,32.91008690210006
2026-01-27,12.953051524103476,77.54631208481464,31.98515359999999,33.644636490200035
2026-01-27,12.913068139667049,77.55240737072162,28.99438610000004,30.135355356200026
2026-01-27,13.002065919703345,77.59572233553331,29.61304772000005,31.45665934760003
2026-01-27,12.953027122463755,77.52106702718076,30.747830360000023,38.07133128230001
2026-01-27,12.95099336266304,77.60906462847748,30.341085980000003,30.310187079200013
2026-01-27,12.804652376303022,77.48310388322781,37.3343549,37.60706162570003
2026-01-27,12.995127911653253,77.61572396612988,30.323995879999984,30.551277119900025
2026-01-27,13.1310936559634,77.58621294684714,29.941177639999975,31.713062117900037
2026-01-27,13.064654044913476,77.61703003337908,28.94995184000004,31.320194899100024
2026-01-27,13.05365688386478,77.59476268627138,29.339606119999985,30.068498885000025
2026-01-27,12.848792803724738,77.50703847269197,32.94561722000003,35.423510819000015
2026-01-27,12.920993317279962,77.63410699531097,29.81129288,30.28684200260003
2026-01-27,13.027575240155675,77.51002647783409,30.75808442000005,33.47641863590002
2026-01-27,12.889515581262955,77.6186427397191,30.368430139999987,30.057988473500032
2026-01-27,12.862286209839896,77.46330551454582,34.88021653999999,36.023663860699976
2026-01-27,12.95462738945323,77.60651103616125,30.14625884000003,30.382905454700044
2026-01-27,12.829110094496656,77.68730438916892,31.53055694,30.546252630500035
2026-01-27,13.008541888496367,77.71565774125648,30.18385706000004,30.588533537900013
2026-01-27,13.080505275433293,77.54654185323002,27.309302240000022,32.12551459130001
2026-01-27,12.94483118790339,77.65790604680438,30.177021019999984,29.944766561
2026-01-27,13.098265752561986,77.59795412228087,32.42949620000002,31.40104816220003
2026-01-27,12.845080732617532,77.57935674184843,34.316243240000006,31.218696795200014
2026-01-27,13.140083894996824,77.56622013659589,30.27272558000004,30.733628486900002
2026-01-27,13.074205809343074,77.56931346622254,29.732678420000013,31.28022115520006
2026-01-27,12.820665062841831,77.45831141948159,35.775737779999986,31.896199629500043
2026-01-27,13.025798772533603,77.6050565431679,29.859145160000025,30.180045967700035
2026-01-27,13.115657819574857,77.65837202325704,33.461738240000045,31.940309177600035
2026-01-27,13.0788809252782,77.64932517802141,30.38210221999998,31.733074625000032
2026-01-27,12.922801323293664,77.52000873121567,29.46607286000005,30.996029882300036
2026-01-27,13.036151675544732,77.7179743664258,34.58284880000002,33.05765991560006
2026-01-27,12.945577666141578,77.6908271366619,30.31374182000002,29.943946236200034
2026-01-27,12.932627611304236,77.67430766614788,28.80297698000004,28.079689767800037
2026-01-27,13.127227178020656,77.52722877650244,31.735638139999992,37.87153092320003
2026-01-27,13.14361894201678,77.70010723069717,38.12733553999999,32.64351552230002
2026-01-27,12.921636822740156,77.7322069692935,33.27032912000004,30.864470292500023
2026-01-27,12.968843882204752,77.55703916716222,29.93775962000001,30.19681135580001
2026-01-27,12.84141405196995,77.5572229645763,31.345983860000047,31.863079015700063
2026-01-27,12.815778892969124,77.51285973340781,34.93832287999999,31.24857029000002
2026-01-27,12.841249767817745,77.63293940180918,33.68390954000006,31.337592620899997
2026-01-27,13.002217761219642,77.70142595311346,30.713650160000043,30.55315703090002
2026-01-27,12.819358823095063,77.46784517251054,35.68686925999998,35.80089440719998
2026-01-27,13.1168065144367,77.68396354020085,35.10922388000006,32.37949056740002
2026-01-27,13.083937076919444,77.50070124099422,32.39531599999998,36.54810775940005
2026-01-27,13.113668262173915,77.50993940328988,32.73369997999998,35.51056778840001
2026-01-27,13.06342925454774,77.59693410525928,28.389396560000023,30.052536731600018
2026-01-27,13.073583490260615,77.54753873899317,31.55790109999998,35.11872597560004
2026-01-27,13.027040858309023,77.6766154739681,33.66681944000004,29.567690594600027
2026-01-27,13.006980919860093,77.70975351824326,30.97000165999998,30.850678581799997
2026-01-27,13.05593343023486,77.57296516617376,28.221913579999978,30.50492876870003
2026-01-27,12.869489300267013,77.74318201564667,31.95439141999998,30.027089572700003
2026-01-27,13.031843063264905,77.45803337786442,31.345983860000047,33.848111220800035
2026-01-27,13.099716655850663,77.69196174509979,36.838742000000025,32.48025379700004
2026-01-27,12.854422755970484,77.72519882308063,31.602335359999984,31.827599968100056
2026-01-27,12.983055667425726,77.60874759243974,31.058870179999985,29.742966660200015
2026-01-27,13.078116229680552,77.69482088271008,34.825528220000024,30.188761918700006
2026-01-27,12.86409968085029,77.53528172496928,29.626719800000046,31.606351533499996
2026-01-27,13.013933380627668,77.55421038694506,32.337209659999985,32.38953954620005
2026-01-27,13.017373463482876,77.65395088236528,29.609629700000028,30.52147198550002
2026-01-27,12.875009403894133,77.45420169174118,35.04428150000001,31.83691407260004
2026-01-27,12.821109520057597,77.49360001498242,35.99449106000003,36.166725087799996
2026-01-27,13.062563448984076,77.54038190082383,26.957246180000027,31.87394831930002
2026-01-27,12.980005761830885,77.62760182207313,30.857207000000017,30.476986455200016
2026-01-27,12.860642892730322,77.51651028973588,36.56530040000001,36.9635680904
2026-01-27,13.00490416824714,77.60612310993626,30.08473448000001,30.22490748020003
2026-01-27,13.132869883998318,77.68145602917542,32.75420810000003,32.81033198840004
2026-01-27,13.101430420122686,77.50195108397003,35.68345124000001,38.452782314300016
2026-01-27,12.834084270874422,77.5632071488704,27.99632426000005,27.981695134400024
2026-01-27,13.123620130331531,77.49456706577945,31.54081100000002,33.63730483730005
2026-01-27,12.916104325976658,77.4579457851396,34.13167016,38.064717413600036
2026-01-27,13.084324078537511,77.49004750568858,32.08085816000005,34.6860388238
2026-01-27,12.883872745192823,77.51672223384071,34.056473719999985,38.808632376500015
2026-01-27,12.835422659290304,77.56587591991264,30.16334893999999,28.237602291800016
2026-01-27,13.018651430251545,77.72350887206615,30.29323370000003,29.711999399000028
2026-01-27,12.981838561396202,77.45715798844734,35.560402520000025,37.14940583780003
2026-01-27,13.100480145927124,77.49896764851829,33.53693468000006,37.68613751840002
2026-01-27,12.823155668931877,77.64402492895833,33.80695825999999,31.226524061000056
2026-01-27,12.881808328133245,77.68242994521248,31.055452160000016,29.300469791000054
2026-01-27,13.015231171264531,77.71451811656354,28.939697780000017,30.02134729910003
2026-01-27,12.981971313646538,77.60487277745463,30.29665172,30.75422205740002
2026-01-27,13.052971405641092,77.51215932533802,30.88113314000003,33.131489147600014
2026-01-27,12.937519477996547,77.5255049462988,34.887052580000045,38.62687916300004
2026-01-27,12.800602086955733,77.7449202506828,32.94903524000006,32.881033732100015
2026-01-27,13.1290518229384,77.64309642509312,35.86118828000002,31.740167016500003
2026-01-27,13.01618397368524,77.49939209582791,32.93536316000001,38.07035714660001
2026-01-27,13.142427142463228,77.48620535756856,27.18283550000001,31.90305275959997
2026-01-27,12.822912429479585,77.45863375553844,33.82746638000003,31.715232560600022
2026-01-27,13.088565673317374,77.64953689327774,30.82644482000001,30.321124743200002
2026-01-27,13.121199806382442,77.69006265019877,34.67855336000002,31.363843014500027
2026-01-27,13.144843748446569,77.57176176988666,30.46755272000001,30.127921162700023
2026-01-27,13.131045503195692,77.6931969545685,36.76354556000001,31.013683955599994
2026-01-27,12.928579469113735,77.48589376750846,31.339147819999997,31.431929972900033
2026-01-27,12.998059438152582,77.68617230004618,29.384040379999988,30.471158731100022
2026-01-27,12.884272933062348,77.55599249241182,31.298131580000017,30.59328458570001
2026-01-27,12.889131444338602,77.54010915457476,30.518823020000013,31.36478297
2026-01-27,12.937265041585746,77.6985507271607,29.141360960000043,30.018988865300035
2026-01-27,12.8796776285702,77.50100164168535,33.13019029999998,39.423910156700025
2026-01-27,12.909454146358744,77.74155143905104,32.50811066000006,31.173390940100006
2026-01-27,13.079008560897668,77.52604380994869,30.218037260000017,35.016698078600044
2026-01-27,12.87905183860924,77.71186639967586,34.21370264000001,33.098915417000036
2026-01-27,12.870072759664602,77.49773044370417,30.347922020000052,31.22864323340002
2026-01-27,12.876828167041642,77.54595451218165,32.01591578,32.619127949600035
2026-01-27,13.102341999777556,77.70197869085563,34.545250580000015,31.60291642340004
2026-01-27,13.117622798373253,77.6863135499173,34.15901431999998,31.18009025930003
2026-01-27,12.895437305523924,77.71421498648792,31.90312112000004,31.820011963700022
2026-01-27,12.978879938177528,77.59691616873008,25.85322572000001,28.582583050400018
2026-01-27,13.025267052340274,77.54859620093528,30.13258675999998,37.74426094850005
2026-01-27,12.851231904594211,77.57099446218196,33.492500420000056,32.41567030910003
2026-01-27,13.019670372624768,77.72800229196088,31.093050380000022,30.407549378900008
2026-01-27,13.055017696907305,77.53933192512935,27.55881770000002,31.597857753800014
2026-01-27,13.009549029926514,77.45249356751995,33.89240876000002,35.894052542300024
2026-01-27,12.88548162475669,77.71779857146132,32.764462159999994,31.401116522600027
2026-01-27,13.004321079844289,77.47014004558062,33.08575603999998,36.94425627740003
2026-01-27,12.872291306518376,77.72695751201857,32.77129820000005,29.303135846600057
2026-01-27,13.135810148891478,77.54794303795292,29.99928398000003,34.373734336400005
2026-01-27,13.005911276791077,77.69072179346036,28.72436252,29.287840207100025
2026-01-27,12.97071666850796,77.49645565455697,30.70681411999999,34.98696130459999
2026-01-27,13.07493158513011,77.62776100302501,29.70875228,30.28014268340004
2026-01-27,12.823398439390443,77.48550787120732,33.236148920000005,31.843083598700055
2026-01-27,13.029788582695584,77.729784690163,26.16084752000006,27.506180192000038
2026-01-27,13.019375609773924,77.52120309737087,31.041780080000024,34.557282010399994
2026-01-27,13.06448836599093,77.56745723082697,30.843534920000025,30.70018316120002
2026-01-27,13.11657975767648,77.57607060482572,28.420158740000037,30.935052405499974
2026-01-27,12.947494642510398,77.64141101958009,30.221455279999983,30.408745685899994
2026-01-27,12.875375072370602,77.61588355953971,30.416282420000016,30.275938518800018
2026-01-27,12.891904517194746,77.70409467296267,29.438728700000013,31.432835748200038
2026-01-27,12.89070861599919,77.73106970388964,32.35429976,31.20928015010004
2026-01-27,12.894201558459834,77.62944045801463,32.03300588000002,29.277569056999997
2026-02-12,12.923883116222385,77.51558285912421,27.582743840000035,34.61824239710004
2026-02-12,13.138911892313407,77.58157205567335,31.80741655999998,34.05937903699998
2026-02-12,12.974031308641775,77.4562067028007,38.20253198,34.08518508800001
2026-02-12,13.071477775938645,77.55988308980342,28.372306460000004,32.6658010127
2026-02-12,12.968533843296711,77.72392183153418,30.55983925999999,32.939464784
2026-02-12,12.859459638527952,77.4781917019748,33.926588960000004,34.999847239999994
2026-02-12,12.841634758304744,77.7333099879027,34.57943078000005,35.02279924430001
2026-02-12,13.12149576617273,77.57591770924299,30.33083192000004,32.92454512670001
2026-02-12,12.987232727131971,77.6559666323919,28.5329534,31.193232546200043
2026-02-12,12.842765734030896,77.59564974921294,32.30644748000003,33.87037962110003
2026-02-12,13.107551920571312,77.67368137912861,34.25471888000004,33.63381845690001
2026-02-12,12.975295907475246,77.47205833712601,36.25426058000005,34.29534204770004
2026-02-12,13.142094248796752,77.74969484495759,23.740889359999983,25.975437025100046
2026-02-12,13.007732867118934,77.64987663337628,29.72242435999999,33.19920012380004
2026-02-12,13.105370376126574,77.62163343249607,32.96954335999999,34.88901794149999
2026-02-12,12.806342322748838,77.72995733001525,35.22201854000002,33.995256981800026
2026-02-12,13.11823842759643,77.58094788650341,29.237065519999987,32.53617260420004
2026-02-12,13.023531157778768,77.7359878215858,30.641871740000056,30.799715903600017
2026-02-12,13.147292130359991,77.72361571983342,32.89434692000003,32.7499184849
2026-02-12,12.8134257769131,77.45867281220544,36.77379961999998,37.37612310439999
2026-02-12,12.81884623848696,77.48493887201418,31.54764704000001,34.55723074010002
2026-02-12,12.84461546791482,77.74383729424618,32.67559363999999,33.50258357900006
2026-02-12,13.033635312377122,77.55571043744615,29.75318654,33.50407041770001
2026-02-12,13.134171078808336,77.58035646807497,30.648707779999995,33.581112588499984
2026-02-12,12.809222028106444,77.65823914170713,32.71660988000002,33.90437182999998
2026-02-12,13.071506260971375,77.60229359903553,31.29471355999999,33.45546617330005
2026-02-12,13.098958297493288,77.49277819737775,29.62330178000002,34.01027917970002
2026-02-12,12.829906825975709,77.53962974973844,33.86506459999998,36.71999998520004
2026-02-12,12.89124521276426,77.7192862659826,31.93046528000002,33.06902483209999
2026-02-12,13.108504718281996,77.69357326336512,31.07937830000003,32.650864265299994
2026-02-12,13.076341263912305,77.48758666939544,31.03152602,33.59269967630006
2026-02-12,13.098596293044922,77.71233424833338,35.06137160000003,33.76881315680005
2026-02-12,12.956721130602268,77.65168929011014,30.310323799999992,33.99529116200005
2026-02-12,13.103749386207978,77.67279187217902,35.297214980000035,34.10063453840002
2026-02-12,12.808046480744082,77.6331923664264,35.83384411999998,34.995472174400014
2026-02-12,13.074257771046913,77.67855418457454,30.81619076000004,33.35673666560003
2026-02-12,12.83896684215156,77.70935985506026,34.91439674000003,34.51313828209997
2026-02-12,12.824225659687013,77.6934254796743,28.75854272000004,31.664321152700023
2026-02-12,12.826041276685784,77.74382268397974,31.73905616000002,33.01402889030001
2026-02-12,12.837353234650108,77.66138695639846,29.96510378000005,33.03679290350005
2026-02-12,12.83844805755749,77.4679430060168,30.347922020000052,34.401950091500005
2026-02-12,12.988810675678252,77.48145178217295,31.62284348000003,33.12477273830001
2026-02-12,12.985970179401743,77.7394088165851,28.31761814000004,33.25595634590004
2026-02-12,12.979861957855992,77.58302106799434,29.18921324000001,33.563099623099994
2026-02-12,13.02264241344911,77.53487443697574,33.174624559999984,33.31532735330004
2026-02-12,12.955916775583518,77.66753319130281,37.84022186000004,34.086911188100004
2026-02-12,13.108049228726424,77.69627926447116,31.61258942000001,34.93011963200002
2026-02-12,13.041917281787711,77.73380475070017,35.11264190000003,33.58864932260007
2026-02-12,12.958973219393634,77.50102650032397,31.516884860000005,32.89918341830004
2026-02-12,13.074820301489316,77.53062194391315,33.60529508000002,33.59008489100001
2026-02-12,12.86056178640501,77.70326083581166,31.43827040000002,30.889182577100037
2026-02-12,13.134658834814813,77.64405610549998,35.11264190000003,33.15657741440004
2026-02-12,13.07190191227093,77.51639079895396,29.73951446000001,32.815647009500026
2026-02-12,12.874815281929342,77.49934657287932,28.89526352000001,28.015260090799973
2026-02-12,12.832686165742782,77.62008001904404,33.58478696000003,35.04790460120001
2026-02-12,12.862758568753694,77.5582945487687,32.82256849999999,34.03447876130003
2026-02-12,13.094685246611792,77.50856880327898,35.80308194000003,34.5256824155
2026-02-12,12.844024716087022,77.72617503566768,32.477348480000046,32.939823676100026
2026-02-12,12.857616137605516,77.58763792108344,31.448524460000044,33.7193714975
2026-02-12,13.128370425744846,77.59050631133736,34.06672778000001,34.0419300449
2026-02-12,12.844767843490464,77.50058889619363,30.81960878000001,35.58032957660002
2026-02-12,12.95810568223665,77.74669250374956,30.98709176,32.32141840760002
2026-02-12,12.969000024894608,77.53353433628732,29.97193981999999,33.1157149853
2026-02-12,13.014298792244675,77.4698431892883,31.24344326000005,30.871477233500045
2026-02-12,12.86022228107849,77.61035827121367,28.594477760000014,32.06648538590004
2026-02-12,12.906230347750013,77.61779274401158,22.732573460000022,26.155874300900013
2026-02-12,12.970189843149871,77.53188934311775,29.736096439999983,33.4239007586
2026-02-12,12.9978071412903,77.46446284091161,33.67023746000001,33.956923887500054
2026-02-12,13.039660112258064,77.4952010779901,30.32741390000001,32.242017802999996
2026-02-12,12.91195593218193,77.60266074654338,28.87133738,33.38984018930001
2026-02-12,12.974817040971198,77.46955842643683,37.395879260000015,34.296418724000034
2026-02-12,12.81886861256157,77.62075199795927,32.59014314000001,34.755117007999985
2026-02-12,13.030786525623416,77.62643759769325,30.402610340000024,32.178664802300005
2026-02-12,12.854750067317012,77.50055865212789,29.95826774,34.310808588200054
2026-02-12,13.135622096353671,77.49711328525841,32.34062768000001,33.83406315860001
2026-02-12,12.952271776143892,77.65979384911559,34.93832287999999,34.594111175900025
2026-02-12,12.908600633423813,77.5730263555606,29.97535784000001,33.1389575213
2026-02-12,12.93827775815988,77.73103749585907,30.481224800000007,30.986596147100048
2026-02-12,13.009820907236357,77.4592030391921,34.54866860000004,32.0570858309
2026-02-12,13.00613354745968,77.53159101240782,29.86939921999999,33.10592235800001
2026-02-12,13.032810656618304,77.60454829727131,30.077898440000013,33.23978911130004
2026-02-12,13.035582258273363,77.62282866042139,31.08963236,33.19984954760003
2026-02-12,12.86438549683194,77.65427919467227,31.29471355999999,32.923007017700044
2026-02-12,13.02454223551275,77.73428642721768,36.54821030000005,35.026559066300024
2026-02-12,13.093994746535856,77.5036566271096,36.09019562000003,34.602502415000025
2026-02-12,13.122431534132142,77.56748042062213,31.735638139999992,29.910654721400032
2026-02-12,13.0503840588722,77.5887290309677,26.779509140000016,28.605876856699997
2026-02-12,12.89628263221901,77.63651906455625,28.71752648000006,28.346329508000004
2026-02-12,12.80479545792297,77.53404890601257,31.448524460000044,35.74953865670003
2026-02-12,12.985078802593772,77.73010254210149,31.75272824000001,32.959579831700054
2026-02-12,13.016843702840704,77.71723282135945,30.43679054000006,33.04434672770002
2026-02-12,13.104601981383764,77.50098692748905,34.01203945999998,34.226708206100035
2026-02-12,13.042348908889627,77.50064679411676,30.060808339999998,33.0244709414
2026-02-12,13.115992486467295,77.74589794501422,36.24400652000003,34.74180382010004
2026-02-12,12.96791749198308,77.50405022161542,30.04030022000001,31.88184394550003
2026-02-12,13.024394433166751,77.51017952997279,32.66875760000005,33.489971085199976
2026-02-12,12.880883185930438,77.68505274987038,33.27032912000004,33.2661249554
2026-02-12,12.835260263998936,77.57608759038972,33.47199230000001,34.21031880020004
2026-02-12,12.880071961158288,77.7281827372514,35.10922388000006,34.014551704700025
2026-02-12,12.821768400913292,77.48934637679501,35.95689284000002,37.870163715200015
2026-02-12,13.032834995812276,77.50081706818142,29.75318654,32.21833092440001
2026-02-12,12.938044142367971,77.56771592446758,29.80103882000003,32.23330185200001
2026-02-12,13.018388075492052,77.64900712843136,28.5329534,33.41870536820003
2026-02-12,13.050136880870992,77.53054191771653,30.44020856000003,30.920252378900024
2026-02-12,12.815090570958644,77.7308811160425,33.47541032000004,34.641433662800026
2026-02-12,12.902103903656014,77.69108633305531,31.50663080000004,33.59680130030005
2026-02-12,13.137658770324798,77.5319506857371,31.034944040000028,33.33082807400004
2026-02-12,12.829825972424832,77.61991439739792,31.14090266000005,33.551324544200014
2026-02-12,13.043033943869377,77.59334552995257,32.16972668000005,33.050294082500066
2026-02-12,12.959869072366857,77.62036189438642,29.67457208000002,33.33733940210004
2026-02-12,12.874873238101816,77.58161947796626,29.031984319999992,33.62903322890005
2026-02-12,12.88101691177406,77.4687818996268,30.42653647999998,33.42827582420006
2026-02-12,12.973253222445514,77.65423560054747,29.75318654,33.05644651850005
2026-02-12,13.144497671787684,77.67860740543344,29.469490880000023,33.14541757910005
2026-02-12,12.802457024218192,77.59282868232259,32.54570888000001,33.80808620659996
2026-02-12,12.924218554276974,77.70325996871838,32.22441500000002,33.591349558399976
2026-02-12,12.925696839205544,77.64820792955167,29.55835940000003,33.483493937300025
2026-02-12,13.065217191316435,77.70718076634984,34.20686660000001,33.81941694290002
2026-02-12,12.960152847420542,77.59107851385758,32.08085816000005,33.103546834100015
2026-02-12,12.885375093527587,77.64197850454728,32.761044140000024,33.33658743770002
2026-02-12,13.06510631371629,77.71714117212547,32.648249480000004,32.838581923700005
2026-02-12,13.096268273882703,77.67247495900867,34.78109396000002,35.21819035760002
2026-02-12,13.02722812328431,77.73752252379751,32.10820232000003,33.52068199490003
2026-02-12,13.00564253835958,77.6763589227951,31.40750822000001,30.961029357500053
2026-02-12,13.034511992588913,77.70853413389092,29.25073759999998,28.622761875500032
2026-02-12,13.082692058857232,77.50458347059869,24.523615940000013,26.275539181100026
2026-02-12,13.131302457203882,77.63098806978529,29.50708910000003,32.4415959908
2026-02-12,13.00516783337004,77.49796337063756,34.81869218000003,33.36487155320001
2026-02-12,12.866144623277432,77.68453321210053,31.20926306000001,33.96259780070002
2026-02-12,12.9108961269468,77.73019844271379,33.724925780000035,33.03913424720006
2026-02-12,13.142171798436353,77.56828311622102,31.42801634,31.63901071460001
2026-02-12,12.813963554549137,77.70806316894829,33.98127728000003,34.75419414260003
2026-02-12,12.975916758056403,77.61813024945067,29.22681146000002,30.038796291200004
2026-02-12,13.029926717162368,77.57448610915579,28.201405460000046,32.74993557500002
2026-02-12,13.067555038770612,77.65558575571174,29.00122213999998,32.62693812530002
2026-02-12,12.881504630947047,77.47594326142622,28.26634783999998,30.089126635700005
2026-02-12,12.887624941262764,77.70236420317121,32.05009598000004,30.79209371900005
2026-02-12,12.972317121856696,77.67119819028149,29.15845106000006,33.857852577800045
2026-02-12,13.122343548075923,77.69059902567689,33.24640298000003,30.319860075800026
2026-02-12,13.127102472832872,77.63118047983711,29.84889110000006,33.14656261580003
2026-02-12,13.056932259841345,77.68803982812712,31.680949820000023,33.70487909270005
2026-02-12,13.042287526500274,77.6088598145084,28.307364080000013,33.16513955450003
2026-02-12,12.875728172363743,77.67639284347581,31.486122679999998,32.93209895090002
2026-02-12,12.982611680110274,77.68608986866037,29.582285540000044,30.807902061500055
2026-02-12,13.074731687158806,77.6583129802869,33.11651821999999,33.04844835170004
2026-02-12,13.030130343932564,77.70055393281584,30.29323370000003,33.85081145660005
2026-02-12,12.925068018869451,77.68572004815263,29.50708910000003,32.463420048500026
2026-02-12,13.002667899824363,77.57337658730866,28.83373916000005,32.66156266790003
2026-02-12,12.960545232302165,77.66254589827132,28.26634783999998,29.987081648600032
2026-02-12,12.820997479710012,77.67872479500508,32.25859520000006,32.39726427140001
2026-02-12,12.921150742521148,77.71852763018757,33.96418718000001,34.441889655200015
2026-02-12,12.94746110372373,77.65613866322879,30.457298659999992,31.339677613100047
2026-02-12,12.977051905338351,77.50191380059617,30.08815249999998,32.19105512479999
2026-02-12,12.811324307269324,77.60602477019275,31.762982300000036,34.346373086300005
2026-02-12,13.123294437381972,77.4570848781436,35.26303478,34.5622723196
2026-02-12,13.055469060161435,77.49668006642001,29.496835040000008,34.286027943200004
2026-02-12,13.05202019706494,77.54241253049896,29.845473080000037,30.506535238100042
2026-02-12,12.905032084748946,77.49348372962456,30.323995879999984,34.024942485500006
2026-02-12,12.827099638767846,77.52971996613346,29.216557400000056,31.75139521220003
2026-02-12,13.070577702906856,77.61802044431077,30.091570520000005,32.321298776900015
2026-02-12,12.995938359454762,77.62738236362824,31.19559098000002,33.42371276750004
2026-02-12,12.909291293223603,77.58573277494526,29.117434820000028,34.095763859900046
2026-02-12,13.02240324253577,77.59190346066437,30.27614360000001,33.33101606510002
2026-02-12,12.972558788002138,77.45530589623792,36.44908772000002,34.13231958380002
2026-02-12,12.896687053955445,77.48908268715468,35.84068016000003,33.611020263499974
2026-02-12,13.149111847737544,77.61421465489164,31.380164060000027,33.16995896270004
2026-02-12,13.12243823442297,77.59835298680551,36.81823387999998,34.90395468890005
2026-02-12,12.83356500024748,77.6179149299017,30.720486199999986,34.244926252700026
2026-02-12,12.82730946698262,77.52914908121491,32.32011956000002,38.58864860929998
2026-02-12,12.83716317211127,77.50501322694241,31.961227460000032,34.5643573118
2026-02-12,12.882216253131622,77.74780167179689,33.39679586,34.44570074750001
2026-02-12,13.132362442365553,77.6772653804868,36.753291500000046,33.669041153000045
2026-02-12,13.034647252747902,77.49586196369548,30.402610340000024,31.844775518600013
2026-02-12,13.026471229890287,77.57030808786527,27.62376008000001,32.24948617670003
2026-02-12,12.844985104548297,77.4856422017531,32.32353757999999,35.83201547930002
2026-02-12,13.120108187517754,77.59523122120426,33.87873668000003,34.585942108100014
2026-02-12,13.036738217970727,77.5324017850519,27.57590779999998,33.46332761929998
2026-02-12,13.03740175748558,77.7197482469532,31.06570622000004,33.38059444520001
2026-02-12,13.143744510263993,77.58083211642753,32.091112220000014,34.448691515000014
2026-02-12,12.84622376826138,77.4545280560634,37.512091940000005,37.75560877490002
2026-02-12,12.849484013159334,77.510438329412,29.319098000000054,34.37077774910002
2026-02-12,13.085526712948296,77.68296196846971,35.39975558000003,34.87931076470004
2026-02-12,13.142015877292332,77.51388534486544,33.249821,34.10386456730005
2026-02-12,13.009020550564482,77.49201043570419,31.03152602,32.64645501950001
2026-02-12,13.145272420747594,77.59977216405105,33.96418718000001,33.653318261000045
2026-02-12,13.003909379083076,77.48555470418464,30.81277274000001,33.09924012890002
2026-02-12,12.815548879644506,77.51369051218873,35.35532132000003,38.28707670470003
2026-02-12,13.019207650411838,77.73113049703,24.01774898000002,25.82962429190005
2026-02-12,13.108545882695422,77.6562212171051,31.858686860000034,33.195901734500055
2026-02-12,12.97494534986229,77.72467762065534,31.496376740000017,33.227877311600025
2026-02-12,12.824255237760063,77.70545876963307,31.90312112000004,34.05845617160004
2026-02-12,12.897453051225591,77.49056670281031,31.927047259999995,33.33192184040001
2026-02-12,12.871952901714248,77.7329510142444,33.82063033999998,33.72114886790005
2026-02-12,13.035597390533209,77.65593971078881,29.45581880000003,33.08332924580003
2026-02-12,12.985794084188145,77.68297131314459,29.237065519999987,30.418487042900004
2026-02-12,13.127321337563735,77.62470082684602,27.70237454000005,32.8152368471
2026-02-12,13.125311696528412,77.68789053042792,37.98719672000004,35.143643341400036
2026-02-12,12.819194944442511,77.60765693757942,33.465156260000015,34.41167435840006
2026-02-12,13.098388990007589,77.57316630103816,29.500253059999977,32.943498047600016
2026-02-12,12.897632100496264,77.5136532507483,33.91291688000001,33.88401752090007
2026-02-12,13.016897845053766,77.57863616834045,27.09054895999998,29.694994749500044
2026-02-12,13.029839810190252,77.50543460225408,31.270787420000037,33.89960369210004
2026-02-12,13.031656348956208,77.50700640472304,30.334249940000007,33.0063383453
2026-02-12,12.84763854300028,77.52884362138683,29.72242435999999,34.75867174880003
2026-02-12,13.061644644650514,77.74997345140952,33.902662820000046,33.554332401800046
2026-02-12,13.10667110463,77.46079535039173,30.631617679999977,32.703741034700016
2026-02-12,12.943412467544327,77.57159506912026,29.78394872000001,33.360223046000016
2026-02-12,13.070709903533274,77.64152969706315,30.94949354000005,32.89448364080001
2026-02-12,13.13170368166599,77.66154459299509,35.58432865999998,33.0333748835
2026-02-12,12.907920651066558,77.60078220589718,31.366491979999974,33.94771232360005
2026-02-12,12.96185231796511,77.66904252510172,31.014435919999983,32.071937127799984
2026-02-12,13.013823798987069,77.69170252261551,28.990968080000016,33.08038974860004
2026-02-12,13.060714410742497,77.4724692023777,32.856748700000026,33.15353537659999
2026-02-12,13.135026630379013,77.60538611489855,36.08335957999998,33.72923248520004
2026-02-12,12.864743564194509,77.63224226008343,31.14090266000005,33.30151855250001
2026-02-12,12.852496823255423,77.50868071893916,29.45581880000003,31.471288473200033
2026-02-12,12.816213245545658,77.69099330239976,32.49102056000004,33.36705908600001
2026-02-12,13.063483562833754,77.54704527846859,29.989029920000007,34.84337028440001
2026-02-12,13.091444151878564,77.51529719177262,34.23421076,34.36445441209998
2026-02-12,13.062469041449326,77.73833646659811,29.45923682,33.12718244239999
2026-02-12,13.092813383696887,77.55573124456458,33.08233802000001,34.23747496909999
2026-02-12,13.132238793540823,77.70896329243958,34.17610442,34.070726863400026
2026-02-12,12.988880768338303,77.50288475183744,31.75614626000004,33.309824341100025
2026-02-12,13.043442774288607,77.54423262867438,28.943115799999987,33.90666190340003
2026-02-12,12.882786944475694,77.65339662875803,30.63845372000003,33.22625375210005
2026-02-12,13.097633296927889,77.74376067095746,36.12437582000001,34.34939803400005
2026-02-12,12.849395725865104,77.58151576137365,33.85139251999999,33.17004441320006
2026-02-12,12.9336208141643,77.62630994032848,30.19411112,33.40048732160006
2026-02-12,12.822863849815343,77.47531263148174,36.88317626000003,37.21976577950001
2026-02-12,12.806529026347132,77.71912200216002,31.923629240000025,33.495713358800074
2026-02-12,13.083703769707585,77.50788037337445,25.097843300000022,26.4154216496
2026-02-12,12.902568877785544,77.64568507394952,28.652584100000013,33.62243645030003
2026-02-12,12.91848053865447,77.73142545312747,31.57157318000003,30.746001719300022
2026-02-12,13.00540442481073,77.64447389189634,29.619883759999997,33.252213614000034
2026-02-12,12.888015745650588,77.50355721529392,30.20094716000005,33.73041170210004
2026-02-12,13.009493125309348,77.54101497534423,29.883071299999983,33.113305281199985
2026-02-12,12.99327177658432,77.57216724639488,29.325934039999996,33.137180150900015
2026-02-12,13.07062550430453,77.51364871679259,30.84695294000005,32.177331774500004
2026-02-12,13.003453208821163,77.62678481105273,32.68584770000001,33.67510813850006
2026-02-12,12.979986148391507,77.56209002543412,32.42607817999999,34.665530703800044
2026-02-12,13.11962933728167,77.49723111522296,34.429037900000026,34.184000046199984
2026-02-12,12.872238662592812,77.49317390028291,36.025253239999984,34.93148683999999
2026-02-12,12.940077098125228,77.47881561324229,32.220996979999995,33.30804697070007
2026-02-12,12.870141129712186,77.5046711037075,29.54468731999998,33.69018160670001
2026-02-12,13.125592952195776,77.56566435043558,32.81573246000005,34.39349049200004
2026-02-12,12.898995764459247,77.49615926824872,31.103304439999988,33.53146584800003
2026-02-12,13.094116640003133,77.64790660754691,34.825528220000024,34.03429077020005
2026-02-12,12.932717955860616,77.46609215444767,36.2918588,34.59525621260003
2026-02-12,13.013411081744511,77.45354981622188,25.59345619999999,26.597345764100005
2026-02-12,12.96383409465797,77.7360745220257,30.70681411999999,33.293434935200025
2026-02-12,13.109765674932172,77.72374129788273,29.68140812000001,33.81434118320003
2026-02-12,12.943904102529777,77.57311110918016,29.384040379999988,30.70001226020002
2026-02-12,13.141553290373004,77.7478375563872,27.162327380000026,28.638638578399995
2026-02-12,13.076036221469774,77.51098333080695,31.137484640000025,32.48751708950001
2026-02-12,13.005149271550884,77.6292410066741,31.448524460000044,30.62033821400002
2026-02-12,12.944746924353492,77.5939315588925,31.674113780000027,33.372698819
2026-02-12,13.069219975225144,77.49819092592568,29.61304772000005,33.15575708960004
2026-02-12,13.063123336426946,77.70633767401186,31.86894092,30.577595873900023
2026-02-12,13.140883396398523,77.50104188912584,34.630701079999994,34.64129694200001
2026-02-12,13.10462126409531,77.59618553326405,29.025148280000053,33.086661815300026
2026-02-12,12.930873799085337,77.52784383894331,32.19365282000001,34.34326268810003
2026-02-12,12.803509437039116,77.57681848463307,32.80547840000003,34.55557300040003
2026-02-12,12.856058125581535,77.52297441240239,28.76879678,33.935817614
2026-02-12,13.079181935145437,77.56417244478317,35.49546013999998,33.98520800300002
2026-02-12,12.882882989577489,77.5912977265096,30.925567399999977,32.65616219630001
2026-02-12,12.900820584081144,77.6548250693004,29.09692670000004,32.97347408300003
2026-02-12,12.896082230073269,77.74191168173829,33.38654180000003,34.560905111600036
2026-02-12,12.809871283166888,77.5539185893618,35.73130351999998,34.639365760700024
2026-02-12,13.040087248836222,77.51525699899535,30.14284082000006,32.972807569100056
2026-02-12,13.110896617741243,77.571747911052,29.435310680000043,32.440946567000005
2026-02-12,12.924593570813949,77.58376466298695,30.01637407999999,32.21168287550003
2026-02-12,12.809930134555223,77.54859757111797,34.545250580000015,36.62973007700002
2026-02-12,12.976836317479284,77.63755477136509,29.51734316,33.052532885599994
2026-02-12,13.130834298942348,77.56071296944994,33.96418718000001,34.40629097689999
2026-02-12,13.014803837606683,77.45151782478939,35.184420320000015,34.10692369520002
2026-02-12,12.92250101628298,77.54541500404689,29.876235260000044,33.865714023799995
2026-02-12,12.824703783699311,77.69166513892925,30.23170934000001,33.555306537500044
2026-02-12,13.130667887843664,77.4841109528993,31.944137360000013,33.08389321910005
2026-02-12,12.854364053544336,77.50078761817544,29.39771245999998,33.93588597439997
2026-02-12,12.900916893850887,77.52981996000936,30.347922020000052,32.52340629950003
2026-02-12,13.082681918421002,77.66262830824134,31.29129554000002,33.05919802460001
2026-02-12,13.072168958480384,77.54127112693298,28.765378760000036,32.33162119730001
2026-02-12,12.979888831266884,77.6129968118833,30.043718240000032,31.375105390400048
2026-02-12,12.805967041066046,77.73934023269965,31.055452160000016,30.998046514100032
2026-02-12,12.918101302399418,77.62478210550087,30.96658364000001,33.36222258769999
2026-02-12,12.960119860232751,77.61092894976,30.58376540000006,32.45041448239999
2026-02-12,13.087864841370497,77.61564284246987,35.987655020000034,33.53110695590004
2026-02-12,12.930538604224736,77.53712462885957,30.002702,33.285009515900015
2026-02-12,12.957432175724318,77.60376218369335,28.85082926000001,30.557361195500036
2026-02-12,12.93642453139997,77.47471952055233,32.57647106000002,33.35933436080007
2026-02-12,12.871936623507352,77.5387628276301,30.775174520000007,33.7900903313
2026-02-12,12.891872454210922,77.72523925042802,31.32547574,33.95825691530003
2026-02-12,12.88610650167931,77.68158856116433,31.21268108000004,33.48725375930003
2026-02-12,13.126372588101914,77.68711045843607,37.64197669999999,34.37672510390004
2026-02-12,12.81224733610653,77.56114873686965,26.62569824000002,32.47439189270003
2026-02-12,12.945603577904144,77.61502668867949,31.328893760000028,33.46180660040007
2026-02-12,13.023326422760992,77.73955603116096,32.58672511999998,33.57694260410003
2026-02-12,12.95656882439815,77.60000189599042,29.54468731999998,30.81813903140005
2026-02-12,12.806826104859198,77.58648407543467,30.83669888000003,33.49130411300005
2026-02-12,13.021802183823528,77.54144884695098,30.91873136000004,33.17682918290003
2026-02-12,12.985298499899748,77.51831929505309,31.09646840000005,33.78233142590002
2026-02-12,12.975042533853829,77.55265353075343,31.25027929999999,33.05014027160004
2026-02-12,13.13923902456355,77.73213131053652,35.38608350000004,34.930871596400024
2026-02-12,12.955190830909034,77.48734067941584,32.00907974000006,33.45425277619999
2026-02-12,13.052192008491138,77.72707912654079,34.65804523999998,33.68683194710006
2026-02-12,13.059148172538306,77.45274047973669,30.27272558000004,29.5631275379
2026-02-12,12.87579680620942,77.6304212650486,23.159825960000035,26.137143551300046
2026-02-12,12.89905045771681,77.45454642715212,34.54866860000004,34.34447608520006
2026-02-12,13.14221828132369,77.67897439462433,31.37332802000003,34.28146488649999
2026-02-12,13.039003356422134,77.46445092306287,32.774716220000016,33.76833463400008
2026-02-12,13.141617024268529,77.55122139759226,32.911437019999994,34.36754772020005
2026-02-12,12.856780322464664,77.67085661702889,29.660900000000023,27.186356060600023
2026-02-12,13.045937075519026,77.72655764270861,32.66533958000002,34.763679148100024
2026-02-12,12.915765101336994,77.53476604799309,32.774716220000016,33.67772292379997
2026-02-12,13.141442872236253,77.69360879447383,25.14911360000002,27.261279059000017
2026-02-12,13.083920163593843,77.56684402998485,30.857207000000017,29.3988062264
2026-02-12,12.875699381682304,77.49674909518279,32.316701540000054,34.973853197900056
2026-02-12,13.111885101589378,77.64744121041949,30.224873300000013,31.28780915960003
2026-02-12,13.046485584011466,77.53233519708158,28.447502900000018,33.365657697800025
2026-02-12,12.869864422984866,77.46995959465919,33.94026104,33.93111783650002
2026-02-12,12.915569849451842,77.55990688845327,30.99734582000002,32.435153023099986
2026-02-12,13.123520935772566,77.63739750155146,31.469032580000032,33.34173155780006
2026-02-12,13.04024577131835,77.62387246208479,31.797162500000013,33.85843364120001
2026-02-12,13.041625952466749,77.70122317824425,30.32741390000001,33.72733548410005
2026-02-12,13.140803548731528,77.6459572702278,30.317159840000045,31.41827498300004
2026-02-12,12.936367594011283,77.67135287030737,27.03927866000004,28.829107742900035
2026-02-12,12.951902164133138,77.69941359919787,32.624323340000046,33.1438965602
2026-02-12,12.964142464970683,77.68200596299822,32.121874400000024,32.93015067950003
2026-02-12,12.949419396617394,77.62360585744933,30.02662814000001,33.55547743849999
2026-02-12,13.09180147490686,77.74564835169241,32.562798980000025,32.49102056000001
2026-02-12,12.809119413656347,77.67126630244404,31.192172959999997,34.04780903930004
2026-02-12,13.005275906201035,77.65457175443582,30.70339610000002,33.10655469170001
2026-02-12,13.090837370527352,77.70453216366448,33.33868952,30.06181665590004
2026-02-12,12.805820676384144,77.48231559589398,35.48862410000004,36.90754674260004
2026-02-12,13.111416468853903,77.63144407994781,31.968063500000028,34.01142421640001
2026-02-12,12.863846178042143,77.74617511397655,32.98663346000001,33.25258959620001
2026-02-12,12.813202711186635,77.50112724815455,33.51984458000004,34.431259613000044
2026-02-12,13.050926588554644,77.59853646394077,31.98173558000002,33.580787876600006
2026-02-12,12.96359308264338,77.61883205136449,31.01785394000001,32.93437193420001
2026-02-12,12.927904147594216,77.74895633455102,35.10580586000003,33.81664834670004
2026-02-12,13.126756038442563,77.61196074975732,33.119936240000015,33.71950821830005
2026-02-12,12.906711594233336,77.69774765958256,31.95439141999998,33.70161488360003
2026-02-12,12.966496870948909,77.52929540020352,28.98071402000005,33.190843064900015
2026-02-12,13.119061258352293,77.45326100079353,33.936843020000026,33.84776941880004
2026-02-12,13.0434428671767,77.54064402535472,29.07983660000002,29.708188306700013
2026-02-12,13.12157194027345,77.64864128917812,31.759564280000006,32.658264278600015
2026-02-12,12.830971734003668,77.48970097246372,34.09407194000005,34.4318406764
2026-02-12,13.02024538941076,77.62530021132517,33.051575840000055,34.33721279270001
2026-02-12,12.998109930220297,77.74016442160693,33.37286972000004,33.67927812290001
2026-02-12,13.078831372075696,77.45596697243612,32.91827306000005,34.53839744990001
2026-02-12,13.005166668806192,77.51103954994821,34.78109396000002,32.97520018310002
2026-02-12,12.805481871187752,77.47831067797247,35.22543656000005,35.33014760270002
2026-02-12,12.948524035630845,77.55841344767872,30.019792100000014,33.43393264730006
2026-02-12,12.961636528485306,77.65779276202917,29.88990734000004,32.666826418700026
2026-02-12,13.065972091586897,77.55755133379228,28.81664906000003,33.18187076240002
2026-02-12,12.847724833525216,77.54273507030864,33.57111487999998,34.14344523889999
2026-02-12,13.034478414653217,77.4824524715679,32.81573246000005,33.391515019100055
2026-02-12,13.106953398735207,77.5290815944336,35.09896981999998,34.8453698261
2026-02-12,12.822976699842188,77.59331560253163,30.28981568000006,30.80921799920001
2026-02-12,13.062346636979251,77.46124610548314,32.60039720000003,33.30141601190003
2026-02-12,13.14652818549599,77.68011110139663,30.73415828000003,32.87122401470002
2026-02-12,12.862873603942376,77.52167265364379,31.14773869999999,33.70945923950008
2026-02-12,12.94552833136412,77.5601609617934,29.028566300000023,32.97395260580003
2026-02-12,13.049072000465788,77.46697377008651,36.07310552000001,33.73321447850006
2026-02-12,13.090710806543118,77.62875783603926,32.778134239999986,34.637314948700016
2026-02-12,12.991333373300664,77.53615233773405,29.356696220000003,32.24741827460002
2026-02-12,12.921452243036796,77.57206069368358,30.06422636000002,34.38227938639999
2026-02-12,12.86674245890906,77.64073679451383,31.99540766000001,34.27121082650005
2026-02-12,12.855235396109224,77.66620134706042,31.909957159999976,33.210445409600055
2026-02-12,12.8446177072662,77.54572945259942,35.01351932,38.425079262200015
2026-02-12,13.098710653018452,77.65178455785468,24.537288020000005,27.509734932800015
2026-02-12,12.961694863616836,77.6050682680527,30.93240344000003,33.40392243170002
2026-02-12,13.141348298939633,77.60961859571734,37.97694266000002,34.78505886320002
2026-02-12,13.075320842004825,77.63028742140568,30.682887980000032,32.476254713600035
2026-02-12,13.109596020019744,77.61502155869452,31.66044169999998,33.518494462100065
2026-02-12,12.88435583367811,77.52684823571056,26.10615919999998,29.237236421
2026-02-12,13.008264417857866,77.69649891062123,32.37480788000005,34.511019109699994
2026-02-12,13.09557663879136,77.50160797882995,32.624323340000046,34.39702814270003
2026-02-12,12.94999321027542,77.7423038590536,23.590496480000013,26.689939925900024
2026-02-12,13.091826665267774,77.54584496705468,29.206303339999977,33.281984568200045
2026-02-12,12.973550673191191,77.53598878252436,29.86939921999999,33.11479211990001
2026-02-12,12.948304830645922,77.62646073587581,29.78394872000001,34.14289835570007
2026-02-12,12.996781751012346,77.49135600782594,32.09794826000001,32.279205860600015
2026-02-12,12.896154263540923,77.4743615801773,35.19809240000001,34.76909670980005
2026-02-12,12.873510749606796,77.63735637832809,32.82256849999999,33.79383306320005
2026-02-12,13.118747240397292,77.65257320097115,35.396337560000006,34.21785553429997
2026-02-12,13.13363304782358,77.56675879095319,27.68870246000006,30.540869249000025
2026-02-12,12.856008060263298,77.5940827574648,29.872817240000018,33.554605843400054
2026-02-12,12.812173352861093,77.63597611334117,34.7195696,35.164083101
2026-02-12,13.09868644745614,77.51973930930541,36.1893182,34.35430289269998
2026-02-12,12.944381876589746,77.45563125825697,35.78599184000001,34.6090137431
2026-02-12,12.94377088927578,77.47814135613507,33.66681944000004,34.49001537680001
2026-02-12,13.128984444811271,77.51606031110633,32.34404570000004,33.32619665690002
2026-02-12,12.831910121030935,77.68621307381763,31.578409220000022,34.47618948590004
2026-02-12,12.860335084071655,77.49337878160877,28.06810268000004,34.27261221469998
2026-02-12,12.94583494242971,77.74925807721858,30.224873300000013,33.17619684920004
2026-02-12,12.862358535348822,77.64445081782613,32.26543124,32.381661010100004
2026-02-12,13.111399723114298,77.60807976947648,30.887969180000027,33.026949005900036
2026-02-12,12.945866305509762,77.73523689709045,22.58901662000005,26.13215324210004
2026-02-12,12.952770389455956,77.69219092283747,31.927047259999995,32.03374075430001
2026-02-12,12.860887864386596,77.70937707854837,34.497398299999986,34.548326798000026
2026-02-12,12.88413767010158,77.57958287140572,28.93286174000002,33.20806988570005
2026-02-12,13.114878652165329,77.4631345710551,36.13121186000001,34.9418605307
2026-02-12,12.923289413633196,77.61200674700892,30.28981568000006,33.402965386100014
2026-02-12,12.931672743535628,77.69895618401884,33.37628774000001,33.25911801439998
2026-02-12,12.941926471309062,77.67743741042771,31.66044169999998,32.32176020960002
2026-02-12,12.977056943186488,77.51884866330273,30.713650160000043,30.17497020800002
2026-02-12,12.890862852131486,77.66541831776016,31.780072399999995,33.346089533300045
2026-02-12,13.057918500972203,77.5858467428194,28.36547042000001,30.18527553830003
2026-02-12,13.054992955083168,77.57438404389552,27.521219480000013,30.05819355470002
2026-02-12,12.927038489537964,77.659928727587,27.99974228000002,34.1420438507
2026-02-12,12.826241050792497,77.4954709044511,35.73813956000004,36.963585180500004
2026-02-12,13.072919993137337,77.5344626215095,31.39383614000002,33.23496970310005
2026-02-12,12.98117621520444,77.5424551297874,29.61304772000005,33.269833507099996
2026-02-12,12.93837070604474,77.61699239539858,28.44408487999999,30.08992987040001
2026-02-12,12.847534021281655,77.5587112108702,30.43679054000006,33.33939021410003
2026-02-12,12.980971948664909,77.70291310339618,32.78838830000001,33.81440954360001
2026-02-12,13.0932813584934,77.5022947706609,31.85185081999998,33.64123556029999
2026-02-12,13.05837393029229,77.6646204080436,29.356696220000003,32.736007143500025
2026-02-12,12.800745217241404,77.49988710101344,34.89730664000001,36.93359205500001
2026-02-12,13.10300647482017,77.52609120773974,30.658961840000018,34.257624196999956
2026-02-12,12.812076934036837,77.72545265501981,32.82940454000004,34.874440086199996
2026-02-12,12.813204646462344,77.6439681066381,35.88169640000001,34.520914277600006
2026-02-12,13.051055335120823,77.5787708145701,29.24390156000004,31.52804469529998
2026-02-12,13.072715914434262,77.50045822900029,32.11503836000003,34.23971377220001
2026-02-12,12.887878740976532,77.55320479935742,30.682887980000032,33.22815075320002
2026-02-12,12.947934879079346,77.70921098023506,31.482704660000024,32.90002083320002
2026-02-12,13.12098637781678,77.55388833090056,34.60677494000004,34.720663366400025
2026-02-12,12.800180160682292,77.62637446714707,35.88169640000001,34.26596416580007
2026-02-12,12.956108875161766,77.62944622876962,28.87133738,33.639270198799984
2026-02-12,13.033890861451647,77.73338678909178,33.198550700000055,32.90222545610001
2026-02-12,13.065692433278786,77.72483787619444,30.224873300000013,33.77597390870002
2026-02-12,12.85246797277601,77.63716442919338,30.05397230000005,33.10134221119998
2026-02-12,12.948046494156138,77.55969073232859,29.578867520000017,32.90263561850005
2026-02-12,12.924995254584596,77.62852870594236,29.75318654,34.07327328830004
2026-02-12,13.086859151742772,77.4545088696644,31.17850088,30.743609105300038
2026-02-12,13.078541411384837,77.49275311589628,30.62136362000001,33.111134838500035
2026-02-12,13.018153555077769,77.74502441607551,30.22829132000004,29.77902677120004
2026-02-12,12.977725048436488,77.69072131778306,32.80206038000006,32.10575843570001
2026-02-12,12.881357119301622,77.70047382423634,33.495918440000025,34.03323118399998
2026-02-12,12.896724359111362,77.56186523090783,29.18237720000002,30.11419781240001
2026-02-12,13.04911104056871,77.53242321423873,29.81129288,34.462637036600015
2026-02-12,13.091845804471758,77.51668575361353,36.168810080000014,33.82485159469998
2026-02-12,12.898560049226008,77.60017037893375,30.81960878000001,33.08633710340003
2026-02-12,12.868897343468085,77.62748023671939,32.06376806000003,33.67719313070003
2026-02-12,13.00771874968786,77.61789076391004,32.34404570000004,33.23038955630004
2026-02-12,12.855279377175638,77.52896307613182,33.755687960000046,34.82622891410003
2026-02-12,13.087496086996673,77.54965638884617,31.646769619999983,33.12123508760003
2026-02-12,13.08082315404216,77.60173258969698,29.36011424000003,33.90199630610002
2026-02-12,13.036522637324657,77.50776298703171,31.513466839999975,32.658571900400034
2026-02-12,13.017220601584352,77.66778836375977,29.54468731999998,32.114867459
2026-02-12,12.89698294154776,77.6125299031791,29.319098000000054,32.95788791180003
2026-02-12,12.8187608499898,77.73078223151882,30.286397660000038,33.89398104920002
2026-02-12,12.88931668576357,77.64503614352313,33.60529508000002,34.3480479161
2026-02-12,12.91468193379118,77.65227174336661,28.799558960000013,30.696201167900036
2026-02-12,12.996955373657968,77.50457875217701,31.03152602,33.022454309600036
2026-02-12,13.09065868203305,77.49281886423778,33.677073500000006,33.781494011000014
2026-02-12,12.947079357556772,77.67739451937565,29.773694660000046,32.70440754860002
2026-02-12,12.893893199629051,77.52391255556283,31.37332802000003,33.52844090030006
2026-02-12,12.867258050623231,77.57258868430799,28.912353619999976,34.32236149580004
2026-02-12,12.974415111056375,77.50272503132899,30.68972402000003,32.805529670300054
2026-02-12,13.149201328850932,77.73311348719301,33.16437050000002,31.51158692900005
2026-02-12,12.980224547458215,77.5178935023692,29.448982760000035,32.19401171210001
2026-02-12,13.036480392538923,77.70073476600263,31.711712000000038,33.25067550500003
2026-02-12,13.10239535147509,77.47228349837555,29.86939921999999,31.288749115100014
2026-02-12,13.09123567340635,77.57664883720732,30.898223239999997,32.95120568269999
2026-02-12,12.867766886516582,77.48443211393858,36.57213644000001,35.1275444672
2026-02-12,13.11952596881716,77.49910294945467,35.24252666000001,34.7342329058
2026-02-12,13.105512117926809,77.53744172882995,33.80012222000005,34.420937192600014
2026-02-12,13.125629026060698,77.72721170166739,32.890928900000006,33.770060734100014
2026-02-12,13.029316693583676,77.53628942868801,32.774716220000016,32.86185863990004
2026-02-12,12.949306852419731,77.57979788028861,29.814710900000023,33.89206695799998
2026-02-12,12.99324559763163,77.47430016714983,31.199009000000046,32.89079217920003
2026-02-12,12.94831809930737,77.52530303560556,33.22247684000001,33.34885812949999
2026-02-12,12.995275871314742,77.4851657035177,30.470970739999984,31.801059042800002
2026-02-12,13.09384089485047,77.61917216913866,32.04667796000001,33.04976428940004
2026-02-12,12.888901941856988,77.7231433142682,28.04075852000005,30.135816788900023
2026-02-12,13.006491206307857,77.4885178187941,29.78736674000004,33.374664180500034
2026-02-12,12.8922024966937,77.64682570116156,32.49443858000001,33.42663517460006
2026-02-12,12.946655032100104,77.45014924390466,38.12733553999999,33.15873076699996
2026-02-12,13.073884869033463,77.5599656549244,27.77073494000001,32.458891172000016
2026-02-12,13.107057319517338,77.62943237637059,34.24446482000002,33.22428839060003
2026-02-12,12.930373664518273,77.50016830175657,30.488060840000003,33.67184392940004
2026-02-12,13.127251760141188,77.5944293303663,36.753291500000046,33.622521900800045
2026-02-12,12.937720309427842,77.6751194657857,31.058870179999985,32.073184705100026
2026-02-12,12.808393843903302,77.7135874765538,32.35088173999998,34.50380708750001
2026-02-12,13.134424460581874,77.64407089320098,34.99642921999998,34.58351531390001
2026-02-12,12.93948213453458,77.66167374585014,30.484642819999976,33.370528376300065
2026-02-12,13.135021289502252,77.50190819150178,32.08085816000005,34.20025273130003
2026-02-12,13.134755522425392,77.58558743382773,31.708293980000008,34.03567506830004
2026-02-12,12.991300374025665,77.64093731146835,30.860625020000043,34.33210285280001
2026-02-12,12.862853528945864,77.5069627032103,34.24104680000005,34.55071941200003
2026-02-12,13.049062101103075,77.66246067084472,29.25415562000001,32.57337775190001
2026-02-12,12.941127228807543,77.52415117309648,31.98173558000002,33.523929113899996
2026-02-12,12.874706116563,77.45434269704005,33.91975292000001,33.2326454495
2026-02-12,12.972536144102415,77.6052859988471,29.155033040000035,29.521154252300004
2026-02-12,12.809182055775915,77.49321032602911,34.282063040000025,34.10506087430004
2026-02-12,12.924919588393804,77.5222261220834,29.41480256,33.7426823939001
2026-02-12,12.80004240771065,77.55699876979152,34.66488128000003,34.28712170960002
2026-02-12,13.06957834124236,77.55600932176701,30.03346418000001,33.19200519170006
2026-02-12,12.88514283527248,77.72031341993366,32.11845638,33.0200958758
2026-02-12,12.942675251064395,77.45953736767972,35.314305080000054,34.3657019894
2026-02-12,13.141598922575165,77.62201312215477,31.496376740000017,30.30013810040002
2026-02-12,12.909388876940884,77.66824197289343,29.78736674000004,33.06435923480004
2026-02-12,13.072690339956257,77.60916292312838,33.01397761999999,32.925194550500024
2026-02-12,12.854562261773337,77.74174213248638,31.229771180000057,30.64375165100003
2026-02-12,12.90253400660196,77.5382055414457,30.84695294000005,33.30454350020003
2026-02-12,13.110541608806187,77.60139194790888,29.96510378000005,32.96839832330001
2026-02-12,12.97717073868411,77.70657657790353,32.74053602000004,33.24747965630004
2026-02-12,12.93651941253843,77.47731081953059,33.98127728000003,33.51100899830008
2026-02-12,13.035780767971964,77.67251754661834,32.24150510000004,33.32968303730004
2026-02-12,13.03780622315414,77.66749527510088,30.843534920000025,32.87231778110004
2026-02-12,12.93993130558964,77.7329798124481,32.90118296000003,33.6767658782
2026-02-12,12.821783914819768,77.59391999238277,30.922149380000008,34.25459924930003
2026-02-12,12.816713270918513,77.68766128429107,34.740077720000045,33.34168028749998
2026-02-12,13.11640798452198,77.74774105887461,34.98275713999999,33.216837107000046
2026-02-12,13.058490726056917,77.66802907912559,30.18385706000004,33.62819581400006
2026-02-12,12.851389427384037,77.68896233469702,33.56769686000001,33.73408607360004
2026-02-12,12.94123157044487,77.53375563588806,34.44270998000002,34.03276975130002
2026-02-12,13.021427569780696,77.60055336551815,29.53785128000004,32.69405094800005
2026-02-12,13.03361757177423,77.59707867598048,29.68824416000001,32.57443733810002
2026-02-12,12.965008790883369,77.71474156997776,29.486580979999985,33.71759412710004
2026-02-12,12.99622198344824,77.7411806522078,33.88557272000003,34.32362616319999
2026-02-12,13.067803433703434,77.56168765514809,25.815627500000005,28.400539305200013
2026-02-12,12.984951702529749,77.49868445136227,31.192172959999997,33.44420379739999
2026-02-12,12.959972333239104,77.64813014418843,28.943115799999987,30.726382284500016
2026-02-12,12.856622760121502,77.4973985354855,29.025148280000053,34.334632187600064
2026-02-12,13.035093507963165,77.46035588576778,32.415824120000025,33.73994797790006
2026-02-12,13.142052299686474,77.72746075058801,34.91097872,34.818145296800004
2026-02-12,12.915412682654775,77.45846681895877,36.233752460000005,33.91693305349997
2026-02-12,13.126143637086903,77.60067841403108,32.3098655,33.54884647970004
2026-02-12,13.103829213701598,77.63979618077126,33.058411879999994,34.93411871540004
2026-02-12,12.950877314814033,77.6637714878645,35.45102588000003,33.68927583140005
2026-02-12,13.02614444690281,77.62506852183246,29.94801368000003,32.92191325130002
2026-02-12,12.884451120882098,77.49047709522495,35.57065657999999,34.39169603150001
2026-02-12,12.801903158273946,77.5501340797604,35.39291953999998,34.829920375700006
2026-02-12,12.915060122685311,77.65059820882269,29.33277008000005,32.61943557140003
2026-02-12,12.920753150289668,77.49953388189678,29.57544949999999,30.82258245740004
2026-02-12,12.820754078534026,77.49118852654021,36.03208928000004,36.99867115580002
2026-02-12,12.973456101420302,77.66903249445217,31.09646840000005,29.710204938500027
2026-02-12,13.028579865774342,77.45424791179481,33.71125370000004,34.11459715010003
2026-02-12,12.93473795436252,77.71520406944741,31.821088640000028,34.389799030400006
2026-02-12,13.02700595423924,77.65321858364054,31.694621900000016,33.757567871000056
2026-02-12,12.932545728193029,77.60431779388311,29.45923682,31.129418112800003
2026-02-12,12.801501951873185,77.4709987198165,35.905622540000024,35.978682717500014
2026-02-12,12.941468688060866,77.6376288913277,28.70727241999998,30.737559209900027
2026-02-12,13.125165132961865,77.59167689783418,32.610651260000054,31.837597676599998
2026-02-12,13.094522334386234,77.62071447840003,31.345983860000047,33.433881377000006
2026-02-12,13.08004816687645,77.73631847421946,32.2073249,33.261203006600034
2026-02-12,13.038609512966158,77.72691634989911,32.21074292000003,32.05281330589999
2026-02-12,12.89287497391703,77.73927777576449,33.92317093999998,33.09659116339998
2026-02-12,13.099390848684726,77.50245420294898,34.60335692000001,34.873568491100016
2026-02-12,12.990039306558732,77.71555624547511,29.77027664000002,32.06986922570001
2026-02-12,13.049045078615473,77.55784916608057,29.24048354000001,32.51034946310003
2026-02-12,13.035682901453994,77.65995002415777,25.073917160000008,26.16488078360002
2026-02-12,13.06910957580811,77.57287825929176,28.60131380000001,32.02401648739999
2026-02-12,12.837774730678934,77.5134253114517,31.54081100000002,34.415024018000025
2026-02-12,13.05068694410904,77.65168019246192,31.28104148,33.26662056830005
2026-02-12,13.038240328375572,77.56487565796007,30.12575072000004,34.61504654839999
2026-02-12,13.139167916211186,77.72245536791463,32.39531599999998,33.132719634800054
2026-02-12,12.946027662535048,77.51056406778633,28.943115799999987,31.40538904760002
2026-02-12,12.80856642600315,77.58955856579954,31.940719339999987,33.6361939808
2026-02-12,12.831216231859246,77.67259096667152,31.6775318,33.46749760370001
2026-02-12,12.99686913897164,77.5519289021668,29.2678277,33.098402714
2026-02-12,12.904066312394184,77.61848672974142,26.39327288000004,30.54252698870002
2026-02-12,13.032984523331203,77.72813405539362,25.96602038000003,26.55410781110001
2026-02-12,12.913785498246042,77.73544381936742,32.44316828000001,33.992539655900025
2026-02-12,12.99624465614288,77.74682386602129,31.86552290000003,33.77624735029999
2026-02-12,13.022657368441218,77.57040149305617,26.748746960000005,32.88023049740001
2026-02-12,12.973711035104268,77.6172449491684,30.75466640000002,32.95071006980002
2026-02-12,13.073696670713604,77.5213013124022,30.874297100000035,33.23854153400005
2026-02-12,13.147715859950678,77.50864503847296,32.86016672000005,34.178052691400005
2026-02-12,12.993350571971662,77.6830392761174,29.093508680000014,32.60031174950001
2026-02-12,12.86370431484273,77.4727262103107,34.38118562,34.83506449580002
2026-02-12,12.807741593308382,77.70821190814729,32.66192156,29.900759553500038
2026-02-12,13.13380705689442,77.64240352321585,34.10090797999999,33.41038248950005
2026-02-12,12.813236360143122,77.59589791789477,29.39771245999998,32.29783406959999
2026-02-12,12.905601800696312,77.63213411090437,30.139422800000037,33.14210209970002
2026-02-12,12.853313111659965,77.71051655623768,35.85777026000005,34.351448846
2026-02-12,12.95644960227906,77.72175703099906,30.27272558000004,32.692888821200036
2026-02-12,12.82655050946826,77.67452228133378,30.867461059999982,32.488286144
2026-02-12,13.134428312140512,77.62744529868641,32.57647106000002,34.69726701950001
2026-02-12,13.124327923691688,77.5222332033854,31.205845039999986,34.148931161000036
2026-02-12,12.885832781162968,77.6221821517458,31.773236360000052,32.33850850760001
2026-02-12,12.988017290579204,77.6934835834159,28.24583972000005,29.447119939099995
2026-02-12,12.908732027004012,77.4626738890319,31.86894092,33.22745005910003
2026-02-12,12.841646088667238,77.4676772957234,31.91679320000003,34.2959914715
2026-02-12,12.986433823720253,77.49642692030082,30.829862840000036,33.25718683309999
2026-02-12,12.948188931497748,77.59768936960667,29.97193981999999,32.632492407800015
2026-02-12,13.05373979017231,77.48914421707097,29.25073759999998,32.32851079910003
2026-02-12,12.885159620239214,77.64853167462927,30.190693100000036,33.27509725790001
2026-02-12,12.880832849228698,77.45169374250948,33.51300853999999,35.127920449400015
2026-02-12,13.038310784438504,77.58807913258904,32.22783302000005,33.767548489400035
2026-02-12,12.817630820669752,77.52927603248489,31.51004882000001,34.590641885600036
2026-02-12,12.947964959283428,77.51845609114024,30.860625020000043,33.382867428500035
2026-02-12,12.994763110326408,77.48506271640119,29.746350500000005,32.108715023000016
2026-02-12,12.945980668974212,77.55002647205019,29.643809900000008,33.53481550760001
2026-02-12,13.011564418583564,77.66946332871836,30.727322240000035,33.03272545970002
2026-02-12,12.998762473264588,77.57184754156135,30.604273519999992,32.74007458730002
2026-02-12,12.956553886601142,77.6298410616959,28.25609378000001,31.953263473400014
2026-02-12,12.869890159763711,77.52153821990964,32.29277539999998,33.66348687050006
2026-02-12,12.965226242747145,77.69262863996069,29.209721360000003,32.3652203339
2026-02-12,12.926808597543634,77.67252989349275,29.814710900000023,31.768878384500013
2026-02-12,13.027657641298283,77.52844225377659,34.82894624000005,33.49085977040002
2026-02-12,12.999514766256755,77.67830158453464,32.21074292000003,32.70271562870006
2026-02-12,12.832395690079183,77.50623429416918,32.59014314000001,37.77006699950002
2026-02-12,13.143840166028584,77.67351616049324,33.54035270000003,33.90809747180002
2026-02-12,13.13676137523253,77.74045031633398,34.19319452000002,33.419149710800056
2026-02-12,12.867065896037184,77.73325418368655,33.03106772000001,32.2846234223
2026-02-12,12.87522420015218,77.71444979639655,37.22497826000006,34.83400490960001
2026-02-12,12.8939757960885,77.58462257200515,29.896743380000032,33.54130974560006
2026-02-12,12.812388583422251,77.46425919730375,37.0267331,35.81015724140003
2026-02-12,13.02146720756582,77.74312701504502,33.54377072,33.34935374240007
2026-02-12,12.971701573488042,77.61561457429764,29.78736674000004,32.131803748100005
2026-02-12,13.04787373994374,77.65796909130745,31.270787420000037,33.496602044000035
2026-02-12,12.98221421894045,77.72673007657441,31.37332802000003,34.013389577899986
2026-02-12,12.8275131533451,77.58632003203637,30.19752914000003,32.3844979667
2026-02-12,12.844234116472157,77.64483309081204,32.02958785999999,33.89915934949999
2026-02-12,12.8291862726261,77.59763931486638,30.37526618000004,30.88591836800002
2026-02-12,13.026432483171996,77.70201215845694,30.42653647999998,34.6517389931
2026-02-12,12.846447715288994,77.53575415802854,34.86312644000003,37.23393347240003
2026-02-12,12.885701407736205,77.63753833955812,29.82838298000001,29.409590079500013
2026-02-12,12.806996250993818,77.65177770000088,34.186358480000024,34.849368909500015
2026-02-12,13.139291408785356,77.68567501092191,32.80889642,32.40131462510003
2026-02-12,13.128030405894888,77.68923504104541,36.78063566000003,34.96970030360003
2026-02-12,12.97767284001786,77.55201430158162,30.535913120000032,32.79146451800007
2026-02-12,13.012146075156611,77.50360270314323,32.579889080000044,33.32664099949999
2026-02-12,12.868463547106316,77.65452896176096,31.28787752000005,33.029170718900005
2026-02-12,12.943225962741492,77.5059643689605,28.594477760000014,29.54947254800004
2026-02-12,13.074490266963132,77.6317610384858,30.788846600000056,31.9129650176
2026-02-12,13.034457450973177,77.58632351694617,28.08177476000003,29.437105140499998
2026-02-12,13.034103344572728,77.68545037737229,33.97785926000006,34.971785295800004
2026-02-12,13.128256010447496,77.70145924342802,32.14580053999998,33.76736049830001
2026-02-12,12.803766411299089,77.4732766734091,36.56530040000001,36.608094010400045
2026-02-12,12.9898736652712,77.65091007632508,33.020813660000044,33.10599071840004
2026-02-12,13.089991285450234,77.57029765209298,34.37776760000003,33.79104737690005
2026-02-12,13.06318640182945,77.52382184055165,30.077898440000013,34.08092965309999
2026-02-12,13.018708396589217,77.5592994100851,29.780530699999986,32.12799265580001
2026-02-12,12.95638349201032,77.5404581690439,29.94801368000003,32.11707208190001
2026-02-12,13.068639118441066,77.74790426468711,33.345525560000056,35.04845148440002
2026-02-12,12.95521932100061,77.48148572754344,32.49785659999998,32.6301168839
2026-02-12,12.877391519287636,77.4952689780015,33.99494936000002,34.80344781080009
2026-02-12,12.8823951098249,77.69629692588737,31.60575338000001,32.88120463310004
2026-02-12,12.86491371978677,77.45159860067713,33.13360832000001,34.19803101830006
2026-02-12,12.83691053157178,77.59864738551046,31.267369400000007,29.47878789440001
2026-02-12,13.005713380129908,77.72637910263506,31.909957159999976,33.19092851539998
2026-02-12,12.828629189784854,77.61551714452331,33.72150776000001,34.06976981780005
2026-02-12,13.100398323807564,77.60221120798413,31.03152602,33.75201358850004
2026-02-12,12.811902547395636,77.54397740422124,30.645289760000026,35.31811617230003
2026-02-12,12.81929340249498,77.57927868221319,30.90505928000005,33.42007257620006
2026-02-12,12.912933600392964,77.6811179049467,30.96658364000001,34.24079044850001
2026-02-12,13.078493319845558,77.70535675281702,33.38995982000006,33.47481216650007
2026-02-12,13.136361445336734,77.4635778337783,33.77277806000001,30.431014086200022
2026-02-12,12.823682351720892,77.58462784238843,31.304967620000014,33.30620123990006
2026-02-12,13.072411732850746,77.46020078587615,32.83965860000001,34.356798047300025
2026-02-12,13.12488293381502,77.73050913428355,31.26395137999998,33.873746370800006
2026-02-12,12.955119791272294,77.61090672854922,28.51244528000001,33.0117388169
2026-02-12,12.847725179004549,77.62542542047397,31.790326460000017,33.73054842290006
2026-02-12,12.957384483461384,77.63961407559269,30.46755272000001,31.684179848900012
2026-02-12,12.962254961031062,77.50185709093454,31.53739298000005,33.363077092699974
2026-02-12,13.024397155720516,77.6279805473815,29.951431700000057,34.06455733730002
2026-02-12,13.125230104656389,77.74048490091836,33.13019029999998,34.02817251440002
2026-02-12,13.079787155751166,77.61515204539855,31.31522168000004,33.88873438850004
2026-02-12,12.859231505194382,77.70879429093952,33.21222278000005,34.00520342000001
2026-02-12,12.961810913147596,77.60815201544594,31.827924680000024,32.84068400600003
2026-02-12,12.94806079477423,77.69072287141678,30.90505928000005,31.9462052621
2026-02-12,13.114919538094716,77.46094639529268,28.29711001999999,27.954607325900028
2026-02-12,13.072462059645185,77.68265986401462,30.26247152000002,34.001358147500014
2026-02-12,12.849149373695807,77.68069839433714,30.1052426,33.64034687510003
2026-02-12,13.036341678201524,77.64049984918069,32.75079008,33.52970556770002
2026-02-12,13.10769405014874,77.74339178824502,30.337667960000037,32.929005642800014
2026-02-12,13.097347908525654,77.57174359711327,29.39087642000004,31.840605534199998
2026-02-12,13.04541639593502,77.73708833292257,31.39383614000002,33.30003171379998
2026-02-12,13.121059322512608,77.64941742908437,31.633097539999994,33.19839688910003
2026-02-12,12.907667490039016,77.4633027274877,32.217578960000026,33.628913598200036
2026-02-12,12.861933965916467,77.68590951486654,33.59845904000002,33.66497370920002
2026-02-12,13.06285892636189,77.48308895391843,33.74543390000002,33.419457332600054
2026-02-12,13.111748042994746,77.62741105592657,32.19365282000001,33.90226974770003
2026-02-12,12.802348067709904,77.72764293771631,33.10626416000002,33.48954383270005
2026-02-12,12.948404482406808,77.53633027635016,31.40067218000001,33.42819037369997
2026-02-12,13.032244866927735,77.61917954082207,31.78349042000002,33.16930953890003
2026-02-12,12.839987597462532,77.6612172088346,29.551523360000036,31.104039314300035
2026-02-12,13.041620636609384,77.56657927121466,27.832259300000032,31.051726518200002
2026-02-12,12.903046957410949,77.53442500305661,31.99882567999998,33.44461395980007
2026-02-12,12.967966580864976,77.63570919287424,29.589121579999983,32.67111603380001
2026-02-12,12.98391517150724,77.46686891684324,32.532036800000014,33.482109639200054
2026-02-12,13.098723445217212,77.74039788850642,36.32603900000004,34.5964354295
2026-02-12,12.884327144554474,77.74636046388457,33.902662820000046,33.20776226390004
2026-02-12,12.90415078705991,77.48970091256545,31.503212780000013,33.276122663900054
2026-02-12,12.80600667751127,77.73311253343418,35.60483678000003,34.44185547500007
2026-02-12,12.99405222021385,77.68769012914863,31.202427020000016,33.45821767940004
2026-02-12,12.89091567685937,77.538687947918,28.201405460000046,31.072422629300018
2026-02-12,13.088393908024056,77.46593698118657,34.64437315999999,34.1835557036
2026-02-12,13.06841671346542,77.58601305988392,30.19752914000003,32.51756148530003
2026-02-12,12.865480899437332,77.62018839992035,32.86358474000002,32.12363468030001
2026-02-12,13.12455882620668,77.5291584477613,35.36557538,34.30933883960004
2026-02-12,13.028796818722377,77.56803224500611,30.76833848000001,33.14152103630001
2026-02-12,13.109523710365591,77.62283672387707,33.23273089999998,32.864934857900046
2026-02-12,12.860237265777496,77.51187762283014,34.19319452000002,33.2936400164
2026-02-12,12.912191706580716,77.49348415397712,30.447044600000027,32.700921168200026
2026-02-12,12.99390807123657,77.62161429063158,32.26543124,33.189937289599996
2026-02-12,12.985011455080558,77.55231824012701,30.074480419999983,32.111517799400005
2026-02-12,12.93413617581376,77.71499582712777,31.05203414000005,33.33655325750001
2026-02-12,12.881691957833466,77.7085572615534,31.09988642000002,33.487168308800044
2026-02-12,12.905411651065393,77.50618880887711,29.41480256,32.447560435700005
2026-02-12,12.849525185525,77.4612836211738,32.65850354000003,33.51789630860003
2026-02-12,13.112767088755692,77.71932313111938,29.448982760000035,33.92513630150001
2026-02-12,12.807239278330751,77.74742476242628,34.104326000000015,32.13592246220002
2026-02-12,13.085314393484865,77.53750399905809,29.82496495999999,33.347935264100066
2026-02-12,12.850663516298154,77.73950841839142,29.70533426000003,32.11061202410001
2026-02-12,13.069674746602857,77.55518226107145,30.221455279999983,32.57894912450002
2026-02-12,13.11779926034867,77.57974844703168,28.77221480000003,33.07505763740002
2026-02-12,12.983172898963293,77.63728092931179,29.25415562000001,30.314305793300036
2026-02-12,13.091382964335134,77.7093696684124,33.09942812000003,33.963230134400035
2026-02-12,12.957706016160126,77.72595520756522,27.14865530000003,27.240036064700018
2026-02-12,12.8341722384606,77.62561698239703,33.53693468000006,35.2875419834
2026-02-12,12.896415242379728,77.60212270256328,26.728238840000017,33.73107821600004
2026-02-12,13.070088296101538,77.46269629683991,33.36945170000001,34.436813895500016
2026-02-12,12.84897945753547,77.52725666038513,29.16186908000003,33.36035976680004
2026-02-12,13.056715317084349,77.69869067882894,37.57703432000005,34.4581594304
2026-02-12,12.804897094990606,77.67750567919207,32.579889080000044,34.414323323900064
2026-02-12,13.040380790489149,77.50111418308374,29.616465740000024,33.43427444930007
2026-02-12,12.990218968339828,77.53283482733279,29.98561189999998,32.103502542499996
2026-02-12,12.867932549315762,77.4670973424405,36.049179380000055,34.01128749559998
2026-02-12,13.137607346341127,77.59664259451898,35.676615200000015,33.95155759610004
2026-02-12,13.0747843080856,77.73014447492973,32.68584770000001,33.10901566610003
2026-02-12,12.98671840827761,77.61252251118447,30.077898440000013,32.504436288500045
2026-02-12,12.9833658307727,77.71227536470005,30.76150244000001,32.8428544487
2026-02-12,13.073310986113462,77.56054289872331,28.153553180000017,32.61128359370003
2026-02-12,12.81010633102069,77.48500904762545,37.84022186000004,37.653341616500036
2026-02-12,12.978540929945142,77.64099199062939,29.291753840000013,32.147184838100024
2026-02-12,12.80369258126832,77.6052408539492,31.448524460000044,34.31408988740006
2026-02-12,13.132300600376436,77.65606760981696,32.54229085999998,33.204258793400044
2026-02-12,13.0581683219642,77.73601566463915,33.43781210000003,33.158064253100044
2026-02-12,13.123186448332426,77.74033568338787,33.051575840000055,34.71934742870003
2026-02-12,13.035090626435604,77.53469378762088,27.56223571999999,32.63710673480003
2026-02-12,13.113273850788294,77.54487662421342,31.71854804000003,33.93684302000005
2026-02-12,12.992440870298154,77.4973021009961,35.30746904,33.89148589459998
2026-02-12,12.826018572543456,77.70916892505109,32.30644748000003,34.38159578240006
2026-02-12,12.945248355165416,77.46451169721813,33.33868952,33.703768236200006
2026-02-28,13.070201554455403,77.53957021239319,35.266452800000025,34.13498563940003
2026-02-28,13.011785526686555,77.46989306919154,38.64345656,34.48116270500003
2026-02-28,12.980591799468236,77.59640932303269,34.169268380000005,33.69546244760004
2026-02-28,13.115743720384376,77.45437828254846,41.81196110000002,36.10513236740001
2026-02-28,13.054584027990186,77.49768671764754,36.756709520000015,33.460200131000015
2026-02-28,13.003794588832124,77.51348058539998,43.09030058000002,36.535358544800026
2026-02-28,13.031188962805228,77.70258804757547,38.84853776,34.04037484580001
2026-02-28,12.826957951370137,77.5800450456286,36.63024278,34.487383501400046
2026-02-28,12.917630035606138,77.50030393000311,39.197175800000025,33.877301111600026
2026-02-28,13.032448364361349,77.7299265442559,36.13804790000006,34.903253994800025
2026-02-28,12.824903176912668,77.48921050943369,37.771861460000025,36.37748020100004
2026-02-28,12.885523050454552,77.55765032244794,37.29675668000005,35.83756976180003
2026-02-28,12.90061469653887,77.45342124913884,40.9061858,36.747258694700015
2026-02-28,13.092923005136647,77.59406409865925,36.38756336000006,34.29334250600001
2026-02-28,13.08762278983915,77.50536577364993,39.32706056000001,36.68489691980003
2026-02-28,13.079098055256248,77.62722092830984,36.985716860000025,34.20539685140003
2026-02-28,13.115734199505903,77.69893004052552,38.67080071999999,35.42033206040001
2026-02-28,13.12176906353447,77.60287873228768,36.13121186000001,34.368009152900015
2026-02-28,13.126059660312665,77.5572430567515,38.30507258,35.19646884050002
2026-02-28,12.885312658139858,77.47540606053391,37.58045234000002,35.239689703400025
2026-02-28,13.077903914442322,77.66090258128001,35.611672820000024,34.990157153300025
2026-02-28,12.88133381824112,77.72211603422433,38.80752152000002,34.24369576550002
2026-02-28,12.942963084978476,77.45674380093908,40.99163629999998,36.190548687200035
2026-02-28,12.923947465004929,77.71909545810067,38.527243880000015,36.02817564710003
2026-02-28,12.847839039027924,77.516992347445,39.27237223999998,40.23657859190001
2026-02-28,13.136068093048952,77.52172476692529,39.88761584000002,37.073474523500025
2026-02-28,12.946184719059854,77.68263210256012,37.89491018000001,34.01147548669999
2026-02-28,12.934394084785517,77.74596516780345,38.21962208000002,35.69192792960004
2026-02-28,13.027055546387537,77.70333901957896,36.15855601999999,34.312585958600025
2026-02-28,13.096702111256848,77.6829151312498,40.22258180000006,35.159878936400034
2026-02-28,13.036840734460014,77.66530704361432,36.59606258000002,33.98002970270004
2026-02-28,13.09776065084336,77.68735433277402,44.11912460000002,37.73381889740003
2026-02-28,12.897546516081285,77.551796459646,35.854352240000026,33.94084210340005
2026-02-28,13.066909934500774,77.59990265053163,35.922712639999986,34.038529115
2026-02-28,13.014026738895586,77.5346957728773,34.7195696,36.904026182000024
2026-02-28,13.072975462614794,77.52945256317136,39.14248748,34.81867508990003
2026-02-28,12.94053124828136,77.56987661728512,35.06137160000003,33.74992859630005
2026-02-28,13.042438051044671,77.68150719547145,37.61121452000003,34.82523768830002
2026-02-28,13.080001036672762,77.52418889357013,36.68493110000003,34.607749075700006
2026-02-28,12.850223351870495,77.55572711108941,38.00428682000006,34.58083216820003
2026-02-28,13.1410753926558,77.64251045171721,39.26553620000004,34.39229418500002
2026-02-28,12.986975641610568,77.45777066982143,39.491125520000026,36.10643121500003
2026-02-28,12.811365185709445,77.62118044181123,44.00632994,35.1225370679
2026-02-28,13.02745231321059,77.67784226156215,41.18304541999999,34.27194570080003
2026-02-28,13.008128191251634,77.49522648205357,36.42857960000004,34.26334938050004
2026-02-28,13.006788695135464,77.65136098599729,36.1893182,34.86447655790002
2026-02-28,13.093148737227912,77.71607466511905,37.51550996000003,35.236049512100024
2026-02-28,12.892855337990568,77.52148870482206,38.246966240000006,34.786323530600015
2026-02-28,13.073148621482709,77.7029329009562,40.93011194000002,37.01412060620003
2026-02-28,13.000655045517725,77.59464627405364,34.856290400000034,34.261947992300016
2026-02-28,12.89251254751935,77.50987213025321,39.86368970000001,36.113438156000036
2026-02-28,12.807312919357312,77.6987517009121,37.836803840000016,35.37220633880003
2026-02-28,12.941573516301895,77.5709684775115,34.19661254000005,35.969915496200024
2026-02-28,13.08291344113094,77.61800142634695,37.24206836000002,34.27512445940002
2026-02-28,12.834657182334023,77.61502556619791,39.05361896,37.38724875950002
2026-02-28,12.992021843844114,77.62483007722045,36.65416892000002,34.281413616200005
2026-02-28,12.957433506748826,77.5946321911161,37.82313176000002,34.5506852318
2026-02-28,13.12104153329913,77.60324551873747,36.97204478000003,36.70948957370006
2026-02-28,12.956607546646952,77.46390903684924,41.92133774000001,38.027700257000035
2026-02-28,12.976062199603968,77.65921988859411,39.634682360000056,34.36812878359999
2026-02-28,13.12725504402769,77.45496527345509,37.04040517999999,35.31119468180001
2026-02-28,13.062328520198742,77.62598391903371,35.94322076000003,33.580411894400015
2026-02-28,12.999091027132042,77.47553337873268,40.34904854000001,33.38008174220005
2026-02-28,13.047007032629995,77.68538038342604,28.338126260000024,28.24339583570002
2026-02-28,12.870995564623554,77.51802916863373,39.45352730000002,37.338661605200016
2026-02-28,12.875243445274778,77.74087587270446,40.04142674000002,36.807655108100036
2026-02-28,13.126909640574826,77.62684166348986,34.955412980000006,36.071772492200026
2026-02-28,12.884964204770268,77.5401818588458,37.92225434,34.781880104600056
2026-02-28,12.963324688819457,77.59348821824537,35.78257382000004,33.764677352600046
2026-02-28,12.992883949204066,77.57980368636608,35.00668328000006,34.32931716650001
2026-02-28,13.001396507034723,77.4921634237526,39.27579026000001,34.49755211090003
2026-02-28,13.082574624712748,77.5669126547157,38.09315534000001,34.81905107210001
2026-02-28,12.8784140883573,77.59681930847687,37.44031352000002,35.967830504000034
2026-02-28,13.03434410989761,77.50214331726447,35.28354290000004,34.81636792640001
2026-02-28,12.945602071846258,77.72930572398684,30.47780678000004,34.0369739159
2026-02-28,12.965689180012475,77.65594774011485,35.43393578000001,34.89392280020001
2026-02-28,12.948784373323477,77.63885901376503,37.09851151999999,37.338405253700024
2026-02-28,12.94162378370536,77.58341813656325,35.608254800000054,35.539945670300014
2026-02-28,13.070808633488218,77.60241901010657,36.70202119999999,33.97256132900001
2026-02-28,12.897781655400246,77.58031954227481,31.075960280000004,30.223215560300037
2026-02-28,12.883695945379657,77.59213149486288,35.36899340000002,34.05389311490001
2026-02-28,13.036121466778242,77.59418642377634,36.312366920000045,34.11522948380001
2026-02-28,13.059181394240971,77.63872557910146,36.60289862000002,33.684473513299984
2026-02-28,12.83629567784688,77.64777843865284,39.330478579999976,35.44993211360002
2026-02-28,12.850249395058151,77.62178251177005,37.93250840000002,34.200594533300034
2026-02-28,13.149467137207758,77.64551067492276,41.48724920000001,37.645514350700026
2026-02-28,13.144560006402536,77.68017867515502,34.661463260000005,34.99680520220001
2026-02-28,12.831375043315331,77.60529624446701,40.29436022000005,37.883425632800034
2026-02-28,13.14067613315214,77.48749956174471,31.42459832000003,30.564932109800015
2026-02-28,12.893367066158143,77.70597904379268,36.035507300000006,33.61479717560002
2026-02-28,13.02071792766952,77.57869804464485,31.99882567999998,33.95748786080001
2026-02-28,12.952585734250874,77.55007461960726,38.16151574000003,34.301545754
2026-02-28,13.137854912683386,77.5509648641719,40.448171119999984,35.077385023700025
2026-02-28,12.842348150357328,77.66355751536673,35.43393578000001,34.31012498420003
2026-02-28,13.11668778866962,77.71854036257011,39.32022452000001,36.147037292600025
2026-02-28,13.104826990812011,77.51459469016987,43.74656042000004,37.428846062900014
2026-02-28,13.015375249638865,77.63003304444703,35.628762919999986,34.42924298120003
2026-02-28,13.14015589196126,77.66187088204032,28.74828866000001,28.76724158090004
2026-02-28,12.945127310293556,77.7194762899701,38.94766034000003,35.53027267370002
2026-02-28,13.139406245785576,77.68635841470285,35.854352240000026,32.50766631740003
2026-02-28,12.998622997599632,77.70646546728535,37.23523232000002,33.21116319380003
2026-02-28,13.117772840582653,77.59659586961567,36.25767860000002,34.1793857192
2026-02-28,12.95461390036234,77.62626028964482,38.55458804,36.366012743900015
2026-02-28,12.95272616088206,77.68163538936848,42.83053106,37.405295905100026
2026-02-28,13.063279344104773,77.58098278517633,34.32649730000003,34.447358487200034
2026-02-28,12.812143371473343,77.60607631822094,36.51061207999999,31.803332026100023
2026-02-28,12.882579764577413,77.45383680955351,40.87884164000002,38.17146217820002
2026-02-28,12.990373498482304,77.7113881063965,36.527702180000006,33.921769551800004
2026-02-28,12.9119310115978,77.48983554766441,36.380727320000005,34.57898643740002
2026-02-28,12.977816114366968,77.6593682555123,37.81287770000006,34.40386418270002
2026-02-28,12.88280569968814,77.5995457113232,29.71558832000005,28.279455946700033
2026-02-28,13.094040380798344,77.70897498943651,38.53066190000004,35.4290651015
2026-02-28,13.019043754993977,77.54258647479797,35.529640340000014,34.426252213699996
2026-02-28,12.929969917955844,77.53716815714073,36.69518516000005,35.04763115960001
2026-02-28,12.974001971676552,77.53754922508224,35.16049418,34.22593915160001
2026-02-28,13.058532089137376,77.59345296230363,37.66932086000003,33.79494391970001
2026-02-28,12.876885831222056,77.59129462337175,35.22201854000002,34.0843818533
2026-02-28,13.090807569317215,77.53537952868533,38.71865300000002,36.15978650720003
2026-02-28,12.922395841181563,77.66704292279216,30.628199660000007,28.88822239880007
2026-02-28,12.896285580352975,77.66023833218267,36.12437582000001,34.62895788980002
2026-02-28,13.037126306389972,77.53133361452566,34.32649730000003,35.038846848200045
2026-02-28,13.129899316549771,77.73135353406578,41.10101294000003,37.0459765526
2026-02-28,13.127633240275433,77.51136563084766,37.42322342,34.75677474770002
2026-02-28,12.95773111564773,77.60767519400224,35.474952020000046,32.87216397019999
2026-02-28,12.919261233644956,77.71528086003727,38.40761318,35.39327843209999
2026-02-28,13.06295689266259,77.58294454438753,34.60335692000001,34.357601282000026
2026-02-28,13.048697054076277,77.64610366121721,37.94959849999998,33.618915889700034
2026-02-28,13.00266354414771,77.73464515412915,39.52188769999998,34.61663592770001
2026-02-28,12.915038004414528,77.61992722555432,35.01693734000003,34.21978671560002
2026-02-28,13.0931645475957,77.74749500336605,40.86858758000005,35.549857928300014
2026-02-28,12.912660146050998,77.55026874022401,36.90710239999999,34.266323057900024
2026-02-28,12.812513297008453,77.51343033432218,38.13417158000004,38.78111731550001
2026-02-28,12.956538960013631,77.71099402375297,35.68345124000001,33.307995700400035
2026-02-28,13.126424727462432,77.48157609175054,34.00862144000001,34.468157138900025
2026-02-28,12.937463832050035,77.69918189729461,35.96372888000002,33.88538472890003
2026-02-28,13.100047913779791,77.64949700506115,30.32741390000001,29.140079202500043
2026-02-28,12.914316410125291,77.45027392994547,41.029234520000045,37.450789751300036
2026-02-28,13.106200774854058,77.47612852646095,37.34119094000005,33.94749015230001
2026-02-28,13.038279355520332,77.62831369525676,35.84068016000003,33.59093939600004
2026-02-28,13.133246635422948,77.60214067996752,37.70350106000001,34.63372602770001
2026-02-28,12.985679673133916,77.64727106533088,34.84945435999998,34.41883511030003
2026-02-28,13.134506305244017,77.71965641398837,39.019438760000014,36.8633004737
2026-02-28,12.806630429087493,77.67740245584781,37.95985256000006,34.69571182040004
2026-02-28,13.015532254624738,77.69893333005068,31.650187640000013,29.283106249400067
2026-02-28,12.987955344630093,77.67337157227591,36.20640830000002,33.25834895990003
2026-02-28,13.02356975734588,77.715321503075,37.706919080000034,34.2890528909
2026-02-28,12.898272135171576,77.4726044798097,38.86220983999999,34.89652049540004
2026-02-28,13.059288443015598,77.5022915983103,35.94663878000006,32.98846210070003
2026-02-28,12.900735590914843,77.530278785772,36.725947340000005,34.27271475530002
2026-02-28,13.075010540899132,77.50760418133714,38.937406280000005,36.873264002000035
2026-02-28,12.948780918437317,77.65181322532379,41.49408524,34.47340379959999
2026-02-28,12.825688079071856,77.65511324431246,37.26599450000003,34.87522623080003
2026-02-28,13.040278679501284,77.56784787120662,32.99688752000003,34.08113473430002
2026-02-28,12.871018908511314,77.58185058488924,35.58774668000001,33.48615999289999
2026-02-28,12.805537634703004,77.53550869523606,36.33971108000003,38.591759007499995
2026-02-28,12.851540932702454,77.67891192532832,34.94515892000004,33.21746944069999
2026-02-28,12.896436626862798,77.58696908438962,34.66488128000003,34.052491726700005
2026-02-28,13.080724114530309,77.65343333911123,36.45250573999999,34.76935306130004
2026-02-28,13.145354173584986,77.72780417542732,42.77584274000003,37.20992188190004
2026-02-28,12.98003606608105,77.63818350092338,34.31966126000003,33.149177401100005
2026-02-28,13.107195818809515,77.66336754264145,38.4964817,34.60463867750003
2026-02-28,12.984699694597264,77.70835713731793,35.94322076000003,34.40302676780002
2026-02-28,13.03591307203889,77.4657766354683,37.89832820000004,34.57582476890004
2026-02-28,13.002652514608425,77.6572463527238,36.82848794000006,37.26529380590002
2026-02-28,12.960389845241226,77.55493981751121,37.70350106000001,34.40529975110001
2026-02-28,13.05133476547609,77.59547414172366,35.65610708000003,33.25159837040003
2026-02-28,12.922108574282207,77.5565601764749,36.41490752000004,33.655830505699996
2026-02-28,13.026729698714226,77.5138892775616,39.54581384000005,33.50945379920005
2026-02-28,12.892195752875038,77.64275366206527,38.31190862000005,34.091046992300036
2026-02-28,13.060581456435104,77.55839635276583,35.95347482,33.949643504900024
2026-02-28,12.910295783812604,77.58929094059565,35.53647638000001,34.12425305660003
2026-02-28,13.054465374305936,77.52187029470126,34.35384146000001,34.95736125140004
2026-02-28,13.00498045732716,77.51776914188954,37.18054400000005,34.406547328399974
2026-02-28,12.885612415163603,77.59655062281894,36.50377604000005,33.98160199190005
2026-02-28,12.830837179932416,77.6521384331874,38.411031200000025,34.773335054600004
2026-02-28,12.829665769308512,77.61309849084793,39.51505166000004,37.18247518130002
2026-02-28,13.108193429562643,77.54217725221021,37.54969016000001,35.46914138600004
2026-02-28,12.869742183193342,77.61120402383911,36.312366920000045,34.6261038431
2026-02-28,13.019760251400172,77.65817447843085,36.493521980000025,33.38903695460003
2026-02-28,12.810869527669086,77.54027433126748,41.60004386000003,40.54324334629999
2026-02-28,12.885275996960424,77.72288872195286,35.66636114000005,34.220196878
2026-02-28,12.82155725157157,77.48179862831076,39.10147124000002,38.9139415727
2026-02-28,13.122492614561333,77.6386493978665,37.46765768,34.70365871690004
2026-02-28,12.88092519647208,77.53864415527137,38.33241673999999,34.8649379906
2026-02-28,12.824286237108849,77.46246570202467,40.16105744000004,39.43595867720001
2026-02-28,12.970220508033329,77.52142957464797,36.42174355999998,34.44228272750001
2026-02-28,12.89417622289241,77.47945948336572,33.38995982000006,32.07120225350002
2026-02-28,12.827102634680648,77.5225262910758,39.340732640000056,40.399225073600014
2026-02-28,13.095677507772074,77.48953206635302,36.89343031999999,35.066652440900015
2026-02-28,12.82969900365712,77.47085549628258,40.69426856000001,38.75746461710002
2026-02-28,12.955184244520206,77.67203034139249,39.52872374000003,33.451125287900034
2026-02-28,13.133319266425705,77.4511655434856,40.03459070000002,36.854499072200014
2026-02-28,12.96769373484342,77.50319691812854,35.66636114000005,33.9515234159
2026-02-28,13.07239690944188,77.56947494143154,34.83578227999999,34.23453547189998
2026-02-28,12.94726945173174,77.6287074683618,35.19809240000001,34.58469453080003
2026-02-28,12.950573165408194,77.49019347346126,36.54137426,34.479898037600016
2026-02-28,13.110210228059051,77.61490717896034,36.73278338,34.4378051213
2026-02-28,12.95402949464639,77.5393677212385,36.58580852,34.142898355700005
2026-02-28,12.846318771734126,77.5943332042058,37.13952776000002,35.55828334759999
2026-02-28,12.982579072930374,77.73912645857772,34.04280163999999,34.67691271040002
2026-02-28,12.934769527868744,77.70114801893365,35.5569845,34.3316414201
2026-02-28,12.973679831526882,77.62361038710563,35.69370530000003,32.0818664759
2026-02-28,12.975580093431294,77.61934064790702,35.36557538,34.17446377040002
2026-02-28,13.144072255495892,77.48550179188261,28.21507754000004,28.121851044500055
2026-02-28,12.897909730791138,77.59622380334645,36.76012753999999,34.46378207330003
2026-02-28,13.079228975109206,77.72450954913202,38.233294160000014,34.34804791610002
2026-02-28,12.939138686203346,77.74689132076332,37.94618048000001,35.70999216530002
2026-02-28,13.110432844545064,77.52467209653457,39.70646078000004,36.36373976060001
2026-02-28,13.14785716610625,77.58218685170677,39.63126434000003,34.68644898620003
2026-02-28,13.134241937797306,77.58991445754901,41.22406166000002,37.73029833680002
2026-02-28,12.849738108181093,77.6644467972286,36.43541564000003,34.479419514800036
2026-02-28,13.126232236989658,77.6160552279467,38.325580700000046,34.7728736219
2026-02-28,12.82620425119629,77.57484793869222,39.89103385999999,36.79042828730002
2026-02-28,12.98366794403543,77.48471173627846,35.741557580000006,34.17097739000002
2026-02-28,12.901094104892744,77.60119666214608,37.768443440000055,34.19305779920003
2026-02-28,12.855741875082426,77.73614083010798,44.65233572,38.05357466840001
2026-02-28,13.129505572557196,77.63630739272291,40.49260537999999,37.164974918900015
2026-02-28,12.950355837818792,77.48083418558069,37.66932086000003,34.60050287330003
2026-02-28,13.061920306501046,77.65970891050158,35.83726214000001,34.90986786350003
2026-02-28,13.10139573217976,77.45072682387699,40.448171119999984,37.40010051470003
2026-02-28,13.143277995280426,77.63332538677751,40.98480026000004,36.52370309660002
2026-02-28,12.917552612889148,77.4614001156095,40.766046980000056,34.87994309840003
2026-02-28,12.834570430725451,77.61935561096436,39.016020740000044,37.45709599820002
2026-02-28,13.010353372423417,77.73189169760084,36.45250573999999,35.756425967000055
2026-02-28,12.876489464606989,77.67478702095578,36.81139784000004,33.738512409500025
2026-02-28,12.887567523838792,77.6704246722835,35.249362700000006,34.05045800479999
2026-02-28,13.101624211870329,77.62987372520979,38.54433398000003,34.44809336150001
2026-02-28,12.931916894367175,77.52262841970425,34.41878384000006,34.55066814170006
2026-02-28,12.946250112964378,77.49726871987174,36.66784100000001,35.09546634950001
2026-02-28,13.113239619627006,77.53503657380642,45.33252170000003,38.10669069920001
2026-02-28,13.059153886135396,77.73243956117416,40.89593174000004,36.505177428200014
2026-02-28,12.819505605498648,77.72621091649816,31.024689980000005,31.417796460200023
2026-02-28,12.909546018365656,77.68298231844491,35.30405102000003,34.2484297232
2026-02-28,12.949715406716027,77.60720785142948,35.10922388000006,33.39127575770001
2026-02-28,12.9864474983532,77.56845722900128,39.41251106000004,34.88660823740002
2026-02-28,13.096219831964117,77.63892100054157,35.86460629999999,34.77342050510004
2026-02-28,12.94749504509898,77.7468916365703,37.891492159999984,37.795103996000016
2026-02-28,12.918669176893149,77.69759084530656,37.73426324000002,34.60906501340001
2026-02-28,12.801299024682644,77.66904276910321,38.34608881999998,35.06827600040002
2026-02-28,12.943836426831815,77.62308850820477,35.939802740000005,34.22122228400002
2026-02-28,12.892839568347354,77.47391630254687,40.06193486000001,35.775037085900024
2026-02-28,13.07356801959764,77.50202035225105,37.84022186000004,34.40295840740001
2026-02-28,12.870148863834569,77.49893635265585,35.28696092000001,35.80620942830002
2026-02-28,12.918344071461313,77.66426564316508,32.46025838000003,34.00609210520003
2026-02-28,12.988368120525305,77.7059198651301,39.145905500000026,33.927853627400026
2026-02-28,12.915676163651632,77.70623813588557,43.93796954000004,36.74233674590002
2026-02-28,12.929186336678535,77.5006947750877,35.84751620000003,33.74851011800001
2026-02-28,12.848152723968647,77.62453138892162,38.74941518000003,35.031839907200016
2026-02-28,12.96514702245012,77.55279507077442,37.573616300000026,35.15261564390002
2026-02-28,12.97049398498596,77.65241956116455,35.47153400000002,34.90492882459999
2026-02-28,13.018249668799632,77.58127569998977,38.95107836,35.327720808500025
2026-02-28,13.129791805634222,77.46033654817998,38.985258560000034,36.797999201600014
2026-02-28,13.050536682320436,77.69245586123252,35.85093422,35.40440408720001
2026-02-28,12.856120976725595,77.62659004325954,38.26063832,36.935557416500004
2026-02-28,12.874390787388544,77.67384959407265,36.56188238000004,34.7200481228
2026-02-28,12.855613200220327,77.72309543173519,39.48087146,33.196653698900015
2026-02-28,12.96799000817539,77.55349010882294,36.47301386000004,34.029044109500006
2026-02-28,13.104221365838988,77.50467816119745,43.11080870000001,37.99454546300003
2026-02-28,13.074982569913484,77.48096530480343,39.84318158000002,34.204661977100024
2026-02-28,12.972820558617425,77.7392306779203,37.43347748000002,37.447388821400025
2026-02-28,13.087760522120684,77.64538649431383,41.35052840000003,37.4769717845
2026-02-28,12.920842444371443,77.47767116952414,38.0692292,34.61865255950001
2026-02-28,13.093536079256186,77.48905339050285,35.70395936,34.29023210780001
2026-02-28,13.044532185059172,77.5500148293312,36.56871841999998,34.114306618400036
2026-02-28,12.9976609782628,77.63838223394008,35.31088706000003,33.95784675290001
2026-02-28,12.813612821385448,77.45185748695359,41.83246922000001,39.970588275500006
2026-02-28,12.887695597692902,77.69720845130553,39.20059382,34.382364836900024
2026-02-28,13.093507978071283,77.55479238093224,38.87929994000001,34.453903995500006
2026-02-28,12.867131148781642,77.5841503991357,35.70054134000003,34.38513343310003
2026-02-28,13.010492148478347,77.6101858932628,38.58193219999998,35.65263778970003
2026-02-28,12.936052555068782,77.56192455828396,36.2918588,34.22793869330006
2026-02-28,13.14361312747014,77.51102742887792,39.25870015999999,35.29841128700003
2026-02-28,12.833771548869388,77.61908230974765,39.48428948000003,35.1827625803
2026-02-28,12.99346283478785,77.71870588904933,36.48668594000003,34.88771909389999
2026-02-28,12.8801727555677,77.64456283909773,37.44373154000005,34.37258929970001
2026-02-28,12.93133894695154,77.53786748554649,35.762065699999994,34.393593032599995
2026-02-28,12.814534984144007,77.66598080300817,40.766046980000056,34.18895617520003
2026-02-28,12.837811264133755,77.5634615282396,39.54239582000002,34.661651251100025
2026-02-28,12.800640062638324,77.74755604955259,37.08483944,36.178175454800005
2026-02-28,12.985237435319464,77.68879625582534,37.50867391999998,33.757824222500034
2026-02-28,13.056375585453283,77.58018162147593,35.95005680000003,34.3354866926
2026-02-28,12.802494015377553,77.49698890625125,41.50775732,39.29129098069999
2026-02-28,13.14648363254777,77.59864997294514,43.16549702000003,34.52246947670002
2026-02-28,12.910582602431294,77.69506405384116,37.40955134000001,34.485965023100015
2026-02-28,12.901740450895096,77.45338298279766,41.92817378000001,37.598636206400045
2026-02-28,12.919267287876725,77.6303695689335,34.483726219999994,34.20163702940001
2026-02-28,12.970515401987296,77.50863990261091,36.60289862000002,33.765993290300045
2026-02-28,12.976163366038891,77.62170061593751,34.62044702000003,34.0773065519
2026-02-28,12.889616536489608,77.69907175220533,37.48816580000005,34.18121435990002
2026-02-28,12.951276999494327,77.52783181609668,36.86950418000004,33.977226926300034
2026-02-28,13.132846585282769,77.55345198541522,42.57759758000003,37.87539328580001
2026-02-28,13.022329544235369,77.73192370588409,27.712628600000016,28.07343479120004
2026-02-28,12.929464258858578,77.51087799592534,36.37047326000004,34.87478188820002
2026-02-28,12.871295082971546,77.56331457081974,38.15809772,33.73145419820003
2026-02-28,13.08599322142052,77.64945733319217,36.39098138000003,34.62314725580002
2026-02-28,12.893230628621946,77.68357433762182,37.63855868000002,34.22183752760003
2026-02-28,13.062340045494937,77.69954810066501,37.37878916,34.74072714380002
2026-02-28,12.979226873981563,77.72947578461849,36.39781742000002,34.337981847200005
2026-02-28,12.98746454372752,77.69604588295385,36.134629880000034,34.26196508240003
2026-02-28,12.944604167195314,77.49181182915711,35.78257382000004,33.56480863310002
2026-02-28,12.98245345094047,77.60185313655168,35.628762919999986,34.263332290400015
2026-02-28,12.836350164387463,77.62628552509575,39.99357445999999,35.7484107101
2026-02-28,12.907867259304496,77.63024706792758,36.40123544000005,34.416852658699995
2026-02-28,12.921260568117434,77.70884535989042,40.14396734000002,34.313337923000006
2026-02-28,13.058032958204745,77.62676195057767,38.62978448000001,34.100173105700016
2026-02-28,12.88459906316288,77.7262250942645,36.36021920000002,34.320413224400006
2026-02-28,12.929036043839398,77.4978614238227,36.42516158000001,34.82397302090003
2026-02-28,13.129327912051975,77.67036243641196,40.738702820000015,34.62169459730002
2026-02-28,13.042200491958216,77.53772836431757,35.73813956000004,34.25940156740003
2026-02-28,12.832959291894172,77.64883008255674,36.756709520000015,34.71461347099999
2026-02-28,12.879655366034934,77.67373188842137,38.95791440000005,36.55087635560003
2026-02-28,12.849201572359476,77.73329172179197,41.24798780000003,37.5763336259
2026-02-28,12.940167354103076,77.49749267453862,35.43051776000004,34.71317790260003
2026-02-28,13.114784185841255,77.70894832333583,40.89593174000004,36.0361567238
2026-02-28,12.981186815270048,77.7028784260958,38.17518782000002,35.63705161850006
2026-02-28,12.994830845352388,77.69857458440138,37.132691720000025,34.73674515050002
2026-02-28,13.030868880515802,77.72212927360154,38.16151574000003,34.76668700569999
2026-02-28,12.83414746954147,77.68571222334548,38.36317892,37.39406770940001
2026-02-28,13.067983238664128,77.49797102258113,36.319202959999984,34.06460860760002
2026-02-28,12.879798370338175,77.45992281887122,41.57953573999998,35.90281976360002
2026-02-28,12.906616338661808,77.68988890161985,35.83384411999998,34.11034171520002
2026-02-28,12.918185262874188,77.73536479937236,38.558006060000025,34.75831285670004
2026-02-28,12.936228790912615,77.56091436809061,34.808438120000005,33.4758033923
2026-02-28,12.862058458241176,77.49940389191434,33.50959052000002,35.77647265430003
2026-02-28,12.83934264238536,77.61039626433066,36.27818672000001,35.5575142931
2026-02-28,12.976047558176774,77.56331417075059,37.07458538000003,34.29211201880004
2026-02-28,12.815897388652925,77.49321751199152,41.00530838000003,39.962692649300024
2026-02-28,12.835599100190104,77.72567195961909,37.35144500000001,35.25310543190005
2026-02-28,13.072508485044002,77.45429974180182,37.94276246000004,34.26456277760003
2026-02-28,12.908857544085585,77.51963772907337,35.56382054000005,34.57013376560001
2026-02-28,12.896574402853032,77.64320875300912,37.11901964000003,34.78502468300003
2026-02-28,12.889579792149814,77.68728686743563,34.53841454000002,32.27662525550002
2026-02-28,13.003483262305174,77.51167081894657,40.3763927,33.19128740750004
2026-02-28,12.812757662733915,77.52367232050591,40.58147389999999,38.92628062489999
2026-02-28,13.10214457272978,77.49700438693895,42.64595798000005,36.88133052920001
2026-02-28,12.922001346214344,77.54948201466122,36.67809506000003,34.2460200191
2026-02-28,13.132504993557172,77.61029912203476,40.94036600000004,33.642414777199996
2026-02-28,12.85731767974784,77.63649887361848,38.97158648000004,34.62735142040002
2026-02-28,13.010678112779177,77.5124071285603,41.2138076,34.26516093110004
2026-02-28,12.921185775410342,77.45313114025525,43.29196376000005,37.83943571540003
2026-02-28,12.841592035249985,77.5352440867331,30.83328086000006,31.66667958650003
2026-02-28,12.868063422873186,77.64244736039322,36.42857960000004,34.38509925290002
2026-02-28,13.062363135254447,77.69719792490267,38.01112286,35.24117654210001
2026-02-28,12.855370500334374,77.72388015276738,39.07070906000001,38.345781198200015
2026-02-28,12.937752445648355,77.46522251403304,38.393941100000006,35.906699216300005
2026-02-28,12.855467393287578,77.60205555085528,36.38756336000006,33.91688178320001
2026-02-28,13.081039541281132,77.49994087776881,38.74599716,34.21436915390001
2026-02-28,12.910188734627544,77.54293527068836,36.09019562000003,34.937451284900014
2026-02-28,12.958164472736298,77.61217336084606,34.887052580000045,34.39061935520002
2026-02-28,12.939647045982737,77.634232348094,37.49158382000002,36.45696625610003
2026-02-28,13.019474060612538,77.69122550513285,36.89001230000002,33.9127972493
2026-02-28,12.921917171228246,77.72475329828814,38.15467970000003,34.59062479550002
2026-02-28,12.831574735456304,77.74220171813695,39.76798514000001,36.239921986100015
2026-02-28,13.02142389987778,77.60406505519431,35.82700808000004,34.15590392180002
2026-02-28,12.800176434504332,77.48532555090526,36.69860318000002,38.22859438250002
2026-02-28,12.817463959968949,77.62115247844181,38.37343298000002,34.9377418166
2026-02-28,13.0979521678381,77.59704994111691,38.099991380000006,34.415963973500034
2026-02-28,13.025118537283966,77.71278581782634,35.96031086000005,34.695558009500026
2026-02-28,13.101334392418956,77.52327323875136,41.61371594000002,37.28643425960002
2026-02-28,12.936493985994414,77.58432658746312,35.31088706000003,33.53136330740002
2026-02-28,13.003550905038775,77.51455807288156,39.55264987999999,36.993407405000035
2026-02-28,13.029601125135734,77.45007490665627,40.23283586000002,35.38018741550001
2026-02-28,13.118624637592983,77.6867977061573,39.25870015999999,35.645938470500006
2026-02-28,12.863120589359566,77.46763302711257,37.41638738000006,34.21095113390002
2026-02-28,12.83246524783357,77.51707606703029,42.38960648,39.96747787730003
2026-02-28,12.9132522337699,77.57044757788685,35.621926880000046,33.84725671580003
2026-02-28,13.020598621975443,77.6718647710208,36.85241408000002,34.569740693300034
2026-02-28,12.874379359601075,77.67063204791008,35.82700808000004,34.642356528200004
2026-02-28,12.843024790532702,77.73997127674757,37.14636380000002,34.65972006980002
2026-02-28,13.067657293120812,77.60730312058891,39.97648436000003,33.55874164760003
2026-02-28,13.12584299991182,77.63764611479951,39.09805322,36.44107246310003
2026-02-28,12.961160446156583,77.49188425279578,36.70543922000002,33.10016299430005
2026-02-28,12.90295735072086,77.50205177231729,36.01158115999999,35.62847238830003
2026-02-28,13.139764819191653,77.46690432854933,37.03356914000005,34.975220405900025
2026-02-28,12.88085439857362,77.6683631284796,36.74645545999999,34.421620796600024
2026-02-28,12.823467003989496,77.73138156883901,29.630137820000016,28.45039112690001
2026-02-28,12.95199197976788,77.70092166744534,39.79191128000002,35.51779690070004
2026-02-28,13.08662300260892,77.57939500240862,35.22885458000002,34.59077860640003
2026-02-28,13.069251469400976,77.46149468554202,38.76308726000002,34.29740994980003
2026-02-28,12.839568049881697,77.52458861555112,39.00918469999999,37.880024702899995
2026-02-28,13.073684524101072,77.64435533361792,37.7616074,34.531698130700015
2026-02-28,13.075923658230122,77.56735007777229,37.474493720000055,34.802798387000024
2026-02-28,12.862333379040034,77.65056558119294,38.04530306000004,34.71211831640001
2026-02-28,12.823913648093544,77.50271884299978,37.17712598000003,39.19194622939999
2026-02-28,13.064479472663637,77.63872940222349,36.85241408000002,34.23031421720002
2026-02-28,12.800503694575363,77.74482552544109,37.89491018000001,35.894274713600005
2026-02-28,13.139098548327576,77.52978307405232,40.656670340000005,36.71102768270002
2026-02-28,12.826422376666898,77.58386549503805,41.206971560000056,36.066970174100014
2026-02-28,12.92139181139426,77.49063169017748,36.9241925,34.96913633029999
2026-02-28,13.146548659110412,77.64297023788595,38.11366346,34.37952788030003
2026-02-28,12.843765342975834,77.6331480126527,37.047241220000046,37.11589215170002
2026-02-28,12.869209336992894,77.74695973362869,39.15615955999999,35.23794651319999
2026-02-28,12.806802390768096,77.61053854150515,38.05897514000003,35.31175865510002
2026-02-28,12.971322663787577,77.74504710456185,35.86802432000002,34.221991338500004
2026-02-28,13.083418038746782,77.59516564361195,37.21472419999998,34.86613429760001
2026-02-28,13.08187695915858,77.67028392191266,39.10147124000002,35.225180208500035
2026-02-28,12.976946638570787,77.52942475348324,34.47005414,34.30171665499999
2026-02-28,13.119439932572831,77.59729729264575,33.84797450000002,34.111657652899986
2026-02-28,12.901578819764683,77.73655200391843,42.868129280000005,36.65618555180001
2026-02-28,12.871542289274796,77.60189409437798,37.40271530000001,34.3610876624
2026-02-28,12.959014660255397,77.52903468166383,34.94515892000004,34.27638912680001
2026-02-28,13.146013301628985,77.67337787572875,39.66886255999998,34.62929969180002
2026-02-28,13.02725845548091,77.67871764488903,38.51357180000002,34.76921634050001
2026-02-28,13.127784354089188,77.51219913218489,36.76696358000004,34.56642521390002
2026-02-28,12.88881907577388,77.53155003064353,33.318181400000014,34.96086472190003
2026-02-28,12.872861105368909,77.55838813297099,39.084381140000005,33.97206571610001
2026-02-28,12.911878975794082,77.49823822922922,35.06137160000003,37.62193001270004
2026-02-28,12.999356287294695,77.53794029850812,34.19661254000005,34.51067730770003
2026-02-28,12.936624676468846,77.54050001253552,35.42368171999999,34.87442299610001
2026-02-28,13.06911823023426,77.73007687383952,38.11366346,35.13453431810002
2026-02-28,13.00665140717296,77.67379340429132,36.14146592000003,34.7240984765
2026-02-28,12.940136845638484,77.47997398819018,38.325580700000046,35.04445240100002
2026-02-28,12.911249178819729,77.73972821219853,36.83190596000003,34.242960891200006
2026-02-28,13.13898613640776,77.56123090018947,39.13906946000003,34.920549176000016
2026-02-28,13.009124957001552,77.72172383546194,43.54489724000001,37.231951020800004
2026-02-28,13.043927634610773,77.51266788807153,37.279666580000026,35.01034056140001
2026-02-28,13.140178613877689,77.62859938996007,34.95883100000003,34.049159157199995
2026-02-28,12.905115576134332,77.58775092824509,34.483726219999994,33.451381639400005
2026-02-28,12.849669324484026,77.51132759503943,34.16243234000001,36.41977819850003
2026-02-28,13.123479401471643,77.50659870288004,40.54729370000001,38.242762075400016
2026-02-28,13.115997726859682,77.7128633412068,40.048262780000016,37.016103057799995
2026-02-28,13.126316922126044,77.50197090605778,38.77334131999999,34.1530498751
2026-02-28,13.128638332800842,77.7418072959939,42.02387834000001,37.42814536880003
2026-02-28,13.131594500903237,77.47355194742039,35.32455914000002,32.30571260570004
2026-02-28,13.036047550818813,77.55356853599189,35.61509083999999,34.79461222909998
2026-02-28,12.825549105003615,77.52971740191698,33.205386739999994,37.033603320200015
2026-02-28,12.913429286482868,77.54527028398897,36.086777600000005,34.8904193297
2026-02-28,13.109224715384158,77.73829642406959,36.74987348000002,34.93751964530002
2026-02-28,13.094314017419102,77.54348996809254,36.06626948000002,36.92583314960004
2026-02-28,12.812961402132355,77.62296966193469,39.61417424000001,34.76793458300005
2026-02-28,13.07386358447601,77.46442791181794,38.04872108000001,35.2205487914
2026-02-28,13.06817503841354,77.66350532631675,41.083922840000014,34.843096842800016
2026-02-28,12.905584678410172,77.58722615516903,35.40317360000006,33.256469048900016
2026-02-28,12.864803974283255,77.70719310317835,38.88955400000003,34.648543144400016
2026-02-28,13.007180017148126,77.47140357375231,38.67763676000004,34.56902290910003
2026-02-28,12.823742010299922,77.56382822320987,41.059996700000056,37.09006901060003
2026-02-28,13.14884617136424,77.6940094618833,33.755687960000046,30.910818643700054
2026-02-28,13.113356890021402,77.54867694856205,39.22110194000004,34.7629955441
2026-02-28,12.87149069882314,77.59150943764809,34.746913759999984,34.4335838666
2026-02-28,12.859672132769887,77.45408068786234,42.164017160000014,36.321510123500026
2026-02-28,12.983567969147982,77.48552623935882,36.62682475999998,34.28628429470001
2026-02-28,12.860615993609594,77.61780324347994,37.84705789999998,37.50139353740002
2026-02-28,12.883566380859325,77.60239802843826,36.61998872000004,34.18377787490001
2026-02-28,12.876267581100482,77.7421225268561,40.83098935999999,36.35772404540002
2026-02-28,13.046175922362217,77.50796432393601,36.77721764,34.02266950220002
2026-02-28,13.119283188603363,77.64277842462076,40.92669392000005,35.424553315100034
2026-02-28,13.071068041504668,77.69730941330393,39.99357445999999,36.29980569650003
2026-02-28,12.880377667146693,77.4993169930194,37.67957492000005,35.0566034621
2026-02-28,12.898873823537398,77.66910849311638,35.31088706000003,34.52838265130001
2026-02-28,13.13936857678677,77.45619065416471,38.63320250000004,34.144128842899995
2026-02-28,13.078473353107764,77.66232586066589,35.509132220000026,34.85435921870002
2026-02-28,13.01770281107256,77.65217432774119,36.72936536000003,34.47196823120002
2026-02-28,12.918411322394697,77.67957762300168,29.650645940000004,28.30835530580005
2026-02-28,12.977413749360949,77.60127951344572,34.12141610000003,34.24039737620002
2026-02-28,12.833182419744622,77.49084006939589,44.19432103999998,39.831030518900036
2026-02-28,12.88252032486123,77.52639640795324,34.073563820000004,34.16947346120002
2026-02-28,12.8625231828987,77.60633704773099,35.94322076000003,33.87231080240004
2026-02-28,13.106583668276931,77.62467107886046,36.42174355999998,33.65538616309999
2026-02-28,12.880404351769933,77.54927805549832,34.55550463999998,35.148360209
2026-02-28,13.1221141755723,77.63190439900615,35.88169640000001,35.764082331800026
2026-02-28,12.99303882791774,77.53062990333002,34.76400386,34.301272312400016
2026-02-28,12.892311619219669,77.66647342224587,37.12243766000006,34.03883673680002
2026-02-28,13.029962452685764,77.56011101693905,35.758647680000024,35.53570732550004
2026-02-28,12.937830047037078,77.71015838125672,35.78257382000004,34.1804111252
2026-02-28,13.073120851406896,77.57344904042365,36.07310552000001,34.476001494799995
2026-02-28,12.921942865635438,77.74582624155727,44.67967987999998,34.605732443900024
2026-02-28,12.985929808336724,77.595756516958,34.79476604000001,34.3654285478
2026-02-28,12.93133255194792,77.71382584533967,36.81139784000004,33.935458721900034
2026-02-28,12.856763791347651,77.62696970651481,38.92715222000004,35.91334726520002
2026-02-28,12.807159727972955,77.61345931478408,38.5990223,34.58980447070004
2026-02-28,12.830411295078816,77.6837775115638,36.73278338,34.862887178600026
2026-02-28,12.83056535718516,77.56103482817191,39.35440472000005,35.466321519500006
2026-02-28,13.025854571522103,77.55781075707708,35.44077182000001,33.01554990920001
2026-02-28,13.125072096866756,77.57368521944393,36.04234334,34.561451994800024
2026-02-28,13.00759042568763,77.54927300424838,35.80649996,34.09731905900001
2026-02-28,13.00273222400208,77.56525346105008,34.86996248000003,34.40218935290003
2026-02-28,12.977221372081232,77.6268913080243,36.13121186000001,33.66475153790004
2026-02-28,13.027144844412891,77.58033090612638,35.85777026000005,34.30592081959999
2026-02-28,12.902395713358304,77.64829553399944,38.20253198,35.957303002400046
2026-02-28,13.105897665145374,77.62481224911879,37.050659240000016,33.64060322660005
2026-02-28,12.97086292703652,77.74401534485794,36.45592376000002,34.61644793660005
2026-02-28,13.051151637443263,77.67214854761852,37.741099280000014,36.326039000000065
2026-02-28,12.86497955093152,77.4876761085186,39.83292752,36.70456762490001
2026-02-28,13.097274766636902,77.5500480619681,40.89251372000001,35.929258148300015
2026-02-28,12.840245208011028,77.59721183647589,40.26701606000006,37.29574836410002
2026-02-28,12.858092617975458,77.6989133731518,39.50137958000005,34.59412826600004
2026-02-28,13.042744336112404,77.51153573928568,36.68151308000006,34.21442042420003
2026-02-28,12.84088337510034,77.67712913880666,35.78940985999998,34.93051270430001
2026-02-28,13.057460307665574,77.63310791027054,39.19033976000003,34.01484223640003
2026-02-28,12.893448518498795,77.65223318620191,41.15570126,35.82808475630004
2026-02-28,13.05140350962105,77.6175403336591,35.98423700000001,34.709964963800054
2026-02-28,12.833835130546555,77.49635716480356,38.69814488000003,39.22072595779999
2026-02-28,13.059526813279543,77.6611871177566,37.08483944,34.27288565630005
2026-02-28,13.108035507936952,77.73914355817942,36.84557804000002,36.834674556200014
2026-02-28,12.878173669861289,77.68016365104772,37.77527948,34.086552295999994
2026-02-28,12.821379197401187,77.68847323570616,39.82267346000003,35.25155023280001
2026-02-28,13.111510506490252,77.67019002443946,39.193757780000055,35.006768730500035
2026-02-28,12.800441274022871,77.61563056695618,35.83726214000001,35.59856471330002
2026-02-28,13.112745605225298,77.60577232309373,37.60437848000004,33.787253374700015
2026-02-28,12.9197321781434,77.50941355960357,35.61509083999999,33.55515272660004
2026-02-28,12.930567690677334,77.57580511089391,33.99494936000002,34.23215994800004
2026-02-28,12.901348607268526,77.45756519089772,40.936947980000014,37.76145358910006
2026-02-28,13.09093899052056,77.62220895339668,38.67080071999999,36.44930989130004
2026-02-28,13.052933788952892,77.4968546152086,36.77379961999998,34.27573970300002
2026-02-28,13.12822037358614,77.48851003042452,37.95643454000003,34.26782698670004
2026-02-28,12.910650275951271,77.61096490355742,33.89582677999999,32.68888973780002
2026-02-28,12.979559671097329,77.6326739299652,34.19319452000002,34.79464640930003
2026-02-28,12.81700429523125,77.47207712449978,44.173812920000046,40.395208900100045
2026-02-28,12.807918287358916,77.5032083662765,36.93102854000006,38.25433207310001
2026-02-28,13.00718004067348,77.59716727961306,35.6595251,34.709691522199975
2026-02-28,12.881471115940132,77.60807940044609,34.83236426000002,33.4195086029
2026-02-28,12.840908282129504,77.50322075769817,37.78895155999999,39.614721123200034
2026-02-28,13.091085986078872,77.58357058408683,35.94322076000003,34.43643791330001
2026-02-28,12.808804500181251,77.51239229814146,37.88123810000002,39.74043589880001
2026-02-28,12.890255155328228,77.56211317398504,38.79043142,34.43346423590003
2026-02-28,13.044717502446476,77.59216870662868,37.63855868000002,34.35655878590001
2026-02-28,12.878530067139923,77.64665515632714,37.04382320000002,33.70298209160002
2026-02-28,13.04288361129243,77.56232133960356,35.35532132000003,33.505984508900006
2026-02-28,13.124205924236025,77.4983962107228,36.1893182,34.904518662200005
2026-02-28,12.897184574103688,77.63001139422389,37.16003588000001,34.4144429546
2026-02-28,13.119553295927442,77.57949850250003,34.79476604000001,34.5193248983
2026-02-28,12.953008489927145,77.6509406535971,36.196154240000055,34.679066063000036
2026-02-28,12.860498254443865,77.73590230623417,39.4364372,34.6887561497
2026-02-28,12.80349608625411,77.46117862326663,40.33537646000002,40.31546649350002
2026-02-28,12.870810109881315,77.73484915682909,39.59708413999999,34.58228482670002
2026-02-28,12.858974174237789,77.45166996240977,41.818797140000015,36.80560429610002
2026-02-28,12.822836448851922,77.65122156811836,39.132233420000034,37.69642575860002
2026-02-28,13.097695766356749,77.71843623976966,40.3763927,37.481859553100016
2026-02-28,13.085727304542967,77.58416674686883,34.316243240000006,34.55497484689999
2026-02-28,13.139318890382196,77.63440794314344,34.53157850000002,34.16472241339998
2026-02-28,12.860745892718532,77.61411056300707,36.80114378000002,34.04938132849999
2026-02-28,12.869104917619042,77.46008295241005,43.74314240000001,37.590757670300015
2026-02-28,12.80069808208056,77.5781251574555,34.71273356000006,33.67526194940004
2026-02-28,13.06603853946556,77.64053770789383,38.38710506000001,33.70894653650002
2026-02-28,13.03845187904938,77.72098150407611,32.67217562000002,31.770467763799985
2026-02-28,12.83717028896536,77.50634325429061,39.74405899999999,39.16523440310002
2026-02-28,13.091476743965114,77.74746611392189,40.86858758000005,37.87023207560002
2026-02-28,12.820954581623331,77.52444769792868,37.48474778000002,37.63787507600001
2026-02-28,13.052948792910094,77.68307763800502,41.37445453999999,34.8044390366
2026-02-28,12.831224108588003,77.58345552311093,36.76354556000001,34.220231058200014
2026-02-28,13.134163425538093,77.73185232447767,43.28170970000002,35.622302862200016
2026-02-28,12.815455494216698,77.55736910111506,37.11901964000003,35.33592405650002
2026-02-28,13.04354619003622,77.45663656444482,41.94184586000006,36.484293326
2026-02-28,12.975516869398172,77.51391792637251,37.63514066000005,33.89124663320001
2026-02-28,13.13123885755508,77.56048458855899,40.59856400000001,36.06233875700003
2026-02-28,13.008125103928666,77.6721316704696,37.18738004,34.79695357280002
2026-02-28,12.81016487545098,77.63465105392042,44.16355886000002,37.81031418500002
2026-02-28,12.93685512307183,77.66315853415679,28.17064328000004,29.87100568940002
2026-02-28,12.860797275672317,77.673081394307,36.98229884,34.23217703810002
2026-02-28,13.13740960435724,77.56811154094369,36.84216002000005,34.069103303900015
2026-02-28,12.814429729295348,77.72905345361934,38.30507258,34.59653797010002
2026-02-28,13.065939720447805,77.64615481761754,35.707377380000025,33.52604828630002
2026-02-28,12.90800665024298,77.66861488481652,37.11901964000003,34.45055433590001
2026-02-28,13.114261474407794,77.58161538919674,37.31726480000003,34.37117082140001
2026-02-28,13.049269215290936,77.73628356894532,38.69472686000006,33.836541223100014
2026-02-28,12.851394709427542,77.69052495479869,41.36761850000005,36.321322132400034
2026-02-28,13.129016741296365,77.60027743466537,39.76798514000001,37.768238358800026
2026-02-28,13.136477894360723,77.5369106855731,38.56826011999999,34.8753458615
2026-02-28,12.844927842427028,77.56677957637348,41.93159179999998,37.88337436250002
2026-02-28,13.020217569159268,77.73466597102976,34.15559630000001,34.71803149100001
2026-02-28,12.9999713457829,77.5975607657089,33.10968218000005,33.2690644526
2026-02-28,12.915257464931004,77.4969534310338,37.412969360000034,34.72466244980001
2026-02-28,13.14123543476823,77.63497719233006,39.90812396000001,34.52224730540002
2026-02-28,12.890719330325288,77.62600710586754,37.365117080000005,34.13392605320002
2026-02-28,12.815651833306916,77.65652623124849,41.323184240000046,37.50616167530001
2026-02-28,13.125032285651583,77.7310799135648,38.64345656,35.49125597540004
2026-02-28,12.89772930123632,77.5724739496437,36.92077447999998,33.72167866100005
2026-02-28,13.084420767725293,77.5179635743606,41.63422406000001,37.04783937350004
2026-02-28,13.058303585096048,77.50962841772987,36.73961942000005,33.80967558590002
2026-02-28,13.071545945764914,77.53717554701971,37.327518860000055,37.59255213080002
2026-02-28,13.078650076212822,77.50470517182353,38.02137692000002,34.39895932400002
2026-02-28,13.024590957966698,77.65668715367238,35.61509083999999,34.4628933881
2026-02-28,12.877226765083536,77.5812427214711,36.148301960000026,33.95377930910003
2026-02-28,12.945705342766336,77.53572411514328,36.37389128000001,33.58328303120004
2026-02-28,12.95337672833534,77.67717571574299,42.17768924000001,36.76101622520004
2026-02-28,13.01955978174226,77.565404203414,31.25027929999999,33.852435016100024
2026-02-28,13.065466274392016,77.68246543074173,39.51846968000001,34.59570055520005
2026-02-28,13.026325505792052,77.54914956326523,35.80308194000003,35.79874105460003
2026-02-28,12.8829591697298,77.53376757311929,38.58535022000001,35.888891332100016
2026-02-28,12.920193114376351,77.65131424479617,35.55356648000003,34.35245716190003
2026-02-28,12.929812901864045,77.47564516082205,40.444753100000014,34.868612362100016
2026-02-28,12.89448920188298,77.62455065810698,37.08825746000002,33.26614204550004
2026-02-28,12.870283530866056,77.6433058710399,35.89195046000003,34.26266577650003
2026-02-28,12.847669967902682,77.73954804071852,39.57999404000003,35.66781379850002
2026-02-28,12.969544066113524,77.58706773568602,34.04621966000002,31.957023295400028
2026-02-28,12.842291511696642,77.57463143145029,40.56096578000006,36.99486006350003
2026-02-28,13.052536409311662,77.52750360742797,33.39679586,34.618515838700034
2026-02-28,13.0456473063432,77.50827915046447,36.59606258000002,34.377750509900004
2026-02-28,13.147010789112752,77.48697160234956,26.875213700000018,28.121030719700062
2026-02-28,12.913533945814594,77.5109834362146,36.17564612000001,34.613679340400026
2026-02-28,13.04694911316121,77.48964845089337,35.17074824000002,34.34430518420002
2026-02-28,12.8498729060397,77.53106760617837,37.11218359999998,39.70244460650001
2026-02-28,12.949637626041852,77.53071504874556,38.40077714000006,36.98390530940001
2026-02-28,12.985466943222388,77.48903306571155,36.71569327999998,34.47921443360002
2026-02-28,13.079700681293028,77.60476507660856,38.29481852000004,34.03974251209999
2026-02-28,13.111997074975797,77.46591056984339,39.23477402000003,34.50175627550002
2026-02-28,12.843250380121216,77.47199384776349,40.458425180000006,38.758712194399976
2026-02-28,13.091720912303677,77.45836289866146,38.86562786000002,35.37852967580005
2026-02-28,13.05326023612872,77.50760053770163,36.91052042000001,34.39113205820002
2026-02-28,12.808369297240109,77.471497947149,43.68161803999999,41.04880268450003
2026-02-28,12.967506537741349,77.71167303135012,36.30894890000002,33.514700459900034
2026-02-28,12.99907846489927,77.63614934770656,36.1893182,34.39484060990002
2026-02-28,13.066358405998104,77.56632261501969,35.92954868000004,36.234692415500035
2026-02-28,13.040215428674882,77.45388685403319,41.25140582000006,36.29312346740002
2026-02-28,12.99833452595126,77.55879239372642,35.266452800000025,35.30475171410003
2026-02-28,12.993210360265296,77.60317021115438,36.233752460000005,34.0382727635
2026-02-28,13.145703102488268,77.68581412923811,41.51459336000005,36.693271068800016
2026-02-28,12.897572429902755,77.69785507568028,40.49602340000001,37.06402369820001
2026-02-28,12.92058534964484,77.58883250494398,33.86848262000001,33.85805765900003
2026-02-28,13.143667534872131,77.7266349124616,40.72503074000002,37.816740062600005
2026-02-28,13.08691094895026,77.46118764002202,41.05657868000003,36.26123334080001
2026-02-28,13.133019362558862,77.70218141794923,38.98184054000001,35.233383456500036
2026-02-28,13.025770564397476,77.52288981203921,38.56826011999999,34.69408826090003
2026-02-28,13.140961219678465,77.72300865713075,39.40225700000002,36.42376019180001
2026-02-28,12.82650640104846,77.6779737112592,37.050659240000016,36.03701122880004
2026-02-28,12.885722023036056,77.60309503184646,38.14784366000004,34.205072139500025
2026-02-28,12.896483755964828,77.4836872853241,38.411031200000025,35.02442280380001
2026-02-28,12.931675258278457,77.60260268176661,37.07800340000006,33.97273223000001
2026-02-28,13.143755375124234,77.52538806829473,38.47939159999999,34.80086720569999
2026-02-28,13.049623239075766,77.46822516544876,40.33195844,36.710634610400014
2026-02-28,12.81738116902284,77.46048182661598,39.805583360000014,40.00591351220001
2026-02-28,12.999604560195843,77.52996814999116,35.78257382000004,34.3667103053
2026-02-28,13.10170939449475,77.709004316632,39.49796156000002,35.366207713700014
2026-02-28,12.887797923444586,77.58817976707947,34.05989174000001,33.51435865789999
2026-02-28,12.804378568549655,77.52063162525945,41.76069080000002,38.8555105208
2026-02-28,12.858205290576937,77.53792010614036,41.84272328000003,37.19113986200001
2026-02-28,12.99364532639322,77.5499310396487,35.14340407999998,33.66521297060004
2026-02-28,12.845790907478015,77.50053805708266,36.934446560000026,40.15929715969999
2026-02-28,12.992284803960656,77.65225999817326,37.101929540000015,35.63450519360003
2026-02-28,12.820171863843775,77.69247488817363,39.71329681999998,34.500013085300004
2026-02-28,12.965558763160088,77.70729205962152,31.216099100000008,29.035333979600047
2026-02-28,12.945004535759953,77.50837391383672,35.382665480000014,34.90776578120003
2026-02-28,12.95627761019317,77.45611459013928,43.99265786000001,37.712661353600026
2026-02-28,12.827428082332965,77.54418471091309,38.38710506000001,38.42292590960001
2026-02-28,13.129090408271544,77.51285344869818,37.11901964000003,35.72773168910001
2026-02-28,12.827485126057372,77.72828445958469,35.09555180000001,35.9198415032
2026-02-28,12.830143198538238,77.71560106738738,40.55071171999998,37.600242675800004
2026-02-28,12.863429242356764,77.61214261302347,34.64779118000001,34.337708405600054
2026-02-28,12.93760796743672,77.58287849023462,33.92317093999998,33.53888295140002
2026-02-28,12.805373788336404,77.62772477493537,38.95791440000005,34.73375438300007
2026-02-28,13.13866814905055,77.48938442059115,35.08529773999999,33.8869570181
2026-02-28,13.0800043871292,77.68230574929122,38.8041035,37.83943571540002
2026-02-28,13.104694685273689,77.70240284751448,35.854352240000026,35.194059136400035
2026-02-28,12.904356676399528,77.53279320598104,41.63422406000001,34.89530709830001
2026-02-28,12.943289896357983,77.58010261561468,34.808438120000005,33.55686173660002
2026-02-28,12.854384203511808,77.63295983649235,34.43245592000005,32.80409410190002
2026-02-28,13.105704477783018,77.58978749756328,37.43689549999999,35.96424158300004
2026-02-28,13.142356009189806,77.62054375624291,37.08483944,34.66583832560003
2026-02-28,12.955280629093,77.7413983152782,36.64391486,34.75096411370001
2026-02-28,13.142553753908496,77.66184577094714,33.335271499999976,34.10991446270002
2026-02-28,12.912622538540084,77.5447867189654,36.018417200000044,34.8874285622
2026-02-28,12.90409524932841,77.6398363043511,35.14340407999998,33.77954573960001
2026-02-28,12.927579585526198,77.59229681585786,35.16049418,33.962973782900015
2026-02-28,12.886857374085832,77.45801922826742,37.66932086000003,35.38346871470001
2026-02-28,12.931858999046538,77.49917549751646,37.17028994000003,34.96901669960004
2026-02-28,12.904338975796056,77.4754395105658,39.65519047999999,34.91986557200002
2026-02-28,13.082269929059956,77.4929432792818,37.197634100000016,34.461526180100016
2026-02-28,12.942186382553787,77.47038924493535,39.11172529999999,37.919537014100015
2026-02-28,12.92543832663182,77.45085343844318,42.45113084000002,38.21943408890001
2026-02-28,12.91814237595116,77.45908795660128,38.19911395999998,34.342237282100015
2026-02-28,13.053492351315002,77.46434437668178,39.52872374000003,34.51348008410003
2026-02-28,12.834963469697636,77.46353903773225,40.79339114000004,39.615985790600014
2026-02-28,13.141601364615449,77.5436950459547,37.05749528000001,35.41503412939999
2026-02-28,12.853597731536883,77.74476872785068,40.64641628000004,34.870902435500014
2026-02-28,12.924223199990475,77.49625365572632,40.00724653999998,34.72233819620001
2026-02-28,13.006115078994892,77.66307860565234,36.674677040000006,34.60605715580001
2026-02-28,12.82218155526507,77.66175754155137,34.84603634000001,33.70371696590003
2026-02-28,12.863858611075948,77.47593395052465,41.48383118000004,38.16303675890003
2026-02-28,12.97199718745855,77.57112614480901,36.50377604000005,34.01879004950003
2026-02-28,13.145433716876646,77.55130888637977,40.20890972000001,36.78945415159999
2026-02-28,13.122541439015627,77.49213236181662,38.00428682000006,34.53497942990002
2026-02-28,13.041966335268414,77.64193615355818,37.607796500000006,33.983020470200024
2026-02-28,12.933555196195604,77.64581188663227,32.96954335999999,34.12324474070001
2026-02-28,13.109187576463926,77.63072831038019,40.78655509999999,35.83750140140004
2026-02-28,12.996073478599932,77.5748825476031,35.84751620000003,33.41325362630005
2026-02-28,12.917504056571005,77.68607820688445,33.50617250000005,33.662307653599996
2026-02-28,12.981518709109478,77.68663609306043,36.72936536000003,34.76866945730003
2026-02-28,12.975793500301942,77.61375280359643,34.60677494000004,34.30747601870002
2026-02-28,12.801096938522374,77.57324027810012,32.52178274000005,34.971528944300026
2026-02-28,13.14041352523007,77.46937106186662,37.66248482000003,35.84831943470002
2026-02-28,12.979955704080531,77.69967292090821,36.01499918000002,34.76619139280003
2026-02-28,13.06071351717323,77.73940938197582,36.11070374000002,36.775030107200024
2026-02-28,12.864625292701414,77.56601661886691,32.01591578,30.20142568280006
2026-02-28,12.801786124409858,77.455134559563,40.78313708000002,40.668052346599985
2026-02-28,13.119062701029316,77.45166232639153,37.00964299999998,34.40458196690002
2026-02-28,13.06090469093816,77.67419696824443,39.08096311999998,34.46704628239998
2026-02-28,12.974333117773712,77.6803219339033,36.37047326000004,34.533595131799984
2026-02-28,13.050416449246674,77.6820485599739,38.66396468000005,35.144959279100014
2026-02-28,12.8785487237435,77.74568143725168,38.5990223,34.34536477040002
2026-02-28,13.0103902963908,77.56957920043999,36.81823387999998,38.23609693640001
2026-02-28,12.829127640953695,77.59864040407733,37.706919080000034,33.984678209900025
2026-02-28,13.140337723775732,77.6885465177822,29.45581880000003,28.185186955100043
2026-02-28,12.857646328212978,77.57162971779402,38.16493376000005,35.35156149800003
2026-02-28,13.090965839920235,77.63513344589933,37.66932086000003,34.81337715890004
2026-02-28,12.964085908235631,77.62647513675836,34.26839096000003,34.0835102582
2026-02-28,13.092352585202471,77.48283193043888,40.22941784,34.275175729700024
2026-02-28,12.818136660564951,77.59322128683714,38.29140050000001,35.645989740800026
2026-02-28,13.067574807328809,77.55674298151436,35.51596826000002,34.146675267799985
2026-02-28,13.043821189993592,77.45156735837232,42.98434196000005,36.91504929650004
2026-02-28,12.904042464174209,77.70271736056418,37.03356914000005,34.37036758670003
2026-02-28,12.966780355423976,77.7341473951507,38.22304010000005,35.13969552830004
2026-02-28,12.891858486254336,77.73284556867006,39.18692174,37.27276217960003
2026-02-28,12.956402674416749,77.46685794676759,38.7015629,34.470823194500035
2026-02-28,13.008500559202412,77.54461624240092,34.692225440000016,34.17389979710003
2026-02-28,13.004853976006906,77.60121351827229,37.17712598000003,34.36064331980002
2026-02-28,12.805250084834588,77.63772034176986,38.099991380000006,35.450068834400014
2026-02-28,13.050178764716083,77.6063823397344,35.153658140000005,34.15188774829999
2026-02-28,12.935605473339528,77.74391927717069,37.22156024000003,34.16244943010003
2026-02-28,12.852812042452642,77.4817496374546,37.09509350000002,35.16844107650001
2026-02-28,13.014069081712565,77.5561341599209,36.47984989999998,35.39050983590002
2026-02-28,12.865129379600386,77.63820635079546,37.13610974000005,33.93227996330003
2026-02-28,12.849795734256707,77.59921945383867,36.54821030000005,34.37202532640005
2026-02-28,12.906077474727937,77.58801330091833,34.347005420000016,33.52389493370001
2026-02-28,13.004948653984302,77.68550010291628,37.915418300000056,34.54979654660001
2026-02-28,13.064784273179733,77.71854171408881,39.43301918000003,34.711195451000016
2026-02-28,13.112198155728002,77.66798780919191,41.36761850000005,35.62561834159999
2026-02-28,13.131592134116646,77.45782495079239,41.34027434000001,36.89522478050002
2026-02-28,12.853127905331457,77.71198612182181,38.73574310000004,34.71210122630001
2026-02-28,12.949201519099258,77.53693345450148,37.71375512000003,36.30510362750002
2026-02-28,12.990621506155131,77.62926893447728,38.98184054000001,34.15817690510002
2026-02-28,12.954957807577149,77.68744514118733,36.172228099999984,31.717710625100008
2026-02-28,12.815574310900752,77.65020912711871,39.39542096000002,37.80147860330004
2026-02-28,13.104652904356884,77.72933636322735,36.65758693999999,35.32066259720002
2026-02-28,13.11839653416966,77.67645401719271,42.478475,35.465313203600004
2026-02-28,12.84365591411681,77.72465557955714,36.94470062000005,34.45402362620001
2026-02-28,13.07592582388834,77.49845815078676,38.84853776,33.903312243800016
2026-02-28,12.848977723687746,77.55595208786592,38.38710506000001,34.76255120149999
2026-02-28,12.847511098277328,77.54871829785645,36.18590018000003,38.108194628
2026-02-28,12.882902196004965,77.46856167420957,37.53943609999999,37.15998460970001
2026-02-28,13.0157746404366,77.538300654818,34.96566704000003,34.7715747743
2026-02-28,12.851645809562172,77.68150809081963,37.06774933999998,35.851566553700025
2026-02-28,12.801506866400263,77.51850853649759,40.82757134000002,40.056551478500026
2026-02-28,12.835982288110625,77.65092573554772,37.99061474000001,35.07866678120004
2026-02-28,13.03255732530495,77.50354160477036,36.52428415999998,33.81155549690005
2026-02-28,12.98780000238329,77.53571442780023,35.12973199999999,34.02806997380004
2026-02-28,13.003955785869822,77.65837274394717,35.53989439999998,34.63311078410002
2026-02-28,12.940384675148488,77.5288479929176,38.246966240000006,35.107395239300004
2026-02-28,13.036232352209444,77.7272436449542,29.34644216000004,30.0624318995
2026-02-28,12.876206666665002,77.61254010273052,35.628762919999986,34.35915648110001
2026-02-28,12.920207165681806,77.52430873740363,36.04234334,34.69736956010002
2026-02-28,13.022414758502435,77.64722552153818,37.72742720000002,34.48890452030002
2026-02-28,12.988946299062864,77.69610100296421,37.34802697999999,36.53882783510003
2026-02-28,13.05526482683588,77.70510673707207,38.35292486000003,35.01743295290001
2026-02-28,12.875024917079273,77.51275173548886,37.447149560000014,35.14921471400001
2026-03-16,12.981307318119564,77.61264379291569,36.10044968,33.86089461560004
2026-03-16,13.073495519710011,77.6245736009296,37.047241220000046,32.35665819380004
2026-03-16,12.8727866138608,77.66392581716897,37.11560162000001,34.92236072660004
2026-03-16,13.026581680758516,77.52119256741841,36.56530040000001,31.729639514900036
2026-03-16,13.093322783413448,77.46985124436807,37.864148,36.58093784150001
2026-03-16,12.940839483817056,77.53015306799794,36.954954680000014,34.44098387990004
2026-03-16,12.99914687639198,77.58147150263295,35.07846170000005,33.759892124600036
2026-03-16,12.942220471066822,77.71762814628221,34.398275720000015,33.55884418820005
2026-03-16,12.818230350255126,77.64530966121737,40.78313708000002,40.52866549100001
2026-03-16,13.05876720936168,77.6771574935464,37.04382320000002,36.383632636999984
2026-03-16,12.949534752416904,77.56323288442063,35.28012488000002,33.61255837250002
2026-03-16,13.1143683552117,77.64390528959306,41.51117534000002,38.92190555930002
2026-03-16,13.041012531071152,77.63693702824244,39.34756868,34.06657396910004
2026-03-16,12.839690705546502,77.64194186309919,38.393941100000006,39.33587905160001
2026-03-16,13.0571979511436,77.48390853468524,38.53066190000004,39.6694607135
2026-03-16,12.805084791623552,77.71110082870027,35.41684568000005,33.05566037390007
2026-03-16,13.126258400940038,77.59599756414923,43.65085585999998,38.62768239770005
2026-03-16,13.141783685538844,77.63860313462992,40.95745610000006,34.426200943399984
2026-03-16,13.02045546305092,77.66677065569267,35.56723856000002,35.150462291299974
2026-03-16,13.131218707160158,77.46635909497228,40.18840160000002,33.24778727810002
2026-03-16,12.83314359623203,77.63516620549696,36.76696358000004,33.42899360840006
2026-03-16,12.850859082510803,77.53337630286731,35.266452800000025,33.41783377310001
2026-03-16,13.071200003570535,77.59167812091447,37.71375512000003,39.955907879600026
2026-03-16,12.974899177980603,77.64142007873383,33.74885191999999,33.499336460000045
2026-03-16,12.808666718676069,77.64446980443849,40.43449903999999,34.59517076210002
2026-03-16,13.010253356446247,77.71329757396566,29.99586596000006,32.30345671250004
2026-03-16,12.984897125403275,77.72902206619393,37.050659240000016,35.53451101849998
2026-03-16,12.815864765893505,77.55704434504655,34.514488400000005,33.587828997800045
2026-03-16,12.869845146549917,77.67120917661562,36.94470062000005,35.9937732758
2026-03-16,12.94023515037419,77.53740055134872,37.758189379999976,35.60917766540002
2026-03-16,13.0739933476181,77.46854010620497,38.22987613999999,32.407432880900075
2026-03-16,13.031767496077338,77.47740516910791,34.476890180000055,36.682094143400036
2026-03-16,13.026292572778798,77.66691184476642,37.19421608000005,33.323308430000026
2026-03-16,13.031986083470706,77.65258495738205,36.11070374000002,33.42417420020002
2026-03-16,12.928505827545532,77.57863497163865,33.67365547999998,34.028326325300036
2026-03-16,13.039274547913756,77.73990858824183,36.52086614000001,32.28850287500006
2026-03-16,13.026717856207592,77.7428021274397,37.00280696000004,38.4129965615
2026-03-16,12.904865992101678,77.45617788855904,39.38858492000003,33.919462388300026
2026-03-16,13.109780666973675,77.57026269816745,36.43883366,35.06856653210004
2026-03-16,13.147337163314944,77.47232315747044,38.725489040000014,33.26395451270003
2026-03-16,12.921899566950112,77.45531347801455,41.91791971999999,39.99651395720001
2026-03-16,12.838733099135066,77.74373329271693,42.34517222,35.86373470490003
2026-03-16,13.11556059111583,77.5607149345892,38.209368020000056,35.97377785880003
2026-03-16,12.893303646437136,77.54104738916848,36.30553087999999,34.24730177660004
2026-03-16,12.90015481678612,77.7367728945209,41.48724920000001,40.86229842320003
2026-03-16,13.0307199131039,77.73271908607549,38.411031200000025,31.25325297740008
2026-03-16,12.901377325125466,77.67025648135609,34.11116204000001,32.284435431200045
2026-03-16,13.09273787830213,77.57052742595839,36.233752460000005,33.2783101967
2026-03-16,12.88589015750992,77.45717173363784,38.83144765999998,34.43491689440002
2026-03-16,12.929688480672166,77.65232467086801,38.66396468000005,40.13208972050006
2026-03-16,12.8934712672047,77.60080487849528,32.64141344000001,32.55775740050006
2026-03-16,13.077684601270184,77.72578519666088,41.589789800000005,39.318857312000034
2026-03-16,13.0796119761837,77.71241163504344,38.558006060000025,32.747850582800005
2026-03-16,13.083270301529534,77.54889482972321,36.9241925,32.23292586980008
2026-03-16,12.89527244552442,77.55328499860755,35.707377380000025,33.321462699199984
2026-03-16,12.858417794078363,77.46615979484875,38.17176979999999,34.22426432180003
2026-03-16,13.10716893772384,77.65758234012314,40.11662318000003,41.45578632590003
2026-03-16,13.065950603374636,77.47799295332088,42.37935242000003,40.51507886150003
2026-03-16,13.061041183729412,77.4757734418602,37.11901964000003,33.72559229390004
2026-03-16,12.871605752256658,77.50948664498178,41.33343830000001,37.314906366200006
2026-03-16,13.09678442889112,77.53421738772722,39.55264987999999,36.3149817053
2026-03-16,13.079423954081197,77.68468932037561,36.47301386000004,40.10635202990003
2026-03-16,13.048948628585286,77.59991148904845,35.79624590000003,33.216409854500014
2026-03-16,13.046768194554296,77.55091147175305,33.96076916000004,33.203438468600005
2026-03-16,13.061146005046764,77.71407504111161,38.52382585999999,35.985159865399986
2026-03-16,12.901026813319026,77.47926257464218,36.41832554000001,36.55820800850002
2026-03-16,12.881212082056818,77.74122405790123,40.31486834000003,39.843352481000004
2026-03-16,13.144749211307172,77.7338932578923,40.755792919999976,40.898614885700034
2026-03-16,12.96017362836834,77.66211892707015,32.93194514000004,31.14168880460006
2026-03-16,13.097923341037182,77.74734931896297,36.30894890000002,33.162764030600016
2026-03-16,12.93981351211912,77.68311047989623,37.87098404000005,39.185383631000015
2026-03-16,12.85861038481648,77.64142743006705,40.605400040000006,34.76041493900002
2026-03-16,12.999935818785076,77.60486198077416,34.76742188000003,31.92446665490005
2026-03-16,12.98499433745384,77.65276732356367,35.17074824000002,33.73155673880006
2026-03-16,13.144294174866843,77.70012000038052,44.228501240000014,41.76889404800006
2026-03-16,12.958699825607026,77.57695816355816,37.82996780000002,33.48923621090003
2026-03-16,12.946341101049256,77.6197968458736,35.854352240000026,35.59653099139999
2026-03-16,13.052441294704945,77.48582699076202,36.61315267999999,32.751405323600025
2026-03-16,12.826929062334552,77.60170395329042,40.311450320000006,34.142778725000035
2026-03-16,12.8287137451658,77.58172457127301,38.63662052000001,41.23390555760005
2026-03-16,13.138047240838391,77.48647238942237,32.942199200000005,34.33623865700006
2026-03-16,12.935992953237877,77.56150508687699,34.15901431999998,33.58171074200005
2026-03-16,12.944084078274734,77.57480308530323,33.81379430000004,33.968869867399974
2026-03-16,12.854998251861993,77.62808662937307,41.323184240000046,35.09104001359998
2026-03-16,12.902361544069349,77.51122391706602,36.28502276000006,33.85768167680004
2026-03-16,12.825061035315256,77.57693206276866,39.86027167999998,33.54409543190002
2026-03-16,12.82861291449962,77.74465210634332,41.76410882000005,39.94162055600006
2026-03-16,13.136448541334556,77.59280519854084,40.87200560000002,42.05180356340001
2026-03-16,12.901154639314097,77.5143646982008,36.81481586000001,36.26215620619999
2026-03-16,13.08617286582809,77.64137502423472,39.28262630000006,32.81648442440006
2026-03-16,12.875449839047306,77.51707639171967,35.88169640000001,33.77267551940005
2026-03-16,12.905823268165266,77.58392223662143,36.148301960000026,39.992138891600014
2026-03-16,12.97665364211307,77.61425999692827,32.63457740000001,32.033638213700065
2026-03-16,13.13920414744173,77.60335770429161,39.88761584000002,36.46708359530001
2026-03-16,12.914273874767536,77.53124377634316,36.43199762000006,33.14550302960004
2026-03-16,13.095928962954098,77.60452196612081,34.41878384000006,32.95100060150005
2026-03-16,13.119189211065352,77.50864674969941,38.899808060000055,32.08641244250004
2026-03-16,12.84302495667913,77.53345611596006,40.00041050000005,42.425837492000035
2026-03-16,13.12680434177198,77.6213721205098,33.21564080000002,33.16032014630004
2026-03-16,13.143487611855244,77.46179820702275,38.393941100000006,30.879407039900055
2026-03-16,13.1355589355071,77.60236677989779,42.95699780000001,36.29356780999999
2026-03-16,13.021202345792844,77.70971193880938,35.5569845,33.30252686840004
2026-03-16,12.851610734335509,77.59715852661297,39.70987880000001,34.66002769160005
2026-03-16,12.81935570307713,77.48387378865593,37.836803840000016,34.12057868510003
2026-03-16,12.918589036409951,77.5197842767685,33.59845904000002,33.95078854160001
2026-03-16,12.922951736789162,77.73901054684883,36.50377604000005,32.410662909800045
2026-03-16,13.10188234726416,77.6560707764415,39.35440472000005,32.241368379200054
2026-03-16,12.856664826938005,77.7403076247537,38.55458804,33.264467215700066
2026-03-16,13.093545369752034,77.55481023840623,39.88761584000002,34.35235462129999
2026-03-16,13.00811392965891,77.58565287744355,39.36807680000004,35.98355339599999
2026-03-16,13.071674154304247,77.71200377485228,37.79920562000001,32.87662448630002
2026-03-16,12.827877673806803,77.62584435138784,40.02433664,35.41004382020002
2026-03-16,12.934383669377814,77.54422951020346,34.49056226000005,33.91621526929998
2026-03-16,12.84593003766408,77.5078803019761,38.79726746000006,35.99479868180001
2026-03-16,12.946369326144472,77.6273164879643,35.81675402000002,32.917572365900035
2026-03-16,13.134640279000037,77.55744011572469,37.30701074000001,39.40808472410001
2026-03-16,12.956814408033583,77.46803133354754,38.07606524000005,33.70585322840006
2026-03-16,13.055336439045472,77.53149153903861,36.45250573999999,36.40304699059999
2026-03-16,13.06535075084558,77.55372033830592,33.76936004000004,33.87883922060004
2026-03-16,13.130496040232176,77.52392084115152,39.68253464000003,36.256431022700006
2026-03-16,12.948383182921264,77.56293989352208,34.21028462000004,33.147348760400064
2026-03-16,12.86234159884254,77.54020780203348,36.12095780000004,34.85492319200001
2026-03-16,13.013414166138316,77.59029126036968,33.971023220000006,32.50670927180001
2026-03-16,12.915969886226804,77.64302227122899,34.43245592000005,34.754040331700004
2026-03-16,12.958382502063014,77.73426743055867,34.87679852000002,32.6760038024
2026-03-16,12.979318321272292,77.61616786560874,34.169268380000005,39.47548807850003
2026-03-16,12.870176427304475,77.68593632952633,41.767526840000016,39.605167757300016
2026-03-16,13.087064868001134,77.57514048551195,36.48326792,37.67073933830002
2026-03-16,13.023809336794898,77.6106690028346,37.11901964000003,33.23399556740004
2026-03-16,12.898642209607251,77.52926058298142,41.58295376000001,40.11192340250002
2026-03-16,12.96109077825596,77.47034004526678,40.46867924000003,38.828166360800054
2026-03-16,13.146607563482442,77.70556729736748,38.46913754000002,32.90475479090006
2026-03-16,12.965582560088622,77.64151524597297,35.39291953999998,32.69668282340007
2026-03-16,12.897952474693309,77.59026873377502,35.09896981999998,34.9336060124
2026-03-16,12.835068918162854,77.67234362813657,38.33583476000001,39.84509567120006
2026-03-16,13.116316972842457,77.51507898673081,39.38174888000003,33.39264296570004
2026-03-16,13.145797430989624,77.73405955966786,42.314410039999984,41.46128933810005
2026-03-16,12.886768540867614,77.64214070324017,38.12733553999999,33.21452994350003
2026-03-16,13.052429421343296,77.47470005254726,40.43108102000002,40.98538132340003
2026-03-16,13.097235622013878,77.62957846805253,38.23671218000004,39.6592066535
2026-03-16,12.933100042668002,77.54499743849372,35.81675402000002,33.67351875920003
2026-03-16,13.116719512521756,77.45612547494687,40.936947980000014,40.12583474389999
2026-03-16,12.898385949353678,77.65913064160478,37.87782007999999,32.64230212520005
2026-03-16,13.128084461300745,77.63224455407259,35.611672820000024,36.43334773790001
2026-03-16,12.895996962053776,77.6070974228771,36.049179380000055,33.29239243910007
2026-03-16,12.99368336450584,77.5149893159324,35.939802740000005,40.47197762930003
2026-03-16,13.091449390735123,77.70781562193223,39.22110194000004,38.67197993690002
2026-03-16,13.034509431453758,77.5143566527815,34.79818406000004,33.138068836100004
2026-03-16,12.889262415416942,77.49484322926894,37.96327058000003,32.7679314503
2026-03-16,13.131500963635949,77.52875254827288,41.92133774000001,41.95526158850008
2026-03-16,12.888817234065542,77.62790573430681,34.98959318000004,30.998644667600004
2026-03-16,12.912125560678556,77.52823765398817,35.37924745999999,32.850562083800035
2026-03-16,12.822430145087967,77.47524597120265,43.18600514000002,41.662012562600005
2026-03-16,12.835429745117509,77.71597738799423,37.689828980000016,34.97067443930005
2026-03-16,13.00737411023592,77.61778438793343,37.53260006000005,33.00454388479999
2026-03-16,12.83990491629211,77.45928764378435,41.06683274,41.85261844789999
2026-03-16,12.922870291060818,77.59344618889793,31.80741655999998,33.96736593860004
2026-03-16,13.065875458675526,77.49734302319118,36.65416892000002,34.12835468060002
2026-03-16,13.071940637665357,77.53920358649276,37.08483944,33.81203401970004
2026-03-16,12.93428851666512,77.73066779448338,36.80456179999999,33.99805975820001
2026-03-16,13.05353528798856,77.50577990111036,35.74839362,33.41458665410002
2026-03-16,12.858845490449305,77.50814445054381,41.31293018000002,40.55197638740001
2026-03-16,13.083029066164997,77.72916724666845,37.2318143,33.04174903250001
2026-03-16,12.978619540593764,77.48445553527056,36.13121186000001,33.60274865510002
2026-03-16,12.99825509365376,77.58795666684028,34.99301120000001,32.97354244340002
2026-03-16,13.10400955335466,77.72242857427476,36.19273622000003,41.461391878700006
2026-03-16,13.076402230475516,77.47501743774278,37.90858226,35.1933242621
2026-03-16,12.98852014132758,77.5655797438733,35.464697960000024,33.03204185570004
2026-03-16,12.963249468897557,77.46205933912323,40.35930259999998,34.87382484260002
2026-03-16,12.974329954585905,77.65823227279418,38.53407992000001,39.688208553199985
2026-03-16,13.041902054116768,77.49507364338426,40.33195844,32.55339942500006
2026-03-16,13.09743384051552,77.54514653938332,37.512091940000005,33.50425840880006
2026-03-16,12.96258142575554,77.69912646645503,37.248904400000015,36.34936698650001
2026-03-16,12.9595829167766,77.70040753185195,36.37047326000004,33.21367543850001
2026-03-16,12.95912101223498,77.66045961153296,34.78109396000002,32.891697954500025
2026-03-16,12.854693098066512,77.64511594145392,41.31293018000002,34.934580148100025
2026-03-16,12.838686443809436,77.65535572699133,38.88955400000003,38.86461954410003
2026-03-16,13.114902573901276,77.4726095157406,39.58341206,38.01792471980001
2026-03-16,13.052492936120656,77.55774395464776,36.674677040000006,33.062598954500004
2026-03-16,13.106230190781623,77.52809556983475,41.210389580000026,40.529041473200046
2026-03-16,13.069180774099864,77.5014924431693,36.82506992000003,31.773082549100046
2026-03-16,12.835026053078916,77.62219461443657,39.24844610000002,35.37755554009998
2026-03-16,12.802824940076077,77.466542947761,40.0687709,40.61326148600001
2026-03-16,13.118724346737023,77.57799634446198,33.83088440000006,31.72217114120005
2026-03-16,13.017085771218737,77.59424470720137,36.69176714000002,38.4192002678
2026-03-16,13.08216398235268,77.51352366813713,38.16151574000003,33.36576023840004
2026-03-16,13.02790217948063,77.55539383937315,36.04576136000003,33.54744509150004
2026-03-16,13.122109795324285,77.65694474546308,40.08244298,36.0008485772
2026-03-16,13.06124260754896,77.47758172906556,39.92521406000003,33.05085805580003
2026-03-16,13.09159112025627,77.55670887445196,39.309970460000045,32.23431016790007
2026-03-16,13.105819221572736,77.62266956795109,36.32603900000004,33.871131585500024
2026-03-16,13.014351925813562,77.46124563790185,37.918836320000025,36.29684910920001
2026-03-16,13.131654411099088,77.7146604786764,39.59708413999999,36.85299514340002
2026-03-16,13.043767021191034,77.64193579845113,38.09315534000001,33.61633528460005
2026-03-16,13.008096276852628,77.5405620273568,35.09213378000004,33.037767039200006
2026-03-16,13.09453704938103,77.60610878801032,34.15559630000001,33.2396865707
2026-03-16,12.958289092906696,77.50755555988573,34.69564346000004,32.42983800200003
2026-03-16,12.903865535079152,77.67881721570943,34.576012760000026,32.843315881400024
2026-03-16,13.04638471826999,77.52530098782422,38.97158648000004,32.84495653100006
2026-03-16,13.000824653306024,77.4742191622997,38.61611240000002,35.830289379199996
2026-03-16,13.090565400127035,77.55060296972471,36.81139784000004,32.10924481610005
2026-03-16,13.14280155648062,77.69935850417097,43.99265786000001,41.30030059610002
2026-03-16,13.14638090417954,77.47490040632434,38.07606524000005,33.940209769700026
2026-03-16,13.083249715387632,77.6551833488665,38.41786724000002,35.95598706469999
2026-03-16,12.96248729610405,77.72043256888851,36.12779383999998,34.04025521510003
2026-03-16,12.927947337132844,77.65145545584332,37.49158382000002,35.25871098469997
2026-03-16,13.045979200245595,77.50566940639087,38.182023860000015,33.475803392300016
2026-03-16,12.899416378908642,77.66138499682064,36.05943344000002,31.549424410400057
2026-03-16,13.09428491874167,77.69083692409824,36.21324434000002,32.47319558570005
2026-03-16,12.928555735016502,77.46737129450689,31.267369400000007,30.938350794800026
2026-03-16,13.019728391247286,77.6671174925142,35.16733022000005,32.90393446610001
2026-03-16,13.009047094935212,77.45175304980461,40.68059648000002,40.819470632600016
2026-03-16,12.905645535248784,77.45376080774432,39.41934709999998,36.56777846449999
2026-03-16,13.126072113987274,77.74539241852571,39.68253464000003,41.036309821400025
2026-03-16,13.120633268969875,77.71008057071423,44.10203450000006,42.06752645540006
2026-03-16,13.040793673259042,77.54769184045122,36.411489500000016,34.54542148100003
2026-03-16,12.903879274718763,77.63843433886855,37.61463254,34.90528771669998
2026-03-16,12.917989697031528,77.7318316695756,38.79726746000006,38.67186030620002
2026-03-16,13.13938145106125,77.52852796359961,38.85537380000005,32.41519178630003
2026-03-16,12.836848061640104,77.68102245980069,37.22839628000003,36.08566674349997
2026-03-16,12.850006619058208,77.66179186387183,37.09851151999999,35.94899721379999
2026-03-16,12.868698093718296,77.5155547585248,37.20788816000004,32.16196777460009
2026-03-16,12.82254339437701,77.6715221721742,37.42322342,35.78730777770001
2026-03-16,13.025480948295456,77.71599596839906,38.24354821999998,32.77637395970004
2026-03-16,12.815000976374552,77.53871750162145,35.25619874000006,36.0510763811
2026-03-16,13.14605539108172,77.62280858612303,35.89536848,33.125934865100035
2026-03-16,12.941283868568547,77.61108051660403,36.52428415999998,33.38614872770006
2026-03-16,13.10478322100258,77.56109090121036,37.09851151999999,34.637742201200034
2026-03-16,12.912039119539523,77.7439255665135,41.69233040000006,40.77443821910001
2026-03-16,13.129754629536343,77.55467764472277,37.57703432000005,33.85910015510003
2026-03-16,12.852017423459005,77.67866085191005,34.80160208000001,32.43158119220004
2026-03-16,12.871973401827317,77.70669451942976,39.24161006000003,41.37096815960003
2026-03-16,13.147639910863289,77.49576456532198,34.89730664000001,31.27776018080006
2026-03-16,12.9239097674991,77.54808405092712,35.314305080000054,34.547301392000016
2026-03-16,12.867222737188756,77.74535606414213,42.194779340000025,40.63824721220001
2026-03-16,12.900235989012698,77.53415091164436,36.527702180000006,33.220528568599995
2026-03-16,13.060368655632407,77.68348848699316,36.68151308000006,31.675173366200013
2026-03-16,13.128603461062008,77.59766212620764,39.65177246000002,32.207222359400035
2026-03-16,13.072327929314016,77.53188970573127,39.48428948000003,32.85293760770006
2026-03-16,12.927528403332,77.50766677856907,34.76742188000003,32.39422223360005
2026-03-16,12.93910539466616,77.61733328182231,33.18829664000003,33.732718865600035
2026-03-16,12.82119703501192,77.53180614525304,33.936843020000026,36.430374060499986
2026-03-16,13.0708853473085,77.51313086376435,36.558464360000016,31.71745427360002
2026-03-16,13.036598694071662,77.62343180236623,37.09851151999999,35.03580481039999
2026-03-16,13.021771952350262,77.50260011361975,37.50867391999998,32.84945122730001
2026-03-16,13.060549929138851,77.67885210890182,40.12687724,31.904710499300073
2026-03-16,12.891349102727602,77.74570502214905,40.45158914000001,35.714521041800026
2026-03-16,13.14435960896256,77.46112743768798,39.63126434000003,32.09208635570003
2026-03-16,13.130061164563106,77.67542162252265,45.00780980000002,41.98229812670002
2026-03-16,13.03001151870512,77.60166782475025,36.196154240000055,33.60288537590002
2026-03-16,13.136175220364247,77.45109906786061,38.7015629,35.85942799970002
2026-03-16,12.852995386588251,77.588037962857,38.51698982000005,35.674205495899976
2026-03-16,12.94494672331622,77.53246776999718,35.24252666000001,33.08912278970006
2026-03-16,13.114054347512152,77.61221893305282,35.84751620000003,33.0603772415
2026-03-16,13.077661931950336,77.47187892981631,35.86118828000002,40.521350928199986
2026-03-16,12.986831370069376,77.48048074196834,36.24400652000003,32.32994636750001
2026-03-16,13.136186071203891,77.54216737958643,43.507299020000005,41.08573439060003
2026-03-16,12.935884574720438,77.48753886097201,35.85777026000005,32.92668138920008
2026-03-16,12.894955782626845,77.73932915210894,42.11958290000001,35.90787843320001
2026-03-16,12.91265931957472,77.57768225760218,36.06285146000005,33.526971151700025
2026-03-16,12.951135454169922,77.59241015812053,36.332875039999976,35.20538987269999
2026-03-16,12.982279620621282,77.69346162367225,36.23717048000003,32.83008814400002
2026-03-16,13.099335610752023,77.62982801513849,36.92077447999998,32.95026572720007
2026-03-16,12.939200942150702,77.74612973780594,38.15467970000003,34.9531229066
2026-03-16,12.894938218131356,77.51046165924993,39.12197936000001,35.85026770610001
2026-03-16,13.031687947095552,77.71591632807304,38.25722030000003,35.43174824719999
2026-03-16,12.85688628920712,77.62270956996741,34.43245592000005,33.44001672290004
2026-03-16,13.144300458577712,77.67884834704053,35.741557580000006,34.26986070860002
2026-03-16,12.946750572919782,77.49720395256095,35.55356648000003,35.4620148143
2026-03-16,12.928430292302192,77.67649080516654,36.11070374000002,33.521946662300024
2026-03-16,12.926737055782324,77.64461961723372,29.68824416000001,30.92879742890001
2026-03-16,13.12362022004558,77.687607951078,42.50581915999999,36.80664679220001
2026-03-16,13.135554927166606,77.70500074608992,40.099533080000015,41.00670976820002
2026-03-16,13.091035978982346,77.72167075349202,40.33195844,40.69085053999998
2026-03-16,13.032114405076603,77.60121580842593,36.22691642000001,34.531920302000024
2026-03-16,13.006728195562408,77.4935554862519,37.49841986000001,33.99089900630001
2026-03-16,13.108900812803812,77.4925345613516,42.04096844000003,40.88255019170001
2026-03-16,13.087235996146743,77.61808078518055,40.87542361999999,40.00011996830002
2026-03-16,13.026093778052722,77.67198404970837,37.38904322000002,32.92545090200002
2026-03-16,13.035362962043305,77.74426885393848,39.76114910000001,38.51739998240001
2026-03-16,12.85152481296032,77.7054508031041,40.80706322000003,40.97217067610004
2026-03-16,12.898816435026912,77.66464888941239,34.333333340000024,32.87469330500004
2026-03-16,13.059280346482328,77.54526467932341,35.088715760000014,35.839466762900045
2026-03-16,12.87281974793606,77.57260477448547,34.83236426000002,33.72663479000002
2026-03-16,12.842640276826524,77.66899054125966,36.295276820000026,30.80462076230007
2026-03-16,13.06194056629236,77.64939724659371,37.91200028000003,34.13855747030002
2026-03-16,13.064506147446687,77.539512991973,33.18146060000004,32.11254320540001
2026-03-16,12.83507933194427,77.51406853446078,36.58580852,36.04974335329999
2026-03-16,13.130007670398705,77.70751280391588,39.56632195999998,33.34725166010004
2026-03-16,12.884196268822553,77.45728087916831,39.24844610000002,34.668572741600016
2026-03-16,13.019630045698545,77.49003147331764,39.88761584000002,32.43699875390006
2026-03-16,12.980421258512171,77.45612388850918,40.67717846000005,41.43700430600003
2026-03-16,12.886149222395444,77.74181864232835,39.53214176000006,32.93773868389999
2026-03-16,13.013979926732398,77.67686219914272,35.80991798000002,32.90779682870002
2026-03-16,12.871497459741288,77.65809836548124,36.56530040000001,34.7885452436
2026-03-16,12.944211072152529,77.54673587649164,36.07994156000001,33.215726250500026
2026-03-16,12.877857689902152,77.61376966614493,35.939802740000005,34.75258767319999
2026-03-16,13.064274781466588,77.71807591997688,38.43153932000001,34.158723788300016
2026-03-16,12.980199541303431,77.68432696657071,36.76012753999999,32.78813194850005
2026-03-16,12.91606518739298,77.50017905803409,35.49204212000001,34.198201919300026
2026-03-16,13.00821074294959,77.61673868398826,36.57213644000001,35.75044443199999
2026-03-16,13.099264962917474,77.48947961261491,38.83144765999998,32.92442549600007
2026-03-16,13.032784131167316,77.6189199329383,37.66590284000006,35.45394828709998
2026-03-16,12.92792288867039,77.64427388625275,35.24252666000001,32.933585789600045
2026-03-16,13.090866197996911,77.61501325980174,41.85639536000002,35.669129736200006
2026-03-16,12.88511898179941,77.48274190085077,34.16243234000001,33.40100002460005
2026-03-16,13.102021559703452,77.56284330350172,37.32410084000003,32.640610205300035
2026-03-16,13.03192034502444,77.57226495486061,34.740077720000045,33.72868560200005
2026-03-16,13.000320145484292,77.4715614177718,39.15957758000002,35.06243118619998
2026-03-16,12.895714107385718,77.4946233595512,34.921232780000025,32.97788332880006
2026-03-16,12.978244576089178,77.55051884046732,37.20105211999999,33.218682837799996
2026-03-16,12.87970910970916,77.53992238971732,37.05749528000001,33.836883025099986
2026-03-16,12.976465711971,77.55140160754445,35.92613066000001,32.857056321800016
2026-03-16,13.116064818946082,77.5249048521021,40.48235132000002,35.77013222720004
2026-03-16,13.105096895758956,77.53181672400402,43.42868456000002,42.557995235300034
2026-03-16,13.131797373549674,77.69484071539009,40.43108102000002,34.733651842400015
2026-03-16,12.908167829826969,77.46759342680438,41.0087264,39.479504252000005
2026-03-16,13.131185300320004,77.51617182365342,38.246966240000006,36.17422764170003
2026-03-16,13.003857981317491,77.64530775159271,33.249821,32.714593248200046
2026-03-16,12.935396906974232,77.49559703673212,35.52280430000002,34.30956101090006
2026-03-16,13.065648524432898,77.57359368312166,35.792827880000004,33.60862764950001
2026-03-16,12.90048366403632,77.51917819086684,35.20492844,34.52532352340001
2026-03-16,13.05063849785599,77.47807742876076,33.36603367999999,32.437238015300046
2026-03-16,12.821959974787212,77.55339492257418,37.94959849999998,32.91934973630005
2026-03-16,12.928753043628513,77.50474144263346,38.72890705999998,35.8115757197
2026-03-16,13.007645204926552,77.59342407522519,37.47107570000003,35.661011938699986
2026-03-16,12.826683330591768,77.51014516223866,34.43929195999999,33.5289877835
2026-03-16,12.971940595713784,77.47791368542347,37.13952776000002,32.79792457580007
2026-03-16,12.807564991800207,77.55284851607198,40.735284800000045,41.07990666650002
2026-03-16,12.989408303327068,77.45796384334983,39.00576668000002,40.1354051999
2026-03-16,13.071756023575356,77.62581602945605,36.73961942000005,39.49550058560004
2026-03-16,12.908904233731883,77.48534634544201,34.12141610000003,33.39303603800003
2026-03-16,13.01230040071385,77.61991024894041,36.65758693999999,32.88368269760002
2026-03-16,12.98133825890894,77.55261469936134,35.85777026000005,32.67571327070005
2026-03-16,12.885859183500406,77.58863011145552,34.480308200000024,35.619158283800054
2026-03-16,13.085277449250722,77.57579716016677,37.2318143,35.196246669200036
2026-03-16,12.801407948726157,77.60476678402291,41.25824186,34.00956139550004
2026-03-16,12.983875583781446,77.72411059669642,39.556067900000016,33.476469906200016
2026-03-16,13.007632270939844,77.56932314590743,34.56575870000006,33.06584607350001
2026-03-16,12.919284797095369,77.6203110721643,34.596520880000014,33.84353107400002
2026-03-16,12.925466227278944,77.67923387523771,39.46719938000001,40.63679455370002
2026-03-16,13.02368188218048,77.57380772194209,33.11651821999999,33.83184144560006
2026-03-16,13.002076551478368,77.55317665972109,34.97592110000005,33.62843507540003
2026-03-16,13.106366831632592,77.7079332626961,38.41786724000002,36.56401864249999
2026-03-16,13.046107670357966,77.61058020231499,37.99061474000001,38.4046565927
2026-03-16,12.95698874868408,77.49832946114581,36.10044968,33.256400688500015
2026-03-16,13.002343646366478,77.55615084326405,34.429037900000026,33.922504426100005
2026-03-16,12.84058054590137,77.4551323993926,39.983320400000025,40.4591771444
2026-03-16,12.885578574320812,77.54872221431549,33.81721232000001,33.70395622730002
2026-03-16,13.04719675421002,77.47931004681621,38.13075356000002,35.89986317630005
2026-03-16,13.046878390820298,77.6093135262732,37.7616074,35.668582852999975
2026-03-16,12.800911319019294,77.70541139030678,36.787471700000026,32.76152266279999
2026-03-16,12.95137238840653,77.61812671247061,35.88511442000004,33.444374698400004
2026-03-16,13.062511484855856,77.49754596361353,35.35873934000006,33.918248991200024
2026-03-16,13.128452477765684,77.57166421107075,40.15080338000001,35.11021510580003
2026-03-16,13.05790871841472,77.70864148446569,39.21426589999999,40.91667912139999
2026-03-16,12.884494956880232,77.71613037540163,39.340732640000056,35.42263922390001
2026-03-16,13.140029557169326,77.73180971596643,39.56632195999998,41.81049135140003
2026-03-16,13.00516463016435,77.53501698652997,35.46811597999999,31.45621500500005
2026-03-16,12.894015724572805,77.70487884385999,35.97398294000004,31.870427758700043
2026-03-16,13.028492992773325,77.67671177583006,39.17666768000004,35.219352484399984
2026-03-16,12.804402071011204,77.69861974401728,38.40077714000006,31.690998798800077
2026-03-16,13.012755451605214,77.71138616163748,39.02969282000004,40.23061414700002
2026-03-16,13.034161503930914,77.74258218075413,39.17324966000001,32.89779912020001
2026-03-16,12.842442358828036,77.63461879866038,39.79874732000002,35.591848303999974
2026-03-16,12.990994773364484,77.49485012409217,39.32364254000004,35.460596335999995
2026-03-16,12.999364183736397,77.67383910200446,38.70839894000005,34.622087669599985
2026-03-16,13.134073127367246,77.49588044425822,38.50331774000006,32.12421574370006
2026-03-16,13.134652126969378,77.55632001445204,37.26257648000001,32.93931097309999
2026-03-16,12.947305091015345,77.7015752863194,37.09509350000002,32.15381579690004
2026-03-16,12.966222607646795,77.55814206374335,34.11116204000001,33.03472500140005
2026-03-16,13.117484730332702,77.49162107146768,41.65131416000003,40.90962091010004
2026-03-16,12.814941999304914,77.68366156579398,39.02969282000004,38.4282238406
2026-03-16,13.05791394372045,77.47827015545812,38.52382585999999,35.8801412009
2026-03-16,13.120401984366875,77.59383756682358,42.22212350000001,41.36085082040004
2026-03-16,12.854448944632336,77.64615469068204,39.18008570000001,34.95237094220005
2026-03-16,13.110149889208955,77.58782752665677,38.71181696000002,33.31378924430005
2026-03-16,13.112301606200964,77.54420384445561,36.51061207999999,33.06172735940004
2026-03-16,13.111640895358835,77.52880429481658,40.72503074000002,33.29510976500005
2026-03-16,12.881001878351809,77.59805842384884,36.2918588,32.80402574150001
2026-03-16,13.095798478480097,77.70060809800911,42.310992020000015,41.050819316300014
2026-03-16,12.91861030522457,77.63981454317498,27.992906240000025,31.29980640980001
2026-03-16,12.871100194685448,77.6683321509516,36.264514640000016,33.49933646000002
2026-03-16,12.92032950265221,77.50910412055889,34.99642921999998,34.84159291400005
2026-03-16,13.065837923428804,77.66628387752924,37.05407725999999,30.686049648500056
2026-03-16,13.066171712928522,77.67836311369,36.40465346000002,34.487930384600006
2026-03-16,13.061776114236562,77.53112456270519,37.70008303999998,35.965335349399986
2026-03-16,13.047225374298954,77.69166937367854,33.80354024000002,31.097989418900085
2026-03-16,12.86849148878705,77.60277517138226,38.72207102000005,39.50862578240005
2026-03-16,13.061541715906454,77.5518381679384,35.775737779999986,34.62718051940003
2026-03-16,13.006731959576806,77.68250631711086,33.67023746000001,32.10492102080005
2026-03-16,13.092470064943557,77.64000480053419,40.60198202000004,40.579354727600006
2026-03-16,13.037661510291674,77.51851349059238,35.43393578000001,33.499182649100064
2026-03-16,13.048892152762663,77.72291604166021,36.33971108000003,32.69577704810001
2026-03-16,13.127817088507198,77.7250809808499,43.30221782000001,41.958030184700036
2026-03-16,12.861248365142512,77.73530983747224,40.33879448000005,40.089313200200046
2026-03-16,12.908694317349283,77.64665191025053,33.69074558,33.899689142600025
2026-03-16,13.120319677309848,77.4519806491533,40.45500716000004,32.12402775260003
2026-03-16,12.894148201623064,77.71724157504956,36.61315267999999,36.0651244433
2026-03-16,12.98539673991207,77.56348920756959,35.80308194000003,33.59806596770004
2026-03-16,13.102374071347892,77.54916678060398,42.686974220000025,40.75669869530004
2026-03-16,13.02016590050662,77.71136814265253,34.47005414,33.18556222400003
2026-03-16,12.82748570535346,77.52876220792886,36.68493110000003,41.69338998620001
2026-03-16,12.822367895072976,77.54263280016457,37.90858226,32.85051081350003
2026-03-16,12.840231239823613,77.71468921703541,36.1893182,32.66583519290006
2026-03-16,12.9417413805923,77.67489490897509,40.12687724,39.40408564070006
2026-03-16,12.903888042830014,77.56992756442382,35.51938628000005,34.108991597300005
2026-03-16,12.908007709070604,77.66074534298556,34.11799808000001,34.77540295670005
2026-03-16,12.886060785498684,77.67219707991134,35.577492620000044,39.958403034200025
2026-03-16,12.937873264401988,77.73543947948706,38.51357180000002,35.12453660960003
2026-03-16,12.833910118403724,77.47116562664532,41.671822280000015,36.846842707400015
2026-03-16,12.964662195714563,77.71386188428,34.839200300000016,33.217640341700005
2026-03-16,12.992089773685995,77.55526411176515,34.476890180000055,33.70440056990002
2026-03-16,12.978460347103342,77.62262574394997,36.93102854000006,33.810581361200036
2026-03-16,13.062168159203166,77.45493666300202,40.325122400000055,39.46545618980001
2026-03-16,13.140385602661985,77.60804596019827,42.06489457999999,43.059914382200034
2026-03-16,12.911174775026725,77.68840030735363,35.72104946000002,33.25857113120004
2026-03-16,12.823943009816835,77.51303847891789,36.26793266000004,32.6855229881
2026-03-16,12.97036653552648,77.67394276352154,37.06774933999998,40.503149971700054
2026-03-16,12.981435067721652,77.68468556746025,38.02479493999999,35.4958873925
2026-03-16,12.930634914891431,77.62078839197342,34.61361098000003,33.671775569000005
2026-03-16,13.122496009461935,77.69950625271714,41.91450170000002,41.96447315240003
2026-03-16,12.88440947012293,77.48303275468119,35.327977160000046,32.90429335820002
2026-03-16,12.819125804372614,77.68223887022462,39.68253464000003,39.44055591410004
2026-03-16,13.007596614965417,77.73050930541925,37.88123810000002,35.21901068239998
2026-03-16,12.824079721010657,77.49642913087402,41.63080604000004,36.8517988364
2026-03-16,12.88378684008858,77.68390736466843,38.39052307999998,40.256727819800034
2026-03-16,13.071891896643372,77.66754629013766,40.46184320000003,42.15789890420003
2026-03-16,12.97235553619881,77.6365366683899,36.264514640000016,33.30714119539999
2026-03-16,12.995743057474453,77.45319118243629,35.25278072000003,33.94400377190002
2026-03-16,12.884401270847844,77.6987112653359,37.58045234000002,40.22223999799999
2026-03-16,12.834075722177458,77.48187801430493,38.84511974000003,33.996641279899976
2026-03-16,13.058659067378374,77.68850461478556,39.313388480000015,40.653423221000004
2026-03-16,13.142113124622382,77.65674075705667,37.70350106000001,34.881002684600055
2026-03-16,12.92540461332521,77.69429945266332,37.68641095999999,33.47428237340002
2026-03-16,12.973473087292865,77.54551807206049,35.444189840000035,33.21357289790003
2026-03-16,12.826877080981316,77.60886657491854,36.43883366,33.06743545280008
2026-03-16,12.976939575708275,77.48748348220414,36.62340674000001,35.77811330389999
2026-03-16,12.919613897738383,77.71774796664847,39.785075240000026,39.00730478900003
2026-03-16,12.884492380261824,77.69630420224681,38.26063832,39.68807183240003
2026-03-16,12.910452734156996,77.63606439988645,35.43393578000001,34.106376812000036
2026-03-16,12.924953827618262,77.61584186038658,35.28012488000002,34.31884093520001
2026-03-16,12.927170302526916,77.50798656472823,34.72982366000002,34.34314305740006
2026-03-16,13.053228643968426,77.68464930154762,38.821193600000015,32.67501257660002
2026-03-16,12.916713559865924,77.4647749006599,39.30655244000002,38.54647024250004
2026-03-16,12.93818461117778,77.5774603306085,33.824048360000006,32.64322499060004
2026-03-16,13.149234546082228,77.67409028954236,38.60927636000002,36.130733337200006
2026-03-16,13.02824782332748,77.64205354455248,34.104326000000015,35.51538719659999
2026-03-16,13.005418875640885,77.58997101897512,34.887052580000045,31.799811465500053
2026-03-16,12.835727623277556,77.54335787159688,37.41980540000003,41.149873535900035
2026-03-16,12.847681364594283,77.50090039519866,34.07698184000003,40.93552950170002
2026-03-16,12.876063506963272,77.56065471309482,35.01693734000003,32.743424246900055
2026-03-16,12.893970142878096,77.55317351960181,38.95449638000002,40.08736492880003
2026-03-16,13.07555629930765,77.56941221083996,37.30359271999998,32.18642370770001
2026-03-16,12.864531632886973,77.71729381563921,37.28650262000002,32.58575098430005
2026-03-16,12.814953317455622,77.66325351070194,39.59024810000005,38.316215325200005
2026-03-16,12.84146662005331,77.68511701710003,35.351903300000004,33.560194306100016
2026-03-16,12.996198740068523,77.56553995501379,36.42174355999998,33.6160105727
2026-03-16,12.972298603254847,77.45550471712131,42.38618846000003,36.27687078230004
2026-03-16,13.026523817443906,77.6889263789498,38.17518782000002,34.98646569170001
2026-03-16,13.022023040656668,77.52088307935661,37.93592641999999,35.390868727999994
2026-03-16,13.071359702683848,77.56395631683056,35.33823122000001,34.48924632230003
2026-03-16,12.878872999998718,77.50374455215534,37.22839628000003,33.490073625799994
2026-03-16,12.96848917200793,77.45550964065423,38.08290127999999,32.70770593790005
2026-03-16,12.930966172695143,77.49295210865732,36.411489500000016,36.1130792639
2026-03-16,12.934093771061196,77.50556915769353,33.79328618,33.5827190579
2026-03-16,12.86601859365472,77.63614254889636,38.27089238000002,33.23584129820006
2026-03-16,12.976809329187,77.4576731217209,36.97546280000006,32.95619599190003
2026-03-16,12.92263582110403,77.54612347569162,35.63559896000004,34.51142927210001
2026-03-16,12.96838698381364,77.67691442608233,32.09794826000001,31.84434826610003
2026-03-16,12.919777199779968,77.51871000430747,33.465156260000015,34.79514202220004
2026-03-16,12.846378678729993,77.5090988192983,39.32706056000001,41.50391204750004
2026-03-16,12.950401326006295,77.49131063954259,36.168810080000014,34.07428160420002
2026-03-16,12.902582152521328,77.71661990536349,36.42174355999998,33.52380948320003
2026-03-16,12.944764012091635,77.59979343895955,36.05601542,33.70494745310003
2026-03-16,12.810244293720924,77.48117900388772,39.12539737999998,42.08324934740001
2026-03-16,12.906176731635886,77.68613543045439,35.83726214000001,33.35836022510003
2026-03-16,12.852786050655656,77.73867229280047,38.69814488000003,40.28598607100001
2026-03-16,13.085505771659824,77.69925071500995,39.20742986000005,39.25861470950003
2026-03-16,12.819620913717788,77.74541662918452,38.07264722000002,36.428237798000026
2026-03-16,13.060473618361527,77.69009212177221,37.447149560000014,34.59973381880002
2026-03-16,13.065817484116426,77.70624715233704,39.81241940000001,41.004419694800035
2026-03-16,12.941611825559674,77.56622696908931,35.17416625999999,33.56256983000006
2026-03-16,12.884145183580792,77.55957578326053,38.67763676000004,38.38989074629999
2026-03-16,13.139168687973443,77.54503351771606,33.7796141,33.430053194600035
2026-03-16,13.024668565262871,77.74553377695595,35.68003322000004,35.95778152519999
2026-03-16,12.8595142825747,77.66281231917513,40.311450320000006,34.49085279170001
2026-03-16,13.119095517415364,77.5917613293489,36.319202959999984,33.97035670610006
2026-03-16,13.115146260191189,77.63975939508934,42.13667300000003,40.69992538310001
2026-03-16,12.84441186496103,77.48171832572524,37.71375512000003,41.5100303033
2026-03-16,12.954161376666802,77.6291306990665,33.27716515999998,31.53047148950005
2026-03-16,12.982347671302865,77.47986147221461,35.99449106000003,34.03876837639999
2026-03-16,13.000226979342846,77.66906281925691,37.26257648000001,33.5982710489
2026-03-16,13.06923523843137,77.72808831697978,37.65223076000001,37.836359497400025
2026-03-16,13.02200896920315,77.46181378594746,40.65325231999998,34.504935034100036
2026-03-16,13.12613329119154,77.48106776333736,35.71763143999999,33.14695568809999
2026-03-16,13.13193551198745,77.53018012534143,40.02091862000003,36.092690774600015
2026-03-16,13.067200010017514,77.60956701410915,35.611672820000024,34.799431637300025
2026-03-16,13.055175353729002,77.67311432833883,39.46719938000001,41.479558655000034
2026-03-16,12.815076800792315,77.69572063882457,40.24308991999999,35.82379514120005
2026-03-16,12.928154216405636,77.4749619979828,38.60244032000003,33.49212443780002
2026-03-16,13.13331461648694,77.63223100983652,35.94663878000006,33.12873764150002
2026-03-16,12.930666814633565,77.5683885035822,36.70543922000002,34.7178264098
2026-03-16,13.030286966346097,77.56418223763663,34.80502009999998,34.46851603100002
2026-03-16,12.839609997622274,77.73022405567215,38.13758960000001,36.000626405899986
2026-03-16,13.042636928821,77.51295747584209,37.43005946000005,33.120483123200025
2026-03-16,12.800763104548114,77.69863956506136,33.875318660000005,33.53161965890004
2026-03-16,12.836575385317936,77.49745562099444,33.69758162000005,33.558451115900056
2026-03-16,13.050283665057275,77.69920037731143,38.233294160000014,33.04802109920004
2026-03-16,12.835517675043782,77.56146363525058,37.559944220000034,37.03107398540001
2026-03-16,12.835203880800591,77.47362940015434,36.27818672000001,34.16381663810006
2026-03-16,12.998647712120183,77.48018258352771,36.74303744000002,34.09205530820002
2026-03-16,12.87304577319044,77.51598215246565,34.692225440000016,32.292895030700045
2026-03-16,12.949585568839462,77.48076782511166,36.86266813999998,33.74825376650002
2026-03-16,13.105558862758858,77.70536066846576,34.220538680000004,35.363268216500025
2026-03-16,12.864184333862925,77.5009082263016,33.73517984,34.12570571510002
2026-03-16,12.85670950098614,77.4518665091327,38.60244032000003,32.62659632330007
2026-03-16,12.934266337012897,77.50640318843598,34.11458005999998,33.23944730930004
2026-03-16,12.914219145140695,77.64308904073229,33.906080840000016,33.483647748200035
2026-03-16,12.959475419539109,77.46011570471072,39.17666768000004,35.47944671630004
2026-03-16,12.938919201516288,77.51795575641259,35.41000964,35.893727830400024
2026-03-16,13.03957398799552,77.61859277724383,37.22156024000003,34.4540065361
2026-03-16,12.86854633492264,77.51227916929423,38.74599716,41.83110201200004
2026-03-16,12.870770786352262,77.46002870317,45.43506230000003,41.13620145590003
2026-03-16,12.927130684462764,77.7465689741366,41.60687990000002,34.203226408700054
2026-03-16,13.000854956575852,77.69508492279722,36.21324434000002,31.48571251760008
2026-03-16,12.863046433008238,77.48018784308377,36.637078820000056,34.992959929700035
2026-03-16,12.839861086669831,77.69969165077146,39.92179604,35.44945359079996
2026-03-16,13.03098639278065,77.48248942689905,40.07560694000006,32.514143465300066
2026-03-16,13.030651198032594,77.5716308694694,35.03060942000002,35.92141379239999
2026-03-16,13.025719266429595,77.69406706418216,36.1893182,32.82738790820003
2026-03-16,13.04552660148746,77.49356337572357,43.17916910000002,41.04617080910003
2026-03-16,13.01822627202876,77.7381075200578,35.05111754000001,32.629928892800024
2026-03-16,13.107491541436236,77.62806997455847,40.54387568000004,36.35516053039999
2026-03-16,13.04076885591586,77.72337005534874,37.97352464000005,39.058951071200006
2026-03-16,13.143474581894743,77.71312250923648,39.66544454000001,34.28771986310001
2026-03-16,12.926489957471269,77.45607649882733,40.49260537999999,40.46237299310001
2026-03-16,12.81263913283438,77.505856029164,35.41000964,33.7536884183
2026-03-16,12.87645342028918,77.59479459800836,34.11799808000001,34.164824954000025
2026-03-16,12.811323162511044,77.65353652819529,39.90470593999999,33.14374274930006
2026-03-16,12.89390818187007,77.51710481757704,37.97010662000002,33.666135836000066
2026-03-16,12.890035487143372,77.63290351957524,36.57213644000001,33.14485360580002
2026-03-16,13.076529251710292,77.52622058186905,36.934446560000026,35.56800761450001
2026-03-16,12.82079400746992,77.60835399335897,37.98036067999999,36.32557756729999
2026-03-16,13.030487622807858,77.51740925927001,38.298236540000005,31.065073886300087
2026-03-16,13.064446609598228,77.62852773055108,34.50765236000001,34.05401274560003
2026-03-16,12.93290495164258,77.72505402752479,38.52382585999999,38.963827574600025
2026-03-16,13.044849435211438,77.680709567026,37.720591160000026,35.2248213164
2026-03-16,12.98949642440986,77.71147965689188,35.888532440000006,35.023705019599994
2026-03-16,12.88344586785818,77.57748985636401,36.42857960000004,33.79805431790005
2026-03-16,12.849673613919784,77.67843303721749,34.65804523999998,31.255406330000042
2026-03-16,12.8658214502869,77.51242070037965,38.16151574000003,38.189543504
2026-03-16,12.843840673393306,77.49942381437035,34.94515892000004,34.8783708092
2026-03-16,12.918170815508963,77.47696222800857,36.14146592000003,34.29988801430002
2026-03-16,13.130462058345373,77.50880609211178,40.12345922000003,35.78016411590004
2026-03-16,12.800359907973284,77.5764508829207,33.89924480000002,33.78330556160004
2026-03-16,12.810291595763657,77.63123355125046,40.82415332000005,32.77454531900006
2026-03-16,12.832169559316844,77.5401235075617,36.38414534000003,41.4330394028
2026-03-16,13.009938267224964,77.55463777210326,33.22247684000001,34.246139649800035
2026-03-16,12.848706776685535,77.52332809629742,31.83817873999999,33.959521582699985
2026-03-16,13.00483775529009,77.51341831314058,40.89593174000004,39.695779467499996
2026-03-16,12.939748355442404,77.72074063803552,34.56917672000003,33.88006970780002
2026-03-16,12.979032538185567,77.61815437096774,33.020813660000044,32.95939184060003
2026-03-16,12.942697516880756,77.49949040440636,33.198550700000055,34.49027172830006
2026-03-16,12.837664292667586,77.50413013623208,37.313846780000006,33.24337803230001
2026-03-16,13.091694596409525,77.6829556912016,41.16937333999999,37.75577967590001
2026-03-16,12.863330993254602,77.63031703685552,38.13758960000001,40.104916461500046
2026-03-16,12.89322375461082,77.5514589899484,38.96475043999999,36.141688091300026
2026-03-16,12.9453788219432,77.5212843644389,37.08142142000003,33.5916742703
2026-03-16,13.091675723621188,77.64456388552613,36.954954680000014,35.63835046610001
2026-03-16,12.840800923737676,77.74796151192642,43.84568300000001,38.88572581760005
2026-03-16,13.04934720692335,77.54591681745357,34.94174090000001,32.559107518400026
2026-03-16,13.133733905646952,77.63314281777096,35.707377380000025,36.64984512470002
2026-03-16,12.828604632915138,77.54322904054536,40.017500600000005,42.3541957928
2026-03-16,13.14679536063107,77.46390716549695,39.00918469999999,33.60211632140004
2026-03-16,12.856193538705003,77.50621327026606,40.31486834000003,41.387425925900054
2026-03-16,13.051846980162129,77.63381077771521,38.09657335999998,33.213709618700015
2026-03-16,13.102828184676618,77.55160855784422,42.29390192000005,40.50996892160002
2026-03-16,12.828335209446244,77.69688791786385,37.70350106000001,32.53058414150005
2026-03-16,13.069866069088029,77.55999705860665,35.97398294000004,38.38261036370001
2026-03-16,13.12525440764123,77.6862707378559,43.589331500000014,34.52470827980001
2026-03-16,12.950040359605136,77.74029861058591,27.155491340000022,30.057783392300006
2026-03-16,13.133898953424264,77.47609165727403,35.034027440000045,34.664248946300006
2026-03-16,13.075039219347468,77.46477333249227,38.99209460000003,38.71914861290003
2026-03-16,12.85941656158382,77.65663488482781,39.456945320000045,33.44950172840001
2026-03-16,13.11981410624352,77.47451915779718,39.53555978000003,40.651526219899985
2026-03-16,13.100846325471606,77.67986569523318,38.53407992000001,34.14400921220001
2026-03-16,13.039297495431402,77.53037668423148,40.59856400000001,40.301469701600006
2026-03-16,12.911124390455122,77.56555013439025,34.51107037999998,34.27656002780001
2026-03-16,12.92164521007381,77.68600173880908,33.560860820000016,32.13636680480003
2026-03-16,12.971227891790468,77.46437523446382,39.29971640000002,36.4270756712
2026-03-16,13.09814807062015,77.58401780031384,33.608713100000045,31.979513867000033
2026-03-16,12.948023067959475,77.52581016643254,39.460363340000015,39.968845085300025
2026-03-16,12.868644468445098,77.50840776834767,34.01887550000004,35.64720313790001
2026-03-16,12.941985371941486,77.67279904334964,36.09703166000003,32.664160363100024
2026-03-16,12.81106205046828,77.70372777800692,37.30701074000001,32.518245089300045
2026-03-16,12.961301085409454,77.46077219511963,40.99163629999998,40.56373437620002
2026-03-16,12.92741104309079,77.70066217606674,39.25528214000002,40.114828719500025
2026-03-16,12.881452706634816,77.70281296849498,36.117539780000016,34.335931035200026
2026-03-16,13.035698175362016,77.52551177651918,39.12881540000001,33.77860578410003
2026-03-16,12.835217301564002,77.48587787622537,37.197634100000016,33.59266549610004
2026-03-16,12.980545094305814,77.5839442854033,34.24788283999999,32.592552844100034
2026-03-16,12.945024023704304,77.57874633697487,32.74737206000003,33.7667623448
2026-03-16,13.12767492438963,77.56347634104526,38.11024544000003,33.325325061800044
2026-03-16,13.046216781209807,77.70095890477569,37.78895155999999,32.35036903700007
2026-03-16,12.806231337606553,77.66630468298145,39.35440472000005,32.57804334920002
2026-03-16,12.98421272005374,77.47306326409154,37.08483944,36.472877139199994
2026-03-16,13.045769162846804,77.6200203041285,36.15855601999999,33.48248562140002
2026-03-16,12.901466717628104,77.67458790775036,34.27180898000006,33.32282990720003
2026-03-16,12.9244086920382,77.45957657469619,42.604941740000015,41.83532326670005
2026-03-16,13.124020891280338,77.45018618757977,39.93546812,33.15902129870008
2026-03-16,12.876110617890042,77.57340382793399,36.182482160000006,34.2423456476
2026-03-16,13.085099607550951,77.64068489601624,36.58922654000003,35.25158441299999
2026-03-16,12.924312587902104,77.69251147029537,37.64197669999999,32.94689897750007
2026-03-16,12.946246633202998,77.64770812232253,34.99301120000001,33.55597305140003
2026-03-16,12.993287666098947,77.4938693517531,37.607796500000006,33.841685343200034
2026-03-16,12.950943948954368,77.65866462895325,40.48576934000005,40.66333547900002
2026-03-16,13.09331708824239,77.45098430564398,41.28216800000001,38.601141472400016
2026-03-16,13.068312722104402,77.70613271369035,39.61075621999999,36.5373068162
2026-03-16,12.871348332163338,77.46063361534902,42.38277044000006,40.000222508900045
2026-03-16,13.046766814496312,77.67662325260862,37.768443440000055,34.26454568750002
2026-03-16,12.981083514312234,77.58444517497966,35.37241142000005,33.265509711800036
2026-03-16,13.026782009103403,77.59495069889286,35.27670685999999,32.76053143700006
2026-03-16,12.936643391696231,77.49456823477482,36.57555446000004,34.12040778410002
2026-03-16,12.844458248172886,77.50307502019525,38.527243880000015,33.491919356600036
2026-03-16,13.10218262097522,77.48615756623674,38.17518782000002,41.659192696100035
2026-03-16,12.92987616875157,77.49643615496073,35.29037893999998,32.649035624600025
2026-03-16,13.012953556141213,77.70349543818041,36.79430774000002,34.72250909719999
2026-03-16,12.805632035892314,77.49529679042824,42.194779340000025,36.931353251899985
2026-03-16,12.991339730026397,77.62009021702617,34.32307928,32.27864188730002
2026-03-16,13.122522215743135,77.46145105207805,36.490103960000056,35.31866305550002
2026-03-16,12.860132781862616,77.61548447886766,35.19467438000004,32.820551868200006
2026-03-16,12.84498978237776,77.56457828122656,38.85537380000005,35.019825566900025
2026-03-16,13.02260579266662,77.62906308133849,36.18590018000003,33.54173699810002
2026-03-16,12.98850894825997,77.67062612479891,35.66636114000005,36.3993042587
2026-03-16,13.12884670765922,77.53727614241001,39.81583741999998,34.50847268480006
2026-03-16,13.144340221542022,77.67858189892861,35.741557580000006,34.26986070860002
2026-03-16,12.855688741062576,77.6225952974422,37.54969016000001,35.41665768890001
2026-03-16,12.86918671996738,77.70558941194115,37.84363988000001,32.754891704000045
2026-03-16,12.843209606063985,77.67576439734731,36.319202959999984,31.748660796200078
2026-03-16,12.919923265109071,77.7383938466011,38.36659694000002,32.868506688800046
2026-03-16,13.14648817009489,77.56835246421886,35.36557538,33.25089767630003
2026-03-16,12.826841258500684,77.74831969781916,40.048262780000016,38.04267118460006
2026-03-16,12.832943552347997,77.63553643618692,35.621926880000046,34.22580243080004
2026-03-16,13.03209728239737,77.45435558415032,40.00041050000005,35.19764805740001
2026-03-16,12.87045984770085,77.45309263111722,32.825986520000015,34.34881697060003
2026-03-16,13.009828286083636,77.48712830436239,38.411031200000025,34.05466216940007
2026-03-16,13.076678113973124,77.64504028474046,39.92179604,35.68758704420002
2026-03-16,12.856487112868829,77.65379350554804,36.27818672000001,32.20800850400004
2026-03-16,12.970207451996716,77.5936330949968,34.907560699999976,32.02663127270003
2026-03-16,13.048486023070703,77.56198280739513,36.872922200000005,34.17265221980004
2026-03-16,12.986955971545848,77.62092919354178,32.90118296000003,34.63435836140005
2026-03-16,13.081636683555804,77.46831585621096,39.952558220000014,40.220189186
2026-03-16,13.09697630097553,77.45924984989404,38.899808060000055,31.378540500500076
2026-03-16,12.81938259758843,77.49725438613106,37.17370796,34.03056512840003
2026-03-16,13.140982117020002,77.53869187177223,43.244111480000015,42.38008729430004
2026-03-16,12.912243972345111,77.62461344590189,36.07310552000001,32.82210706730001
2026-03-16,12.864657561331889,77.49382796186839,39.79532930000005,39.185366540900034
2026-03-16,13.039664904271405,77.45514212165126,33.23956694000003,32.74756005109999
2026-03-16,13.118893839466708,77.53711216724477,40.84807946000001,36.227241131900016
2026-03-16,12.824228246028856,77.72994220570388,30.751248379999996,30.479088537500004
2026-03-16,12.92471228057924,77.68957718734409,37.60096046000001,33.137453592500044
2026-03-16,13.102671780762282,77.67230373787892,39.32022452000001,31.857114570800025
2026-03-16,13.08472342849302,77.68950802125528,42.34859024000002,41.03716432640001
2026-03-16,13.052156844261756,77.694732375411,37.33093688000002,33.86366321180003
2026-03-16,12.823757839368636,77.47116346679908,38.78701339999998,34.92663325160002
2026-03-16,12.8081047463224,77.56764945565658,37.09851151999999,41.51737904630002
2026-04-01,13.007411057298278,77.53843011593449,39.132233420000034,38.398418706200005
2026-04-01,12.86820372261487,77.48167057277907,41.99311616,41.47651661720004
2026-04-01,12.824762166720143,77.64338944168115,42.51607322000001,39.6897295721
2026-04-01,12.980855585038787,77.59591863177909,35.19467438000004,35.11544467640002
2026-04-01,12.849996462576144,77.45636694556951,43.16891504,41.133279048800034
2026-04-01,12.99819114886429,77.70129260983316,38.674218740000015,38.90061129470002
2026-04-01,12.88984841124855,77.56463707634542,38.64345656,39.612721581500026
2026-04-01,13.06449273881462,77.65417462911303,39.30655244000002,37.98029231960002
2026-04-01,13.147451842874206,77.46936092674598,39.41592908000001,39.15679189370004
2026-04-01,13.131501591398406,77.59334626653194,42.314410039999984,39.102274474700025
2026-04-01,13.063053285863871,77.50344181054803,40.81389926000003,38.79308038549999
2026-04-01,12.855809708251398,77.748517444404,45.81104449999998,41.22481362439999
2026-04-01,13.09308891802906,77.71590755302385,41.11810304000005,39.22183681430003
2026-04-01,12.932926103322693,77.73709581208058,37.00622498000001,37.73294730230002
2026-04-01,12.922054277641356,77.5272931783539,40.73186678000002,39.43848801200002
2026-04-01,13.035198219375332,77.58790703070969,40.59856400000001,37.21181888300002
2026-04-01,13.083380170197351,77.61138869713949,30.1052426,30.26226643880004
2026-04-01,12.93647386443057,77.6662523543191,30.658961840000018,30.942742950500033
2026-04-01,13.089210035314816,77.48013818345831,41.51459336000005,40.03001055320001
2026-04-01,12.939587337700022,77.54222315208618,38.28798247999998,39.18639194690001
2026-04-01,12.81963446282165,77.7220053706734,40.67376044000002,40.7175281861
2026-04-01,12.933728420464398,77.50314218098083,37.39246123999999,37.6085826446
2026-04-01,13.07744247779264,77.72215346857979,44.18064895999999,38.97929411510001
2026-04-01,12.81221327140927,77.51842523111895,45.27099734000001,43.32474257180005
2026-04-01,13.069214203172596,77.55402038042871,39.42960116000006,36.766348336400014
2026-04-01,13.142681437852971,77.5264968333026,42.167435179999984,40.4790700208
2026-04-01,13.137681042079736,77.55753363369652,39.57315800000004,38.06517884630002
2026-04-01,12.834724998193373,77.65227753011266,43.77048656,38.92462288520004
2026-04-01,12.835730988492625,77.46675217778684,43.94138756000001,41.698944268700025
2026-04-01,12.922967978083056,77.5948337402346,36.86950418000004,38.000714989100025
2026-04-01,13.04334663826658,77.7208083275553,41.323184240000046,39.03786188780003
2026-04-01,13.01593437764418,77.62911167233298,38.36317892,36.606231189500015
2026-04-01,12.901527460381772,77.68444015739962,39.72696890000003,38.13027503720003
2026-04-01,12.909392202523287,77.52930136092229,41.59320782000003,39.009902484200026
2026-04-01,12.955897091044164,77.65118166197256,38.872463900000014,38.81025593600004
2026-04-01,12.925813299179682,77.55316980712657,38.752833200000055,37.83772670539998
2026-04-01,13.084622672116607,77.7082355674157,42.43062272000003,40.69985702270002
2026-04-01,12.878509246709536,77.59371258880823,35.478370040000016,36.262515098300014
2026-04-01,12.903381386039635,77.51663262303713,40.95403808000003,39.29088081830002
2026-04-01,12.89871378156963,77.56814652796055,39.52872374000003,38.885418195800014
2026-04-01,13.11360320249047,77.45890615705373,42.478475,42.38986283150003
2026-04-01,12.971295288398265,77.51103666018645,39.24161006000003,38.85007586900004
2026-04-01,12.91341362943477,77.63319793307865,39.511633640000014,38.32050494030001
2026-04-01,12.927417997362465,77.57521093060595,38.66738270000002,37.28050399489998
2026-04-01,12.957155093573798,77.64678125863257,39.41251106000004,39.09837793190003
2026-04-01,13.077668342199456,77.72229349375932,44.45750858000002,38.863577048000025
2026-04-01,12.872161342207251,77.67952377280231,39.313388480000015,40.0186114565
2026-04-01,13.073093749263338,77.74268866128746,45.08642426000006,39.582215753000035
2026-04-01,12.994352847988846,77.60312530298285,37.56336224000006,39.264237352400045
2026-04-01,13.091546297906666,77.61245163628365,40.43791706000002,40.917721617500014
2026-04-01,13.120202523768787,77.72871647442904,40.99505432000001,37.88060576630006
2026-04-01,12.957714058665134,77.58996657616304,40.325122400000055,39.1514768726
2026-04-01,12.863779968874669,77.60971165921714,36.69176714000002,36.782754832399995
2026-04-01,12.83340668282621,77.46539146984806,45.60596329999999,43.37218468940003
2026-04-01,12.947534175652,77.73043712220887,38.38368704000004,38.60765280050003
2026-04-01,12.856586127331529,77.6050969188678,36.18590018000003,39.30000693170004
2026-04-01,13.066370560304204,77.6329045389881,41.54535554000006,38.84486338850005
2026-04-01,12.839171431097627,77.47921740457636,42.721154420000005,41.623252215800015
2026-04-01,12.809975606987134,77.50791796603953,40.92669392000005,39.85823795810002
2026-04-01,13.086027339021928,77.52104503085745,42.457966880000015,39.32989751660003
2026-04-01,13.011543235614978,77.72440584281802,42.82369502000006,38.88135075200003
2026-04-01,13.039582916356393,77.57577730773563,39.72696890000003,39.58922269400002
2026-04-01,12.950257204377174,77.56737829706675,38.36317892,37.66439891119999
2026-04-01,12.87930717291718,77.62199284326356,39.85343564000004,38.7590710865
2026-04-01,12.98040401235216,77.69377370024517,39.77482118,38.751961604900025
2026-04-01,13.030535826526668,77.70859829599873,40.99847234000004,39.209241410600015
2026-04-01,13.052493985472458,77.49591739139126,43.592749519999984,40.145402908400065
2026-04-01,12.92217780865478,77.6064179218171,39.95597624000004,39.28424985950002
2026-04-01,13.025294583609078,77.59491461700159,38.69472686000006,36.86661595310003
2026-04-01,12.97935218684267,77.55575255223849,41.23773374000001,39.588727081100025
2026-04-01,13.061292142733834,77.70377761476644,45.00439177999999,40.48344508640002
2026-04-01,13.075299801586452,77.686592406802,37.07800340000006,40.985825666000004
2026-04-01,13.118639927114652,77.58028859080343,37.00964299999998,36.66129549170001
2026-04-01,12.84659900987226,77.7441021092788,40.58147389999999,41.58738009590002
2026-04-01,13.008449062956776,77.52417927619841,42.23237756000003,39.326206055000014
2026-04-01,12.987328695105491,77.7006931124012,40.02433664,38.8775225696
2026-04-01,12.933910319970778,77.58605399022365,38.77675934000001,41.78070330710007
2026-04-01,12.953242575288114,77.71484940998964,39.67569860000003,40.194092603300035
2026-04-01,13.087865339536007,77.71775210902916,42.30415598000002,41.25506310140004
2026-04-01,12.898552855921617,77.50218538658146,37.61463254,39.39159277760001
2026-04-01,13.138186231633435,77.57405629379305,40.77288302,36.182926502600026
2026-04-01,12.8622302514581,77.74091548358255,43.28854574000002,38.73846042590004
2026-04-01,13.067217291046498,77.68442892473853,38.49989972000003,37.295526192800004
2026-04-01,12.923308279313066,77.63510858218133,36.3943994,36.620005810100025
2026-04-01,13.063736625146973,77.67413199058878,39.96964832000003,38.65287320510005
2026-04-01,12.805813526642766,77.53329447405484,35.07504368000002,36.621783180500024
2026-04-01,12.894267504545448,77.69323970602967,38.83486568000001,37.892261214499996
2026-04-01,12.987079412605222,77.73756827568329,39.21084788000002,37.182287190200014
2026-04-01,13.0744617611002,77.56088632745707,39.74064098000002,37.55587677620002
2026-04-01,13.016936961701855,77.65641619094372,40.68401449999999,38.837651366300044
2026-04-01,13.142677832341588,77.56634009840093,41.90766566000002,37.90842844910002
2026-04-01,13.080488158842138,77.51236976209135,39.96281227999998,38.42386586510002
2026-04-01,12.833198886988656,77.62064256250703,46.49806652000001,41.87081940440001
2026-04-01,13.108147037428804,77.51610612044882,43.26461960000006,41.40102964550003
2026-04-01,13.13475195612015,77.45208159814818,40.84124342000001,42.29248344170002
2026-04-01,12.885801785388432,77.53387215865585,36.26793266000004,38.57668553930003
2026-04-01,12.977172200817984,77.64475012449063,35.509132220000026,37.49307065870002
2026-04-01,12.83863706681644,77.74381780350564,47.61917707999999,39.068504437100046
2026-04-01,13.108387061925535,77.45416342721266,40.40373685999998,38.00591037950002
2026-04-01,12.813670556243869,77.62706506013375,43.883281220000015,41.21199604940001
2026-04-01,13.09343835685775,77.49082288185683,36.83532398,36.12593101909999
2026-04-01,13.119714542977976,77.57735025719185,36.81823387999998,36.6416589668
2026-04-01,12.974528865503396,77.64406283039087,36.26109661999999,38.43285525770002
2026-04-01,13.12969140576573,77.54606709103744,40.362720620000005,39.492800349800035
2026-04-01,13.047459764797726,77.59467305208997,41.767526840000016,39.43433511770002
2026-04-01,12.965062143103284,77.73764930894308,39.30313441999999,38.61412994840002
2026-04-01,13.122553872428078,77.48276121470757,39.01260272000002,38.17638412700003
2026-04-01,12.983071257908374,77.45210143913289,42.82369502000006,39.771556970900036
2026-04-01,13.08967399684678,77.55023527370052,39.46719938000001,37.722983774000014
2026-04-01,13.04694218371792,77.69410209489963,35.35532132000003,34.44592291880002
2026-04-01,13.128552746267934,77.63023941158839,40.916439860000025,39.31426007510004
2026-04-01,13.048184995461904,77.48751517464794,42.522909260000006,39.34064718950004
2026-04-01,12.966725018978194,77.63280577645398,33.70099964000002,34.99890728449999
2026-04-01,12.932488185691632,77.49213779764824,40.07218892000003,41.299326460400025
2026-04-01,13.02856153168612,77.49992272181996,41.59320782000003,39.70996425050005
2026-04-01,13.113710429556832,77.60083781554005,37.66248482000003,37.96166411060003
2026-04-01,12.937739401171855,77.6473255461156,46.22120690000003,41.76205800800005
2026-04-01,12.949812399904156,77.45963003441017,30.187275080000006,30.466236782299987
2026-04-01,13.13484027031046,77.5254893392825,41.13519314000001,40.23474995120003
2026-04-01,13.120403639117876,77.45935605134248,42.721154420000005,40.33464158570001
2026-04-01,12.86471729755095,77.48861332969487,43.538061200000016,41.784616940000014
2026-04-01,12.969641254403951,77.5965950448629,37.34119094000005,38.866243103600006
2026-04-01,12.891629080368975,77.59939765372916,38.61611240000002,39.62683800410002
2026-04-01,13.129988223389168,77.5442225830644,41.40521672,39.38154379880004
2026-04-01,12.911934627695535,77.64496160787428,39.87394376000003,39.541319143699994
2026-04-01,12.96289868586931,77.48262970457291,41.09075888000001,39.22952735930003
2026-04-01,13.052378453118912,77.45796925211958,38.11708148000002,38.87726621810002
2026-04-01,13.128971277796852,77.48827100777393,40.22599982000003,39.543506676500016
2026-04-01,12.927908938145077,77.64699489586965,41.900829620000025,40.96830831350001
2026-04-01,12.803221616452523,77.60119698916992,43.12448078,41.894865175100016
2026-04-01,13.067999630378,77.60408236390722,41.555609600000025,38.21755417790001
2026-04-01,13.080857244522935,77.65489978684445,37.64539472000001,39.27960135230002
2026-04-01,12.91023007984144,77.5020215533849,38.899808060000055,40.7932031489
2026-04-01,13.09500423894055,77.6229888963417,42.833949080000025,39.53238102140003
2026-04-01,13.03195482919091,77.72298875984501,41.58295376000001,40.9641554192
2026-04-01,12.810337200369222,77.53957914297382,41.72992862000001,41.026483013900005
2026-04-01,12.826812903602564,77.52166992585457,41.097594920000006,38.38681452830002
2026-04-01,12.865046114500178,77.51608505792007,40.87542361999999,38.991017923700035
2026-04-01,12.904818950290812,77.64893579551944,39.6415184,39.40179556730001
2026-04-01,13.143473241240844,77.59445159686125,40.13713130000002,37.78308965570003
2026-04-01,13.14081467824373,77.5117470895642,43.33639802000005,40.45536605210002
2026-04-01,13.1148349387617,77.71315634115162,40.608818059999976,37.76466652790001
2026-04-01,13.140929753521805,77.72910304048148,41.49066721999998,40.6477322177
2026-04-01,13.008179803342587,77.67523222727019,37.89832820000004,39.346902166100016
2026-04-01,13.12742361109614,77.51106587781807,38.558006060000025,39.538738538600015
2026-04-01,12.89681511116719,77.60729521501892,39.897869900000046,39.38680754960004
2026-04-01,13.05837184096468,77.51784586029888,41.391544640000006,38.93882475830002
2026-04-01,12.802581754000618,77.6001784660285,42.54341738000005,39.21436844060005
2026-04-01,12.954568691888571,77.70152258911772,39.88761584000002,39.444367006400014
2026-04-01,13.146822460569592,77.48741308642788,29.510507120000057,30.1626482459
2026-04-01,13.067489084188972,77.47597280460023,41.59320782000003,40.234920852200055
2026-04-01,13.13045616579878,77.61141198714063,43.66452794000003,39.08091184970003
2026-04-01,13.072511223284971,77.70938646958415,42.77584274000003,37.10483485699999
2026-04-01,13.048424448338446,77.65316873448504,40.53703963999999,38.58480333680001
2026-04-01,13.060008433961071,77.55881628576618,40.98821828000001,38.690967038000025
2026-04-01,13.067820005918426,77.56921737542963,38.88271796000004,37.97663503820002
2026-04-01,13.023888920016056,77.73718678302477,39.99699248000002,39.50886504380001
2026-04-01,12.984416115517728,77.48746486386305,40.735284800000045,39.102667547000024
2026-04-01,12.82010976621076,77.4978747053675,45.27783338000006,42.57631582250003
2026-04-01,13.07785941774043,77.63137447428358,40.424244980000026,38.68985618150001
2026-04-01,13.098106680441312,77.59594102040477,42.17768924000001,38.9848996679
2026-04-01,12.945233514405286,77.72786978511776,32.61748729999999,37.46244519950001
2026-04-01,12.987159039111544,77.6011237480917,39.36807680000004,39.82467300170002
2026-04-01,12.886438921222142,77.7128900432703,45.40088209999999,41.459050534999996
2026-04-01,12.80188035904116,77.4653550814418,46.60744316,42.53880305300004
2026-04-01,12.812788983352686,77.54912937328277,43.12106276000003,38.93855131670003
2026-04-01,12.932892084101615,77.66902368446652,43.12106276000003,39.745067315900016
2026-04-01,12.900824663132072,77.58126986467842,34.30598917999998,32.22538913570002
2026-04-01,13.124459749763322,77.56380912212234,39.99357445999999,36.48060186440001
2026-04-01,12.933610928806678,77.70713097250828,40.38322874000005,38.57208830240002
2026-04-01,12.914470888054,77.46311983959609,44.13621469999998,41.55388349990003
2026-04-01,13.039724053677007,77.74629680212028,40.07560694000006,39.249591136700026
2026-04-01,12.822095811753428,77.53018287208394,35.49546013999998,35.5768261061
2026-04-01,13.06782607061452,77.71980392756457,43.82517488000002,40.51362620300003
2026-04-01,12.963029791380723,77.45009401708698,44.833490780000034,40.10254093760001
2026-04-01,12.837158437685526,77.73457433098505,44.92577732000001,40.287985612700005
2026-04-01,13.041751915365047,77.65722933759588,41.12835710000002,40.463825651600004
2026-04-01,13.024093750926257,77.60889202953443,39.24502808,38.923272767300006
2026-04-01,12.884083818508952,77.67581085589438,41.176209380000046,38.50283921720001
2026-04-01,12.960997701436728,77.60982043681904,35.187838339999985,37.205837348000024
2026-04-01,13.088003813440558,77.73210805887162,43.47995486000002,38.895005741900015
2026-04-01,12.950905532150273,77.5208288143448,38.74599716,37.023827783
2026-04-01,13.135479833544563,77.51527990315356,39.51505166000004,35.764236142700014
2026-04-01,13.019089901964476,77.59417583704567,38.44862942000003,38.665451518700024
2026-04-01,13.078598361650098,77.72889003655705,45.49658666000005,41.41803429500001
2026-04-01,13.010068842191268,77.67052890864885,40.63274420000005,38.68419935840006
2026-04-01,12.819214000774537,77.5083919128498,42.868129280000005,43.71506336570003
2026-04-01,12.96163595041481,77.62611120881644,36.346547120000025,36.67214770520003
2026-04-01,12.94042849705359,77.64795887031055,41.176209380000046,41.16954424100001
2026-04-01,12.804576029199623,77.55483832728282,42.03755042,40.63229985740003
2026-04-01,13.13314484126073,77.53639266343872,40.63958023999999,39.11020428110001
2026-04-01,12.897552205179524,77.6099468142164,39.145905500000026,39.38337243950003
2026-04-01,12.862210147596643,77.51940770301103,39.43301918000003,39.31056861350003
2026-04-01,13.026549398260858,77.5215598006238,41.50092128000006,37.95915186590002
2026-04-01,12.915107863584527,77.70092505870903,42.15718112000002,38.22536435360002
2026-04-01,13.028415030280328,77.60459964496367,40.475515280000025,39.17977807820003
2026-04-01,12.943168099728988,77.74796994235142,41.31634819999999,39.253573130000014
2026-04-01,12.820766236480434,77.57777556799591,42.10249280000005,39.521409177200006
2026-04-01,13.096477749549395,77.45149588333445,39.87736178,37.975216559900026
2026-04-01,12.848349355923329,77.56237692314068,40.23967190000002,39.25316296760004
2026-04-01,13.07476504333073,77.66026262408478,37.28650262000002,37.09984454780002
2026-04-01,12.938786127109054,77.6680860962376,38.92031617999999,37.9117439285
2026-04-01,13.136831456348853,77.71208945930496,35.83726214000001,35.25657472220001
2026-04-01,13.144747109605156,77.57993414260528,40.67034242,38.62288007960004
2026-04-01,12.853124189106326,77.47337027225254,42.23237756000003,39.40008655730005
2026-04-01,12.90405219945212,77.59929631554283,36.42857960000004,37.64643721610001
2026-04-01,13.108697840512717,77.62565234226663,39.72013286000004,40.37743519610002
2026-04-01,12.8649720856785,77.5870534785553,36.22349840000004,37.4293074956
2026-04-01,12.826822763272526,77.4661028950926,44.358386,41.29329365510002
2026-04-01,13.019407753592551,77.56162848321638,37.983778700000016,39.068743698500036
2026-04-01,13.038037372430386,77.67360228901532,43.07321048000006,38.98883039090003
2026-04-01,13.01164114604864,77.49667810149722,43.83884696000001,39.63423801740003
2026-04-01,12.91114587605136,77.52473635988966,36.69176714000002,39.63480199070002
2026-04-01,12.96768961507028,77.61723728809956,34.24446482000002,38.26431269150001
2026-04-01,12.856728087293504,77.71002657278932,45.31543160000001,39.29004340340002
2026-04-01,12.94799860468776,77.52776092589842,44.44383650000003,39.718748561900014
2026-04-01,12.967175516897568,77.6134857251087,37.51550996000003,40.28832741470002
2026-04-01,12.81564699596091,77.46797755467554,43.64743784000001,37.37448245480004
2026-04-01,12.82626004035478,77.454266378554,41.40179870000003,38.96312688050003
2026-04-01,12.944729468723514,77.47643220535801,41.31634819999999,40.04452004810002
2026-04-01,13.125429770703628,77.7063882407705,41.377872560000014,36.709369943000006
2026-04-01,12.870201464613563,77.6298116571387,34.21712065999998,33.850264573400004
2026-04-01,12.956293886043666,77.50150234491772,37.597542439999984,38.962819258700044
2026-04-01,12.900877645089674,77.705732995833,39.56290394000001,38.34836180329998
2026-04-01,13.047719960663375,77.48754454588511,42.30073795999999,39.17569354430002
2026-04-01,13.001811020585388,77.65210718926991,38.62978448000001,38.64702839090003
2026-04-01,12.950401547864642,77.56015707176402,36.315784940000015,38.83375482350004
2026-04-01,13.019349927018574,77.55221122735612,42.27339380000001,39.35843798360003
2026-04-01,12.866329732917032,77.73107482414531,42.41695063999998,39.07587027020005
2026-04-01,13.07906306997234,77.7313832345644,45.80762648000001,36.5655909317
2026-04-01,12.863607515626695,77.56213718710191,37.48816580000005,38.316591307400024
2026-04-01,13.024775082204288,77.51564245501174,42.63912194,39.31960927640003
2026-04-01,12.835771611102649,77.61726264711164,39.30313441999999,40.169893021700005
2026-04-01,13.084592100274632,77.64179485434015,39.40567501999999,37.93666129429998
2026-04-01,12.826438047237795,77.6572625823546,43.06295641999998,40.95405517010003
2026-04-01,13.125870940118867,77.49566566817217,36.77379961999998,34.565553618800024
2026-04-01,13.116477436955616,77.71933643496655,46.12208432,41.39858576120001
2026-04-01,13.09472472169826,77.69260679592715,41.93159179999998,38.47739205830007
2026-04-01,12.955047020004722,77.52682010289101,38.56142408000005,38.310780673400025
2026-04-01,13.059741556151137,77.47411082142752,42.833949080000025,40.55720595800003
2026-04-01,13.127133335166883,77.5131465376411,39.23819204000006,40.629821792899996
2026-04-01,12.856348017884494,77.63498152236662,41.57953573999998,39.31598617520003
2026-04-01,12.992033905651551,77.52177499665112,40.20549170000004,38.16016562210003
2026-04-01,12.915029431925683,77.57266820912614,40.09611505999999,39.26428862270003
2026-04-01,13.100773200431632,77.59436596653302,42.259721720000016,38.38276417460002
2026-04-01,12.979003205776875,77.56573673484417,37.019897060000005,36.68698191200001
2026-04-01,13.04383482230446,77.5221706547562,43.64401982000004,39.20455872320004
2026-04-01,12.977335767544943,77.48376036725335,42.457966880000015,41.603666961200034
2026-04-01,12.902131228370804,77.57940301339407,38.94766034000003,39.36556455530003
2026-04-01,13.092770914766962,77.49691590441515,43.27829168000005,41.13587674400002
2026-04-01,13.043269715176192,77.57685032134874,39.64835444000005,38.19067145060003
2026-04-01,13.091382862993926,77.73090818219012,46.67580356000002,41.51729359580003
2026-04-01,13.064921219699364,77.67677715200749,39.231356000000005,37.75724942450001
2026-04-01,12.955099259042592,77.7467020636773,38.25380228000006,38.076646303400004
2026-04-01,12.851546973698529,77.64690551627417,42.91256354000001,41.58411588680001
2026-04-01,12.989573394270714,77.59988694040455,38.71523497999999,36.999935823200005
2026-04-01,12.976631151028895,77.66087768609707,43.31930792000003,39.3733234607
2026-04-01,12.80843693210941,77.71175919488911,47.97123313999998,41.70543850670005
2026-04-01,13.035252528690105,77.57772418731585,37.85731196000006,39.1586376245
2026-04-01,12.940986914321543,77.67631147981668,43.00826810000001,38.73878513780001
2026-04-01,12.863878910381096,77.59207329110298,37.68299294000002,38.99277820400003
2026-04-01,12.993435519600313,77.47175843932189,43.54489724000001,41.52847052120001
2026-04-01,12.966664559213935,77.5347100275468,38.34267080000001,37.67388391670002
2026-04-01,12.900334095582364,77.69234194381116,34.11458005999998,32.90755756730002
2026-04-01,12.843632304161137,77.65141089822741,40.15422139999998,38.956957354400004
2026-04-01,13.08428597073177,77.64342162190161,38.53407992000001,38.95386404630002
2026-04-01,12.80950687931495,77.62240240141512,42.23237756000003,38.195183237000016
2026-04-01,12.923871295918884,77.74238631338528,43.93796954000004,40.806020723900005
2026-04-01,13.12765271442865,77.45842257614878,41.63764207999998,38.07492020330001
2026-04-01,12.941775517792363,77.67210844048499,38.58193219999998,39.10630773830004
2026-04-01,12.950155641955195,77.54439106239313,42.49898312000005,37.81320241190001
2026-04-01,13.115061671794775,77.53088479288346,41.73334664000004,41.4280320035
2026-04-01,13.010493270554406,77.72125374159467,46.94924516000003,40.8757825121
2026-04-01,12.930401769190755,77.58809758569126,38.03846701999999,39.57324345050001
2026-04-01,12.996108556375637,77.70987268749992,40.84124342000001,40.884447192800025
2026-04-01,12.88991365446132,77.46107389946853,38.81777557999999,40.14135255470003
2026-04-01,13.020032110128824,77.7129364374989,40.24992596000004,39.212266358300035
2026-04-01,12.951896488593013,77.68838513678187,40.85833352000003,41.30265902990001
2026-04-01,13.091262904914904,77.68063489109178,43.46286476,40.80439716440001
2026-04-01,12.992528316154424,77.57357030862588,38.19569594000001,38.27489146340002
2026-04-01,13.083461784057942,77.56073460738527,39.36465878000001,38.96310979040003
2026-04-01,13.109094446298649,77.70372069293626,39.870525740000005,38.665861681100026
2026-04-01,12.92266983007878,77.55116592445292,39.22793797999998,38.51982677660003
2026-04-01,12.99047591550516,77.51826835016506,38.21620406,36.79061627840003
2026-04-01,12.87695081312476,77.66355570616528,39.91496000000001,38.39665842590001
2026-04-01,13.093776020160682,77.46121038555638,41.94184586000006,41.44353272420001
2026-04-01,12.899889017398914,77.59831606778486,40.19181962000005,39.426849653900014
2026-04-01,12.945896137812262,77.48128697971846,39.56632195999998,38.67095453090001
2026-04-01,12.8545725221261,77.48374445502746,41.00189036,39.9438593591
2026-04-01,12.909217859884617,77.5670302622191,37.26257648000001,39.4789573688
2026-04-01,13.067802296425114,77.51540214120851,42.23237756000003,41.45670919130001
2026-04-01,12.91920598674998,77.6313209750015,35.48520608000001,35.170320987500034
2026-04-01,13.03486356378041,77.54513825080281,41.295840080000005,38.55752753720002
2026-04-01,12.883838673489729,77.66799314688544,39.79532930000005,38.769513137600036
2026-04-01,12.829028413935184,77.69710330005213,39.66886255999998,37.70650891760001
2026-04-01,12.933120178287371,77.58283322835139,36.42174355999998,38.02834968080003
2026-04-01,12.876100590489523,77.66166083839511,42.38277044000006,40.99746402409998
2026-04-01,13.00670359466214,77.46589830700886,43.46286476,39.33610122290003
2026-04-01,13.061185784680784,77.60503249413755,40.07560694000006,39.55299168200003
2026-04-01,12.996906181215165,77.64867688382728,34.25471888000004,39.85488829850004
2026-04-01,13.119144833001656,77.46200531701301,37.87440206000002,38.82175757330004
2026-04-01,13.092120796699747,77.49206430020391,39.86027167999998,40.09802915120002
2026-04-01,13.001755056010976,77.54285560791335,38.91348014000005,38.270875289900026
2026-04-01,13.013176123233428,77.49566400956598,43.36716020000006,39.518743121600025
2026-04-01,13.128192730352657,77.58055935644752,40.78655509999999,38.09876089280006
2026-04-01,12.837127251775351,77.63476837482513,42.76900669999998,41.34758890280002
2026-04-01,12.86438642525635,77.65103784355017,41.19329948000001,38.981806359800046
2026-04-01,12.819732450422748,77.59163038599789,45.00780980000002,40.86284530640001
2026-04-01,12.90731410128156,77.509966652188,37.97352464000005,38.094556728200025
2026-04-01,13.045059565568884,77.71350701887269,40.80706322000003,38.139760042700054
2026-04-01,13.03554995390506,77.52131336294283,41.25482384000003,36.56642834660002
2026-04-01,12.948931160596633,77.6542264147041,45.305177540000045,38.67052727840002
2026-04-01,12.92339537185378,77.5864916688727,38.12049950000005,39.66226578140001
2026-04-01,12.929565697084644,77.65960717289681,39.49454354,38.28206930540002
2026-04-01,12.82021751762089,77.72978073489192,32.02616984000002,30.91615075490006
2026-04-01,13.033718050462523,77.65555253957267,40.33537646000002,40.37263287800002
2026-04-01,12.866492787448976,77.56663239688575,33.62922121999998,33.43935020899998
2026-04-01,12.965884934120997,77.58465090276773,40.92669392000005,39.20291807360003
2026-04-01,13.144649032491657,77.5773503656093,40.72161272000005,38.365007560700036
2026-04-01,12.948409952127925,77.61637891577053,39.05703698000002,38.75611449920004
2026-04-01,13.099751520413864,77.7338042255923,43.07662850000003,38.76985493960002
2026-04-01,12.883243334415695,77.64787353662467,38.65029260000006,37.9451892542
2026-04-01,13.095415758671324,77.65062548104855,41.16253730000005,37.30620750530004
2026-04-01,12.870438171661366,77.48959288926129,42.26997577999998,39.234056235800026
2026-04-01,13.021202439355411,77.6937758711621,41.66840425999999,37.3802247284
2026-04-01,12.91124249479719,77.73636694683182,44.65917176000005,39.868902180499994
2026-04-01,13.023887756854462,77.46860279086289,41.65815020000002,38.77298242790002
2026-04-01,12.97589420390104,77.61870699342066,36.493521980000025,36.521601014299996
2026-04-01,13.105596521682434,77.52735801885375,39.93546812,39.75839759390001
2026-04-01,13.056875984098449,77.74408580968517,38.96133242000002,38.117628363200026
2026-04-01,12.956740382104329,77.4801134935923,40.61223608,39.18340117940003
2026-04-01,12.913537605428568,77.54702196857576,39.42618314000004,38.79309747560002
2026-04-01,12.930684302283543,77.55358012959788,38.81777557999999,39.13243850120002
2026-04-01,13.056524748259326,77.52321100868645,39.81241940000001,39.708169790000035
2026-04-01,13.117390735168662,77.74538098894384,45.15136663999999,38.68107187010005
2026-04-01,13.138107138509062,77.64124253738822,38.01795890000005,38.77522123100004
2026-04-01,12.999060255044714,77.47861265035655,42.62203183999998,39.227749988900015
2026-04-01,13.137454546091195,77.46147445023426,41.85981337999999,39.94632033349998
2026-04-01,13.135269137176136,77.67450028036934,38.68105478000001,37.871701824200066
2026-04-01,13.10674835454714,77.66838783737899,41.555609600000025,39.55839215360002
2026-04-01,12.950432283385933,77.65651563052725,43.02535820000003,37.91302568600002
2026-04-01,13.03937044125431,77.57197380788612,38.81435756000002,38.89985933030002
2026-04-01,13.05660585804022,77.6736996268492,43.71921626000005,40.78151352050003
2026-04-01,12.895694961386354,77.48486555369884,41.063414720000026,39.884847243799996
2026-04-01,12.965862398237576,77.46965988563281,46.72707386000002,41.51710560470005
2026-04-01,13.146069569503508,77.62646461050103,39.71671484000001,39.48851073470004
2026-04-01,12.840539001263116,77.52837989187819,44.42674640000001,42.80911716470001
2026-04-01,12.863237119412965,77.53198871583551,38.52382585999999,39.67660437530006
2026-04-01,13.037100008896228,77.62942398738609,37.86756602000003,38.47041929750002
2026-04-01,12.93143329607276,77.63224223328093,36.1893182,37.801290612200035
2026-04-01,12.958341043335796,77.57960919414118,41.99311616,39.12953318420002
2026-04-01,13.03943214147542,77.50524932175614,42.24604964000002,39.853128018200024
2026-04-01,13.00769259720548,77.45034079815525,45.36328388000004,41.76313468430001
2026-04-01,13.088072688158965,77.59435930221841,39.72696890000003,38.31517282910002
2026-04-01,12.999869388556393,77.50061290906804,41.33002027999999,39.2205721469
2026-04-01,13.033685734240118,77.62561452895446,37.44373154000005,37.868557245800005
2026-04-01,12.967895683607448,77.71652103447083,38.34608881999998,38.67392820830001
2026-04-01,12.975548551612084,77.68313700050554,39.603920180000046,38.756251220000024
2026-04-01,12.992040457557495,77.50556245413368,41.97944408000001,39.38779877540002
2026-04-01,12.823916277972646,77.70789468008451,46.62795128000005,41.07556578110001
2026-04-01,12.941696996695285,77.5061713454454,37.82313176000002,38.79277276370003
2026-04-01,12.923031746952526,77.57244742760282,39.046782920000055,37.877187746299995
2026-04-01,13.123311640535208,77.6955909938645,45.70166786000004,38.9283143468
2026-04-01,13.112326413550049,77.47616423302179,43.57907743999999,42.07352508050002
2026-04-01,13.144177515689792,77.47558704148463,39.04336490000003,39.43595867720001
2026-04-01,12.919937123923305,77.49059806934224,38.72890705999998,38.28434228870005
2026-04-01,12.96861128756096,77.60686627305067,39.62442829999998,39.10471835900003
2026-04-01,12.80915704269744,77.63838888334288,44.51903293999999,40.83963695060004
2026-04-01,12.948287323882454,77.67714833974335,41.059996700000056,39.42245749820001
2026-04-01,13.133701304414918,77.59561200887579,41.9486819,40.53138281689999
2026-04-01,13.004356332588484,77.61607800338047,36.168810080000014,36.55598629550005
2026-04-01,13.006864851835152,77.55847541400269,37.52576402,35.649561571700026
2026-04-01,12.909313729501184,77.60150739220987,45.161620700000014,40.231092669800034
2026-04-01,12.811425397133108,77.67978559229671,43.90720736000003,38.47452092150004
2026-04-01,13.126968481001231,77.4656638328734,42.30073795999999,40.55031864770001
2026-04-01,13.100020374185576,77.50484981408941,45.59570924000002,40.224547161500006
2026-04-01,12.8317316894605,77.65461941246231,40.81731728,41.84125353140001
2026-04-01,12.843503472504112,77.63462014881534,42.143509040000026,38.93224506980003
2026-04-01,13.144213600948062,77.53613142505667,43.57565942000002,40.24597814690002
2026-04-01,12.88142790862443,77.68004758849528,44.70360602000005,41.62918248050002
2026-04-01,13.06158932922074,77.52529416804443,37.08825746000002,37.56225138350002
2026-04-01,12.822343939718444,77.58066545353651,41.89057556,41.68328973710003
2026-04-01,12.860173867317677,77.60878213403014,37.67957492000005,38.592733143200036
2026-04-01,12.835584513775336,77.58089459830934,37.17370796,39.04953442610005
2026-04-01,12.958655290699468,77.49001937753022,39.66202652000004,38.77317041900003
2026-04-01,13.148996431635352,77.57045216124205,41.33343830000001,41.02815784369998
2026-04-01,13.072025924333106,77.52032020576426,40.45158914000001,38.158200260600026
2026-04-01,13.136531282807836,77.52344950275358,42.26997577999998,39.9476875415
2026-04-01,12.84413469250455,77.70283076861091,40.86516956000003,41.66633635790003
2026-04-01,13.063640881363357,77.71501313332563,40.39006477999999,39.00940687130003
2026-04-01,12.988682390882971,77.60242699040292,40.69085054000004,40.07350485770003
2026-04-01,12.909779734359663,77.6913729311674,38.79043142,38.812084576700016
2026-04-01,13.111726346501294,77.52551968735344,42.44771281999999,39.554649421700034
2026-04-01,12.956287859305748,77.69523049623037,39.55948592000004,38.66933097139999
2026-04-01,12.940548023634497,77.509791363702,37.71717314,39.25143686750002
2026-04-01,12.85818019360721,77.46848740192945,40.41399092000006,39.93410091200001
2026-04-01,12.85441466602096,77.72556788037583,41.897411600000055,39.686294462000056
2026-04-01,12.997165629241128,77.59146951052192,39.525305720000006,39.998889481100015
2026-04-01,12.872608576793198,77.64293748314131,39.28604432000003,39.465610000700025
2026-04-01,13.041047494189923,77.51345745902087,38.062393160000056,37.8767775839
2026-04-01,13.141871979815384,77.46030131830877,39.94572218000002,38.52045911030008
2026-04-01,12.927835782531286,77.47107557880294,43.65085585999998,41.952185370500004
2026-04-01,13.03034628566072,77.5027661942429,43.90720736000003,40.12062226340004
2026-04-01,12.874943259411678,77.56992576751395,38.65712864,39.827697949400026
2026-04-01,13.04050317278898,77.49234838582674,40.81731728,39.66204361010003
2026-04-01,12.840948654757042,77.46437196238591,44.05418222000003,41.3461191542
2026-04-01,12.813143242477018,77.65252842448788,43.89695330000001,41.422323910100005
2026-04-01,13.081674692734728,77.46143257105969,38.73232508000001,39.4158607196
2026-04-01,13.096153342843325,77.48444859668537,39.35440472000005,36.19622260040003
2026-04-01,13.039573885046735,77.66685387968315,40.52678558000002,39.071939547200024
2026-04-01,12.912466931595336,77.50885556209606,38.87588191999998,38.408860757300026
2026-04-01,12.962940922785895,77.45896344783898,45.98878153999999,41.784531489500026
2026-04-01,13.107049951425628,77.69684202184702,40.656670340000005,41.264821548500024
2026-04-01,12.90109172372167,77.74029905234937,46.09132213999999,41.532008171900024
2026-04-01,13.126496611232708,77.51379952539357,38.63662052000001,39.36744446630003
2026-04-01,12.909062532817998,77.70387570376917,39.750895040000046,39.667529532200014
2026-04-01,12.902316071975914,77.5956542206823,37.54969016000001,37.731289562600004
2026-04-01,13.107814325079952,77.65166176108025,42.79293284000005,39.68299607270001
2026-04-01,12.824103928759174,77.57997128152478,42.03755042,41.16949297070001
2026-04-01,13.123177239656512,77.63512298634859,39.21084788000002,38.244112193300026
2026-04-01,12.844226506607084,77.5635733181517,41.179627400000015,38.989804526600054
2026-04-01,13.14478552860976,77.74767278824703,33.53693468000006,31.8216526133
2026-04-01,12.886310367429402,77.59301415069,39.51846968000001,40.352022217400005
2026-04-01,13.021513586849244,77.71837872465865,39.94572218000002,38.67681643520001
2026-04-01,13.095803844568762,77.49302377532985,40.608818059999976,39.494594810300015
2026-04-01,13.061887075503162,77.55205633399946,41.097594920000006,38.77434963590006
2026-04-01,12.983746456236815,77.47712239679106,40.49944142000004,38.443280218700004
2026-04-01,13.105357701058049,77.74506478331439,42.310992020000015,39.53784985340005
2026-04-01,13.108996604776726,77.50250640696152,36.69176714000002,36.9115287359
2026-04-01,12.821744584581692,77.61298913354382,30.85378897999999,30.6241663964
2026-04-01,12.82289060557722,77.58779087954031,43.38766831999999,40.59500925920002
2026-04-01,12.817490947003732,77.46901785940442,46.55617286000006,43.58058136880004
2026-04-01,12.96629239143536,77.69853867494176,40.56096578000006,39.314328435500016
2026-04-01,13.1194974697896,77.67452028229857,43.10055464000004,39.43754805650003
2026-04-01,13.044080274786449,77.68123378023992,42.73482650000005,38.7021097832
2026-04-01,13.12888307205522,77.67704686340124,46.08106808000002,38.42212267490002
2026-04-01,12.989599111434911,77.73412124061781,37.16345390000004,36.46701523490004
2026-04-01,12.908236207036754,77.63306486976148,38.77675934000001,38.51528081000001
2026-04-01,12.876640826384875,77.58630989729996,42.77584274000003,37.819696649899996
2026-04-01,12.88056663718057,77.60231339659391,41.10784898000003,39.52101610490003
2026-04-01,13.099401798435348,77.50405056300359,45.40771814000004,41.91569800700001
2026-04-01,12.86319766472906,77.45499975407685,41.51459336000005,39.35134559210003
2026-04-01,12.810088272796731,77.71299959041193,45.633307460000026,39.5034987524
2026-04-01,12.841116650005944,77.64335593770446,39.344150660000025,38.84706801140001
2026-04-01,12.980706387214331,77.48496778579624,39.37491283999998,38.31452340530004
2026-04-01,13.077583161689969,77.67350240920625,30.511986980000017,30.33918897890001
2026-04-01,13.13966196894327,77.74084903070795,44.228501240000014,39.52843320830002
2026-04-01,12.974126758650977,77.72119272093836,40.58147389999999,36.96855839960001
2026-04-01,12.941813073082647,77.46281359848615,45.58203716000003,42.27677763980004
2026-04-01,12.846804052541408,77.72334044955527,43.05270236000001,40.851292398800034
2026-04-01,12.98297179334308,77.7301509728853,40.571219840000026,39.28838566370001
2026-04-01,13.047301942944348,77.62401480522819,41.02581650000002,39.363359932400016
2026-04-01,12.969870469496176,77.74384613135302,37.56678026000003,38.91108752600003
2026-04-01,13.081773311392736,77.57760497078361,38.09315534000001,36.87593005760002
2026-04-01,13.066568159096413,77.72222264161681,45.141112580000026,40.838662814900005
2026-04-01,12.98761242706095,77.45811445770504,42.99459602000002,38.8612186142
2026-04-01,12.971920208469175,77.60088485001653,37.460821640000006,37.5384277841
2026-04-01,13.111141320932338,77.67953160460617,41.22747967999999,38.46946225190002
2026-04-01,12.85780535229657,77.70573424790616,44.85741691999999,39.577242533900026
2026-04-01,12.971392283826257,77.68000900079845,38.82802964000001,38.87877014690002
2026-04-01,13.02105029737408,77.4725071553465,43.68845408000004,40.66793271590001
2026-04-01,13.098065983219918,77.53789316547216,41.83930526000006,40.73212313150003
2026-04-01,12.915254441316655,77.54114213427077,37.60437848000004,38.61078028880002
2026-04-01,13.093332498642171,77.74080275802258,44.73778622000003,41.26933333490003
2026-04-01,13.11239587349784,77.6192816305913,41.39838068000006,39.44419610540004
2026-04-01,13.12336183856664,77.74299541780118,42.53658134,41.04758928740003
2026-04-01,13.149662381514322,77.6591242879502,41.96235397999999,38.88639233150004
2026-04-01,13.023890363577166,77.58808512176593,40.59856400000001,39.17617206710001
2026-04-01,13.127702793338424,77.54980915375607,35.09555180000001,36.60047182580001
2026-04-01,13.109175899520814,77.67797848870643,46.94924516000003,41.26818829820003
2026-04-01,12.952247221052298,77.73487474454834,39.55264987999999,38.698315781000034
2026-04-01,12.998493040329434,77.68418822191344,39.34756868,38.80832475470001
2026-04-01,12.97968908971801,77.57518599206367,39.58341206,39.701128668800024
2026-04-01,12.896973663520328,77.61994356461823,41.03607055999999,38.643148938200035
2026-04-01,12.995574215504146,77.57817294317819,39.74405899999999,38.22780823790003
2026-04-01,13.00569657452779,77.66723278554763,40.61565410000003,38.907396064400004
2026-04-01,12.95735645269539,77.64158218529616,37.85731196000006,39.991506557900024
2026-04-01,13.134682111651408,77.45968365237717,38.56142408000005,37.711089064400035
2026-04-01,12.917808972235123,77.74458726867871,41.19671749999998,39.432848279000034
2026-04-01,13.00749980868095,77.70888425713588,41.206971560000056,39.145478247500044
2026-04-01,12.964911167568989,77.48816584460884,40.56780182,38.95953795950003
2026-04-01,12.90865497452012,77.55397318252152,39.79191128000002,39.54024246740003
2026-04-01,13.04563414353425,77.51891828154426,41.29242206000004,40.66940246450002
2026-04-01,12.870375088918983,77.70913090160452,42.56734352000001,41.54441558450004
2026-04-01,12.825946122340811,77.46732106202197,43.25436553999998,42.782354068100005
2026-04-01,13.09541157907953,77.54099447932141,39.50821561999999,38.07010079509998
2026-04-01,12.915491559119944,77.64781284419145,36.19273622000003,39.7768036316
2026-04-01,12.813490479693344,77.61850674341666,44.49510680000003,41.6334208253
2026-04-01,12.97807700594781,77.47782818875392,40.33879448000005,39.10295807870005
2026-04-01,13.036572350875872,77.65034687194293,40.63958023999999,38.69701693340004
2026-04-01,12.979545513596792,77.48165267834113,41.43256087999998,41.0282432942
2026-04-01,12.983952624670202,77.5106250897173,41.206971560000056,39.09897608540002
2026-04-01,12.959093308582014,77.53472291982887,38.838283700000034,38.40060623900002
2026-04-01,12.958756987497932,77.7246396850857,37.03698716000002,38.645216840300044
2026-04-01,12.861134167577688,77.72210998700267,40.13713130000002,39.92224038260001
2026-04-01,13.086337041064176,77.5438136046317,41.13861115999998,39.44286307760003
2026-04-01,13.128605889364335,77.66791194791661,46.682639600000016,41.280595710800014
2026-04-01,12.89224768683529,77.66352290794435,42.53658134,37.78150027640001
2026-04-01,13.021245355293305,77.52490103256872,43.93113349999999,39.004707093800036
2026-04-01,12.83127992569062,77.64059103949914,43.162079000000006,39.44757994520005
2026-04-01,12.855757542769249,77.67237703373556,40.52678558000002,39.01960966100003
2026-04-01,12.833183483915466,77.69017120350192,39.378330860000005,37.19578836920002
2026-04-01,13.048019545643209,77.50471914842544,40.25334398000001,39.28373715650004
2026-04-01,13.03502782612778,77.5960852970391,41.10443096000006,38.48515096370003
2026-04-01,13.019555045355322,77.57566136903343,40.46184320000003,38.82802964000006
2026-04-01,13.126518241833905,77.57505347163294,40.63274420000005,37.1998045427
2026-04-01,12.830109792590408,77.5096097303398,38.45546546000003,40.11291462830006
2026-04-01,13.046937563076682,77.64696128047291,43.04928433999999,40.68982513400002
2026-04-01,13.068562386299355,77.50482803526641,38.48622764000004,37.537932171200026
2026-04-01,13.088299513151547,77.7373884939651,45.06933416000004,38.649831167300015
2026-04-01,12.845915504532698,77.60377522695953,40.51653152000006,39.00026366780005
2026-04-01,12.933283358096116,77.55609602119192,38.55458804,39.54786465200002
2026-04-01,12.835744169324082,77.7095688632641,47.20217864000006,41.5407924833
2026-04-01,12.960606522259823,77.56507248153396,39.166413620000014,39.211104231500045
2026-04-01,13.07393572447729,77.50544127171983,40.30119625999998,38.93424461150005
2026-04-01,12.90941508701774,77.55675396859338,40.79339114000004,39.90203988440004
2026-04-01,13.09003383497557,77.67647103062451,42.53316332000003,38.49419162660002
2026-04-01,12.911852133255907,77.7454711076624,43.25778356000001,41.42211882890001
2026-04-01,12.931827814215636,77.53553567249129,39.11172529999999,39.04979077760003
2026-04-01,13.133525374459348,77.48475951216655,38.872463900000014,39.52450248530006
2026-04-01,12.985914437837396,77.60666639928286,42.44771281999999,40.006665476600034
2026-04-01,13.137782063570752,77.7065392173896,42.70064630000002,38.78562910190006
2026-04-01,12.801672976198684,77.65099748562864,43.19625919999999,41.45416276640001
2026-04-01,12.95739293061188,77.67330579337043,37.477911740000025,36.66830243270002
2026-04-01,13.030282217766588,77.681456345056,38.46913754000002,37.70069828360002
2026-04-01,12.840264281691354,77.50639993036744,41.99995220000005,41.640000513800004
2026-04-01,13.062289250308506,77.65208595009327,42.20161538000002,37.65187186790002
2026-04-01,13.140008306779666,77.46361230028118,42.30415598000002,40.056021685400005
2026-04-01,12.908716580712188,77.46718062804332,41.60004386000003,40.16594520860001
2026-04-01,13.10040192334376,77.54254122617556,43.72263428000002,40.26826363730004
2026-04-01,12.928489307101108,77.53589287612787,39.74747702000002,38.933902809500026
2026-04-01,13.052706557560672,77.58968909809472,38.937406280000005,37.57441953470002
2026-04-01,13.04780627690549,77.70562559712803,34.7195696,35.07653051870002
2026-04-01,12.984254917006364,77.57732523900717,37.25574044000001,39.42196188530003
2026-04-01,12.84179332198675,77.5819144908825,37.61805056000003,39.42673002320003
2026-04-01,13.118436972099968,77.54879904101018,41.28558601999998,39.83338895270003
2026-04-01,12.936661542190231,77.74912850383997,40.913021840000056,38.59767218210001
2026-04-01,13.037726361722015,77.64493706394023,38.35292486000003,37.2442217126
2026-04-01,13.028634030864682,77.63271598045182,40.32854042000002,39.15330551330001
2026-04-01,12.80714559444204,77.60304502777822,40.89251372000001,40.22724739730002
2026-04-01,13.073349231118437,77.69035237778604,41.9486819,41.0482558013
2026-04-01,12.982312906916782,77.57822744646542,42.92623562000006,39.614225510300024
2026-04-01,12.97787719962965,77.70960102582346,40.755792919999976,36.80770637840003
2026-04-01,13.035294081764938,77.69063673188211,40.10636912000001,38.731795286899995
2026-04-01,12.88984111359918,77.46134817362497,38.79726746000006,39.18282011600004
2026-04-01,13.01986279864272,77.73953883504505,40.80706322000003,38.95921324760003
2026-04-01,12.98247855669054,77.69940072393621,41.16253730000005,38.001381503000026
2026-04-01,13.11692930923406,77.50493295276888,39.033110840000006,39.325932613400035
2026-04-01,13.065412557464033,77.73337961739394,41.18304541999999,36.9755140703
2026-04-01,12.991486750506684,77.45966216091108,44.00632994,39.48929687930004
2026-04-01,12.854290810204176,77.71142056141763,44.83690880000006,39.54528404690002
2026-04-01,12.909958481511056,77.524303059851,37.78211552000005,40.00229041100001
2026-04-01,13.08724627516532,77.56126306445412,39.06045500000005,37.7033814293
2026-04-01,13.043419458281043,77.5670772699818,35.987655020000034,37.20783688970001
2026-04-01,12.962233123574643,77.69311283303394,35.987655020000034,37.03271463499999
2026-04-01,12.920955959790977,77.53566225869878,37.06091330000004,37.84085419370005
2026-04-01,12.99191000093378,77.55475250377539,39.62442829999998,38.42649774050002
2026-04-01,12.988836097395197,77.56548696376383,39.54923186000002,37.80667399370001
2026-04-01,13.14009588517922,77.53289596593659,45.68799578000005,41.18290869920001
2026-04-01,13.048147832397888,77.4735757698142,41.97260804000001,39.59147858720001
2026-04-01,13.111083655875891,77.6201692573153,41.37445453999999,37.75316489060001
2026-04-01,13.034373513177208,77.59967372876977,41.029234520000045,39.22834814240004
2026-04-01,12.927609506616632,77.48611293318082,40.92327590000002,39.02538611480003
2026-04-01,12.900807118409777,77.67820130794847,38.298236540000005,38.41350926449999
2026-04-01,12.83010432116246,77.63552720109631,44.45067254000003,40.913876345000006
2026-04-01,12.85645100192572,77.56855370764289,40.79339114000004,40.686253303100024
2026-04-01,12.840785783464986,77.50188922892876,41.62396999999999,42.7367576813
2026-04-01,12.800429159350491,77.69649796635886,42.84420313999999,40.88174695700001
2026-04-01,13.062411959760338,77.55356496027117,40.393482800000015,38.231328798500016
2026-04-01,12.826339384246472,77.72711980445389,40.10636912000001,39.244840088900034
2026-04-01,13.130819800577097,77.65476092793921,43.2133493,40.90129803140002
2026-04-01,12.882075636566224,77.6605479658638,43.03561225999999,39.19948296350004
2026-04-01,12.82886188710023,77.62454865318469,45.87256886,40.320388442300015
2026-04-01,12.866604218246712,77.67471860569638,40.08244298,38.349182128100026
2026-04-01,12.905375099808026,77.57980625435393,37.905164239999976,38.788893310999995
2026-04-01,13.00421084399578,77.50851658012968,43.49362694000001,40.32329375930001
2026-04-01,12.826278885894853,77.57678609018252,41.42914286000001,40.49817675260002
2026-04-01,13.081833666095577,77.47918720557631,38.94424232000006,37.52511459619998
2026-04-01,12.999747386450478,77.712558137092,41.671822280000015,40.139062481300016
2026-04-01,12.897325612429768,77.68799814564402,38.85537380000005,38.299091045000004
2026-04-01,12.888822453059756,77.6439693171828,41.88032150000004,38.66492172560002
2026-04-01,12.954660736525629,77.71325047931974,42.488729060000026,39.47849593610001
2026-04-01,12.931247809203343,77.70240154065914,41.849559320000026,38.350617696500024
2026-04-01,13.00704786188162,77.69735435358736,39.607338200000015,37.29388554319999
2026-04-01,12.83621677592703,77.70832433501259,47.26712101999999,41.266240026800006
2026-04-01,12.993251178725211,77.73533742232796,36.79088972,39.12963572480001
2026-04-01,13.109162339931158,77.46739336078633,38.82461162000004,38.780604612500035
2026-04-01,13.08150311776578,77.52963224621074,39.97648436000003,40.12662088850003
2026-04-01,12.882398256803045,77.49613938692737,39.51846968000001,38.95909361690002
2026-04-01,12.9957551100572,77.69407204951507,38.35634288000006,37.68058323590001
2026-04-01,13.085405904901352,77.61175572697687,30.06422636000002,30.574741827200043
2026-04-01,12.943571930127122,77.47581033547803,40.36955666000006,40.21808710370003
2026-04-01,13.140329393068765,77.73279208574411,43.13473484000002,39.42030414560002
2026-04-01,13.104774423254236,77.45277434656448,42.48189302000003,39.76786550930002
2026-04-01,12.973864890795245,77.66094203196131,49.41363758,41.7235540127
2026-04-01,13.046364721583677,77.70648320235473,40.66692440000003,37.01617141820002
2026-04-01,12.866004614945387,77.68424213462465,41.64447812000003,39.608859218900015
2026-04-01,12.929917732475108,77.73369595718343,38.78701339999998,38.89784269850004
2026-04-01,12.882585942162068,77.70005357196032,42.42036866000001,41.77858413470003
2026-04-01,13.033904623117255,77.68830553380441,40.05851684000004,37.033227337999996
2026-04-01,12.942687213725309,77.55782283683408,39.084381140000005,39.14580295940004
2026-04-01,12.901867458115271,77.65673587228008,38.65371062000003,40.92652301900001
2026-04-01,13.008221582615867,77.47916012688813,41.85981337999999,39.284523301100016
2026-04-01,13.022909097589723,77.69883418130547,40.62932618000002,38.709834508400014
2026-04-01,12.851539233713194,77.61241912114617,38.64345656,38.89524500330003
2026-04-01,13.02032039523264,77.7042800886675,40.09269704000002,37.97268722510003
2026-04-01,13.001754880622796,77.50711394093707,41.49750326000003,38.8865632325
2026-04-01,12.874381008908085,77.71314941633818,46.71681980000005,40.848814334300016
2026-04-01,12.86530648670414,77.57482855965954,37.45056757999998,38.61771886940003
2026-04-01,13.091643071031667,77.60760778020418,31.14432068000002,31.028022549500044
2026-04-01,12.976121021342134,77.63752386002564,38.42812130000004,38.314728486500016
2026-04-01,12.902600343306228,77.6134540263945,30.484642819999976,30.149967391700017
2026-04-01,12.841686308778373,77.72913898564812,47.38675172000001,39.20520814700003
2026-04-01,13.00884170440013,77.66718266400693,39.52188769999998,38.83806152870002
2026-04-01,12.987223800852826,77.51424935431099,44.36864006000002,39.312568155200026
2026-04-01,13.062674438608832,77.50126002619045,40.24992596000004,35.92455837080001
2026-04-01,13.086537306471682,77.64755817146336,40.55071171999998,39.9124648454
2026-04-01,13.134428980804678,77.66222231054321,42.82369502000006,38.90837020010004
2026-04-01,13.01961471100785,77.70579503919848,39.49454354,38.54151411350003
2026-04-01,13.005650769114997,77.56224031711409,38.17518782000002,38.660956822400045
2026-04-01,13.027168730944142,77.70269667204543,40.393482800000015,39.261332035400024
2026-04-01,13.006533764457943,77.65220456402193,37.72400918000005,37.90714669160001
2026-04-01,12.956359818125971,77.6992006563941,39.91154198000004,37.471708033700004
2026-04-01,13.04528681330154,77.71378046310122,40.66008836000003,38.83474604930001
2026-04-01,12.914620605091072,77.72301646323892,38.13417158000004,37.391299113200006
2026-04-01,12.887442993047689,77.64562224811785,39.88761584000002,38.55773261840004
2026-04-01,12.895726175274229,77.56414054639606,40.742120839999984,38.26819214420003
2026-04-01,12.978409590033428,77.56481108308708,37.744517299999984,38.401358203400015
2026-04-01,12.990905922924194,77.49254029532838,41.473577120000016,38.77074362480004
2026-04-01,12.833860317321118,77.45128321762142,41.83246922000001,41.38578527630001
2026-04-01,13.09314211298681,77.46616291761094,42.60835975999999,39.307680386600026
2026-04-01,13.092819459823342,77.62704176631568,39.02969282000004,36.96828495800003
2026-04-01,13.040653222907393,77.58581064436878,44.54979512,40.38493775000001
2026-04-01,12.96173406620018,77.60988177427677,37.26941252000006,39.40822144490002
2026-04-01,12.848197788590587,77.54098733971045,38.34267080000001,39.926410367000045
2026-04-01,12.824124043006108,77.59680875453324,40.53020360000005,38.77183739119999
2026-04-01,12.982379721817315,77.64905605833654,35.91245858000002,38.88017153510002
2026-04-01,13.110165257014708,77.74999838097324,40.39690082000004,37.63384181240004
2026-04-01,12.898965281757352,77.501154904429,38.45546546000003,38.26015979720004
2026-04-01,12.88090733857266,77.58305980335666,37.98719672000004,39.56016952400004
2026-04-01,13.030434527176544,77.4601262771896,43.01168612000004,40.915534084699985
2026-04-01,12.971669014711336,77.71381704702068,36.86266813999998,37.804332649999985
2026-04-01,12.885280342093482,77.6323204092459,42.53316332000003,39.901099928900024
2026-04-01,12.948347064795865,77.5532539971514,39.162995600000045,39.38243248400001
2026-04-01,12.900176135323038,77.6845056297257,39.42960116000006,38.901670880900035
2026-04-01,12.983223833839611,77.54016051285815,39.87736178,37.77367301060001
2026-04-01,12.83073603347824,77.74255821750657,44.895015140000055,41.74910371220001
2026-04-01,13.069050694969496,77.6377990146741,40.834407380000016,38.548179252500056
2026-04-01,12.828028077582845,77.7405160263342,47.25344894,41.374471630100004
2026-04-01,13.049937417953762,77.62146929526823,40.882259660000045,38.340329456300026
2026-04-01,13.0417193107356,77.60814185155205,39.5389778,36.87521227340003
2026-04-01,13.060196510155096,77.72343973572677,43.12448078,38.5486577753
2026-04-01,13.045461965321715,77.60421876943815,36.33629306,36.795572407400016
2026-04-01,12.801590754627272,77.46408311952543,47.36282558000005,43.71178206650006
2026-04-01,12.800371757742818,77.48277030239598,44.82323672000001,43.317581819900006
2026-04-01,13.130609409735191,77.5166147885153,38.64003853999998,36.13818462080001
2026-04-01,12.85018603392444,77.63450882677809,43.36716020000006,40.08234043940002
2026-04-01,13.033920417716152,77.70693607228007,42.26655776000001,37.71030291980004
2026-04-01,12.87383913196069,77.46567337446378,38.21620406,39.587650404800016
2026-04-01,12.82803759285283,77.6690252767597,42.62886788000003,39.28093438010003
2026-04-01,12.842966742000248,77.66268326574445,38.78017736000004,38.80328317520004
2026-04-01,12.880388199073735,77.59829655299926,39.313388480000015,37.7861829638
2026-04-01,12.967989448381395,77.64546129769005,37.30359271999998,37.61367549440001
2026-04-01,12.97526195475402,77.4945040627913,43.03561225999999,39.38456874650004
2026-04-01,13.0330467718861,77.673635826277,41.10101294000003,38.99255603270002
2026-04-01,13.077894633298058,77.6066504378172,40.16105744000004,37.54097420900003
2026-04-01,13.130068582127668,77.72951995015944,43.94138756000001,38.848401039200034
2026-04-01,13.002660850936786,77.74937347118733,40.12687724,38.53206328820005
2026-04-01,12.920170887528306,77.52322573640174,39.05703698000002,39.07556264840003
2026-04-01,13.047165896866057,77.55018163957132,39.32706056000001,38.53151640500003
2026-04-01,12.965542271931596,77.65941129975259,37.06091330000004,36.96298702700001
2026-04-01,12.890704810885994,77.56149076401373,41.43256087999998,39.19112590460004
2026-04-01,13.079642665851482,77.57198806399997,41.42230682000002,38.965143512300024
2026-04-01,12.815518850363793,77.62336676266355,45.633307460000026,40.804448434700035
2026-04-01,12.884327906056823,77.47641143071462,39.29971640000002,39.116647248800035
2026-04-01,12.803302327447785,77.51630840595269,36.20982632000005,38.30608089590001
2026-04-01,12.997563628493356,77.52441818897385,43.38425030000002,39.34512479570003
2026-04-01,13.135741184041995,77.7309238754188,42.7860968,38.56017650270003
2026-04-01,13.038696809059164,77.51455593428004,42.44429480000002,39.328410677900045
2026-04-01,13.041949314444633,77.49249795421319,40.164475460000006,38.062444430300005
2026-04-01,12.919743898993232,77.68465750704955,37.58728838000002,38.69954626820002
2026-04-01,12.938279249523184,77.45338554337965,43.763650520000056,38.91048937250002
2026-04-01,12.888274916758194,77.67599694941634,40.755792919999976,38.735862730700035
2026-04-01,12.917216048896204,77.68233456570687,35.47153400000002,37.62746720510001
2026-04-01,13.114951701374952,77.6082050710323,40.803645200000005,40.16955121970002
2026-04-01,13.010116563217812,77.46703470332349,42.58443362000003,39.44098316660002
2026-04-01,12.883061822850088,77.58932097352195,37.44373154000005,38.47499944429998
2026-04-01,13.134963515765536,77.66886979473159,41.996534180000026,38.893929065600034
2026-04-01,13.060035848334332,77.57722382403105,40.80022717999998,38.9706294344
2026-04-01,12.810085376673896,77.70621251732278,43.48679090000002,41.63287394210002
2026-04-01,13.089568410127027,77.50130519190704,42.66304808000001,39.57883191320002
2026-04-01,12.96190943514698,77.6493501601379,37.10534756000004,38.43828990950002
2026-04-01,13.054370317221451,77.56134165782252,40.50627745999998,37.12363396700004
2026-04-17,13.055804850115496,77.71722378095538,42.91598155999998,46.3400172752
2026-04-17,12.989300614818234,77.57620732389448,38.84853776,42.99273319910004
2026-04-17,12.923759405919329,77.51694821453367,37.101929540000015,42.04107098060004
2026-04-17,13.047092063950853,77.46667651576367,45.92042114000003,49.05319028090002
2026-04-17,12.883348543797943,77.47366146518173,41.10784898000003,44.38203869840001
2026-04-17,13.00256636896198,77.70383065349624,40.54387568000004,45.47563419740001
2026-04-17,13.055956262814105,77.53120501750378,38.60244032000003,42.90092518190002
2026-04-17,13.0521352688843,77.60878898732734,39.27579026000001,43.63631218490005
2026-04-17,13.056199870571474,77.4516756393428,43.309053860000006,44.95426651670004
2026-04-17,12.93301936077228,77.54469537128247,37.66932086000003,43.81931297570003
2026-04-17,12.9196043061921,77.50651190929412,35.464697960000024,43.24248792050002
2026-04-17,12.914700123095535,77.60009629208886,34.82894624000005,43.32347790440001
2026-04-17,12.870616735259771,77.56286278235916,36.79088972,43.23452393389999
2026-04-17,13.07082060761886,77.63935332974971,41.52142939999999,43.29483489680004
2026-04-17,12.927328148552016,77.57664423806436,35.23910864000004,41.78653103120002
2026-04-17,12.835792601458666,77.51902937130579,43.35348812000001,43.41137228869999
2026-04-17,12.808779267753144,77.45314045768941,42.66304808000001,47.98000036129998
2026-04-17,13.030649896299217,77.67043395844891,39.50479760000002,44.5131710357
2026-04-17,13.003408201681404,77.61500331319493,38.42128525999999,41.24899611590003
2026-04-17,13.01650806924042,77.5521732061517,39.99015644000002,40.92893272310003
2026-04-17,13.118947937625084,77.45134775802694,36.83532398,42.88725310190003
2026-04-17,12.84413793268211,77.55331125165112,37.53260006000005,44.10858000830003
2026-04-17,12.83517996034326,77.53193978212704,34.97592110000005,43.8057434363
2026-04-17,13.061984972788222,77.69523541949579,42.485311040000056,44.0306662424
2026-04-17,12.83431191317398,77.50512558002015,39.32706056000001,42.876400888400006
2026-04-17,13.000574707963084,77.53533253363474,36.88317626000003,44.04866211770004
2026-04-17,13.048415228491333,77.46704491529628,48.67192724000006,48.8600208806
2026-04-17,12.98925942280579,77.55809271406804,34.972503080000024,41.17913178710001
2026-04-17,13.111209598647113,77.73381312977936,43.87644518000002,43.844606323700006
2026-04-17,12.80326531897083,77.51603193893887,35.36557538,42.35318747690003
2026-04-17,13.026901188849866,77.63572301596136,40.74553886000001,41.32581611540001
2026-04-17,13.048857616719486,77.62192197067024,40.00382852000001,40.935307330400036
2026-04-17,13.063293466072484,77.71772137794575,41.63422406000001,43.09535924960001
2026-04-17,13.115655289025174,77.47758627054887,36.10728572000005,41.211808058300015
2026-04-17,13.04240048913419,77.60853853701803,39.18008570000001,44.80587317840006
2026-04-17,12.929567814111826,77.52072165145285,39.050200940000025,41.62743929030002
2026-04-17,13.114569534214498,77.52786172009135,39.87736178,44.17664987660004
2026-04-17,13.043729721186688,77.67681335852181,43.71238022,46.43864424230002
2026-04-17,13.124943711036387,77.55697375806615,41.900829620000025,41.67870959030004
2026-04-17,12.873459595469736,77.52167858447866,39.66202652000004,44.95380508400005
2026-04-17,13.006770160510651,77.59832372290364,39.952558220000014,42.85570477730002
2026-04-17,13.033633508915267,77.62388422819008,41.69574842000003,43.94119956890003
2026-04-17,13.047052126580043,77.70409599950425,41.34369235999998,44.06459009090001
2026-04-17,13.084277823008732,77.52218311280843,40.89593174000004,45.25718853919998
2026-04-17,13.017503886389813,77.72808138285015,40.81389926000003,43.9611437156
2026-04-17,12.88901618160082,77.57621123583792,37.132691720000025,44.1047860061
2026-04-17,12.85861464224256,77.5451658199049,36.74987348000002,41.773303293800026
2026-04-17,12.878131743528744,77.52729218337848,36.92077447999998,41.77957536050003
2026-04-17,12.944312381221248,77.48318887349569,37.05749528000001,42.267378084800036
2026-04-17,13.110889225854736,77.51466187896514,40.75921094,48.014454002899996
2026-04-17,12.88542230352004,77.51099508236791,39.24502808,44.92647801410001
2026-04-17,12.83955611891811,77.46343602190494,47.37991568000001,46.78446241580003
2026-04-17,13.01893550703068,77.66410102256101,40.13713130000002,42.99603158840004
2026-04-17,13.133749583395518,77.47122651671167,44.92919533999998,48.82732751930001
2026-04-17,12.960555047248995,77.5008682405661,41.83930526000006,45.58113138470001
2026-04-17,12.884411270903268,77.48390173574579,42.88863739999999,47.03809658990002
2026-04-17,12.89200740072384,77.57185619344129,38.87929994000001,42.52108061930003
2026-04-17,12.984553935326996,77.73226099912877,38.968168460000015,44.96158107950005
2026-04-17,13.091266768927142,77.45471361798691,37.90174622000001,46.181267336300024
2026-04-17,12.823363823032524,77.48851382871091,44.91894128000001,47.35349438539999
2026-04-17,13.04423350119883,77.71071029870495,43.14840692000001,44.10639247550003
2026-04-17,13.063250617872349,77.73126105028665,43.469700800000055,44.564834407999996
2026-04-17,13.072934336769938,77.63568666243623,41.36420048000002,44.50281443510003
2026-04-17,13.136997046263122,77.5838586305509,41.26507790000005,47.373404351900014
2026-04-17,12.806920334127753,77.55620875551821,35.99107304000006,45.161945411900035
2026-04-17,12.86848075889306,77.54519988964446,35.909040559999994,41.426066642000045
2026-04-17,12.856630136242105,77.54823008128696,33.70099964000002,41.90946012050003
2026-04-17,13.01943857597194,77.54034801410471,41.30267612,45.52886985889998
2026-04-17,13.013000971900167,77.49925235108856,44.242173320000006,46.391031223700026
2026-04-17,12.910412302036194,77.5977694948356,35.36557538,43.538300461400034
2026-04-17,12.80911428642337,77.50444196463795,43.38425030000002,42.86554867490001
2026-04-17,13.01603068672013,77.74561670075663,42.40327855999999,41.5019979563
2026-04-17,12.973063134532614,77.58928565135632,32.38847996000004,39.79842260810003
2026-04-17,13.048000934122683,77.56520313946328,39.638100380000026,40.47850604750004
2026-04-17,12.887506808264073,77.57801615658505,36.55504633999999,42.96005692790002
2026-04-17,12.9246489047011,77.57023386179775,34.777675939999995,43.60177309280003
2026-04-17,12.904974809965628,77.49457485901958,32.627741360000016,43.72295899189998
2026-04-17,12.894225507806462,77.51422716541536,35.73472154000001,42.77310832400004
2026-04-17,13.021096323192786,77.63011991295383,41.33002027999999,43.59109178030001
2026-04-17,12.863612791261051,77.55108661750792,34.04621966000002,41.98011059390003
2026-04-17,12.99339139723773,77.46497329239499,38.43153932000001,47.63623299980004
2026-04-17,13.050503752734556,77.6636918326133,40.48576934000005,44.064863532500006
2026-04-17,12.99388418242691,77.57009496898326,35.49204212000001,39.84740283470002
2026-04-17,13.054161126405056,77.52966597136896,38.92373420000001,43.94072104610001
2026-04-17,12.993629315523355,77.71974363078239,38.56484210000002,43.770537830300015
2026-04-17,12.862405506827088,77.47151231333376,45.34961180000005,45.14789734970003
2026-04-17,12.943178692968758,77.52599703037747,41.88032150000004,45.1360710005
2026-04-17,12.84258771897717,77.52348554160487,36.73278338,45.02912115470006
2026-04-17,13.046215861527152,77.4586435832605,37.91200028000003,41.79401649500006
2026-04-17,13.123491786803609,77.54011288945117,42.72799046,43.829891747600044
2026-04-17,13.055664115195365,77.70012933902457,44.816400680000015,46.50813258890002
2026-04-17,13.006883549181714,77.45235777964814,41.16595532000002,46.16195552329999
2026-04-17,12.880981561281688,77.48345574240285,45.011227820000045,43.43350396820002
2026-04-17,13.084434150909065,77.47042113634058,38.79726746000006,44.33273375989998
2026-04-17,12.889166879694232,77.59727026449774,35.909040559999994,42.92596217840004
2026-04-17,13.077931163235998,77.52985705562386,38.40761318,43.86716525569998
2026-04-17,12.99401669987594,77.54529553974976,37.08825746000002,43.8642941189
2026-04-17,12.885828423925282,77.59405446268892,36.343129100000056,47.16685340330001
2026-04-17,12.927237521772495,77.52650403368985,40.704522620000034,43.92199029650003
2026-04-17,12.990574917555904,77.57362789267592,38.35292486000003,43.5826150907
2026-04-17,13.054963764433124,77.52573421175762,41.16253730000005,47.8654283309
2026-04-17,12.94085868654615,77.56089396209474,37.101929540000015,42.98013779540004
2026-04-17,13.06584395496374,77.57665442246643,31.45194248000001,42.55003124870002
2026-04-17,12.995509545402236,77.59412214204231,40.86175154,41.56883733740002
2026-04-17,13.01902202744228,77.6948879025903,42.553671440000016,44.73934141910006
2026-04-17,12.861895701043924,77.50029750776585,36.10728572000005,44.35156705010001
2026-04-17,12.890951175549397,77.55627827551449,37.542854120000015,41.22148105490004
2026-04-17,13.058642815892282,77.59941911150385,38.45888348000005,44.169215683099985
2026-04-17,12.958379307259849,77.53721214091011,32.53887284000001,42.36670574600001
2026-04-17,13.0257162757458,77.62196295082845,41.77436288000001,43.782757251800014
2026-04-17,12.969230434919288,77.58236316694222,39.43985522000003,44.03107640479999
2026-04-17,13.041397495274078,77.56728102788733,36.67125901999998,42.6406942292
2026-04-17,12.863861718113911,77.54677571914634,33.53693468000006,42.08087382350002
2026-04-17,13.060578409568244,77.6462157494511,41.86664942000005,43.517501809699986
2026-04-17,13.044685737982412,77.64159702516244,40.540457660000015,42.55305619640003
2026-04-17,13.1113801019623,77.51169117566677,43.62692972000002,45.274244459000016
2026-04-17,12.992246741006008,77.58948034046354,37.63172264000002,43.85612505109999
2026-04-17,13.0243547866806,77.7285688548356,30.29323370000003,38.72579666180004
2026-04-17,13.046889792208818,77.58240211678499,41.55219158,43.677106253599995
2026-04-17,12.98711814477486,77.68421976468026,34.56575870000006,43.834847876599994
2026-04-17,12.953888861402758,77.54321966432764,33.08575603999998,42.973865728699984
2026-04-17,13.058988867094795,77.46246179842383,43.10739067999998,43.320726398299996
2026-04-17,12.93155694668294,77.54778193120951,38.02137692000002,44.25611884160002
2026-04-17,12.994828879636763,77.7178583977362,39.29629838000005,43.716157132100015
2026-04-17,12.842267706060063,77.54192310181972,36.93102854000006,46.6148431733
2026-04-17,13.033653562191716,77.67278108677645,41.61371594000002,45.45784340330001
2026-04-17,12.824815844821869,77.54152893773836,39.70304276000002,47.21598744080002
2026-04-17,12.900102931700664,77.59653690190022,36.17564612000001,41.24323675220003
2026-04-17,12.865408026381855,77.46483399572604,43.03219424000002,41.95633826480002
2026-04-17,13.142493118473087,77.47063025049849,40.68401449999999,43.793130942500014
2026-04-17,13.03124165674142,77.67224121866073,40.46867924000003,43.68084898550004
2026-04-17,13.074363240916014,77.55309827386915,33.94026104,41.444694851000015
2026-04-17,13.147943256673477,77.50094622588341,46.45021424000004,46.47974593280004
2026-04-17,12.976261603176578,77.55667087066809,39.231356000000005,43.64135376440001
2026-04-17,12.813687622946146,77.63571202594719,31.01785394000001,43.25282743100001
2026-04-17,12.994940330031133,77.68900005058661,38.55458804,41.99923441580002
2026-04-17,13.055744686634888,77.57009770396228,37.49841986000001,43.33588531700001
2026-04-17,13.041071355105531,77.61384219985517,41.767526840000016,43.53812956040003
2026-04-17,13.072980790845197,77.50077663591769,40.96087412000003,48.735536592200006
2026-04-17,12.993197952235668,77.50112144939206,43.20651326000001,44.51048789000002
2026-04-17,13.096790364846647,77.73223224246627,45.08984228000003,46.616552183300044
2026-04-17,13.031382504273877,77.65758865432967,39.45352730000002,44.023163688500006
2026-04-17,13.12214697416602,77.5110562995919,42.08882072000006,45.376306536200076
2026-04-17,13.082156877856107,77.72706213339747,42.553671440000016,44.5999203833
2026-04-17,12.955446128315035,77.58853540370825,37.94959849999998,44.15561196350001
2026-04-17,12.870873320749924,77.48335108755673,39.62442829999998,40.29668447360004
2026-04-17,12.995167695920369,77.50465380345469,41.79145298000003,44.62922990480001
2026-04-17,12.825543736219862,77.49407507329613,42.868129280000005,47.863052807000024
2026-04-17,13.07855328871072,77.54764911920063,33.03106772000001,41.8425865592
2026-04-17,13.012581634509496,77.46707447834487,44.01658400000002,44.441016633500006
2026-04-17,13.0230402640129,77.6010538561,40.36955666000006,43.80218869550004
2026-04-17,12.915007215110665,77.5165119724849,38.01454088000003,41.990603915300035
2026-04-17,13.041716300963897,77.56422589691262,38.02479493999999,41.28891858950003
2026-04-17,13.03965655115604,77.46710526954354,44.56346719999999,44.280130432099995
2026-04-17,13.006843023174032,77.58584867168865,40.44133508000005,40.23563863640003
2026-04-17,13.099796468086478,77.5500824182948,40.41399092000006,47.46367426010002
2026-04-17,13.017328278194883,77.45120517535439,41.295840080000005,43.90563507080004
2026-04-17,12.805100259450356,77.47092789911696,40.9061858,44.58913653020003
2026-04-17,13.076878879715409,77.64145712558101,40.21574576,41.69602186160003
2026-04-17,12.968991288693267,77.5237579395926,37.82313176000002,43.595808647900014
2026-04-17,13.113957537658958,77.47705195191845,37.597542439999984,42.84772370060002
2026-04-17,13.088900158656593,77.67621390064754,42.167435179999984,43.61407796480001
2026-04-17,13.098758519541706,77.74824685592522,43.14498890000005,46.901375789899994
2026-04-17,13.131366748046345,77.49108459935775,43.68845408000004,43.906489575799995
2026-04-17,13.090040983496923,77.70450183890455,41.72992862000001,48.85689339229999
2026-04-17,13.0781818442343,77.49230707039135,38.14442564000001,43.117696010300044
2026-04-17,13.028830069605675,77.60404563663377,40.82757134000002,44.05132817329999
2026-04-17,13.088128709169716,77.47745069889734,40.31828636,47.503477102999994
2026-04-17,12.98618433729244,77.68878557181631,37.48474778000002,43.58982711290004
2026-04-17,13.055052855432608,77.74836983602887,43.37399624,47.27547807890001
2026-04-17,12.932957464572349,77.56173259847313,38.246966240000006,43.472794108100025
2026-04-17,13.075171366992183,77.7299845633041,43.33639802000005,48.03668822300001
2026-04-17,12.80362974283584,77.63241529861483,35.58091064000001,46.94487009440001
2026-04-17,12.977181732284562,77.51104032905874,39.06387302000002,41.76443353190007
2026-04-17,13.109558976531536,77.73649623296151,40.64641628000004,44.938133462299994
2026-04-17,13.029517328784076,77.70333832362901,39.59024810000005,43.762984006100034
2026-04-17,13.007081101808009,77.71258326988648,40.099533080000015,43.174469322500045
2026-04-17,13.120953091888763,77.56972021916738,41.79145298000003,46.985390721500025
2026-04-17,12.89715806995223,77.5730421883675,40.09611505999999,43.44201483800005
2026-04-17,12.843509564599524,77.45270301540718,45.83838866000002,45.271954385600004
2026-04-17,12.8794155884065,77.4632265983839,42.58443362000003,43.97399547080002
2026-04-17,12.995706843163909,77.72981116253347,36.88317626000003,41.00558182160003
2026-04-17,12.981844672138552,77.70847032124975,36.35338316000002,42.64657322360001
2026-04-17,12.875795224388542,77.57533547708942,38.674218740000015,42.92615016950001
2026-04-17,13.005734226039865,77.66338479489684,40.05851684000004,44.57908755140001
2026-04-17,13.095625267990355,77.7084724149362,42.25630369999999,48.07478205589999
2026-04-17,13.093502196638116,77.48264078551324,38.26063832,44.18234087990002
2026-04-17,13.12114056697168,77.51307874507637,41.71967456000005,47.829966373400026
2026-04-17,12.92090652101976,77.53194842409138,41.43597890000001,42.45538627490001
2026-04-17,13.11353813947503,77.48619514624991,40.591727960000014,46.05300613580006
2026-04-17,13.007330933779665,77.46616601747306,43.52438912000002,48.17132403080004
2026-04-17,13.05882751025134,77.46901604499037,43.02877622000005,48.04265266790003
2026-04-17,12.846842962746194,77.4533392215757,50.17927406000001,47.23480364090001
2026-04-17,12.932565736256942,77.53778435194415,38.88955400000003,43.373944969700005
2026-04-17,13.143982504983324,77.48178486388544,35.628762919999986,41.878287778100024
2026-04-17,13.01280338356116,77.4593374506746,41.43939692000004,41.864632788200026
2026-04-17,13.036630615196412,77.63107436559565,39.07754510000001,43.27135309940004
2026-04-17,13.030119278205458,77.67620513403824,39.93546812,43.400246633600055
2026-04-17,13.058611890496898,77.67477563845082,46.05372392000004,47.604530864300024
2026-04-17,12.891758780232491,77.51222103694604,36.332875039999976,43.87183085300005
2026-04-17,12.84242750210396,77.5419220178184,36.89343031999999,46.65187742000002
2026-04-17,13.115116024486754,77.74279337902837,34.40169374000004,46.15094949890001
2026-04-17,12.824294557270628,77.5476964062855,38.19569594000001,48.06121251650001
2026-04-17,13.142888625214718,77.50728571188367,41.82905119999998,41.23563165770003
2026-04-17,13.121181284454453,77.55315059257481,44.97704762000001,48.136990019900004
2026-04-17,12.986656103569246,77.61623065255087,38.55458804,41.05895420390003
2026-04-17,12.83045728837263,77.55885645639765,36.68493110000003,42.47451009680004
2026-04-17,13.044952463445952,77.47047047880326,47.03469566000001,46.692944930300015
2026-04-17,13.012912135810147,77.5948857307735,42.43404074,44.354831259200026
2026-04-17,12.991533326531822,77.60876179789616,41.04632462000001,43.9681848368
2026-04-17,13.148533898798972,77.57718465409182,37.56678026000003,41.61872333930001
2026-04-17,13.052706845688975,77.63594249291332,39.89445188000002,42.8625579074
2026-04-17,12.837213611497026,77.54397075364116,39.07412708000004,45.51567630170004
2026-04-17,13.069791184876395,77.51004951188162,38.45204744,44.2269118607
2026-04-17,13.147135427209706,77.51637655381569,45.16845674000001,48.41164501700002
2026-04-17,12.835304953939469,77.55587769321463,38.26747436000005,45.32677942640001
2026-04-17,12.987515270681657,77.50576093895053,43.44919268000001,44.45103143210001
2026-04-17,12.873075674899,77.56754441580013,38.527243880000015,43.50781172300003
2026-04-17,12.868291841917957,77.55133478810055,36.17564612000001,41.74607876450004
2026-04-17,13.131863926443346,77.74064304006485,27.093966980000005,44.54788102880002
2026-04-17,12.837779214571292,77.52544644951996,45.486332600000026,47.50879212410004
2026-04-17,13.093659622576835,77.45706163322731,35.34164924000004,42.19946202740005
2026-04-17,13.014637983295325,77.65593794471053,39.80900138000004,44.9219491376
2026-04-17,12.82890217030802,77.47230841137424,46.32716552,47.913468602
2026-04-17,13.05736894791744,77.72340961912255,42.72799046,49.621709547500025
2026-04-17,13.045129717031102,77.70291335104804,43.50388099999998,43.32120492110002
2026-04-17,13.10841084072612,77.73051173972833,41.94526388000003,47.5726578278
2026-04-17,13.119036148824842,77.55400784953045,44.29002560000004,47.44039754390002
2026-04-17,13.11503828924667,77.57948368428734,32.11845638,41.74028522060005
2026-04-17,13.020786939494702,77.73274408302326,30.019792100000014,38.232986538200045
2026-04-17,12.94321966430424,77.4861583508064,34.98275713999999,41.49164135570004
2026-04-17,12.992353494312946,77.70888708938163,41.26849592000002,44.09853102949998
2026-04-17,12.979723388656131,77.624803997304,38.151261680000005,43.4672910959
2026-04-17,12.948488200189333,77.5652732412099,37.25574044000001,44.26801355120001
2026-04-17,13.10137004253813,77.68144117035663,28.46801102000001,46.97423088620003
2026-04-17,13.05026621521522,77.63715110916978,39.44327324000005,43.4559090893
2026-04-17,13.122360243829188,77.52593979075812,41.77436288000001,45.31966994479999
2026-04-17,12.836836595869949,77.47474023628173,44.16014084000005,47.88829488470004
2026-04-17,13.143777076457347,77.56593347247885,42.84762116000002,41.35394642000003
2026-04-17,13.082861526001135,77.74048485415095,45.684577760000025,43.721198711599975
2026-04-17,12.92328187812216,77.50090148893852,34.25813690000001,43.40947528760005
2026-04-17,13.035151227667637,77.53033876645122,40.46184320000003,44.651635025900035
2026-04-17,13.023174005650356,77.65026986131534,39.20742986000005,42.60330109040002
2026-04-17,13.00154957034847,77.47485284687636,41.43256087999998,43.01771892530005
2026-04-17,12.977727428718948,77.72643593186054,35.91245858000002,40.70259143870004
2026-04-17,13.0438746774609,77.4827613014344,42.52632728000003,43.385190255500035
2026-04-17,13.114113134211085,77.45863020151016,41.261659880000025,47.97796663940004
2026-04-17,12.94973955341904,77.45282369746884,40.80706322000003,44.38070567060004
2026-04-17,12.808658154173196,77.48222665100789,43.4184305,44.717807893100016
2026-04-17,12.952990823417233,77.48630341869884,41.032652540000015,46.583329028899996
2026-04-17,12.954160892751249,77.52774471841538,33.83088440000006,41.96895075860004
2026-04-17,12.987140249771162,77.53333265334335,36.67125901999998,45.39860911669998
2026-04-17,12.878972221682284,77.55253304184602,36.42857960000004,42.953511419600034
2026-04-17,12.9702060176854,77.47825849161475,38.69130884000003,47.4680664158
2026-04-17,13.013419639349744,77.54135783187658,39.81241940000001,43.41573026420001
2026-04-17,13.016057301370836,77.69287096704403,39.74747702000002,41.94420429380001
2026-04-17,12.942817786216011,77.49499638629814,36.09019562000003,43.66099028930001
2026-04-17,12.91937519709476,77.47914425685843,39.35782274000002,43.87304425010003
2026-04-17,13.106664461064316,77.4556470902404,37.66248482000003,43.51992860390003
2026-04-17,13.06028205869082,77.49422750783543,40.02091862000003,43.86386686640004
2026-04-17,13.057556453515607,77.45122202905475,43.616675660000055,48.15893370830001
2026-04-17,13.02369546512312,77.57861607719397,38.13417158000004,42.63905357960004
2026-04-17,13.037092258654983,77.72478362156978,31.24686128000002,38.75274774950004
2026-04-17,12.991289617968668,77.52443110250636,37.61463254,43.84057306010001
2026-04-17,13.125830826976308,77.47972456651532,37.50183788000004,41.84154406310004
2026-04-17,12.985799161459967,77.50034359261231,49.54694036000001,43.83664233709998
2026-04-17,12.943620335024924,77.46055156236146,43.28170970000002,48.087480000200046
2026-04-17,13.035543424673213,77.47700733071996,45.38721002,46.901495420600014
2026-04-17,12.999676543364355,77.47670819194138,43.57224140000005,43.60866040310002
2026-04-17,12.808402347150396,77.47385826336823,45.97510946,48.62574978980004
2026-04-17,12.993675409099366,77.45998195317338,32.60039720000003,42.44959273100003
2026-04-17,13.014536748096146,77.58220459841775,38.75966924,42.31734953720006
2026-04-17,13.146346359811629,77.50655198204583,43.592749519999984,44.40410201750001
2026-04-17,13.051371572874473,77.57801152476885,39.99357445999999,43.84787053280001
2026-04-17,13.139632028027751,77.53054583100932,40.34221250000002,47.61085420130003
2026-04-17,12.870913633641525,77.50848672911516,40.32170438000003,44.848803509600074
2026-04-17,12.921933980975965,77.50934950578517,39.00576668000002,44.19343235479997
2026-04-17,12.961558069593732,77.53460118510246,34.41194780000001,43.04738733890001
2026-04-17,13.107300444922776,77.53018358809364,43.45944674000003,47.18334534980003
2026-04-17,12.962113708053169,77.56147276371418,40.53362162000002,47.187344433199996
2026-04-17,13.079125945385885,77.49725568761968,39.36465878000001,46.00795663219998
2026-04-17,13.023153950302518,77.52749168567334,42.4272047,46.46797085390003
2026-04-17,12.901636273804396,77.49543810684389,36.44566970000005,47.03418295700002
2026-04-17,12.94124076691012,77.5542072733149,38.54091596000001,41.73076603490003
2026-04-17,13.06268410774124,77.60720164306944,41.230897700000014,49.45520070320003
2026-04-17,12.866159726448412,77.50754661113619,38.38368704000004,42.65797232030003
2026-04-17,13.049803407206984,77.74681115029547,43.11080870000001,44.64613201369998
2026-04-17,13.003065690317436,77.55650675699721,36.65758693999999,43.58970748220001
2026-04-17,13.0229060651378,77.5865426722439,40.37297468000003,42.6208868033
2026-04-17,13.011229776950533,77.66153499339687,38.851955780000026,43.25833044320003
2026-04-17,13.113789433782925,77.5773783411158,32.68242968000004,40.608510438200014
2026-04-17,12.800668658304176,77.4745112655807,48.453173960000015,47.879596023800005
2026-04-17,12.884915734107691,77.60290741287633,37.559944220000034,43.00015030250004
2026-04-17,12.90133400211127,77.46906841645121,45.749520140000016,45.742239757399986
2026-04-17,12.90192560549397,77.55425353046148,38.51357180000002,42.871513119800035
2026-04-17,12.946270674945918,77.454646404632,42.72799046,43.42851365900004
2026-04-17,13.12919806617326,77.49848976345211,39.79874732000002,42.29149221590005
2026-04-17,12.952683320856703,77.51721818671713,35.24252666000001,41.82894865940005
2026-04-17,12.99894626745848,77.60646798756068,40.277270120000026,43.22254377380004
2026-04-17,13.033336894851598,77.45802332293884,43.92771548000002,48.01243737110002
2026-04-17,13.05163295357232,77.61618288838402,40.742120839999984,43.679686858700016
2026-04-17,13.065627368769892,77.54601485534506,40.16789348000003,44.416065087499994
2026-04-17,13.032698394402914,77.6588072907958,37.49500183999999,43.15385866190001
2026-04-17,13.014734633346032,77.53723592901537,40.20549170000004,44.15229648409999
2026-04-17,12.855580844274582,77.45805467308226,47.48587429999998,47.859839868200034
2026-04-17,13.016092615308924,77.54371176051808,39.87394376000003,41.73403024400005
2026-04-17,12.969829237621548,77.47976047918775,40.03459070000002,45.09994252909999
2026-04-17,13.015488093678732,77.56581514725706,37.03698716000002,43.5650977382
2026-04-17,12.82291501061576,77.45718074525875,42.83053106,42.745849614499996
2026-04-17,13.05873573898192,77.59964340346686,38.45888348000005,44.169215683099985
2026-04-17,12.91707920377234,77.46982325731915,40.50627745999998,46.5082009493
2026-04-17,12.96434281901833,77.45892434995461,37.82996780000002,43.830113918900004
2026-04-17,13.013791384184293,77.63725264161718,40.51311350000003,43.22177471930003
2026-04-17,12.913588860769142,77.60279973674854,34.90414268000001,44.10521325860002
2026-04-17,13.046465152595264,77.60373454006464,37.19421608000005,42.72339322310001
2026-04-17,12.977624108694451,77.64486264573911,31.380164060000027,40.89615391130005
2026-04-17,13.04747287757369,77.7203864266934,42.94674373999999,44.14662257090001
2026-04-17,12.965204552493027,77.59461886244175,37.69324700000004,43.15645635710003
2026-04-17,13.043086846544828,77.57967588705812,39.98673842000005,42.388136731400024
2026-04-17,13.044814401442196,77.5210015905628,39.98673842000005,43.74249297619999
2026-04-17,12.963803198507309,77.48409174070359,38.13758960000001,43.123968076999994
2026-04-17,12.808596385222751,77.4638299722372,44.66258978000002,46.46547569930001
2026-04-17,13.02839063335956,77.74424938552977,42.72457244000003,44.47374417500002
2026-04-17,13.007679996856195,77.66027846791584,38.34267080000001,43.2744464075
2026-04-17,13.032296101912916,77.54586403941967,39.86368970000001,46.39003999790001
2026-04-17,13.030950387187628,77.65140832892973,39.022856779999984,43.89599625440005
2026-04-17,13.04817403573457,77.67901417390134,43.33981604000002,45.8074384889
2026-04-17,13.11989510225119,77.51682940530401,41.6410601,46.156794313100015
2026-04-17,13.083295987748931,77.73195865111596,48.22758464000003,49.2234418571
2026-04-17,13.143660451158024,77.53275010495499,41.27874998000004,46.83615996830004
2026-04-17,12.848852059531383,77.54244870512625,38.22304010000005,46.00306886359999
2026-04-17,13.046832344580697,77.54504603749521,38.92715222000004,41.37450581030004
2026-04-17,12.848604874251196,77.4776619367801,46.173354620000055,46.75648592209999
2026-04-17,13.001766888066925,77.55747923990197,37.573616300000026,42.80460537830004
2026-04-17,13.009126668119592,77.52337565159736,40.311450320000006,45.61953283940001
2026-04-17,12.900855158407271,77.53554521102224,38.37685099999999,44.81438404819999
2026-04-17,13.056210108930458,77.46388375892042,42.67672016000006,46.12085383280002
2026-04-17,12.8133881580766,77.48631132167847,45.26416130000001,47.77373994440002
2026-04-17,13.04786994113828,77.70793040109037,35.01351932,39.215633108000034
2026-04-17,13.035792388672636,77.48994924120932,43.02877622000005,43.745449563500024
2026-04-17,12.99190763354154,77.45951345029174,35.73813956000004,42.529625669300025
2026-04-17,12.94085319564256,77.58797647167374,33.22247684000001,41.730424232900035
2026-04-17,13.039438778742582,77.54761506284898,40.36613864000003,43.042687561400015
2026-04-17,13.089186451581854,77.72578109250308,47.77640600000001,47.295661487000004
2026-04-17,13.034727541018896,77.62353819748489,42.34859024000002,44.44199076920002
2026-04-17,13.148181895617649,77.57056826555505,41.323184240000046,41.46950967620003
2026-04-17,13.021952003310124,77.70132999612251,41.64447812000003,42.42641855540003
2026-04-17,13.073519792682962,77.4889180089075,39.70987880000001,46.853950762400025
2026-04-17,12.912051136032678,77.6068636122236,35.10580586000003,43.64861705690002
2026-04-17,13.062210753555195,77.51380363553363,36.606316640000045,44.50655716700001
2026-04-17,13.129118080773816,77.55018294205775,37.10876558000001,43.45115804150006
2026-04-17,13.104475856759468,77.46237318318367,36.58239050000003,45.09404644460001
2026-04-17,12.974205963134798,77.45898302182331,41.90766566000002,47.32321072820004
2026-04-17,13.076993270285756,77.66697080546031,39.03652886000003,41.05866367220003
2026-04-17,13.0411227444361,77.62910434937525,39.491125520000026,43.370202237800044
2026-04-17,12.917627003600096,77.53378362341162,42.181107259999976,44.12869505599998
2026-04-17,13.110800857127016,77.4562841520087,38.22645812000002,44.284334596700006
2026-04-17,13.106052529777706,77.71692460914545,42.574179560000005,48.187234913900014
2026-04-17,13.02872319225168,77.6839287577563,40.595145979999984,43.40530530320004
2026-04-17,13.007799445542958,77.56682381322194,39.32022452000001,42.30143865410002
2026-04-17,12.979184096553269,77.50779467453098,37.98719672000004,41.22213047870003
2026-04-17,12.84556064118236,77.46230177323511,43.42868456000002,47.716539379699995
2026-04-17,12.86431077242688,77.45605025077134,44.70702404000002,44.46791645090003
2026-04-17,13.073580351897393,77.62873779403316,33.150698420000026,43.151705309300034
2026-04-17,13.02979068070403,77.56025569064946,38.86904588000005,43.68609564620001
2026-04-17,13.057472305433471,77.65585495128994,42.25288568000002,46.45354680949998
2026-04-17,12.998450465687712,77.61750496764147,39.23819204000006,43.49991609680003
2026-04-17,12.874699534102488,77.57564741945616,37.21130618000001,40.855411112900015
2026-04-17,12.889827720519946,77.5049674690417,33.85139251999999,43.41839631980004
2026-04-17,12.855686229805483,77.6830184067229,30.857207000000017,43.636739437400045
2026-04-17,12.818688146442836,77.47770693069559,40.74553886000001,45.88420721810004
2026-04-17,12.975407509636057,77.61468230039279,36.51744812000004,40.904972402900036
2026-04-17,13.13310740116372,77.48956259054405,40.393482800000015,44.74159731229998
2026-04-17,13.00445003426035,77.53630645887301,38.246966240000006,43.75377244220001
2026-04-17,12.93477556411738,77.46673933777888,41.25140582000006,44.13421515830001
2026-04-17,12.94335594529847,77.47938032058322,40.66350638000006,47.4421578242
2026-04-17,12.943595465245524,77.49724487729719,32.77129820000005,42.07694310050004
2026-04-17,12.825054192997074,77.65841589265985,32.84307662000003,43.6372008701
2026-04-17,13.023214958925989,77.72484712738202,30.37526618000004,38.27523326540004
2026-04-17,13.007577251539098,77.6460185007395,39.21084788000002,42.956980709900016
2026-04-17,13.080401547525849,77.74488229290738,43.63376576000002,43.68780465620001
2026-04-17,13.029283266658236,77.62961447812205,41.51801138000002,44.58515453690003
2026-04-17,13.08150864123329,77.52154359018142,41.244569780000006,47.25066325370001
2026-04-17,13.053403624814925,77.67501709444218,44.207993120000026,46.46682581720004
2026-04-17,12.938579608923142,77.5299855574904,39.40225700000002,43.04335407530005
2026-04-17,13.020895320043902,77.60371314035193,40.33537646000002,44.98820745530003
2026-04-17,12.801498549645968,77.48170973256416,46.92873703999999,47.30017327340002
2026-04-17,12.922028771303191,77.59548096289704,34.69906148000001,40.97350370390004
2026-04-17,12.987474134429291,77.5948785632218,36.58922654000003,42.966328994600026
2026-04-17,13.075933759523895,77.49527791328315,39.17324966000001,43.84564881979999
2026-04-17,12.860635619167136,77.54918872604011,33.150698420000026,44.4906804641
2026-04-17,12.869792380058636,77.56077738791143,36.76354556000001,42.90061756010002
2026-04-17,13.106037828284544,77.47289176080042,36.25426058000005,46.486957955000015
2026-04-17,12.990560318119048,77.64097526463225,39.61759226000004,43.89785907530002
2026-04-17,12.91720828392921,77.46510008366593,42.26655776000001,48.70996980259995
2026-04-17,12.882523791225788,77.56972569071569,37.10534756000004,43.51765562060002
2026-04-17,13.01324070369816,77.50305659042928,42.047804480000025,43.14857782100002
2026-04-17,12.9845416620154,77.61623367097044,38.01112286,42.34248907429999
2026-04-17,12.932344577529722,77.57317852340593,35.44077182000001,42.22275583370005
2026-04-17,12.998239543768449,77.68327854081829,40.52678558000002,43.46365090460004
2026-04-17,13.0082583154609,77.619386130281,41.56586365999999,44.481981603200026
2026-04-17,12.803787631020516,77.53904447624166,35.792827880000004,44.59487880380002
2026-04-17,13.04672635609293,77.55540431270029,35.44077182000001,40.91575625600002
2026-04-17,13.055346874182494,77.6047585830378,41.46674108000002,43.182655480400044
2026-04-17,13.117002856362255,77.7473117247151,39.22793797999998,48.42605197129999
2026-04-17,13.076893385810358,77.46263681675049,39.43985522000003,46.92186681980004
2026-04-17,13.007307246999645,77.73017587600631,40.87884164000002,44.289410356400005
2026-04-17,13.034505642048806,77.4763119482302,45.98878153999999,44.27608007839999
2026-04-17,12.878231905767828,77.53119579121237,37.905164239999976,41.71046299610005
2026-04-17,13.101689482318998,77.67778155244633,27.606669979999992,46.088570633899984
2026-04-17,12.963556968442871,77.56043617748956,37.395879260000015,43.40140876040004
2026-04-17,13.145039688798589,77.56678192918412,42.54683540000002,47.09064864740005
2026-04-17,12.998328469759668,77.50926276121736,39.74405899999999,45.89969084870002
2026-04-17,12.969373943164936,77.55192457637392,36.049179380000055,43.139690968999986
2026-04-17,13.007403221941226,77.48998522078836,40.08586100000002,43.460711407400034
2026-04-17,12.858288074421976,77.47212576725843,42.65963006000004,42.24690414500004
2026-04-17,13.069341110311216,77.57402654427507,34.60677494000004,41.91462133070004
2026-04-17,13.05973853067388,77.73464527248012,46.84670456000004,47.99327936900002
2026-04-17,12.99990771376554,77.63478202271125,40.02775466000003,41.22392493920002
2026-04-17,13.114014798262575,77.50861032688691,41.85639536000002,45.31461127520005
2026-04-17,13.09544467016115,77.48190972238054,39.785075240000026,49.60754185460004
2026-04-17,13.0156815159219,77.5117495339338,41.69574842000003,44.31215727950003
2026-04-17,12.90018750682371,77.47059287924363,46.16993660000003,46.81765139000003
2026-04-17,13.133308180865198,77.47701233279459,39.19033976000003,41.70665190380003
2026-04-17,12.95391984876027,77.53525643709281,33.841138460000025,43.32089729930003
2026-04-17,13.012583126267456,77.46883234226587,44.65917176000005,44.29518681020005
2026-04-17,12.910595107939002,77.51358995934271,38.445211400000005,46.634428427900005
2026-04-17,12.810316337966924,77.46971291621249,47.22268675999999,47.762631379400005
2026-04-17,13.024997440004984,77.50263359774183,44.69335196000003,47.64682886180004
2026-04-17,12.950587489616732,77.52115345543191,36.527702180000006,43.195421785100024
2026-04-17,12.98440231751126,77.73168263432824,40.26701606000006,43.92976629200004
2026-05-03,12.912034847186618,77.59371264335816,39.460363340000015,43.700075347999984
2026-05-03,12.822191555408496,77.71263987022112,42.73140848000003,44.31449862319999
2026-05-03,13.012046390056195,77.65370904147717,40.14054931999999,40.1443262321
2026-05-03,12.97408072213002,77.64922719442018,41.44623296000003,40.94193828920001
2026-05-03,12.848111947598085,77.61358402846982,42.017042300000014,45.23512522010005
2026-05-03,13.107440691919264,77.654056193425,50.15534792000005,45.4368054902
2026-05-03,13.070079922891496,77.6306439867604,46.419452060000026,43.28288891690003
2026-05-03,13.103714891244932,77.50767220808639,50.69881310000005,45.757603757300046
2026-05-03,13.0586540251152,77.52964509720323,44.97704762000001,47.0145635222001
2026-05-03,12.91838742347938,77.63188741032927,39.046782920000055,42.00733512320003
2026-05-03,12.939652799505591,77.46295015514617,48.20707651999999,46.23147805010003
2026-05-03,13.070194831555094,77.60109262124784,45.26074328000004,44.20245592760003
2026-05-03,13.043804428492953,77.63025677078501,47.08254794000004,41.62431180200004
2026-05-03,12.91517244629675,77.72822400843303,43.10739067999998,44.7955849382
2026-05-03,13.136738964456988,77.45009121770885,46.63820534000001,45.70855517030003
2026-05-03,12.983767315679888,77.68708432718061,40.64299826000001,40.67953689379999
2026-05-03,12.992279296371258,77.65938852912376,39.32364254000004,42.568351835900046
2026-05-03,12.914482927229988,77.70817172628233,41.14202918000001,43.740493434500024
2026-05-03,13.02593177120484,77.48773226816444,43.45261070000004,45.43456668710002
2026-05-03,12.968712091520793,77.526815794685,41.66498624000002,42.50742562939999
2026-05-03,12.98799765444337,77.6546032796396,39.82267346000003,42.766631176100034
2026-05-03,12.871967226052735,77.6491282065754,43.64060180000001,45.473412484400015
2026-05-03,12.9310386039353,77.60909344393242,41.63422406000001,43.44973956320002
2026-05-03,12.942377802318909,77.64219754547474,36.018417200000044,40.677827883800035
2026-05-03,12.92055938906412,77.62527337116846,37.26257648000001,38.15430371780003
2026-05-03,13.04531235454801,77.69739671442159,46.71681980000005,41.94439228490007
2026-05-03,13.048371694126825,77.73689374342148,46.012707680000005,44.895237311300036
2026-05-03,13.081879498221484,77.53926292510064,42.80660492000004,43.253374314200016
2026-05-03,12.878021377502987,77.49768651519436,39.21768392000001,42.568044214100034
2026-05-03,13.14334822274674,77.62901549208709,45.77686430000006,45.34328846300003
2026-05-03,12.842312189520683,77.59340145938964,38.54091596000001,43.80454712929998
2026-05-03,12.923382940504387,77.73699739530818,43.71579824000003,42.41378897149998
2026-05-03,12.8402090181368,77.62805637178683,42.82369502000006,46.48719721640007
2026-05-03,12.803413666395684,77.57382887321923,36.67125901999998,42.39109331870009
2026-05-03,12.995195500221213,77.66800508217257,42.78951482000002,40.824170410100024
2026-05-03,12.968164945731484,77.54582068522039,43.175751080000055,43.23956551340001
2026-05-03,12.96431146988592,77.58269784073985,41.9486819,40.86472521740005
2026-05-03,13.000391148408635,77.59109616720967,39.77823920000003,39.79363738010001
2026-05-03,13.003107739708565,77.61556545336602,41.88032150000004,38.505180560900016
2026-05-03,12.990710158753282,77.69004654593557,43.33981604000002,42.3756951386
2026-05-03,12.869303058696554,77.68445877276962,44.57030324000005,45.44063367260001
2026-05-03,13.103057124535322,77.66215124680897,46.09132213999999,43.8276529445
2026-05-03,12.875686782647872,77.74448828168143,41.15228324000003,45.67710938630001
2026-05-03,12.986049872804442,77.5902854040059,36.84557804000002,36.7882749347
2026-05-03,12.964765213338186,77.55420405288729,42.95699780000001,41.133091057700014
2026-05-03,12.811648237306422,77.54254893860004,42.509237180000014,47.1903693809
2026-05-03,12.96665228488642,77.50422582284301,45.520512800000006,40.877474432000014
2026-05-03,12.935088441685023,77.66218879936416,30.925567399999977,37.81643244080001
2026-05-03,12.863047271803842,77.65834657117303,41.99995220000005,43.01753093419997
2026-05-03,13.148542796697802,77.494165399454,40.325122400000055,40.191956340800004
2026-05-03,13.0176833366217,77.72627539875795,45.08642426000006,43.58401647890007
2026-05-03,12.825876181356929,77.70897209327558,41.49066721999998,46.17005623070005
2026-05-03,12.963880460080713,77.52412189254589,41.54535554000006,42.37427666030001
2026-05-03,12.900893855254532,77.54154046842208,40.86516956000003,44.18837368520002
2026-05-03,13.013282386884836,77.58892097368884,40.164475460000006,38.18595458300002
2026-05-03,13.084004763592114,77.50832707330302,41.6410601,43.67507253170002
2026-05-03,13.004289872981811,77.67857803208294,46.67922157999999,43.30715685890001
2026-05-03,13.139556245190064,77.47229371836085,47.64652124000003,43.86730197650006
2026-05-03,13.133690010383502,77.50627151654835,47.45853013999999,45.80549021750003
2026-05-03,12.932286489458953,77.59663410682538,37.27283054000003,42.05833198160004
2026-05-03,12.894490468571338,77.7380663084679,45.455570420000015,45.84645518720003
2026-05-03,13.140595072117936,77.56945944100154,44.07810835999999,43.94523283250001
2026-05-03,13.14247554894231,77.64030098243909,49.59821066000001,40.57887620479999
2026-05-03,13.022879307928989,77.58726829918915,43.52780714000005,40.94815908560001
2026-05-03,12.973964278672486,77.492938936136,43.753396459999976,46.11266767490004
2026-05-03,12.912160675412306,77.64579611105127,42.60835975999999,42.147781565000024
2026-05-03,13.0211768447766,77.54463873370534,48.72319754,44.648182825700026
2026-05-03,12.977896335666408,77.58561730616758,40.048262780000016,37.83646203800003
2026-05-03,13.0397638585512,77.54657823223393,42.25288568000002,44.13296758100004
2026-05-03,12.920497464045296,77.53847100341808,41.71625654000002,42.98273549060003
2026-05-03,12.829089717581311,77.54197729051417,39.463781359999984,45.802824161900006
2026-05-03,13.055662058699566,77.71520839754842,42.87154730000003,43.59491996270006
2026-05-03,12.809461553202633,77.45050876611455,38.18544187999999,43.62547706150005
2026-05-03,12.98491461212904,77.61884714904863,36.38414534000003,39.04731271310002
2026-05-03,13.014115152580615,77.58737916913499,37.884656120000045,38.134564652300035
2026-05-03,13.109372884345476,77.57338713941526,42.21528746000001,39.24229366399999
2026-05-03,12.909586191656985,77.62669416956737,42.82711304000003,44.65026781790002
2026-05-03,12.903465065452195,77.47989668736933,34.91439674000003,38.11644914630001
2026-05-03,13.141051938711678,77.46846920573756,44.00291192000003,43.34184976190003
2026-05-03,12.938497244278196,77.69006179545835,41.377872560000014,43.85344190539999
2026-05-03,12.89678428979512,77.52471883504408,39.63126434000003,42.05330749220001
2026-05-03,12.962886794611066,77.60516063716052,39.82267346000003,39.41110967180002
2026-05-03,13.052864508916898,77.55983027989194,44.41307432000002,43.90573761140004
2026-05-03,13.0266432606118,77.51890914752937,43.9994939,41.70957431090002
2026-05-03,13.070064256449625,77.74752514548643,45.32910368,42.55182570919998
2026-05-03,13.016049901242525,77.58635975409238,40.61223608,42.32582622680004
2026-05-03,12.868478977464202,77.56182417320879,34.83236426000002,41.90178666560006
2026-05-03,12.917726681803522,77.52856161677394,39.94572218000002,42.75598404380003
2026-05-03,12.960041613987151,77.55930295619021,41.36078246,41.107848980000014
2026-05-03,12.818850124268392,77.73944414352387,42.56734352000001,43.25091333980001
2026-05-03,13.149510121617508,77.53234467191754,45.90674906000004,46.06590916130006
2026-05-03,13.015358090186968,77.66381406958072,43.26803762000003,42.308445595100004
2026-05-03,12.888861594787189,77.60095958029471,40.43791706000002,42.11573762750002
2026-05-03,12.828419736795766,77.70205707822407,38.506735760000026,40.92009714140005
2026-05-03,13.085611602238394,77.64252216712924,45.865732820000005,43.70542454930004
2026-05-03,12.8190373251516,77.6415294104482,42.10249280000005,43.4409552518
2026-05-03,12.906769762995326,77.61844033144011,30.12916874000001,38.66921134070008
2026-05-03,13.05195744981579,77.48527582571201,39.115143320000016,40.75475042390004
2026-05-03,13.103761703731555,77.64211404909581,41.36078246,40.35961022180004
2026-05-03,12.839654727765431,77.68420878997946,42.553671440000016,46.887020105900056
2026-05-03,12.808837191742228,77.48758462464525,40.02091862000003,41.23995545300002
2026-05-03,12.897139392316898,77.60946108036944,41.702584460000026,43.35229181300001
2026-05-03,12.894735000223612,77.69704822308933,40.86175154,44.40353804420001
2026-05-03,12.850745777224772,77.6184961450737,41.28216800000001,44.002245406100066
2026-05-03,13.027928150211338,77.72972550938108,34.774257920000025,38.54621389100001
2026-05-03,13.054083986873035,77.51262316695652,45.28808744000003,43.88181147140008
2026-05-03,12.805491125023911,77.57134695513088,36.90710239999999,41.629336291400115
2026-05-03,13.138475749887515,77.58544054934977,47.49612836000006,46.39029634940003
2026-05-03,12.954726747740104,77.71561412716727,43.82859289999999,46.19444380340007
2026-05-03,12.91882553784544,77.73402033212126,45.07617019999998,43.33593658729998
2026-05-03,12.956193178098246,77.51305095983815,39.70646078000004,42.41247303380001
2026-05-03,12.813246404013157,77.52751171302083,38.77675934000001,43.54749493519999
2026-05-03,13.045616731032208,77.71339032873747,43.948223600000006,44.3249406743
2026-05-03,12.984628415653944,77.68175474695245,37.11560162000001,38.44107559580002
2026-05-03,12.83206903644646,77.54070928873232,38.68447279999998,46.10372955260004
2026-05-03,12.813205308479295,77.53092646559048,41.52142939999999,46.251319656200046
2026-05-03,12.94476386171042,77.54606608641237,42.38960648,43.926433722499986
2026-05-03,12.93096898469834,77.53451104349777,41.99995220000005,42.58185301490003
2026-05-03,13.003408385022286,77.66656179941346,43.23727544000002,44.312960514199986
2026-05-03,12.805280486612352,77.69179593465667,44.00291192000003,44.37932137250001
2026-05-03,12.808907035050272,77.53219010940211,37.98719672000004,40.20258638300002
2026-05-03,12.90861054613758,77.64743067352782,39.67569860000003,42.14528641040003
2026-05-03,12.907746356979525,77.6005537189636,41.02581650000002,41.74332725840003
2026-05-03,13.005133981063802,77.68625403522603,43.21676732000003,42.45287403020002
2026-05-03,12.800588169496212,77.47972468271958,42.22212350000001,43.00664454050004
2026-05-03,13.06528921464805,77.65602843170088,41.79828902000003,43.12902674660001
2026-05-03,12.88094845844955,77.54611251819672,39.82950950000003,43.77137524519999
2026-05-03,12.897796110858492,77.55936503764705,37.99403275999998,42.14860188980002
2026-05-03,12.93551259873025,77.62204463990496,39.38516690000006,42.74670411950003
2026-05-03,13.123238441637996,77.51077461734135,46.39210790000004,45.77811187730003
2026-05-03,12.904986242539886,77.54975802687675,40.43449903999999,42.02049450020003
2026-05-03,12.80630212062622,77.62181991408418,41.11810304000005,44.19698709560002
2026-05-03,13.020595677396708,77.5047922746786,46.04005184000005,45.88295964080005
2026-05-03,12.8045015932988,77.70306701266382,41.68549436000001,43.794942493100045
2026-05-03,13.00499536397188,77.55010837133906,40.13371328000005,41.50338225440003
2026-05-03,13.046105173707891,77.5751196597941,43.06295641999998,40.936178925500016
2026-05-03,13.137702170622642,77.59386106769632,48.138716120000026,44.73036911660008
2026-05-03,12.812837900513353,77.45575304935872,39.084381140000005,43.770674551100065
2026-05-03,13.122643158561129,77.47803077389958,44.20115708000003,40.5906854639
2026-05-03,12.97849855434597,77.53125318536601,41.15911928000003,41.778908846600025
2026-05-03,12.924020586182433,77.72476856833536,43.96189568,45.90018646160006
2026-05-03,13.021313596531996,77.73924220402714,46.29640333999998,44.85153792560001
2026-05-03,12.966335909479724,77.71139028553456,47.079129920000014,41.620534889900036
2026-05-03,13.025802526863057,77.66633377181263,45.15136663999999,45.420586985300034
2026-05-03,12.830497621546598,77.6645568301907,41.33002027999999,44.23186798970002
2026-05-03,12.984792840510362,77.66299276378521,39.50479760000002,45.68425304810002
2026-05-03,12.894614988900653,77.64186076467443,43.40475842000001,42.511424712800036
2026-05-03,13.12258727933653,77.62436361324205,46.617697220000025,44.03058079190002
2026-05-03,12.986325267607873,77.67902169678145,40.23283586000002,40.34523744770001
2026-05-03,12.916080340942823,77.66745199698845,42.341754200000025,46.68376754660007
2026-05-03,12.939228764072976,77.56889751338053,40.56096578000006,42.5013244637
2026-05-03,12.944020797908356,77.60668879752441,40.31486834000003,41.90840053430003
2026-05-03,12.881471656458126,77.60628348639948,38.178605840000046,40.9603272368
2026-05-03,13.140218584848538,77.58989810024279,44.22508321999999,40.64639918990003
2026-05-03,12.901162385948885,77.73568573156899,46.20069878000004,46.44872740130003
2026-05-03,12.923871380690258,77.66007278057079,38.60244032000003,42.33707151260009
2026-05-03,12.832237355687717,77.57633475926404,36.606316640000045,45.92599251260001
2026-05-03,13.038629492913538,77.50451892118765,43.62692972000002,44.78425420189999
2026-05-03,13.10450571587319,77.65810362018517,44.0507642,43.505572919900025
2026-05-03,12.950725812983466,77.57309038567105,42.24604964000002,42.03717443780003
2026-05-03,13.026921233932711,77.73516048575587,47.465366180000046,42.192096194300014
2026-05-03,12.858009550436664,77.70617781556476,44.259263420000025,46.92897630140009
2026-05-03,12.904530392979256,77.45938848217291,41.870067440000014,44.942166725900016
2026-05-03,12.839878456861053,77.49377905898363,40.03117268000005,45.79091236219999
2026-05-03,12.885308606498462,77.4857177861507,40.56096578000006,42.71884725650007
2026-05-03,13.06194847207344,77.65416136265847,42.36909836000001,42.218483308700044
2026-05-03,12.819387354400506,77.72608769889294,32.91485504000002,38.20841097440004
2026-05-03,12.922907276656318,77.56287252788543,39.983320400000025,42.071029925900035
2026-05-03,12.953954180976542,77.64340343313222,41.53851950000001,41.31800593970002
2026-05-03,13.09710724755827,77.62163450416695,45.28466942,46.260462859700056
2026-05-03,13.125312695953768,77.74565722861944,43.64743784000001,44.715979252400004
2026-05-03,13.024547819274304,77.69382357486077,44.29002560000004,42.559089001700016
2026-05-03,13.116614284667872,77.63699897296286,43.49704496000004,43.382472929600056
2026-05-03,12.830123752871536,77.70728068840594,43.96189568,44.67101519930006
2026-05-03,12.879423621505524,77.58801445714424,36.82506992000003,42.889611535700006
2026-05-03,13.025004032827685,77.6000929380484,43.07321048000006,40.197544803500016
2026-05-03,13.00117888218447,77.53396699516718,41.059996700000056,42.14127023690002
2026-05-03,13.016358003613693,77.70603114413645,46.17677264000002,41.923251831200005
2026-05-03,12.876401463146046,77.61008628962395,40.11320516000001,40.720809485300016
2026-05-03,12.809131928481593,77.72077088620348,41.84272328000003,40.140976572500016
2026-05-03,12.83104761143172,77.63147573297219,39.22110194000004,42.5692917914
2026-05-03,12.908877628675532,77.7496088587657,45.42139022000004,46.037607955700096
2026-05-03,12.920715268595126,77.69243760232678,41.84272328000003,43.007311054400034
2026-05-03,13.017028442260337,77.6505994375705,43.37399624,43.71489246470004
2026-05-03,12.823901933899556,77.64948851975224,42.46822094000004,45.706999971200055
2026-05-03,12.999098588636055,77.7301420058229,39.166413620000014,40.49277628100004
2026-05-03,13.063149153923083,77.71105534428946,43.53122516000002,43.61465902820002
2026-05-03,13.13998535595096,77.74130290376051,42.91598155999998,44.36014628030003
2026-05-03,12.906284530911387,77.65923008892665,38.985258560000034,42.05007746330007
2026-05-03,12.934364725027752,77.62845847835155,39.94914019999999,43.723574235500024
2026-05-03,12.927998362330626,77.6379638173197,39.556067900000016,42.83517956720003
2026-05-03,13.107105541593812,77.57007460115199,44.99755574000005,43.50218908010003
2026-05-03,13.088076143242931,77.46958342575803,44.10545252000003,43.913359796
2026-05-03,13.032928830634209,77.48015660834986,42.191361320000055,43.695170489300025
2026-05-03,12.923456070535318,77.45971354270497,42.43062272000003,45.75584347700007
2026-05-03,13.145305733060098,77.48544841548001,31.31863970000001,31.809467372000054
2026-05-03,13.052735222477738,77.62368956101324,43.79783071999998,40.955832540500026
2026-05-03,13.092052266412834,77.5737736667552,46.50148453999998,46.11107829560001
2026-05-03,12.932514756488336,77.5159233023372,39.22451996000001,43.742116993999986
2026-05-03,12.813883082590328,77.4831622361786,41.36078246,43.18993586300002
2026-05-03,13.121453270467777,77.45947159221205,43.507299020000005,43.79466905150006
2026-05-03,12.952441368513496,77.4591587578567,35.42368171999999,32.47731429980004
2026-05-03,12.855725238194758,77.74025276604227,44.93944940000006,46.178003127200014
2026-05-03,12.910897382544333,77.52406025497046,39.36465878000001,42.41522453990002
2026-05-03,12.85799727489539,77.4862392055465,37.94959849999998,43.305892191500035
2026-05-03,13.040366205736229,77.46832605753416,40.14396734000002,45.62942800730002
2026-05-03,12.806752132627112,77.5626160385085,38.40761318,43.6216488791
2026-05-03,13.041222931472504,77.74714842680557,45.07275218000001,43.04832729440006
2026-05-03,13.018813003329411,77.4552869747901,40.61565410000003,42.84334863500005
2026-05-03,13.041283339821891,77.55107526061849,42.76558868000001,40.51581373580003
2026-05-03,13.081230096389454,77.46176145607771,41.71625654000002,40.134670325600005
2026-05-03,12.968711415760492,77.50405275851756,42.034132399999976,41.94823755740001
2026-05-03,13.13771387018752,77.65386445581272,43.95505964000006,42.45914609690003
2026-05-03,12.894249396496,77.74037587660864,45.61279934000004,46.20970526270005
2026-05-03,12.889835013315858,77.65992745943387,39.66202652000004,45.21900925580002
2026-05-03,13.127631818075102,77.6116041573903,45.33252170000003,44.068059381200015
2026-05-03,13.043739479312876,77.58828035258769,43.309053860000006,41.77176518480003
2026-05-03,13.030401246297522,77.6284900755004,42.748498580000046,41.34690529880001
2026-05-03,12.924413475975228,77.6527386986918,40.45158914000001,44.55478542920001
2026-05-03,12.884658162485144,77.46378794531158,40.588309940000045,40.553668307300015
2026-05-03,12.94072208041698,77.7149825719518,46.26564116000003,46.01868921500005
2026-05-03,12.950538552869885,77.63868538074965,38.43495733999998,37.08340387160002
2026-05-03,12.962702575784837,77.6222125477426,39.03994688,42.36619304300004
2026-05-03,12.818081027555086,77.45194502846121,40.23967190000002,44.48840748080002
2026-05-03,12.994526740128814,77.5469574481828,42.64595798000005,42.33420037580003
2026-05-03,13.011139374723744,77.59146495576192,39.35782274000002,38.35386481550004
2026-05-03,13.083838401226458,77.52411921549096,45.42480824,45.68136482120004
2026-05-03,13.057069769679345,77.51950307601754,38.59560428000003,38.38428519350001
2026-05-03,13.001499770588444,77.52233199986021,43.48679090000002,44.16733577210003
2026-05-03,12.896982237724549,77.51269662932283,43.739724379999984,42.74783206609999
2026-05-03,12.871716782100307,77.5492233627777,38.75625122000002,45.734754293600055
2026-05-03,13.09527464893873,77.69144131651787,46.69289365999998,44.24689018760006
2026-05-03,12.908064605395362,77.73326664542684,45.87940490000005,45.122997074000025
2026-05-03,13.058465760318398,77.53244249709478,42.43745876000003,43.2004291844
2026-05-03,12.899777668065216,77.63580928406492,43.408176440000034,42.48093597439998
2026-05-03,13.063214214587385,77.59071314572702,38.151261680000005,41.415009347300035
2026-05-03,12.952782603495796,77.7147079239245,43.06295641999998,45.73002033590001
2026-05-03,13.007125802089154,77.47889354665749,43.71238022,42.881647549099995
2026-05-03,13.129665254830586,77.65899528644752,49.72125937999999,43.31575317920001
2026-05-03,12.996666041973729,77.53553027034832,41.41888879999999,41.00221507190002
2026-05-03,12.99722749918667,77.61745949965963,40.619072120000055,39.86714190020001
2026-05-03,12.98366614601196,77.7074477915922,43.64060180000001,42.50277712220002
2026-05-03,12.87352309379911,77.6957610794762,40.02775466000003,43.65184708580003
2026-05-03,13.129965404722132,77.61306111065394,46.55959088000003,43.6075153664
2026-05-03,12.858564168682866,77.5746081957218,27.603251960000023,40.675469450000044
2026-05-03,12.860912667492256,77.49112658258176,37.741099280000014,42.26746353530004
2026-05-03,12.813362605619416,77.7441815881079,42.51949123999998,40.974341118800005
2026-05-03,13.078203437537296,77.48234325018498,44.93603138000003,43.533857035400025
2026-05-03,12.932071957896138,77.59858627631225,38.46913754000002,43.49545558069998
2026-05-03,12.900712284281164,77.57671957895666,40.35246656000004,42.599302007000034
2026-05-03,12.843002717524822,77.59974623851225,40.82415332000005,43.39479489170004
2026-05-03,12.820715690450363,77.48970401788301,43.78415863999999,47.04645364880002
2026-05-03,12.834786167066024,77.59534048233786,35.70054134000003,41.66329432010006
2026-05-03,13.014264194637793,77.50089033050791,46.37843582000005,45.88058411690006
2026-05-03,12.879952512143085,77.59492268913354,38.74941518000003,42.09528077780003
2026-05-03,12.923883614182282,77.55575904975147,41.93159179999998,42.17948370050002
2026-05-03,12.92768155269354,77.73453009475304,43.914043400000025,43.53098589860005
2026-05-03,12.866232230550814,77.57837301051059,32.30644748000003,43.081259917100006
2026-05-03,12.823046701857848,77.51979446173057,39.58341206,43.806187778900004
2026-05-03,12.990660149610353,77.6893902490225,42.85787521999998,41.17979830100005
2026-05-03,12.876442263448196,77.69342821485074,34.06672778000001,37.80103426070001
2026-05-03,12.943385708203875,77.688949583933,40.15422139999998,41.655655045400025
2026-05-03,12.951917426438715,77.70044728681275,46.258805120000034,44.28629995819999
2026-05-03,13.113357344174382,77.72252576166355,48.61040288000004,46.70519853200008
2026-05-03,13.092854750736738,77.47399830363975,41.723092580000014,42.96356039840004
2026-05-03,12.89373640274201,77.4536675287016,42.69381026000002,44.98899359990005
2026-05-03,12.984387128595142,77.64646779121725,38.49306367999998,38.85653592680002
2026-05-03,12.950261978894796,77.47829267393796,44.57713927999998,41.94813501680003
2026-05-03,13.090350828824535,77.5348612378146,43.37741426000002,44.309405773399966
2026-05-03,12.866961139369147,77.64215052988855,40.46867924000003,45.91233752270003
2026-05-03,13.103965271198811,77.64413286298652,44.259263420000025,42.56975322410006
2026-05-03,13.07087310342694,77.47070790250069,45.00780980000002,45.883985046800056
2026-05-03,13.085324546261434,77.56520044767254,38.56142408000005,42.244682432000076
2026-05-03,12.927380413980286,77.71192051636766,46.23829699999999,46.33812027410008
2026-05-03,13.131948129799335,77.64763954893374,47.07229388000002,44.623983244100025
2026-05-03,12.889800592646653,77.72692140985268,42.030714380000006,42.769519403
2026-05-03,12.93507544172477,77.69199005893583,43.910625380000056,42.537435845000054
2026-05-03,13.086486764870862,77.65572089158681,47.58841490000003,44.6016806636
2026-05-03,12.921379829384207,77.73945861680394,44.63182760000001,46.034395016900035
2026-05-03,13.05941721515241,77.45853757598594,40.54387568000004,43.18809013220003
2026-05-03,13.13724286515321,77.57336222535469,45.00439177999999,41.15607724220004
2026-05-03,12.983722053720893,77.6701604993812,38.28114644000004,43.03104920329999
2026-05-03,12.94989269235338,77.50545162126669,38.42128525999999,43.418191238600045
2026-05-03,13.132941572418815,77.59832374384322,50.93807450000003,46.32793457450007
2026-05-03,12.927162066272222,77.50985945676632,40.164475460000006,43.09973431520004
2026-05-03,12.82266428578107,77.67589391017205,43.81150280000003,42.81653426810005
2026-05-03,12.843651416157035,77.48378655613631,39.12539737999998,44.87225112680004
2026-05-03,13.018219595723409,77.47460059985463,37.63172264000002,40.5716983628
2026-05-03,12.866261896212087,77.6291132531695,40.77288302,43.96293817610005
2026-05-03,12.849924024131814,77.56060349842059,34.09748996000002,43.605481644500024
2026-05-03,12.972566233768132,77.67586051312395,39.91837801999998,40.89039454760005
2026-05-03,12.867473117223858,77.48321707588002,40.540457660000015,45.43825814870001
2026-05-03,12.80344711936204,77.52939961863278,39.92179604,45.33617898140005
2026-05-03,12.837353883586877,77.64915117156714,39.26895422000001,42.48944684419999
2026-05-03,13.071561125835307,77.50928470202199,45.37011991999998,43.69778527460004
2026-05-03,12.961334045932642,77.74702216068805,40.26359804000003,41.30045440700003
2026-05-03,12.883616961185348,77.6888036344751,41.244569780000006,43.618418850200015
2026-05-03,13.00595309621704,77.52853989813924,42.604941740000015,42.64553072749999
2026-05-03,12.97376101110703,77.69098870308228,35.09213378000004,39.92418865400005
2026-05-03,12.996791870829174,77.705344866869,44.12596064000002,44.2076684081
2026-05-03,12.892320798052344,77.47776774541711,40.32854042000002,44.4958929446
2026-05-03,13.074092470319435,77.52115410530064,43.16549702000003,43.336244209100045
2026-05-03,13.117880385083764,77.73683451656916,45.26416130000001,43.7704181996
2026-05-03,12.930853505850198,77.74980471758309,47.53372658000001,43.718413025300045
2026-05-03,13.024626772236344,77.73044759966524,33.119936240000015,37.7543099273
2026-05-03,13.061538514614906,77.50684780594598,43.244111480000015,43.22515855910002
2026-05-03,12.86944397744872,77.6033471747722,42.034132399999976,45.846899529800005
2026-05-03,13.00977981584706,77.71809576445975,44.48143472000004,44.551538310199994
2026-05-03,13.030925061686466,77.73394488966002,46.86721268000002,44.49191095130001
2026-05-03,12.90087737374291,77.58434544419679,39.870525740000005,43.21070033449996
2026-05-03,13.047528629658729,77.67792283778441,44.59081136000003,43.39640136110003
2026-05-03,12.948844999387523,77.46323686141646,46.52199266000002,45.27848280380001
2026-05-03,12.928354591910873,77.59686784695491,40.03117268000005,43.28042794250001
2026-05-03,13.04864990103334,77.53270293122685,41.13861115999998,41.77256841950003
2026-05-03,12.84304657591906,77.6744203786316,41.49750326000003,44.82434757650001
2026-05-03,13.070278564523866,77.51508865834158,44.026838060000046,44.13108767000003
2026-05-03,12.882887891854448,77.45646600803153,41.85639536000002,46.076761374800036
2026-05-03,12.864669756437587,77.59551429525406,37.91200028000003,42.88721892170004
2026-05-03,13.10161681271857,77.74000755790951,42.36909836000001,43.418157058400055
2026-05-03,13.14247493972448,77.60335297098442,47.22268675999999,43.527704599400046
2026-05-03,12.810109209153518,77.62494718515023,41.48724920000001,42.84791169170008
2026-05-03,12.872774298855044,77.74418345655486,46.23146096000005,46.94871536690007
2026-05-03,12.955012082605275,77.55146122247626,43.162079000000006,40.608869330300024
2026-05-03,13.021785049434312,77.71154572329024,47.10305606000003,43.846007711900064
2026-05-03,12.92619332549868,77.48941398699093,41.33002027999999,42.438432895700046
2026-05-03,12.903469696612332,77.49638562725855,39.183503719999976,43.10781793250009
2026-05-03,13.11415869822029,77.62867771881182,39.634682360000056,31.594730265500043
2026-05-03,12.905196934735658,77.4583921769512,43.045866320000016,45.66711167780003
2026-05-03,12.885077573520489,77.69016153204579,41.94526388000003,44.92435884170005
2026-05-03,13.120705267299378,77.60060905549395,42.41695063999998,43.96087027400003
2026-05-03,12.946633521225484,77.56712439510298,39.76798514000001,42.80723725370002
2026-05-03,12.922591366919129,77.51639793696363,40.297778240000014,44.38463639360004
2026-05-03,13.12441443431892,77.65272950070349,42.61519580000004,43.13835794120003
2026-05-03,12.845869569927084,77.45765168237625,36.36021920000002,43.40886004400003
2026-05-03,12.977263497041774,77.614290638776,36.32945702000001,37.53348874520003
2026-05-03,13.047983364284375,77.70667815304867,35.73130351999998,38.42791621880003
2026-05-03,13.069155784737758,77.52619781674954,40.23625388000005,42.70447448240003
2026-05-03,12.828865557218366,77.50740134055347,37.542854120000015,40.77977033030001
2026-05-03,13.04570136588559,77.73742606464944,45.35302982000002,42.433408406300025
2026-05-03,12.955162156461844,77.71915066409717,43.95505964000006,43.727180246599985
2026-05-03,12.884701806746376,77.63980794721712,43.54831525999998,44.454244370900014
2026-05-03,12.86658322151579,77.5778249361537,32.60039720000003,42.97605326150002
2026-05-03,12.86264476730154,77.62377299561344,42.406696580000016,41.427826922300035
2026-05-03,13.134253241806652,77.68207058431098,48.2378387,45.668188354100046
2026-05-03,13.147260382439969,77.68985556272087,46.05714194000001,43.85062203890002
2026-05-03,13.013451980987789,77.70279952631361,45.27783338000006,43.38636947240002
2026-05-03,12.9462747487721,77.65604387961149,37.14636380000002,39.56668085209999
2026-05-03,12.99121089327481,77.7242591194775,42.15034508000002,42.46220522480001
2026-05-03,12.913288937361452,77.5219132813816,38.46230150000002,41.52759892610006
2026-05-03,13.096577981544758,77.5493082205367,44.19773906,43.901020743800025
2026-05-03,12.963536095459068,77.47969211627516,43.95164162000003,43.12362627500002
2026-05-03,13.027711148869132,77.63262049974423,44.73095018000004,40.834031397800025
2026-05-03,13.02948302129596,77.6163848438924,45.55469300000004,41.4097285064
2026-05-03,12.832466955385376,77.56434349199414,39.48087146,43.59230517740005
2026-05-03,12.887301613088304,77.46163309620604,38.31874465999999,40.90469896130001
2026-05-03,13.127955858246825,77.574274893299,49.01714726,44.97979912610003
2026-05-03,12.809820085564567,77.5557831687397,42.63912194,46.23903187430003
2026-05-03,13.089375986207658,77.70023230709786,42.74508056000002,42.28460490560003
2026-05-03,13.05864062929041,77.52224365622321,39.75773107999999,40.99525940120003
2026-05-03,13.1430862419253,77.63066994616813,46.77150812000002,44.63704008050002
2026-05-03,13.022342849122806,77.63156530605572,43.391086340000015,40.35120189260001
2026-05-03,12.958914900798636,77.59169495118824,41.33685632000004,40.933700861000034
2026-05-03,13.039076278125592,77.72589258254644,40.38322874000005,43.40233162580005
2026-05-03,12.869272297188074,77.73121241951543,44.27293550000002,45.622233075200036
2026-05-03,13.1496284364855,77.71987788228269,43.29879979999998,44.62960588700003
2026-05-03,13.07065850606382,77.49713779336126,43.33981604000002,43.73673361250004
2026-05-03,12.955976724791132,77.65757236432037,41.63422406000001,43.80664921159998
2026-05-03,13.11085197100132,77.4555263442973,44.24900936000006,43.66987714130004
2026-05-03,12.88617808458098,77.66634357053337,34.76400386,44.76584816420002
2026-05-03,12.893606088034025,77.54574852937337,40.21574576,43.62011077010001
2026-05-03,12.879615234368432,77.6503121625954,42.08882072000006,46.137978113000024
2026-05-03,13.13987786812432,77.70680079599421,47.74906184000002,45.26151233450001
2026-05-03,12.90003553979634,77.64739068597801,39.932050100000026,43.5965264321
2026-05-03,12.93096547935546,77.53658195008335,42.22212350000001,42.12670947170002
2026-05-03,13.10296387740684,77.70824758698569,45.312013579999984,44.939534850500024
2026-05-03,12.945809321240052,77.63102224554332,34.96566704000003,39.87344814710001
2026-05-03,12.863601493532675,77.73316315304879,44.77880246000001,45.93881008760007
2026-05-03,13.023542588451749,77.5094415156961,44.12596064000002,43.782757251800064
2026-05-03,13.068121381976406,77.68912164996091,44.49168878,43.6531972037
2026-05-03,13.0200685236887,77.5756570880929,40.16105744000004,40.86028179140001
2026-05-03,12.891723440364448,77.56431394570646,38.69472686000006,39.991831269800066
2026-05-03,12.810447122257449,77.72160458299335,39.76114910000001,43.039098640400006
2026-05-03,13.1437244369995,77.69716091626358,48.40873970000001,46.69947334850007
2026-05-03,12.948882354999451,77.4685259676547,44.83690880000006,44.561758190000006
2026-05-03,13.109980315454084,77.55505302349547,48.75737774000004,46.33526622740006
2026-05-03,13.066061924701572,77.49724634440592,44.03367409999999,44.11110934310004
2026-05-03,12.82606197596963,77.63485434995825,43.24752950000004,46.94430612110009
2026-05-03,12.872993225761254,77.50274151132413,39.38858492000003,43.619803148300036
2026-05-03,12.841424318499175,77.53554129073066,32.54229085999998,38.30787535640004
2026-05-03,13.138521931870248,77.50734250782322,46.71681980000005,43.80593142740004
2026-05-03,13.144444163654484,77.73499572471707,43.127898800000025,44.77892209070004
2026-05-03,13.12573307016,77.67738924091131,47.42434994000001,43.263423293000024
2026-05-03,13.050023330280563,77.58955883960164,37.1292737,40.549840124899994
2026-05-03,13.136422554634752,77.7385147876703,44.53612304000001,46.356816843500035
2026-05-03,12.845494573653864,77.63275903950444,39.60050216000002,40.70503532300003
2026-05-03,12.919675135942745,77.57116323696017,41.73334664000004,44.0699563823
2026-05-03,12.809279337901868,77.55438774465196,44.45750858000002,46.65196287050006
2026-05-03,12.865561000223162,77.5440952951343,37.28308460000005,43.570002596900046
2026-05-03,12.918492514128268,77.63331702032704,40.46184320000003,44.354472367100016
2026-05-03,13.146567027621115,77.54980821041971,44.13621469999998,43.92405819860002
2026-05-03,12.9273212146818,77.46211650006606,40.605400040000006,40.81459995410003
2026-05-03,12.968502247314184,77.60277702415001,40.96087412000003,39.63922832660001
2026-05-03,13.005973993859886,77.66610624460876,42.87154730000003,43.8859814558
2026-05-03,13.125529119247195,77.72923990905797,47.67044738000004,45.40441975070003
2026-05-03,12.915061592736633,77.69679027365399,42.32466410000001,42.56211394940003
2026-05-03,13.031942147765264,77.73878450033628,46.08106808000002,44.43389006180002
2026-05-03,12.875979047755653,77.58707127066444,39.69962473999999,41.03427609950004
2026-05-03,12.873496499555014,77.6769498094491,41.04632462000001,43.21304167820003
2026-05-03,12.803401942858162,77.73059019061952,43.910625380000056,44.716338144500014
2026-05-03,13.051508681960156,77.66968725236715,44.63866364,43.796360971400006
2026-05-03,12.9392742895344,77.57492380203549,40.12687724,42.4557964373
2026-05-03,12.978870429067404,77.4534186831511,48.029339479999976,42.75114754550006
2026-05-03,12.952587062259662,77.60767207906996,38.55458804,40.73191805030003
2026-05-03,12.846029979107048,77.71755311194319,33.33185348000001,44.532209407100005
2026-05-03,13.136116468214958,77.61311449179559,50.94491054000002,45.698540371700055
2026-05-03,12.825299813886714,77.66005338121643,42.09907478000002,45.646107944900024
2026-05-03,12.88918346075716,77.57226355099891,40.87542361999999,44.24895808969999
2026-05-03,12.89962827835548,77.48870837903321,39.952558220000014,42.51537252590006
2026-05-03,12.822125334523776,77.71495463572289,41.37445453999999,40.21955685230001
2026-05-03,12.82092882165962,77.58095544246697,39.38516690000006,44.72237094980001
2026-05-03,12.994251900564338,77.63581698651029,42.12300091999998,41.8137897407
2026-05-03,12.992271264361536,77.72045194921937,41.41547078000002,41.16602368040005
2026-05-03,13.081976169849192,77.57609330512639,40.89593174000004,45.45066556130002
2026-05-03,13.048929840610526,77.48953757219866,40.81048124000006,41.24721874550001
2026-05-03,12.848454377586156,77.52636216543314,35.41000964,42.68683749919999
2026-05-03,13.033145439878211,77.60224594891012,44.177230940000015,40.67970779480002
2026-05-03,12.865421348576868,77.69558164579449,41.88715754000003,45.81514612400002
2026-05-03,13.085312665489353,77.57499347972343,42.50240114000002,44.87366960510002
2026-05-03,13.115322858386635,77.56337160765206,44.259263420000025,42.385727027300035
2026-05-03,12.9568383695517,77.5323869079698,41.87690348000001,43.12755699799998
2026-05-03,12.833628084980136,77.58882562953377,39.22793797999998,44.27505467240003
2026-05-03,12.94983806262627,77.48018995274491,43.18600514000002,43.330587386000005
2026-05-03,12.982504718762652,77.57013264304075,43.879863200000045,40.225350396200014
2026-05-03,12.885422712205497,77.48198559951848,37.864148,43.277949878000015
2026-05-03,12.815002210661154,77.55835151291078,39.50821561999999,43.84898138930007
2026-05-03,12.93278130508695,77.56244314951675,41.09417689999998,42.33221792420008
2026-05-03,12.946382251237482,77.56602429076224,40.130295260000025,45.01997795120002
2026-05-03,13.023638635330927,77.61570225443505,45.47266051999998,41.299958794099986
2026-05-03,12.822872098883272,77.55625044112223,41.91108368000005,44.81108565890004
2026-05-03,13.1347158573463,77.60867396727868,50.04597128,44.483844424100035
2026-05-03,13.057081444242918,77.67154557073813,45.99903560000001,44.151151447400025
2026-05-03,12.837448468497811,77.69263355101974,41.65815020000002,46.31561261240008
2026-05-03,12.968219426174064,77.45330739372287,49.8101279,44.49244074440003
2026-05-03,12.941197562600262,77.70287222967337,42.259721720000016,44.467215756799995
2026-05-03,13.029541961254196,77.51074645352757,43.5209711,45.554009396000026
2026-05-03,12.818659588593558,77.48622920210326,43.6235117,44.535764147900025
2026-05-03,13.04962408651555,77.53336549107209,42.77584274000003,43.719164989700054
2026-05-03,12.880996505486848,77.49744247618769,38.60927636000002,43.8703952846
2026-05-03,12.85943319875446,77.63986572134063,43.30221782000001,45.56691242150006
2026-05-03,13.013109951679729,77.65185038899331,42.51265520000004,43.12302812149999
2026-05-03,13.024209962937846,77.47545635763467,41.78461693999998,43.341302878700006
2026-05-03,12.86401755260758,77.65277912779874,40.06193486000001,43.77245192149999
2026-05-03,13.013899895843505,77.53098898954221,41.79145298000003,43.51528009670002
2026-05-03,13.03423885857178,77.47939895129834,42.62544986,44.110271928200056
2026-05-03,12.906874157895029,77.63179493477953,42.84420313999999,44.04679929680002
2026-05-03,12.967262633497436,77.61269379211471,39.59366612000002,39.11184493070003
2026-05-03,12.826125897976786,77.72361279348418,42.94332572000002,44.37718511000002
2026-05-03,12.830518502877656,77.71711887870683,43.39450436000004,46.76267253830009
2026-05-03,12.88912685331914,77.71047443907555,44.11912460000002,45.79060474040004
2026-05-03,13.0476118076389,77.74326317446331,46.24855106000001,42.95376777109998
2026-05-03,13.05528704728422,77.46129959736191,44.06443628,44.208796354700056
2026-05-03,13.11140223831706,77.66593281421306,46.69289365999998,42.858934806200004
2026-05-03,12.85007145862217,77.4733303099742,41.14202918000001,44.745886927399994
2026-05-03,12.985300804044003,77.47169047867492,44.08494440000004,44.338048781000005
2026-05-03,12.9068662842373,77.59036550561386,38.78017736000004,42.44870404580004
2026-05-03,12.828422750526435,77.67203024146089,42.93307166,44.684943630800035
2026-05-03,12.893393094144152,77.56953585795667,39.71671484000001,43.43893862
2026-05-03,12.80182190184911,77.64467051641401,41.79145298000003,44.8949809598
2026-05-03,12.869401973242924,77.55960676596528,35.040863479999985,41.55757496150004
2026-05-03,13.051837700849289,77.70525423604019,40.85833352000003,38.65488983690003
2026-05-03,13.137651856855229,77.4922896212835,45.15136663999999,44.60304787160002
2026-05-03,13.08064236258344,77.73050610141794,50.462969720000046,45.700181021300004
2026-05-03,13.092866283129236,77.53569680319903,42.34517222,41.24472359090003
2026-05-03,13.141511415216623,77.60194953369557,47.63968520000003,43.31479613360002
2026-05-03,12.904126005775815,77.57097554103335,38.80068548000003,44.172650793199985
2026-05-03,12.99764149823118,77.60214795658749,39.18692174,38.97391073360003
2026-05-03,12.95150197206576,77.48457245533218,44.60790146,44.306397915800005
2026-05-03,12.81576497640614,77.69891159094665,42.10932883999999,41.879808797
2026-05-03,12.863818817100482,77.62923596680452,41.736764660000006,43.57478782490002
2026-05-03,12.906207035088592,77.46048078744299,41.50433930000003,46.237032332600045
2026-05-03,12.985295224511985,77.5353061986404,40.42082696,41.91896221610003
2026-05-03,12.857153042228184,77.55750365807536,32.02275182000005,42.59051769560003
2026-05-03,13.040520607703352,77.5912536528807,45.43164428,41.43365464640001
2026-05-03,12.840715525693325,77.46530207752976,37.73084521999999,44.71794461389998
2026-05-03,12.977770764230332,77.6865412654486,33.786450140000056,38.74368999650005
2026-05-03,13.08111943750667,77.64320682802249,46.42628810000002,44.12691768560001
2026-05-03,12.971548412283344,77.55639171202687,42.485311040000056,41.01651948560003
2026-05-03,13.05850330146349,77.64915329778017,46.57668097999999,45.51984628610003
2026-05-03,12.810064978072296,77.73326800289624,42.081984680000005,41.94851099900003
2026-05-03,12.877367418885218,77.49097709523045,41.883739520000006,45.85961456420007
2026-05-03,13.015224417594291,77.69784624626193,43.08346454000002,42.362193959600006
2026-05-03,12.832955593733892,77.60616443072723,43.38766831999999,45.84370368110007
2026-05-03,13.146607809089282,77.7418530409515,42.87838334000003,44.2274929241
2026-05-03,12.961505340614623,77.4707779919456,47.52689054000001,46.53863841740007
2026-05-03,12.85576105365166,77.48848562020035,37.45056757999998,42.333756033200025
2026-05-03,12.92489421365026,77.64754336732528,41.63422406000001,43.50020662850007
2026-05-03,13.132750379573348,77.61830682952227,44.45750858000002,40.88251601150003
2026-05-03,13.014692952695707,77.72118067702955,45.602545280000015,42.268642752199995
2026-05-03,12.900751339363502,77.59027051394844,38.81777557999999,42.36677410639999
2026-05-03,13.024946476262546,77.65996221670757,44.28318955999998,42.15239589200002
2026-05-03,12.886629806923665,77.49754311720156,40.35930259999998,43.39775147900003
2026-05-03,12.801298137934008,77.51188314881445,43.65769190000003,42.903146894900004
2026-05-03,13.13945903018718,77.63624424478377,43.95505964000006,39.6385959929
2026-05-03,12.8861728931683,77.70257763697336,39.14932352000005,41.05430569670003
2026-05-03,13.00056440320787,77.4722358040388,44.62840958000004,44.432950106300005
2026-05-03,13.096610449989,77.51536686155633,49.72125937999999,45.65525114840005
2026-05-03,13.037472587503462,77.4868136320072,41.18646344000001,43.08425068460005
2026-05-03,12.95889264292993,77.65289755945882,41.08050481999999,43.66611731929999
2026-05-03,12.851551425904638,77.5038810282536,34.36409551999998,40.015022535499995
2026-05-03,13.116957246805503,77.74821716498354,46.89113882000004,44.47451322950003
2026-05-03,12.823036477374318,77.67463602019579,43.03561225999999,42.06856895150002
2026-05-03,12.93191544691989,77.48851946499873,40.07902496000003,40.772831749700025
2026-05-03,13.135322265536349,77.56891623768644,43.17916910000002,42.58448489030008
2026-05-03,13.104369070157832,77.71710103259097,47.72171767999998,45.108709750400024
2026-05-03,12.879501649732784,77.62179475963632,40.28068814000005,42.06626178800004
2026-05-03,12.886335168116656,77.53655345963278,37.28308460000005,43.056821074100014
2026-05-03,13.094110533166178,77.70808501423889,46.12208432,43.81543352300002
2026-05-03,13.070243544233852,77.70004573015264,49.73834948000001,44.4631654031
2026-05-03,13.017569536182918,77.53408674061065,42.34859024000002,42.3700554056
2026-05-03,12.808332344649912,77.62222308586774,41.883739520000006,46.60822930460007
2026-05-03,12.9381119396025,77.67866957271579,41.04290660000004,44.32940119040001
2026-05-03,13.07770500473917,77.59582055570121,44.816400680000015,43.64695931720003
2026-05-03,12.940784025199685,77.47415687144608,44.66600779999999,43.49056781209997
2026-05-03,13.051768056328948,77.5431224260393,40.87884164000002,41.014519943900034
2026-05-03,12.961840809466691,77.46344881405624,49.62897284000002,45.75813355040003
2026-05-03,12.929938687578838,77.54807142664552,39.20742986000005,41.93984631830004
2026-05-03,12.856359287164326,77.64446315445646,41.62396999999999,44.235593631500016
2026-05-03,12.977969746199935,77.53649680784147,42.41695063999998,44.06182149469998
2026-05-03,13.076966142850283,77.69629436336761,45.61621736000001,44.377116749600034
2026-05-03,13.108562692412336,77.68485454287963,47.51321846000002,46.06349945720009
2026-05-03,12.912709674702697,77.50826210647784,39.71671484000001,42.55167189829999
2026-05-03,12.942654753318116,77.71101280662893,45.192382880000025,45.70026647180005
2026-05-03,13.134820744593272,77.64075613283576,48.93853280000002,45.890769816500054
2026-05-03,13.05395542761547,77.53403781855668,39.169831639999984,42.62459535500004
2026-05-03,13.074477758755286,77.65114299029081,41.89399358000003,40.54199576900002
2026-05-03,13.067095512237936,77.50355966522997,42.36909836000001,40.78493154050006
2026-05-03,12.95443136592277,77.49572084839738,42.15376309999999,43.36528028900002
2026-05-03,12.91622012676402,77.53224151033048,43.045866320000016,46.484120998400066
2026-05-03,12.98764583087022,77.61803146644588,40.48918736000002,39.49401374690003
2026-05-03,13.003137516263871,77.73452897982035,45.33252170000003,44.47490630180004
2026-05-03,12.93836610380436,77.68474269172756,41.04632462000001,45.73759125020005
2026-05-03,13.003537509016072,77.59147894787425,40.94720203999998,41.56960639190002
2026-05-03,12.868821718582396,77.54654860078723,36.84557804000002,41.18446389830001
2026-05-03,13.10777935836828,77.67795836770318,48.99663914000001,44.71445823350004
2026-05-03,12.95371328339414,77.63103120390208,36.99255290000002,40.87058712170003
2026-05-03,12.866127542456736,77.56625366452143,29.059328479999976,35.662105705100025
2026-05-03,13.084275617592402,77.66892990346045,45.87598688000003,44.458482715700036
2026-05-03,13.121080129721165,77.49571801037406,46.92531902000002,43.76267638430002
2026-05-03,12.846008940897704,77.73954876150557,45.91700312,46.54185135620008
2026-05-03,13.00358187581318,77.7196965519448,44.37889412000004,42.317520438200006
2026-05-03,12.959137325793275,77.5586380417958,41.230897700000014,41.12553723350002
2026-05-03,13.112096509252652,77.63480933064899,46.55617286000006,43.340721815300014
2026-05-03,12.925455188070623,77.55175050618797,41.029234520000045,42.80344325149999
2026-05-03,13.104294562849946,77.56033690006541,45.24023516,43.45108968110001
2026-05-03,12.92007027529156,77.62126462313981,41.377872560000014,41.52305295950005
2026-05-03,13.064357503271706,77.56331870781634,33.36261566000002,38.80827348440006
2026-05-03,13.018306768116895,77.69225510447158,44.41649233999999,42.59378190470002
2026-05-03,12.968412351683408,77.52662422595223,41.33343830000001,42.36287756360003
2026-05-03,13.123261368390862,77.70190055224299,47.77982401999998,43.33723543489999
2026-05-03,13.038187769132954,77.67718920650194,46.29982136000001,41.36083373030003
2026-05-03,12.8524622116281,77.58842489473855,40.92669392000005,43.868703364699996
2026-05-03,12.824053218595866,77.69478971635209,36.319202959999984,41.04088996820005
2026-05-03,13.144310109739058,77.48247629163988,41.63422406000001,43.37830294520002
2026-05-03,12.871432027793391,77.53560194780509,38.00770484000003,44.732009766200036
2026-05-03,13.075618727400308,77.6412139788749,42.15718112000002,41.78584742720002
2026-05-03,13.078848507770982,77.59315770971907,45.17529278000001,43.06827144109999
2026-05-03,12.839014937345086,77.57630785965904,42.167435179999984,44.63304099709998
2026-05-03,12.949811212514986,77.74300870241134,31.39725415999999,33.53551620170004
2026-05-03,13.118309813043869,77.61079507457444,47.26370300000002,43.22924309300002
2026-05-03,12.984454154413305,77.472469357417,44.057600240000056,43.00167132140001
2026-05-03,12.821942931487952,77.54932009391706,44.38573015999998,46.73794316359999
2026-05-03,12.994022436753044,77.45552209134797,40.78655509999999,43.43174368790006
2026-05-03,13.044772789183227,77.4641756462644,40.03459070000002,45.72386789990005
2026-05-03,12.813826807379874,77.53646556619508,42.601523720000046,43.93998617180004
2026-05-03,12.99219076675282,77.52288149795267,43.360324160000005,44.476700762300005
2026-05-03,13.102027888806758,77.45431957244315,45.70508588000001,43.65965726150002
2026-05-03,12.865225817025864,77.58947581942371,35.608254800000054,32.76905939690006
2026-05-03,12.907098296652606,77.46489831429076,41.26507790000005,44.280574774700014
2026-05-03,12.96828524463467,77.53737234221603,40.55412974000001,42.52453281950004
2026-05-03,12.96223854902914,77.54774575376273,43.469700800000055,44.48562179450003
2026-05-03,13.124435490945125,77.45653871536766,44.53612304000001,41.180669896100014
2026-05-03,13.005850895924288,77.51680974945116,44.60790146,42.40943099600001
2026-05-03,12.88888976483636,77.66574825523978,39.66544454000001,44.71071550160001
2026-05-03,13.049305927512624,77.56975246038513,42.44429480000002,40.85120694830003
2026-05-03,12.911375653898148,77.60754692219939,40.12345922000003,42.765759581000026
2026-05-03,12.838138975800138,77.47038543734139,37.542854120000015,43.70562963050008
2026-05-03,12.982568514777288,77.46818110495542,45.79395440000002,44.572986385700034
2026-05-03,13.126646539968448,77.68483759595567,48.99322112000005,44.845300039099996
2026-05-03,13.0984874065471,77.74128821652643,47.50980044000005,43.85214305780003
2026-05-03,13.102054039588593,77.49558064286639,46.64162336000004,43.663246182500004
2026-05-03,12.931325984594803,77.50937136827274,40.97454620000002,44.01538769300001
2026-05-03,13.03647367190336,77.52073930411312,43.96189568,43.128531133700015
2026-05-03,13.13579007612669,77.57153836647639,41.935009820000005,42.95846754860002
2026-05-03,12.896822956163549,77.63956418470936,42.93307166,44.07453652909999
2026-05-03,13.105471023481408,77.71013474648214,44.82323672000001,43.549323575900054
2026-05-03,13.0830139844772,77.6366043122972,44.03367409999999,43.1885002946
2026-05-03,12.93916867450214,77.57886447890512,41.05316066,43.484859718699994
2026-05-03,12.88333550888706,77.66239118107914,37.395879260000015,44.44985221519999
2026-05-03,13.020876077277814,77.56167292180913,35.83042610000001,40.79228028350002
2026-05-03,12.850951397102838,77.53303599628819,35.34164924000004,42.15808689530004
2026-05-03,13.093143037645415,77.63651267215404,48.34379732000002,44.78182740770002
2026-05-03,13.13648343456699,77.6039647918792,51.744727220000016,46.46320271600004
2026-05-03,12.958944687556915,77.72068265043337,41.61371594000002,43.621187446400036
2026-05-03,13.14983226227862,77.55025840100849,45.26074328000004,43.601192029400025
2026-05-03,13.046837093058704,77.72302494697087,47.07571189999999,44.33329773319999
2026-05-03,12.874051070774073,77.64219809354812,39.952558220000014,41.57538284570005
2026-05-03,12.92940382804934,77.5474902408636,38.899808060000055,42.46852856179999
2026-05-03,13.005882847704775,77.71955123376304,43.18258712,44.917813333399984
2026-05-03,12.976410088299149,77.64575918529198,38.45546546000003,40.651406589200015
2026-05-03,12.909941235892228,77.69599612332455,44.24900936000006,43.19554141580001
2026-05-03,12.939335975233424,77.68714401057926,41.98969814000003,46.00033444760003
2026-05-03,12.956723978975912,77.52509128870018,41.33002027999999,42.41139635750003
2026-05-03,12.817093798630328,77.5816254521609,39.42618314000004,42.67415664500002
2026-05-03,12.991677949865151,77.66186622443581,40.48918736000002,41.512508367800045
2026-05-03,12.811280468388633,77.54058912163474,43.71579824000003,43.78961038190007
2026-05-03,13.12350724055649,77.67100060755853,45.73926607999999,44.18307575419998
2026-05-03,13.126635295393552,77.5486690131868,39.76798514000001,39.95828340350003
2026-05-03,13.027472714201403,77.71643626883795,47.844766400000026,44.418167169800014
2026-05-03,13.050421657227114,77.61610049373779,43.81492082,42.70208186840006
2026-05-03,12.975003567132832,77.72220995922126,44.61131948000002,42.73393781480001
2026-05-03,13.065525988364916,77.51890974280818,45.1958009,43.30941275210003
2026-05-03,12.891377762536768,77.70464287653382,38.11708148000002,44.8755836963
2026-05-03,12.956202857528734,77.6464841133831,40.28410616000002,41.43862786550003
2026-05-03,13.04293840443211,77.56596751768498,38.91689816000002,39.784853068700016
2026-05-03,13.143719970870594,77.74699639511823,36.40465346000002,37.91794763480003
2026-05-03,12.852547603873283,77.62859419155441,46.761254060000056,45.32847134630002
2026-05-03,12.835383989042834,77.66355972242434,38.92715222000004,41.40926707369999
2026-05-03,12.819677019233003,77.68437360592232,42.980923940000025,43.741723921700014
2026-05-03,12.95745137824438,77.51471552717727,41.029234520000045,46.23860462180008
2026-05-03,12.95258794905864,77.53717537450649,44.60106542000005,43.771118893699985
2026-05-03,13.001550894097598,77.74392278946034,47.21926874000002,45.73321618460006
2026-05-03,12.800431552110815,77.4622406966329,46.93899110000001,46.393270026800025
2026-05-03,13.007729999411056,77.70373766088768,43.98923983999998,42.48837016790005
2026-05-03,13.046695316845543,77.62085211297227,41.92133774000001,39.25318005770005
2026-05-03,12.984144458769585,77.58544985333205,39.525305720000006,38.24706878060002
2026-05-03,12.927472194729823,77.6470463637634,42.47505697999998,43.650736229299994
2026-05-03,12.820827850471709,77.48067836147533,41.69574842000003,44.34279982880003
2026-05-03,12.9897837281659,77.54955973959412,43.49362694000001,43.656358872199974
2026-05-03,13.123088137380073,77.53937733392821,48.94878686000004,42.65821158170004
2026-05-03,13.105444585464546,77.67258443128902,46.357927700000005,43.675482694100026
2026-05-03,13.027973406746918,77.63127168518949,44.13963272000001,39.61258486070001
2026-05-03,13.07515065546454,77.63219006173625,46.49806652000001,43.21898903299998
2026-05-03,12.839959144084489,77.47232392926924,40.02433664,40.08854414570001
2026-05-03,12.92329890812456,77.45475298933823,47.468784200000016,46.65037349120011
2026-05-03,12.970033964466523,77.53577681456956,40.687432520000016,42.03601231100004
2026-05-03,12.813071722609486,77.51956502373606,44.406238280000025,43.11849924500003
2026-05-03,12.81669874845722,77.49859389675308,41.29242206000004,46.62689169380003
2026-05-03,13.123338093485756,77.6236741546211,44.34129589999998,46.06773780200004
2026-05-03,12.99610617312693,77.67301402721418,43.16549702000003,42.33276480740002
2026-05-03,13.06164915433649,77.67733985718803,46.48439444000002,44.07352821320005
2026-05-03,13.094662617777534,77.58259548954614,41.43597890000001,43.711576985300006
2026-05-03,12.976653168125695,77.72330590875987,43.52438912000002,42.34269415550004
2026-05-03,12.875807704042536,77.48576945238564,38.05897514000003,41.24419379780001
2026-05-03,13.0873457255266,77.58417709863863,41.13177512000004,42.751267176200045
2026-05-03,13.123945510191328,77.55404867907778,48.27201890000004,45.82811750990003
2026-05-03,12.883096954404824,77.74751691416886,42.79293284000005,44.39118190190001
2026-05-03,12.990349441187668,77.45476110430607,45.079588220000005,46.005888730100004
2026-05-03,12.984972356133078,77.66603612896874,39.94914019999999,44.52373271750002
2026-05-03,12.963221690857504,77.61536066128114,39.52188769999998,41.410839362899985
2026-05-03,12.989239466144536,77.64342100528859,37.92225434,40.9163885897
2026-05-03,13.032755050521097,77.74412635151535,45.42822626000003,43.10105025290002
2026-05-03,12.852899392894985,77.55498736257464,31.585245260000026,40.69635355220002
2026-05-03,12.803183598162088,77.61870216349377,42.4272047,42.07106410610008
2026-05-03,13.117634614191338,77.60054642608645,41.935009820000005,41.01593842220002
2026-05-03,13.086111209510692,77.48622132955556,44.26268144000005,41.405951594300035
2026-05-03,13.024397268190611,77.54122809736936,40.81048124000006,41.31228075620002
2026-05-03,12.905863032245996,77.57009067330056,41.60687990000002,42.48404637260003
2026-05-03,12.955386880314077,77.55437490035516,42.42378668000004,39.84793262780001
2026-05-03,12.997768814574853,77.73388108671044,46.36818176000003,45.389978616200025
2026-05-03,13.038011479799133,77.69973909741549,44.52928700000001,41.59117409810003
2026-05-03,13.057201400132112,77.49398755141897,40.89593174000004,43.69118849600003
2026-05-03,12.88949342894065,77.72513067440605,41.68549436000001,42.728212631300046
2026-05-03,12.864803248374123,77.48855165590008,38.57509616000005,42.716830624700044
2026-05-03,12.83551905900136,77.63023455310861,40.48918736000002,45.34453604030002
2026-05-03,13.06936115862797,77.45568363279043,43.08004652,45.288429242000056
2026-05-03,13.050125994783862,77.53520457941562,40.55412974000001,41.05420315610002
2026-05-03,12.893408699602888,77.6768262549609,42.67672016000006,45.79415948120006
2026-05-03,13.123406032093124,77.50572722315998,45.81788054000003,45.326642705600044
2026-05-03,13.011538326841103,77.61991609270903,42.79635086000002,39.48909179810002
2026-05-03,13.10957728708945,77.60316170446976,43.322725940000055,43.04249957030002
2026-05-03,13.093143935541788,77.63579413229348,47.63968520000003,42.178355753900036
2026-05-03,13.009553855070743,77.46811944375037,38.80752152000002,45.58642931570007
2026-05-03,12.908322504614416,77.6541588006945,38.54433398000003,42.87826370930006
2026-05-03,12.894875575002422,77.5737936787803,38.53749793999998,41.608281288200004
2026-05-03,13.042786462333408,77.5170963936409,41.36420048000002,42.39898894490002
2026-05-03,13.01710391865376,77.50998272569426,42.53658134,45.72159491660003
2026-05-03,12.926350562001142,77.47820647047125,43.27829168000005,43.917324699200044
2026-05-03,12.977389613593273,77.68379575960029,41.24115175999998,41.504219669300035
2026-05-03,12.827042866600316,77.70947518678206,40.769465000000025,42.73656969020005
2026-05-03,12.97979422799703,77.45500889913856,44.11570658000005,42.49530874850004
2026-05-03,13.084839919156757,77.6140120477441,41.97602605999998,43.63111679450003
2026-05-03,13.13229940172443,77.56538086813174,40.63958023999999,41.11295891990001
2026-05-03,12.900188851906822,77.73886597689756,47.56448876000002,45.88738597670003
2026-05-03,13.10721964098575,77.63196200780331,43.61325764000003,43.10780084240001
2026-05-03,13.093739608872545,77.51674283493223,48.19340444,45.92812877510002
2026-05-03,12.859818697811413,77.54749281509433,38.65029260000006,44.486527569800025
2026-05-03,12.854020924981372,77.69310005625474,40.362720620000005,45.250523400200024
2026-05-03,13.14894606694306,77.72487018543542,44.00974796000003,43.495028328200014
2026-05-03,12.939999815778927,77.6761457895971,40.704522620000034,43.22635486610005
2026-05-03,12.818131898181216,77.67782367869395,42.58785164000005,43.96599730400007
2026-05-03,12.921970258654673,77.65751891343668,40.11320516000001,40.84044018530003
2026-05-03,13.113021604692712,77.50694975771658,48.162642259999984,42.76945104260004
2026-05-03,13.128232025981784,77.66297728818908,49.611882740000055,44.30448382460001
2026-05-03,13.130426176268465,77.61859583671193,40.64641628000004,38.38399466180001
2026-05-03,13.062982098604571,77.67706967341489,43.978985780000016,44.05423349029999
2026-05-03,12.805758502240923,77.69832157503038,43.89353528000004,44.25654609410006
2026-05-03,13.126080958976027,77.56157896106019,43.25094752000001,42.29075734160006
2026-05-03,12.933022288913495,77.47247065814878,42.26655776000001,42.65698109450004
2026-05-03,12.99232992701082,77.4783200449077,43.76023250000003,40.044400417400006
2026-05-03,12.87350102582745,77.69429023211661,39.30313441999999,45.52343520710003
2026-05-03,13.103857049444835,77.55553200109108,45.18212882,44.48666429060001
2026-05-03,12.970879390955584,77.62700784799138,40.08927902000005,40.98541550359999
2026-05-03,13.106621766568404,77.53645424461537,44.33787788000001,46.10666904980004
2026-05-03,12.960822366396275,77.59921967015504,40.509695480000005,41.05170800150002
2026-05-03,12.901218675791895,77.66292415611747,42.08882072000006,45.18754638170005
2026-05-03,12.996100237969248,77.4645828167583,44.60106542000005,44.28048932420002
2026-05-03,13.022903660656167,77.4554955004279,42.76900669999998,43.52739697760002
2026-05-03,13.145120363842928,77.49925575443345,46.68605762000004,43.7806893497
2026-05-03,13.059891454315736,77.63908862893224,43.603003580000006,42.94636775780003
2026-05-03,12.97600724733779,77.61236999716084,39.5389778,37.35807595880001
2026-05-03,13.104792078854436,77.50909614079504,50.73299330000003,45.676425782300065
2026-05-03,13.057854751070565,77.5493529450468,42.314410039999984,41.654510008700065
2026-05-03,12.81351672976669,77.5869407888535,40.86858758000005,41.60353024040007
2026-05-03,12.959980458554924,77.63277358585508,36.33971108000003,38.19114997340001
2026-05-03,12.980541690954762,77.72622125992662,43.24069345999999,44.69213856290002
2026-05-03,13.054131908909405,77.58197912133666,42.39986054000002,43.562209511300004
2026-05-03,12.986353217136672,77.57055719971544,41.29925810000003,39.15545886590005
2026-05-03,12.986982816508416,77.47987786317364,45.07275218000001,42.12874319360004
2026-05-03,12.879642891623474,77.56539098926285,37.72742720000002,43.442425000400036
2026-05-03,12.891595744641188,77.63099295493878,41.982862100000034,42.484422354799975
2026-05-03,13.0818443521835,77.65050250986427,42.87496532,41.479780826300036
2026-05-03,13.105336120955638,77.5113906728164,50.780845580000005,46.18248073340007
2026-05-03,13.13271786230643,77.59050288965861,50.13142177999998,46.375786854500056
2026-05-03,12.929110501413271,77.73250050709164,43.23385742000005,42.513919867399984
2026-05-03,12.99185033229386,77.60378431909062,41.69233040000006,38.77696442120001
2026-05-03,12.894334707094169,77.50215727154186,37.18396202000002,42.73472395940003
2026-05-03,13.062395224320898,77.67517963910966,43.94480557999998,42.909128429900036
2026-05-03,12.828545112326893,77.56697842963676,39.983320400000025,45.82001680250002
2026-05-03,12.94520649626315,77.46677793343567,46.911646940000026,44.567363742800026
2026-05-03,13.042204188005403,77.6230818006231,43.50046298000001,38.79049978040004
2026-05-03,13.010337665583688,77.73310883656976,45.24365318000002,44.082961948399976
2026-05-03,12.915879891114477,77.47319217104972,39.58683008000003,42.543263569100034
2026-05-03,12.859092375101405,77.45182351191755,36.25084256000002,44.19573951830002
2026-05-03,12.880652964528736,77.52436310498061,34.91439674000003,42.41527581020001
2026-05-03,13.118326805139604,77.62471075641517,45.54785695999999,44.11604838200004
2026-05-03,12.847687068982353,77.59904941004504,41.54535554000006,44.62676893040001
2026-05-03,12.956930752307388,77.69064430527965,49.827218000000016,45.49795386800001
2026-05-03,12.863144795979068,77.58943715461,37.22497826000006,41.48147274620001
2026-05-03,13.058062914633812,77.68267389421737,40.60198202000004,40.2233679446
