date,latitude,longitude,LST,V3_Predicted_LST,V4_Predicted_LST,V5_Predicted_LST
2026-01-27,12.955453375646712,77.61850054828501,29.59253960000001,30.46553608820004,30.202656170000026,33.031700053700035
2026-01-27,13.048673420723118,77.69308129867237,31.284459500000025,30.69145012010003,30.416795123000014,30.264265980500028
2026-01-27,12.946853050708604,77.73514269947206,22.756499599999984,24.264718015100048,24.47446481240003,25.175449444100003
2026-01-27,12.846813341083896,77.48733962689842,35.28012488000002,36.77244950210001,39.031606911200036,34.843848807200004
2026-01-27,12.968017035809511,77.54686615225253,31.08963236,33.03557950640002,33.66519588049999,32.58506738030003
2026-01-27,13.12491467375935,77.72833088418255,32.873838800000044,31.22795962940001,29.786033712200023,29.87367174500004
2026-01-27,13.018899641822768,77.70604202598115,30.453880640000023,30.17380808120004,30.195803039900003,33.45095438690004
2026-01-27,13.043881911746013,77.49072872744016,31.47586862000003,35.05262146880001,35.688287738300026,33.01061087030003
2026-01-27,12.947581777369976,77.51254122256958,30.33766796000004,33.30700447459997,31.647983017100035,29.674281548300016
2026-01-27,13.00830473146351,77.45858428300589,35.461279940000054,38.37100618580004,38.63703068240006,34.45405780640001
2026-01-27,12.945588991057392,77.53457234090722,30.488060840000003,33.82495413530001,34.018841319800025,31.691716583
2026-01-27,12.904010434344354,77.63470929130749,30.69314204,29.552104423400028,30.736807245500003,33.05348993120001
2026-01-27,12.934987110675328,77.64032714813052,30.04713626,29.270408305100005,28.76313995690001,29.920977141800005
2026-01-27,13.100505514669258,77.61054102900039,30.518823020000013,31.46464042430003,31.401919757300025,33.893912688800015
2026-01-27,13.022962969299424,77.67966266097262,31.11355850000001,31.213877387000007,31.72297437590003,34.26022189220003
2026-01-27,12.95444296229911,77.45982780762883,24.82781971999998,28.35795077600001,27.145732892900025,25.779960461300035
2026-01-27,12.947428969944935,77.66025734309704,29.67115406000005,28.237824463100015,28.10036878880003,29.795501627600025
2026-01-27,13.134692447175617,77.50890962540782,29.872817240000018,34.0814594462,34.40495794909999,33.3297343076
2026-01-27,13.09595691827769,77.57469427444077,29.073000560000025,30.31924483220005,30.071865634700025,32.963903627000015
2026-01-27,12.85941141421225,77.48777846195955,31.25711534000004,34.45756127690004,34.66693209200002,32.413209334699985
2026-01-27,13.135404343272285,77.508467619479,30.08473448000001,33.06030888110001,33.23773829930002,31.133246295200014
2026-01-27,12.997754714268886,77.63660893000998,31.05203414000005,29.57257836320001,30.48300217040001,33.850401294200026
2026-01-27,13.022196288699575,77.5260451583967,31.889449040000045,35.35786774490001,36.046786766000025,33.21909300020003
2026-01-27,12.977989137349622,77.63656481070926,30.12575072000004,30.051391694900026,30.49252135610002,33.05530148180002
2026-01-27,12.96959400103687,77.48997664357496,31.380164060000027,32.70116042960002,33.836472862700006,32.25263075510003
2026-01-27,12.838428677904387,77.74825570701609,34.75716782000001,31.645710033800057,30.63031883239999,32.92608323570003
2026-01-27,12.974775697661986,77.60630315141398,29.80103882000003,30.13957661090001,29.588232894799997,32.751405323600025
2026-01-27,13.020806143525494,77.72982079085223,23.84001194000001,24.80961876350003,24.863144956700015,26.164966234100028
2026-01-27,13.008376041596945,77.63303902517892,30.68630600000006,30.575681782700034,30.053288696000017,32.86649005700003
2026-01-27,13.06419985772606,77.59956541261948,30.573511339999985,29.78220552980002,29.718425276600023,32.039619748700005
2026-01-27,12.974227435613164,77.51807615037848,30.136004780000007,33.1082295215,33.80213885179999,33.116056787300025
2026-01-27,13.124916693702165,77.64316902531067,37.07116736,33.00213418070005,31.741653855200024,34.1230567496
2026-01-27,12.973513709295302,77.47889068181105,32.579889080000044,33.037459417400015,34.098754627399984,32.71778909690001
2026-01-27,12.94045414042028,77.52267412917986,31.27078742000004,33.76344686540003,33.99004450130002,31.97835174020001
2026-01-27,12.993661407635866,77.62294793766883,33.15411644000005,31.291449350900017,31.700039461700026,33.33361376030001
2026-01-27,12.996174194547445,77.68111616770331,30.488060840000003,30.146566461800024,30.142789549700026,31.901207028800016
2026-01-27,13.019398190343397,77.58692699175796,30.334249940000007,30.28600458770003,29.925830730200023,32.82738790820005
2026-01-27,13.069099970294856,77.67662991455357,29.90699744000005,30.88333776289999,30.385212618199997,32.0276054084
2026-01-27,13.096565741488304,77.50368258173468,36.67809506000003,39.46752409190001,39.09902735570002,35.19607576820006
2026-01-27,12.954566702432173,77.69970034364829,32.190234799999985,30.162203903300032,30.07210489610002,33.33335740880003
2026-01-27,13.040732751129806,77.4534916444445,36.53795624000003,36.644085761,36.790992260599985,33.05495967980001
2026-01-27,13.091756921918396,77.60860632574291,23.795577680000008,25.037976679700023,24.93806795510004,26.24687908340002
2026-01-27,13.026896589757657,77.46117840002267,33.54035270000003,37.93531117640001,37.77650996720003,33.424857804199995
2026-01-27,12.977229225682176,77.53056325071421,29.12768888000005,32.91095849720001,33.576053918899994,32.60930114210004
2026-01-27,13.04004616612392,77.6149689188017,32.11845638,33.14249517200004,32.64561760460002,34.96349659730002
2026-01-27,13.131723805082563,77.53813765602735,32.58672511999998,33.02351389580001,32.73699836930002,30.710283410300054
2026-01-27,13.07129011781902,77.55337818197141,28.73803459999999,29.654696293700013,29.157750365900018,31.884031478300006
2026-01-27,12.845979313469403,77.49605763748798,32.761044140000024,34.49257889180003,35.20268963690003,32.812109358800036
2026-01-27,12.957512498117756,77.61731165472392,29.291753840000013,30.15355631270002,30.012716798600028,32.75027737700002
2026-01-27,12.832711358984318,77.49117442965952,34.23421076,37.58320384610001,38.72883869960002,35.696661887300024
2026-01-27,12.988415345040965,77.48028739850366,30.334249940000007,32.40791140370002,33.66205130210001,32.18114286680003
2026-01-27,12.804142985237592,77.52273078023558,32.86358474000002,33.36550388690003,33.4008462137,31.76152964150001
2026-01-27,13.039283528364182,77.70497774363042,32.484184519999985,31.613119213100028,31.06524478730003,33.08596112120001
2026-01-27,13.068430540730626,77.5724761328877,28.47484706,30.103277238499995,30.24890198060003,33.198003816800025
2026-01-27,12.9474570685372,77.744316496848,23.152989919999985,24.243167399000043,24.359055367100037,24.981647710100038
2026-01-27,12.821748797223236,77.54883998546599,36.332875039999976,37.56308879840002,38.60527727660001,35.14783041590003
2026-01-27,12.936192713269204,77.74665291539432,33.55060676000005,32.42312159270002,32.25102428570002,34.9008101105
2026-01-27,13.070026779678727,77.57119543240498,29.33277008000005,29.81889797450003,29.55384761359999,32.26860999860002
2026-01-27,12.858779380793306,77.65544226116214,33.70099964000002,29.92759101050003,30.323654078000036,33.270192399200035
2026-01-27,12.821313289720996,77.46837218994644,35.35532132000003,36.11142152419994,38.2597154546,34.50423434000003
2026-01-27,12.929547875212704,77.57714055906654,28.40990468000001,29.528554265600015,29.680656155600037,31.92752578280001
2026-01-27,12.840920835454916,77.62267030587064,32.873838800000044,32.4677951141,32.622699780500014,33.17773495820004
2026-01-27,12.992596299549062,77.71092199894004,28.70385440000001,31.11783102500003,30.277459537699997,31.228215980900032
2026-01-27,12.990559284501032,77.60860966439024,30.655543820000048,30.28031358439999,30.363063848600028,33.654634198700016
2026-01-27,12.99248365259373,77.4596034751764,30.52907707999998,33.18783520729998,32.19360154970003,30.37075439360002
2026-01-27,12.99845913201357,77.61810813822163,29.61988376,30.1813277252,29.87444079950004,33.14562266030002
2026-01-27,12.980230246395744,77.5088052795584,29.578867520000017,32.28535829660004,33.73085604470002,32.37424390670001
2026-01-27,12.948706581879746,77.64397188092326,31.19559098000002,30.307093771100032,30.62780658770003,32.91707675300002
2026-01-27,13.036875126479943,77.52395920249312,31.33914782,34.98111649040002,35.067882928100026,32.79624974600003
2026-01-27,13.149539636815142,77.64791363796782,37.48132976,32.31718006280002,32.86009835960003,34.38140779130003
2026-01-27,13.08395515421185,77.67933520654795,36.182482160000006,32.711978462900035,33.30150146240004,34.301015960900024
2026-01-27,12.86212002086917,77.50353696706735,31.157992760000013,33.501455632400024,33.22980849290002,31.188156786500034
2026-01-27,12.842679398739069,77.56400942647879,33.615549139999985,31.767870068600022,32.96615952020002,32.678191335200026
2026-01-27,12.849879924760014,77.6236378615516,32.81915048000002,29.894094414500003,30.65386899020002,33.7908422957
2026-01-27,12.901134365696876,77.73351329954474,34.972503080000024,31.219841831900016,31.269317671400017,32.32022210060002
2026-01-27,13.00506414338329,77.64288278393325,29.63697386000001,29.07306892040005,29.03005313870004,30.954740200700016
2026-01-27,12.893268062459338,77.46168303517513,35.17758428000002,38.97597863570004,38.6436445511,34.195775125100006
2026-01-27,13.043918280456229,77.4861400267372,31.527138920000027,32.52778136510001,33.469155343400026,32.1537987068
2026-01-27,13.114586634031426,77.60470083882879,32.3098655,33.67963701500003,33.68732756000004,34.90104937190003
2026-01-27,13.077641200263509,77.57902698002415,28.990968080000016,29.534228178800028,30.32700373760002,31.71653140820001
2026-01-27,12.960867161037408,77.5478876731821,30.481224800000007,34.937588005700036,35.14090892540002,32.38923192440003
2026-01-27,12.839089930872612,77.57442944630985,33.762523999999985,32.662861515500005,32.80614491390001,33.462524384600016
2026-01-27,12.982018952051185,77.46920585741799,33.77277806000001,33.01761781130001,33.932365413800014,32.9616135536
2026-01-27,13.008888506503812,77.5179866794984,29.616465740000024,32.98075446560002,33.559835414,32.62290486170004
2026-01-27,12.930962010346624,77.47917097226737,33.499336459999995,36.25998576350002,36.07093507730002,33.501284731400006
2026-01-27,12.877261926721973,77.63487679088466,31.968063500000028,31.03335466070004,30.517814704100022,32.858714061499995
2026-01-27,12.985848042285518,77.45432022674436,35.35532132000003,36.79649527280002,37.34464314020002,33.892066958000015
2026-01-27,12.904393495081242,77.69270187441873,30.600855500000023,28.992659999900027,29.12597987000002,30.795631369700022
2026-01-27,12.933270103101696,77.45373562091997,32.4124061,35.65053570740004,36.22587392390001,33.722362264999994
2026-01-27,12.95800898003528,77.50949888490541,29.315679980000027,32.67713174900001,33.87408817280002,32.552732911099994
2026-01-27,12.822419977093768,77.61369023075247,23.74430738000001,25.764938263399998,25.503904076000016,26.20225683230001
2026-01-27,12.853713382916476,77.61659675635508,30.83328086000006,31.111934940500007,31.885569587300026,32.88021340730002
2026-01-27,13.061629789910526,77.49189095957152,29.59595762000004,32.76786308990004,31.825309894700002,30.450513890300027
2026-01-27,12.950298791138382,77.49112727934934,31.13064860000003,35.7742167611,36.91284467360004,33.1176290765
2026-01-27,12.966237777659078,77.51957875920394,29.42505662000002,32.30403777590002,33.36589695920003,32.00844740630001
2026-01-27,12.979985147362534,77.71951227489774,32.99346950000006,30.240493651399973,30.533298334700003,33.152612511200026
2026-01-27,12.891716832295938,77.57850444024318,29.989029920000007,30.321381094700016,29.880610325600045,32.343413366300034
2026-01-27,13.063424682976512,77.49348365017661,30.32057786000001,32.71356784220001,33.83167054460001,32.26927651249999
2026-01-27,13.049603959587536,77.55902426191167,30.24538142000005,31.032089993300033,30.62184214280004,32.90779682870001
2026-01-27,13.029088193750976,77.74156843654916,31.69120387999999,30.03481429790002,29.91737113070001,31.98915268340003
2026-01-27,12.965941392756475,77.73525865735728,31.24686128000002,31.205058895400025,30.774251654599997,31.19970969410002
2026-01-27,13.016531250004324,77.53853687937138,28.90209956000001,32.679643993700005,32.86809652639999,31.70774709679999
2026-01-27,13.086384050830205,77.53492053466961,31.219517119999978,33.00943165340002,33.898851727700006,33.14049563030001
2026-01-27,12.901189197376478,77.5228063229742,30.95974760000001,34.92940184780003,34.276166955499995,33.01373835860002
2026-01-27,13.073356284310798,77.69843787783111,30.911895319999985,29.7373611074,29.86126433240003,31.42511102300003
2026-01-27,13.010472432576044,77.66978378482996,30.14284082000006,30.295267421900025,30.5030146775,32.86214917160001
2026-01-27,12.810314500717816,77.68745011234863,35.20834646000003,30.392783532500026,30.642999686600007,33.22370732720002
2026-01-27,13.074575238672404,77.51180326021611,31.96464548000006,36.00647122010003,36.37296841460004,33.51871663340001
2026-01-27,13.056806076351233,77.49515047882907,30.635035700000003,33.040928707700026,33.76055863850001,32.885665149200015
2026-01-27,12.85821614345151,77.69306193483983,33.461738240000045,32.70613364870003,32.80864006850002,35.12486132150004
2026-01-27,12.9699369690963,77.59111044896389,28.50902726000004,30.250901522300033,29.93362381580003,31.21146768290004
2026-01-27,12.961067419726326,77.71904801890041,30.012956060000025,29.72092043120002,29.672025655100015,31.73066492090004
2026-01-27,12.8722259825076,77.61363390799615,29.84889110000006,29.57864534870002,30.201972566,31.83573485569999
2026-01-27,13.06440421106395,77.48151560840347,36.86266813999998,39.104649998600024,38.668835358500026,34.868304740300026
2026-01-27,12.806612351069123,77.69920692948875,33.06866594000002,30.747010035200045,30.571631429,33.141897018500025
2026-01-27,12.86048992729248,77.45689637831386,34.44270998000002,35.5050135059,36.36712360040002,33.5837957342
2026-01-27,12.949306994384015,77.46896385927366,31.70145794000001,34.42813212470002,34.5663739436,31.973993764700047
2026-01-27,13.091526401095727,77.64578227089092,31.322057720000032,31.366885052300027,29.548976935100022,29.746162508900024
2026-01-27,13.11081530248742,77.73790074556959,32.972961380000015,31.228096350200005,30.679640861000024,31.53951215240002
2026-01-27,13.039150702962834,77.60041464856965,30.75466640000002,30.80976488240001,30.50593708460001,33.26123718680004
2026-01-27,13.05135968483456,77.46015564697376,32.68926571999998,36.81883203350005,37.22292744800002,33.05217399350002
2026-01-27,12.863501368776928,77.63250767166664,31.59891734000001,30.935650559000056,30.337821770900053,32.966518412300005
2026-01-27,12.845421451597248,77.57865538175201,34.93148684000005,32.3973155417,33.18786938750004,33.81475134560004
2026-01-27,12.86439278757494,77.69645545469288,32.32353757999999,31.090948297700006,31.06018611770003,33.32400912410001
2026-01-27,12.870011292848668,77.72595976897634,31.90312112000004,31.074370900700018,31.553218412600035,33.076117223600015
2026-01-27,12.94536685077308,77.6009557421224,31.229771180000057,29.459578622000027,30.146327200400016,32.01376242740003
2026-01-27,13.026820799593096,77.71791965316172,31.42801634,30.14762604800001,30.17133001670002,33.190432902500056
2026-01-27,12.824441950271972,77.74422327408053,32.65508552000006,31.385376540500037,32.14706520740002,33.62605955150003
2026-01-27,12.968932928932372,77.65730967272981,29.85572714,30.397790931800028,30.387588142100036,33.00533002940002
2026-01-27,13.076988377137797,77.64189841158006,31.072542259999977,31.50830562980005,31.69426300790003,33.50965888040002
2026-01-27,13.076705094278214,77.71663107718506,33.04815782000003,30.548645244499998,31.092161694800033,33.87714730070001
2026-01-27,12.93070456043202,77.5764870919459,29.339606119999985,29.62190039180002,29.114153520800027,31.562259075500023
2026-01-27,13.113531211977367,77.51852347373764,34.333333340000024,39.35903613710001,38.930963312300015,34.69258433210004
2026-01-27,12.950836477048297,77.4726143382229,33.36945170000001,33.07334862740003,34.216932668900014,33.19439780570002
2026-01-27,13.090190595384092,77.63031760571229,31.83134270000005,30.825282693200048,30.450462620000035,33.324795268700015
2026-01-27,12.969032008436653,77.65432457355921,29.78736674000004,29.369120722700014,29.570425010600005,31.76093148800002
2026-01-27,12.930255537924886,77.48841594422764,30.935821460000057,34.700497048400024,34.98805507099999,32.604208292300015
2026-01-27,13.089035156868302,77.51873958288685,36.59606258000002,38.819484589999995,37.77198109070003,35.01073363370003
2026-01-27,12.842169945388395,77.49652020642444,34.03254758000003,36.375087587000024,37.77698849000005,34.33029130220002
2026-01-27,13.137115894253736,77.52990019546333,34.38118562,39.491843304200025,39.11165693960002,34.70434232090001
2026-01-27,13.11999631913187,77.53735857038653,31.906539140000007,35.903947710199986,35.8547453123,32.36248591790001
2026-01-27,13.02356094274076,77.4678253406018,32.610651260000054,33.80388204200001,33.90066327829999,32.17369158320003
2026-01-27,12.907790574608171,77.62070627604919,28.34154428,30.433081988300028,30.659166921200022,32.01876982670003
2026-01-27,12.955579847707316,77.5648179078839,29.82154694000002,29.77376302040001,30.204792432500017,33.19138994810003
2026-01-27,13.00272896507886,77.56842411886204,28.009996340000043,30.194025669500032,29.899426525700015,30.903059738300033
2026-01-27,13.12803454015408,77.54450396915072,32.26543124,34.55765799260001,34.680604171999995,32.95648652360001
2026-01-27,12.815983293944434,77.51195065279435,34.66829930000006,36.064851001700056,38.08859228330004,34.31781552920001
2026-01-27,12.98984645806432,77.60306686158289,30.511986980000017,30.084717389900003,30.055852211000033,33.38828499020001
2026-01-27,13.134302742461752,77.68830262977619,33.17804258000001,30.20528804540002,30.41901683600002,33.370306205000006
2026-01-27,12.8651379691928,77.5773422527639,30.46755272000001,30.13747452860001,29.396584513400015,32.60219166050003
2026-01-27,12.84864008320289,77.68039181320826,29.756604560000028,29.64991106570001,30.3206633105,33.22902234830004
2026-01-27,12.81826827070714,77.5668891189336,30.01637407999999,32.18594518490004,32.58701565170003,33.63354501530003
2026-01-27,12.826331710062794,77.58839542677511,29.96852180000002,30.140226034700014,29.41611849770001,30.51998514680003
2026-01-27,12.86778321079895,77.7160041645954,33.67365547999998,32.14149383480003,31.029799919900018,34.16113349240004
2026-01-27,12.964483331256677,77.46162574489703,35.42026370000002,38.145023793500044,39.47788069250002,34.67583603410005
2026-01-27,13.101362821977816,77.49759542088117,34.49056226000005,39.32668457780003,39.68443164110001,34.93594735610001
2026-01-27,13.148486497476878,77.51762216423622,33.18146060000004,32.9600583545,32.032390636400024,29.67146168180004
2026-01-27,13.051677950372891,77.48589536213838,29.353278199999977,33.23334614360001,33.098419804100004,31.79422300280003
2026-01-27,12.926140421309992,77.68926263009931,30.93240344000003,30.476576292799997,30.473072822300015,33.09182302550002
2026-01-27,12.902057341434457,77.66581651802538,28.891845500000045,28.66415409770004,28.552179762500018,30.690117092300014
2026-01-27,12.87938146985562,77.64305567820952,31.59891734000001,31.001874696500018,30.405737828300033,33.1804864643
2026-01-27,12.949495919882049,77.48362024683426,31.694621900000016,34.95684854840002,34.995215822900015,33.55812640400003
2026-01-27,13.012105852020332,77.5628549866556,33.81721232000001,32.76606862940006,32.09100967940004,34.236312842300016
2026-01-27,12.836457564758,77.72771889900007,33.57453290000001,30.788060455400043,30.260745419900022,32.035176322700025
2026-01-27,13.004796966597612,77.48858184416345,30.843534920000025,32.458634820500016,33.520306012700004,32.20149717590002
2026-01-27,13.030216552294066,77.52159040495765,31.12723058000006,37.53384763730001,36.25764441980004,34.09176477650002
2026-01-27,12.98585056638308,77.74969782085768,30.90505928000005,30.743933817200038,32.183518390700016,33.30413333780004
2026-01-27,12.963436186283769,77.67215729648133,31.35623792000001,30.34281208010001,30.30389792240003,33.104726051000036
2026-01-27,12.812467701996052,77.73252716688069,30.012956060000025,29.364301314500022,29.373974311100024,31.307343143900024
2026-01-27,12.816017166239693,77.46270443914223,34.81185614000003,34.3750160939,35.34303353810002,33.73024080110003
2026-01-27,13.136456319302306,77.52258070398504,33.27716515999998,38.68165293350003,36.979803685400036,33.015703720099985
2026-01-27,12.911754510131692,77.72871955597329,33.639475280000056,31.155360884599997,31.009120898900015,32.19442187450004
2026-01-27,12.955560652092664,77.72421510751185,31.448524460000044,31.197453800900025,31.45917159230001,34.18340189270002
2026-01-27,12.895254262959844,77.63973835028628,32.99346950000006,31.594696085300082,31.131827816900028,33.1396411253
2026-01-27,13.02216217160961,77.5565735151895,30.55642124000002,30.047392611500005,29.826673970000037,32.73957897440004
2026-01-27,12.868411564146808,77.52527057722821,32.17656271999999,36.218815712599955,35.90100821299999,33.38920785559999
2026-01-27,12.992496213271046,77.48517355755375,29.944595660000005,33.21256458200002,33.619531133300015,31.0581694859
2026-01-27,12.9167687422789,77.54050734197428,29.44556474000001,34.66390714430003,34.49623617319999,32.70314288120002
2026-01-27,13.06721610184814,77.46094679693643,33.97785926000006,38.53763466080001,38.272515939500025,33.716978883500026
2026-01-27,12.977239726624802,77.64201535455616,28.80981301999998,30.202775800700024,29.777300671100036,32.294843302099984
2026-01-27,12.97055621531316,77.53347087723344,30.071062400000017,35.893556929400035,36.40719988490003,32.801445136400034
2026-01-27,13.028983690828296,77.65550011199483,30.46071668000002,31.192856564000003,30.986100534200006,32.323759751300024
2026-01-27,12.812674534370291,77.60746517109878,32.40215204000003,32.73616095440001,32.70818446070001,33.039646950200016
2026-01-27,12.83789791639886,77.66055602814626,29.68140812000001,31.20252956060002,30.421153098500035,32.746722636200005
2026-01-27,12.985839679146912,77.62185632177052,27.521219480000013,30.024201345800044,29.81847072200003,30.815883138200014
2026-01-27,12.802464892010216,77.47833830962033,34.53499652000005,37.1590617443,37.19801008219998,34.686431896100004
2026-01-27,12.829380774945696,77.55252940669918,32.37138986000002,33.02761551980003,32.72254014470001,33.19974700700001
2026-01-27,12.835567210473132,77.62970282149931,32.42949620000002,29.53732148690001,29.45535736730001,29.99121745280002
2026-01-27,13.008646100716634,77.67000275598348,29.53785128000004,30.238459929500028,29.68139102990002,32.1398360951
2026-01-27,13.034582888969783,77.48098427165962,33.184878620000006,33.33540822080001,33.968767326800005,33.19455161660001
2026-01-27,12.907053691923132,77.69940048801335,31.516884860000005,29.705060818400025,30.14137107139999,31.941232043000024
2026-01-27,12.872469984542644,77.69665551569246,31.735638139999992,29.92114804280001,30.268265063900035,31.871436074600023
2026-01-27,12.891560692473302,77.73844223109069,32.12871044000002,29.823358490600025,29.471387881100036,31.799418393200003
2026-01-27,13.134253319191634,77.67407299135203,33.42414001999998,31.770501944000017,32.17251236630004,34.02996697490001
2026-01-27,13.039223936520091,77.48733590602099,31.674113780000027,32.50761504710001,33.71836318160002,32.05592370410002
2026-01-27,13.023007088441137,77.7163255109389,32.34746372000001,30.329874874400048,30.15206947400002,33.417047628500015
2026-01-27,13.102378873996605,77.633781735035,33.383123780000005,30.9448963031,30.761314448900006,33.501284731400034
2026-01-27,12.9156752246872,77.73202142563052,34.06672778000001,32.951820926300044,31.882185747500053,34.26018771200003
2026-01-27,12.877575807635903,77.64606290127676,31.694621900000016,30.083367272000014,30.47929361870003,33.13861571930003
2026-01-27,12.961691704096436,77.57470842123932,32.52178274000005,29.740010072900024,29.76176577020003,31.721538807500014
2026-01-27,12.837645402484194,77.68547528225605,29.209721360000003,30.75765716750003,30.190676009900045,31.89134604110003
2026-01-27,13.084315259113575,77.71265092242714,33.171206540000014,30.14126853080001,30.97280443640002,31.8895344905
2026-01-27,12.815104697521228,77.55742709025542,32.067186080000056,35.72482637210001,35.52389806640004,34.73262643640003
2026-01-27,12.810742773475312,77.47382125319963,38.28798247999998,37.8072037868,38.57125088749999,35.42562999140001
2026-01-27,13.133618100846952,77.74778908819498,34.64779118000001,32.088822146600045,31.287535718000044,34.17078939890003
2026-01-27,13.03042813448986,77.56077901618758,29.944595660000005,29.910774352100052,29.953140710000056,32.18474887790001
2026-01-27,12.877397538550296,77.49678633991039,33.27374714000001,34.86471581930003,34.94242450400001,33.686746496600016
2026-01-27,13.066056640705511,77.67694110229304,30.187275080000006,30.026799041,29.9124491819,31.893772835299973
2026-01-27,13.079051358300648,77.55462212024288,29.209721360000003,30.531230432600008,30.071011129700036,32.86607989460004
2026-01-27,12.805521527146396,77.74167203954985,33.48224635999998,33.26962842590001,32.29427932880004,34.906911276200034
2026-01-27,12.861526047541023,77.54114831259226,31.11355850000001,33.54556518050004,33.8398396124,32.022939811100024
2026-01-27,12.876264317925084,77.51753671418989,31.725384080000023,37.55832066050003,37.27038665570003,33.794123594900014
2026-01-27,13.057768100373886,77.66950874111832,29.883071299999983,30.87973175180001,30.586824527900024,30.968754082700016
2026-01-27,12.82434133565253,77.7187463908391,32.67217562000002,29.614790910200018,30.58679034770002,31.385855063299985
2026-01-27,12.930898744399869,77.72832924071346,33.44806616000005,30.999174460700036,30.684887521700006,32.81139157460001
2026-01-27,12.9598436114376,77.49602750459917,29.78394872000001,32.25242567390001,33.77599099880001,32.0988711254
2026-01-27,12.815161272644842,77.70746151389692,33.99153134000005,31.799572204100016,31.56991544030002,33.79742198420002
2026-01-27,12.84823090078727,77.71789732785494,26.41719902,30.003471054500015,30.08022269360002,31.098604662500012
2026-01-27,13.046887925066958,77.70868959081184,28.54662547999999,27.742672995800017,28.75968775670001,29.29730812250005
2026-01-27,13.055843744179398,77.71490273314959,31.90312112000004,30.884824601600034,30.692407165700033,32.792421563600016
2026-01-27,13.040301128272391,77.56527972264922,28.69360033999999,30.132074057000008,30.352365446000018,30.97415455430002
2026-01-27,12.870130402314814,77.68216360097078,33.08233802000001,30.26824797380003,30.895386283400008,33.41603931260002
2026-01-27,13.051335553031748,77.73383664527215,32.28593936000004,31.22317440140003,31.443961403300037,33.38426881670001
2026-01-27,12.8609518902497,77.45917318066724,34.55892266000001,36.44818194470001,37.16509454959998,35.07584691470002
2026-01-27,12.859584750729624,77.57689095853246,31.335729800000024,29.127774330500024,29.18177904650003,31.976437649000022
2026-01-27,12.99354185286721,77.61070985088773,30.97000165999998,30.080718306499993,30.520395309200023,33.61491680630003
2026-01-27,13.086160550548229,77.63350224331359,30.778592539999977,30.978973962500035,31.300370383100027,33.27666954710004
2026-01-27,12.938839450651477,77.5243394905145,31.55790109999998,33.58634215910002,33.80959013540003,31.76016243350001
2026-01-27,12.863292502028386,77.71671832833044,32.01249776000003,29.505157918700025,31.68182141510002,31.78456709630003
2026-01-27,13.03762893111787,77.6692992409617,30.19752914000003,30.21678968270003,30.476490842300016,33.157654090700014
2026-01-27,12.977214959033638,77.5383991017532,29.42847463999999,32.826277051700025,33.51003486260001,32.63456030990004
2026-01-27,12.831511246990717,77.6539331711379,33.38654180000003,30.95127091040004,30.69843997100004,32.93432066390001
2026-01-27,13.10937671145034,77.70619645736922,30.874297100000035,30.76931261570001,30.19599103100002,31.43635630880005
2026-01-27,12.993936667569232,77.46881191769045,31.65360566000004,35.722775560100025,36.37787327330003,33.267714334700024
2026-01-27,13.074306565188673,77.46498670720138,32.02275182000005,33.696487853600004,33.11576625559999,32.115739054100025
2026-01-27,13.03892194638227,77.61143709186051,29.33277008000005,30.58937095280001,30.126844486400024,32.14096404170004
2026-01-27,12.935552322410942,77.49240920467886,31.70145794000001,34.53658589930002,34.3709999204,33.01483212500002
2026-01-27,12.92556617054078,77.70963603628077,34.41878384000006,31.464093541100024,33.07820221579999,34.38016021400001
2026-01-27,12.82322170753479,77.59529636069557,32.71660988000002,34.1483671877,34.445649477199986,34.73913776450003
2026-01-27,13.094772727592396,77.59090419108578,30.24538142000005,29.62617291680002,29.936221511000007,32.17789574780002
2026-01-27,12.871016856262258,77.74010308003623,31.53739298000005,30.5844319139,31.109046713600016,33.720379813400015
2026-01-27,13.010486568381978,77.58923964574265,31.71513002000006,28.839395983100054,29.047057788200018,31.03547383310003
2026-01-27,12.830596169040335,77.47444380252232,34.37776760000003,34.652388416900024,35.92488308270001,33.41634693440004
2026-01-27,13.075168780972051,77.68457101386902,32.08769419999999,31.459752655700044,30.992235880100026,33.081637325900026
2026-01-27,13.02283232929235,77.60476145180543,30.071062400000017,31.392212580500036,30.19988757380004,32.945805211100044
2026-01-27,13.121076260186934,77.59644495769727,33.32843546000004,33.574105647500026,33.57810473090004,34.81946123450003
2026-01-27,12.802202759086152,77.63101360182068,34.73665970000002,32.153747436500026,32.974055146400026,33.451074017600014
2026-01-27,13.067911353589205,77.6341400862505,31.229771180000057,29.79727899799999,29.943143001500033,32.84251264670004
2026-01-27,12.815618446833996,77.64229546451797,35.33823122000001,32.04727611350002,31.666730856800026,32.00241460100003
2026-01-27,13.118257370842851,77.47436765448337,30.566675300000043,33.298459424600004,32.68600151090003,30.30743557310007
2026-01-27,13.124692054235254,77.74036499221035,34.17952244000003,30.8532079166,30.596736785900003,32.92066567400003
2026-01-27,13.003447861039962,77.58580176744168,29.38745840000001,28.838712379100045,28.795406065700035,30.43067228420003
2026-01-27,12.999404704359277,77.53622504614643,29.36011424000003,36.12700769540002,36.27770819720003,32.807939374400036
2026-01-27,13.03018348148536,77.52173379445406,31.171664840000005,35.665745896400004,35.92876253540001,33.293178583700026
2026-01-27,12.889536170380534,77.71773878044071,31.202427020000016,29.434866337400045,29.02624204640001,31.881775585100016
2026-01-27,12.920809739198107,77.60571807361876,29.88990734000004,30.033942702800008,30.18648893540002,33.22056274880003
2026-01-27,12.8480228319851,77.48265904674525,33.41046793999999,34.002605724800034,34.886044264100036,32.58428123570002
2026-01-27,13.035458762606002,77.61768686978905,31.03152602,30.40619926100002,31.38881165060002,34.0549185209
2026-01-27,13.118879077930284,77.53492868604967,32.45684036,39.161081508800024,38.45910565129999,34.67759631440001
2026-01-27,12.830907604210418,77.61920552722806,33.22589486000004,32.928065687300034,33.195047229500034,33.921068857700014
2026-01-27,12.922219351859946,77.5122737931795,30.61452758000001,34.79866258280001,34.64927801870002,32.416200102200044
2026-01-27,12.988640302938157,77.53291157079752,30.508568960000048,32.30846411180002,33.363111272900035,32.00930191129999
2026-01-27,13.029059915842362,77.46981152401297,32.91827306000005,33.263527260200014,31.84359630170002,31.153942406300004
2026-01-27,12.84171954955888,77.53470538561545,29.21313938000003,33.82134812419998,32.62953582050003,31.066919617100016
2026-01-27,12.995456630596667,77.62044371224692,30.05397230000005,30.258814238600024,29.851078632800018,32.575599464900016
2026-01-27,12.812692200813384,77.51335082961698,33.61896716000001,33.825740279900046,34.71563887700002,32.59115145590003
2026-01-27,12.869793585530951,77.58197628946425,30.682887980000032,29.9030325368,29.60354562440006,32.5555356875
2026-01-27,13.101987318679337,77.72531634639074,34.35725948000004,31.13962090249999,30.422537396600045,32.25639057710001
2026-01-27,12.883246491611452,77.70786539070143,30.69314204,30.96032866340004,30.548799055400035,32.922733576100015
2026-01-27,12.918848411219944,77.67793201329692,29.626719800000046,29.661549423799997,29.830109080100016,31.534846555100025
2026-01-27,13.108218814175274,77.54986531815815,32.450004320000005,37.16518000010002,36.11586495020003,32.87592379220002
2026-01-27,12.80798365489962,77.63921252476585,34.51790642000003,31.95010180490003,31.579451716100042,32.09193254480001
2026-01-27,12.942489900793516,77.73647389754947,29.008058180000035,26.51259595820005,27.66670750130004,29.800389396200043
2026-01-27,13.091511939638345,77.6036522831628,29.10376273999998,31.413985367900032,31.190703211400027,33.83478094280001
2026-01-27,13.118633037017329,77.65356121355033,35.31088706000003,31.03790062730003,31.60722312859998,33.488484246500015
2026-01-27,12.986545274437836,77.57899506014382,30.65212580000002,29.930462147300013,29.382451000700026,30.431526789200035
2026-01-27,12.806773427859822,77.60692244375049,32.06035004,32.558013751999994,31.83857181230003,32.843435512100015
2026-01-27,12.898154675867492,77.57677837025142,29.16186908000003,30.955269993800012,31.00088347070003,33.25761408560002
2026-01-27,13.04011328364122,77.52852943681846,32.34062768000001,36.63754025270003,36.02140796750003,32.99635772690002
2026-01-27,12.910895806180305,77.48171892167392,32.84307662000003,34.48377749029999,34.89428169230001,32.715413572999985
2026-01-27,13.005129682439794,77.52741131587705,30.662379859999987,36.002249965400026,36.406994803700044,33.0954803069
2026-01-27,12.874152257401954,77.6010785352776,32.14238252000001,31.03878931250003,31.83706788350003,34.12505629130001
2026-01-27,13.148658170067742,77.60760769995603,32.28593936000004,31.13008462670002,30.587764483400033,32.90779682870002
2026-01-27,12.981769518648443,77.54368041250103,30.18043904000001,35.69177411870003,36.46706650520004,32.50840119170003
2026-01-27,12.954088355370866,77.64254739552457,30.01637407999999,29.014210616000046,29.145240412700012,30.189479702900027
2026-01-27,12.850696833861996,77.63291619075972,33.34210754000003,30.6705147476,30.504125534000032,31.81652558330001
2026-01-27,13.13059094677965,77.53268651850327,32.005661720000035,33.533995182800034,34.012364171900025,32.871599996900024
2026-01-27,12.89409666877748,77.59627911397155,29.349860180000007,29.570066118500016,29.700822473600024,31.64070263450001
2026-01-27,13.07123622855172,77.5598111773875,28.93286174000002,30.523283536100024,30.314015261600012,33.03200767550001
2026-01-27,12.901291756385929,77.46938785202981,35.35873934000006,37.61265008840002,38.0521732802,34.141941310100016
2026-01-27,13.095436512109504,77.59077155513222,31.335729800000024,32.04182437160002,31.50736567430004,34.915114524200014
2026-01-27,13.038824231711397,77.469765396858,35.80991798000002,38.50176254090001,38.58574329230001,34.638220724
2026-01-27,12.983549812200346,77.5016787442056,32.186816780000015,37.281871202900035,37.21737316550004,34.46412387530002
2026-01-27,13.033126082144411,77.74791229348489,30.498314900000025,30.892891128799988,30.225932886200006,31.637130803599998
2026-01-27,12.92709288609602,77.52998484354147,32.77129820000005,38.49145721060004,37.95783592820001,33.2498380901
2026-01-27,12.857973924520223,77.51332215623434,32.183398760000046,34.40589790460004,34.35361928870003,32.71139739950002
2026-01-27,12.800373115666748,77.45028755261501,35.49204212000001,36.807569657599984,38.48033155549999,34.691798187500034
2026-01-27,13.115137339182088,77.56808544590358,32.02616984000002,30.422520306499987,31.021083968900026,33.92219680430001
2026-01-27,13.047364813232504,77.5831198856185,25.05340904000002,28.261460071400016,25.90955468960004,27.59583485660004
2026-01-27,13.0482337458657,77.48815983990454,30.59060144,33.371946854600026,33.84187333429999,32.218160023400024
2026-01-27,12.94377784854752,77.52098489395196,32.01933380000003,37.72241980070007,37.207375457000005,33.925819905500035
2026-01-27,12.92099393334944,77.65041365136639,30.29665172,30.412744769300005,30.28540643420004,33.205079118200025
2026-01-27,13.04993069268068,77.71289274493162,31.233189200000027,30.375727612700008,30.239246074100016,31.52715601010003
2026-01-27,13.019021286922715,77.60552128274853,31.68778586000002,30.931190042900003,30.276827204000018,33.042637717700025
2026-01-27,12.84327045748103,77.55391887756284,33.25665704000005,32.479997445500075,32.33100595370003,33.298305613700016
2026-01-27,13.061376552504544,77.53912964621512,27.104221040000027,31.898626423700033,30.20564693750002,28.490843393600016
2026-01-27,13.146209064715508,77.73058023926913,36.16197404000002,32.35966605140004,33.356975927000036,34.61622576530003
2026-01-27,12.801889242127393,77.53600964309476,30.32741390000001,34.445803288100045,34.82305015550005,32.276351813900035
2026-01-27,13.001452727977131,77.55536177981263,28.68676430000005,30.163417300400024,29.707470522500042,32.43956226890003
2026-01-27,12.813032599512503,77.55497890340173,31.643351600000017,30.805065104900017,29.79958616150001,30.396287003000026
2026-01-27,13.058326107741808,77.63766517182316,31.650187640000013,32.81662114520003,32.555193885500024,34.712733560000004
2026-01-27,12.988471697246442,77.5634411416083,29.630137820000016,30.565461902900005,30.13446667099999,33.12620830670002
2026-01-27,12.809982936276164,77.46321637082309,36.43883366,32.99169212960002,34.08267284330002,32.27536058810002
2026-01-27,12.82885549977698,77.59393843482285,28.505609240000013,30.643495299500014,29.20753382720001,29.248037364200037
2026-01-27,12.987238125902666,77.55076245292825,30.002702,30.506535238100017,30.61678347320001,32.518757792300015
2026-01-27,13.018260941650194,77.69671922992123,29.91383348,30.469876973599998,30.220720405700032,31.923099446900014
2026-01-27,12.960826005813503,77.64958308301983,29.633555839999985,30.336386202499988,29.714050211000025,32.77633977950002
2026-01-27,12.821770035214142,77.47507849086274,38.56484210000002,37.83396688340001,38.352189985699994,34.895102017100015
2026-01-27,12.992094924709836,77.61924915146733,28.44066686000002,30.027516825199996,29.77656579680003,31.5562946306
2026-01-27,13.050270698729795,77.56823715601507,29.01831224,30.795733910300005,29.93555499710002,30.38006849810001
2026-01-27,12.812145464283006,77.60834279025956,31.455360499999983,31.316862329600006,30.556233248900025,31.942462530200043
2026-01-27,12.982402029873825,77.66313594127536,28.4304128,30.94257204950002,31.14320982350002,31.07505450470001
2026-01-27,13.024909109345051,77.73383270306232,36.11412175999999,33.72976227830003,33.74580988220002,34.78702422470005
2026-01-27,13.091770150661285,77.74091838786376,35.72788550000001,31.61217925760002,31.94297523320004,34.03347044540001
2026-01-27,12.830515240379867,77.51342884445847,33.27374714000001,34.51696646450006,34.51590687830004,33.896612924600014
2026-01-27,12.993826749032998,77.56962852867589,29.10376273999998,31.357758938900037,30.68408428700002,32.72113875650004
2026-01-27,12.800919618974456,77.6254358743482,35.362157360000026,31.780294571300036,32.611557035300024,31.815329276300027
2026-01-27,12.811825185644537,77.720662522801,30.809354719999988,29.723757387800003,29.711025263300044,31.557627658400023
2026-01-27,12.814492415419055,77.52718589869848,31.12723058000006,35.58962659099998,38.23696853149998,34.55917901150004
2026-01-27,12.845586981706054,77.56733015393344,36.15513800000002,34.85106082940003,34.510523496800026,35.19715244450003
2026-01-27,13.117334749213455,77.59468843749995,31.47928664000005,31.62096356900002,31.996142534300017,34.697762632400035
2026-01-27,13.055264816805192,77.6328029593998,30.645289760000026,31.123898010500024,31.024775430500025,33.92380327370002
2026-01-27,13.020365314724314,77.52462410694685,33.119936240000015,36.78853128620005,36.40494399170003,33.51188059340001
2026-01-27,13.051603649513195,77.55920006973138,33.30109130000005,33.49439742110003,33.24252352730004,34.64857732460001
2026-01-27,12.884890488154094,77.63833890807065,32.070604100000025,29.980655771,31.00206268760001,31.625714616800025
2026-01-27,13.017887790334331,77.68798569814489,30.33083192000004,30.265188845900006,29.854958085500026,32.81221189940002
2026-01-27,13.028453621458915,77.62109856411894,32.17998074000002,32.48416742990004,31.487216446400033,34.408187978
2026-01-27,13.081540427810774,77.45535449977532,34.34016938000002,38.18202386000002,38.47327334420002,34.59375228379998
2026-01-27,13.130618047678915,77.56083643996078,34.09748996000002,33.124089134300036,32.09309467160004,33.99165097070001
2026-01-27,12.885780986511191,77.47557194941552,32.25517718000003,37.73986879279997,37.841298536300016,33.4699243979
2026-01-27,12.888445709275317,77.63350211152708,34.21370264000001,31.40610683180003,32.18473178780003,34.64054497760003
2026-01-27,13.015749393883906,77.72921385529222,32.32011956000002,30.40269579050003,30.162340624100015,33.32204376260003
2026-01-27,13.100102797152951,77.4570134546612,34.17268640000003,39.278370865100015,39.1437008771,35.01047728220002
2026-01-27,12.95472092042382,77.66547091247394,34.45980008000004,30.1362269513,30.651100394000036,32.79112271600004
2026-01-27,12.860945043701822,77.55466699045604,31.36649197999997,30.093860593400013,30.221455280000008,32.230806697400006
2026-01-27,12.841925217097293,77.60357326068869,32.333791640000015,33.671194505600035,33.46115717660001,34.03617068120002
2026-01-27,12.828900743957664,77.7095085329719,34.49398028000002,32.11030440230005,32.11543143230001,33.54534300920002
2026-01-27,13.08164039327228,77.67166074904686,32.80547840000003,30.664652843300022,30.49752875540001,32.068314026600035
2026-01-27,12.818811532073436,77.47263863555722,38.26747436000005,35.898991581199965,37.995314517499985,33.11132282960002
2026-01-27,12.898821290926024,77.72990803175831,34.08039986000006,31.853269298300017,32.32454589590005,33.027410438600015
2026-01-27,12.825861137024225,77.70051102851669,33.184878620000006,31.585535791700078,31.08645360140002,32.89434692
2026-01-27,12.834920650209732,77.58284704098043,31.595499320000044,33.561971676499994,32.3967344783,33.357659531000024
2026-01-27,13.121365748786356,77.73243839471591,32.52861877999999,31.141671714500006,30.801527454200027,31.727315261300042
2026-01-27,12.943848713449375,77.69283033654963,30.02662814000001,29.589480472100004,30.24953431430004,32.119738137500015
2026-01-27,12.813833687771412,77.5332539189955,36.493521980000025,36.4895570768,38.232114943099994,34.714886912600015
2026-01-27,13.128731635645543,77.45217176123174,30.95974760000001,34.15087943240002,34.4443335395,32.95158166490001
2026-01-27,13.129643370702722,77.73481933650122,34.58968484000002,29.744333868200002,30.927447310999973,31.95310966250001
2026-01-27,13.011895639543528,77.72121482603148,34.69564346000004,32.16613775900003,31.539272891000017,34.36756481030002
2026-01-27,12.96031004325352,77.46261161252616,34.23079274000003,34.17627532100003,34.786819143500004,32.56266225920002
2026-01-27,13.099138019947906,77.59554650896783,30.38893826000003,30.460135616600027,29.98111720370005,32.66906522180002
2026-01-27,13.049648345484677,77.63350198100407,30.33766796000004,30.544970873000043,30.494913970100026,32.8765390358
2026-01-27,13.147776154437492,77.54481917217868,34.73324167999999,38.8537160603,38.31093448430002,34.55470140530001
2026-01-27,12.95268125238018,77.47424968334533,32.50469264000003,38.36974151840004,38.50326646970002,34.70128319300003
2026-01-27,12.903011818019612,77.48642752632598,33.08233802000001,33.38339722160002,33.856553730199984,31.860088248200032
2026-01-27,13.047476304870242,77.50249444863785,31.455360499999983,37.14511622270001,36.29555026160004,33.58863223250001
2026-01-27,12.85796720491249,77.57418134672308,31.075960280000004,28.92286403150003,29.069804711300016,31.04082303440001
2026-01-27,13.12095444394738,77.69163884895299,35.63901698000001,31.955433916100034,31.880989440500016,32.919930799700026
2026-01-27,12.818114045038984,77.5885805012994,34.49398028000002,31.75976936120001,32.33288586470002,33.46358397080003
2026-01-27,12.810940970978056,77.74253109328004,26.69064062000001,25.972343717000005,25.463503079600006,27.146895019700036
2026-01-27,12.98771932223926,77.60009214000542,29.97193981999999,30.21725111540004,30.431116626800044,32.57729138480001
2026-01-27,12.927810055817105,77.65786641711539,26.714566760000025,28.140735605000028,27.495635600300023,28.84412994080002
2026-01-27,12.835063392571518,77.62647355561585,34.189776499999994,33.78046860500004,34.2363299324,34.157339490200044
2026-01-27,12.859351587671084,77.66114186954258,32.77129820000005,30.396030651499995,30.587798663600005,33.39884667200003
2026-01-27,12.985646813051854,77.71872124401342,30.447044600000027,30.476969365100008,29.94121182020003,32.99871616070003
2026-01-27,13.00223104809137,77.6807885044437,32.54570888000001,30.962687097200025,31.732852453700005,33.8346613121
2026-01-27,13.133155225473132,77.5432387431084,33.119936240000015,39.18126491690002,38.188381377200024,34.19938113620002
2026-01-27,12.919549680089077,77.45570232925346,34.51790642000003,38.526850807700015,38.44637352680003,33.965844919700004
2026-01-27,13.064196625274208,77.47355681534899,34.68880741999999,38.55099911900003,37.17726270080001,33.54623169439998
2026-01-27,12.93425418961479,77.60495057089523,29.216557400000056,29.694396596,29.97238416260002,31.760162433500003
2026-01-27,13.00714057896134,77.61317650772595,32.81231444000002,30.60528183590002,30.1427553695,33.308320412300006
2026-01-27,12.864470751908728,77.49865790748787,31.38358208,35.950860034699986,36.72702401629997,34.09731905900003
2026-01-27,12.890037372309884,77.70765614526832,31.335729800000024,31.693323052400025,31.129691554400026,33.796704200000015
2026-01-27,13.01612486299794,77.73431226567408,32.25517718000003,30.411052849400022,30.69543211339999,33.34005672800003
2026-01-27,13.071186638672994,77.66859282434491,30.37868420000001,30.306974140400015,30.181156824200034,32.14781717180003
2026-01-27,13.09147484551223,77.52451627451731,35.58432865999998,38.89316001109999,38.52396258080004,34.805020100000036
2026-01-27,13.029134163326352,77.51941584378974,30.75466640000002,32.97918217639999,32.79013149020002,31.80854450660001
2026-01-27,13.037918602827194,77.51128880682253,31.78349042000002,33.740341050200016,34.034188229600005,32.42795809100004
2026-01-27,12.923452233263408,77.5947776233311,28.60814984000001,30.910664832800045,30.065234675900033,32.88019631720003
2026-01-27,12.913734921875186,77.45276333748224,38.43495733999998,40.00642621520002,39.851965891400006,34.9589506307
2026-01-27,12.982192592480953,77.46380819355551,33.13360832000001,35.79745929710003,36.84983347490001,33.08587567070001
2026-01-27,12.824306040698906,77.49685810740093,36.10728572000005,35.883559220899976,36.966405047,33.75085146170001
2026-01-27,12.92001624150617,77.53469947632364,28.977296000000024,34.7900491724,34.5496769159,32.733922151300014
2026-01-27,12.891283028495534,77.69610151186426,32.121874400000024,29.811720132500014,30.530290477100017,33.9672121277
2026-01-27,12.920608123646575,77.67360275570562,29.989029920000007,31.326193524200008,30.71746125230003,34.015491660200006
2026-01-27,13.06574600009546,77.52488938670724,29.736096439999983,32.18965373660003,33.398248518500004,32.149013478800015
2026-01-27,13.11674770375302,77.72018353564592,34.90414268000001,32.61919631000004,33.34333802720004,34.15518613760001
2026-01-27,13.108774117847457,77.46784918900893,30.72390422000001,34.275500441599995,34.659566258900014,32.23480578080001
2026-01-27,13.005900482611205,77.74198726838233,31.39383614000002,31.05522998870003,30.620902187300036,31.284476590099995
2026-01-27,12.938771192061878,77.69021311794437,30.29665172,30.249175422200015,30.287935769,33.29047834790004
2026-01-27,12.897136879286904,77.6872196194185,29.76002258000005,29.083476791299994,29.235253969400038,30.819420788900032
2026-01-27,13.008281565675418,77.55187949655262,27.94505396,29.045622219800062,28.736975013800024,30.10057700270002
2026-01-27,12.864018477230186,77.56044922053074,30.82644482000001,29.407419636800004,29.444812775600013,31.912349774000013
2026-01-27,12.81120284701916,77.60063187535991,26.471887340000023,26.04875355410003,26.75947954280002,27.107844141200033
2026-01-27,13.131936176374492,77.53426927034126,32.43975025999998,32.05366781090002,32.03830381100002,31.688742905600005
2026-01-27,13.048187065943925,77.52032664100992,30.635035700000003,36.014794098800046,35.88456753680003,32.9768066525
2026-01-27,13.005573176460553,77.74055326930927,31.674113780000027,30.64621262540002,30.684426089000016,31.941966917300043
2026-01-27,13.110711312768396,77.589936383693,33.69074558,32.218194203600014,31.944086089700026,34.35707148890002
2026-01-27,12.85891795491034,77.56430233471477,33.21564080000002,30.459093120500043,30.687690298100005,33.41210858960001
2026-01-27,13.08089232027468,77.71062921718587,31.60917140000004,32.33521011830006,31.135297107200035,34.149016611500016
2026-01-27,12.831140725722337,77.74177316297252,33.01055960000002,31.5934826882,31.89749847710001,33.0155840894
2026-01-27,12.89234374223068,77.70256307569021,28.744870640000045,29.0700610628,28.845514238900005,30.87168231470004
2026-01-27,12.936245141173844,77.61168467098706,29.093508680000014,28.923034932500006,29.1407115362,30.891216299000007
2026-01-27,13.059192576866142,77.52707339835158,32.17656271999999,31.89936129800003,31.21950002990002,30.327994963400023
2026-01-27,13.018597834126467,77.6231640080216,32.757626120000054,30.386477285600016,30.229778158700015,33.22088746070003
2026-01-27,13.115991240762428,77.63692744858608,30.450462620000053,30.918543368900036,30.509987438300023,30.78833389700001
2026-01-27,12.9362672310803,77.61303161643737,29.69849822000004,29.516266483700022,29.705112088700005,31.898797324700002
2026-01-27,13.04487940344558,77.53293192176487,30.33766796000004,32.95000937570002,33.5443859636,32.06171724800003
2026-01-27,12.910198046119616,77.73891797429859,31.39383614000002,29.658319394900005,28.730600406500013,30.435440422100022
2026-01-27,12.86517452720612,77.56866008947745,35.37582944000002,31.81456022180001,32.041277488400034,34.486836618200016
2026-01-27,12.92844395432858,77.71078248625786,34.333333340000024,32.551468243700036,32.041807281500034,34.44226563740003
2026-01-27,13.058451566824251,77.66374623951974,28.73803459999999,30.26137775360002,29.871569662700008,31.966610841499996
2026-01-27,13.0466809961718,77.47019874217267,35.76890174000005,38.031220817600044,38.03564715350001,33.9601026461
2026-01-27,13.12651239054449,77.6927088755129,35.86460629999999,33.11574916550005,32.0603158598,35.14569415340003
2026-01-27,12.884835232476885,77.45853382568453,33.85481054000002,34.21689848870001,33.7498431458,31.494086666600015
2026-01-27,13.1264614549036,77.50338051505818,31.595499320000044,37.406355491300005,36.62492775890001,33.48287869369999
2026-01-27,13.097390574251378,77.68802128060844,36.86608616000001,33.66560604290004,33.57757493780002,35.206158927200015
2026-01-27,12.985249064262208,77.61241672772553,30.39235628000005,30.37169434910002,30.25944657230001,33.374971802300024
2026-01-27,12.95624090195598,77.5200391845428,29.729260400000044,32.68424123060001,33.90305589229999,33.12198705200001
2026-01-27,12.96376723702298,77.65146689452675,31.072542259999977,32.340080796800024,33.34051816070002,34.97140931360002
2026-01-27,13.131798591295468,77.49145871022702,31.81425260000003,33.16647258230002,33.560296846699984,31.705696284800016
2026-01-27,12.80315178636162,77.48008487262705,35.66636114000005,37.49122492789999,38.21726364619999,35.1387213926
2026-01-27,13.149359059306194,77.59538460828463,36.56530040000001,32.22725195660004,31.80804889370004,33.69806014280002
2026-01-27,12.924986701095756,77.60751229228126,31.075960280000004,30.530683549400038,30.62455946870001,33.28866679730002
2026-01-27,12.837803672527984,77.67145605859723,33.48224635999998,30.908750741600002,30.945614087300036,34.00087962470003
2026-01-27,13.07023121293916,77.68706054089812,32.52520076000002,30.558266970800027,30.8669996273,33.216768746600025
2026-01-27,12.881806217917742,77.60002294341933,29.814710900000023,29.919097230800016,30.342094295900026,31.97161824080003
2026-01-27,12.81915362736019,77.5192315835149,34.22395670000003,37.236428627000016,38.85151143740001,35.26959737840004
2026-01-27,13.142343889695605,77.47254882414548,32.01591578,37.35701637260002,37.15593425600004,33.33075971359999
2026-01-27,13.099552026940652,77.50042250513243,34.627283060000025,37.0373631422,37.00285823030005,33.3329985167
2026-01-27,13.010623882554832,77.6277371796183,30.341085980000003,29.80293582110003,29.93808433190002,32.91601716680002
2026-01-27,13.058039405330364,77.63504574691561,30.457298659999992,30.597898912700003,31.33923327050002,33.9230171291
2026-01-27,13.11922170883187,77.73103513076197,32.22783302000005,31.334191691000022,30.84724347170004,31.88102362070002
2026-01-27,13.08770486784775,77.65704717959821,33.072083959999986,31.03791771740003,31.108551100700012,33.73292394680002
2026-01-27,12.895265121009354,77.55554017500538,30.83328086000006,29.08045184360002,29.46434675990001,31.623373273100015
2026-01-27,12.873517185471597,77.69213786249784,32.13212845999999,31.0113255218,33.05000355079998,34.619968497200006
2026-01-27,13.083022054665037,77.58774504225977,27.02218856000001,30.93112168249999,30.70387462280001,30.79200826850004
2026-01-27,13.024625634585425,77.47420954565249,33.530098640000006,34.09829319470003,34.63589647040002,33.31341326210001
2026-01-27,12.948048826747227,77.45469553761647,31.35965594000004,34.34926131320001,32.53690747850003,31.213125422599997
2026-01-27,13.1462592067341,77.45054318171032,32.45684036,33.78768062720002,33.79554207320001,31.92673963820003
2026-01-27,12.935369180069392,77.67598908018742,28.963623920000032,28.494363954200015,28.39565153660002,30.279595800200028
2026-01-27,12.839376574912777,77.66725751678318,29.79420277999997,31.824831371900014,30.91833828770005,32.9827881875
2026-01-27,12.908031521616593,77.60299711539744,29.83180100000004,30.604239339800046,30.10054282250004,32.05937590430001
2026-01-27,12.959557052831077,77.45728607809251,36.69518516000005,38.743826717300024,39.190288489700016,35.11831581320003
2026-01-27,13.052884793499423,77.73683871288821,34.220538680000004,30.790042907000025,30.964532828000028,33.25462331810001
2026-01-27,13.065895294317285,77.59393952262904,28.75512470000001,30.300343181600034,29.889565538000014,33.21729853970001
2026-01-27,12.800489717845393,77.50003807706842,36.025253239999984,37.9132307672,38.64897666229999,35.2096282175
2026-01-27,12.80106635402998,77.47274567041964,38.60927636000002,36.41326687039999,37.7854651796,34.596435429499984
2026-01-27,13.12895063541392,77.63276565758818,29.773694660000046,30.913929041900023,30.52880363840005,33.20849713820001
2026-01-27,13.000049414585732,77.64977925036368,31.11014048000004,29.64259650290002,29.21801005850003,31.747515759500043
2026-01-27,13.018465479929718,77.64306773983104,29.777112680000016,30.707754075499988,29.839389004400026,32.75000393540002
2026-01-27,13.015668056087366,77.4936722715293,32.96612534000002,33.684815315300035,34.16937092060002,33.32515416080003
2026-01-27,12.813092313567502,77.63696580202962,35.29037893999998,34.08151071649999,33.42485780420003,34.35681513740002
2026-01-27,12.971101944184309,77.52521012988225,30.67946996000001,32.654316465500024,33.28150604540001,32.240394243500035
2026-01-27,13.146965237580805,77.73509223454955,37.15319984000001,31.454437634600023,32.12476262690001,33.67093815410003
2026-01-27,12.907480731523664,77.55767412831435,30.44020856000003,30.387058349000036,30.32831967530002,33.11920136570002
2026-01-27,12.944029287369675,77.59185136317728,31.72196606,31.167289774400018,31.27034307740001,33.85534033310001
2026-01-27,12.8369041223474,77.56511118076405,33.167788520000045,32.57250615680007,31.99033190030003,32.29392043670001
2026-01-27,13.110652860692138,77.70911136116241,29.736096439999983,29.677767928699986,29.51163506660001,31.529104281500025
2026-01-27,12.995046987416137,77.74773720681628,33.06866594000002,30.207338857400014,30.515866432700008,33.38208128390003
2026-01-27,12.988795367381083,77.62685590748868,29.25415562000001,29.611902683299995,29.17161043700003,30.355134042200042
2026-01-27,12.933851884264683,77.56248415706224,30.32741390000001,30.811115000300028,30.72098181290003,33.124225855100015
2026-01-27,12.916503670573633,77.7022167644963,35.72104946000002,31.04295929690003,30.12159782570003,32.220091204700026
2026-01-27,13.018533948762038,77.45005045849918,32.47051243999999,36.270632895800034,37.04242181180004,33.43793173070002
2026-01-27,13.118640062600155,77.5482688605818,33.94367906000002,39.17391617390002,38.29700605280002,34.49351884730001
2026-01-27,12.925344016650076,77.71630933339335,29.954849720000027,29.00857088300003,29.085783954800036,31.097169094100018
2026-01-27,12.844808099577296,77.69044514891203,37.67615690000002,31.74635363270001,31.932157199900026,34.071974440700025
2026-01-27,13.02929295579499,77.54979939258642,31.75272824000001,32.88040139840002,33.32185577150001,32.71676369090003
2026-01-27,13.11767290287854,77.46454052507049,34.93832287999999,37.81583428730002,36.849628393700016,32.9853004322
2026-01-27,12.851510723764036,77.64393505485204,34.24788283999999,31.09669057130002,31.67486574440003,33.237550308200035
2026-01-27,12.804830555776386,77.66830512972734,33.19513268000003,30.858112775300015,30.837382484000024,31.839169965799996
2026-01-27,12.937662137862535,77.53389852469688,33.63263924,34.61318372750002,34.552257520999994,32.32622072570003
2026-01-27,12.997442905447874,77.4935539166851,31.199009000000046,35.67270156710004,36.12391438730004,33.54881229950002
2026-01-27,12.936649845841655,77.67635277043561,31.041780080000024,28.29869939930002,28.34010871160004,30.705805804100006
2026-01-27,12.99431736981433,77.53382743292754,29.31226196,35.99548228580003,36.24388688930002,32.47907458010004
2026-01-27,12.822853519506936,77.54228032886316,33.80012222000005,36.85632771289996,37.358588661800006,33.4425118775
2026-01-27,12.959583887122044,77.69299760428254,30.06422636000002,31.119403314200007,30.550730236700005,30.475961049200023
2026-01-27,13.100441847601283,77.49598286426063,30.21120122000002,32.834582840300016,32.9582980742,31.259610494600047
2026-01-27,12.960931020923288,77.64261380109781,30.580347380000035,30.37374516110001,30.34638391100004,32.921588539400034
2026-01-27,13.041250389968726,77.52244286744339,30.023210120000044,33.15611598170001,33.32566686380002,30.656193243799997
2026-01-27,12.931370941961084,77.71890199883174,32.81915048000002,29.833287838700002,31.63036312400001,33.34161192710003
2026-01-27,13.149661432722043,77.68699865512339,36.47984989999998,33.771974825300035,33.739008022400014,35.13304747940004
2026-01-27,13.084243614364368,77.58467000343968,27.521219480000013,29.508405037700022,29.196630343400017,31.786720448900013
2026-01-27,13.128886925004066,77.48186705877258,29.616465740000024,33.412809283700014,33.1578249917,32.00487557540002
2026-01-27,12.903985053483746,77.45508810394296,36.380727320000005,36.64629038390004,39.092601478100036,34.767729501800005
2026-01-27,12.929106442952827,77.63812079109827,29.924087540000016,30.416384960600027,30.514208693000043,33.451432909700024
2026-01-27,12.906366258072165,77.63888527058869,31.445106440000018,29.602742389699987,30.819625870100044,32.18732948300003
2026-01-27,12.942116642260904,77.59522959100548,30.39235628000005,30.441268146200045,30.359133125600028,32.23589954720001
2026-01-27,12.845840101304084,77.51825468650486,32.28935738000001,34.31981507090001,32.61593210090001,30.764527387700035
2026-01-27,12.977493646041967,77.70285805232109,30.20094716000005,29.50322673740002,29.787845262800015,31.54224656840005
2026-01-27,13.119181254243928,77.47007499495722,32.55596294000003,34.30294714220001,34.6991469305,32.54461511360001
2026-01-27,13.089473728197252,77.48436886567568,32.88409286000001,38.046858259100034,37.09986163790004,33.44992898090001
2026-01-27,12.883211653636277,77.67874359765133,29.814710900000023,30.114095271800032,30.016442440400034,31.878648096800024
2026-01-27,12.901853533910517,77.65725215607274,29.842055060000007,30.98567328169999,30.334096129100026,31.72063303220004
2026-01-27,13.0961486951537,77.51395489103005,35.66294312000002,37.045566390200015,37.315350708800025,33.67357002950002
2026-01-27,12.81486603646668,77.678092112433,34.55892266000001,30.923072245400025,31.648529900300026,33.99118953800004
2026-01-27,12.860000225197494,77.48093408812825,33.10968218000005,34.39914731510003,34.60626223700003,32.40563842039999
2026-01-27,12.810927399288248,77.62677990414531,33.98127728000003,31.16484589010001,30.203749936400026,30.70848894980002
2026-01-27,12.899254188842496,77.68150181474256,31.27078742000004,29.32735251830003,29.335777937600025,31.254124572500015
2026-01-27,13.041045317291315,77.53137140389192,29.47632692000002,32.71491796010003,31.470245977100024,30.28651729070003
2026-01-27,13.00361545768943,77.67359944394768,30.371848160000013,30.64125649640002,30.258968049500016,31.849287305000008
2026-01-27,12.834596340237566,77.47645894234101,34.04621966000002,35.99003054389996,38.49865214270001,34.69586563130002
2026-01-27,12.920157074216108,77.53666214135221,28.307364080000013,33.721610300600005,32.93907171170003,30.970873255100013
2026-01-27,12.935057070784552,77.65271571643696,29.185795220000045,29.54229470599998,29.90568150230003,30.92917341110002
2026-01-27,13.068792918489734,77.64257440590974,31.54081100000002,30.09073310510001,30.49703314250003,32.05313801780002
2026-01-27,13.015833417393562,77.71594006064097,29.510507120000057,30.32587579100001,29.951653871300017,33.34391909060001
2026-01-27,12.913291134422376,77.46034546862819,35.61850886000002,38.07128001200001,39.016242911300026,34.62427520240001
2026-01-27,13.0198463047702,77.46775383714736,32.51836472000002,36.06254383820006,36.41101097720005,33.351592545500004
2026-01-27,12.980179295756562,77.66771195825393,29.84547308000004,29.808507193700024,30.348434723000032,33.118005058700014
2026-01-27,13.081400765575063,77.70164037054579,35.529640340000014,32.57189091320002,32.75533604660003,34.54863441980002
2026-01-27,12.993082977753334,77.71645990686713,31.53055694,30.568897013000015,30.024748228999993,33.275165618300036
2026-01-27,12.936518285546036,77.64589346977004,30.484642819999976,29.17202059940001,29.760415652300015,31.790975883800016
2026-01-27,12.832945200451972,77.74936513455208,33.762523999999985,32.52653378780002,33.30206543570003,34.70605133090006
2026-01-27,12.961750253353449,77.61351572435389,29.86598120000002,30.19870835690002,30.349203777500005,31.26429318200002
2026-01-27,12.99489847447141,77.60191600183381,29.95826774,28.637954974400028,28.450852559600015,30.028320059900032
2026-01-27,13.11966826674762,77.5434928150176,32.579889080000044,37.2799400216,36.7379445902,32.88993767420001
2026-01-27,12.980143043742352,77.55089867733723,31.36307396000001,29.873381213300046,30.260933411000014,31.88348459510002
2026-01-27,12.886679780560993,77.67943448017861,28.796140939999987,30.773773131800017,31.35799820029999,33.41908135040003
2026-01-27,13.07025945410582,77.52169495520575,31.12381256000004,33.48368192840002,32.614052189900036,30.944144338700017
2026-01-27,13.083945354256045,77.7085527573427,35.39975558000003,32.87812841510004,31.640736814700034,34.27946534480002
2026-01-27,13.134182879562204,77.51911840987488,31.98515359999999,38.69159937170003,38.799591713599995,34.60564699340003
2026-01-27,12.875428008881672,77.58655690606203,32.89776494,28.069692059300014,29.34796317890001,30.683315232500032
2026-01-27,13.020975442289176,77.72924191070352,23.928880460000016,24.479062049300037,24.77846351120003,25.790419602500005
2026-01-27,12.844033469250082,77.73355993025201,33.85481054000002,30.216003538100022,31.33653303470001,33.60731171180001
2026-01-27,12.848776781973248,77.477170785086,36.233752460000005,34.03225704830003,34.59674305130001,31.67175534620002
2026-01-27,13.11226191077246,77.47521849598795,32.60723324000003,38.422942999700034,38.656171594400035,34.292727262400035
2026-01-27,12.837369350595283,77.47798984325514,35.89195046000003,35.9759653916,38.09529160250002,34.31094530900002
2026-01-27,13.019468748219593,77.4914939240569,31.650187640000013,33.16211460680003,33.93311737820002,32.92553635250001
2026-01-27,13.107766027897709,77.58993090489913,31.89286706000001,30.619039366399992,31.930191838400024,33.26656929800001
2026-01-27,12.836749233308277,77.52362335629165,35.59800074000003,38.13943533080001,38.4527652242,35.464937221400035
2026-01-27,12.851033690443057,77.4816699934721,32.15947262000003,32.646198668,32.19811333610001,29.793519176000018
2026-01-27,12.818361189807126,77.69004096343492,32.3098655,30.3713012768,30.58367994950004,32.97197015420001
2026-01-27,12.919049188054752,77.67855440281403,25.34735876000002,26.52298673900003,25.954963085300022,27.62369171960001
2026-01-27,12.989314620783007,77.58075552784975,28.057848620000016,30.38707543910004,29.785999532000023,31.875896590700012
2026-01-27,12.85421822995698,77.46466582946807,32.58330710000001,33.318865004000024,34.763508247099985,32.35841847410002
2026-01-27,12.831698251231613,77.62963723613191,31.154574740000044,31.530505669700034,31.43170780160005,31.759649730500037
2026-01-27,13.099966054301538,77.65523145739269,34.37434958000006,32.32781010500003,31.696843613000027,34.4110078445
2026-01-27,13.108340528997148,77.54104904657389,29.07983660000002,37.382241360199984,36.86806861159999,32.787858506900015
2026-01-27,13.080254664940457,77.66510289665673,31.86210488000006,30.82311225050002,31.235530543700033,34.321045558099996
2026-01-27,12.893395117326476,77.63083319357756,31.33231178000005,29.478104290400026,30.093552971600005,31.79355648890004
2026-01-27,13.11357665626285,77.71134607601543,32.60039720000003,30.46739890910002,30.7064552279,31.944735513500014
2026-01-27,12.935013329894424,77.61859895764859,29.804456840000057,29.24559347990004,29.34234053600002,31.733074624999983
2026-01-27,13.120535726326285,77.47879568398396,31.786908440000047,38.195371228100015,38.21053014680001,34.092414200300006
2026-01-27,12.94846707832054,77.6982769732669,32.39189798000001,30.041564887400003,30.437764675700038,33.27842982740002
2026-01-27,13.103163592743384,77.59565715964244,30.42311846000001,30.129408001400016,30.031686809600018,32.999946647900025
2026-01-27,12.843863459142709,77.72736761392652,33.25665704000005,31.542161117900026,30.678820536200043,33.05287468760002
2026-01-27,12.856131139797716,77.47362530649401,34.415365820000034,34.82024737910003,35.67087292640002,33.82201463809998
2026-01-27,13.13467590872524,77.56581573136442,30.41970044000004,30.860556659600043,30.890942857399995,31.407798751700007
2026-01-27,13.048908036402912,77.59046022850221,29.462654840000027,30.156102737600023,30.457760092700013,31.57319673949999
2026-01-27,12.865035645395167,77.49221665574413,30.645289760000026,35.200143212000015,35.05386904609998,32.2921601564
2026-01-27,12.89300412859033,77.69960128261404,31.28104148,29.680228903099998,30.324183871100022,31.4754242774
2026-01-27,13.041907064809864,77.56967138534961,28.885009459999992,30.192658461500013,30.115274488699995,31.240674663800018
2026-01-27,13.067512701397996,77.46302614268915,31.39383614000002,33.5063604911,33.531294946999985,32.08702768610002
2026-01-27,12.959364453708062,77.74767583503414,29.42505662000002,30.72209266940001,30.486437280500013,33.30462895070002
2026-01-27,12.98255552324652,77.66111013816996,28.163807239999983,31.060408289000016,31.162521636500013,31.1994362525
2026-01-27,12.913927801724714,77.45950987767728,35.61509083999999,38.866926707600044,39.2882831231,34.87315832869999
2026-01-27,12.990515945397735,77.54939239320329,30.074480419999983,35.54917432430004,36.25379914730005,32.97583251680003
2026-01-27,12.909658864405271,77.74949849864662,35.53989439999998,31.491950404100013,31.09966424870001,33.545565180500006
2026-01-27,12.990555015429116,77.47969809072265,30.90505928000005,32.91888830360003,33.785151292400016,32.37082588670001
2026-01-27,12.870772447355362,77.73630779192993,35.15707616000003,31.79001883820001,32.19937800350001,33.60315881750001
2026-01-27,13.138711152605872,77.70183023060558,35.314305080000054,31.196701836500033,31.767647897300016,33.50620668020004
2026-01-27,12.908279732306555,77.6218283682607,31.07937830000003,30.934642243100043,30.46868066660001,33.122157953
2026-01-27,12.921237602381693,77.60186575967653,30.402610340000024,29.904997898300007,30.719289893000024,33.75779004230003
2026-01-27,13.068307222158785,77.65145512485586,30.744412340000054,31.12047999050003,31.544946804200023,33.14481942560003
2026-01-27,12.965429302808705,77.58249693524752,30.720486199999986,30.467381819000003,29.86357149590001,33.24838543160004
2026-01-27,12.984651841992775,77.59364864625175,28.642330040000047,31.58914180280002,30.998952289400012,33.22471564310004
2026-01-27,13.001698555138486,77.56964720799448,29.45581880000003,29.828570971100035,29.590574238500043,32.34729281900003
2026-01-27,12.959069240436062,77.46206818489073,32.54912690000003,34.31099657930001,34.56914253980001,33.03289636070002
2026-01-27,12.85013338762378,77.62313637765372,31.780072399999995,30.174594225800025,30.31903975100002,33.42839545490001
2026-01-27,12.89063247926583,77.69873109013875,29.954849720000027,29.45188807700003,29.011236938600028,30.632215833500023
2026-01-27,13.073210930946429,77.52679450651678,30.13258675999998,32.22188566520003,33.36246184910001,32.13836634649999
2026-01-27,13.023722256501744,77.58914261225765,30.69314204,29.610262033700007,29.944441849100027,32.946403364600016
2026-01-27,13.015195867685607,77.697524432675,29.38062236000001,30.44830926740003,30.421648711400017,33.37618519940005
2026-01-27,13.070569643111776,77.63642961431104,29.97877586000004,30.701994711800022,30.307145041400023,30.631549319600015
2026-01-27,13.148388658357437,77.6007501945045,34.76400386,33.48901403960005,33.40945962410004,33.89011868660002
2026-01-27,13.028155778895496,77.68899909020114,30.78542858000003,30.50402299340003,30.53061518900001,33.517058893700025
2026-01-27,13.001300252446942,77.45109623513507,32.66875760000005,36.97944479330002,37.57105278500002,32.9602121654
2026-01-27,13.13466037924031,77.45046075763614,33.32843546000004,39.369529458500025,39.01073989910001,34.65341382290003
2026-01-27,12.803420695169631,77.46311135345933,36.78063566000003,34.41343463870003,35.38251166910001,33.839822522300004
2026-01-27,12.859036459791913,77.61463628070626,29.510507120000057,29.739053027299995,30.208535164400036,32.71869487220003
2026-01-27,13.081316339132943,77.63718912515988,29.22681146000002,30.75300866030001,30.549175037600023,31.919493435800003
2026-01-27,12.938156880935855,77.74993744775416,29.38062236000001,30.238579560199994,30.12217888910002,33.04009129280003
2026-01-27,13.14442115929473,77.63436248694424,37.22156024000003,30.69283441819999,31.55696114450002,31.67196042740003
2026-01-27,13.140258279893018,77.62349313082152,31.6775318,31.353759855500044,30.709428905300054,33.167224546700005
2026-01-27,12.960871645257622,77.65343490364354,28.25951180000004,30.105071698999996,30.0135542135,31.734800725099998
2026-01-27,12.813569238773704,77.58479791830962,30.641871740000056,29.671786393700003,29.553027288800013,29.898161858300032
2026-01-27,12.890856588168758,77.5743233397083,30.282979640000008,29.179249711700024,29.49704012120002,31.83288080900003
2026-01-27,12.918234378402886,77.61319699071244,30.24196340000003,29.885805716000014,30.083931245300036,32.790712553600045
2026-01-27,13.144901430449826,77.5789367543076,33.383123780000005,31.81937963000004,31.64415483470002,33.91712104460002
2026-01-27,13.020851223703149,77.46854262114492,33.13019029999998,38.34398673770002,38.074732212200026,34.1408646338
2026-01-27,12.931319226258536,77.50583753536588,30.54616718,34.148008295600036,32.616872056400034,30.79050433970003
2026-01-27,12.926523687636417,77.59951100833125,30.566675300000043,29.521598594900023,29.379836215400015,31.297516336399994
2026-01-27,12.943738985690729,77.69038150595054,30.108660620000023,28.811060597300038,28.9183864253,31.57883647250002
2026-01-27,13.052917857007134,77.45523847626887,32.890928900000006,35.69567066150002,36.56343757910001,33.217161818900024
2026-01-27,13.020052458300112,77.64268228523665,29.33618810000001,29.556035146400017,29.575483680200026,31.88553540710001
2026-01-27,12.833153882777934,77.49762803892638,31.66727774000003,33.966391802900006,32.59151034800003,31.061843857400017
2026-01-27,13.083204627442214,77.4854303959319,32.75420810000003,36.60612864890002,36.30876090890004,33.0356991371
2026-01-27,13.04876881861309,77.69460149129563,31.67069576000005,27.462361175600016,28.4312160347,29.128987727600016
2026-01-27,12.963258861868953,77.71792948939702,31.59208130000001,30.515131558400036,30.65906438060003,33.33660452780001
2026-01-27,13.033698642496686,77.66393573322749,28.303946060000044,30.146070848900017,29.584267991600036,32.370928427300036
2026-01-27,12.80860239925085,77.61121137546739,36.01158115999999,34.77511242500001,34.8248104358,34.89373480910002
2026-01-27,13.048966612560983,77.58464733084762,24.62957456000004,25.243604762900013,25.294071828200018,26.286972458000005
2026-01-27,12.815863956714496,77.49312650209517,35.75181164000003,34.13607940580002,34.5975975563,32.50587185690003
2026-01-27,12.833978592463918,77.54338191601146,32.94561722000003,36.31040155849997,36.84053646049997,33.46838628889999
2026-01-27,13.015589394911052,77.5615912625768,33.99494936000002,31.014521370500017,32.379576017900035,33.12771223550004
2026-01-27,12.917795935258324,77.5372176461809,34.73324167999999,39.41531383640002,39.478718107399985,35.24355206600002
2026-01-27,13.028432754730378,77.51685163487396,33.14386238000003,36.96937872440002,36.035678201000025,34.09219202900002
2026-01-27,13.055796171063518,77.60023605225821,30.098406560000058,30.543637845200045,29.961993381800042,32.276300543600016
2026-01-27,12.882006969796574,77.51555235872944,34.04280163999999,39.21505204460002,38.83341302150001,34.42536352850002
2026-01-27,13.015191783651584,77.55813877601715,30.108660620000023,29.046271643600043,28.434206802200027,29.38841544560003
2026-01-27,13.069649685582435,77.7026731359802,35.01351932,31.228506512600035,31.781200346600034,33.23978911130001
2026-01-27,13.012044742487666,77.56276007822336,33.81721232000001,32.76606862940006,32.09100967940004,34.236312842300016
2026-01-27,12.953051524103476,77.54631208481464,31.98515359999999,32.942609362400006,32.96357891510002,31.89642180080001
2026-01-27,12.913068139667049,77.55240737072162,28.99438610000004,29.947774418600048,30.48154951190003,32.51339150090001
2026-01-27,13.002065919703345,77.59572233553331,29.61304772000005,31.694057926700026,30.91927824320002,34.16738846900001
2026-01-27,12.953027122463755,77.52106702718076,30.747830360000023,36.64796521370005,36.88133052920003,33.672732614600015
2026-01-27,12.95099336266304,77.60906462847748,30.341085980000003,30.38972440460002,30.179721255800022,33.07280174420004
2026-01-27,12.804652376303022,77.48310388322781,37.3343549,37.67928438830002,39.570953377100025,35.64580174970004
2026-01-27,12.995127911653253,77.61572396612988,30.323995879999984,30.418264871600037,29.84613959390003,32.67571327070004
2026-01-27,13.1310936559634,77.58621294684714,29.94117763999997,31.483114822400015,31.11475480700005,33.86450062670001
2026-01-27,13.064654044913476,77.61703003337908,28.94995184000004,30.958722194000032,30.86458992320002,33.591435008900035
2026-01-27,13.05365688386478,77.59476268627138,29.339606119999985,30.941768814800007,29.39803717190002,29.88551518430002
2026-01-27,12.848792803724738,77.50703847269197,32.94561722000003,36.1135236065,37.14106586900002,33.45194561270003
2026-01-27,12.920993317279962,77.63410699531097,29.81129288,30.1421230358,30.241433606900035,32.303542163000024
2026-01-27,13.027575240155675,77.51002647783409,30.75808442000005,33.0959246495,32.94313915549999,31.905992256800026
2026-01-27,12.889515581262955,77.6186427397191,30.368430139999987,29.874047727200047,30.49604191670003,32.07388539920002
2026-01-27,12.862286209839896,77.46330551454582,34.88021653999999,36.574614504499976,37.586365514599976,34.683560759300036
2026-01-27,12.95462738945323,77.60651103616125,30.14625884000003,30.470338406300026,30.38760523220001,32.129206052900024
2026-01-27,12.829110094496656,77.68730438916892,31.53055694,30.64684495910001,30.636471268400047,33.21447867320001
2026-01-27,13.008541888496367,77.71565774125648,30.18385706000004,30.454564244000036,30.197956392500014,32.01916289900001
2026-01-27,13.080505275433293,77.54654185323002,27.309302240000022,32.75955730130001,31.478158693400015,29.924959135100035
2026-01-27,12.94483118790339,77.65790604680438,30.177021019999984,29.839440274699975,30.63011375120002,31.374028714099992
2026-01-27,13.098265752561986,77.59795412228087,32.42949620000002,31.108414379900005,30.74483959250003,33.110587955300005
2026-01-27,12.845080732617532,77.57935674184843,34.316243240000006,32.445219092000016,33.160576497800044,33.645644806100016
2026-01-27,13.140083894996824,77.56622013659589,30.27272558000004,30.45529911830004,30.518635028900004,32.36209284560004
2026-01-27,13.074205809343074,77.56931346622254,29.732678420000013,31.38182179970001,30.41906810630003,33.381192598700025
2026-01-27,12.820665062841831,77.45831141948159,35.775737779999986,33.649182456800006,33.3499860761,31.881980666300024
2026-01-27,13.025798772533603,77.6050565431679,29.859145160000025,29.934666311900013,29.920515709100037,32.73993786650003
2026-01-27,13.115657819574857,77.65837202325704,33.461738240000045,31.933148425700036,30.808346404100043,32.9599387238
2026-01-27,13.0788809252782,77.64932517802141,30.38210221999998,31.70725148390003,31.17222881330002,33.61124243480001
2026-01-27,12.922801323293664,77.52000873121567,29.46607286000005,33.820442348900045,34.04251110830002,31.736680636100036
2026-01-27,13.036151675544732,77.7179743664258,34.58284880000002,32.91328275080003,33.194107274000025,35.256591812300016
2026-01-27,12.945577666141578,77.6908271366619,30.31374182000002,29.96636844740002,30.287388885800027,31.588970901800007
2026-01-27,12.932627611304236,77.67430766614788,28.80297698000004,27.92456293010002,28.014849928400043,29.78584572110003
2026-01-27,13.127227178020656,77.52722877650244,31.735638139999992,38.470573108400046,37.57913640230003,34.39709650310002
2026-01-27,13.14361894201678,77.70010723069717,38.12733553999999,32.81962900280002,33.57297770090005,34.73373729290002
2026-01-27,12.921636822740156,77.7322069692935,33.27032912000004,30.691245038900032,30.672360478400023,33.455312362400015
2026-01-27,12.968843882204752,77.55703916716222,29.93775962000001,30.315519190400018,30.360534513800005,32.819492282000034
2026-01-27,12.84141405196995,77.5572229645763,31.345983860000047,32.859209674400034,31.953366014000007,32.65787120630001
2026-01-27,12.815778892969124,77.51285973340781,34.93832287999999,33.47185557920002,34.7289520649,32.70415119710003
2026-01-27,12.841249767817745,77.63293940180918,33.68390954000006,32.9206144037,33.147451301000004,33.10194036470004
2026-01-27,13.002217761219642,77.70142595311346,30.713650160000043,30.353083230200035,30.475209084800003,33.36058193810002
2026-01-27,12.819358823095063,77.46784517251054,35.68686925999998,36.48203743279996,38.959691770400006,35.00579459480003
2026-01-27,13.1168065144367,77.68396354020085,35.10922388000006,32.73525517910003,33.24081451730002,35.09216796020003
2026-01-27,13.083937076919444,77.50070124099422,32.39531599999998,35.165245227800035,35.82714480080003,33.462421844000026
2026-01-27,13.113668262173915,77.50993940328988,32.73369997999998,34.40519721050003,34.383065531,32.317385144000035
2026-01-27,13.06342925454774,77.59693410525928,28.389396560000023,29.722817432300044,30.318082705400023,32.33871358880002
2026-01-27,13.073583490260615,77.54753873899317,31.55790109999998,33.96292251260004,33.90332933389999,32.25946679510002
2026-01-27,13.027040858309023,77.6766154739681,33.66681944000004,29.671495861999993,31.033884453800013,33.97013453480004
2026-01-27,13.006980919860093,77.70975351824326,30.97000165999998,30.736448353399993,30.61575806720001,33.31030286390003
2026-01-27,13.05593343023486,77.57296516617376,28.221913579999978,30.607606089500027,30.200588267899985,31.65529757990001
2026-01-27,12.869489300267013,77.74318201564667,31.95439141999998,30.117889274000014,29.70926498300001,30.763484891600054
2026-01-27,13.031843063264905,77.45803337786442,31.345983860000047,33.52095543650001,33.7700094638,31.925133168799995
2026-01-27,13.099716655850663,77.69196174509979,36.838742000000025,32.73450321470003,33.38413209590001,34.35941283260003
2026-01-27,12.854422755970484,77.72519882308063,31.602335359999984,31.753736555900044,31.58206650140005,33.075313988900035
2026-01-27,12.983055667425726,77.60874759243974,31.058870179999985,29.784222161600024,30.344845802000012,33.686575595600026
2026-01-27,13.078116229680552,77.69482088271008,34.825528220000024,30.454290802399996,31.016965254800034,34.019764185199996
2026-01-27,12.86409968085029,77.53528172496928,29.626719800000046,34.496953957400045,34.20737930300001,32.68969297250001
2026-01-27,13.013933380627668,77.55421038694506,32.337209659999985,32.22742285760002,31.540486288100055,34.28503671740002
2026-01-27,13.017373463482876,77.65395088236528,29.609629700000028,30.377470802900028,29.92261779140004,32.366331190400004
2026-01-27,12.875009403894133,77.45420169174118,35.04428150000001,34.03225704830003,34.81617993530002,32.67841350650005
2026-01-27,12.821109520057597,77.49360001498242,35.99449106000003,36.2886287711,37.82036316379998,34.87531168130001
2026-01-27,13.062563448984076,77.54038190082383,26.957246180000027,31.75330930340002,29.729448391100014,28.6019803139
2026-01-27,12.980005761830885,77.62760182207313,30.857207000000017,30.47252593910001,30.577168621400027,33.25187181200001
2026-01-27,12.860642892730322,77.51651028973588,36.56530040000001,37.227405054200005,37.47821936180001,34.76239739059999
2026-01-27,13.00490416824714,77.60612310993626,30.08473448000001,30.039052642700042,30.003983757500027,32.97246576710004
2026-01-27,13.132869883998318,77.68145602917542,32.75420810000003,32.65725596270004,31.75421507870004,34.720936808000026
2026-01-27,13.101430420122686,77.50195108397003,35.68345124000001,38.88364082540002,38.83184073229998,35.05752632750002
2026-01-27,12.834084270874422,77.5632071488704,27.99632426000005,29.479232237000033,29.229921858200015,30.042248491400006
2026-01-27,13.123620130331531,77.49456706577945,31.54081100000002,33.37862908369999,33.78036606439999,31.97206258340001
2026-01-27,12.916104325976658,77.4579457851396,34.13167016,38.83173819170004,39.781110336800026,35.20180095170004
2026-01-27,13.084324078537511,77.49004750568858,32.08085816000005,32.83444611950002,33.82073288060001,32.869856806700035
2026-01-27,12.883872745192823,77.51672223384071,34.056473719999985,39.38740570310001,39.52320363770003,34.77085699010002
2026-01-27,12.835422659290304,77.56587591991264,30.16334893999999,29.649261641900026,29.00387110550002,29.91089398280001
2026-01-27,13.018651430251545,77.72350887206615,30.29323370000003,29.42972221730006,29.255984260700014,31.740782260100023
2026-01-27,12.981838561396202,77.45715798844734,35.560402520000025,37.43183683039999,37.70503916899999,33.090968520499985
2026-01-27,13.100480145927124,77.49896764851829,33.53693468000006,38.301722920400046,38.582171461399994,34.67629746680003
2026-01-27,12.823155668931877,77.64402492895833,33.80695825999999,32.17071790580005,32.23894158500006,32.740313848700026
2026-01-27,12.881808328133245,77.68242994521248,31.055452160000016,29.161441827500013,29.10673641740003,30.606221791400014
2026-01-27,13.015231171264531,77.71451811656354,28.939697780000017,29.71456291400003,29.963753662100036,31.96206487490002
2026-01-27,12.981971313646538,77.60487277745463,30.29665172,30.789513113900036,30.73870424660004,33.499934613500024
2026-01-27,13.052971405641092,77.51215932533802,30.88113314000003,32.6502148415,33.23399556740001,31.62756034760001
2026-01-27,12.937519477996547,77.5255049462988,34.887052580000045,37.703808681800005,37.899336515900025,34.186238849300004
2026-01-27,12.800602086955733,77.7449202506828,32.94903524000006,32.89790166080001,32.31726551330002,34.70174462570002
2026-01-27,13.1290518229384,77.64309642509312,35.86118828000002,32.0211624407,31.906744221200025,34.857298715900036
2026-01-27,13.01618397368524,77.49939209582791,32.93536316000001,37.90362613100003,36.98792148290002,34.252838969000024
2026-01-27,13.142427142463228,77.48620535756856,27.18283550000001,31.947487019600025,30.976410447500026,29.742317236400012
2026-01-27,12.822912429479585,77.45863375553844,33.82746638000003,34.00277662580002,34.82747649140002,32.55950059070003
2026-01-27,13.088565673317374,77.64953689327774,30.82644482000001,30.305504391800003,30.002411468300032,32.12888134100004
2026-01-27,13.121199806382442,77.69006265019877,34.67855336000002,31.408619076500035,31.597840663700044,33.15047624870004
2026-01-27,13.144843748446569,77.57176176988666,30.46755272000001,30.946195150699996,30.117496201700007,30.477635879000008
2026-01-27,13.131045503195692,77.6931969545685,36.76354556000001,30.91078446350002,31.142338228400046,33.1173214547
2026-01-27,12.928579469113735,77.48589376750846,31.33914782,34.555060297400026,34.386005028200024,32.07521842700004
2026-01-27,12.998059438152582,77.68617230004618,29.384040379999988,30.32170580660001,30.107840295200035,33.10857132350003
2026-01-27,12.884272933062348,77.55599249241182,31.298131580000017,30.575032358900007,30.927686572400013,33.91512150290001
2026-01-27,12.889131444338602,77.54010915457476,30.518823020000013,34.94204852180003,34.65780597860001,33.041646491900025
2026-01-27,12.937265041585746,77.6985507271607,29.141360960000043,29.72430427100003,30.433868132900052,32.556373102400045
2026-01-27,12.8796776285702,77.50100164168535,33.13019029999998,40.29405259820002,39.67009304720001,34.84384880720004
2026-01-27,12.909454146358744,77.74155143905104,32.50811066000006,31.3048479893,30.63469389800002,32.39415387320002
2026-01-27,13.079008560897668,77.52604380994869,30.218037260000017,33.85130706950003,34.07792179550003,32.82255140990001
2026-01-27,12.87905183860924,77.71186639967586,34.21370264000001,32.92415205440003,33.15353537660002,34.50129484280003
2026-01-27,12.870072759664602,77.49773044370417,30.34792202000005,33.209898526400025,33.08033847830002,30.538493725100043
2026-01-27,12.876828167041642,77.54595451218165,32.01591578,35.334163776200036,34.922856339499994,33.0256330682
2026-01-27,13.102341999777556,77.70197869085563,34.545250580000015,31.614161709200033,30.88711467500002,32.84417038640001
2026-01-27,13.117622798373253,77.6863135499173,34.15901431999998,31.08553073600002,31.45202793050003,33.726275897899995
2026-01-27,12.895437305523924,77.71421498648792,31.90312112000004,31.84427990570001,30.91909025210002,33.677346941600014
2026-01-27,12.978879938177528,77.59691616873008,25.85322572000001,28.1123831291,27.503514136400014,28.068376121600004
2026-01-27,13.025267052340274,77.54859620093528,30.13258675999998,36.22908686270003,36.206767192100024,32.937294341300024
2026-01-27,12.851231904594211,77.57099446218196,33.492500420000056,32.31830800940003,31.892764519400007,34.15168266710004
2026-01-27,13.019670372624768,77.72800229196088,31.093050380000022,30.1895993336,29.999967583999997,33.311926423400024
2026-01-27,13.055017696907305,77.53933192512935,27.55881770000002,32.03999573090004,31.120462900400003,29.4997061768
2026-01-27,13.009549029926514,77.45249356751995,33.89240876000002,35.281457907800046,36.03345648800001,33.70986940190003
2026-01-27,12.88548162475669,77.71779857146132,32.764462159999994,31.34138662310002,31.485558706700026,33.32831582930003
2026-01-27,13.004321079844289,77.47014004558062,33.08575603999998,36.810611695400006,37.00914738710002,33.1727788292
2026-01-27,12.872291306518376,77.72695751201857,32.77129820000005,29.14026719360001,29.94290374010003,30.96026030299998
2026-01-27,13.135810148891478,77.54794303795292,29.99928398000003,33.99452210750001,33.84272783930001,31.73907325010003
2026-01-27,13.005911276791077,77.69072179346036,28.72436252,30.252080739200018,29.435686662200006,29.602041695600015
2026-01-27,12.97071666850796,77.49645565455697,30.70681411999999,32.99174339990001,34.186392660200006,33.01816469450001
2026-01-27,13.07493158513011,77.62776100302501,29.70875228,30.141695783300047,30.03166971950002,32.264286203300024
2026-01-27,12.823398439390443,77.48550787120732,33.236148920000005,33.925443923300016,34.48235901200002,32.28773382050002
2026-01-27,13.029788582695584,77.729784690163,26.16084752000006,27.837061618100023,28.901347595600008,29.143206690800042
2026-01-27,13.019375609773924,77.52120309737087,31.041780080000024,32.72300157740003,33.645388454600024,32.6539575734
2026-01-27,13.06448836599093,77.56745723082697,30.843534920000025,30.613963606700036,30.75413660690003,32.135324308700035
2026-01-27,13.11657975767648,77.57607060482572,28.42015874000004,30.555071122100006,29.603972876900013,31.842126553100012
2026-01-27,12.947494642510398,77.64141101958009,30.221455279999983,30.498331990099995,30.04788822440003,31.811877076100004
2026-01-27,12.875375072370602,77.61588355953971,30.416282420000016,29.9576354063,29.921746196300028,32.93302181630003
2026-01-27,12.891904517194746,77.70409467296267,29.438728700000013,31.392366391400042,30.99703819820002,33.33246872360002
2026-01-27,12.89070861599919,77.73106970388964,32.35429976,31.000114416200045,30.23775923540001,32.683232914700035
2026-01-27,12.894201558459834,77.62944045801463,32.03300588000002,29.496988850899996,30.419221917200012,33.1824518258
2026-02-12,12.923883116222385,77.51558285912421,27.582743840000035,33.09548030690002,32.51093052650001,31.699099506200046
2026-02-12,13.138911892313407,77.58157205567335,31.80741655999998,33.72395164429998,33.39418107470005,33.029905593199985
2026-02-12,12.974031308641775,77.4562067028007,38.20253198,33.839617441100025,33.19205646200002,33.2599212491
2026-02-12,13.071477775938645,77.55988308980342,28.372306460000004,31.92133916660003,31.728870460400024,31.17405745400005
2026-02-12,12.968533843296711,77.72392183153418,30.55983925999999,32.80633290499998,32.079884024300014,32.14260469130001
2026-02-12,12.859459638527952,77.4781917019748,33.926588960000004,34.62338651720002,33.858929254100005,33.74702327929998
2026-02-12,12.841634758304744,77.7333099879027,34.57943078000005,34.57285109150003,33.47913596179999,33.586410519500035
2026-02-12,13.12149576617273,77.57591770924299,30.33083192000004,32.34652376450002,31.605223586900056,29.671136969900072
2026-02-12,12.987232727131971,77.6559666323919,28.5329534,30.74870195510001,30.077642088500003,30.173021936600026
2026-02-12,12.842765734030896,77.59564974921294,32.30644748000003,33.43140331250001,32.76335130350004,32.259535155500025
2026-02-12,13.107551920571312,77.67368137912861,34.25471888000004,33.1748467313,32.78438921660004,32.62904020760003
2026-02-12,12.975295907475246,77.47205833712601,36.25426058000005,34.10642808230004,34.25970918920003,34.20088506500001
2026-02-12,13.142094248796752,77.74969484495759,23.740889359999983,25.916151468200038,25.14366185810004,25.34949502250005
2026-02-12,13.007732867118934,77.64987663337628,29.72242435999999,33.11279257820004,32.07853390640005,31.45894942100007
2026-02-12,13.105370376126574,77.62163343249607,32.96954335999999,34.43556631820001,33.5517347066,32.76285569060003
2026-02-12,12.806342322748838,77.72995733001525,35.22201854000002,33.593588361500004,32.742672282500024,32.530225249400026
2026-02-12,13.11823842759643,77.58094788650341,29.237065519999987,31.916622299000032,31.989767927000024,31.663329926900015
2026-02-12,13.023531157778768,77.7359878215858,30.641871740000056,30.574502565800017,30.638043557600007,30.744463610300016
2026-02-12,13.147292130359991,77.72361571983342,32.89434692000003,32.21409257960001,31.830590735600012,31.622792209700016
2026-02-12,12.8134257769131,77.45867281220544,36.77379961999998,37.323690677600005,37.02999730910001,34.160432798299986
2026-02-12,12.81884623848696,77.48493887201418,31.54764704000001,34.49963710310004,33.800498202200004,29.93680257440001
2026-02-12,12.84461546791482,77.74383729424618,32.67559363999999,33.35490802490001,32.13552938990002,31.486772103800032
2026-02-12,13.033635312377122,77.55571043744615,29.75318654,32.9310222746,32.259398434700046,31.043659991000016
2026-02-12,13.134171078808336,77.58035646807497,30.648707779999995,33.047593846700025,32.075611499300024,30.856472125700016
2026-02-12,12.809222028106444,77.65823914170713,32.71660988000002,34.035469987100015,32.98789812740001,32.49560070680001
2026-02-12,13.071506260971375,77.60229359903553,31.29471355999999,32.64859128200003,31.429896251000013,30.495990646400006
2026-02-12,13.098958297493288,77.49277819737775,29.62330178000002,32.59063875290002,32.219971574,30.94945935980003
2026-02-12,12.829906825975709,77.53962974973844,33.86506459999998,36.58949998160004,36.43280085470003,33.451279098800015
2026-02-12,12.89124521276426,77.7192862659826,31.93046528000002,32.82123547220003,31.939642663700035,31.392400571600042
2026-02-12,13.108504718281996,77.69357326336512,31.07937830000003,32.1612670805,31.34506099460002,31.28228905730003
2026-02-12,13.076341263912305,77.48758666939544,31.03152602,33.29680168490003,32.071304794100044,31.475680628900072
2026-02-12,13.098596293044922,77.71233424833338,35.06137160000003,33.263339269100044,32.77984325000002,33.04031346410005
2026-02-12,12.956721130602268,77.65168929011014,30.310323799999992,33.69698346650002,32.14274141210002,31.779320435599992
2026-02-12,13.103749386207978,77.67279187217902,35.297214980000035,33.530901874700014,32.41483289420004,32.43182045360003
2026-02-12,12.808046480744082,77.6331923664264,35.83384411999998,34.79262977750003,33.17518853330006,33.60491909780002
2026-02-12,13.074257771046913,77.67855418457454,30.81619076000004,33.01520810720002,32.897833300400045,32.76495777290004
2026-02-12,12.83896684215156,77.70935985506026,34.91439674000003,34.460671675100016,32.96139138230003,33.247787278100006
2026-02-12,12.824225659687013,77.6934254796743,28.75854272000004,31.17038308250001,31.388333127800024,29.352936398000008
2026-02-12,12.826041276685784,77.74382268397974,31.73905616000002,32.17565694470001,31.5709921166,31.537837322600012
2026-02-12,12.837353234650108,77.66138695639846,29.96510378000005,32.54895599900003,31.851423567499996,30.221694541400012
2026-02-12,12.83844805755749,77.4679430060168,30.34792202000005,34.26215307350001,32.868113616500025,29.882097164300003
2026-02-12,12.988810675678252,77.48145178217295,31.62284348000003,32.64325917080001,32.35397504810007,31.389597795200032
2026-02-12,12.985970179401743,77.7394088165851,28.31761814000004,32.50071064670001,32.41743058940005,31.989460305200023
2026-02-12,12.979861957855992,77.58302106799434,29.18921324000001,32.98829119970002,31.820507576600004,31.136442143900016
2026-02-12,13.02264241344911,77.53487443697574,33.174624559999984,32.82976343210004,31.961381270900038,30.65441587340006
2026-02-12,12.955916775583518,77.66753319130281,37.84022186000004,33.69879501710002,33.276156844100036,33.24013091330005
2026-02-12,13.108049228726424,77.69627926447116,31.61258942000001,34.63283734250004,33.33860406950006,34.305476477000035
2026-02-12,13.041917281787711,77.73380475070017,35.11264190000003,32.938012125500066,32.55519388550005,32.88797231270003
2026-02-12,12.958973219393634,77.50102650032397,31.516884860000005,32.1537816167,31.64205275240001,31.11386612180002
2026-02-12,13.074820301489316,77.53062194391315,33.60529508000002,33.26014342039997,33.16052522750003,32.597184261200034
2026-02-12,12.86056178640501,77.70326083581166,31.43827040000002,30.703789172300027,30.098064758000035,30.022646146700026
2026-02-12,13.134658834814813,77.64405610549998,35.11264190000003,32.867976895700046,32.30261929760006,31.780961085200055
2026-02-12,13.07190191227093,77.51639079895396,29.73951446000001,32.0931288518,31.65246062330001,31.001361993500037
2026-02-12,12.874815281929342,77.49934657287932,28.89526352000001,28.045475387599996,29.192477449100014,28.720619788100013
2026-02-12,12.832686165742782,77.62008001904404,33.58478696000003,34.57737996800002,32.991572498900005,33.285983651600006
2026-02-12,12.862758568753694,77.5582945487687,32.82256849999999,33.642773669300034,32.66323749770003,32.44448421770006
2026-02-12,13.094685246611792,77.50856880327898,35.80308194000003,34.38626137970002,33.39765036500003,33.610422110000044
2026-02-12,12.844024716087022,77.72617503566768,32.477348480000046,32.26107326450005,31.509399396200003,30.046896998600022
2026-02-12,12.857616137605516,77.58763792108344,31.448524460000044,33.6868832174,33.188877703400046,31.678933188199995
2026-02-12,13.128370425744846,77.59050631133736,34.06672778000001,33.473547499100015,32.00810560430004,32.422437988700025
2026-02-12,12.844767843490464,77.50058889619363,30.81960878000001,35.52056549690004,34.76899416920002,31.74519150590002
2026-02-12,12.95810568223665,77.74669250374956,30.98709176,31.813124653400006,31.511398937900022,30.342128476100033
2026-02-12,12.969000024894608,77.53353433628732,29.97193981999999,32.905540935500014,32.05616296550003,30.44381457110001
2026-02-12,13.014298792244675,77.4698431892883,31.24344326000005,30.474884372900025,30.12898074890001,30.594224541200038
2026-02-12,12.86022228107849,77.61035827121367,28.59447776000001,32.02924605800004,31.311666939200045,29.73961700060004
2026-02-12,12.906230347750013,77.61779274401158,22.732573460000022,26.093324534900013,24.52759793330004,24.849609597500045
2026-02-12,12.970189843149871,77.53188934311775,29.736096439999983,33.254572047799996,31.85390163200004,31.062612911900015
2026-02-12,12.9978071412903,77.46446284091161,33.67023746000001,33.294118539200056,32.86488358760007,32.34548126840006
2026-02-12,13.039660112258064,77.4952010779901,30.32741390000001,32.009865884600025,31.543716317000033,30.497272403900023
2026-02-12,12.91195593218193,77.60266074654338,28.87133738,32.787072362300016,32.07154405550005,31.306847531000038
2026-02-12,12.974817040971198,77.46955842643683,37.395879260000015,34.392328365200036,34.21872712940004,34.47689018000003
2026-02-12,12.81886861256157,77.62075199795927,32.59014314000001,34.3961736377,32.61952102190002,33.14350348790004
2026-02-12,13.030786525623416,77.62643759769325,30.402610340000024,31.675703159300028,31.250586921800032,30.275408725700014
2026-02-12,12.854750067317012,77.50055865212789,29.95826774,34.13623321670005,33.21403433060001,32.859619836800015
2026-02-12,13.135622096353671,77.49711328525841,32.34062768000001,33.295058494700044,32.549605422800035,31.692280556300044
2026-02-12,12.952271776143892,77.65979384911559,34.93832287999999,34.312415057600035,33.58782899780002,33.82888485829999
2026-02-12,12.908600633423813,77.5730263555606,29.97535784000001,33.4121598599,32.191499467400035,31.174245445100023
2026-02-12,12.93827775815988,77.73103749585907,30.481224800000007,30.48339524270001,30.761109367700033,30.489906570800027
2026-02-12,13.009820907236357,77.4592030391921,34.54866860000004,31.93145650580003,31.70359420250003,31.29703781360005
2026-02-12,13.00613354745968,77.53159101240782,29.86939921999999,32.699964122599994,31.958646854900035,31.524096882200034
2026-02-12,13.032810656618304,77.60454829727131,30.077898440000013,32.78763633560005,32.220757718600055,30.968173019300046
2026-02-12,13.035582258273363,77.62282866042139,31.08963236,32.69070128840001,32.44605650690003,32.18324494910002
2026-02-12,12.86438549683194,77.65427919467227,31.29471355999999,33.12179906090003,32.290844218699995,30.775977754700044
2026-02-12,13.02454223551275,77.73428642721768,36.54821030000005,34.74255578450002,34.10164285430004,34.27411614350003
2026-02-12,13.093994746535856,77.5036566271096,36.09019562000003,34.43771967080005,34.27932862400005,34.041554062700015
2026-02-12,13.122431534132142,77.56748042062213,31.735638139999992,29.82330722030001,29.40741963680005,29.15129030810001
2026-02-12,13.0503840588722,77.5887290309677,26.779509140000016,27.932766178100017,28.659864482600007,28.41250237519999
2026-02-12,12.89628263221901,77.63651906455625,28.71752648000006,27.902636331800007,29.246755606700045,29.43358457990004
2026-02-12,12.80479545792297,77.53404890601257,31.448524460000044,35.42436532400003,35.21089288490002,30.74533520540003
2026-02-12,12.985078802593772,77.73010254210149,31.75272824000001,32.95985327330003,32.13937466240004,31.691784943400044
2026-02-12,13.016843702840704,77.71723282135945,30.43679054000006,32.7176523761,32.164873091600015,30.555412924100025
2026-02-12,13.104601981383764,77.50098692748905,34.01203945999998,34.06525803140007,33.68175618740002,33.55375133840002
2026-02-12,13.042348908889627,77.50064679411676,30.06080834,32.77618596860001,31.58204941130001,30.95301410060001
2026-02-12,13.115992486467295,77.74589794501422,36.24400652000003,34.65218333570003,34.515735977300054,34.258376161400015
2026-02-12,12.96791749198308,77.50405022161542,30.04030022000001,31.392844914200012,31.242178592600016,30.526650285800017
2026-02-12,13.024394433166751,77.51017952997279,32.66875760000005,33.513709234100006,32.47775864240003,32.122540913900025
2026-02-12,12.880883185930438,77.68505274987038,33.27032912000004,32.8388553653,32.69770822940004,32.60549004980001
2026-02-12,12.835260263998936,77.57608759038972,33.47199230000001,33.71591929730002,32.46044637110001,32.14308321410002
2026-02-12,12.880071961158288,77.7281827372514,35.10922388000006,33.83667794390004,33.25269213680002,33.40011133940005
2026-02-12,12.821768400913292,77.48934637679501,35.95689284000002,37.640626582100005,36.9136649984,33.417970493900015
2026-02-12,13.032834995812276,77.50081706818142,29.75318654,31.69687779320002,31.2731971241,30.249568494500007
2026-02-12,12.938044142367971,77.56771592446758,29.80103882000003,31.60216445900003,31.34131826270001,29.40924827750006
2026-02-12,13.018388075492052,77.64900712843136,28.5329534,32.778288050900045,31.190532310400002,30.097825496600027
2026-02-12,13.050136880870992,77.53054191771653,30.44020856000003,30.5357763992,29.861401053200044,29.897939687000026
2026-02-12,12.815090570958644,77.7308811160425,33.47541032000004,34.41635704580007,33.42928414010005,34.16773027100004
2026-02-12,12.902103903656014,77.69108633305531,31.50663080000004,33.42936959060004,32.53776198350003,32.08304569280005
2026-02-12,13.137658770324798,77.5319506857371,31.034944040000028,32.46663298730002,32.19854058860003,31.505383222700026
2026-02-12,12.829825972424832,77.61991439739792,31.14090266000005,33.4139714105,33.335220229700035,32.58269185640002
2026-02-12,13.043033943869377,77.59334552995257,32.16972668000005,33.188211189500024,31.98858871010004,31.688059301600024
2026-02-12,12.959869072366857,77.62036189438642,29.67457208000002,32.631518272100024,31.73938087190004,30.40799372150005
2026-02-12,12.874873238101816,77.58161947796626,29.031984319999992,33.27801966500004,32.6418919628,30.906392307800015
2026-02-12,12.88101691177406,77.4687818996268,30.42653647999998,32.96250223880004,32.69869945520002,31.59244019210002
2026-02-12,12.973253222445514,77.65423560054747,29.75318654,33.10062442700003,31.44770413520001,30.49898141390002
2026-02-12,13.144497671787684,77.67860740543344,29.469490880000023,32.81303222420003,32.22685888430004,31.31705032070002
2026-02-12,12.802457024218192,77.59282868232259,32.54570888000001,33.41135662519997,32.55006685550003,31.791659487800043
2026-02-12,12.924218554276974,77.70325996871838,32.22441500000002,33.32720497280001,33.81459753470005,33.5825481569
2026-02-12,12.925696839205544,77.64820792955167,29.55835940000003,32.71869487220003,31.881861035600018,31.37110630700002
2026-02-12,13.065217191316435,77.70718076634984,34.20686660000001,33.13371086060001,32.250391952000044,32.15214096710002
2026-02-12,12.960152847420542,77.59107851385758,32.08085816000005,32.70345050300003,32.13344439770004,31.27839251450006
2026-02-12,12.885375093527587,77.64197850454728,32.761044140000024,32.84979302930001,32.68104538190002,31.482362858000034
2026-02-12,13.06510631371629,77.71714117212547,32.648249480000004,32.59916671280004,32.29415969810006,31.674882834500064
2026-02-12,13.096268273882703,77.67247495900867,34.78109396000002,34.847181376700036,33.95841072620004,34.60933845500002
2026-02-12,13.02722812328431,77.73752252379751,32.10820232000003,33.04788437840003,32.737921234700025,32.10775797740004
2026-02-12,13.00564253835958,77.6763589227951,31.40750822000001,30.592720612400026,30.67724824700002,30.796622595500008
2026-02-12,13.034511992588913,77.70853413389092,29.25073759999998,28.00692012200003,28.895348970500045,29.29322358860004
2026-02-12,13.082692058857232,77.50458347059869,24.523615940000013,26.007463872500043,25.114677048500006,25.32078365450004
2026-02-12,13.131302457203882,77.63098806978529,29.50708910000003,31.960355864900034,31.70805471860002,31.360185733100035
2026-02-12,13.00516783337004,77.49796337063756,34.81869218000003,32.785790604800006,33.19443198590007,32.48136465350003
2026-02-12,12.866144623277432,77.68453321210053,31.20926306000001,33.65777877710001,32.161865234000025,31.72454666510003
2026-02-12,12.9108961269468,77.73019844271379,33.724925780000035,32.84071818620005,32.44262139680002,31.927474512500062
2026-02-12,13.142171798436353,77.56828311622102,31.42801634,31.18931891330002,31.90007908220001,31.300678004900018
2026-02-12,12.813963554549137,77.70806316894829,33.98127728000003,34.46506383080002,33.14507577710001,33.28003629680002
2026-02-12,12.975916758056403,77.61813024945067,29.22681146000002,29.47178095340001,30.324987105800005,29.936802574400012
2026-02-12,13.029926717162368,77.57448610915579,28.201405460000046,31.98715314169999,31.187114290400018,30.22521510200003
2026-02-12,13.067555038770612,77.65558575571174,29.00122213999998,31.897549747400003,31.684555831100024,31.010402656400043
2026-02-12,12.881504630947047,77.47594326142622,28.26634783999998,29.70753888290001,29.66149815350004,29.394208989500033
2026-02-12,12.887624941262764,77.70236420317121,32.05009598000004,30.227197553600018,30.38710961930001,30.22984651910002
2026-02-12,12.972317121856696,77.67119819028149,29.15845106000006,33.54242060210002,31.925047718300025,30.54972192080005
2026-02-12,13.122343548075923,77.69059902567689,33.24640298000003,29.87500477280001,29.74180453340001,29.783384746699994
2026-02-12,13.127102472832872,77.63118047983711,29.84889110000006,32.15542226629999,31.741790576,30.043666969700038
2026-02-12,13.056932259841345,77.68803982812712,31.680949820000023,33.25617851720005,32.72346301010005,32.25697164050004
2026-02-12,13.042287526500274,77.6088598145084,28.307364080000013,33.0310335398,32.25481828790002,31.981974841400024
2026-02-12,12.875728172363743,77.67639284347581,31.48612268,32.69514471440005,32.554065938900045,32.23962518900004
2026-02-12,12.982611680110274,77.68608986866037,29.582285540000044,30.109925287400028,29.882712407900016,30.02274868730004
2026-02-12,13.074731687158806,77.6583129802869,33.11651821999999,32.76567555710003,32.444911470200005,32.02887007580001
2026-02-12,13.030130343932564,77.70055393281584,30.29323370000003,33.303671905100046,32.79688207970003,32.31424056560004
2026-02-12,12.925068018869451,77.68572004815263,29.50708910000003,31.72666583749999,31.383940972100017,30.07962454010004
2026-02-12,13.002667899824363,77.57337658730866,28.83373916000005,31.94488932440002,31.517226662000013,29.79141709370003
2026-02-12,12.960545232302165,77.66254589827132,28.26634783999998,29.917131869300047,30.19530742700004,30.010290004400023
2026-02-12,12.820997479710012,77.67872479500508,32.25859520000006,31.737791492600028,31.29223549550004,29.502064610600044
2026-02-12,12.921150742521148,77.71852763018757,33.96418718000001,34.37457175130001,32.70314288120003,32.522791055900036
2026-02-12,12.94746110372373,77.65613866322879,30.457298659999992,31.32441615380003,30.8852176739,31.434954920600013
2026-02-12,12.977051905338351,77.50191380059617,30.08815249999998,31.76703265370002,31.372627325900012,30.449420123900023
2026-02-12,12.811324307269324,77.60602477019275,31.76298230000004,34.336631729300045,33.56771395010005,33.6785774288
2026-02-12,13.123294437381972,77.4570848781436,35.26303478,34.29286398320003,34.232347939100045,34.04642474119999
2026-02-12,13.055469060161435,77.49668006642001,29.496835040000008,33.29914302860003,31.720086149000025,31.063655408000027
2026-02-12,13.05202019706494,77.54241253049896,29.84547308000004,30.096031036100012,29.31012569750007,28.89745105280006
2026-02-12,12.905032084748946,77.49348372962456,30.323995879999984,33.78198962390001,34.02825796490001,32.543401716500036
2026-02-12,12.827099638767846,77.52971996613346,29.216557400000056,31.139227830200024,32.02254673880003,28.821468468200028
2026-02-12,13.070577702906856,77.61802044431077,30.091570520000005,31.800734330900003,31.24776705530002,29.692123612700026
2026-02-12,12.995938359454762,77.62738236362824,31.19559098000002,32.99384548220003,32.39218851170002,30.383896680500033
2026-02-12,12.909291293223603,77.58573277494526,29.117434820000028,32.74395404000001,31.80066597050001,30.706233056600013
2026-02-12,13.02240324253577,77.59190346066437,30.27614360000001,32.817732001700044,32.46159140780005,30.669745693100023
2026-02-12,12.972558788002138,77.45530589623792,36.44908772000002,34.119792540500036,33.666238376600056,33.82676568590002
2026-02-12,12.896687053955445,77.48908268715468,35.84068016000003,34.272407133499996,35.7852740558,33.61924060160002
2026-02-12,13.149111847737544,77.61421465489164,31.380164060000027,32.737835784199994,33.10024844480002,33.0644275952
2026-02-12,13.12243823442297,77.59835298680551,36.81823387999998,34.74717011150004,33.46989021770005,33.91199401460003
2026-02-12,12.83356500024748,77.6179149299017,30.720486199999986,34.32471992960002,32.63977279040003,32.53919755190003
2026-02-12,12.82730946698262,77.52914908121491,32.32011956000002,38.29659589040001,37.90446354590001,34.65396070610002
2026-02-12,12.83716317211127,77.50501322694241,31.961227460000032,34.563912969200025,34.915490506400026,32.16782967890003
2026-02-12,12.882216253131622,77.74780167179689,33.39679586,34.14079627340002,33.09927430910002,33.038655724400016
2026-02-12,13.132362442365553,77.6772653804868,36.753291500000046,33.35424151100006,33.17469292040004,33.07230613130003
2026-02-12,13.034647252747902,77.49586196369548,30.402610340000024,31.44748196390001,31.350376015700025,30.439524956000003
2026-02-12,13.026471229890287,77.57030808786527,27.62376008000001,31.81158654440001,31.079258669300025,29.319491072300043
2026-02-12,12.844985104548297,77.4856422017531,32.32353757999999,35.542030662500025,36.33164455280003,32.61765820100005
2026-02-12,13.120108187517754,77.59523122120426,33.87873668000003,34.264118435000036,34.038306943700015,33.742186780999994
2026-02-12,13.036738217970727,77.5324017850519,27.57590779999998,33.2958446393,32.031450680900036,32.369697940100025
2026-02-12,13.03740175748558,77.7197482469532,31.06570622000004,32.73255494330003,31.962919379900036,31.538264575100015
2026-02-12,13.143744510263993,77.58083211642753,32.091112220000014,34.237269887900034,33.95359131800002,34.0119881897
2026-02-12,12.84622376826138,77.4545280560634,37.512091940000005,37.79599268120001,37.47415191800005,34.81693189970005
2026-02-12,12.849484013159334,77.510438329412,29.319098000000054,34.41093948410002,34.08501418700001,30.750257154200003
2026-02-12,13.085526712948296,77.68296196846971,35.39975558000003,34.697625911600056,33.18065736530004,33.95331787640004
2026-02-12,13.142015877292332,77.51388534486544,33.249821,33.498037612400076,33.126447568100026,33.334314454400044
2026-02-12,13.009020550564482,77.49201043570419,31.03152602,31.853388929000026,31.781063625800027,30.55782262820003
2026-02-12,13.145272420747594,77.59977216405105,33.96418718000001,33.30230469710004,32.61706004750005,32.40685181750004
2026-02-12,13.003909379083076,77.48555470418464,30.81277274000001,32.736947099,31.75570191740001,30.863188535000052
2026-02-12,12.815548879644506,77.51369051218873,35.35532132000003,38.13868336640002,37.832702216,34.728986245100025
2026-02-12,13.019207650411838,77.73113049703,24.01774898000002,25.786899041900014,25.019194659800014,25.118419780400046
2026-02-12,13.108545882695422,77.6562212171051,31.858686860000034,32.685437537600045,32.83225858670001,31.93169576720003
2026-02-12,12.97494534986229,77.72467762065534,31.496376740000017,32.564781431600025,31.681582153700013,30.717888504800023
2026-02-12,12.824255237760063,77.70545876963307,31.90312112000004,33.40587070310004,32.68783015160004,31.928517008600032
2026-02-12,12.897453051225591,77.49056670281031,31.927047259999995,32.35059120830003,32.23677114230002,31.509997549700024
2026-02-12,12.871952901714248,77.7329510142444,33.82063033999998,33.398590320500084,31.917083731700032,30.74883867590004
2026-02-12,13.035597390533209,77.65593971078881,29.45581880000003,32.61459907310003,32.068587468200015,31.45616373470007
2026-02-12,12.985794084188145,77.68297131314459,29.237065519999987,29.75181933200003,30.28720089470003,29.939759161700003
2026-02-12,13.127321337563735,77.62470082684602,27.70237454000005,32.173862484199994,31.64270217620003,29.41090601720006
2026-02-12,13.125311696528412,77.68789053042792,37.98719672000004,34.981236121100025,33.28189911770006,34.045758227300055
2026-02-12,12.819194944442511,77.60765693757942,33.465156260000015,34.35413199170006,33.02790605149999,33.19292805710004
2026-02-12,13.098388990007589,77.57316630103816,29.500253059999977,32.27843680610004,31.58408313320002,29.55844485050005
2026-02-12,12.897632100496264,77.5136532507483,33.91291688000001,33.32985393830004,32.85445862660001,32.124472095200026
2026-02-12,13.016897845053766,77.57863616834045,27.09054895999998,29.95261091690003,29.569040712500044,29.483726933300055
2026-02-12,13.029839810190252,77.50543460225408,31.27078742000004,33.413321986700026,32.45263619540005,31.93762603190005
2026-02-12,13.031656348956208,77.50700640472304,30.334249940000007,32.698494374000006,32.09106094970002,30.974906518700028
2026-02-12,12.84763854300028,77.52884362138683,29.72242435999999,34.94845730930002,34.0482362918,31.41666851360002
2026-02-12,13.061644644650514,77.74997345140952,33.902662820000046,33.17147998160003,32.67265414280006,32.26370513990006
2026-02-12,13.10667110463,77.46079535039173,30.631617679999977,32.04396063409998,31.941676385599987,31.44399558350002
2026-02-12,12.943412467544327,77.57159506912026,29.78394872000001,32.94307079510001,31.974403927100038,31.14110774120003
2026-02-12,13.070709903533274,77.64152969706315,30.94949354000005,32.69591376890001,31.51938001460003,30.76044285380002
2026-02-12,13.13170368166599,77.66154459299509,35.58432865999998,32.71003019150001,32.229183137900044,31.823310353000057
2026-02-12,12.907920651066558,77.60078220589718,31.36649197999997,33.17831602160002,32.67014189810002,31.00301973320003
2026-02-12,12.96185231796511,77.66904252510172,31.014435919999983,31.54311816349998,31.03077405560001,30.070344615799996
2026-02-12,13.013823798987069,77.69170252261551,28.990968080000016,32.77567326560003,31.997578102700032,31.186584497300036
2026-02-12,13.060714410742497,77.4724692023777,32.856748700000026,32.590416581599996,32.41327769510001,32.56343131370002
2026-02-12,13.135026630379013,77.60538611489855,36.08335957999998,33.281420594900034,32.71161957080001,32.27749685060006
2026-02-12,12.864743564194509,77.63224226008343,31.14090266000005,32.511255238400025,31.930362739400056,30.235793873900025
2026-02-12,12.852496823255423,77.50868071893916,29.45581880000003,31.0730720531,31.06900460930002,30.778148197400014
2026-02-12,12.816213245545658,77.69099330239976,32.49102056000004,33.05078969539999,32.604652634900035,31.178791411700036
2026-02-12,13.063483562833754,77.54704527846859,29.989029920000007,33.507351716900025,32.287323658100014,31.226831682800025
2026-02-12,13.091444151878564,77.51529719177262,34.23421076,34.287412241300004,32.91649568960002,33.152646691400015
2026-02-12,13.062469041449326,77.73833646659811,29.45923682,33.07962069409998,32.16090818840003,32.243026118900026
2026-02-12,13.092813383696887,77.55573124456458,33.08233802000001,34.1598346448,32.57375373410004,32.545537979000024
2026-02-12,13.132238793540823,77.70896329243958,34.17610442,33.92769981650006,33.47740986170002,33.81950239340001
2026-02-12,12.988880768338303,77.50288475183744,31.75614626000004,32.775741626000034,31.965209453300044,30.912886545800042
2026-02-12,13.043442774288607,77.54423262867438,28.943115799999987,32.607882663800005,31.873879958899998,31.143124373
2026-02-12,12.882786944475694,77.65339662875803,30.63845372000003,32.91651277970002,32.323759751300024,31.852466063600026
2026-02-12,13.097633296927889,77.74376067095746,36.12437582000001,34.192613456600036,34.22925463100005,34.43471181320002
2026-02-12,12.849395725865104,77.58151576137365,33.85139251999999,33.11110065830003,31.82912098700002,30.62392713500003
2026-02-12,12.9336208141643,77.62630994032848,30.19411112,33.014165611100026,32.14263887150002,31.36109150840004
2026-02-12,12.822863849815343,77.47531263148174,36.88317626000003,37.0057977275,37.37255127350004,34.695318748100014
2026-02-12,12.806529026347132,77.71912200216002,31.923629240000025,33.37825310150004,32.76678641360002,32.310104761400034
2026-02-12,13.083703769707585,77.50788037337445,25.097843300000022,26.13078603410002,25.48558348880002,25.585594754000027
2026-02-12,12.902568877785544,77.64568507394952,28.652584100000013,32.80701650900003,31.979257515500002,31.284391139600043
2026-02-12,12.91848053865447,77.73142545312747,31.57157318000003,29.916858427700006,30.068208353300005,29.857162708400015
2026-02-12,13.00540442481073,77.64447389189634,29.61988376,33.45919181510004,31.87646056400001,31.20625520240006
2026-02-12,12.888015745650588,77.50355721529392,30.20094716000005,33.30989270150005,32.86208081120004,32.32651125740005
2026-02-12,13.009493125309348,77.54101497534423,29.883071299999983,32.79368623100002,32.117533514600034,30.254627164100025
2026-02-12,12.99327177658432,77.57216724639488,29.32593404,32.68690728620004,32.09290668050005,31.60108778270004
2026-02-12,13.07062550430453,77.51364871679259,30.84695294000005,31.647213962600016,31.35816910130001,30.63650544860003
2026-02-12,13.003453208821163,77.62678481105273,32.68584770000001,33.404759846600044,31.88180976530002,30.50315139830004
2026-02-12,12.979986148391507,77.56209002543412,32.42607817999999,34.47783013550003,33.08748214010004,33.66721251230002
2026-02-12,13.11962933728167,77.49723111522296,34.429037900000026,34.0816645274,32.70281816930002,32.209204811000035
2026-02-12,12.872238662592812,77.49317390028291,36.025253239999984,34.419638345000024,34.92512932280001,34.2838575005
2026-02-12,12.940077098125228,77.47881561324229,32.220996979999995,33.125798144300035,31.787113521200034,30.629242156100034
2026-02-12,12.870141129712186,77.5046711037075,29.54468731999998,32.53519846850002,32.05525719020001,30.320646220400032
2026-02-12,13.125592952195776,77.56566435043558,32.81573246000005,34.26182836160003,32.97632812970001,33.27969449480001
2026-02-12,12.898995764459247,77.49615926824872,31.103304439999988,32.92165689980001,32.80294906520005,31.86309610580003
2026-02-12,13.094116640003133,77.64790660754691,34.825528220000024,34.080946743200045,33.59259713570003,33.624641073200024
2026-02-12,12.932717955860616,77.46609215444767,36.2918588,34.36187380700004,34.48922923220002,33.37546741520002
2026-02-12,13.013411081744511,77.45354981622188,25.59345619999999,26.480774192,25.576742082200006,25.40806279520003
2026-02-12,12.96383409465797,77.7360745220257,30.70681411999999,32.523013227200025,31.911631989800007,31.417950271100025
2026-02-12,13.109765674932172,77.72374129788273,29.68140812000001,33.41248457180004,32.0468659511,31.57670021000003
2026-02-12,12.943904102529777,77.57311110918016,29.384040379999988,30.59022545780002,29.988876109100033,29.817958019000024
2026-02-12,13.141553290373004,77.7478375563872,27.162327380000026,28.329256498100012,29.061755274200042,28.501148723900027
2026-02-12,13.076036221469774,77.51098333080695,31.137484640000025,31.948751687000005,31.698005739800024,31.157975669900026
2026-02-12,13.005149271550884,77.6292410066741,31.448524460000044,29.848856919800017,30.184814105600015,30.02874731239998
2026-02-12,12.944746924353492,77.5939315588925,31.674113780000027,33.34039853000001,32.47601545220002,31.31100042530003
2026-02-12,13.069219975225144,77.49819092592568,29.61304772000005,32.44470638900002,31.532556481700002,30.725715770600033
2026-02-12,13.063123336426946,77.70633767401186,31.86894092,30.02830296980005,30.273460454300015,30.20378411660001
2026-02-12,13.140883396398523,77.50104188912584,34.630701079999994,34.46200470290003,33.62183829680001,33.7848949409
2026-02-12,13.10462126409531,77.59618553326405,29.025148280000053,32.37742266530003,31.711011305900023,30.529487242400034
2026-02-12,12.930873799085337,77.52784383894331,32.19365282000001,34.46070585530006,34.14556441130002,33.5914179188
2026-02-12,12.803509437039116,77.57681848463307,32.80547840000003,34.304075088800026,33.66570858350003,33.537567013700006
2026-02-12,12.856058125581535,77.52297441240239,28.76879678,33.156594504500035,31.85270532500006,30.065679018500028
2026-02-12,13.079181935145437,77.56417244478317,35.49546013999998,33.941166815300036,33.09436945040004,32.9119326329
2026-02-12,12.882882989577489,77.5912977265096,30.925567399999977,32.13378619970003,31.520302880000003,30.825453594200013
2026-02-12,12.900820584081144,77.6548250693004,29.09692670000004,32.44752625550003,31.571726990900014,30.383110535900002
2026-02-12,12.896082230073269,77.74191168173829,33.38654180000003,34.291530955400034,33.75919143050004,33.87793344529999
2026-02-12,12.809871283166888,77.5539185893618,35.73130351999998,34.18468365020003,33.095480306900015,33.20184908930003
2026-02-12,13.040087248836222,77.51525699899535,30.14284082000006,32.826020700200026,31.509843738800004,30.245022527900005
2026-02-12,13.110896617741243,77.571747911052,29.435310680000043,32.07896115890001,31.895362214600013,31.661774727800022
2026-02-12,12.924593570813949,77.58376466298695,30.01637407999999,31.501845572000025,31.48991668220003,29.322396389300053
2026-02-12,12.809930134555223,77.54859757111797,34.545250580000015,36.516217632800014,36.64919570089999,32.792336113100056
2026-02-12,12.976836317479284,77.63755477136509,29.51734316,32.888211574100026,31.534504753100027,30.88672160270002
2026-02-12,13.130834298942348,77.56071296944994,33.96418718000001,34.294880615,33.04132178000006,32.73438358399999
2026-02-12,13.014803837606683,77.45151782478939,35.184420320000015,34.10793201110004,33.870926504300044,33.68860931750001
2026-02-12,12.92250101628298,77.54541500404689,29.876235260000044,33.8859828824,32.16304445090003,31.561250759600025
2026-02-12,12.824703783699311,77.69166513892925,30.23170934000001,33.43663288310003,32.20889718920002,32.092650329
2026-02-12,13.130667887843664,77.4841109528993,31.944137360000013,32.815424838200045,32.53572826160004,31.684316569700037
2026-02-12,12.854364053544336,77.50078761817544,29.39771245999998,33.67907304169999,31.89917330690002,30.501408208100035
2026-02-12,12.900916893850887,77.52981996000936,30.34792202000005,31.719522175700003,31.343351984600027,30.137183996899992
2026-02-12,13.082681918421002,77.66262830824134,31.29129554000002,33.17804258000001,32.03358694340002,31.76252086730002
2026-02-12,13.072168958480384,77.54127112693298,28.76537876000004,31.89804536030001,31.43039186390001,29.66600993990005
2026-02-12,12.979888831266884,77.6129968118833,30.043718240000032,30.940059804800054,30.201579493700038,30.250645170800052
2026-02-12,12.805967041066046,77.73934023269965,31.055452160000016,30.696491699600024,30.601487833700034,30.22991487950003
2026-02-12,12.918101302399418,77.62478210550087,30.96658364000001,33.493166933899985,32.54338462640002,32.11271410640002
2026-02-12,12.960119860232751,77.61092894976,30.58376540000006,31.992314351899996,31.924996448000012,31.34502681440003
2026-02-12,13.087864841370497,77.61564284246987,35.987655020000034,33.14599864250006,32.47114477370002,31.82406231740003
2026-02-12,12.930538604224736,77.53712462885957,30.002702,32.89311643280004,32.106903472400056,30.75617032880002
2026-02-12,12.957432175724318,77.60376218369335,28.85082926000001,30.196230292400017,29.99415695000005,29.95156842080001
2026-02-12,12.93642453139997,77.47471952055233,32.57647106000002,33.40096584440002,32.58804105770002,31.696125828800042
2026-02-12,12.871936623507352,77.5387628276301,30.775174520000007,33.605653972099994,31.92990130670003,30.914971538000017
2026-02-12,12.891872454210922,77.72523925042802,31.32547574,33.59138373860004,32.86102122500003,32.46350549900005
2026-02-12,12.88610650167931,77.68158856116433,31.21268108000004,32.987094892700036,32.634765391100046,31.755787367900055
2026-02-12,13.126372588101914,77.68711045843607,37.64197669999999,34.21284813500004,33.00873095930003,32.87797460420002
2026-02-12,12.81224733610653,77.56114873686965,26.62569824000002,31.97548060340003,31.583433709400023,31.147772880200012
2026-02-12,12.945603577904144,77.61502668867949,31.328893760000028,33.29251206980006,32.69857982450002,32.77425478730002
2026-02-12,13.023326422760992,77.73955603116096,32.58672511999998,33.232235287100025,32.82188489600002,32.68254931070002
2026-02-12,12.95656882439815,77.60000189599042,29.54468731999998,30.544902512600025,30.05875752800006,30.076958484500047
2026-02-12,12.806826104859198,77.58648407543467,30.83669888000003,33.378441092600035,32.28221371820001,31.51698740060004
2026-02-12,13.021802183823528,77.54144884695098,30.91873136000004,32.89981575200003,31.88341623470003,30.834340446200017
2026-02-12,12.985298499899748,77.51831929505309,31.09646840000005,32.74732078970002,32.1702906533,31.524626675300034
2026-02-12,12.975042533853829,77.55265353075343,31.25027929999999,32.659768207400035,32.17830591020003,31.054102042099995
2026-02-12,13.13923902456355,77.73213131053652,35.38608350000004,34.79485149050004,34.62815465510003,34.47521535020002
2026-02-12,12.955190830909034,77.48734067941584,32.00907974000006,32.84986138970007,31.893020870900028,31.09766470700004
2026-02-12,13.052192008491138,77.72707912654079,34.65804523999998,33.30488530220004,32.831797154000036,32.99461453670003
2026-02-12,13.059148172538306,77.45274047973669,30.27272558000004,29.490580063400024,29.29679541950002,29.039333063000054
2026-02-12,12.87579680620942,77.6304212650486,23.159825960000035,26.050274573000035,24.519087063500038,24.79929634310005
2026-02-12,12.89905045771681,77.45454642715212,34.54866860000004,33.75211612910005,33.13371086060003,32.759574391400044
2026-02-12,13.14221828132369,77.67897439462433,31.37332802000003,34.26160619030002,33.6855843698,32.93433775400002
2026-02-12,13.039003356422134,77.46445092306287,32.774716220000016,33.38828499020005,32.84876762330003,32.55879989660003
2026-02-12,13.141617024268529,77.55122139759226,32.911437019999994,34.00792074590006,32.66193865010004,32.48133047330001
2026-02-12,12.856780322464664,77.67085661702889,29.660900000000023,26.95411869170003,28.565510040500058,28.725336655700033
2026-02-12,13.045937075519026,77.72655764270861,32.66533958000002,34.60885993220003,33.23690088439999,33.41942315240006
2026-02-12,12.915765101336994,77.53476604799309,32.774716220000016,33.93689429029998,32.60519951810002,32.04652414910003
2026-02-12,13.141442872236253,77.69360879447383,25.14911360000002,27.120251553800035,25.14955794260005,26.187183364100044
2026-02-12,13.083920163593843,77.56684402998485,30.857207000000017,29.371239895100008,29.07337654220003,29.146436719700024
2026-02-12,12.875699381682304,77.49674909518279,32.316701540000054,34.71297282140005,33.29379382729999,32.844922350800005
2026-02-12,13.111885101589378,77.64744121041949,30.224873300000013,30.45130003490003,30.377077730600032,29.876559971900036
2026-02-12,13.046485584011466,77.53233519708158,28.447502900000018,32.38776217580001,31.654853237300014,29.782000448600055
2026-02-12,12.869864422984866,77.46995959465919,33.94026104,32.752516180100024,32.539573534100015,31.551629033300014
2026-02-12,12.915569849451842,77.55990688845327,30.99734582000002,31.68006113479999,31.076319172099996,29.62701033170002
2026-02-12,13.123520935772566,77.63739750155146,31.469032580000032,33.35777916170003,32.34366971780003,32.28081233000005
2026-02-12,13.04024577131835,77.62387246208479,31.797162500000013,33.70211049649999,32.57283086870004,32.048489510600035
2026-02-12,13.041625952466749,77.70122317824425,30.32741390000001,33.387960278300056,32.466342455600035,31.730271848600026
2026-02-12,13.140803548731528,77.6459572702278,30.317159840000045,30.81995058200002,30.758750933900032,30.478336573100027
2026-02-12,12.936367594011283,77.67135287030737,27.03927866000004,28.278071648600047,28.77132611480005,28.946892712100045
2026-02-12,12.951902164133138,77.69941359919787,32.624323340000046,32.98605239659999,32.057598533900034,32.07135606440002
2026-02-12,12.964142464970683,77.68200596299822,32.121874400000024,32.67931928180005,31.777628515700048,31.05092328350003
2026-02-12,12.949419396617394,77.62360585744933,30.02662814000001,32.99348659009998,32.046900131300006,30.617740518800023
2026-02-12,13.09180147490686,77.74564835169241,32.562798980000025,32.02464882110003,31.483473714500043,30.505082579600018
2026-02-12,12.809119413656347,77.67126630244404,31.19217296,33.619052610500034,32.50436792810002,30.916390016300014
2026-02-12,13.005275906201035,77.65457175443582,30.70339610000002,32.66672387810003,31.78535324090001,29.962694075900018
2026-02-12,13.090837370527352,77.70453216366448,33.33868952,29.686124987600024,30.473944417400027,30.464937934700014
2026-02-12,12.805820676384144,77.48231559589398,35.48862410000004,36.90501740780002,36.938787445399996,34.18487164130002
2026-02-12,13.111416468853903,77.63144407994781,31.968063500000028,33.91313905130002,32.2096833338,31.64663289920004
2026-02-12,12.863846178042143,77.74617511397655,32.98663346000001,32.46077108300003,31.95133229210001,31.38876038030001
2026-02-12,12.813202711186635,77.50112724815455,33.51984458000004,34.21901766110002,34.4561769788,31.129401022700023
2026-02-12,13.050926588554644,77.59853646394077,31.98173558000002,33.404879477300014,32.67596962220002,32.56119251060003
2026-02-12,12.96359308264338,77.61883205136449,31.01785394000001,32.25645893750003,31.419061127600038,30.295369962500036
2026-02-12,12.927904147594216,77.74895633455102,35.10580586000003,33.46122553700005,32.291749994000064,31.97831756000003
2026-02-12,13.126756038442563,77.61196074975732,33.119936240000015,33.18301579910005,32.816655325400035,32.25054576290002
2026-02-12,12.906711594233336,77.69774765958256,31.95439141999998,33.45485092970002,31.833803674400034,31.37977098770002
2026-02-12,12.966496870948909,77.52929540020352,28.98071402000005,32.840496014900026,31.938343816100005,30.410403425600013
2026-02-12,13.119061258352293,77.45326100079353,33.936843020000026,33.30375735560005,31.927953035300025,30.467022926900025
2026-02-12,13.0434428671767,77.54064402535472,29.07983660000002,29.652953103500025,28.705375418900047,28.59972442070003
2026-02-12,13.12157194027345,77.64864128917812,31.759564280000006,32.15354235530004,31.833239701100023,30.983314847900004
2026-02-12,12.830971734003668,77.48970097246372,34.09407194000005,34.72273126850001,35.49105089420004,32.51387002370002
2026-02-12,13.02024538941076,77.62530021132517,33.051575840000055,33.265253360300015,32.055188829800045,31.36845734150001
2026-02-12,12.998109930220297,77.74016442160693,33.37286972000004,32.9585031554,32.83952187920003,32.22379975640003
2026-02-12,13.078831372075696,77.45596697243612,32.91827306000005,34.50534519650003,34.37525535530004,34.41705773990006
2026-02-12,13.005166668806192,77.51103954994821,34.78109396000002,32.309079355400016,32.01837675440001,29.877021404600033
2026-02-12,12.805481871187752,77.47831067797247,35.22543656000005,35.45639217139999,35.753332658899986,33.264962828600034
2026-02-12,12.948524035630845,77.55841344767872,30.01979210000001,33.07437403340006,32.52971254640005,32.090308985300084
2026-02-12,12.961636528485306,77.65779276202917,29.88990734000004,31.82912098700003,31.541067351500047,30.211013228899983
2026-02-12,13.065972091586897,77.55755133379228,28.81664906000003,32.86652423720002,31.8607034918,29.9340852485
2026-02-12,12.847724833525216,77.54273507030864,33.57111487999998,33.97850868380001,34.77962421140003,32.00731945970005
2026-02-12,13.034478414653217,77.4824524715679,32.81573246000005,33.37141706150006,32.08964247140004,31.54021284650003
2026-02-12,13.106953398735207,77.5290815944336,35.09896981999998,34.28208013010002,32.85127986800003,32.88993767420003
2026-02-12,12.822976699842188,77.59331560253163,30.28981568000006,30.528871998800014,30.631959482000006,30.72487835570001
2026-02-12,13.062346636979251,77.46124610548314,32.60039720000003,32.92685229020001,32.53849685780005,31.49598366770005
2026-02-12,13.14652818549599,77.68011110139663,30.73415828000003,32.39430768409999,33.25029952280002,32.53924882220001
2026-02-12,12.862873603942376,77.52167265364379,31.14773869999999,33.447006573800046,32.91762363620004,32.52067188350006
2026-02-12,12.94552833136412,77.5601609617934,29.028566300000023,32.0800378352,31.70484177980001,30.162118452800023
2026-02-12,13.049072000465788,77.46697377008651,36.07310552000001,33.52852635080006,32.96099831000004,32.34556671890004
2026-02-12,13.090710806543118,77.62875783603926,32.778134239999986,34.382159755700016,33.442033354700015,33.58601744720002
2026-02-12,12.991333373300664,77.53615233773405,29.356696220000003,31.718992382600014,31.168913333900022,29.669667221300024
2026-02-12,12.921452243036796,77.57206069368358,30.06422636000002,34.14494916770001,32.50286399930002,31.104295665800024
2026-02-12,12.86674245890906,77.64073679451383,31.99540766000001,33.532713425300045,32.89109980100004,32.44000661150005
2026-02-12,12.855235396109224,77.66620134706042,31.909957159999976,33.26774851490005,32.167829678900006,30.565803704900024
2026-02-12,12.8446177072662,77.54572945259942,35.01351932,38.40559654820001,38.09182231220002,34.77007084550001
2026-02-12,13.098710653018452,77.65178455785468,24.537288020000005,26.994297516800007,24.740950741700026,24.821821094900045
2026-02-12,12.961694863616836,77.6050682680527,30.93240344000003,32.906344170200015,31.88886797660005,30.751880713700015
2026-02-12,13.141348298939633,77.60961859571734,37.97694266000002,34.538705071700036,33.762865802000036,34.33015458140001
2026-02-12,13.075320842004825,77.63028742140568,30.682887980000032,31.814696942600023,31.494479738900008,30.179294003300026
2026-02-12,13.109596020019744,77.61502155869452,31.66044169999998,32.98253183600004,32.69128235180002,32.42266016000002
2026-02-12,12.88435583367811,77.52684823571056,26.10615919999998,29.09825972780001,27.734914090399997,27.361016882600012
2026-02-12,13.008264417857866,77.69649891062123,32.37480788000005,33.95506106660003,32.42742829790001,31.759256658200012
2026-02-12,13.09557663879136,77.50160797882995,32.624323340000046,32.84981011940001,31.82031958550001,31.23773516660002
2026-02-12,12.94999321027542,77.7423038590536,23.590496480000013,26.507161306400054,24.90093116780003,25.25418353480005
2026-02-12,13.091826665267774,77.54584496705468,29.206303339999977,32.905421304800036,32.56467889100003,29.927505560000036
2026-02-12,12.973550673191191,77.53598878252436,29.86939921999999,33.02829912379999,31.553081691800035,30.086939102900015
2026-02-12,12.948304830645922,77.62646073587581,29.78394872000001,33.487595561300054,32.11797785720002,30.719700055400004
2026-02-12,12.996781751012346,77.49135600782594,32.09794826000001,31.750540707200024,31.38758116340002,30.47679846410003
2026-02-12,12.896154263540923,77.4743615801773,35.19809240000001,34.13554961270007,34.09728487880003,33.055267301600026
2026-02-12,12.873510749606796,77.63735637832809,32.82256849999999,32.843726043800004,32.04086732600003,31.309889568800017
2026-02-12,13.118747240397292,77.65257320097115,35.396337560000006,33.891349173799995,32.29846640330002,32.49802750100002
2026-02-12,13.13363304782358,77.56675879095319,27.68870246000006,29.984637764300015,29.996549564000016,29.862734081000017
2026-02-12,12.856008060263298,77.5940827574648,29.872817240000018,33.454081875200025,32.45748978380002,30.49869088220004
2026-02-12,12.812173352861093,77.63597611334117,34.7195696,34.9701446462,33.287829382400034,33.69050631860004
2026-02-12,13.09868644745614,77.51973930930541,36.1893182,34.216471236200015,33.159670722500024,32.63722636550001
2026-02-12,12.944381876589746,77.45563125825697,35.78599184000001,34.47743706319999,35.245688328500016,33.847820689100026
2026-02-12,12.94377088927578,77.47814135613507,33.66681944000004,33.40246977320002,32.37311596010004,31.68993921260002
2026-02-12,13.128984444811271,77.51606031110633,32.34404570000004,32.423480484800024,31.508425260500026,30.86964859280002
2026-02-12,12.831910121030935,77.68621307381763,31.578409220000022,33.519297696800045,32.37742266530003,31.113917392100024
2026-02-12,12.860335084071655,77.49337878160877,28.06810268000004,33.911959834400015,32.20749580100002,31.6591941227
2026-02-12,12.94583494242971,77.74925807721858,30.224873300000013,33.14256353240005,31.780328751500022,30.723750409100017
2026-02-12,12.862358535348822,77.64445081782613,32.26543124,32.085592117699996,31.28107566020003,29.686432609400043
2026-02-12,13.111399723114298,77.60807976947648,30.887969180000027,32.645993586800024,32.39502546830004,31.992724514300054
2026-02-12,12.945866305509762,77.73523689709045,22.58901662000005,26.021443574300033,24.95042409740004,25.197666574100055
2026-02-12,12.952770389455956,77.69219092283747,31.927047259999995,31.657297121600003,30.9485706746,29.798048052500018
2026-02-12,12.860887864386596,77.70937707854837,34.497398299999986,34.41051223160002,32.965099934000015,33.19094560550004
2026-02-12,12.88413767010158,77.57958287140572,28.93286174000002,32.84365768340004,32.03922667640002,30.63672761990001
2026-02-12,13.114878652165329,77.4631345710551,36.13121186000001,34.77101080100001,34.379186078300016,34.40613716600003
2026-02-12,12.923289413633196,77.61200674700892,30.28981568000006,32.8586627912,32.01685573550003,31.19687273750003
2026-02-12,12.931672743535628,77.69895618401884,33.37628774000001,33.34142393600003,33.823125494600056,32.98823992940004
2026-02-12,12.941926471309062,77.67743741042771,31.66044169999998,31.836042477499984,31.582955186600017,30.34298298110004
2026-02-12,12.977056943186488,77.51884866330273,30.713650160000043,29.35249205540002,30.082085514500005,29.914380363200006
2026-02-12,12.890862852131486,77.66541831776016,31.780072399999995,32.64812984930005,32.17476825950001,31.75019890520001
2026-02-12,13.057918500972203,77.5858467428194,28.36547042000001,29.792288688800028,29.441599836800027,29.331129430400033
2026-02-12,13.054992955083168,77.57438404389552,27.521219480000013,29.874799691600014,29.89395769370002,29.702685294500025
2026-02-12,12.927038489537964,77.659928727587,27.99974228000002,33.79388433350002,31.99108386470004,30.827162604200026
2026-02-12,12.826241050792497,77.4954709044511,35.73813956000004,36.86837623340002,36.72516119540001,33.052276534100045
2026-02-12,13.072919993137337,77.5344626215095,31.39383614000002,32.82434587040001,32.42592436910006,31.92012576950003
2026-02-12,12.98117621520444,77.5424551297874,29.61304772000005,33.15538110740001,31.68597430940003,30.885012592700026
2026-02-12,12.93837070604474,77.61699239539858,28.44408487999999,29.916550805900034,30.249841936100047,30.007658129000024
2026-02-12,12.847534021281655,77.5587112108702,30.43679054000006,32.81010981710003,32.28045343790004,31.903770543800032
2026-02-12,12.980971948664909,77.70291310339618,32.78838830000001,33.300356425699995,32.43381999530005,32.59703045030004
2026-02-12,13.0932813584934,77.5022947706609,31.85185081999998,33.00773973350004,31.569163475900012,30.850268419400017
2026-02-12,13.05837393029229,77.6646204080436,29.356696220000003,31.971737871499997,31.644274465400017,31.128837049400023
2026-02-12,12.800745217241404,77.49988710101344,34.89730664000001,36.932293207400015,36.89189221100001,33.556485754399986
2026-02-12,13.10300647482017,77.52609120773974,30.658961840000018,34.270851934400014,33.38919076550005,33.13046374160002
2026-02-12,12.812076934036837,77.72545265501981,32.82940454000004,34.68932012300001,33.23809719140001,33.126601379000014
2026-02-12,12.813204646462344,77.6439681066381,35.88169640000001,33.38529422270003,31.75424925890003,29.933367464300005
2026-02-12,13.051055335120823,77.5787708145701,29.24390156000004,31.077412938499975,30.994799395100017,30.210859417999995
2026-02-12,13.072715914434262,77.50045822900029,32.11503836000003,33.99248838560003,32.61289006310003,31.939112870600038
2026-02-12,12.887878740976532,77.55320479935742,30.682887980000032,32.6295529106,32.21181959630002,31.890594076700037
2026-02-12,12.947934879079346,77.70921098023506,31.482704660000024,32.604191202200006,32.413311875300025,31.072798611500005
2026-02-12,13.12098637781678,77.55388833090056,34.60677494000004,34.54319976800004,33.175325254100024,33.58606871750003
2026-02-12,12.800180160682292,77.62637446714707,35.88169640000001,33.850777276400045,32.979370167500036,33.42128597330003
2026-02-12,12.956108875161766,77.62944622876962,28.87133738,33.28124969389999,31.061519145500032,29.516283573800035
2026-02-12,13.033890861451647,77.73338678909178,33.198550700000055,32.65141114850003,32.283051133100045,30.828683623100005
2026-02-12,13.065692433278786,77.72483787619444,30.224873300000013,33.146220813800014,31.625594986100023,30.47285065100004
2026-02-12,12.85246797277601,77.63716442919338,30.05397230000005,33.25067550500001,32.72136092780001,32.48556881810001
2026-02-12,12.948046494156138,77.55969073232859,29.578867520000017,32.02733196680004,31.758367973000013,29.960318552000032
2026-02-12,12.924995254584596,77.62852870594236,29.75318654,33.02660720390005,32.02699016480003,30.69476559950001
2026-02-12,13.086859151742772,77.4545088696644,31.17850088,30.20094716000001,29.77832607710005,29.398737866000033
2026-02-12,13.078541411384837,77.49275311589628,30.62136362000001,32.87968361420002,31.996193804600015,31.72022286980007
2026-02-12,13.018153555077769,77.74502441607551,30.22829132000004,29.92089169130002,30.430757734700013,29.971683468500018
2026-02-12,12.977725048436488,77.69072131778306,32.80206038000006,31.796649797,31.864719665300004,31.485370715600038
2026-02-12,12.881357119301622,77.70047382423634,33.495918440000025,34.05037255430002,32.79001185950005,33.626708975300005
2026-02-12,12.896724359111362,77.56186523090783,29.18237720000002,29.759954219600004,30.07184854460003,30.171227476100007
2026-02-12,13.04911104056871,77.53242321423873,29.81129288,33.32923869470003,31.981633039400013,31.326210614300017
2026-02-12,13.091845804471758,77.51668575361353,36.168810080000014,34.01588473249999,33.361778245100034,33.735179840000015
2026-02-12,12.898560049226008,77.60017037893375,30.81960878000001,32.367920569700004,31.62689383370004,30.147027894500017
2026-02-12,12.868897343468085,77.62748023671939,32.06376806000003,32.911864272500026,32.23116558950002,31.13659595480002
2026-02-12,13.00771874968786,77.61789076391004,32.34404570000004,32.81545901840004,32.337192569900054,31.531343084600053
2026-02-12,12.855279377175638,77.52896307613182,33.755687960000046,34.74488003810003,33.2470011335,33.1829645288
2026-02-12,13.087496086996673,77.54965638884617,31.646769619999983,32.249639987600034,31.60424945120003,30.729646493600036
2026-02-12,13.08082315404216,77.60173258969698,29.36011424000003,33.15498803510005,32.66909940200001,32.29814169140002
2026-02-12,13.036522637324657,77.50776298703171,31.51346683999997,31.84400646410004,31.79345394830002,30.5931478649
2026-02-12,13.017220601584352,77.66778836375977,29.54468731999998,31.647265232900008,31.206545734100004,30.036284046500015
2026-02-12,12.89698294154776,77.6125299031791,29.319098000000054,32.07610711220002,31.76475967040001,30.875989019900025
2026-02-12,12.8187608499898,77.73078223151882,30.28639766000004,32.55827010350001,31.999013671100016,30.645153039200036
2026-02-12,12.88931668576357,77.64503614352313,33.60529508000002,34.29067645040002,32.38166101010001,32.898243462800025
2026-02-12,12.91468193379118,77.65227174336661,28.799558960000013,30.606683224100024,30.17100530480003,30.214260347900037
2026-02-12,12.996955373657968,77.50457875217701,31.03152602,32.650539553400044,32.45296090730003,30.637701755600034
2026-02-12,13.09065868203305,77.49281886423778,33.677073500000006,33.00392864120003,32.58180317120004,31.884390370400027
2026-02-12,12.947079357556772,77.67739451937565,29.773694660000046,31.87336725590001,31.66119366440002,31.177714735400045
2026-02-12,12.893893199629051,77.52391255556283,31.37332802000003,33.15329611520003,32.35012977560002,31.661125304000052
2026-02-12,12.867258050623231,77.57258868430799,28.912353619999976,33.48007591730004,32.06426367290002,30.40578909860003
2026-02-12,12.974415111056375,77.50272503132899,30.68972402000003,32.20370179880002,31.921134085400013,31.557183315800042
2026-02-12,13.149201328850932,77.73311348719301,33.16437050000002,31.177031131400017,30.196896806300018,30.32261158190001
2026-02-12,12.980224547458215,77.5178935023692,29.448982760000035,31.68221448739999,31.74476425340003,30.58595293280004
2026-02-12,13.036480392538923,77.70073476600263,31.71171200000004,32.78384233340001,32.59949142470004,32.03112596900003
2026-02-12,13.10239535147509,77.47228349837555,29.86939921999999,30.689330947700014,30.791956998200007,30.94433232980002
2026-02-12,13.09123567340635,77.57664883720732,30.89822324,32.76545338579999,32.86127757650003,32.615692839500014
2026-02-12,12.867766886516582,77.48443211393858,36.57213644000001,34.765029265999985,36.051486543500026,34.57917442850003
2026-02-12,13.11952596881716,77.49910294945467,35.24252666000001,34.51129255130004,33.772265356999995,34.00568194280003
2026-02-12,13.105512117926809,77.53744172882995,33.80012222000005,34.35069688160004,32.21954432150002,31.702397895500027
2026-02-12,13.125629026060698,77.72721170166739,32.890928900000006,33.49520065580002,31.681770144800012,31.03849878080001
2026-02-12,13.029316693583676,77.53628942868801,32.774716220000016,32.12132751680005,31.48535362550004,30.500929685300044
2026-02-12,12.949306852419731,77.57979788028861,29.814710900000023,33.88292375450003,32.73393924140002,32.435853717200054
2026-02-12,12.99324559763163,77.47430016714983,31.199009000000046,32.39654648720002,31.31250435410001,30.56460739790002
2026-02-12,12.94831809930737,77.52530303560556,33.22247684000001,33.43447953049999,33.205882352900005,33.05880495230004
2026-02-12,12.995275871314742,77.4851657035177,30.470970739999984,31.443243619100016,31.656117904700015,30.838459160300008
2026-02-12,13.09384089485047,77.61917216913866,32.04667796000001,32.594518205600004,31.66625233400003,31.100587114100016
2026-02-12,12.888901941856988,77.7231433142682,28.04075852000005,29.804713191500003,29.67055590650002,29.785862811200012
2026-02-12,13.006491206307857,77.4885178187941,29.78736674000004,32.86411453310004,32.26999429670005,31.466246893700053
2026-02-12,12.8922024966937,77.64682570116156,32.49443858000001,33.10243597760004,32.85864570110005,32.415858300200064
2026-02-12,12.946655032100104,77.45014924390466,38.12733553999999,33.41650074530002,33.42957467180003,32.52316703810005
2026-02-12,13.073884869033463,77.5599656549244,27.77073494000001,31.788959251999994,31.0188109856,30.721750867400004
2026-02-12,13.107057319517338,77.62943237637059,34.24446482000002,32.73385379090004,32.83805213060002,32.591476167800025
2026-02-12,12.930373664518273,77.50016830175657,30.488060840000003,33.49287640220003,32.38965917690004,31.748746246700016
2026-02-12,13.127251760141188,77.5944293303663,36.753291500000046,33.36793068110005,32.63837140220002,32.531250655400065
2026-02-12,12.937720309427842,77.6751194657857,31.058870179999985,31.543972668500036,32.239778999900025,31.240435402400024
2026-02-12,12.808393843903302,77.7135874765538,32.35088173999998,34.06995780890003,32.534309783300024,32.070604100000025
2026-02-12,13.134424460581874,77.64407089320098,34.99642921999998,34.09350796670002,33.084935715200025,32.352693290600044
2026-02-12,12.93948213453458,77.66167374585014,30.484642819999976,33.26807322680004,32.376021277100016,32.0585043092
2026-02-12,13.135021289502252,77.50190819150178,32.08085816000005,33.09681333470004,32.477878273099996,31.889363589499993
2026-02-12,13.134755522425392,77.58558743382773,31.708293980000008,33.563629416200044,32.482971122900025,31.84267343630004
2026-02-12,12.991300374025665,77.64093731146835,30.860625020000043,33.99884590280004,32.202078239300015,31.40952485180003
2026-02-12,12.862853528945864,77.5069627032103,34.24104680000005,33.84059157680002,32.74123671410001,32.08690805540004
2026-02-12,13.049062101103075,77.66246067084472,29.25415562000001,32.241761451500025,31.907462005400003,31.69728795560003
2026-02-12,12.941127228807543,77.52415117309648,31.98173558000002,32.91957190760004,32.171914212800026,31.29184242320001
2026-02-12,12.874706116563,77.45434269704005,33.91975292000001,32.767948540400035,32.822312148500025,31.899190397000034
2026-02-12,12.972536144102415,77.6052859988471,29.155033040000035,29.073581623400024,29.586096632300027,29.630240360600027
2026-02-12,12.809182055775915,77.49321032602911,34.282063040000025,34.411605998000034,34.937280383900024,31.803571287500002
2026-02-12,12.924919588393804,77.5222261220834,29.41480256,32.94929159150006,31.914947469200033,30.812106226100056
2026-02-12,12.80004240771065,77.55699876979152,34.66488128000003,34.04100717950003,34.08421095230003,33.927546005600036
2026-02-12,13.06957834124236,77.55600932176701,30.03346418000001,33.009705095000044,31.290047962700005,30.247192970600036
2026-02-12,12.88514283527248,77.72031341993366,32.11845638,32.41285044260002,32.52444879560005,32.06361424910004
2026-02-12,12.942675251064395,77.45953736767972,35.314305080000054,34.1966638103,35.55672814850002,34.02304548440001
2026-02-12,13.141598922575165,77.62201312215477,31.496376740000017,30.433953583400008,30.620594565499996,30.0308152145
2026-02-12,12.909388876940884,77.66824197289343,29.78736674000004,32.797531503500025,32.03122850960001,32.37872151290003
2026-02-12,13.072690339956257,77.60916292312838,33.01397761999999,32.443373361200024,32.198557678700034,31.420018173200027
2026-02-12,12.854562261773337,77.74174213248638,31.229771180000057,30.434585917100026,29.510524210100037,29.29279633610005
2026-02-12,12.90253400660196,77.5382055414457,30.84695294000005,32.104579218800026,31.646444908100037,30.77156850890003
2026-02-12,13.110541608806187,77.60139194790888,29.96510378000005,32.632612038500014,32.7539517485,32.742740642900024
2026-02-12,12.97717073868411,77.70657657790353,32.74053602000004,33.20243015270004,32.108851743800045,31.258738899500045
2026-02-12,12.93651941253843,77.47731081953059,33.98127728000003,33.088165744100046,32.40025503890005,31.03716575300004
2026-02-12,13.035780767971964,77.67251754661834,32.24150510000004,32.79346405970004,32.217442239200054,31.57461521780005
2026-02-12,13.03780622315414,77.66749527510088,30.843534920000025,32.73826303670003,31.884168199100063,31.579947329000035
2026-02-12,12.93993130558964,77.7329798124481,32.90118296000003,33.60457729580001,32.90567765630003,32.4127649921
2026-02-12,12.821783914819768,77.59391999238277,30.922149380000008,32.924374225700014,32.10715982390004,30.04623048470005
2026-02-12,12.816713270918513,77.68766128429107,34.740077720000045,33.3581038736,32.53955644400003,32.679609813500015
2026-02-12,13.11640798452198,77.74774105887461,34.98275713999999,32.89057000790005,32.516689890200034,32.33960227400002
2026-02-12,13.058490726056917,77.66802907912559,30.18385706000004,33.200191349600054,31.825207354100048,31.099339536800034
2026-02-12,12.851389427384037,77.68896233469702,33.56769686000001,33.42801947270005,32.72920528370006,32.380533063500074
2026-02-12,12.94123157044487,77.53375563588806,34.44270998000002,33.26412541370003,32.77642523000003,31.98617900600004
2026-02-12,13.021427569780696,77.60055336551815,29.53785128000004,32.02905806690003,31.967721698000034,30.492709347200044
2026-02-12,13.03361757177423,77.59707867598048,29.68824416000001,31.969550338700017,31.215876928700016,29.721877476800014
2026-02-12,12.965008790883369,77.71474156997776,29.486580979999985,33.345388839200034,32.305558794800014,30.642623704400034
2026-02-12,12.99622198344824,77.7411806522078,33.88557272000003,34.1030442425,33.91566838610006,33.825518108600015
2026-02-12,13.067803433703434,77.56168765514809,25.815627500000005,27.56548283900003,27.620906033300034,27.515357575700033
2026-02-12,12.984951702529749,77.49868445136227,31.19217296,32.79177213980001,32.19825005690004,31.270343077400018
2026-02-12,12.959972333239104,77.64813014418843,28.943115799999987,30.36231188420001,30.71576933240002,30.739490391199997
2026-02-12,12.856622760121502,77.4973985354855,29.025148280000053,34.173933977300045,32.28376891730004,31.21368939590001
2026-02-12,13.035093507963165,77.46035588576778,32.415824120000025,33.60009968960003,32.209973865500025,31.81760225960001
2026-02-12,13.142052299686474,77.72746075058801,34.91097872,34.41447713480002,33.60758515340004,33.32710243219999
2026-02-12,12.915412682654775,77.45846681895877,36.233752460000005,34.20054326300001,36.18270433130001,33.65422403630003
2026-02-12,13.126143637086903,77.60067841403108,32.3098655,32.75376375740003,32.10316074050002,31.602403720400005
2026-02-12,13.103829213701598,77.63979618077126,33.058411879999994,34.810882004300055,32.76230880740002,33.485510569100036
2026-02-12,12.950877314814033,77.6637714878645,35.45102588000003,33.27752405210003,32.33044198040004,32.708064830000055
2026-02-12,13.02614444690281,77.62506852183246,29.94801368000003,32.48280022190004,31.597345050800012,30.362448604999983
2026-02-12,12.884451120882098,77.49047709522495,35.57065657999999,34.269313825400054,34.39396901480006,33.835293645800014
2026-02-12,12.801903158273946,77.5501340797604,35.39291953999998,34.54895913170001,33.8119998395,33.222528110300026
2026-02-12,12.915060122685311,77.65059820882269,29.33277008000005,32.046729230299995,31.125282308600006,29.901135535700032
2026-02-12,12.920753150289668,77.49953388189678,29.57544949999999,30.265616098400013,30.45336793700002,30.517319091200008
2026-02-12,12.820754078534026,77.49118852654021,36.03208928000004,36.585261636800034,36.99839771420003,32.96130593180003
2026-02-12,12.973456101420302,77.66903249445217,31.09646840000005,29.467918590800018,30.145882857800032,29.934409960400007
2026-02-12,13.028579865774342,77.45424791179481,33.71125370000004,33.78439932800006,33.08305580420001,33.121542709400025
2026-02-12,12.93473795436252,77.71520406944741,31.821088640000028,34.22563152980001,32.61649607420003,33.60869600990003
2026-02-12,13.02700595423924,77.65321858364054,31.694621900000016,33.169753881500064,32.74325334590003,33.014900485400034
2026-02-12,12.932545728193029,77.60431779388311,29.45923682,30.459400742300026,30.661713346100004,30.2950452506
2026-02-12,12.801501951873185,77.4709987198165,35.905622540000024,35.7514869281,36.25195341650001,33.05675414030004
2026-02-12,12.941468688060866,77.6376288913277,28.70727241999998,30.417239465600023,29.929094939300043,29.563674421100046
2026-02-12,13.125165132961865,77.59167689783418,32.610651260000054,31.53457311350001,32.06788677410002,32.15345690480003
2026-02-12,13.094522334386234,77.62071447840003,31.345983860000047,33.071434536200016,32.54432458190004,32.35259075000006
2026-02-12,13.08004816687645,77.73631847421946,32.2073249,32.821389283100046,32.231404850900034,31.763905165400033
2026-02-12,13.038609512966158,77.72691634989911,32.21074292000003,31.71844549940001,31.893311402600034,31.745533307900047
2026-02-12,12.89287497391703,77.73927777576449,33.92317093999998,32.790114400100016,31.488874186100034,31.267608661400047
2026-02-12,13.099390848684726,77.50245420294898,34.60335692000001,34.57192822610004,34.22100011270005,34.38549232520002
2026-02-12,12.990039306558732,77.71555624547511,29.77027664000002,31.742200738399987,31.587005540299998,30.681965114600015
2026-02-12,13.049045078615473,77.55784916608057,29.24048354000001,31.98055636309999,31.401253243400003,30.89306202980003
2026-02-12,13.035682901453994,77.65995002415777,25.073917160000008,26.153789308700006,25.12987014740003,25.43533859480005
2026-02-12,13.06910957580811,77.57287825929176,28.60131380000001,31.631969593400008,31.170212181500002,30.246594817100014
2026-02-12,12.837774730678934,77.5134253114517,31.54081100000002,34.59011209250004,34.915046163800014,31.826113129400024
2026-02-12,13.05068694410904,77.65168019246192,31.28104148,32.72618033600005,31.34347161530004,30.964737909200057
2026-02-12,13.038240328375572,77.56487565796007,30.12575072000004,34.032889382000015,32.590570392500034,31.920877733900046
2026-02-12,13.139167916211186,77.72245536791463,32.39531599999998,33.02881182680006,32.307267804800006,31.94278724210002
2026-02-12,12.946027662535048,77.51056406778633,28.943115799999987,31.00686500570003,31.16050500470007,29.907407602400014
2026-02-12,12.80856642600315,77.58955856579954,31.940719339999987,33.411236994500015,32.74144179530004,31.68934105910005
2026-02-12,12.831216231859246,77.67259096667152,31.6775318,32.89703006570002,31.842861427400024,31.144747932500035
2026-02-12,12.99686913897164,77.5519289021668,29.2678277,32.68723199810003,31.925355340100023,30.50398881320003
2026-02-12,12.904066312394184,77.61848672974142,26.39327288000004,29.810643456200008,29.894162774900014,29.606211680000023
2026-02-12,13.032984523331203,77.72813405539362,25.96602038000003,26.49745412960004,28.083996473000035,28.389020577800043
2026-02-12,12.913785498246042,77.73544381936742,32.44316828000001,33.41597095220005,32.60605402310004,32.47927966130003
2026-02-12,12.99624465614288,77.74682386602129,31.86552290000003,33.43376174630002,31.699800200300032,30.47806313150003
2026-02-12,13.022657368441218,77.57040149305617,26.748746960000005,32.460087479000016,31.430614035200037,29.41398223520004
2026-02-12,12.973711035104268,77.6172449491684,30.75466640000002,32.660280910400004,32.36655336170004,30.507423923300035
2026-02-12,13.073696670713604,77.5213013124022,30.874297100000035,32.67720010940004,31.7440293791,30.978375809000063
2026-02-12,13.147715859950678,77.50864503847296,32.86016672000005,33.679534474399986,32.96376690620001,32.91189845270002
2026-02-12,12.993350571971662,77.6830392761174,29.093508680000014,32.095897448000024,31.85665313810001,31.653827831300056
2026-02-12,12.86370431484273,77.4727262103107,34.38118562,33.334912607900016,32.66349384920002,32.18129667770002
2026-02-12,12.807741593308382,77.70821190814729,32.66192156,29.39701176590004,30.06892613750002,30.013349132300032
2026-02-12,13.13380705689442,77.64240352321585,34.10090797999999,33.43993127240005,32.739937866500014,31.802990224100032
2026-02-12,12.813236360143122,77.59589791789477,29.39771245999998,31.863403727599998,31.56550619450003,31.4435341508
2026-02-12,12.905601800696312,77.63213411090437,30.13942280000004,32.47936511180001,32.49537853550006,32.11136398850003
2026-02-12,12.853313111659965,77.71051655623768,35.85777026000005,34.29648708440002,32.62389608750002,32.70695397350004
2026-02-12,12.95644960227906,77.72175703099906,30.27272558000004,32.78739707420002,31.718325868700003,31.83831546080002
2026-02-12,12.82655050946826,77.67452228133378,30.867461059999982,31.696604351600016,32.0022949703,30.48004558310004
2026-02-12,13.134428312140512,77.62744529868641,32.57647106000002,34.30062288860004,33.698897557700036,34.42580787110003
2026-02-12,13.124327923691688,77.5222332033854,31.205845039999986,33.730958585300044,32.3557353284,31.74645617330002
2026-02-12,12.885832781162968,77.6221821517458,31.77323636000005,31.770467763800028,31.3563575507,30.385708231100026
2026-02-12,12.988017290579204,77.6934835834159,28.24583972000005,29.042887803800014,29.848942370300016,29.792271598700022
2026-02-12,12.908732027004012,77.4626738890319,31.86894092,32.87300138510004,32.55527933600003,31.841767661000045
2026-02-12,12.841646088667238,77.4676772957234,31.91679320000003,34.459441187900026,35.179515461300035,32.244700948700014
2026-02-12,12.986433823720253,77.49642692030082,30.82986284000004,32.77307557040003,31.85251733390003,31.198017774200025
2026-02-12,12.948188931497748,77.59768936960667,29.97193981999999,31.878665186899976,31.228284341300018,30.08991278030006
2026-02-12,13.05373979017231,77.48914421707097,29.25073759999998,31.75387327670002,31.733382246800016,31.00428440060003
2026-02-12,12.885159620239214,77.64853167462927,30.19069310000004,32.70589438730002,32.21559650840006,31.438954004000028
2026-02-12,12.880832849228698,77.45169374250948,33.51300853999999,34.83887558809999,35.6836563212,33.76790738150001
2026-02-12,13.038310784438504,77.58807913258904,32.22783302000005,33.58924747610005,32.419139599400026,31.311034605500023
2026-02-12,12.817630820669752,77.52927603248489,31.51004882000001,34.899459992600015,35.12523730370002,30.908579840600027
2026-02-12,12.947964959283428,77.51845609114024,30.860625020000043,33.04407328610002,32.31280499720001,31.63237975580002
2026-02-12,12.994763110326408,77.48506271640119,29.746350500000005,31.854465605300007,31.536145402700022,30.75473476040003
2026-02-12,12.945980668974212,77.55002647205019,29.643809900000008,32.9582126237,32.027878850000036,30.098816722400016
2026-02-12,13.011564418583564,77.66946332871836,30.727322240000035,33.023787337400016,32.244239516000015,30.277920970400018
2026-02-12,12.998762473264588,77.57184754156135,30.604273519999992,32.051873350400044,31.846945961300023,30.79740874010001
2026-02-12,12.956553886601142,77.6298410616959,28.25609378000001,31.54950986090002,30.62259410720005,29.196049280000015
2026-02-12,12.869890159763711,77.52153821990964,32.29277539999998,33.147981094100054,32.47914294050004,31.72950279410005
2026-02-12,12.965226242747145,77.69262863996069,29.209721360000003,32.051446097900005,31.481029830200047,30.301146416300007
2026-02-12,12.926808597543634,77.67252989349275,29.814710900000023,31.210391006600013,31.258550908400014,30.360585784099985
2026-02-12,13.027657641298283,77.52844225377659,34.82894624000005,33.02209541750004,32.93715762050001,32.38087486550005
2026-02-12,12.999514766256755,77.67830158453464,32.21074292000003,32.86201245080004,31.852004630900023,30.438995162900028
2026-02-12,12.832395690079183,77.50623429416918,32.59014314000001,37.80494789360001,37.70249274410002,34.31473931120001
2026-02-12,13.143840166028584,77.67351616049324,33.54035270000003,33.16312292270003,32.54022295790005,32.70586020710005
2026-02-12,13.13676137523253,77.74045031633398,34.19319452000002,33.061283016800054,32.41893451820004,31.71524965070005
2026-02-12,12.867065896037184,77.73325418368655,33.03106772000001,31.970797916000016,31.266788336600015,30.128450955800048
2026-02-12,12.87522420015218,77.71444979639655,37.22497826000006,34.61617449500002,33.40193998010004,34.125107561600025
2026-02-12,12.8939757960885,77.58462257200515,29.896743380000032,33.08698652720002,32.305661335400046,31.332021248300045
2026-02-12,12.812388583422251,77.46425919730375,37.0267331,35.419033212800024,36.054904563500024,33.292375349000025
2026-02-12,13.02146720756582,77.74312701504502,33.54377072,33.11277548810007,32.796147205400025,32.38784762630003
2026-02-12,12.971701573488042,77.61561457429764,29.78736674000004,31.77990149900001,31.17024636170002,30.00059991770003
2026-02-12,13.04787373994374,77.65796909130745,31.27078742000004,33.04450053860004,32.44094656700004,32.42281397090003
2026-02-12,12.98221421894045,77.72673007657441,31.37332802000003,33.54365108930003,33.14996354570002,33.36512790470002
2026-02-12,12.8275131533451,77.58632003203637,30.19752914000003,31.950870859400016,31.722068600600032,29.604793201700037
2026-02-12,12.844234116472157,77.64483309081204,32.02958785999999,33.9305025929,33.07734771080002,32.84111125850001
2026-02-12,12.8291862726261,77.59763931486638,30.37526618000004,30.180233958800024,30.457657552100045,30.430227941600034
2026-02-12,13.026432483171996,77.70201215845694,30.42653647999998,33.874259073800026,32.916273518300024,33.39197645180004
2026-02-12,12.846447715288994,77.53575415802854,34.86312644000003,37.13390511710004,36.95963736740005,33.36693945530001
2026-02-12,12.885701407736205,77.63753833955812,29.82838298000001,29.414272766900027,29.808182481800014,29.850719740700026
2026-02-12,12.806996250993818,77.65177770000088,34.186358480000024,34.57647419270001,32.65746104390002,33.225399247100064
2026-02-12,13.139291408785356,77.68567501092191,32.80889642,31.927115620400016,32.05271076530002,31.413079592600024
2026-02-12,13.128030405894888,77.68923504104541,36.78063566000003,34.52346070250003,33.400487321600025,34.08846638720002
2026-02-12,12.97767284001786,77.55201430158162,30.535913120000032,32.96149392290004,31.82842029290001,31.167289774400043
2026-02-12,13.012146075156611,77.50360270314323,32.579889080000044,33.41802176420003,32.373765383900036,32.06253757280003
2026-02-12,12.868463547106316,77.65452896176096,31.28787752000005,32.851108967,32.43335856260001,30.38611839350002
2026-02-12,12.943225962741492,77.5059643689605,28.59447776000001,29.138062570700008,29.00103414890002,28.97244241160003
2026-02-12,13.074490266963132,77.6317610384858,30.788846600000056,31.53071075090002,31.516474697600028,30.529247981000047
2026-02-12,13.034457450973177,77.58632351694617,28.08177476000003,29.426731449800005,29.116067612000016,28.985396707400014
2026-02-12,13.034103344572728,77.68545037737229,33.97785926000006,34.718544194,32.90636126030003,32.68793269220003
2026-02-12,13.128256010447496,77.70145924342802,32.14580053999998,33.45119364830002,31.542554190200043,30.987587372900016
2026-02-12,12.803766411299089,77.4732766734091,36.56530040000001,36.84757758170005,36.55313224880002,32.69148743300003
2026-02-12,12.9898736652712,77.65091007632508,33.020813660000044,32.921383458200026,32.47900621970004,31.97836883030003
2026-02-12,13.089991285450234,77.57029765209298,34.37776760000003,33.21611932280004,32.557637769800024,32.43728928560002
2026-02-12,13.06318640182945,77.52382184055165,30.077898440000013,33.6684259094,31.867471171400002,30.328319675300037
2026-02-12,13.018708396589217,77.5592994100851,29.780530699999986,31.645710033800015,31.173339669800026,29.93398270790002
2026-02-12,12.95638349201032,77.5404581690439,29.94801368000003,31.643300329700022,31.16551240400003,30.27405860780003
2026-02-12,13.068639118441066,77.74790426468711,33.345525560000056,34.802849657300015,32.88925407020001,33.01715637860002
2026-02-12,12.95521932100061,77.48148572754344,32.49785659999998,32.006225693299996,31.15560014600002,30.114915596600017
2026-02-12,12.877391519287636,77.4952689780015,33.99494936000002,33.81184602860006,33.06444468530004,32.39181252950005
2026-02-12,12.8823951098249,77.69629692588737,31.60575338000001,32.52542293130005,32.514912519800035,31.821908964800045
2026-02-12,12.86491371978677,77.45159860067713,33.13360832000001,33.51360669350006,33.065435911100025,32.508332831300066
2026-02-12,12.83691053157178,77.59864738551046,31.267369400000007,29.64950090330003,29.85988003430003,29.666522642900023
2026-02-12,13.005713380129908,77.72637910263506,31.909957159999976,32.93620057489998,32.18481723830004,31.725760062200017
2026-02-12,12.828629189784854,77.61551714452331,33.72150776000001,33.46325925890003,32.68916317940004,32.28722111750006
2026-02-12,13.100398323807564,77.60221120798413,31.03152602,33.35757408050004,32.41218392870003,32.19850640840006
2026-02-12,12.811902547395636,77.54397740422124,30.645289760000026,35.346212296700024,35.2227705044,32.65503424970001
2026-02-12,12.81929340249498,77.57927868221319,30.90505928000005,33.17194141430004,32.18022000140002,31.65196501040004
2026-02-12,12.912933600392964,77.6811179049467,30.96658364000001,34.31060350700002,32.85230527400004,32.43795579950003
2026-02-12,13.078493319845558,77.70535675281702,33.38995982000006,32.98984639880005,32.77960398860003,32.786252037500056
2026-02-12,13.136361445336734,77.4635778337783,33.77277806000001,30.4454894009,31.00971905240001,31.20229029919999
2026-02-12,12.823682351720892,77.58462784238843,31.304967620000014,32.864490515300034,32.486850575600045,32.04271305680003
2026-02-12,13.072411732850746,77.46020078587615,32.83965860000001,34.13008078070007,33.09869324570002,33.362478939200024
2026-02-12,13.12488293381502,77.73050913428355,31.26395137999998,33.630161175500014,32.23458360950001,31.781730139700002
2026-02-12,12.955119791272294,77.61090672854922,28.51244528000001,32.44120291850002,31.785677952800008,30.881389491500013
2026-02-12,12.847725179004549,77.62542542047397,31.790326460000017,33.17901671570003,32.50841828180001,31.281947255300057
2026-02-12,12.957384483461384,77.63961407559269,30.46755272000001,31.15180614379998,31.242024781699996,30.565291001900018
2026-02-12,12.962254961031062,77.50185709093454,31.53739298000005,33.26952588529997,32.16940196810001,30.543159322400015
2026-02-12,13.024397155720516,77.6279805473815,29.951431700000057,33.45505601090001,32.84924614610002,32.95050498860005
2026-02-12,13.125230104656389,77.74048490091836,33.13019029999998,33.20752300250005,32.39119728590001,32.055240100100015
2026-02-12,13.079787155751166,77.61515204539855,31.31522168000004,33.342568972700015,32.506487100500024,32.48661131420006
2026-02-12,12.859231505194382,77.70879429093952,33.21222278000005,33.98001261259999,32.99757112400003,32.87346281780004
2026-02-12,12.961810913147596,77.60815201544594,31.827924680000024,32.1923539724,31.675173366200003,30.47315827280002
2026-02-12,12.94806079477423,77.69072287141678,30.90505928000005,31.556380081100023,31.872478570700018,31.777491794900047
2026-02-12,13.114919538094716,77.46094639529268,28.29711001999999,27.53574606500004,27.442041046700027,27.444211489400047
2026-02-12,13.072462059645185,77.68265986401462,30.26247152000002,33.716483270600015,32.36865544400001,32.24200071290004
2026-02-12,12.849149373695807,77.68069839433714,30.1052426,33.05355829160001,32.77498966160001,31.281998525600024
2026-02-12,13.036341678201524,77.64049984918069,32.75079008,33.032725459700025,32.57927383640004,32.301183729200055
2026-02-12,13.10769405014874,77.74339178824502,30.33766796000004,32.249725438100036,30.997482540800025,29.67720395540001
2026-02-12,13.097347908525654,77.57174359711327,29.39087642000004,31.344804643099998,31.586099765000025,30.688322631800016
2026-02-12,13.04541639593502,77.73708833292257,31.39383614000002,33.09689878519999,31.622997290900013,30.842868406100038
2026-02-12,13.121059322512608,77.64941742908437,31.633097539999994,32.29918418750003,31.51481695790004,30.40349902520005
2026-02-12,12.907667490039016,77.4633027274877,32.217578960000026,32.97827640110004,32.70105788900003,32.09285541020006
2026-02-12,12.861933965916467,77.68590951486654,33.59845904000002,33.535618742299995,32.64624993830004,32.60675471720001
2026-02-12,13.06285892636189,77.48308895391843,33.74543390000002,33.04479107030005,32.676824127200014,31.720855203500047
2026-02-12,13.111748042994746,77.62741105592657,32.19365282000001,33.532320353000046,32.83434357890001,32.371543670900024
2026-02-12,12.802348067709904,77.72764293771631,33.10626416000002,32.55779158070007,31.98739240310004,31.48735316720006
2026-02-12,12.948404482406808,77.53633027635016,31.40067218000001,33.61802720450001,32.54934907130003,31.396485105499995
2026-02-12,13.032244866927735,77.61917954082207,31.78349042000002,32.743766048900014,32.652316923800036,31.926466196600032
2026-02-12,12.839987597462532,77.6612172088346,29.55152336000004,30.576860999600008,30.233161998500037,29.72201419760003
2026-02-12,13.041620636609384,77.56657927121466,27.832259300000032,30.543210592700024,30.63660798920002,30.198981798499993
2026-02-12,12.903046957410949,77.53442500305661,31.99882567999998,33.000886603400026,32.00904555980002,31.252654823900045
2026-02-12,12.967966580864976,77.63570919287424,29.589121579999983,31.9794967769,31.44823392830002,30.160101821000012
2026-02-12,12.98391517150724,77.46686891684324,32.532036800000014,32.81942392160002,32.478937859300046,31.420616326700056
2026-02-12,13.098723445217212,77.74039788850642,36.32603900000004,34.33625574710002,33.68531092820003,33.848316302
2026-02-12,12.884327144554474,77.74636046388457,33.902662820000046,32.703313782200006,32.38755709460003,32.341892347400005
2026-02-12,12.90415078705991,77.48970091256545,31.503212780000013,32.28185482610004,32.052010071200044,31.353178792100042
2026-02-12,12.80600667751127,77.73311253343418,35.60483678000003,33.639218928500036,32.63302220090001,31.832282655500038
2026-02-12,12.99405222021385,77.68769012914863,31.202427020000016,32.98000250120003,32.447782607000015,30.39770548130001
2026-02-12,12.89091567685937,77.538687947918,28.201405460000046,30.459725454200015,31.046719118900015,30.736824335600005
2026-02-12,13.088393908024056,77.46593698118657,34.64437315999999,34.23280937180005,34.079921337200034,34.05056054540001
2026-02-12,13.06841671346542,77.58601305988392,30.19752914000003,32.35853810480005,31.612726140800017,30.778404548900014
2026-02-12,12.865480899437332,77.62018839992035,32.86358474000002,31.585535791700032,31.938873609200023,30.685263503900014
2026-02-12,13.12455882620668,77.5291584477613,35.36557538,34.25553920480006,33.87523320950003,34.27167225920004
2026-02-12,13.028796818722377,77.56803224500611,30.76833848000001,33.15657741440002,31.771834971800025,31.025629935500007
2026-02-12,13.109523710365591,77.62283672387707,33.23273089999998,32.94773639240002,32.26225248140002,32.33151865670002
2026-02-12,12.860237265777496,77.51187762283014,34.19319452000002,33.177153894799986,32.73267457400003,31.965021462200053
2026-02-12,12.912191706580716,77.49348415397712,30.447044600000027,32.01606959089999,32.17856226170001,31.51117676660002
2026-02-12,12.99390807123657,77.62161429063158,32.26543124,32.63404760690002,31.624415769200027,30.797442920300043
2026-02-12,12.985011455080558,77.55231824012701,30.074480419999983,31.669943795600016,31.442542925,30.82598338730005
2026-02-12,12.93413617581376,77.71499582712777,31.05203414000005,33.01778871229998,32.84852836190002,32.812878413300034
2026-02-12,12.881691957833466,77.7085572615534,31.09988642000002,33.458354400200044,32.07089463170004,31.489540700000035
2026-02-12,12.905411651065393,77.50618880887711,29.41480256,31.866497035700032,31.620348325400037,31.04374544150003
2026-02-12,12.849525185525,77.4612836211738,32.65850354000003,33.66900697280004,35.787324867800045,32.614923785
2026-02-12,13.112767088755692,77.71932313111938,29.448982760000035,33.262399313600056,31.91937380510003,30.942093526700027
2026-02-12,12.807239278330751,77.74742476242628,34.104326000000015,31.567881718400013,31.688435283800015,31.707063492800007
2026-02-12,13.085314393484865,77.53750399905809,29.82496495999999,33.22818493340005,32.596158855200045,32.14952618180008
2026-02-12,12.850663516298154,77.73950841839142,29.70533426000003,31.441773870500015,30.57610903520002,28.847206158800027
2026-02-12,13.069674746602857,77.55518226107145,30.221455279999983,31.907718356900048,31.238452950800028,30.146327200400037
2026-02-12,13.11779926034867,77.57974844703168,28.77221480000003,32.29768025870001,31.880972350400025,31.03041516350001
2026-02-12,12.983172898963293,77.63728092931179,29.25415562000001,29.94425385800002,30.20115224120003,30.198007662800023
2026-02-12,13.091382964335134,77.7093696684124,33.09942812000003,33.348430877000034,32.77657904090004,32.467675483400065
2026-02-12,12.957706016160126,77.72595520756522,27.14865530000003,26.96129653370003,25.388699711900017,26.101220161100024
2026-02-12,12.8341722384606,77.62561698239703,33.53693468000006,35.112265917799995,33.71556040520005,33.85578467570001
2026-02-12,12.896415242379728,77.60212270256328,26.728238840000017,32.799411414500035,31.895088773000012,30.995363368400017
2026-02-12,13.070088296101538,77.46269629683991,33.36945170000001,34.24285835060006,33.54484739630001,33.82876522760001
2026-02-12,12.84897945753547,77.52725666038513,29.16186908000003,32.87893164980003,32.372107644200035,29.498150977700007
2026-02-12,13.056715317084349,77.69869067882894,37.57703432000005,34.38909833630003,34.180018052900024,34.26408425480002
2026-02-12,12.804897094990606,77.67750567919207,32.579889080000044,33.73256505470004,32.43523847360004,31.575862795100047
2026-02-12,13.040380790489149,77.50111418308374,29.616465740000024,33.27080764280006,32.117003721500005,31.44021867140003
2026-02-12,12.990218968339828,77.53283482733279,29.98561189999998,31.932550272200015,31.240760114300024,29.706735648200027
2026-02-12,12.867932549315762,77.4670973424405,36.049179380000055,34.05684970219999,36.02656917769998,34.1003098265
2026-02-12,13.137607346341127,77.59664259451898,35.676615200000015,33.42036310790006,32.75219146820003,32.799052522400046
2026-02-12,13.0747843080856,77.73014447492973,32.68584770000001,32.252818746200006,31.619288739199988,30.64918630280002
2026-02-12,12.98671840827761,77.61252251118447,30.077898440000013,32.12898388160002,31.713523550600016,30.51625950500001
2026-02-12,12.9833658307727,77.71227536470005,30.76150244000001,32.1873465731,31.903189480400016,30.546235540400012
2026-02-12,13.073310986113462,77.56054289872331,28.153553180000017,31.856140435099995,31.41607036010003,30.502860866600013
2026-02-12,12.81010633102069,77.48500904762545,37.84022186000004,37.771502567900015,37.854799715300004,34.56574160990001
2026-02-12,12.978540929945142,77.64099199062939,29.291753840000013,31.733570237900025,31.283502454399986,29.83333910900003
2026-02-12,12.80369258126832,77.6052408539492,31.448524460000044,33.709561780100046,32.89282590110003,32.73681037820005
2026-02-12,13.132300600376436,77.65606760981696,32.54229085999998,33.00466351550005,32.51732222390003,32.13112014410003
2026-02-12,13.0581683219642,77.73601566463915,33.43781210000003,32.95614472160002,32.08253298980002,31.581092365700037
2026-02-12,13.123186448332426,77.74033568338787,33.051575840000055,34.368573126200054,33.568790626399995,33.722892058100015
2026-02-12,13.035090626435604,77.53469378762088,27.56223571999999,32.337927444200034,31.360066102400015,29.56369151120004
2026-02-12,13.113273850788294,77.54487662421342,31.71854804000003,33.58420589660006,32.937772864100005,32.62394735780002
2026-02-12,12.992440870298154,77.4973021009961,35.30746904,34.10499251390002,33.29999753360004,32.89858526480003
2026-02-12,12.826018572543456,77.70916892505109,32.30644748000003,33.90679862420004,32.955700379000035,32.43653732120002
2026-02-12,12.945248355165416,77.46451169721813,33.33868952,33.991428799400005,34.76379877880003,33.172078135100016
2026-02-28,13.070201554455403,77.53957021239319,35.266452800000025,35.18144664260004,34.64172419450001,35.407599935900016
2026-02-28,13.011785526686555,77.46989306919154,38.64345656,35.85096840020003,35.894360164100014,36.1874724692
2026-02-28,12.980591799468236,77.59640932303269,34.169268380000005,34.060968416300035,34.62056665070002,35.332591487000016
2026-02-28,13.115743720384376,77.45437828254846,41.81196110000002,36.7759529726,37.398135153199995,37.1569767521
2026-02-28,13.054584027990186,77.49768671764754,36.756709520000015,34.48200011990004,35.135798985500024,35.70783881270003
2026-02-28,13.003794588832124,77.51348058539998,43.09030058000002,36.5856717992,36.604060746800016,36.789231980300016
2026-02-28,13.031188962805228,77.70258804757547,38.84853776,34.21515529850003,35.0311904834,36.05070039890001
2026-02-28,12.826957951370137,77.5800450456286,36.63024278,35.4381741248,35.078649691100004,35.721784334300004
2026-02-28,12.917630035606138,77.50030393000311,39.197175800000025,35.115444676400024,35.461980634099994,36.1812345827
2026-02-28,13.032448364361349,77.7299265442559,36.13804790000006,35.38018741550001,34.84017443570002,34.08827839610003
2026-02-28,12.824903176912668,77.48921050943369,37.771861460000025,36.12451254080004,35.462937679700005,35.14832602880003
2026-02-28,12.885523050454552,77.55765032244794,37.29675668000005,35.90700683810001,36.07218265460002,36.42755419400004
2026-02-28,12.90061469653887,77.45342124913884,40.9061858,36.97877827940002,38.51975841620001,37.87170182420002
2026-02-28,13.092923005136647,77.59406409865925,36.38756336000006,35.06709678350002,35.58533697590003,35.735815306400035
2026-02-28,13.08762278983915,77.50536577364993,39.32706056000001,37.07091100850004,37.100835773600004,37.07262001850004
2026-02-28,13.079098055256248,77.62722092830984,36.985716860000025,34.68467161580001,34.77820573310002,34.387406416400005
2026-02-28,13.115734199505903,77.69893004052552,38.67080071999999,36.36572221220003,35.736857802500005,36.29621677550002
2026-02-28,13.12176906353447,77.60287873228768,36.13121186000001,34.95683145830003,35.34414439460002,36.24151136540002
2026-02-28,13.126059660312665,77.5572430567515,38.30507258,36.71330066600004,35.282859296000034,35.55508749890002
2026-02-28,12.885312658139858,77.47540606053391,37.58045234000002,36.2971054607,37.387282939700015,37.84668191780002
2026-02-28,13.077903914442322,77.66090258128001,35.611672820000024,36.018878632700016,36.03408882170003,35.08683584900004
2026-02-28,12.88133381824112,77.72211603422433,38.80752152000002,35.447009706500026,33.92539265300001,35.24681627510003
2026-02-28,12.942963084978476,77.45674380093908,40.99163629999998,36.7968883451,37.898875083199975,37.37716560050003
2026-02-28,12.923947465004929,77.71909545810067,38.527243880000015,35.79246898790002,36.078386360900055,36.050409867200045
2026-02-28,12.847839039027924,77.516992347445,39.27237223999998,40.261119975500016,40.23488667199999,40.05441521600003
2026-02-28,13.136068093048952,77.52172476692529,39.88761584000002,37.13537486570001,37.18845671629998,37.28482779020001
2026-02-28,12.946184719059854,77.68263210256012,37.89491018000001,34.85945206850003,34.40519721050002,34.57279982119999
2026-02-28,12.934394084785517,77.74596516780345,38.21962208000002,35.667232735100015,35.40478006940002,35.80328702120003
2026-02-28,13.027055546387537,77.70333901957896,36.15855601999999,34.94710719140005,35.07637670780003,34.19478389930002
2026-02-28,13.096702111256848,77.6829151312498,40.22258180000006,36.30148052630004,35.533553972899995,35.10835228490002
2026-02-28,13.036840734460014,77.66530704361432,36.59606258000002,35.20566331430002,35.47908782420002,35.09556889010002
2026-02-28,13.09776065084336,77.68735433277402,44.11912460000002,37.58009344790001,37.607369247500024,37.97340500930005
2026-02-28,12.897546516081285,77.551796459646,35.854352240000026,34.86345115190002,34.7178093197,34.6805358116
2026-02-28,13.066909934500774,77.59990265053163,35.922712639999986,34.89440132300005,35.105891310499985,34.90477501370003
2026-02-28,13.014026738895586,77.5346957728773,34.7195696,36.82633458740003,37.33592718920003,37.050607969700025
2026-02-28,13.072975462614794,77.52945256317136,39.14248748,35.13502993100002,35.80986670970002,36.23052243110001
2026-02-28,12.94053124828136,77.56987661728512,35.06137160000003,34.79367227360004,34.494236631499994,34.6429888619
2026-02-28,13.042438051044671,77.68150719547145,37.61121452000003,35.47852385090002,34.793689363700025,34.64502258380001
2026-02-28,13.080001036672762,77.52418889357013,36.68493110000003,36.0133756205,35.770012596500024,36.22052472260002
2026-02-28,12.850223351870495,77.55572711108941,38.00428682000006,35.50732066940004,35.0416325345,35.30623855280003
2026-02-28,13.1410753926558,77.64251045171721,39.26553620000004,35.02792627430002,35.86291438010002,36.005582534900014
2026-02-28,12.986975641610568,77.45777066982143,39.491125520000026,36.681376359200016,37.46688862550005,36.93786458000005
2026-02-28,12.811365185709445,77.62118044181123,44.00632994,35.96345543840004,35.699977366700026,36.31947640160003
2026-02-28,13.02745231321059,77.67784226156215,41.18304541999999,34.60650149840003,35.10884789780001,35.630266848800034
2026-02-28,13.008128191251634,77.49522648205357,36.42857960000004,35.07547093250004,35.79462234050003,36.19403506760003
2026-02-28,13.006788695135464,77.65136098599729,36.1893182,35.425681261700014,35.21542176140004,34.87688397050002
2026-02-28,13.093148737227912,77.71607466511905,37.51550996000003,35.984920604000024,35.77161906590003,35.50855115659999
2026-02-28,12.892855337990568,77.52148870482206,38.246966240000006,35.778455105900036,35.40664289030002,36.21775612640002
2026-02-28,13.073148621482709,77.7029329009562,40.93011194000002,36.74619910850001,36.5843729516,37.211801792900026
2026-02-28,13.000655045517725,77.59464627405364,34.856290400000034,34.71890308610001,34.51096783940002,34.2699974294
2026-02-28,12.89251254751935,77.50987213025321,39.86368970000001,36.68339299100001,38.1297794243,37.60707871580002
2026-02-28,12.807312919357312,77.6987517009121,37.836803840000016,35.41272696590002,35.393158801400006,36.00677884190001
2026-02-28,12.941573516301895,77.5709684775115,34.19661254000005,35.723066091800014,35.36342202740001,35.84158593530004
2026-02-28,13.08291344113094,77.61800142634695,37.24206836000002,34.931298848900035,35.16654407540003,35.595915747800035
2026-02-28,12.834657182334023,77.61502556619791,39.05361896,37.648214586499996,37.2904162529,37.07808885050001
2026-02-28,12.992021843844114,77.62483007722045,36.65416892000002,35.66374635470002,35.37512874589999,35.036864396600016
2026-02-28,12.957433506748826,77.5946321911161,37.82313176000002,35.380990650200026,34.76373041839998,35.05672309280001
2026-02-28,13.12104153329913,77.60324551873747,36.97204478000003,36.80941538840004,37.21451911880002,37.01101020800002
2026-02-28,12.956607546646952,77.46390903684924,41.92133774000001,37.89491018000002,38.89873138369999,37.914153632600005
2026-02-28,12.976062199603968,77.65921988859411,39.634682360000056,34.63589647040004,34.679561675900025,35.592754079300015
2026-02-28,13.12725504402769,77.45496527345509,37.04040517999999,36.53612759930005,35.81921499440003,36.28560382340001
2026-02-28,13.062328520198742,77.62598391903371,35.94322076000003,34.33410239450001,34.56427186130003,34.07474303690001
2026-02-28,12.999091027132042,77.47553337873268,40.34904854000001,35.134483047800046,35.70602726210001,36.70417455260001
2026-02-28,13.047007032629995,77.68538038342604,28.338126260000024,28.170967991900035,28.91719011830001,28.96946873420002
2026-02-28,12.870995564623554,77.51802916863373,39.45352730000002,37.33818308240001,37.1980271723,37.059426461300006
2026-02-28,12.875243445274778,77.74087587270446,40.04142674000002,36.18878840689999,37.00740419690002,37.402322227700004
2026-02-28,13.126909640574826,77.62684166348986,34.955412980000006,36.286902671,36.43386044090002,36.76694648990002
2026-02-28,12.884964204770268,77.5401818588458,37.92225434,35.33753052590001,35.27518584110004,35.72140835210003
2026-02-28,12.963324688819457,77.59348821824537,35.78257382000004,34.025079206300035,35.09097165320001,35.31057943820002
2026-02-28,12.992883949204066,77.57980368636608,35.00668328000006,35.24592758990001,34.81674390860002,35.085109748900024
2026-02-28,13.001396507034723,77.4921634237526,39.27579026000001,35.656619783000025,35.753418109400016,36.32550920690001
2026-02-28,13.082574624712748,77.5669126547157,38.09315534000001,35.56691384810003,35.61174118039999,36.592610379800014
2026-02-28,12.8784140883573,77.59681930847687,37.44031352000002,36.003001929800014,36.086162356400024,36.36430373390001
2026-02-28,13.03434410989761,77.50214331726447,35.28354290000004,35.589011347400024,35.18923972820004,35.62252503350002
2026-02-28,12.945602071846258,77.72930572398684,30.47780678000004,34.362249789200014,33.904337649800034,33.64034687510003
2026-02-28,12.965689180012475,77.65594774011485,35.43393578000001,35.30085517130001,34.99019133350001,34.46197052270003
2026-02-28,12.948784373323477,77.63885901376503,37.09851151999999,37.302738215000005,37.272266566700026,37.2087597551
2026-02-28,12.94162378370536,77.58341813656325,35.608254800000054,35.505645839600014,35.44895797790004,35.79091378880005
2026-02-28,13.070808633488218,77.60241901010657,36.70202119999999,35.314407620599994,35.41817870780002,35.974769084600034
2026-02-28,12.897781655400246,77.58031954227481,31.075960280000004,29.08932160549999,32.951342403500036,32.8254054566
2026-02-28,12.883695945379657,77.59213149486288,35.36899340000002,34.83597027110002,34.57146679339999,34.5482413475
2026-02-28,13.036121466778242,77.59418642377634,36.312366920000045,35.302324919900016,34.95368687990003,35.048844556700026
2026-02-28,13.059181394240971,77.63872557910146,36.60289862000002,34.459236106700004,34.279738786400024,33.65601849680003
2026-02-28,12.83629567784688,77.64777843865284,39.330478579999976,36.02836363820003,35.88656707850003,36.63222523160004
2026-02-28,12.850249395058151,77.62178251177005,37.93250840000002,34.83509867600002,35.49248646260001,36.246228233000004
2026-02-28,13.149467137207758,77.64551067492276,41.48724920000001,37.3416352826,37.89496145030001,38.11239879260005
2026-02-28,13.144560006402536,77.68017867515502,34.661463260000005,35.9585163995,35.89702621970002,35.15063319230001
2026-02-28,12.831375043315331,77.60529624446701,40.29436022000005,37.190780969900004,37.631278297400016,37.190541708500035
2026-02-28,13.14067613315214,77.48749956174471,31.42459832000003,31.204067669600004,32.177622306200014,31.24516936010001
2026-02-28,12.893367066158143,77.70597904379268,36.035507300000006,35.05790230969999,35.1370294727,35.923567145000035
2026-02-28,13.02071792766952,77.57869804464485,31.99882567999998,34.475540062099995,34.485554860700006,34.34259617420001
2026-02-28,12.952585734250874,77.55007461960726,38.16151574000003,35.52077057810002,35.214362175200016,35.574689843600005
2026-02-28,13.137854912683386,77.5509648641719,40.448171119999984,35.82186395990001,35.40604473680001,36.77244950210001
2026-02-28,12.842348150357328,77.66355751536673,35.43393578000001,34.65599442800001,34.525135532300034,34.84723264700003
2026-02-28,13.11668778866962,77.71854036257011,39.32022452000001,36.716359793900004,35.9080664243,36.4938125117
2026-02-28,13.104826990812011,77.51459469016987,43.74656042000004,37.61389766570002,37.162650665300035,37.414097306600034
2026-02-28,13.015375249638865,77.63003304444703,35.628762919999986,35.63711997890002,35.09216796020003,35.23516082690001
2026-02-28,13.14015589196126,77.66187088204032,28.74828866000001,28.747434155000054,28.094746145900025,27.674227145300023
2026-02-28,12.945127310293556,77.7194762899701,38.94766034000003,35.82141961730001,36.56632580600004,36.591636244100044
2026-02-28,13.139406245785576,77.68635841470285,35.854352240000026,32.7230528477,33.077501521700015,32.86349928950003
2026-02-28,12.998622997599632,77.70646546728535,37.23523232000002,34.30761273950003,34.998924374600016,35.52030914540003
2026-02-28,13.117772840582653,77.59659586961567,36.25767860000002,35.08931391350001,34.7009584811,34.725892937000026
2026-02-28,12.95461390036234,77.62626028964482,38.55458804,35.94395563430001,36.37566865040002,36.95562119390004
2026-02-28,12.95272616088206,77.68163538936848,42.83053106,37.087864387699994,37.8788283959,37.88651894090001
2026-02-28,13.063279344104773,77.58098278517633,34.32649730000003,35.079897268400025,35.11865761520002,34.78605008899999
2026-02-28,12.812143371473343,77.60607631822094,36.51061207999999,32.67062042090003,33.46580568380002,33.483921189800014
2026-02-28,12.882579764577413,77.45383680955351,40.87884164000002,38.100299001799996,38.78154456799999,37.78384162010001
2026-02-28,12.990373498482304,77.7113881063965,36.527702180000006,33.75334661630001,33.517520326400025,33.321257618000026
2026-02-28,12.9119310115978,77.48983554766441,36.380727320000005,35.6585338742,36.234128442200024,37.01781206780001
2026-02-28,12.977816114366968,77.6593682555123,37.81287770000006,35.35583402299999,34.7336005721,34.45771508780002
2026-02-28,12.88280569968814,77.5995457113232,29.71558832000005,28.086098555300023,29.43496887800001,28.8884103899
2026-02-28,13.094040380798344,77.70897498943651,38.53066190000004,35.9044091429,35.91066411950001,36.56400155240003
2026-02-28,13.019043754993977,77.54258647479797,35.529640340000014,35.787205237100004,35.56802470460003,36.178500166700005
2026-02-28,12.929969917955844,77.53716815714073,36.69518516000005,35.833895390300036,35.55158402840001,36.22025128099999
2026-02-28,12.974001971676552,77.53754922508224,35.16049418,35.190897467900015,34.914260019200015,35.81889028250003
2026-02-28,13.058532089137376,77.59345296230363,37.66932086000003,34.908893727800034,34.65343091300002,34.71240884810001
2026-02-28,12.876885831222056,77.59129462337175,35.22201854000002,34.851505172000046,34.6217971379,34.737958547600016
2026-02-28,13.090807569317215,77.53537952868533,38.71865300000002,36.5742214322,36.80336549300003,36.87218732570002
2026-02-28,12.922395841181563,77.66704292279216,30.628199660000007,29.190392456900046,29.468277482900024,29.513651698400007
2026-02-28,12.896285580352975,77.66023833218267,36.12437582000001,35.79797200010001,34.936699320500026,35.034574323200026
2026-02-28,13.037126306389972,77.53133361452566,34.32649730000003,35.62228577209999,35.63430011240001,36.06524407400004
2026-02-28,13.129899316549771,77.73135353406578,41.10101294000003,36.6687125951,36.54274146800004,37.23890669150003
2026-02-28,13.127633240275433,77.51136563084766,37.42322342,36.17019437810001,35.626524116900015,36.29262785450003
2026-02-28,12.95773111564773,77.60767519400224,35.474952020000046,32.87568453080003,33.10366646480001,33.15989289380001
2026-02-28,12.919261233644956,77.71528086003727,38.40761318,35.33542844359999,35.79267406909999,36.276255538699985
2026-02-28,13.06295689266259,77.58294454438753,34.60335692000001,35.033548917200044,34.94389425260001,34.78227317689999
2026-02-28,13.048697054076277,77.64610366121721,37.94959849999998,35.21087579480001,35.05378359560001,35.60025663320002
2026-02-28,13.00266354414771,77.73464515412915,39.52188769999998,34.69041388940003,35.8065512303,36.074865800300024
2026-02-28,12.915038004414528,77.61992722555432,35.01693734000003,35.2354513586,35.11997355290001,34.83655133450002
2026-02-28,13.0931645475957,77.74749500336605,40.86858758000005,36.504322923200036,36.175987922,36.30043803020003
2026-02-28,12.912660146050998,77.55026874022401,36.90710239999999,35.66085812780004,34.7298749303,35.19872473369999
2026-02-28,12.812513297008453,77.51343033432218,38.13417158000004,38.585213499200016,39.61143982400003,39.48668209400001
2026-02-28,12.956538960013631,77.71099402375297,35.68345124000001,33.995547513500064,34.88122485590003,35.25254145860002
2026-02-28,13.126424727462432,77.48157609175054,34.00862144000001,35.71238477930002,35.40609600710003,35.69925958250002
2026-02-28,12.937463832050035,77.69918189729461,35.96372888000002,34.22841721610005,35.19703281380002,35.49974975510004
2026-02-28,13.100047913779791,77.64949700506115,30.32741390000001,29.660455657400025,27.72737735630004,27.42110567420003
2026-02-28,12.914316410125291,77.45027392994547,41.029234520000045,37.23159212870003,37.606514742500025,37.45924935080001
2026-02-28,13.106200774854058,77.47612852646095,37.34119094000005,34.546549427600006,34.434626362700016,34.39237963550003
2026-02-28,13.038279355520332,77.62831369525676,35.84068016000003,35.363046045200015,34.87551676250001,35.55595909400001
2026-02-28,13.133246635422948,77.60214067996752,37.70350106000001,35.56048797050003,35.43094501250002,35.532306395600024
2026-02-28,12.985679673133916,77.64727106533088,34.84945435999998,34.455647185700016,34.67634873710002,35.493101706200015
2026-02-28,13.134506305244017,77.71965641398837,39.019438760000014,36.8905591832,36.78340425620001,37.141407670999996
2026-02-28,12.806630429087493,77.67740245584781,37.95985256000006,35.88964329650003,35.44278845180003,36.0109317362
2026-02-28,13.015532254624738,77.69893333005068,31.650187640000013,29.580268908200054,29.301290115800033,29.498783311400054
2026-02-28,12.987955344630093,77.67337157227591,36.20640830000002,33.78000717230005,34.91089326950001,35.50918349030003
2026-02-28,13.02356975734588,77.715321503075,37.706919080000034,34.536004835900044,35.34657118880003,35.88959202620003
2026-02-28,12.898272135171576,77.4726044798097,38.86220983999999,36.50080236260002,36.74915569580003,37.02251184530003
2026-02-28,13.059288443015598,77.5022915983103,35.94663878000006,34.578217382900036,35.185035563600024,36.15330935930004
2026-02-28,12.900735590914843,77.530278785772,36.725947340000005,35.20950858680007,35.102780912300005,35.6897062166
2026-02-28,13.075010540899132,77.50760418133714,38.937406280000005,36.89134532780001,36.78625830290003,37.10093831420004
2026-02-28,12.948780918437317,77.65181322532379,41.49408524,35.42426278340001,34.558768849100026,35.41373528180003
2026-02-28,12.825688079071856,77.65511324431246,37.26599450000003,35.27598907580003,35.43820830500003,35.870810006300026
2026-02-28,13.040278679501284,77.56784787120662,32.99688752000003,34.58848853300004,34.309031217800005,34.74417934400005
2026-02-28,12.871018908511314,77.58185058488924,35.58774668000001,34.008057466699995,33.63320321330003,32.835710786900016
2026-02-28,12.805537634703004,77.53550869523606,36.33971108000003,38.3518310936,39.098412112100014,39.21054025820001
2026-02-28,12.851540932702454,77.67891192532832,34.94515892000004,33.59498974969998,33.63310067270002,32.9378070443
2026-02-28,12.896436626862798,77.58696908438962,34.66488128000003,34.84525019540002,34.39460134850001,34.76277337280003
2026-02-28,13.080724114530309,77.65343333911123,36.45250573999999,35.989107678500034,35.60528112260002,34.92335195240001
2026-02-28,13.145354173584986,77.72780417542732,42.77584274000003,37.0012346708,37.50431594450001,37.725889091000035
2026-02-28,12.98003606608105,77.63818350092338,34.31966126000003,33.60570524239999,33.57161049290001,33.12355934120001
2026-02-28,13.107195818809515,77.66336754264145,38.4964817,36.18466969280002,35.697687293300014,35.27404080440003
2026-02-28,12.984699694597264,77.70835713731793,35.94322076000003,34.897272459800035,34.6065014984,34.09521697670004
2026-02-28,13.03591307203889,77.4657766354683,37.89832820000004,35.37463313300002,35.31879977630002,35.57233140980003
2026-02-28,13.002652514608425,77.6572463527238,36.82848794000006,36.58960252219999,36.84738959060002,37.59750825980003
2026-02-28,12.960389845241226,77.55493981751121,37.70350106000001,35.36819016530001,34.55183026850002,35.21507995940005
2026-02-28,13.05133476547609,77.59547414172366,35.65610708000003,34.51066021760002,35.42111820500004,35.691329776100034
2026-02-28,12.922108574282207,77.5565601764749,36.41490752000004,35.558727690200016,35.05950877910001,35.48759869400001
2026-02-28,13.026729698714226,77.5138892775616,39.54581384000005,34.66038658370003,35.35427882390004,35.81466902780003
2026-02-28,12.892195752875038,77.64275366206527,38.31190862000005,34.26179418140005,34.89963089360002,35.47790860730003
2026-02-28,13.060581456435104,77.55839635276583,35.95347482,34.58459199020005,35.28376507130003,35.52646158140003
2026-02-28,12.910295783812604,77.58929094059565,35.53647638000001,35.19672519200003,35.06055127520001,35.29671936710001
2026-02-28,13.054465374305936,77.52187029470126,34.35384146000001,36.43770571340002,35.39978976020002,36.262617638900025
2026-02-28,13.00498045732716,77.51776914188954,37.18054400000005,35.72520235430002,35.69690114870001,36.43138237640003
2026-02-28,12.885612415163603,77.59655062281894,36.50377604000005,34.55318038640004,34.78504177310001,35.44841109470002
2026-02-28,12.830837179932416,77.6521384331874,38.411031200000025,35.312852421500025,35.235810250700034,35.89109595500002
2026-02-28,12.829665769308512,77.61309849084793,39.51505166000004,37.70577404330001,37.684001255900014,37.48984062980003
2026-02-28,13.108193429562643,77.54217725221021,37.54969016000001,36.495794963300035,35.60687050190001,36.59753232860001
2026-02-28,12.869742183193342,77.61120402383911,36.312366920000045,35.61127974770002,35.20221111410001,35.0190394223
2026-02-28,13.019760251400172,77.65817447843085,36.493521980000025,33.92927210570004,34.908005042600024,35.64375093770004
2026-02-28,12.810869527669086,77.54027433126748,41.60004386000003,40.31613300739999,40.177925368700016,40.052227683200016
2026-02-28,12.885275996960424,77.72288872195286,35.66636114000005,35.1347393993,34.72623473900003,34.90916716940003
2026-02-28,12.82155725157157,77.48179862831076,39.10147124000002,38.7693593267,38.41115083070001,38.49856669219999
2026-02-28,13.122492614561333,77.6386493978665,37.46765768,35.44487344400003,34.82797210430002,34.85787977930001
2026-02-28,12.88092519647208,77.53864415527137,38.33241673999999,35.95961016590001,35.647305678500004,36.173526947600024
2026-02-28,12.824286237108849,77.46246570202467,40.16105744000004,39.21679523480003,39.82308362239999,39.865296169399976
2026-02-28,12.970220508033329,77.52142957464797,36.42174355999998,35.79093087890001,35.46488595110002,36.058544754800025
2026-02-28,12.89417622289241,77.47945948336572,33.38995982000006,32.73402469190001,33.7381022471,33.549632624299996
2026-02-28,12.827102634680648,77.5225262910758,39.340732640000056,40.39913962309999,40.968974827400025,40.7126916878
2026-02-28,13.095677507772074,77.48953206635302,36.89343031999999,36.455291426300036,36.16829737700003,36.65768948060003
2026-02-28,12.82969900365712,77.47085549628258,40.69426856000001,38.97874723190004,39.15732168680002,39.05604575420001
2026-02-28,12.955184244520206,77.67203034139249,39.52872374000003,33.509129087300046,34.8017046206,35.80899511460003
2026-02-28,13.133319266425705,77.4511655434856,40.03459070000002,36.748403731399996,36.76988598710001,37.19587381970003
2026-02-28,12.96769373484342,77.50319691812854,35.66636114000005,34.943261918900035,35.19258938780002,35.30355540710002
2026-02-28,13.07239690944188,77.56947494143154,34.83578227999999,35.65665396320001,34.70905918850002,34.86505762130002
2026-02-28,12.94726945173174,77.6287074683618,35.19809240000001,35.54491888940004,35.257258326200024,35.21085870470002
2026-02-28,12.950573165408194,77.49019347346126,36.54137426,35.66933481740002,35.38480174250001,36.332447787500044
2026-02-28,13.110210228059051,77.61490717896034,36.73278338,35.83678361720002,35.63253983210001,35.887763385500016
2026-02-28,12.95402949464639,77.5393677212385,36.58580852,35.50239872060002,35.39744841650002,36.36611528450001
2026-02-28,12.846318771734126,77.5943332042058,37.13952776000002,36.101099103799996,36.03113223440002,36.389101469000046
2026-02-28,12.982579072930374,77.73912645857772,34.04280163999999,35.07246307490005,34.91390112710004,34.116818863100036
2026-02-28,12.934769527868744,77.70114801893365,35.5569845,35.116914425,35.04130782260003,35.46956863850001
2026-02-28,12.973679831526882,77.62361038710563,35.69370530000003,32.41457654270002,32.80711904960001,32.41295298320003
2026-02-28,12.975580093431294,77.61934064790702,35.36557538,34.868868713600044,34.56625431290003,34.41172562870002
2026-02-28,13.144072255495892,77.48550179188261,28.21507754000004,28.185528757100037,27.228329346200038,26.710448045900026
2026-02-28,12.897909730791138,77.59622380334645,36.76012753999999,34.86558741440004,35.50467170390004,35.74459961780005
2026-02-28,13.079228975109206,77.72450954913202,38.233294160000014,35.685108979700004,34.927812468500036,34.42891826929999
2026-02-28,12.939138686203346,77.74689132076332,37.94618048000001,35.76984169549999,35.90068350110004,36.20410113650004
2026-02-28,13.110432844545064,77.52467209653457,39.70646078000004,36.5586694412,36.65726222810001,36.92118464240003
2026-02-28,13.14785716610625,77.58218685170677,39.63126434000003,35.45729794670002,35.247568239500055,35.55956510510002
2026-02-28,13.134241937797306,77.58991445754901,41.22406166000002,37.69145253950001,37.889082455900024,38.416961464700016
2026-02-28,12.849738108181093,77.6644467972286,36.43541564000003,34.88790708500001,34.51889764580002,35.017484223200036
2026-02-28,13.126232236989658,77.6160552279467,38.325580700000046,36.01886154259999,35.19185451350001,35.50291142360002
2026-02-28,12.82620425119629,77.57484793869222,39.89103385999999,37.10596280360001,37.19250707000001,37.105928623400025
2026-02-28,12.98366794403543,77.48471173627846,35.741557580000006,35.74010492150003,35.66795051930003,36.00843658159999
2026-02-28,12.901094104892744,77.60119666214608,37.768443440000055,34.64338193420002,34.98540610550004,35.43634548410004
2026-02-28,12.855741875082426,77.73614083010798,44.65233572,37.70907243259999,38.21307657169999,38.17963124600002
2026-02-28,13.129505572557196,77.63630739272291,40.49260537999999,37.1476968278,37.51974830479999,37.77172473920005
2026-02-28,12.950355837818792,77.48083418558069,37.66932086000003,35.58106445090003,35.92532742530002,36.370182728300016
2026-02-28,13.061920306501046,77.65970891050158,35.83726214000001,36.065004812600016,35.91589369010003,35.11817909240001
2026-02-28,13.10139573217976,77.45072682387699,40.448171119999984,37.4990692838,37.6419425198,37.93214950790003
2026-02-28,13.143277995280426,77.63332538677751,40.98480026000004,36.5827152119,36.83498217800004,37.27865826410004
2026-02-28,12.917552612889148,77.4614001156095,40.766046980000056,36.295208459600005,36.54947496740001,37.36515126019999
2026-02-28,12.834570430725451,77.61935561096436,39.016020740000044,36.991151511800005,36.8214126386,37.045908192200024
2026-02-28,13.010353372423417,77.73189169760084,36.45250573999999,35.686852169900014,36.13909039610001,36.426135715700035
2026-02-28,12.876489464606989,77.67478702095578,36.81139784000004,34.62324979640004,34.50348237560003,34.297905562699995
2026-02-28,12.887567523838792,77.6704246722835,35.249362700000006,34.68014273930004,34.31576471720001,34.273466719700025
2026-02-28,13.101624211870329,77.62987372520979,38.54433398000003,35.144275675100026,35.76828649640001,36.25762732970003
2026-02-28,12.931916894367175,77.52262841970425,34.41878384000006,35.883080698100024,36.73676537330002,36.8409978932
2026-02-28,12.946250112964378,77.49726871987174,36.66784100000001,35.99633679080003,36.12365803580002,36.46833117260003
2026-02-28,13.113239619627006,77.53503657380642,45.33252170000003,37.8170305943,38.179221083600005,38.56723471400003
2026-02-28,13.059153886135396,77.73243956117416,40.89593174000004,36.60582102710002,36.32026254620002,36.61026445310001
2026-02-28,12.819505605498648,77.72621091649816,31.024689980000005,31.65693822950004,31.365073501700024,31.18208980100001
2026-02-28,12.909546018365656,77.68298231844491,35.30405102000003,34.92147204140002,34.45265641820001,34.412682674300015
2026-02-28,12.949715406716027,77.60720785142948,35.10922388000006,34.102223917699995,33.993001088600025,33.35116529300002
2026-02-28,12.9864474983532,77.56845722900128,39.41251106000004,34.905988410800035,34.855128273200016,35.59354022390003
2026-02-28,13.096219831964117,77.63892100054157,35.86460629999999,35.411120496500025,35.04006024530002,34.94387716250004
2026-02-28,12.94749504509898,77.7468916365703,37.891492159999984,38.03479264850001,38.376201576199996,37.763436040700014
2026-02-28,12.918669176893149,77.69759084530656,37.73426324000002,35.16466416440003,34.927231405100024,34.97492987420003
2026-02-28,12.801299024682644,77.66904276910321,38.34608881999998,35.67331681070002,35.59634300030001,36.135945817699984
2026-02-28,12.943836426831815,77.62308850820477,35.939802740000005,35.01305788730002,35.24816639300001,34.76232903020001
2026-02-28,12.892839568347354,77.47391630254687,40.06193486000001,36.32822653280002,37.6209387869,37.60620712070001
2026-02-28,13.07356801959764,77.50202035225105,37.84022186000004,35.42957780450005,35.05882517510001,35.22140329640001
2026-02-28,12.870148863834569,77.49893635265585,35.28696092000001,36.2804255231,36.580544769199996,36.662372168000005
2026-02-28,12.918344071461313,77.66426564316508,32.46025838000003,34.58165249300001,34.18360697390002,34.5082846937
2026-02-28,12.988368120525305,77.7059198651301,39.145905500000026,35.03580481039998,34.89072695150001,34.80500300990002
2026-02-28,12.915676163651632,77.70623813588557,43.93796954000004,36.4146340784,36.10301319500004,36.9483579014
2026-02-28,12.929186336678535,77.5006947750877,35.84751620000003,35.138755572799994,35.23056359000004,35.32332865280002
2026-02-28,12.848152723968647,77.62453138892162,38.74941518000003,36.144593408300004,35.80749118579999,36.63010605920004
2026-02-28,12.96514702245012,77.55279507077442,37.573616300000026,35.3256870866,36.082812696800026,36.18497731460004
2026-02-28,12.97049398498596,77.65241956116455,35.47153400000002,35.400165742400006,34.9897299008,34.35809689490004
2026-02-28,13.018249668799632,77.58127569998977,38.95107836,35.06489216060002,36.01434975620001,36.44329417610003
2026-02-28,13.129791805634222,77.46033654817998,38.985258560000034,37.0916412998,37.209802251199996,37.78310674580002
2026-02-28,13.050536682320436,77.69245586123252,35.85093422,36.23730720080002,35.67446184740001,36.4491731705
2026-02-28,12.856120976725595,77.62659004325954,38.26063832,36.934309839200004,36.9543052562,37.47563875670003
2026-02-28,12.874390787388544,77.67384959407265,36.56188238000004,35.3665666058,34.627898303600006,34.78647734150002
2026-02-28,12.855613200220327,77.72309543173519,39.48087146,33.134565365600025,33.0867985361,32.75525059610003
2026-02-28,12.96799000817539,77.55349010882294,36.47301386000004,35.41397454320001,35.02626853460003,35.10175550630001
2026-02-28,13.104221365838988,77.50467816119745,43.11080870000001,37.88205842480001,38.09525742230001,38.08549897520003
2026-02-28,13.074982569913484,77.48096530480343,39.84318158000002,35.99459360060004,36.00223287530003,36.45592376000001
2026-02-28,12.972820558617425,77.7392306779203,37.43347748000002,36.91645068470001,37.4389975823,37.416677911700035
2026-02-28,13.087760522120684,77.64538649431383,41.35052840000003,37.168153677500015,37.98070248200003,38.08544770490004
2026-02-28,12.920842444371443,77.47767116952414,38.0692292,35.58755868890003,35.9617464284,36.763648100599994
2026-02-28,13.093536079256186,77.48905339050285,35.70395936,35.244269850200006,35.20619310740001,35.63922206120004
2026-02-28,13.044532185059172,77.5500148293312,36.56871841999998,34.90786832180005,35.06285843870004,35.48565042260004
2026-02-28,12.9976609782628,77.63838223394008,35.31088706000003,34.814248754000005,34.741308207200035,36.240297968299984
2026-02-28,12.813612821385448,77.45185748695359,41.83246922000001,40.2311610302,40.56347802470003,40.248199859900026
2026-02-28,12.887695597692902,77.69720845130553,39.20059382,35.7526148747,35.77997612480001,35.6042386265
2026-02-28,13.093507978071283,77.55479238093224,38.87929994000001,35.666959293500035,35.01090453470002,35.28395306240002
2026-02-28,12.867131148781642,77.5841503991357,35.70054134000003,35.51354146580001,35.018765980700024,35.28673874870002
2026-02-28,13.010492148478347,77.6101858932628,38.58193219999998,35.4614166608,35.56101776359999,35.84148339470002
2026-02-28,12.936052555068782,77.56192455828396,36.2918588,34.871637309800036,34.7525193128,35.72950905950003
2026-02-28,13.14361312747014,77.51102742887792,39.25870015999999,36.54016086290003,35.81039650280004,36.45920505920001
2026-02-28,12.833771548869388,77.61908230974765,39.48428948000003,36.19142028230003,36.021339607100025,36.16646873630004
2026-02-28,12.99346283478785,77.71870588904933,36.48668594000003,35.47773770629999,35.356397996300004,34.486836618200016
2026-02-28,12.8801727555677,77.64456283909773,37.44373154000005,35.40544658330002,34.933537652000034,34.90590296029999
2026-02-28,12.93133894695154,77.53786748554649,35.762065699999994,35.6269171892,35.06311479020002,36.042138258799994
2026-02-28,12.814534984144007,77.66598080300817,40.766046980000056,35.116401722000035,34.94715846170002,35.786504543000056
2026-02-28,12.837811264133755,77.5634615282396,39.54239582000002,35.54324405960002,35.07685523060001,35.58219239750001
2026-02-28,12.800640062638324,77.74755604955259,37.08483944,36.37365201860001,36.838400198,36.53344445360001
2026-02-28,12.985237435319464,77.68879625582534,37.50867391999998,33.91372011470004,35.260197823400006,35.60844279110004
2026-02-28,13.056375585453283,77.58018162147593,35.95005680000003,35.846097721700026,35.70958200290002,35.43716580890001
2026-02-28,12.802494015377553,77.49698890625125,41.50775732,39.410050085600034,39.99608670470001,39.92635909670003
2026-02-28,13.14648363254777,77.59864997294514,43.16549702000003,35.63103590330004,34.9609159922,35.64193938710002
2026-02-28,12.910582602431294,77.69506405384116,37.40955134000001,34.84484003300001,35.214088733599965,36.139432198100025
2026-02-28,12.901740450895096,77.45338298279766,41.92817378000001,37.14060443630003,38.65278775460003,37.936661294300016
2026-02-28,12.919267287876725,77.6303695689335,34.483726219999994,35.6833657895,35.159246602700016,35.70918893060003
2026-02-28,12.970515401987296,77.50863990261091,36.60289862000002,35.66974497980002,35.93823045080003,36.544929000800025
2026-02-28,12.976163366038891,77.62170061593751,34.62044702000003,34.58770238840001,34.368077513300015,34.21590726290002
2026-02-28,12.889616536489608,77.69907175220533,37.48816580000005,35.23885228849999,34.1059495595,34.61436294440002
2026-02-28,12.951276999494327,77.52783181609668,36.86950418000004,35.005281891800045,34.893939890300004,35.80955908790003
2026-02-28,13.132846585282769,77.55345198541522,42.57759758000003,37.6854710045,37.494540407300015,38.08247402750001
2026-02-28,13.022329544235369,77.73192370588409,27.712628600000016,27.795737756300035,28.35489164810001,28.11087920030003
2026-02-28,12.929464258858578,77.51087799592534,36.37047326000004,35.94281059760004,35.73347396270004,36.4171121429
2026-02-28,12.871295082971546,77.56331457081974,38.15809772,34.424662834400024,34.79245887650004,35.70935983160001
2026-02-28,13.08599322142052,77.64945733319217,36.39098138000003,35.51701075610001,34.62477081530001,34.7278070282
2026-02-28,12.893230628621946,77.68357433762182,37.63855868000002,34.8697061285,34.7008901207,34.67793811640001
2026-02-28,13.062340045494937,77.69954810066501,37.37878916,35.923977307399994,34.90964569220001,34.513548444499996
2026-02-28,12.979226873981563,77.72947578461849,36.39781742000002,34.85107791950005,34.54063625300005,33.907277147
2026-02-28,12.98746454372752,77.69604588295385,36.134629880000034,34.57401321830002,34.5918040124,34.05103906820002
2026-02-28,12.944604167195314,77.49181182915711,35.78257382000004,35.64923685980004,36.46874133500004,36.58753462010005
2026-02-28,12.98245345094047,77.60185313655168,35.628762919999986,34.85998186160003,34.21819733630003,34.368436405400004
2026-02-28,12.836350164387463,77.62628552509575,39.99357445999999,36.75739312400002,36.56745375260001,36.863146662799984
2026-02-28,12.907867259304496,77.63024706792758,36.40123544000005,35.51161028450002,35.21820744770001,35.436806916800016
2026-02-28,12.921260568117434,77.70884535989042,40.14396734000002,35.72031458570001,34.20536267120002,35.12814262070004
2026-02-28,13.058032958204745,77.62676195057767,38.62978448000001,35.246987176100035,35.09115964430003,34.929042955700005
2026-02-28,12.88459906316288,77.7262250942645,36.36021920000002,35.28998586770002,34.5449942285,35.08770744410003
2026-02-28,12.929036043839398,77.4978614238227,36.42516158000001,35.75695576010001,35.55609581480002,36.094382694500034
2026-02-28,13.129327912051975,77.67036243641196,40.738702820000015,35.819556796400015,36.00207906440003,36.04553918870001
2026-02-28,13.042200491958216,77.53772836431757,35.73813956000004,35.21519959010001,35.27942418590003,35.889335674700035
2026-02-28,12.832959291894172,77.64883008255674,36.756709520000015,35.76211697030003,36.07703624300002,36.164349563900046
2026-02-28,12.879655366034934,77.67373188842137,38.95791440000005,36.15696664070001,36.3364468709,36.56584728320002
2026-02-28,12.849201572359476,77.73329172179197,41.24798780000003,37.31376132949999,37.28573356550001,37.16878601120001
2026-02-28,12.940167354103076,77.49749267453862,35.43051776000004,35.723305353200004,35.6438534783,36.38041969820002
2026-02-28,13.114784185841255,77.70894832333583,40.89593174000004,36.725366276600006,36.00508692200001,36.73855983380001
2026-02-28,12.981186815270048,77.7028784260958,38.17518782000002,35.65299668179998,36.393425264300014,36.61250325620003
2026-02-28,12.994830845352388,77.69857458440138,37.132691720000025,35.33566770500003,34.8977680727,34.19553586370003
2026-02-28,13.030868880515802,77.72212927360154,38.16151574000003,35.31656097320002,35.44827437390001,35.03457432320001
2026-02-28,12.83414746954147,77.68571222334548,38.36317892,37.09861406059999,37.43123867690004,36.862240887499986
2026-02-28,13.067983238664128,77.49797102258113,36.319202959999984,35.25020011490003,35.332557306800034,35.61879939170002
2026-02-28,12.879798370338175,77.45992281887122,41.57953573999998,36.40598648780001,37.8845364893,37.89614066720001
2026-02-28,12.906616338661808,77.68988890161985,35.83384411999998,34.89833204600004,34.846549043000024,34.91561013710001
2026-02-28,12.918185262874188,77.73536479937236,38.558006060000025,35.48496681860002,35.12210981540002,35.262556257200025
2026-02-28,12.936228790912615,77.56091436809061,34.808438120000005,33.859988840299984,33.96162366500002,33.33291306620001
2026-02-28,12.862058458241176,77.49940389191434,33.50959052000002,36.11518134619999,36.886303748299994,36.6004205555
2026-02-28,12.83934264238536,77.61039626433066,36.27818672000001,35.99866104440001,35.918952818,36.670831767500005
2026-02-28,12.976047558176774,77.56331417075059,37.07458538000003,34.704701213000014,34.4057611838,34.733258770100015
2026-02-28,12.815897388652925,77.49321751199152,41.00530838000003,39.60786799310004,39.5957340221,39.60588554149998
2026-02-28,12.835599100190104,77.72567195961909,37.35144500000001,35.158084475900054,35.01837290840003,35.373077933900014
2026-02-28,13.072508485044002,77.45429974180182,37.94276246000004,35.19006005300002,36.58056185930001,36.54089573720003
2026-02-28,12.908857544085585,77.51963772907337,35.56382054000005,35.372548140800006,34.87821699830001,35.1971353544
2026-02-28,12.896574402853032,77.64320875300912,37.11901964000003,35.06484089030003,35.67784568720001,36.18591727010003
2026-02-28,12.889579792149814,77.68728686743563,34.53841454000002,32.4270352256,32.60605402310004,32.20016414810003
2026-02-28,13.003483262305174,77.51167081894657,40.3763927,34.69873676810001,35.29174614800004,36.18039716780003
2026-02-28,12.812757662733915,77.52367232050591,40.58147389999999,39.047244352700005,40.225094044700015,40.167722578999985
2026-02-28,13.10214457272978,77.49700438693895,42.64595798000005,36.821942431700016,37.46881980679999,37.693417901000025
2026-02-28,12.922001346214344,77.54948201466122,36.67809506000003,35.29485654620001,35.10286636280002,35.634949536200025
2026-02-28,13.132504993557172,77.61029912203476,40.94036600000004,34.7897244605,34.32465156920003,33.50328427310003
2026-02-28,12.85731767974784,77.63649887361848,38.97158648000004,35.045973419900015,35.41958009600001,36.12857998460001
2026-02-28,13.010678112779177,77.5124071285603,41.2138076,35.094748565300044,35.36672041670003,36.20546834450001
2026-02-28,12.921185775410342,77.45313114025525,43.29196376000005,37.60603621970003,38.4562174244,38.24573575280002
2026-02-28,12.841592035249985,77.5352440867331,30.83328086000006,31.52850612800002,31.200307847600044,30.93506949560005
2026-02-28,12.868063422873186,77.64244736039322,36.42857960000004,35.470901666300016,35.3200644437,35.273032488500014
2026-02-28,13.062363135254447,77.69719792490267,38.01112286,36.316041291500035,35.6474936696,35.26759783670001
2026-02-28,12.855370500334374,77.72388015276738,39.07070906000001,37.87498312340001,37.918682509100016,38.05295942480004
2026-02-28,12.937752445648355,77.46522251403304,38.393941100000006,36.24785179250001,37.118609477600025,37.08084035660005
2026-02-28,12.855467393287578,77.60205555085528,36.38756336000006,35.19657138110002,35.08871576000002,35.161690487000016
2026-02-28,13.081039541281132,77.49994087776881,38.74599716,36.01947678620003,35.74113032750004,35.96875336940002
2026-02-28,12.910188734627544,77.54293527068836,36.09019562000003,36.00489893090001,35.95648267760001,36.42722948210002
2026-02-28,12.958164472736298,77.61217336084606,34.887052580000045,35.1672789497,34.68540649010001,34.800662124500015
2026-02-28,12.939647045982737,77.634232348094,37.49158382000002,36.15995740819999,36.45207848750001,37.00600280870001
2026-02-28,13.019474060612538,77.69122550513285,36.89001230000002,34.78929720800002,34.46002225130002,33.40633213579999
2026-02-28,12.921917171228246,77.72475329828814,38.15467970000003,35.820906914300025,35.332249685,35.75343519950001
2026-02-28,12.831574735456304,77.74220171813695,39.76798514000001,36.17450108330001,36.6234238301,36.56941911410001
2026-02-28,13.02142389987778,77.60406505519431,35.82700808000004,34.98526938470001,34.24848099350002,34.805327721800055
2026-02-28,12.800176434504332,77.48532555090526,36.69860318000002,37.91591391290002,37.97689138970002,37.75907806520001
2026-02-28,12.817463959968949,77.62115247844181,38.37343298000002,35.992371887599994,35.723134452199986,36.54091282730002
2026-02-28,13.0979521678381,77.59704994111691,38.099991380000006,35.10040538840004,35.019705936200026,34.88018235980002
2026-02-28,13.025118537283966,77.71278581782634,35.96031086000005,34.94462912690005,34.61195324030001,33.83033751680001
2026-02-28,13.101334392418956,77.52327323875136,41.61371594000002,37.18204792880003,37.14870514370004,37.31909344070005
2026-02-28,12.936493985994414,77.58432658746312,35.31088706000003,34.3922600048,34.09162805570005,33.7496893349
2026-02-28,13.003550905038775,77.51455807288156,39.55264987999999,37.108594679,36.69463827680004,37.094102274200026
2026-02-28,13.029601125135734,77.45007490665627,40.23283586000002,36.480943666400016,35.654842412600026,36.555183060800005
2026-02-28,13.118624637592983,77.6867977061573,39.25870015999999,36.93104563010002,36.289312375100046,35.8806026336
2026-02-28,12.863120589359566,77.46763302711257,37.41638738000006,35.575646889199994,34.97537421680001,36.20162307200001
2026-02-28,12.83246524783357,77.51707606703029,42.38960648,40.094628221300006,40.0800332759,39.96484600190001
2026-02-28,12.9132522337699,77.57044757788685,35.621926880000046,34.389764850200045,34.872406364300026,35.281338277100005
2026-02-28,13.020598621975443,77.6718647710208,36.85241408000002,35.03360018750003,34.63721240810003,34.201602849199986
2026-02-28,12.874379359601075,77.67063204791008,35.82700808000004,35.4258008924,35.11845253400004,35.25278072000001
2026-02-28,12.843024790532702,77.73997127674757,37.14636380000002,35.87304880940002,35.5235904446,35.66714728460001
2026-02-28,13.067657293120812,77.60730312058891,39.97648436000003,35.366258984,35.35726959140002,35.61476612810001
2026-02-28,13.12584299991182,77.63764611479951,39.09805322,36.43088676349996,36.71772700190001,37.049531293400015
2026-02-28,12.961160446156583,77.49188425279578,36.70543922000002,34.763730418400044,36.27129940970003,36.674677040000034
2026-02-28,12.90295735072086,77.50205177231729,36.01158115999999,36.239511823700006,36.84838081639998,37.01492384089999
2026-02-28,13.139764819191653,77.46690432854933,37.03356914000005,36.42752001380005,35.935393494200035,36.47933719700002
2026-02-28,12.88085439857362,77.6683631284796,36.74645545999999,35.28352580990003,35.178267884000036,34.61104746500005
2026-02-28,12.823467003989496,77.73138156883901,29.630137820000016,29.173592888599988,29.603801975900016,28.782246688700006
2026-02-28,12.95199197976788,77.70092166744534,39.79191128000002,35.2658033762,35.66559208550004,35.91615004160001
2026-02-28,13.08662300260892,77.57939500240862,35.22885458000002,35.46071596670001,35.198981085199996,35.24908925840001
2026-02-28,13.069251469400976,77.46149468554202,38.76308726000002,34.940698403900015,36.501827768600016,36.43143364670002
2026-02-28,12.839568049881697,77.52458861555112,39.00918469999999,37.635448281799995,37.93592642000001,37.386736056500006
2026-02-28,13.073684524101072,77.64435533361792,37.7616074,35.63894861960001,35.2511229803,35.192897009600024
2026-02-28,13.075923658230122,77.56735007777229,37.474493720000055,36.192018435800016,35.60152130060001,35.93023228400003
2026-02-28,12.862333379040034,77.65056558119294,38.04530306000004,35.55413045330001,34.98316730240001,35.172217988600025
2026-02-28,12.823913648093544,77.50271884299978,37.17712598000003,38.6007142199,39.097249985299996,39.11731376269998
2026-02-28,13.064479472663637,77.63872940222349,36.85241408000002,35.10223402910005,34.886215165100026,34.81874345030002
2026-02-28,12.800503694575363,77.74482552544109,37.89491018000001,35.804278246999985,36.250637478799995,36.71512930670001
2026-02-28,13.139098548327576,77.52978307405232,40.656670340000005,36.9008474234,36.878784104300024,37.34149856180002
2026-02-28,12.826422376666898,77.58386549503805,41.206971560000056,36.74315707070004,36.6405993806,37.107090750200015
2026-02-28,12.92139181139426,77.49063169017748,36.9241925,36.07708751330001,36.573777089600014,37.24622125430001
2026-02-28,13.146548659110412,77.64297023788595,38.11366346,35.93390665550001,35.47469566850003,36.36474807650002
2026-02-28,12.843765342975834,77.6331480126527,37.047241220000046,36.69598839470001,36.64574350070002,36.94148768120002
2026-02-28,12.869209336992894,77.74695973362869,39.15615955999999,36.385290376700006,35.265974277200044,35.39546596490005
2026-02-28,12.806802390768096,77.61053854150515,38.05897514000003,36.14259386660005,36.29931008360003,36.084367895900016
2026-02-28,12.971322663787577,77.74504710456185,35.86802432000002,34.03196651660001,34.10830799330004,33.475735031900015
2026-02-28,13.083418038746782,77.59516564361195,37.21472419999998,35.88186730100003,35.396012848100014,35.34122198750003
2026-02-28,13.08187695915858,77.67028392191266,39.10147124000002,36.64586313140001,36.598369743500015,36.0570579161
2026-02-28,12.976946638570787,77.52942475348324,34.47005414,35.621328726500025,34.71700608500002,35.67188124230002
2026-02-28,13.119439932572831,77.59729729264575,33.84797450000002,35.23143518510001,34.89848585690002,34.35879758900002
2026-02-28,12.901578819764683,77.73655200391843,42.868129280000005,36.4803455129,36.70044891080001,37.301781169400016
2026-02-28,12.871542289274796,77.60189409437798,37.40271530000001,35.457827739800024,35.26812762980002,35.04209396720001
2026-02-28,12.959014660255397,77.52903468166383,34.94515892000004,35.20080972590004,34.92312978110001,35.185787528000034
2026-02-28,13.146013301628985,77.67337787572875,39.66886255999998,35.640725990000035,35.86612731890002,36.06780758900003
2026-02-28,13.02725845548091,77.67871764488903,38.51357180000002,35.614167974600015,35.63939296220003,34.87684979030002
2026-02-28,13.127784354089188,77.51219913218489,36.76696358000004,36.233786640199995,36.05167453460004,36.529701721700015
2026-02-28,12.88881907577388,77.53155003064353,33.318181400000014,36.10878964880003,35.51533592630001,36.07941176690004
2026-02-28,12.872861105368909,77.55838813297099,39.084381140000005,34.85458139000001,34.83364601750002,34.88963318510002
2026-02-28,12.911878975794082,77.49823822922922,35.06137160000003,37.000243444999995,37.10280113510002,37.38839379620004
2026-02-28,12.999356287294695,77.53794029850812,34.19661254000005,35.08758781340002,34.840840949600015,35.431474805600004
2026-02-28,12.936624676468846,77.54050001253552,35.42368171999999,35.93414591690002,35.41650387800001,36.00503565170002
2026-02-28,13.06911823023426,77.73007687383952,38.11366346,36.07765148660001,35.56009489820003,34.893768989300014
2026-02-28,13.00665140717296,77.67379340429132,36.14146592000003,35.183155652600014,35.173499746100035,34.60557863300002
2026-02-28,12.940136845638484,77.47997398819018,38.325580700000046,35.69637135560002,37.02575896430003,36.8148329501
2026-02-28,12.911249178819729,77.73972821219853,36.83190596000003,34.814351294599994,35.364874685900006,36.0334906682
2026-02-28,13.13898613640776,77.56123090018947,39.13906946000003,35.42202398030001,35.757776084899994,36.58051058900002
2026-02-28,13.009124957001552,77.72172383546194,43.54489724000001,36.95049416390001,37.08670226090001,37.08596738660003
2026-02-28,13.043927634610773,77.51266788807153,37.279666580000026,35.53216967480002,35.38040958680003,35.837672302399994
2026-02-28,13.140178613877689,77.62859938996007,34.95883100000003,35.4148290482,34.95637002560002,35.04600760010004
2026-02-28,12.905115576134332,77.58775092824509,34.483726219999994,34.465884155600016,34.56685246640001,34.45474141040001
2026-02-28,12.849669324484026,77.51132759503943,34.16243234000001,36.153822062300044,36.29712255080005,36.01016268170003
2026-02-28,13.123479401471643,77.50659870288004,40.54729370000001,38.251871098700015,38.32274374339998,38.40463950260004
2026-02-28,13.115997726859682,77.7128633412068,40.048262780000016,36.74471226980002,36.70827617660002,37.73933899970005
2026-02-28,13.126316922126044,77.50197090605778,38.77334131999999,35.3717619962,34.785930458299994,35.58485845310001
2026-02-28,13.128638332800842,77.7418072959939,42.02387834000001,36.79955440070001,36.95292095810002,37.323793218200024
2026-02-28,13.131594500903237,77.47355194742039,35.32455914000002,33.14052981050003,32.23441270850001,32.16224121620002
2026-02-28,13.036047550818813,77.55356853599189,35.61509083999999,35.43193623830001,35.04537526640002,35.44935105020002
2026-02-28,12.825549105003615,77.52971740191698,33.205386739999994,36.391647893900014,36.903513479000026,36.57066669140003
2026-02-28,12.913429286482868,77.54527028398897,36.086777600000005,35.92527615500001,35.455435125800015,36.17004056719999
2026-02-28,13.109224715384158,77.73829642406959,36.74987348000002,35.85537764600002,34.62084009230001,34.40024108150001
2026-02-28,13.094314017419102,77.54348996809254,36.06626948000002,37.029091533800006,36.49999912790001,36.68766551600004
2026-02-28,12.812961402132355,77.62296966193469,39.61417424000001,35.41870850090002,35.494041661700024,36.02969666600001
2026-02-28,13.07386358447601,77.46442791181794,38.04872108000001,35.9230715321,37.14566310590001,37.0881207392
2026-02-28,13.06817503841354,77.66350532631675,41.083922840000014,35.85337810430003,35.331736981999995,35.62821603680001
2026-02-28,12.905584678410172,77.58722615516903,35.40317360000006,33.838523674699985,33.74141772650001,33.36307709269999
2026-02-28,12.864803974283255,77.70719310317835,38.88955400000003,35.83774066280001,35.53943296729998,35.432243860100016
2026-02-28,13.007180017148126,77.47140357375231,38.67763676000004,36.237050849300005,35.359747655900016,36.3253212158
2026-02-28,12.823742010299922,77.56382822320987,41.059996700000056,37.36051984310001,36.99650071310002,36.928601745800016
2026-02-28,13.14884617136424,77.6940094618833,33.755687960000046,32.33982444530003,31.567369015400036,31.521482096900026
2026-02-28,13.113356890021402,77.54867694856205,39.22110194000004,35.781104071399994,35.8105844939,36.682230864200015
2026-02-28,12.87149069882314,77.59150943764809,34.746913759999984,35.61466358750002,35.03753091050001,35.45709286550002
2026-02-28,12.859672132769887,77.45408068786234,42.164017160000014,36.9483579014,37.5981747737,37.65959659309999
2026-02-28,12.983567969147982,77.48552623935882,36.62682475999998,35.25546386570005,35.08278549530003,35.17999398410002
2026-02-28,12.860615993609594,77.61780324347994,37.84705789999998,37.08906069470002,37.40961970040003,37.33131286220003
2026-02-28,12.883566380859325,77.60239802843826,36.61998872000004,35.62919017250002,34.8599647715,35.29904362069999
2026-02-28,12.876267581100482,77.7421225268561,40.83098935999999,36.048547046299994,36.46419536840002,37.16061694340003
2026-02-28,13.046175922362217,77.50796432393601,36.77721764,35.15227384190005,34.8139411322,35.54867871140005
2026-02-28,13.119283188603363,77.64277842462076,40.92669392000005,35.914834103899985,36.13707376430002,36.75318895940002
2026-02-28,13.071068041504668,77.69730941330393,39.99357445999999,36.45812838290003,36.700175469200055,36.78798440300004
2026-02-28,12.880377667146693,77.4993169930194,37.67957492000005,35.99888321570001,37.05142829450001,36.89907005300002
2026-02-28,12.898873823537398,77.66910849311638,35.31088706000003,35.1976822376,34.57408157870003,34.65288402980002
2026-02-28,13.13936857678677,77.45619065416471,38.63320250000004,36.00113910890001,35.80771335710001,36.39687746450002
2026-02-28,13.078473353107764,77.66232586066589,35.509132220000026,35.795271764300004,35.32438823900001,34.7974320956
2026-02-28,13.01770281107256,77.65217432774119,36.72936536000003,35.608835863399996,35.10026866760004,34.912482648800015
2026-02-28,12.918411322394697,77.67957762300168,29.650645940000004,28.784998194800046,29.20507285280003,29.040512279900035
2026-02-28,12.977413749360949,77.60127951344572,34.12141610000003,35.159896026500014,34.06689868100001,34.58425018820002
2026-02-28,12.833182419744622,77.49084006939589,44.19432103999998,40.06222539170003,40.152324398900014,40.3063574702
2026-02-28,12.88252032486123,77.52639640795324,34.073563820000004,35.5812695321,34.19874880250002,34.39453298810001
2026-02-28,12.8625231828987,77.60633704773099,35.94322076000003,34.485007977500054,35.29454892440003,35.89095923420004
2026-02-28,13.106583668276931,77.62467107886046,36.42174355999998,34.52518680259999,34.30663860380003,33.71506479230002
2026-02-28,12.880404351769933,77.54927805549832,34.55550463999998,35.99676404330003,35.507662471399996,35.944998130400016
2026-02-28,13.1221141755723,77.63190439900615,35.88169640000001,36.0186906416,36.315511498400014,36.332687048900006
2026-02-28,12.99303882791774,77.53062990333002,34.76400386,35.450239735400025,34.885924633400016,35.849977174400024
2026-02-28,12.892311619219669,77.66647342224587,37.12243766000006,34.84497675380004,34.901322813500016,34.60619387660003
2026-02-28,13.029962452685764,77.56011101693905,35.758647680000024,35.546798800399976,35.52157381280001,36.121162881200036
2026-02-28,12.937830047037078,77.71015838125672,35.78257382000004,34.71567305720001,34.367120467700005,34.65469558040003
2026-02-28,13.073120851406896,77.57344904042365,36.07310552000001,35.37813660350002,34.53417619520002,36.21124479830003
2026-02-28,12.921942865635438,77.74582624155727,44.67967987999998,34.75409160200001,35.239194090499986,35.98806518240002
2026-02-28,12.985929808336724,77.595756516958,34.79476604000001,35.240783469800014,34.16494458470001,34.747546093700024
2026-02-28,12.93133255194792,77.71382584533967,36.81139784000004,35.57639885360001,35.1743713412,35.91196296710001
2026-02-28,12.856763791347651,77.62696970651481,38.92715222000004,35.77835256529999,36.35738224340002,36.40873799390007
2026-02-28,12.807159727972955,77.61345931478408,38.5990223,36.31503297560002,36.0449239451,36.76518620960003
2026-02-28,12.830411295078816,77.6837775115638,36.73278338,34.95100373420004,35.31153648380002,35.75340101930001
2026-02-28,12.83056535718516,77.56103482817191,39.35440472000005,36.090366521,37.13869034510003,37.19809553270003
2026-02-28,13.025854571522103,77.55781075707708,35.44077182000001,32.9195035472,33.14148685610001,32.71922466530002
2026-02-28,13.125072096866756,77.57368521944393,36.04234334,35.47259358620001,34.91790021050002,34.79828660060003
2026-02-28,13.00759042568763,77.54927300424838,35.80649996,35.78696597570002,35.28333781880001,35.902990664600026
2026-02-28,13.00273222400208,77.56525346105008,34.86996248000003,35.057509237400005,34.122783307999995,34.18213722530001
2026-02-28,12.977221372081232,77.6268913080243,36.13121186000001,33.93956034590005,34.63316205440003,35.199767229800024
2026-02-28,13.027144844412891,77.58033090612638,35.85777026000005,34.97586982970001,34.7160319493,34.69810443440001
2026-02-28,12.902395713358304,77.64829553399944,38.20253198,35.9065966757,36.19224060710004,36.319698572900045
2026-02-28,13.105897665145374,77.62481224911879,37.050659240000016,34.91290990130003,35.43584987120003,36.212304384500015
2026-02-28,12.97086292703652,77.74401534485794,36.45592376000002,34.80098683640006,34.77617201120003,34.06107095690003
2026-02-28,13.051151637443263,77.67214854761852,37.741099280000014,36.27570865550001,36.86905983740002,36.7914195131
2026-02-28,12.86497955093152,77.4876761085186,39.83292752,36.902470982900034,37.17239202229999,37.626937411999975
2026-02-28,13.097274766636902,77.5500480619681,40.89251372000001,36.28143383899998,36.34859793200001,36.83288009570001
2026-02-28,12.840245208011028,77.59721183647589,40.26701606000006,37.50164988890001,37.140091733300004,36.97694963870004
2026-02-28,12.858092617975458,77.6989133731518,39.50137958000005,35.45599909910001,35.174166260000014,35.02831934660003
2026-02-28,13.042744336112404,77.51153573928568,36.68151308000006,35.04901545770004,35.25233637740001,35.71759725980004
2026-02-28,12.84088337510034,77.67712913880666,35.78940985999998,35.51550682730002,35.1494539754,35.708573687000026
2026-02-28,13.057460307665574,77.63310791027054,39.19033976000003,34.878849332000044,35.74273679690001,36.20550252470006
2026-02-28,12.893448518498795,77.65223318620191,41.15570126,35.54088562580001,36.10578179120002,36.42962209610005
2026-02-28,13.05140350962105,77.6175403336591,35.98423700000001,35.558488428800004,35.596445540900014,35.08112775560001
2026-02-28,12.833835130546555,77.49635716480356,38.69814488000003,39.05604575420001,39.57490119019999,39.45574901300003
2026-02-28,13.059526813279543,77.6611871177566,37.08483944,35.69567066150003,35.827384062200004,35.59998319160002
2026-02-28,13.108035507936952,77.73914355817942,36.84557804000002,36.60329169229999,35.72186978479999,36.361552227800004
2026-02-28,12.878173669861289,77.68016365104772,37.77527948,34.935485923399995,35.15423920340001,35.81323345940001
2026-02-28,12.821379197401187,77.68847323570616,39.82267346000003,35.49320424680005,35.27125511810002,35.591967934700044
2026-02-28,13.111510506490252,77.67019002443946,39.193757780000055,35.90746827079999,35.67699118220002,35.72699681480001
2026-02-28,12.800441274022871,77.61563056695618,35.83726214000001,36.66881513570001,36.3979199606,36.73461202070001
2026-02-28,13.112745605225298,77.60577232309373,37.60437848000004,34.84225942790003,34.58643772100001,34.39873715270001
2026-02-28,12.9197321781434,77.50941355960357,35.61509083999999,34.94671411910002,35.421186565400035,35.382050236400026
2026-02-28,12.930567690677334,77.57580511089391,33.99494936000002,35.087844164900034,34.8353208473,34.50531101630001
2026-02-28,12.901348607268526,77.45756519089772,40.936947980000014,37.393196114300025,38.53107206240003,37.92652686500001
2026-02-28,13.09093899052056,77.62220895339668,38.67080071999999,36.64810193450001,36.551132707100024,36.68852002100003
2026-02-28,13.052933788952892,77.4968546152086,36.77379961999998,34.76191886780003,35.33462520890002,35.929497409700026
2026-02-28,13.12822037358614,77.48851003042452,37.95643454000003,35.439746414,35.30687088650003,36.06939696830002
2026-02-28,12.910650275951271,77.61096490355742,33.89582677999999,32.9282024081,33.19841397920003,32.93139825680001
2026-02-28,12.979559671097329,77.6326739299652,34.19319452000002,35.440122396199996,34.897511721200026,35.30377757840004
2026-02-28,12.81700429523125,77.47207712449978,44.173812920000046,40.24556798450002,39.10176177170001,39.344424101600005
2026-02-28,12.807918287358916,77.5032083662765,36.93102854000006,38.06203426790001,38.40002517560002,38.3205220304
2026-02-28,13.00718004067348,77.59716727961306,35.6595251,35.47175617130003,34.99371189410001,35.29608703340002
2026-02-28,12.881471115940132,77.60807940044609,34.83236426000002,34.074691766600004,34.09919897000003,33.5570155475
2026-02-28,12.840908282129504,77.50322075769817,37.78895155999999,39.40926394100003,39.61950635120004,39.55442725040006
2026-02-28,13.091085986078872,77.58357058408683,35.94322076000003,35.49838254710002,35.45095751960002,35.310220546100005
2026-02-28,12.808804500181251,77.51239229814146,37.88123810000002,40.0878263615,40.12576638350004,40.01565486920001
2026-02-28,12.890255155328228,77.56211317398504,38.79043142,34.794202066700045,35.05621038980002,35.61297166760004
2026-02-28,13.044717502446476,77.59216870662868,37.63855868000002,35.084528685500004,34.548959131700016,34.92142077110003
2026-02-28,12.878530067139923,77.64665515632714,37.04382320000002,34.413109926800054,34.39972837850003,35.330113422500006
2026-02-28,13.04288361129243,77.56232133960356,35.35532132000003,33.563373064700016,33.518750813600015,33.14254644230004
2026-02-28,13.124205924236025,77.4983962107228,36.1893182,35.8202062202,35.25930913820001,35.93341104260002
2026-02-28,12.897184574103688,77.63001139422389,37.16003588000001,35.5762279526,34.98620934020002,35.58381595700002
2026-02-28,13.119553295927442,77.57949850250003,34.79476604000001,35.69391038120001,35.43287619380001,35.52386388620004
2026-02-28,12.953008489927145,77.6509406535971,36.196154240000055,34.96040328920002,34.58587374770003,34.48133360600003
2026-02-28,12.860498254443865,77.73590230623417,39.4364372,34.8401915258,35.450051744300005,36.151173096800015
2026-02-28,12.80349608625411,77.46117862326663,40.33537646000002,40.194485675600006,40.144565493500004,40.07822172530001
2026-02-28,12.870810109881315,77.73484915682909,39.59708413999999,34.9045528424,35.1849501131,36.0960575243
2026-02-28,12.858974174237789,77.45166996240977,41.818797140000015,37.01420605670001,38.99727290030001,38.2454110409
2026-02-28,12.822836448851922,77.65122156811836,39.132233420000034,36.7304591264,36.44332835630004,36.573811269800025
2026-02-28,13.097695766356749,77.71843623976966,40.3763927,37.356281498300035,37.3445064194,37.77396354230001
2026-02-28,13.085727304542967,77.58416674686883,34.316243240000006,35.45986146170005,34.82903169050003,34.90552697810001
2026-02-28,13.139318890382196,77.63440794314344,34.53157850000002,34.649876172199995,34.42990949510004,34.263058848800036
2026-02-28,12.860745892718532,77.61411056300707,36.80114378000002,34.8310995926,34.52294799950002,34.50020107640001
2026-02-28,12.869104917619042,77.46008295241005,43.74314240000001,37.25678293609999,38.19737076980001,37.843605699800015
2026-02-28,12.80069808208056,77.5781251574555,34.71273356000006,34.34312596730004,33.70614376010005,33.426840255800016
2026-02-28,13.06603853946556,77.64053770789383,38.38710506000001,35.350604452400006,35.45152149290002,35.7314060606
2026-02-28,13.03845187904938,77.72098150407611,32.67217562000002,31.626722932700037,32.133734929400006,32.145014395400025
2026-02-28,12.83717028896536,77.50634325429061,39.74405899999999,39.00523688690002,39.11454516650002,39.147409428799975
2026-02-28,13.091476743965114,77.74746611392189,40.86858758000005,37.76796491720003,38.05841116670001,38.29768965680004
2026-02-28,12.820954581623331,77.52444769792868,37.48474778000002,37.42930749560002,38.1695993573,37.92939800180003
2026-02-28,13.052948792910094,77.68307763800502,41.37445453999999,35.97396584990001,35.94127248860005,35.48725689200001
2026-02-28,12.831224108588003,77.58345552311093,36.76354556000001,35.208585721400034,34.80707091199999,35.08927973330001
2026-02-28,13.134163425538093,77.73185232447767,43.28170970000002,35.8196935172,36.29932717370001,36.4233842096
2026-02-28,12.815455494216698,77.55736910111506,37.11901964000003,36.06732906620002,36.93495926299999,36.8345549255
2026-02-28,13.04354619003622,77.45663656444482,41.94184586000006,36.71923093069999,37.08465144889997,37.192609610600016
2026-02-28,12.975516869398172,77.51391792637251,37.63514066000005,35.077402113800034,35.12889458510001,35.622661754300005
2026-02-28,13.13123885755508,77.56048458855899,40.59856400000001,36.364491724999986,36.2515432541,36.659005418300005
2026-02-28,13.008125103928666,77.6721316704696,37.18738004,35.18893210640001,35.152820725100014,34.67978384720003
2026-02-28,12.81016487545098,77.63465105392042,44.16355886000002,37.56524215100001,37.06216087730001,37.60743760790002
2026-02-28,12.93685512307183,77.66315853415679,28.17064328000004,30.16734802340001,31.252090850600005,30.649442654300007
2026-02-28,12.860797275672317,77.673081394307,36.98229884,34.61070566300002,35.14670246930003,35.31589445930004
2026-02-28,13.13740960435724,77.56811154094369,36.84216002000005,35.581987316300015,35.61731255300001,36.17873942810002
2026-02-28,12.814429729295348,77.72905345361934,38.30507258,35.12800589990003,34.60229733380003,35.29215631040001
2026-02-28,13.065939720447805,77.64615481761754,35.707377380000025,34.51318955240004,35.39601284810007,35.94236625500005
2026-02-28,12.90800665024298,77.66861488481652,37.11901964000003,35.84729402870002,35.297044079000024,35.090270959100046
2026-02-28,13.114261474407794,77.58161538919674,37.31726480000003,34.811121265700024,35.14560870290003,35.784265739900036
2026-02-28,13.049269215290936,77.73628356894532,38.69472686000006,34.10887196660005,35.14501054939999,35.611125936800015
2026-02-28,12.851394709427542,77.69052495479869,41.36761850000005,36.12852871430002,35.8028426786,36.44445630290002
2026-02-28,13.129016741296365,77.60027743466537,39.76798514000001,37.33779001010001,37.72105259270003,38.14880070560004
2026-02-28,13.136477894360723,77.5369106855731,38.56826011999999,35.9713510646,36.12157304360001,36.75730767349999
2026-02-28,12.844927842427028,77.56677957637348,41.93159179999998,37.33406436829999,36.65565575870002,36.82131009800001
2026-02-28,13.020217569159268,77.73466597102976,34.15559630000001,34.89785352320003,35.35861970930001,35.89940174359999
2026-02-28,12.9999713457829,77.5975607657089,33.10968218000005,33.813315777199975,33.49285931210001,32.6885650259
2026-02-28,12.915257464931004,77.4969534310338,37.412969360000034,35.64467380310005,35.67555561379999,36.27688787240001
2026-02-28,13.14123543476823,77.63497719233006,39.90812396000001,36.09127229630002,36.00452294870002,35.930232284000006
2026-02-28,12.890719330325288,77.62600710586754,37.365117080000005,35.42807387570002,35.01568976270003,35.524718391200004
2026-02-28,12.815651833306916,77.65652623124849,41.323184240000046,36.209809229899996,35.863546713800005,36.577929983900006
2026-02-28,13.125032285651583,77.7310799135648,38.64345656,36.41832554,35.19751133660003,35.31828707330003
2026-02-28,12.89772930123632,77.5724739496437,36.92077447999998,34.76537106800003,34.85630749010003,35.96374597010003
2026-02-28,13.084420767725293,77.5179635743606,41.63422406000001,37.14655179110003,37.06180198520004,37.44913201160004
2026-02-28,13.058303585096048,77.50962841772987,36.73961942000005,34.75125464540004,35.52336827330002,36.00019915340005
2026-02-28,13.071545945764914,77.53717554701971,37.327518860000055,37.5427857596,37.34633506010001,37.343925356000014
2026-02-28,13.078650076212822,77.50470517182353,38.02137692000002,35.97294044390001,36.09380163110001,36.40104744890001
2026-02-28,13.024590957966698,77.65668715367238,35.61509083999999,35.20092935660001,34.602741676400036,34.49661215540001
2026-02-28,12.877226765083536,77.5812427214711,36.148301960000026,34.22255531180005,34.991849073200044,35.381041920500046
2026-02-28,12.945705342766336,77.53572411514328,36.37389128000001,34.88824888700001,35.43764433170004,35.431457715500024
2026-02-28,12.95337672833534,77.67717571574299,42.17768924000001,36.15818003779999,36.4323223319,36.7691340227
2026-02-28,13.01955978174226,77.565404203414,31.25027929999999,33.98503710200004,32.87235196130002,32.4305045159
2026-02-28,13.065466274392016,77.68246543074173,39.51846968000001,35.51118303200004,35.588857536500015,34.828433537000016
2026-02-28,13.026325505792052,77.54914956326523,35.80308194000003,36.54872300300002,36.40513198280003,36.55731932330004
2026-02-28,12.8829591697298,77.53376757311929,38.58535022000001,36.4422345899,36.2347607759,36.491419897699984
2026-02-28,12.920193114376351,77.65131424479617,35.55356648000003,34.296350363600034,34.63763966060001,35.16080180180005
2026-02-28,12.929812901864045,77.47564516082205,40.444753100000014,35.88755830429999,36.039984906200026,36.114651553099996
2026-02-28,12.89448920188298,77.62455065810698,37.08825746000002,34.655242463600054,34.706222231900014,36.03588328220003
2026-02-28,12.870283530866056,77.6433058710399,35.89195046000003,34.59183819260004,35.323379923100035,36.11502753530002
2026-02-28,12.847669967902682,77.73954804071852,39.57999404000003,36.262327107200036,35.04074384930003,35.98162221470003
2026-02-28,12.969544066113524,77.58706773568602,34.04621966000002,32.49503673350002,32.95100060150002,32.87394134060003
2026-02-28,12.842291511696642,77.57463143145029,40.56096578000006,36.614895870200016,36.91853567690001,37.005763547300006
2026-02-28,13.052536409311662,77.52750360742797,33.39679586,35.86212823550004,35.14593341479999,36.01050448370002
2026-02-28,13.0456473063432,77.50827915046447,36.59606258000002,35.962088230400035,35.39066364680003,36.22795891610004
2026-02-28,13.147010789112752,77.48697160234956,26.875213700000018,28.137420125600038,27.354864446600047,26.915136173600022
2026-02-28,12.913533945814594,77.5109834362146,36.17564612000001,35.38285347110005,35.248286023700004,35.62913890220002
2026-02-28,13.04694911316121,77.48964845089337,35.17074824000002,35.252062935800055,35.05662055220001,35.515028304500035
2026-02-28,12.8498729060397,77.53106760617837,37.11218359999998,39.730079298199996,39.77003595200002,39.561639272600026
2026-02-28,12.949637626041852,77.53071504874556,38.40077714000006,36.64408576099999,37.28272570790001,37.20300039140002
2026-02-28,12.985466943222388,77.48903306571155,36.71569327999998,35.69796073490002,35.53603203740002,35.79665606239999
2026-02-28,13.079700681293028,77.60476507660856,38.29481852000004,35.01220338229998,35.018441268800004,34.68523558910001
2026-02-28,13.111997074975797,77.46591056984339,39.23477402000003,35.958516399500034,36.04071978049999,36.67248950720003
2026-02-28,12.843250380121216,77.47199384776349,40.458425180000006,38.818800985999985,39.300587995100024,39.13929163130003
2026-02-28,13.091720912303677,77.45836289866146,38.86562786000002,36.70786601420003,34.888744499900035,36.15190797110003
2026-02-28,13.05326023612872,77.50760053770163,36.91052042000001,35.695944103100025,35.379281640200006,36.04090777160003
2026-02-28,12.808369297240109,77.471497947149,43.68161803999999,40.85500095050005,41.178824165300014,40.94651843600001
2026-02-28,12.967506537741349,77.71167303135012,36.30894890000002,34.06529221160003,34.74693085010002,35.16003274730001
2026-02-28,12.99907846489927,77.63614934770656,36.1893182,35.77408004030003,35.30635818350002,35.383468714700015
2026-02-28,13.066358405998104,77.56632261501969,35.92954868000004,36.59693417510002,36.30134380550001,36.45700043630002
2026-02-28,13.040215428674882,77.45388685403319,41.25140582000006,36.9398641217,37.7401251443,37.478287722200015
2026-02-28,12.99833452595126,77.55879239372642,35.266452800000025,35.25826664210002,35.45316214250001,35.53613457800002
2026-02-28,12.993210360265296,77.60317021115438,36.233752460000005,34.40712839180001,34.29436791200004,34.35804562460001
2026-02-28,13.145703102488268,77.68581412923811,41.51459336000005,36.926670564499986,36.80603154860001,37.075080992900006
2026-02-28,12.897572429902755,77.69785507568028,40.49602340000001,36.9657043529,36.87090556819999,37.71351585860001
2026-02-28,12.92058534964484,77.58883250494398,33.86848262000001,34.9431593783,34.6576521677,34.72331233190002
2026-02-28,13.143667534872131,77.7266349124616,40.72503074000002,37.30721582120002,37.15458413810002,37.54704119450002
2026-02-28,13.08691094895026,77.46118764002202,41.05657868000003,36.714872955200015,37.31803385450003,37.318597827799984
2026-02-28,13.133019362558862,77.70218141794923,38.98184054000001,35.83199838920001,35.86759706750003,35.14395096320001
2026-02-28,13.025770564397476,77.52288981203921,38.56826011999999,35.07911112380005,35.49416129240003,35.938401351800046
2026-02-28,13.140961219678465,77.72300865713075,39.40225700000002,36.9464267201,36.56969255569999,36.88625247800002
2026-02-28,12.82650640104846,77.6779737112592,37.050659240000016,36.09103303490002,35.70271178270002,35.95545727160002
2026-02-28,12.885722023036056,77.60309503184646,38.14784366000004,35.35650053690002,35.215114139600026,35.64672461510003
2026-02-28,12.896483755964828,77.4836872853241,38.411031200000025,36.516422714000015,36.98176904690001,37.4757925676
2026-02-28,12.931675258278457,77.60260268176661,37.07800340000006,34.40912793350005,35.02114150460002,35.46934646720003
2026-02-28,13.143755375124234,77.52538806829473,38.47939159999999,35.9873644883,36.056579393300005,36.62766217490002
2026-02-28,13.049623239075766,77.46822516544876,40.33195844,37.05922138009999,37.447064109500026,37.40474902190001
2026-02-28,12.81738116902284,77.46048182661598,39.805583360000014,39.75204007670001,40.30158933230004,40.1745927992
2026-02-28,12.999604560195843,77.52996814999116,35.78257382000004,35.43667019600006,35.1308428565,35.89726548110004
2026-02-28,13.10170939449475,77.709004316632,39.49796156000002,36.593328164000006,35.66243041699999,36.04929901070001
2026-02-28,12.887797923444586,77.58817976707947,34.05989174000001,34.25735075540002,33.87263551430003,33.375467415200035
2026-02-28,12.804378568549655,77.52063162525945,41.76069080000002,38.49542211380002,39.59682778849999,39.46055133110001
2026-02-28,12.858205290576937,77.53792010614036,41.84272328000003,37.1753998799,37.074158127500006,37.70399667290002
2026-02-28,12.99364532639322,77.5499310396487,35.14340407999998,34.744521146000025,34.9981211399,35.86448666930003
2026-02-28,12.845790907478015,77.50053805708266,36.934446560000026,40.29871819550001,39.521443357400024,39.39853135819998
2026-02-28,12.992284803960656,77.65225999817326,37.101929540000015,35.76165553759998,35.871134718200025,36.471339030200035
2026-02-28,12.820171863843775,77.69247488817363,39.71329681999998,34.78297387100001,35.0197401164,34.863246070700015
2026-02-28,12.965558763160088,77.70729205962152,31.216099100000008,30.109327133900052,31.56571127570001,31.298387931499985
2026-02-28,12.945004535759953,77.50837391383672,35.382665480000014,35.65492786310002,35.64110197220001,36.09650186690003
2026-02-28,12.95627761019317,77.45611459013928,43.99265786000001,37.70122807670002,38.763548692699985,38.05359175850002
2026-02-28,12.827428082332965,77.54418471091309,38.38710506000001,38.729795745200015,38.8660038422,38.72789874409998
2026-02-28,13.129090408271544,77.51285344869818,37.11901964000003,36.3605951822,36.94996437079998,36.7990416977
2026-02-28,12.827485126057372,77.72828445958469,35.09555180000001,36.10631158429999,36.37011436789999,35.91374033750002
2026-02-28,12.830143198538238,77.71560106738738,40.55071171999998,37.66133978330001,37.613607134000006,37.6493083529
2026-02-28,12.863429242356764,77.61214261302347,34.64779118000001,35.27270777660002,35.024935506800006,34.98147538250002
2026-02-28,12.93760796743672,77.58287849023462,33.92317093999998,33.59792924690005,33.15211689830002,32.783397990800005
2026-02-28,12.805373788336404,77.62772477493537,38.95791440000005,36.120684358400005,35.87231393510002,36.63111437510003
2026-02-28,13.13866814905055,77.48938442059115,35.08529773999999,34.68022818980003,34.37997222290004,33.85720315400002
2026-02-28,13.0800043871292,77.68230574929122,38.8041035,37.316205213800025,37.25551826870002,37.44921746210002
2026-02-28,13.104694685273689,77.70240284751448,35.854352240000026,36.15886364180002,34.91487526280003,34.75460430500003
2026-02-28,12.904356676399528,77.53279320598104,41.63422406000001,36.35500671950002,36.17340731690001,36.45077963990004
2026-02-28,12.943289896357983,77.58010261561468,34.808438120000005,34.5018075458,34.63181193649999,34.43684807570002
2026-02-28,12.854384203511808,77.63295983649235,34.43245592000005,33.3669907256,32.42293360160004,32.44212578390001
2026-02-28,13.105704477783018,77.58978749756328,37.43689549999999,36.53270957930003,36.614348987000014,36.93448074020004
2026-02-28,13.142356009189806,77.62054375624291,37.08483944,36.33032861510001,36.32099742050001,36.0887600516
2026-02-28,12.955280629093,77.7413983152782,36.64391486,34.81065983300002,35.309724933199995,36.39051994730004
2026-02-28,13.142553753908496,77.66184577094714,33.335271499999976,34.61573015240002,33.23558494670002,33.38749884560002
2026-02-28,12.912622538540084,77.5447867189654,36.018417200000044,36.15735971300001,35.69433763370001,36.33948890870002
2026-02-28,12.90409524932841,77.6398363043511,35.14340407999998,35.13123592880002,34.79572308560001,35.2852177298
2026-02-28,12.927579585526198,77.59229681585786,35.16049418,35.580517567700014,35.252387647700004,35.80470549950002
2026-02-28,12.886857374085832,77.45801922826742,37.66932086000003,36.31884406789999,37.3491549266,37.17160587770001
2026-02-28,12.931858999046538,77.49917549751646,37.17028994000003,36.02470635680002,36.292303142600026,36.62639750750003
2026-02-28,12.904338975796056,77.4754395105658,39.65519047999999,35.63749596110001,36.25825966340001,36.6571084172
2026-02-28,13.082269929059956,77.4929432792818,37.197634100000016,35.50323613550002,35.64660498440001,35.89044653120001
2026-02-28,12.942186382553787,77.47038924493535,39.11172529999999,37.83536827160002,39.23267193769999,38.24493251810002
2026-02-28,12.92543832663182,77.45085343844318,42.45113084000002,37.74494455250001,38.46513845660001,37.92676612640002
2026-02-28,12.91814237595116,77.45908795660128,38.19911395999998,35.65034771629999,36.38850331550002,37.1372718668
2026-02-28,13.053492351315002,77.46434437668178,39.52872374000003,35.798245441700004,36.70730204090001,36.79887079670003
2026-02-28,12.834963469697636,77.46353903773225,40.79339114000004,39.447289413500044,39.9316057574,40.0062040439
2026-02-28,13.141601364615449,77.5436950459547,37.05749528000001,35.87492872040001,36.307872223699995,36.9311139905
2026-02-28,12.853597731536883,77.74476872785068,40.64641628000004,35.58342288470003,34.73413036520002,35.007486514700034
2026-02-28,12.924223199990475,77.49625365572632,40.00724653999998,36.215551503500016,36.60178776350003,37.1968479554
2026-02-28,13.006115078994892,77.66307860565234,36.674677040000006,35.22271923410002,35.389416069500015,34.90915007930002
2026-02-28,12.82218155526507,77.66175754155137,34.84603634000001,34.246942884500015,34.16665359470003,34.794800220200024
2026-02-28,12.863858611075948,77.47593395052465,41.48383118000004,37.37426028350001,38.08731052580001,37.725649829600016
2026-02-28,12.97199718745855,77.57112614480901,36.50377604000005,34.185145082900036,34.92483879110002,35.44810347290004
2026-02-28,13.145433716876646,77.55130888637977,40.20890972000001,36.688280759599984,36.09144319730001,37.22694362150002
2026-02-28,13.122541439015627,77.49213236181662,38.00428682000006,35.67866601200001,36.47432979770001,36.44122627400001
2026-02-28,13.041966335268414,77.64193615355818,37.607796500000006,34.61865255950003,34.319883431300035,34.74655486790002
2026-02-28,12.933555196195604,77.64581188663227,32.96954335999999,35.49539177960003,34.36284794270002,35.04590505950002
2026-02-28,13.109187576463926,77.63072831038019,40.78655509999999,36.08966582690002,36.73297137110003,36.70236300200003
2026-02-28,12.996073478599932,77.5748825476031,35.84751620000003,33.98647267040004,34.589308857800056,35.33332636130002
2026-02-28,12.917504056571005,77.68607820688445,33.50617250000005,34.8309116015,34.16427807080004,33.88762353200004
2026-02-28,12.981518709109478,77.68663609306043,36.72936536000003,35.349322694900025,34.80377252270002,34.44450444050002
2026-02-28,12.975793500301942,77.61375280359643,34.60677494000004,34.91051728730004,34.45180191320002,34.440676258100034
2026-02-28,12.801096938522374,77.57324027810012,32.52178274000005,35.433593978,35.79648516140002,36.18560964830001
2026-02-28,13.14041352523007,77.46937106186662,37.66248482000003,36.400124583500016,36.87046122560002,36.72839122429999
2026-02-28,12.979955704080531,77.69967292090821,36.01499918000002,35.609622008000045,35.1278691791,34.72281671900002
2026-02-28,13.06071351717323,77.73940938197582,36.11070374000002,36.83901544160001,36.68243594540002,36.84716741930004
2026-02-28,12.864625292701414,77.56601661886691,32.01591578,29.770003198400033,32.69348697470004,32.57493295100001
2026-02-28,12.801786124409858,77.455134559563,40.78313708000002,40.45644272839999,40.6232079242,40.4790871109
2026-02-28,13.119062701029316,77.45166232639153,37.00964299999998,35.421579637700006,35.055202073900006,35.62703681989999
2026-02-28,13.06090469093816,77.67419696824443,39.08096311999998,34.879191134,34.60498047950003,34.21336083800003
2026-02-28,12.974333117773712,77.6803219339033,36.37047326000004,35.223214847000015,34.498731327800044,34.39666925060001
2026-02-28,13.050416449246674,77.6820485599739,38.66396468000005,36.21538060250005,35.90745118070003,36.45274500139999
2026-02-28,12.8785487237435,77.74568143725168,38.5990223,35.03660804510002,35.52118074050002,36.20157180170002
2026-02-28,13.0103902963908,77.56957920043999,36.81823387999998,37.43575046329999,37.18618373299998,37.174408654100006
2026-02-28,12.829127640953695,77.59864040407733,37.706919080000034,35.42621105480002,34.98036452599999,35.578227494300016
2026-02-28,13.140337723775732,77.6885465177822,29.45581880000003,28.09763437280005,28.991685864200026,28.933220632100024
2026-02-28,12.857646328212978,77.57162971779402,38.16493376000005,35.5741258703,35.985826379300036,36.30623157410004
2026-02-28,13.090965839920235,77.63513344589933,37.66932086000003,35.594702350700025,35.98557002780001,36.2821345331
2026-02-28,12.964085908235631,77.62647513675836,34.26839096000003,34.55413743200004,34.43707024699998,34.67795520650001
2026-02-28,13.092352585202471,77.48283193043888,40.22941784,36.20254593740002,35.95984942730002,36.367174870699984
2026-02-28,12.818136660564951,77.59322128683714,38.29140050000001,36.28575763430002,36.161598057800056,36.35275082630001
2026-02-28,13.067574807328809,77.55674298151436,35.51596826000002,34.82614346360005,34.69502821640001,34.83101414210001
2026-02-28,13.043821189993592,77.45156735837232,42.98434196000005,36.896369817200004,37.3717309487,37.340934588500026
2026-02-28,12.904042464174209,77.70271736056418,37.03356914000005,34.52597294720003,34.64148493310003,35.28109901570004
2026-02-28,12.966780355423976,77.7341473951507,38.22304010000005,35.814241775300005,35.4329958245,34.65575516660002
2026-02-28,12.891858486254336,77.73284556867006,39.18692174,37.32298998350001,37.070740107499994,37.614803441
2026-02-28,12.956402674416749,77.46685794676759,38.7015629,35.40084934640003,36.51867860720003,36.62561136290001
2026-02-28,13.008500559202412,77.54461624240092,34.692225440000016,35.72045130650003,35.26407727610003,36.211518239900045
2026-02-28,13.004853976006906,77.60121351827229,37.17712598000003,34.29934113110001,35.38326363349998,36.102329591000014
2026-02-28,12.805250084834588,77.63772034176986,38.099991380000006,36.10156053650001,36.23325684710004,36.534093877400025
2026-02-28,13.050178764716083,77.6063823397344,35.153658140000005,35.12486132150003,35.21357603060003,34.73985554870003
2026-02-28,12.935605473339528,77.74391927717069,37.22156024000003,34.39232836520003,34.80317436920002,35.33035268390004
2026-02-28,12.852812042452642,77.4817496374546,37.09509350000002,35.79939047840001,37.595730889399974,36.9680456966
2026-02-28,13.014069081712565,77.5561341599209,36.47984989999998,35.3654386592,35.49653681630001,35.4075144854
2026-02-28,12.865129379600386,77.63820635079546,37.13610974000005,35.47560144380002,35.49602411330004,35.907929703500024
2026-02-28,12.849795734256707,77.59921945383867,36.54821030000005,36.05975815190002,35.658824405900006,35.949458646500055
2026-02-28,12.906077474727937,77.58801330091833,34.347005420000016,34.476855999800016,33.85344333200002,33.456389038699996
2026-02-28,13.004948653984302,77.68550010291628,37.915418300000056,35.40083225629999,35.38574169800002,34.79004917240004
2026-02-28,13.064784273179733,77.71854171408881,39.43301918000003,35.07333467000002,35.79545975540001,36.207433706000046
2026-02-28,13.112198155728002,77.66798780919191,41.36761850000005,36.238571868200005,36.025971024200004,36.70653298640003
2026-02-28,13.131592134116646,77.45782495079239,41.34027434000001,37.0451733179,36.98634919370001,37.31517980780001
2026-02-28,12.853127905331457,77.71198612182181,38.73574310000004,35.051852414300015,35.457554298200016,35.94665587010001
2026-02-28,12.949201519099258,77.53693345450148,37.71375512000003,36.6985519097,36.70349094860001,36.91930473140001
2026-02-28,12.990621506155131,77.62926893447728,38.98184054000001,34.8500354234,34.35966918410003,34.795979437100016
2026-02-28,12.954957807577149,77.68744514118733,36.172228099999984,32.00099612270001,33.25335865070001,32.32167475910002
2026-02-28,12.815574310900752,77.65020912711871,39.39542096000002,36.866171610500025,36.718632777200035,36.61185383240004
2026-02-28,13.104652904356884,77.72933636322735,36.65758693999999,36.65997955399999,35.339239535900035,35.13325256060003
2026-02-28,13.11839653416966,77.67645401719271,42.478475,35.90698974800001,35.81290874750002,36.634293133700005
2026-02-28,12.84365591411681,77.72465557955714,36.94470062000005,34.86852691160003,34.653653084300025,35.04310228310003
2026-02-28,13.07592582388834,77.49845815078676,38.84853776,34.70172753560004,35.10828392450003,35.69049236120002
2026-02-28,12.848977723687746,77.55595208786592,38.38710506000001,35.44331824490005,35.22437697380002,35.79467361080002
2026-02-28,12.847511098277328,77.54871829785645,36.18590018000003,38.12391752000002,37.924270971800006,38.07452713099999
2026-02-28,12.882902196004965,77.46856167420957,37.53943609999999,37.12618039190002,39.08094602990001,38.061111402499975
2026-02-28,13.0157746404366,77.538300654818,34.96566704000003,35.67165907100003,35.23504119620003,36.017374703899996
2026-02-28,12.851645809562172,77.68150809081963,37.06774933999998,35.92826692249999,36.25964396150001,36.5438523245
2026-02-28,12.801506866400263,77.51850853649759,40.82757134000002,39.95243858930002,39.73113888440002,39.5667492125
2026-02-28,12.835982288110625,77.65092573554772,37.99061474000001,35.24773914050003,35.25143060210001,35.862162415700034
2026-02-28,13.03255732530495,77.50354160477036,36.52428415999998,35.04125655230003,35.33442012770004,36.10754207150003
2026-02-28,12.98780000238329,77.53571442780023,35.12973199999999,34.80601132580003,34.644749142200006,35.143745882000005
2026-02-28,13.003955785869822,77.65837274394717,35.53989439999998,34.952781104600035,34.51337754350001,33.969057858499994
2026-02-28,12.940384675148488,77.5288479929176,38.246966240000006,35.841996097700026,37.00099540940002,36.74948040770001
2026-02-28,13.036232352209444,77.7272436449542,29.34644216000004,31.02096433819999,31.408482355700006,30.666242222600008
2026-02-28,12.876206666665002,77.61254010273052,35.628762919999986,35.08288803590003,34.79086949720001,34.82460535460002
2026-02-28,12.920207165681806,77.52430873740363,36.04234334,35.80767917690003,35.33524045250001,36.08874296150002
2026-02-28,13.022414758502435,77.64722552153818,37.72742720000002,34.62415557170005,35.07723121280001,35.710932120800024
2026-02-28,12.988946299062864,77.69610100296421,37.34802697999999,36.21068082500001,36.56827407740001,36.67930845710005
2026-02-28,13.05526482683588,77.70510673707207,38.35292486000003,36.005770526000006,35.6317024172,35.04893000720002
2026-02-28,12.875024917079273,77.51275173548886,37.447149560000014,36.04936737110002,36.733962596900035,36.21042447350003
2026-03-16,12.981307318117226,77.6126437929155,36.10044968,34.01127040550004,33.70240102820002,33.2292103394
2026-03-16,13.07349551970867,77.62457360092898,37.047241220000046,32.03249317700003,29.38508287610002,29.66233556840004
2026-03-16,12.872786613861038,77.66392581716917,37.11560162000001,35.11347931490001,36.56230963250003,36.40942159790004
2026-03-16,13.02658168076107,77.52119256741771,36.56530040000001,32.01759060980001,29.36160107870005,29.69931854480002
2026-03-16,13.09332278341629,77.46985124436847,37.864148,35.980391727500034,36.787676781200005,37.28103378800001
2026-03-16,12.940839483817056,77.53015306799794,36.954954680000014,33.70629757100007,34.62583040150003,34.709247179600055
2026-03-16,12.999146876391007,77.58147150263179,35.07846170000005,33.97105740020002,33.58092459740001,33.62561520890003
2026-03-16,12.942220471062218,77.71762814628273,34.398275720000015,33.790961926400044,34.269553086800016,33.97820106200004
2026-03-16,12.818230350255124,77.64530966121737,40.78313708000002,39.815102545700015,39.483229893800036,39.52501518830001
2026-03-16,13.058767209360305,77.67715749354414,37.04382320000002,36.27876778340001,36.05030732660003,36.379753184300014
2026-03-16,12.949534752419014,77.56323288442034,35.28012488000002,33.55793841290003,32.6945978312,32.75537022680001
2026-03-16,13.114368355216524,77.64390528959004,41.51117534000002,37.29067260439999,37.69562252390001,37.7275468307
2026-03-16,13.041012531069242,77.63693702824126,39.34756868,34.955498430500015,35.03946209180001,35.04682792490001
2026-03-16,12.839690705549732,77.64194186309689,38.393941100000006,39.029368108100016,39.2703726983,39.14855446549999
2026-03-16,13.057197951144728,77.48390853468639,38.53066190000004,38.89319419130002,39.6014592056,39.32376217069999
2026-03-16,12.805084791622363,77.7111008287001,35.41684568000005,34.17824068250004,35.28027869090001,34.62365995880002
2026-03-16,13.126258400940456,77.59599756414666,43.65085585999998,36.68563179410003,38.008661885600034,37.716181914200014
2026-03-16,13.141783685521434,77.63860313462912,40.95745610000006,34.06503586010003,32.10541663370002,32.653906303100015
2026-03-16,13.02045546304695,77.66677065569195,35.56723856000002,35.29398495109999,35.83570694090001,35.70828315530003
2026-03-16,13.131218707160016,77.46635909497209,40.18840160000002,34.733224589900004,31.884903073400064,31.903480012100044
2026-03-16,12.833143596230547,77.63516620549652,36.76696358000004,33.10235052710005,32.41676407550005,32.454225574700054
2026-03-16,12.850859082510803,77.53337630286731,35.266452800000025,32.635226823800004,32.622357978499984,32.6783622362
2026-03-16,13.07120000356976,77.59167812091401,37.71375512000003,39.4255849865,39.719534706500035,39.68858453540003
2026-03-16,12.974899177978278,77.6414200787336,33.74885191999999,33.873695100500036,33.093805477100034,33.36546970670002
2026-03-16,12.808666718676069,77.64446980443849,40.43449903999999,34.584626170400036,36.51240654050003,36.32205700670005
2026-03-16,13.01025335644041,77.71329757396532,29.99586596000006,32.28477723320003,31.485456166099993,31.28890292600001
2026-03-16,12.984897125395914,77.72902206619347,37.050659240000016,35.2249067669,36.06828611179999,35.94060597470001
2026-03-16,12.815864765893345,77.55704434504852,34.514488400000005,34.12256113670005,34.95524207900003,34.25034381440003
2026-03-16,12.869845146550116,77.67120917661579,36.94470062000005,36.10480765550001,35.832545272400004,35.95094548520003
2026-03-16,12.940235150373294,77.5374005513481,37.758189379999976,34.48781075390003,33.98529345350003,33.633459564800056
2026-03-16,13.0739933476181,77.46854010620497,38.22987613999999,32.72071150400007,33.49532028650004,33.74216969090005
2026-03-16,13.0317674960766,77.47740516910726,34.476890180000055,36.17945721230004,34.90106646200001,34.87015047110001
2026-03-16,13.026292572778402,77.66691184476441,37.19421608000005,33.64147482170003,32.14246797050002,32.53861648850003
2026-03-16,13.03198608347152,77.65258495738064,36.11070374000002,34.0229087636,32.16253174790002,32.16152343200004
2026-03-16,12.928505827543896,77.57863497163959,33.67365547999998,34.75192115930004,33.95545413890003,33.85523779250001
2026-03-16,13.03927454790887,77.73990858823854,36.52086614000001,32.89677371420004,32.9159488064,33.11532191300002
2026-03-16,13.02671785620806,77.74280212743861,37.00280696000004,38.2865298215,38.260809221000024,38.70865529150003
2026-03-16,12.904865992105847,77.4561778885567,39.38858492000003,33.437350667300045,34.39918149530002,34.57847373440002
2026-03-16,13.109780666971073,77.57026269816653,36.43883366,35.02252580270004,34.172788940600014,33.789611808500034
2026-03-16,13.147337163315685,77.47232315747053,38.725489040000014,33.64723418540004,34.25075397680003,34.47295945700003
2026-03-16,12.921899566955911,77.45531347801447,41.91791971999999,39.63510961250002,39.83467071020003,39.607252749500006
2026-03-16,12.838733099132256,77.74373329271643,42.34517222,36.85487505440001,36.71569328000001,36.742729818200026
2026-03-16,13.115560591114528,77.56071493458877,38.209368020000056,35.30567457950004,33.83982252230004,33.28682106650003
2026-03-16,12.89330364643714,77.54104738916848,36.30553087999999,34.15503232670003,33.94104718460003,33.86113387700003
2026-03-16,12.900154816784084,77.7367728945217,41.48724920000001,40.48440213199999,40.20879008930002,40.498809086299985
2026-03-16,13.03071991309788,77.73271908607688,38.411031200000025,32.47516094720006,34.379818412000034,34.50020107640004
2026-03-16,12.901377325122942,77.67025648135483,34.11116204000001,32.93679872840003,31.554055827500015,32.17234146530002
2026-03-16,13.092737878300468,77.57052742595758,36.233752460000005,32.32594728409999,29.812933529600024,30.322218509599992
2026-03-16,12.885890157506209,77.45717173363668,38.83144765999998,33.34947337310004,36.40193613410004,36.72087158030003
2026-03-16,12.929688480670242,77.6523246708677,38.66396468000005,39.26627107430008,39.40714476860004,39.89915165750003
2026-03-16,12.893471267207207,77.60080487849436,32.64141344000001,33.29804926220006,30.849721536200036,31.060015216700027
2026-03-16,13.07768460127053,77.72578519665959,41.589789800000005,38.32846892690003,38.0749714736,38.27343880490002
2026-03-16,13.079611976171927,77.71241163504303,38.558006060000025,32.214656552899996,30.046093763900018,30.48312180109999
2026-03-16,13.083270301528334,77.54889482972236,36.9241925,32.39488874750006,32.438998295600044,32.89205684660005
2026-03-16,12.895272445523098,77.55328499860687,35.707377380000025,33.83026915640001,33.618351916400016,33.509915231899996
2026-03-16,12.858417794084511,77.46615979484602,38.17176979999999,34.57840537400001,35.69908868150002,35.584362840200015
2026-03-16,13.107168937720312,77.65758234012053,40.11662318000003,40.75651070420003,40.66126757690004,40.88113171340003
2026-03-16,13.06595060337726,77.47799295331934,42.37935242000003,39.94503857600001,39.687336958100026,39.72394395230001
2026-03-16,13.061041183730692,77.47577344186008,37.11901964000003,34.37340962450002,34.67219584280005,34.23451838180003
2026-03-16,12.87160575225965,77.50948664498272,41.33343830000001,37.23651407750003,36.821634809900026,36.69778285520004
2026-03-16,13.096784428890365,77.53421738772673,39.55264987999999,36.3820261676,35.539193705900004,35.36745529100004
2026-03-16,13.079423954078312,77.6846893203747,36.47301386000004,39.35857470440004,39.781315418,39.9800561909
2026-03-16,13.048948628584071,77.59991148904759,35.79624590000003,33.27190140920004,30.141473612000027,30.200468637200025
2026-03-16,13.046768194553536,77.55091147175223,33.96076916000004,33.520391463200006,30.591883197500028,30.804039698899995
2026-03-16,13.061146005050038,77.71407504111133,38.52382585999999,35.15656345699997,34.943637901100004,34.42797831380004
2026-03-16,12.901026813322051,77.47926257464195,36.41832554000001,35.771482345100026,36.620381792300044,36.58168980590002
2026-03-16,12.88121208205547,77.74122405789994,40.31486834000003,39.292572738200015,39.03769098679999,39.530090948000016
2026-03-16,13.144749211183088,77.73389325789117,40.755792919999976,40.090184795300004,39.63796365920002,40.049390726600016
2026-03-16,12.960173628366777,77.66211892706869,32.93194514000004,31.776927821600047,29.773216137200034,30.39968793290001
2026-03-16,13.097923341030963,77.74734931895924,36.30894890000002,33.59299020800002,32.49618177020004,32.625485466800036
2026-03-16,12.939813512117432,77.68311047989462,37.87098404000005,39.27597825110004,39.40840943600002,39.7504336073
2026-03-16,12.858610384818562,77.64142743006472,40.605400040000006,35.2289913008,36.78834329510002,36.53756316770002
2026-03-16,12.999935818784426,77.6048619807735,34.76742188000003,33.24219881540006,31.619100748100028,31.538350025600028
2026-03-16,12.984994337451152,77.65276732356325,35.17074824000002,34.14629928560004,31.079156128700042,31.037678456000034
2026-03-16,13.144294174822615,77.70012000038098,44.228501240000014,41.09921847950006,41.11396723580005,41.3388900419
2026-03-16,12.95869982560662,77.57695816355776,37.82996780000002,34.02824087480002,33.70619503040004,33.657949678100046
2026-03-16,12.946341101049256,77.6197968458736,35.854352240000026,36.096553137200026,37.143749014700035,36.922962012800035
2026-03-16,13.052441294706222,77.48582699076184,36.61315267999999,32.31224102390001,32.16354006380002,32.79438692510003
2026-03-16,12.8269290623318,77.60170395328733,40.311450320000006,34.05129541970003,32.231797923200055,32.64305408960004
2026-03-16,12.828713745165798,77.58172457127301,38.63662052000001,40.52570890370001,40.68705653780004,40.91816596010003
2026-03-16,13.138047240838794,77.48647238942252,32.942199200000005,34.672999077500045,34.194954800300046,34.079306093600046
2026-03-16,12.935992953238555,77.56150508687752,34.15901431999998,33.86932003490005,33.91245544730003,33.50138727200002
2026-03-16,12.94408407827368,77.57480308530452,33.81379430000004,33.52182703160003,30.99987515480003,30.72928760150001
2026-03-16,12.854998251861993,77.62808662937307,41.323184240000046,35.16001565720001,36.122034476300016,36.18171310550002
2026-03-16,12.902361544069349,77.51122391706602,36.28502276000006,34.07863957970004,34.526656551200034,34.09866917690003
2026-03-16,12.825061035315256,77.57693206276866,39.86027167999998,33.577848379399995,30.009230418200023,29.79601433060002
2026-03-16,12.82861291449452,77.74465210634399,41.76410882000005,39.196047853400046,39.406871327,39.85430723510001
2026-03-16,13.136448541322522,77.59280519853964,40.87200560000002,41.213311987100035,41.40391787240002,41.75204320940001
2026-03-16,12.901154639314097,77.5143646982008,36.81481586000001,36.44659256540002,35.964600475100035,35.951646179300035
2026-03-16,12.875449839047304,77.51707639171967,35.88169640000001,33.16638713180005,33.43017282530002,33.84913662680003
2026-03-16,12.905823268166747,77.58392223662243,36.148301960000026,39.611576544800045,38.751995785100036,39.12565373150002
2026-03-16,12.976653642110774,77.61425999692806,32.63457740000001,33.28220673950004,32.58233296430004,32.055035018900035
2026-03-16,13.139204147424072,77.6033577042928,39.88761584000002,35.9984559632,36.66794354060003,36.539477258900014
2026-03-16,12.914273874767536,77.53124377634316,36.43199762000006,32.92892019230002,32.90962546940003,33.02134345310003
2026-03-16,13.119189211061636,77.5086467497039,38.899808060000055,32.12698433990003,31.818918197300036,32.37012519260003
2026-03-16,12.843024956674888,77.53345611595917,40.00041050000005,41.71466716070003,43.131197189300025,43.38409648910004
2026-03-16,13.126804341756923,77.62137212050764,33.21564080000002,32.73171752840004,31.774090865000016,32.388941392700005
2026-03-16,13.143487611855113,77.46179820702267,38.393941100000006,30.820480375100047,30.762305674700023,31.253252977400038
2026-03-16,13.135558935494242,77.60236677989651,42.95699780000001,35.92602811940001,36.0108291956,35.83944967280002
2026-03-16,13.021202345790062,77.70971193880645,35.5569845,33.54812869550002,33.05972781770001,33.483237585799976
2026-03-16,12.851610734335509,77.59715852661297,39.70987880000001,34.814556375800045,36.056357222000024,36.03102969380003
2026-03-16,12.81935570304742,77.48387378865655,37.836803840000016,34.37628076130002,35.3402307617,35.05549260560003
2026-03-16,12.918589036409951,77.5197842767685,33.59845904000002,32.77620305870002,32.96033179610001,33.18065736530003
2026-03-16,12.922951736786723,77.73901054684814,36.50377604000005,32.726282876600024,32.70322833170002,33.24066070640001
2026-03-16,13.101882347260782,77.65607077644066,39.35440472000005,32.30366179370005,33.80700953030005,34.01872168910003
2026-03-16,12.85666482693624,77.74030762475314,38.55458804,34.54034572130002,33.867388853600005,33.998196479000015
2026-03-16,13.093545369751428,77.55481023840589,39.88761584000002,33.334604986100004,30.344093837600013,30.752256695900023
2026-03-16,13.008113929656805,77.58565287744406,39.36807680000004,36.20254593739999,34.64606507990004,34.699608363200014
2026-03-16,13.071674154297764,77.71200377485023,37.79920562000001,32.12910351230001,30.51053432150003,30.885063863000006
2026-03-16,12.827877673807462,77.62584435138491,40.02433664,36.1085674775,35.88687470030003,35.5881397523
2026-03-16,12.934383669377812,77.54422951020346,34.49056226000005,33.00481732639999,33.0258039692,33.4221062981
2026-03-16,12.84593003766964,77.50788030197404,38.79726746000006,35.878688542400056,33.75520943720004,33.123559341200036
2026-03-16,12.946369326143689,77.62731648796334,35.81675402000002,33.32920451450001,34.36941054110001,34.12618423790001
2026-03-16,13.134640278996564,77.55744011572776,37.30701074000001,38.064067989799995,38.2177079888,39.19433884340001
2026-03-16,12.956814408031466,77.46803133354766,38.07606524000005,34.015884732500034,34.235372886800036,34.36588998050004
2026-03-16,13.055336439045004,77.53149153903803,36.45250573999999,36.7561797269,35.675282172200035,35.51403707870003
2026-03-16,13.065350750842894,77.55372033830731,33.76936004000004,33.778469063300065,31.770023421200037,32.21248611020005
2026-03-16,13.130496040232174,77.52392084115152,39.68253464000003,35.63113844390002,36.534828751700026,36.777747433100046
2026-03-16,12.948383182921845,77.56293989352257,34.21028462000004,33.205984893500045,33.570038203700015,33.517332335300026
2026-03-16,12.862341598845155,77.54020780203429,36.12095780000004,34.11581054720003,33.08068028030005,33.19038163220003
2026-03-16,13.013414166136396,77.59029126037046,33.971023220000006,33.0437485742,30.16645933820002,30.085093372100015
2026-03-16,12.95838250206186,77.73426743055785,34.87679852000002,33.18814282910001,32.72800897670002,33.0251374553
2026-03-16,12.979318321272798,77.61616786560698,34.169268380000005,38.547376017800055,38.26609006190003,38.52174086780002
2026-03-16,12.870176427304688,77.68593632952657,41.767526840000016,38.90801130800003,39.483588785900025,39.764105687299995
2026-03-16,13.023809336793892,77.61066900283376,37.11901964000003,33.15076678040005,33.38739630500004,33.52509124070003
2026-03-16,12.89864220960789,77.52926058297999,41.58295376000001,39.38993503790003,39.84531784250001,39.782323733900014
2026-03-16,12.961090778258006,77.47034004526664,40.46867924000003,36.79586293910003,37.64483074670004,37.578880050800024
2026-03-16,13.146607563482464,77.70556729736596,38.46913754000002,33.45442367720002,34.464944200100014,34.57669636400001
2026-03-16,12.965582560086425,77.64151524597274,35.39291953999998,33.21384633950005,32.14245088040003,32.4122522891
2026-03-16,12.89795247469588,77.59026873377427,35.09896981999998,35.10893334830001,34.61935325360001,34.51802605070004
2026-03-16,12.835068918162854,77.67234362813657,38.33583476000001,39.142333669100076,39.15954339980005,39.45046817210004
2026-03-16,13.116316972841664,77.51507898673037,39.38174888000003,34.068317159300044,33.573541674200015,33.97264677950004
2026-03-16,13.14579743098964,77.7340595596665,42.314410039999984,40.64168232230003,40.66528375040003,40.901075860100065
2026-03-16,12.886768540867935,77.64214070324046,38.12733553999999,33.50798405060001,30.64106850530003,30.32714045839999
2026-03-16,13.052429421343296,77.47470005254726,40.43108102000002,40.269083962100034,39.92311197770002,40.0399569914
2026-03-16,13.097235622011612,77.62957846805183,38.23671218000004,39.15735586700002,39.62295855139999,39.43840256150001
2026-03-16,12.933100042668002,77.54499743849372,35.81675402000002,33.52956884690002,33.479802475700026,33.27824183630004
2026-03-16,13.116719512524648,77.45612547494623,40.936947980000014,38.76059210539999,39.020088183800006,39.31892567240001
2026-03-16,12.898385949353678,77.65913064160478,37.87782007999999,32.66586937310005,34.387013344100026,34.34548440110002
2026-03-16,13.128084461294709,77.63224455407182,35.611672820000024,36.32839743380002,36.480687314900024,36.320826519500024
2026-03-16,12.895996962054944,77.60709742287793,36.049179380000055,34.419621254900036,33.80803493630004,33.64708037450003
2026-03-16,12.993683364505838,77.5149893159324,35.939802740000005,39.43549724450003,39.26827061600002,39.27900319880001
2026-03-16,13.091449390735445,77.70781562193082,39.22110194000004,36.57487085600005,37.10956881470002,37.3522824149
2026-03-16,13.03450943145502,77.51435665278119,34.79818406000004,32.48021961679999,29.98301420480003,30.342948800899993
2026-03-16,12.889262415417404,77.4948432292676,37.96327058000003,32.910770506100015,34.31878966490002,34.57363723610001
2026-03-16,13.131500963634666,77.52875254827255,41.92133774000001,40.98134805980004,40.70445425960004,41.082042929000046
2026-03-16,12.88881723406598,77.62790573430715,34.98959318000004,31.4416029695,33.50559143660005,33.615839671700044
2026-03-16,12.912125560675753,77.52823765398668,35.37924745999999,32.202402951200035,32.89737186769999,33.055677464
2026-03-16,12.822430145060656,77.47524597120312,43.18600514000002,40.8585727814,41.45243666630003,41.37129287150001
2026-03-16,12.835429745117509,77.71597738799423,37.689828980000016,35.21745548330006,36.28963708700004,36.192924211100056
2026-03-16,13.007374110233908,77.61778438793391,37.53260006000005,33.3753990548,30.838271169200013,30.830580624199982
2026-03-16,12.839904916292287,77.45928764378307,41.06683274,40.96189952599998,41.3325154346,41.81843824790003
2026-03-16,12.922870291062967,77.59344618889726,31.80741655999998,34.04729633630004,31.634225486600034,31.40745694970003
2026-03-16,13.065875458675974,77.49734302319168,36.65416892000002,33.57740403680005,33.643303462400006,33.82305713420004
2026-03-16,13.071940637664673,77.53920358649214,37.08483944,33.84958096940002,32.76401781740002,32.88534043730004
2026-03-16,12.934288516664209,77.73066779448264,36.80456179999999,33.959914655000006,32.60391776060002,33.05760864530001
2026-03-16,13.05353528798977,77.50577990111012,35.74839362,33.00303995600004,31.722888925400024,32.27626636340003
2026-03-16,12.85884549044894,77.50814445054532,41.31293018000002,39.97093007750001,39.82747577810003,40.312339005200045
2026-03-16,13.083029066151049,77.72916724666767,37.2318143,32.16962413940003,28.988165303600034,29.181061262300023
2026-03-16,12.978619540596592,77.48445553527111,36.13121186000001,32.644865640200024,31.413951187700018,32.16572759660002
2026-03-16,12.998255093653093,77.58795666683952,34.99301120000001,33.65020786280001,32.44865420210002,32.76253097870001
2026-03-16,13.104009553335176,77.7224285742741,36.19273622000003,40.38531373219999,40.458732801800025,40.85657323970003
2026-03-16,13.076402230476056,77.47501743774333,37.90858226,33.368443384100026,36.03648143570003,36.13304050070002
2026-03-16,12.988520141329287,77.56557974387306,35.464697960000024,33.22620248180003,32.34857457650001,32.66231463230001
2026-03-16,12.963249468901758,77.46205933912306,40.35930259999998,34.21479640640001,36.592046406500025,36.43767153319999
2026-03-16,12.974329954582734,77.6582322727932,38.53407992000001,39.65505375920003,39.42496974290001,39.784613807299976
2026-03-16,13.041902054115477,77.49507364338449,40.33195844,32.767230756200064,33.88475239520006,34.11792971960005
2026-03-16,13.097433840514467,77.54514653938271,37.512091940000005,33.719815840100054,32.58903228350003,32.96551009640006
2026-03-16,12.962581425753973,77.69912646645534,37.248904400000015,36.482413414999996,36.58871383700003,36.595635327500005
2026-03-16,12.959582916771945,77.70040753185282,36.37047326000004,33.17708553440003,32.230071823100005,32.49006351439999
2026-03-16,12.959121012233467,77.66045961153152,34.78109396000002,33.12378151250001,32.3837630924,32.812519521199995
2026-03-16,12.854693098067782,77.64511594145462,41.31293018000002,34.98942227899998,36.79991329280002,36.44749834070001
2026-03-16,12.838686443809436,77.65535572699133,38.88955400000003,38.63274106730001,39.0545589155,39.3280005155
2026-03-16,13.114902573904782,77.47260951573926,39.58341206,36.2893807355,37.32131515370003,37.86532721690002
2026-03-16,13.05249293611815,77.55774395464896,36.674677040000006,32.3842757954,29.948338391900016,30.431321708
2026-03-16,13.106230190781204,77.5280955698345,41.210389580000026,39.64873042220002,39.76798514000001,39.84389936420002
2026-03-16,13.069180774100278,77.50149244316977,36.82506992000003,31.83824710040004,28.949370776600027,29.555915515700043
2026-03-16,12.835026053078916,77.62219461443657,39.24844610000002,34.76632811359999,35.20486007960002,34.78659697220005
2026-03-16,12.80282494007606,77.46654294776235,40.0687709,39.933485668399996,40.469482474700015,40.63429939910003
2026-03-16,13.118724346737022,77.577996344462,33.83088440000006,31.38954652490003,28.824664316900027,29.402600228600022
2026-03-16,13.017085771216436,77.5942447072018,36.69176714000002,38.3552832938,38.33544168770002,38.49364474340002
2026-03-16,13.082163982352244,77.51352366813663,38.16151574000003,32.55131443280004,32.46612028430001,33.160901209700015
2026-03-16,13.02790217948002,77.55539383937241,36.04576136000003,33.81613564370003,32.91810215900004,33.085021165700034
2026-03-16,13.061242607549548,77.47758172906615,39.92521406000003,32.8765390358,31.49013885350004,31.270308897200024
2026-03-16,13.091591120255073,77.55670887445127,39.309970460000045,32.431188119900064,32.46837617750007,32.92977469730007
2026-03-16,13.105819221567629,77.6226695679497,36.32603900000004,32.98854755120002,30.728894529200037,30.88022736470003
2026-03-16,13.014351925816433,77.46124563790012,37.918836320000025,35.83767230240001,36.465630936800025,36.29647312700002
2026-03-16,13.13165441108372,77.71466047867527,39.59708413999999,36.20639120990002,36.62063814380003,36.81982325930004
2026-03-16,13.043767021191869,77.64193579844961,38.09315534000001,34.107026235800056,33.52341641090001,33.667041611300036
2026-03-16,13.008096276853044,77.54056202735723,35.09213378000004,32.10538245350001,29.617764587600032,30.01661334140003
2026-03-16,12.958289092911238,77.50755555988569,34.69564346000004,32.02160678330003,31.524113972300018,32.21363114690001
2026-03-16,12.903865535077172,77.67881721570888,34.576012760000026,33.43094187980001,33.14030763920002,33.23913968750001
2026-03-16,13.046384718271185,77.52530098782388,38.97158648000004,33.34125303500007,32.84782766780004,33.22034057750005
2026-03-16,13.000824653307657,77.47421916229956,38.61611240000002,34.66019859259999,34.98099685970002,34.81397531240003
2026-03-16,13.090565400126534,77.5506029697244,36.81139784000004,32.217356788700016,29.49823642820003,30.037121461400034
2026-03-16,13.142801556445743,77.69935850417143,43.99265786000001,40.98155314100002,40.785546784100035,41.06389324280002
2026-03-16,13.14638090417954,77.47490040632434,38.07606524000005,33.87853159880004,35.21195247110002,35.3194833803
2026-03-16,13.083249715384785,77.6551833488674,38.41786724000002,35.59225846640001,36.45749604920002,36.05263158020003
2026-03-16,12.962487296100646,77.72043256888887,36.12779383999998,33.729198305000025,32.56664425250002,33.07714262960001
2026-03-16,12.92794733713095,77.65145545584302,37.49158382000002,34.9119186755,35.3177060099,35.57200669790002
2026-03-16,13.045979200240636,77.50566940639189,38.182023860000015,32.51294715830002,30.322748302700017,30.616441671200008
2026-03-16,12.899416378908915,77.66138499682098,36.05943344000002,32.075423508200046,31.06944895190002,31.622108605700014
2026-03-16,13.09428491874202,77.69083692409673,36.21324434000002,32.79290008640003,32.78257766600002,33.43666706330001
2026-03-16,12.928555735016502,77.46737129450689,31.267369400000007,31.08780371930004,30.827589856700037,30.946178060600054
2026-03-16,13.019728391246224,77.66711749251351,35.16733022000005,33.64159445239998,32.34790806260002,32.28387145790004
2026-03-16,13.009047094935212,77.45175304980461,40.68059648000002,39.97009266259999,40.41879323810003,40.30557132559999
2026-03-16,12.905645535251752,77.45376080774543,39.41934709999998,36.35167415000002,35.142908467100035,35.145694153400015
2026-03-16,13.12607211398738,77.74539241852442,39.68253464000003,39.828672085100024,39.721790599700014,40.08047761850002
2026-03-16,13.12063326897924,77.71008057071387,44.10203450000006,41.29216570850002,41.41130079560002,41.4116425976
2026-03-16,13.040793673258731,77.54769184045087,36.411489500000016,34.163098853900046,31.811569454300006,32.46124960580004
2026-03-16,12.903879274720692,77.638434338867,37.61463254,35.0792991149,35.62440494450001,35.69729422100003
2026-03-16,12.917989697029256,77.73183166957499,38.79726746000006,38.68462661090004,38.29110996830001,38.72555740039999
2026-03-16,13.139381451061247,77.52852796359961,38.85537380000005,32.29378371590001,32.495002553300004,33.321291798199994
2026-03-16,12.836848061640104,77.68102245980069,37.22839628000003,36.3531780788,36.076728621200004,35.992491518300014
2026-03-16,12.850006619058208,77.66179186387183,37.09851151999999,36.52259224010002,34.311577642700016,34.465627804100016
2026-03-16,12.86869809372083,77.51555475852722,37.20788816000004,32.72547964190003,33.73736737280005,33.69747907940005
2026-03-16,12.822543394378034,77.6715221721745,37.42322342,35.88338831989999,35.47257649609998,35.5036975682
2026-03-16,13.02548094829117,77.71599596839839,38.24354821999998,33.23760157850002,34.107453488300045,33.967502659400054
2026-03-16,12.815000976350388,77.53871750162146,35.25619874000006,36.22057599290002,35.93698287350002,35.5190615681
2026-03-16,13.146055391081772,77.6228085861208,35.89536848,32.91591462620003,31.834999981400024,32.48527828640001
2026-03-16,12.941283868568547,77.61108051660403,36.52428415999998,34.46479038920006,33.741674078000045,33.753739688600035
2026-03-16,13.104783220999504,77.56109090121251,37.09851151999999,33.85843364120005,35.300718450500014,35.46382636490004
2026-03-16,12.9120391195374,77.7439255665143,41.69233040000006,40.65164585059999,40.22664924380003,40.457126332400016
2026-03-16,13.129754629534926,77.55467764471882,37.57703432000005,34.206063365300054,32.55317725370002,32.98931660570005
2026-03-16,12.852017423459513,77.67866085191045,34.80160208000001,34.02031106840003,32.68878719720003,32.36802311030001
2026-03-16,12.871973401824157,77.70669451942913,39.24161006000003,40.922370124700045,40.621516004300034,40.80653342690003
2026-03-16,13.147639910860171,77.49576456531341,34.89730664000001,31.17125467760007,30.87612574070005,31.268992959500064
2026-03-16,12.9239097674991,77.54808405092712,35.314305080000054,33.77376928580002,33.574020197000024,33.793474171100016
2026-03-16,12.867222737185587,77.74535606414153,42.194779340000025,40.335085928299975,39.89289668090001,40.00707563900001
2026-03-16,12.90023598900982,77.53415091164649,36.527702180000006,32.374500258199994,33.36820412269998,33.541993349599984
2026-03-16,13.060368655632956,77.68348848699172,36.68151308000006,31.77861974150002,29.792357049200035,30.43135588820003
2026-03-16,13.128603461062008,77.59766212620764,39.65177246000002,32.180339632100015,29.433755480900015,29.858974259000025
2026-03-16,13.072327929313838,77.53188970573109,39.48428948000003,32.953803377900044,33.081107532800026,33.67326240770003
2026-03-16,12.92752840333409,77.50766677856863,34.76742188000003,32.038474712000045,31.961449631300034,32.24464967840006
2026-03-16,12.821197035011918,77.53180614525304,33.936843020000026,36.3848460341,37.33473088220002,37.3021742417
2026-03-16,13.070885347309984,77.5131308637645,36.558464360000016,31.674045419600017,32.37554275429999,32.9106166952
2026-03-16,13.03659869407192,77.6234318023642,37.09851151999999,34.999778879599994,35.507679561500005,35.540338742600035
2026-03-16,13.021771952350871,77.50260011362032,37.50867391999998,32.312292294200006,29.660746189100017,29.992259948900006
2026-03-16,13.060549929136243,77.67885210890243,40.12687724,32.369646669800034,33.15100604180002,33.60529508000002
2026-03-16,12.891349102725451,77.74570502214837,40.45158914000001,35.284687936700045,35.90991215510005,35.808995114600044
2026-03-16,13.144359608962487,77.46112743768795,39.63126434000003,31.743345775100046,31.117608853700034,31.52848903790003
2026-03-16,13.130061164573473,77.67542162252191,45.00780980000002,41.11707763400004,41.10913073750005,41.278442358200024
2026-03-16,13.030011518705118,77.60166782475025,36.196154240000055,34.09713106790002,33.006936498800016,33.17178760340003
2026-03-16,13.13617522036641,77.45109906786061,38.7015629,35.600564255000016,36.34094156719999,36.4733898422
2026-03-16,12.852995386588251,77.588037962857,38.51698982000005,36.15918835370001,36.12757166870002,36.007223184500035
2026-03-16,12.944946723313716,77.53246776999895,35.24252666000001,33.88634177450003,33.924640688600036,33.50456603060004
2026-03-16,13.11405434751215,77.61221893305282,35.84751620000003,32.30132045000001,29.78890484900002,30.046589376800014
2026-03-16,13.077661931950214,77.47187892981756,35.86118828000002,39.90586806679998,39.52188770000002,39.63488744119997
2026-03-16,12.986831370072776,77.48048074196798,36.24400652000003,32.583665992100016,34.34488624760005,34.11283686980003
2026-03-16,13.136186071201466,77.54216737958605,43.507299020000005,40.25701835150001,41.10226051730003,41.34941754350001
2026-03-16,12.935884574720436,77.48753886097201,35.85777026000005,33.08312416460005,34.01183437880005,34.036051050500056
2026-03-16,12.89495578262345,77.73932915210978,42.11958290000001,36.52836869390001,36.641607696500046,36.63721554080004
2026-03-16,12.91265931957546,77.57768225760267,36.06285146000005,33.99725652350003,32.938234296800026,33.077997134600025
2026-03-16,12.951135454171787,77.59241015811997,36.332875039999976,35.455144594100005,35.4074632151,35.29682190769999
2026-03-16,12.982279620620329,77.69346162367155,36.23717048000003,33.41460374420003,34.28373786980005,34.00046946230005
2026-03-16,13.099335610749089,77.62982801513976,36.92077447999998,32.40316035590008,33.395428652000035,33.56954259080004
2026-03-16,12.939200942147902,77.74612973780515,38.15467970000003,34.51368516529997,34.06924002470001,33.95266845260002
2026-03-16,12.894938218134,77.51046165924943,39.12197936000001,36.16016248940003,35.840816880800034,35.69361984950003
2026-03-16,13.031687947094085,77.71591632807092,38.25722030000003,35.64152922469999,36.46409282780002,36.47867068310004
2026-03-16,12.85688628920712,77.62270956996741,34.43245592000005,33.50345517410003,30.32134691450005,30.46444232180004
2026-03-16,13.144300458540773,77.67884834703787,35.741557580000006,33.74280202460002,31.874307211400023,32.13787073360002
2026-03-16,12.946750572923689,77.4972039525603,35.55356648000003,35.3003766485,35.38280220080001,35.416503878000015
2026-03-16,12.928430292300794,77.67649080516507,36.11070374000002,33.85889507390003,34.2183511472,34.61701190990002
2026-03-16,12.926737055780226,77.64461961723316,29.68824416000001,30.91452719539999,30.47794350080002,30.54580828790003
2026-03-16,13.123620220036855,77.68760795107859,42.50581915999999,33.84571860680001,37.112610852500026,37.21971450920001
2026-03-16,13.135554927148467,77.70500074608883,40.099533080000015,39.59951093420003,39.48825438320002,39.480187856
2026-03-16,13.09103597897752,77.72167075349093,40.33195844,39.60378345919999,39.90144173090001,40.27578328130001
2026-03-16,13.032114405074442,77.6012158084267,36.22691642000001,34.95705362960002,32.72489857850002,33.062410963400026
2026-03-16,13.006728195561688,77.49355548625279,37.49841986000001,33.702930821300015,32.657409773600016,33.211727167100015
2026-03-16,13.108900812803451,77.49253456135125,42.04096844000003,39.69646307150001,39.6968390537,39.76390060610002
2026-03-16,13.026093778049576,77.67198404970824,37.38904322000002,33.39028453190001,32.56054308680003,32.55838973420004
2026-03-16,13.035362962037594,77.74426885393746,39.76114910000001,38.4076986305,38.69358182329999,38.94164462480001
2026-03-16,12.851524812960513,77.70545080310434,40.80706322000003,40.5551038757,40.49971486160003,40.5664004318
2026-03-16,12.898816435027284,77.66464888941285,34.333333340000024,33.601945420400014,32.71064543510002,33.1054951055
2026-03-16,13.059280346481708,77.5452646793228,35.088715760000014,35.28796923590004,35.33235222560003,35.21631044660005
2026-03-16,12.87281974793606,77.57260477448547,34.83236426000002,34.05411528620002,33.166011149600024,33.32053983380002
2026-03-16,12.842640276828934,77.66899054125626,36.295276820000026,31.662971034800048,30.19082982080005,30.107378862500024
2026-03-16,13.061940566290842,77.64939724659301,37.91200028000003,34.37281147100002,33.15239033990003,33.32805947780005
2026-03-16,13.064506147446108,77.53951299197243,33.18146060000004,31.638275840300025,29.180736550400052,29.69663539910003
2026-03-16,12.835079331937743,77.51406853446139,36.58580852,36.21953349679999,36.131929644200035,35.94542538289999
2026-03-16,13.130007670398816,77.7075128039144,39.56632195999998,34.225682800100024,34.62111353390002,34.91954086010003
2026-03-16,12.88419626882255,77.45728087916831,39.24844610000002,34.461543270200025,36.227890555700036,36.34054849490001
2026-03-16,13.019630045697836,77.49003147331848,39.88761584000002,32.54295737390007,33.899877133700045,33.77368383530004
2026-03-16,12.980421258510782,77.4561238885083,40.67717846000005,40.93494843830003,40.8453792242,40.97423857820004
2026-03-16,12.886149222394035,77.74181864232702,39.53214176000006,33.32835000949998,30.703806262400022,30.711718978700027
2026-03-16,13.013979926728704,77.67686219914377,35.80991798000002,33.47308606640003,33.37835564210003,33.092216097800026
2026-03-16,12.871497459740992,77.65809836548098,36.56530040000001,34.85591441779998,34.926787062500026,35.032164619100044
2026-03-16,12.944211072152529,77.54673587649164,36.07994156000001,33.16349890490002,33.443554373600044,33.302646499100035
2026-03-16,12.877857689902152,77.61376966614493,35.939802740000005,34.80765197539999,34.55165936750001,34.0822626809
2026-03-16,13.06427478145963,77.71807591997741,38.43153932000001,33.676304445500044,35.48178806000003,35.26535903360005
2026-03-16,12.980199541303357,77.684326966569,36.76012753999999,33.13042956140002,33.04614118820001,33.34697821850001
2026-03-16,12.91606518739298,77.50017905803409,35.49204212000001,34.06127603810001,34.360250247500005,34.11522948380004
2026-03-16,13.00821074294824,77.61673868398705,36.57213644000001,35.9282498324,36.44701981790005,36.42649460780005
2026-03-16,13.099264962916765,77.48947961261553,38.83144765999998,33.406178324900054,32.22598728920007,32.12990674700007
2026-03-16,13.032784131166007,77.61891993293735,37.66590284000006,35.708266065200014,36.20504109199999,36.059775242
2026-03-16,12.927922888668284,77.6442738862522,35.24252666000001,33.32662390940003,33.23414937830002,33.13365959030001
2026-03-16,12.885118981802895,77.4827419008505,34.16243234000001,32.681045381900034,33.0293758001,33.219656973500044
2026-03-16,13.102021559704664,77.56284330349887,37.32410084000003,32.09799953030002,29.669547590600015,30.057663761600015
2026-03-16,13.031920345023408,77.57226495485956,34.740077720000045,34.13859165050002,33.29510976500003,33.516665821400025
2026-03-16,13.00032014548263,77.47156141777192,39.15957758000002,34.51900018639999,34.6449200432,34.12560317449999
2026-03-16,12.895714107391507,77.49462335955047,34.921232780000025,33.49509811520005,34.58486543180005,34.50635351240004
2026-03-16,12.978244576087752,77.5505188404679,37.20105211999999,33.10773390860003,32.39135109680001,32.78751670490002
2026-03-16,12.87970910970916,77.53992238971732,37.05749528000001,32.942643542599995,33.31084974709997,33.34702948879997
2026-03-16,12.976465711971988,77.55140160754537,35.92613066000001,33.16057649780004,32.74643210450004,32.83219022630004
2026-03-16,13.116064818945532,77.52490485210184,40.48235132000002,35.033070394400035,35.740310002700056,35.56264132310006
2026-03-16,13.105096895758953,77.53181672400402,43.42868456000002,41.78075457740004,41.452248675200046,41.589345457400015
2026-03-16,13.131797373536315,77.6948407153906,40.43108102000002,33.95478762500002,35.49275990420005,35.23220423960001
2026-03-16,12.908167829823933,77.46759342680453,41.0087264,38.6402436212,39.21243725930001,39.69753974779999
2026-03-16,13.131185300317403,77.51617182365264,38.246966240000006,35.93963183900001,35.75220471230002,35.85103676060003
2026-03-16,13.003857981315903,77.64530775159344,33.249821,33.55725480890003,32.62806607190004,32.830481216300036
2026-03-16,12.93539690697907,77.4955970367303,35.52280430000002,34.58395965650005,34.581225240500046,34.10345440490003
2026-03-16,13.065648524432406,77.5735936831213,35.792827880000004,32.44757752580003,30.13622695130001,30.465980430800006
2026-03-16,12.90048366403632,77.51917819086684,35.20492844,33.10062442700002,32.79746314310003,32.997964196300046
2026-03-16,13.050638497855932,77.4780774287621,33.36603367999999,32.211768326000026,31.826489111600022,32.37361157300004
2026-03-16,12.821959974779944,77.55339492257528,37.94959849999998,33.05395136390003,32.876180143700005,32.90010628370004
2026-03-16,12.928753043628513,77.50474144263346,38.72890705999998,35.7229977314,34.70714509730003,34.664795829500015
2026-03-16,13.007645204925693,77.59342407522429,37.47107570000003,35.83283580410001,35.5221548762,35.3223203369
2026-03-16,12.826683330582965,77.51014516223923,34.43929195999999,32.83494173239999,32.95778537119999,33.319172625799986
2026-03-16,12.971940595713784,77.47791368542347,37.13952776000002,33.00910694150005,33.50940252890005,33.169634250800044
2026-03-16,12.807564991800282,77.55284851607004,40.735284800000045,40.292651210000024,40.757570290400025,40.915944247100036
2026-03-16,12.989408303325884,77.45796384335165,39.00576668000002,39.23009133260001,39.36501767210002,39.654643596800014
2026-03-16,13.071756023571387,77.62581602945417,36.73961942000005,38.49472141970003,38.51504154860002,38.940533768300035
2026-03-16,12.908904233734097,77.48534634544298,34.12141610000003,33.149262851600035,33.32423129540004,32.99075217410002
2026-03-16,13.012300400712345,77.61991024893915,36.65758693999999,33.25877621240002,32.51692915160004,32.46559049120004
2026-03-16,12.98133825890894,77.55261469936134,35.85777026000005,33.29304186290003,33.005842732400026,33.08474772410007
2026-03-16,12.885859183502328,77.58863011145421,34.480308200000024,35.900683501100005,36.64921279100001,36.53969943020002
2026-03-16,12.801407948788729,77.60476678402088,41.25824186,34.37992095260005,33.97326202310003,34.04122935080004
2026-03-16,12.983875583778804,77.72411059669471,39.556067900000016,34.10608628030002,34.27237295330003,33.79460211770003
2026-03-16,13.007632270940649,77.5693231459084,34.56575870000006,33.24871014350001,30.414846851600014,30.548713604900012
2026-03-16,12.919284797097111,77.62031107216302,34.596520880000014,33.73463295680001,32.504846450900004,32.58652003880001
2026-03-16,12.925466227277184,77.67923387523759,39.46719938000001,40.18667549990001,40.061046174800026,40.14075440120004
2026-03-16,13.023681882179778,77.57380772194134,33.11651821999999,34.058199820100036,33.825313027400014,33.50595032870003
2026-03-16,13.00207655147742,77.55317665972201,34.97592110000005,33.56092918040001,30.983776280600015,31.14572206820002
2026-03-16,13.106366831626604,77.70793326269504,38.41786724000002,36.05165744450004,36.2377173632,36.55014148130002
2026-03-16,13.046107670354806,77.61058020231522,37.99061474000001,38.312011160600015,38.51087156420003,38.77330713979999
2026-03-16,12.95698874868408,77.49832946114581,36.10044968,32.12160095840002,32.2451794715,32.596193035400006
2026-03-16,13.002343646367178,77.55615084326483,34.429037900000026,33.9763895114,31.33660139510001,31.696245459500016
2026-03-16,12.84058054589286,77.45513239939136,39.983320400000025,39.71049404359999,41.41745323160003,41.551439615599975
2026-03-16,12.885578574322423,77.5487222143162,33.81721232000001,32.60918151140002,31.305719584400013,31.683769686500032
2026-03-16,13.047196754209285,77.47931004681834,38.13075356000002,35.348177658200036,36.22120832660002,36.02576594300004
2026-03-16,13.04687839082069,77.60931352627105,37.7616074,35.69823417649999,36.04904265919998,35.930659536499995
2026-03-16,12.800911319019292,77.70541139030678,36.787471700000026,32.7629753213,34.003443139700025,33.96681905540003
2026-03-16,12.951372388408318,77.61812671246986,35.88511442000004,33.25402516460004,32.499069997099994,32.57751355610001
2026-03-16,13.062511484856314,77.49754596361403,35.35873934000006,33.19024491140004,32.9828907281,33.764010838700024
2026-03-16,13.128452477762998,77.57166421107026,40.15080338000001,33.583351391600026,35.69698659920002,35.667728348000026
2026-03-16,13.057908718411658,77.70864148446603,39.21426589999999,39.894537330500015,39.390926263700024,39.76730153600005
2026-03-16,12.88449495687654,77.71613037540207,39.340732640000056,35.779941944600026,36.14903683430002,35.90032460900003
2026-03-16,13.140029557137195,77.73180971596385,39.56632195999998,40.796142646099995,40.89834144409999,41.152146519200016
2026-03-16,13.005164630163948,77.53501698653135,35.46811597999999,31.622091515600026,30.76451029760002,31.631901233000054
2026-03-16,12.894015724569108,77.7048788438606,35.97398294000004,32.65737559340005,33.24906903560002,33.676970959400016
2026-03-16,13.028492992768069,77.67671177582709,39.17666768000004,35.30581130030001,33.73755536390001,33.57073889780001
2026-03-16,12.804402071011204,77.69861974401728,38.40077714000006,33.17662410170006,34.505977530200006,34.13122581740004
2026-03-16,13.012755451605807,77.71138616163634,39.02969282000004,39.863399168300006,39.95040486740002,40.05634639730002
2026-03-16,13.034161503928791,77.74258218075194,39.17324966000001,33.21444449300002,31.672917473000002,32.029382778800006
2026-03-16,12.842442358828034,77.63461879866038,39.79874732000002,35.3858271485,36.288987663200004,35.94776672660002
2026-03-16,12.99099477336693,77.4948501240926,39.32364254000004,34.84419060919999,34.5409438748,34.12729509440001
2026-03-16,12.999364183735484,77.67383910200381,38.70839894000005,34.77001957520001,34.00752767360001,34.06708667210004
2026-03-16,13.134073127367245,77.49588044425822,38.50331774000006,31.148473574300045,31.817209187300023,32.43465741020003
2026-03-16,13.134652126963555,77.55632001445117,37.26257648000001,32.29212597620001,29.080622744600024,29.509943146700035
2026-03-16,12.947305091013114,77.70157528631904,37.09509350000002,32.72611197560003,32.7995310452,33.14654552570002
2026-03-16,12.966222607647298,77.5581420637438,34.11116204000001,33.014644133900056,33.534285714500044,33.768676436000035
2026-03-16,13.11748473033231,77.49162107146735,41.65131416000003,40.02886551650001,39.91868564180002,40.210447829
2026-03-16,12.81494199930378,77.68366156579371,39.02969282000004,38.369502257,38.44182756020001,38.783544109699996
2026-03-16,13.057913943721047,77.47827015545872,38.52382585999999,35.6011794986,35.73073954670002,35.78477844290001
2026-03-16,13.120401984366874,77.59383756682358,42.22212350000001,40.94499741710003,41.27469962630004,41.51934440780005
2026-03-16,12.854448944633583,77.64615469068274,39.18008570000001,35.19833166140004,36.57044452010006,35.92008076460007
2026-03-16,13.110149889205408,77.58782752665569,38.71181696000002,33.30551763590005,32.52783263540002,33.38240599580002
2026-03-16,13.112301606199336,77.54420384445491,36.51061207999999,34.190289203000034,32.629433279900034,33.07762115240004
2026-03-16,13.111640895357793,77.52880429481606,40.72503074000002,33.212974744400036,33.03824556200003,33.574139827700044
2026-03-16,12.881001878351809,77.59805842384884,36.2918588,33.598373589500035,33.47848653800003,33.066922749800014
2026-03-16,13.095798478470844,77.70060809800853,42.310992020000015,39.90089484770001,39.98161139000004,40.17408009620003
2026-03-16,12.871100194685448,77.6683321509516,36.264514640000016,34.090671010100024,33.640210154300014,33.45160381070002
2026-03-16,12.920329502650032,77.50910412055933,34.99642921999998,33.99935860580005,33.01992497480003,33.139111332200045
2026-03-16,13.06617171292191,77.67836311368744,36.40465346000002,34.01730321080002,36.65160540500003,36.709677564800025
2026-03-16,13.061776114233869,77.53112456270684,37.70008303999998,35.65863641479999,35.58632820170001,35.538339200900026
2026-03-16,13.047225374293951,77.69166937367947,33.80354024000002,31.948273164200067,31.24544280170006,31.81951635080004
2026-03-16,12.868491488786065,77.60277517138438,38.72207102000005,38.82085179800005,38.71229548280001,39.12893503069998
2026-03-16,13.0615417159041,77.55183816794002,35.775737779999986,34.28623302440003,31.663295746700037,32.14756082030003
2026-03-16,13.006731959574624,77.68250631710944,33.67023746000001,32.50279563890003,29.04022174820003,29.325182075600022
2026-03-16,13.092470064933735,77.64000480053306,40.60198202000004,39.4552021298,39.619403810600026,39.70225661539998
2026-03-16,13.037661510292107,77.51851349059285,35.43393578000001,33.26901318230004,31.83361568330004,32.31331770020004
2026-03-16,13.0488921527596,77.72291604166041,36.33971108000003,33.436393621700006,32.98548842329998,33.25899838369997
2026-03-16,13.12781708847989,77.72508098084616,43.30221782000001,41.32598701640001,41.1402347195,41.260036320499985
2026-03-16,12.86124836514021,77.73530983747114,40.33879448000005,39.39472026590005,39.42712309550004,39.52424613380004
2026-03-16,12.90869431734947,77.64665191025072,33.69074558,33.86776483580005,32.59200596090004,32.95298305310003
2026-03-16,13.120319677312732,77.45198064915269,40.45500716000004,31.97905243430002,30.99356890790005,31.38491510780003
2026-03-16,12.894148201619236,77.71724157505001,36.61315267999999,36.39060539780001,35.484539566100025,35.51907865820003
2026-03-16,12.985396739912444,77.56348920756999,35.80308194000003,34.03875128630003,34.03039422740003,33.92286331820002
2026-03-16,13.10237407134722,77.54916678060366,42.686974220000025,39.56182726369999,39.704546688799994,39.72144879770001
2026-03-16,13.02016590050266,77.71136814265193,34.47005414,33.38408082560006,34.2491987777,34.86175923200002
2026-03-16,12.82748570534635,77.52876220792795,36.68493110000003,40.95311521460001,41.34803324540004,41.680179338900054
2026-03-16,12.82236789509648,77.54263280016353,37.90858226,33.52866307160002,33.87202027070001,34.01590182260002
2026-03-16,12.840231239823668,77.71468921703547,36.1893182,33.901210161500046,34.336426648100016,34.15262262260003
2026-03-16,12.941741380589404,77.67489490897398,40.12687724,38.23896807320004,38.75990850140002,39.32875247990001
2026-03-16,12.903888042830014,77.56992756442382,35.51938628000005,34.04623675010001,32.953632476900005,32.96932118869999
2026-03-16,12.908007709068483,77.66074534298482,34.11799808000001,35.04200851670002,35.864708840600024,35.78194148630001
2026-03-16,12.886060785501318,77.67219707990947,35.577492620000044,39.25818745700002,39.364334068100014,39.3996593048
2026-03-16,12.937873264401006,77.73543947948629,38.51357180000002,35.092868654300034,36.47089468760002,36.64803357410003
2026-03-16,12.833910118394412,77.4711656266455,41.671822280000015,37.12935915049999,38.29736494490004,38.431163337800015
2026-03-16,12.964662195710218,77.71386188427971,34.839200300000016,33.47125742570001,30.346657352600023,30.455640920300024
2026-03-16,12.992089773688145,77.55526411176541,34.476890180000055,34.26123020810003,33.197491113800034,33.38114132840005
2026-03-16,12.978460347102654,77.62262574394924,36.93102854000006,33.67104069470005,33.924640688600014,34.09948950170002
2026-03-16,13.062168159204532,77.45493666300199,40.325122400000055,39.03511038170001,39.309457757,39.31378155230002
2026-03-16,13.140385602651405,77.60804596020002,42.06489457999999,42.205648643600014,41.8102862702,42.276196576400004
2026-03-16,12.911174775024532,77.68840030735292,35.72104946000002,34.13842074950002,34.81294990640001,34.81411203320001
2026-03-16,12.823943009816674,77.5130384789195,36.26793266000004,32.5069827134,32.69147034290002,32.579137115600034
2026-03-16,12.97036653552282,77.67394276352186,37.06774933999998,39.92071936370004,39.589017612800056,39.78278516660005
2026-03-16,12.981435067720705,77.68468556745789,38.02479493999999,35.65340684419998,35.587541598799994,35.470371873199994
2026-03-16,13.122496009462104,77.69950625271562,41.91450170000002,41.52226681490004,40.97386259600003,41.3787954254
2026-03-16,12.884409470127256,77.48303275467832,35.327977160000046,32.15906245760003,32.66581810280002,32.728897661900014
2026-03-16,12.819125804371714,77.68223887022437,39.68253464000003,39.35122596140004,39.15157941320002,39.24501098989999
2026-03-16,13.007596614958503,77.73050930541963,37.88123810000002,35.11585483880001,35.52174471380004,35.17818243350006
2026-03-16,12.824079721010657,77.49642913087402,41.63080604000004,36.581142922700025,37.44012552890001,37.16236013360002
2026-03-16,12.883786840084804,77.68390736466881,38.39052307999998,39.62381305640002,39.465575820500014,39.70287185900001
2026-03-16,13.071891896638496,77.66754629013757,40.46184320000003,41.15621396300003,41.319304787300034,41.413419968000014
2026-03-16,12.972355536196996,77.63653666839014,36.264514640000016,33.67278388489999,32.51375039300001,32.5918692401
2026-03-16,12.995743057475115,77.45319118243805,35.25278072000003,33.645046652600044,32.25553607210004,32.27054117990003
2026-03-16,12.884401270843137,77.69871126533677,37.58045234000002,39.48080309960001,39.34895297810002,39.55552101680004
2026-03-16,12.834075722186038,77.48187801430464,38.84511974000003,32.745799770800005,33.96693868610001,33.94070538260001
2026-03-16,13.058659067374007,77.6885046147838,39.313388480000015,39.73706914910001,39.564510409400015,39.78304151809999
2026-03-16,13.142113124600572,77.65674075705577,37.70350106000001,34.36809460340004,35.702045268800006,35.74289060780002
2026-03-16,12.925404613323307,77.69429945266305,37.68641095999999,33.87610480460003,33.492722591300016,33.92209426370002
2026-03-16,12.973473087291955,77.54551807206157,35.444189840000035,33.3528401228,32.72689812020005,32.44639830890006
2026-03-16,12.826877080981811,77.60886657491592,36.43883366,33.932758486100035,33.05506222040006,32.95421354030005
2026-03-16,12.97693957571108,77.48748348220467,36.62340674000001,35.260437084799975,35.51131975280002,35.32920764720002
2026-03-16,12.919613897736967,77.7177479666472,39.785075240000026,37.84724589110002,38.50430896580002,39.14296600280002
2026-03-16,12.884492380258653,77.69630420224632,38.26063832,38.964750440000024,38.94926680940002,39.355105414100024
2026-03-16,12.910452734159112,77.63606439988524,35.43393578000001,34.39350758210003,33.48795445340002,33.43102733030001
2026-03-16,12.924953827620264,77.61584186038567,35.28012488000002,34.47680472950002,35.359405853900036,34.88079760340004
2026-03-16,12.927170302526914,77.50798656472823,34.72982366000002,34.45375018460006,34.76851564640005,34.34956893500006
2026-03-16,13.053228643966472,77.68464930154678,38.821193600000015,32.289118118599994,32.15513173460001,32.707654667599996
2026-03-16,12.916713559865922,77.4647749006599,39.30655244000002,37.23133577720003,38.24723968160003,38.25947619320002
2026-03-16,12.938184611178306,77.57746033060894,33.824048360000006,32.98594985600004,30.093535881500028,29.994344941100024
2026-03-16,13.149234546082228,77.67409028954238,38.60927636000002,35.97184667749998,33.698829197300014,33.7258828256
2026-03-16,13.028247823325758,77.64205354455133,34.104326000000015,35.76167262769997,36.056203411100014,35.99329475300002
2026-03-16,13.00541887563852,77.58997101897529,34.887052580000045,32.03218555520004,29.758775002700062,30.104934978200035
2026-03-16,12.835727623277863,77.54335787159509,37.41980540000003,41.00542801070004,41.28350102780004,41.071190715500045
2026-03-16,12.847681364594564,77.50090039519719,34.07698184000003,40.65379920319999,41.445976608500004,41.485044577100005
2026-03-16,12.876063506961636,77.56065471309414,35.01693734000003,33.47248791290004,32.78794395740001,32.457353063000006
2026-03-16,12.893970142879446,77.5531735196025,38.95449638000002,39.56847531260003,39.763011920900006,39.8615192573
2026-03-16,13.0755562993071,77.5694122108396,37.30359271999998,31.73789403320002,28.59668238290005,29.27148498140002
2026-03-16,12.86453163288304,77.7172938156391,37.28650262000002,33.139128422300026,31.51840587890001,31.817892791299986
2026-03-16,12.81495331745364,77.66325351070158,39.59024810000005,38.24829926780003,38.452525962799996,38.7267024371
2026-03-16,12.841466620053886,77.68511701710042,35.351903300000004,33.59512647050002,32.0703990188,31.74336286520004
2026-03-16,12.996198740070176,77.56553995501355,36.42174355999998,33.63571545800003,31.32532192910001,31.43179325210001
2026-03-16,12.97229860325279,77.45550471712136,42.38618846000003,36.02260427450003,36.3296962814,36.60054018620001
2026-03-16,13.026523817439688,77.68892637895071,38.17518782000002,35.150069219,36.66621744050005,36.68428167620003
2026-03-16,13.022023040656668,77.52088307935661,37.93592641999999,34.494134090900026,34.38875653430001,34.26775862630003
2026-03-16,13.071359702682958,77.56395631682992,35.33823122000001,33.92611043720004,31.492463107100033,32.10198152360002
2026-03-16,12.87887300000524,77.50374455215443,37.22839628000003,32.654231015,33.1549025846,33.3133449017
2026-03-16,12.96848917200793,77.45550964065423,38.08290127999999,32.741441795300034,32.18780800580003,32.20978587440006
2026-03-16,12.93096617269413,77.4929521086553,36.411489500000016,35.8489517684,35.73506334200002,35.81272075640002
2026-03-16,12.934093771059825,77.50556915769273,33.79328618,32.68851375560002,32.30583223640001,32.63814923090003
2026-03-16,12.976809329187,77.4576731217209,36.97546280000006,32.250272321300024,31.88691970520002,32.2288755161
2026-03-16,12.922635821102215,77.54612347569234,35.63559896000004,34.10471907230002,34.12567153490003,34.049825671100024
2026-03-16,12.968386983812954,77.67691442608177,32.09794826000001,31.72613604440002,31.862361231500017,31.655297579900033
2026-03-16,12.919777199782049,77.51871000430694,33.465156260000015,33.99711980270003,33.01481503490002,33.04603864760004
2026-03-16,12.846378678729993,77.5090988192983,39.32706056000001,40.73181550970001,40.92819784880001,41.12459727800002
2026-03-16,12.950401326009592,77.49131063954312,36.168810080000014,33.759499052300036,34.148538088700015,34.383014260700016
2026-03-16,12.902582152518798,77.71661990536244,36.42174355999998,34.00190503070004,33.59697220130002,33.56256983000005
2026-03-16,12.9447640120932,77.59979343895859,36.05601542,34.14072791300003,33.72813871880001,33.670100739200024
2026-03-16,12.810244293721029,77.48117900388488,39.12539737999998,41.59413068540002,42.62468080550002,42.78455869100005
2026-03-16,12.906176731633783,77.68613543045373,35.83726214000001,33.27284136470002,33.19872160100001,33.40510164860002
2026-03-16,12.852786050653402,77.73867229279936,38.69814488000003,39.63914287610004,39.44945985620003,39.819204169700015
2026-03-16,13.08550577165142,77.6992507150123,39.20742986000005,38.28109516970002,39.49591074800002,39.552478979000014
2026-03-16,12.819620913712804,77.74541662918516,38.07264722000002,36.55301261810004,37.26843838430002,37.20031724570003
2026-03-16,13.060473618353669,77.69009212177232,37.447149560000014,33.60312463730004,36.332157255800034,36.213859583600026
2026-03-16,13.06581748410748,77.70624715233544,39.81241940000001,39.85451231630002,39.92849535920003,39.96118872050003
2026-03-16,12.941611825561855,77.56622696908899,35.17416625999999,34.033367904800045,34.03169307500004,33.870447981500035
2026-03-16,12.88414518358298,77.55957578325953,38.67763676000004,38.2984245311,38.40014480630001,38.72772784310001
2026-03-16,13.139168687970123,77.54503351771567,33.7796141,34.28498544710001,33.77563210670001,33.7025719292
2026-03-16,13.024668565263331,77.74553377695486,35.68003322000004,36.35628847699998,35.8423378997,35.817283813100026
2026-03-16,12.8595142825747,77.66281231917513,40.311450320000006,34.9686236273,35.99994280190004,35.77513962650002
2026-03-16,13.119095517412864,77.59176132934832,36.319202959999984,34.34456153570004,33.545223378500026,32.97791750900004
2026-03-16,13.115146260187151,77.63975939508856,42.13667300000003,39.90431286769999,40.28000453600002,40.445197442600005
2026-03-16,12.84441186496764,77.48171832572496,37.71375512000003,40.89617100139999,41.4172310603,41.65348460270001
2026-03-16,12.954161376666216,77.62913069906583,33.27716515999998,32.418097103300056,33.23189348510003,33.57202065530002
2026-03-16,12.982347671301568,77.47986147221653,35.99449106000003,32.751234422600014,33.071793428300005,33.79872083179999
2026-03-16,13.00022697934111,77.66906281925567,37.26257648000001,33.59350291100002,31.303754222900025,31.33533672770001
2026-03-16,13.06923523843174,77.72808831697851,37.65223076000001,36.64811902460002,36.87399887629999,37.10779144430003
2026-03-16,13.022008969201888,77.46181378594909,40.65325231999998,33.95492434580005,35.68625401640003,35.559855636800016
2026-03-16,13.126133291191136,77.48106776333705,35.71763143999999,32.3255713019,32.2077863327,32.68630913270002
2026-03-16,13.131935511986088,77.5301801253411,40.02091862000003,36.26207075570001,35.58166260440001,35.62640448620004
2026-03-16,13.055175353727211,77.67311432833803,39.46719938000001,40.283456736200016,39.82833028310003,40.053458170400035
2026-03-16,12.815076800792315,77.69572063882457,40.24308991999999,35.79556229600005,36.02142505760002,35.990526156800016
2026-03-16,12.928154216407584,77.47496199798375,38.60244032000003,32.80339340780003,33.53927602370002,33.539481104900005
2026-03-16,13.13331461647878,77.63223100983782,35.94663878000006,33.04872179330002,31.90219825460002,32.48124502280001
2026-03-16,12.930666814633245,77.56838850358406,36.70543922000002,34.849984153099996,35.71265822090001,35.46644115020003
2026-03-16,13.03028696634344,77.56418223763706,34.80502009999998,34.65896810540004,31.77359525210006,31.95791198060004
2026-03-16,12.83960999761961,77.73022405567178,38.13758960000001,36.4707579668,35.993773275799995,35.889147683600015
2026-03-16,13.042636928821448,77.51295747584255,37.43005946000005,33.164900293100025,33.033101441900044,33.17416312730005
2026-03-16,12.800763104577015,77.6986395650618,33.875318660000005,34.34996200730006,33.842403127400004,33.592836397100015
2026-03-16,12.83657538531772,77.49745562099592,33.69758162000005,33.202293431900046,32.50124043980003,32.17584493580003
2026-03-16,13.050283665057805,77.69920037731012,38.233294160000014,33.17988831080004,32.71245698570007,32.444535488000085
2026-03-16,12.83551767504378,77.56146363525058,37.559944220000034,36.854481982100026,36.08378683250001,35.86893009529999
2026-03-16,12.835203880809576,77.47362940015276,36.27818672000001,34.43233628930007,35.48062593320006,35.17425171050004
2026-03-16,12.998647712121794,77.48018258352755,36.74303744000002,33.617805033200035,33.453432451400005,34.24355904470002
2026-03-16,12.873045773187686,77.51598215246476,34.692225440000016,32.09388081620002,32.060657661800036,32.47963855340003
2026-03-16,12.94958556883738,77.48076782511187,36.86266813999998,32.79250701410003,32.760839058799995,32.956896686
2026-03-16,13.105558862753362,77.70536066846324,34.220538680000004,35.139199915400035,35.846627514800005,36.02265554480002
2026-03-16,12.864184333862925,77.5009082263016,33.73517984,33.43911094760005,33.470488371200034,33.30625251020004
2026-03-16,12.856709500979788,77.45186650913271,38.60244032000003,33.10768263830004,34.41425496350005,34.34780865470003
2026-03-16,12.934266337014911,77.50640318843557,34.11458005999998,32.606771807300035,32.32615236530002,32.66463888590004
2026-03-16,12.914219145140878,77.64308904073249,33.906080840000016,33.64803742010004,33.56325343399999,33.46349852029999
2026-03-16,12.959475419537489,77.46011570470978,39.17666768000004,35.45032518590003,36.262788539900015,36.10853329729999
2026-03-16,12.938919201516285,77.51795575641259,35.41000964,35.26165048190003,35.59771020830003,35.86291438010002
2026-03-16,13.0395739879948,77.61859277724334,37.22156024000003,34.643211033200025,36.47523557300002,36.47453487890001
2026-03-16,12.868546334929642,77.51227916929312,38.74599716,41.378282722400044,41.25878874320006,41.370660537800056
2026-03-16,12.87077078635256,77.46002870316875,45.43506230000003,40.6904745578,41.18560893500003,41.24725292570003
2026-03-16,12.92713068445632,77.74656897413666,41.60687990000002,34.44113769080004,35.15970803540004,35.40153295040002
2026-03-16,13.000854956573992,77.69508492279759,36.21324434000002,32.78502155030006,34.16516675600001,34.5333046001
2026-03-16,12.863046433007923,77.48018784308512,36.637078820000056,35.00546988290006,35.9265579125,36.249048099500015
2026-03-16,12.839861086669986,77.69969165077158,39.92179604,35.74724858330001,36.51626890309999,36.27222227510003
2026-03-16,13.030986392780658,77.4824894269005,40.07560694000006,32.33141611610006,34.02466904390003,34.1864952008
2026-03-16,13.03065119803185,77.57163086946863,35.03060942000002,36.24371598829999,35.595027062599996,35.7601686989
2026-03-16,13.025719266425655,77.69406706417848,36.1893182,33.40216215140002,33.425404687400054,33.08425211120005
2026-03-16,13.04552660148618,77.49356337572378,43.17916910000002,40.18183900160002,41.0950655852,40.974170217799994
2026-03-16,13.018226272022996,77.73810752005369,35.05111754000001,33.104025356900024,31.077464208800023,31.122154820300025
2026-03-16,13.107491541430056,77.62806997455908,40.54387568000004,35.97287208349998,36.64061647070002,36.40342297280002
2026-03-16,13.040768855913488,77.72337005534774,37.97352464000005,38.167856167100005,38.795780621300025,39.1852640003
2026-03-16,13.143474581894743,77.71312250923648,39.66544454000001,34.057379495300026,33.621376864100036,33.71342414270005
2026-03-16,12.926489957471263,77.45607649882733,40.49260537999999,39.197739773300015,39.81004387610002,39.68314988360002
2026-03-16,12.812639132891876,77.50585602916237,35.41000964,32.64040512410001,33.21104356310003,33.24505286210004
2026-03-16,12.876453420287191,77.59479459800981,34.11799808000001,34.34833844780002,33.23266253960001,33.42513124580001
2026-03-16,12.811323162514334,77.6535365281957,39.90470593999999,34.38309971120002,33.21244495130003,32.85985909820001
2026-03-16,12.893908181867506,77.5171048175776,37.97010662000002,32.664416714600065,31.55161194320005,31.842553805600048
2026-03-16,12.890035487143752,77.63290351957554,36.57213644000001,33.23816555180002,32.50426538749999,32.6952130748
2026-03-16,13.076529251707193,77.52622058187096,36.934446560000026,35.008973353400044,34.7331904097,34.69419080150002
2026-03-16,12.820794007470308,77.60835399335632,37.98036067999999,36.31858771640003,35.778250024700014,35.87202340340001
2026-03-16,13.030487622808325,77.5174092592705,38.298236540000005,31.599310412300063,33.39091686560003,33.795302811800035
2026-03-16,12.932904951637848,77.72505402752365,38.52382585999999,38.66992912490002,39.303527492300034,39.288761645900024
2026-03-16,13.044849435209755,77.6807095670252,37.720591160000026,34.975784379199986,33.86159530970001,34.2481904618
2026-03-16,12.98949642440422,77.71147965689262,35.888532440000006,35.120024823200026,35.438789368399995,35.17582399970001
2026-03-16,12.883445867856157,77.5774898563652,36.42857960000004,34.27416741380002,33.79149171950003,33.532474163900005
2026-03-16,12.849673613920062,77.6784330372177,34.65804523999998,32.53425851300003,30.588311366600028,29.992601750900025
2026-03-16,12.86582145028368,77.51242070037871,38.16151574000003,35.2870976408,37.615794666800035,37.84003386890003
2026-03-16,12.843840673386904,77.49942381437377,34.94515892000004,33.99354797180004,32.909266577300045,33.244574339300044
2026-03-16,12.91817081550947,77.4769622280074,36.14146592000003,33.01245660110003,33.16129428200002,33.17865782360001
2026-03-16,13.130462058344731,77.50880609211157,40.12345922000003,35.49463981520003,35.46546701450003,35.478421310300035
2026-03-16,12.800359908739116,77.5764508829221,33.89924480000002,34.79703902330007,34.63165812560004,34.27493646830001
2026-03-16,12.810291595763657,77.63123355125046,40.82415332000005,33.89504063540005,34.15069144130004,34.28679699770002
2026-03-16,12.832169559317116,77.5401235075599,36.38414534000003,40.84804527979998,40.2862936928,40.1993050838
2026-03-16,13.009938267225916,77.55463777210237,33.22247684000001,34.58930885780005,34.27225332260003,33.94543934030003
2026-03-16,12.84870677668519,77.52332809629902,31.83817873999999,32.97627685940001,31.807519100600025,31.53939252170004
2026-03-16,13.00483775529228,77.51341831313931,40.89593174000004,38.904593288,39.0523542926,39.275123746099986
2026-03-16,12.93974835543712,77.72074063803687,34.56917672000003,33.900526557500015,33.42345641599999,33.8508627269
2026-03-16,12.979032538183496,77.61815437096782,33.020813660000044,33.25282885760003,30.34053909680004,30.229299635900006
2026-03-16,12.942697516884715,77.49949040440568,33.198550700000055,34.40205263210005,33.89774087120004,33.76720668740004
2026-03-16,12.837664292668052,77.50413013622904,37.313846780000006,32.5999015871,31.908812123300002,32.04983962850002
2026-03-16,13.091694596409525,77.6829556912016,41.16937333999999,36.13384373540003,37.835795524100014,37.97347336970002
2026-03-16,12.863330993254603,77.63031703685552,38.13758960000001,39.63488744120004,39.18733190240003,39.38472255740003
2026-03-16,12.893223754610084,77.55145898994998,38.96475043999999,36.50117834480003,36.13849224260001,35.81610459620003
2026-03-16,12.945378821944225,77.52128436443958,37.08142142000003,32.70688561310003,33.0514220291,33.15172382600001
2026-03-16,13.091675723618788,77.64456388552536,36.954954680000014,35.1294414683,33.77113741039998,33.4903812476
2026-03-16,12.840800923732989,77.74796151192645,43.84568300000001,37.48023599360002,37.83617150630001,38.37244175420005
2026-03-16,13.049347206922668,77.54591681745282,34.94174090000001,31.757376747200006,30.07709520530003,30.83895477320001
2026-03-16,13.133733905655395,77.63314281776967,35.707377380000025,36.308316566300036,36.210715005200015,36.54925279610001
2026-03-16,12.828604632915388,77.54322904054354,40.017500600000005,41.43062969870003,42.27457301690002,42.162051798500016
2026-03-16,13.146795360630607,77.46390716549685,39.00918469999999,33.95584721120002,34.5554191895,34.7090250083
2026-03-16,12.856193538709746,77.50621327026406,40.31486834000003,40.903553924600004,41.289909815300014,41.30985396200006
2026-03-16,13.051846980159985,77.63381077771399,38.09657335999998,33.262177142300025,33.64215842570002,33.41998712570002
2026-03-16,13.102828184675896,77.55160855784388,42.29390192000005,39.981953192000034,39.899305468400016,40.17225145550001
2026-03-16,12.828335209446552,77.69688791786402,37.70350106000001,33.01194389810005,32.63958479930002,32.696477742200024
2026-03-16,13.069866069087244,77.55999705860606,35.97398294000004,36.9490927757,36.98547759860001,37.334765062399995
2026-03-16,13.125254407623023,77.68627073785551,43.589331500000014,33.852776818100004,36.23571782150002,36.092554053800015
2026-03-16,12.950040359605742,77.74029861058503,27.155491340000022,30.067370938400003,29.502372232399985,29.4428815943
2026-03-16,13.133898953423897,77.4760916572738,35.034027440000045,35.149043813000034,34.75480938620003,34.55210371010005
2026-03-16,13.075039219349383,77.46477333249152,38.99209460000003,37.1991892991,37.157301464000014,37.46806784240004
2026-03-16,13.119814106244986,77.47451915779757,39.53555978000003,39.826740903799994,39.4428630776,39.67766396150002
2026-03-16,13.100846325463309,77.6798656952313,38.53407992000001,34.16239815980003,34.17437831990002,34.63480270400001
2026-03-16,13.039297495431766,77.5303766842319,40.59856400000001,39.876678176000034,40.239911161400016,40.340195868200034
2026-03-16,12.911124390452418,77.56555013439062,34.51107037999998,34.27891846160003,32.64197741330002,32.94946249250003
2026-03-16,12.921645210072024,77.68600173880887,33.560860820000016,32.46444545450004,32.269498683800016,32.614325631500016
2026-03-16,12.97122789179245,77.46437523446372,39.29971640000002,35.71252150010001,35.65267196990003,36.119402600900024
2026-03-16,13.09814807061798,77.58401780031582,33.608713100000045,32.15940425960002,29.611577971400028,30.011247050000016
2026-03-16,12.948023067959644,77.52581016643435,39.460363340000015,39.736300094600026,40.06299444620001,40.15895535770003
2026-03-16,12.868644468445924,77.50840776834474,34.01887550000004,35.958670210399994,35.3945260094,34.958625918799996
2026-03-16,12.9419853719383,77.67279904334994,36.09703166000003,33.37787711930001,31.910145151100043,32.17184585240002
2026-03-16,12.811062050467536,77.70372777800674,37.30701074000001,33.37591175780003,34.196527089500016,33.802873726100024
2026-03-16,12.961301085411591,77.46077219511956,40.99163629999998,39.541814756600004,40.20870463880001,40.20070647200001
2026-03-16,12.927411043087432,77.70066217606666,39.25528214000002,40.17838680140003,40.02293525180002,40.083724737499985
2026-03-16,12.881452706632022,77.7028129684949,36.117539780000016,34.13488309880003,31.92838028780004,31.773526891700026
2026-03-16,13.035698175362816,77.52551177652006,39.12881540000001,33.796789650500024,32.72616324590002,32.723428829900044
2026-03-16,12.83521730156419,77.48587787622394,37.197634100000016,32.327758834700056,32.65018066130001,32.709466218200035
2026-03-16,12.980545094306365,77.58394428540394,34.24788283999999,33.01900210940002,30.682699988900026,30.7893934832
2026-03-16,12.94502402370524,77.57874633697571,32.74737206000003,33.74963806460003,31.14883246640001,30.992218790000003
2026-03-16,13.127674924389629,77.56347634104526,38.11024544000003,32.365630496300014,30.120504059300025,30.542031375800022
2026-03-16,13.046216781207193,77.70095890477607,37.78895155999999,32.50587185690006,33.56692780550004,33.55670792570005
2026-03-16,12.806231337606553,77.66630468298145,39.35440472000005,33.11412560600004,30.608973297500025,30.265376837000026
2026-03-16,12.984212720056668,77.47306326409219,37.08483944,35.87675736109998,36.08850370010001,36.35403258380002
2026-03-16,13.045769162845197,77.62002030412748,36.15855601999999,33.90069745850003,33.08020175750005,32.78044140350004
2026-03-16,12.901466717627745,77.67458790774997,34.27180898000006,33.68784026300002,33.79407232460002,33.73712811140003
2026-03-16,12.924408692038668,77.45957657469508,42.604941740000015,40.976152669400044,40.86927118400004,41.063141278400025
2026-03-16,13.124020891280844,77.45018618758036,39.93546812,33.49849904510004,34.03029168680005,33.693155284100044
2026-03-16,12.876110617892214,77.5734038279328,36.182482160000006,34.1387796416,31.208391464900018,31.175578472899993
2026-03-16,12.924312587899683,77.69251147029458,37.64197669999999,33.41988458510005,34.03904181800001,33.84597495830003
2026-03-16,12.946246633197966,77.6477081223229,34.99301120000001,34.04387831630001,34.49100660260002,34.22646894470004
2026-03-16,12.9932876660991,77.49386935175473,37.607796500000006,33.785048751800026,33.880308969199994,33.747262540700014
2026-03-16,12.950943948953464,77.65866462895235,40.48576934000005,40.444411298000006,40.40621492450003,40.59429147499998
2026-03-16,13.093317088244254,77.45098430564336,41.28216800000001,36.944119556599986,37.43016200060001,37.48315840070002
2026-03-16,13.068312722104835,77.706132713689,39.61075621999999,36.52151556379999,33.915309494000006,34.10449690100001
2026-03-16,12.871348332163336,77.46063361534902,42.38277044000006,39.35992482230002,39.36874331390002,39.688584535400025
2026-03-16,13.046766814494658,77.67662325260781,37.768443440000055,34.899733434200044,36.24860375690003,36.486156146900015
2026-03-16,12.98108351431278,77.58444517498029,35.37241142000005,33.72733548410004,31.162641267200048,31.355673946700016
2026-03-16,13.02678200910262,77.59495069889216,35.27670685999999,33.18626291810006,33.33927058340004,33.467189981900034
2026-03-16,12.936643391695617,77.49456823477597,36.57555446000004,33.78846677180001,34.05903723500004,34.117211935400036
2026-03-16,12.844458248156224,77.50307502019521,38.527243880000015,34.05729404480003,34.74303430730003,34.40453069660002
2026-03-16,13.102182620975608,77.48615756623722,38.17518782000002,40.92667682990001,39.6706399304,40.033428573200034
2026-03-16,12.929876168752177,77.49643615495955,35.29037893999998,32.03456107910003,32.54483728490002,33.029478340699995
2026-03-16,13.012953556138934,77.7034954381776,36.79430774000002,35.1761658017,35.478062418200025,35.36193518870002
2026-03-16,12.805632036032796,77.49529679042843,42.194779340000025,36.425981904799976,38.16477994910001,38.35538583440001
2026-03-16,12.99133973002453,77.6200902170266,34.32307928,32.80687978820002,31.315238770100013,31.895396394800013
2026-03-16,13.122522215745512,77.46145105207687,36.490103960000056,35.024627885,35.393380972699994,35.49031601990001
2026-03-16,12.8601327818606,77.61548447886672,35.19467438000004,33.24867596330002,30.730911161000023,30.83953583660001
2026-03-16,12.84498978237484,77.5645782812258,38.85537380000005,34.88782163450005,35.73590075690003,35.76900428060002
2026-03-16,13.0226057926643,77.6290630813389,36.18590018000003,34.002229742600015,33.725831555300026,33.59608351610003
2026-03-16,12.988508948257596,77.67062612479883,35.66636114000005,36.719709453500016,36.81534565310004,36.56827407740004
2026-03-16,13.128846707657852,77.53727614240967,39.81583741999998,34.817461692800016,34.254462528500056,34.05221828510003
2026-03-16,13.144340221504866,77.67858189892763,35.741557580000006,33.74280202460002,31.874307211400023,32.13787073360002
2026-03-16,12.855688741063558,77.62259529744264,37.54969016000001,35.54177431100003,33.79872083180003,33.14553720980005
2026-03-16,12.869186719966551,77.7055894119402,37.84363988000001,33.29664787400003,34.753749800000016,34.93112794790001
2026-03-16,12.8432096060636,77.67576439734707,36.319202959999984,32.74395404000008,33.43820517230006,33.270448750700055
2026-03-16,12.919923265108196,77.73839384660036,38.36659694000002,33.43232617790005,31.910076790700064,31.713711541700068
2026-03-16,13.14648817009489,77.56835246421886,35.36557538,32.507973939200006,30.22933381610001,30.9214999562
2026-03-16,12.82684125849632,77.74831969781805,40.048262780000016,36.325389576200045,37.47263089910002,37.91010327890003
2026-03-16,12.832943552347997,77.63553643618692,35.621926880000046,34.101865025600034,32.991469958300065,32.70917568650006
2026-03-16,13.032097282399528,77.45435558414951,40.00041050000005,35.026200174200014,35.956089605300015,36.1448668499
2026-03-16,12.870459847690704,77.45309263111727,32.825986520000015,35.14716390200004,33.039270968000054,33.04345804250005
2026-03-16,13.009828286084431,77.48712830436305,38.411031200000025,34.27760252390003,34.44785410010004,33.88405170110001
2026-03-16,12.970207451998686,77.5936330949966,34.907560699999976,32.44026296300004,29.621387688800024,29.83127120690001
2026-03-16,13.0484860230685,77.56198280739646,36.872922200000005,34.38971357990003,34.18176124310002,34.1719515257
2026-03-16,12.986955971543646,77.62092919354181,32.90118296000003,34.842122707100025,33.45922599530001,33.07300682540003
2026-03-16,13.081636683558244,77.4683158562108,39.952558220000014,38.80442821189998,39.1603637246,39.5002003631
2026-03-16,13.096976300977362,77.45924984989335,38.899808060000055,31.127418571100076,31.119403314200046,31.76528946350004
2026-03-16,12.81938259758843,77.49725438613106,37.17370796,34.645603647199984,34.851453901700054,34.67754504410003
2026-03-16,13.14098211701304,77.53869187177148,43.244111480000015,42.05556338540002,41.800322741900025,42.16364117780001
2026-03-16,12.912243972345111,77.62461344590189,36.07310552000001,33.35588216060002,34.320857567000026,34.09516570640003
2026-03-16,12.864657561331889,77.49382796186839,39.79532930000005,38.16807833840002,38.969843289800046,38.9946239348
2026-03-16,13.039664904272277,77.455142121652,33.23956694000003,32.245008570499984,31.30777039640002,31.56656578070002
2026-03-16,13.118893839466706,77.53711216724477,40.84807946000001,35.83994528570001,36.38200907750002,36.362851075400016
2026-03-16,12.824228246026594,77.72994220570247,30.75124838,31.0092234395,31.5315481658,31.634071675700014
2026-03-16,12.924712280578952,77.6895771873422,37.60096046000001,33.032093126000035,34.73418163550003,34.591992003500046
2026-03-16,13.102671780758602,77.67230373787636,39.32022452000001,31.789215603500026,28.819759458200025,29.316329403800033
2026-03-16,13.084723428482723,77.68950802125391,42.34859024000002,39.956369312300026,40.10083192760001,40.14234378050003
2026-03-16,13.05215684426176,77.694732375411,37.33093688000002,33.788295870800006,33.30597906860003,33.48195582830006
2026-03-16,12.823757839368978,77.47116346679498,38.78701339999998,34.70032614740005,37.61376094490003,37.47680088350003
2026-03-16,12.808104746322492,77.56764945565449,37.09851151999999,41.03419064900003,40.912030614200035,41.24903029609998
2026-04-01,13.007411057298713,77.53843011593494,39.132233420000034,37.905318050900014,37.78341436760004,38.04598666400005
2026-04-01,12.980855585036892,77.5959186317794,35.19467438000004,34.88732602160003,35.3081013737,35.53051193509999
2026-04-01,12.849996462576144,77.45636694556951,43.16891504,40.69143160340005,41.41729942070004,41.32764475610004
2026-04-01,12.88984841124855,77.56463707634542,38.64345656,39.51445350650001,39.21424880990005,39.12990916640004
2026-04-01,13.064492738815288,77.65417462911145,39.30655244000002,37.84760478320001,37.85932859180001,38.48947475899999
2026-04-01,13.147451842874204,77.46936092674598,39.41592908000001,39.249386055500025,39.60156174620002,40.04520365210003
2026-04-01,13.131501591393995,77.59334626653134,42.314410039999984,38.744920483700014,39.45267279500004,39.87011557760003
2026-04-01,13.063053285866236,77.50344181054759,40.81389926000003,38.5290554306,38.705955055700024,39.10652990960003
2026-04-01,13.093088918034448,77.71590755302218,41.11810304000005,39.63066618650002,39.19787649410001,39.92100989540003
2026-04-01,12.922054277641172,77.52729317835724,40.73186678000002,39.38417567420003,39.676382204000014,39.84524948210002
2026-04-01,13.03519821937456,77.587907030709,40.59856400000001,36.76340883920005,37.142091275000034,37.24885312970003
2026-04-01,13.083380170196012,77.6113886971389,30.1052426,30.125750720000028,29.440779512000017,29.34097332800002
2026-04-01,12.936473864428391,77.66625235431862,30.658961840000018,31.045659532700014,31.20170923580001,31.50319568990002
2026-04-01,13.089210035315972,77.48013818345818,41.51459336000005,40.47136238570004,40.5209920361,41.10458477090002
2026-04-01,12.939587337700871,77.54222315208678,38.28798247999998,39.15036601610002,39.33010259780001,39.36281304920001
2026-04-01,12.819634462821544,77.72200537067332,40.67376044000002,40.514173086200024,40.45864735130001,40.731285716600034
2026-04-01,12.933728420466451,77.50314218098045,37.39246123999999,36.97958151410001,37.224721908499994,37.12978640300005
2026-04-01,13.077442477788445,77.72215346858002,44.18064895999999,39.03888729380002,39.471625715900046,39.68971248200003
2026-04-01,13.069214203170176,77.55402038043043,39.42960116000006,37.39088895080003,37.633568370800006,37.73472467270001
2026-04-01,13.137681042068523,77.55753363369517,39.57315800000004,38.82664534190002,39.210642798800016,39.232996649600025
2026-04-01,12.92296797808353,77.594833740235,36.86950418000004,37.90630927670002,37.56460981730002,37.71713895980003
2026-04-01,13.043346638257956,77.72080832755599,41.323184240000046,39.07927120010003,38.964083926100045,39.46147419650005
2026-04-01,13.015934377642962,77.62911167233202,38.36317892,35.82435911450005,36.71839351580004,36.8335466096
2026-04-01,12.909392202523287,77.52930136092229,41.59320782000003,39.018191182700015,39.33565688030003,39.56480094110001
2026-04-01,12.955897091042887,77.65118166197125,38.872463900000014,39.14612767130001,39.06171966739999,39.44141041909999
2026-04-01,12.925813299178811,77.55316980712793,38.752833200000055,38.00428682000001,38.17787096570001,38.38671198770001
2026-04-01,13.084622672116607,77.7082355674157,42.43062272000003,40.01346733640002,40.678357676900006,41.174654180900035
2026-04-01,12.878509246707566,77.59371258880964,35.478370040000016,36.210236482400035,36.44045721950003,36.35787785630005
2026-04-01,12.903381386039635,77.51663262303713,40.95403808000003,39.87512297690001,39.507309844700025,39.63543432440006
2026-04-01,12.898713781568594,77.56814652795995,39.52872374000003,38.50577871440001,38.256126533600025,38.40306721339999
2026-04-01,12.971295288398265,77.51103666018645,39.24161006000003,38.81982639200001,38.88210271640003,39.05418293330002
2026-04-01,12.927417997364111,77.57521093060504,38.66738270000002,37.155558273800025,37.51496307680004,37.32529714700002
2026-04-01,12.957155093571636,77.6467812586323,39.41251106000004,38.77028219210004,38.999990226200026,39.394446824300005
2026-04-01,13.077668342199804,77.72229349375799,44.45750858000002,39.560699317100024,39.515342191700036,39.987729645800016
2026-04-01,12.872161342207518,77.67952377280258,39.313388480000015,40.432072245800015,39.70902429499999,39.90094611800001
2026-04-01,13.07309374926366,77.74268866128624,45.08642426000006,39.490083023900034,39.208660347200045,39.74399063960002
2026-04-01,12.994352847987969,77.60312530298191,37.56336224000006,39.20074763090005,39.11921076380005,39.32724855110004
2026-04-01,13.091546297904308,77.61245163628513,40.43791706000002,40.444821460400036,40.212413190500044,40.72098038630004
2026-04-01,13.120202523758214,77.72871647442922,40.99505432000001,38.46517263680003,38.01348129380003,38.014028177000036
2026-04-01,12.947534175652263,77.73043712220633,38.38368704000004,38.61254056910003,39.63087126770004,39.83581574690003
2026-04-01,12.856586127331529,77.6050969188678,36.18590018000003,39.47610332210004,39.31984853780003,39.417210837500036
2026-04-01,13.06637056030209,77.6329045389892,41.54535554000006,39.62430866930002,39.32401852220001,39.43339516220003
2026-04-01,13.086027339018267,77.52104503085938,42.457966880000015,38.81767303940003,39.16552493480001,39.35312296250002
2026-04-01,13.011543235611509,77.72440584281617,42.82369502000006,38.71431211460005,38.71451719580001,38.883504104600036
2026-04-01,13.039582916355752,77.57577730773505,39.72696890000003,39.22819433150006,39.24422484530002,39.29462355020004
2026-04-01,12.87930717291718,77.62199284326356,39.85343564000004,38.6179410407,38.53103788220003,38.90380714340003
2026-04-01,12.980404012347892,77.69377370024519,39.77482118,39.30263880710003,39.298195381100044,39.56018661410005
2026-04-01,13.03053582652241,77.70859829599813,40.99847234000004,39.12177427880003,39.28845402410003,39.44735777390002
2026-04-01,12.922177808655167,77.60641792181744,39.95597624000004,39.42021869510002,39.53990066540002,39.55000091450002
2026-04-01,13.02529458360665,77.59491461700203,38.69472686000006,36.398193402200036,36.75072798500003,36.876664931899995
2026-04-01,12.97935218684171,77.55575255223953,41.23773374000001,39.50594263670003,40.16413365800002,40.439386808600034
2026-04-01,13.061292142736905,77.70377761476605,45.00439177999999,40.42745791880005,40.512908418800045,41.03981329190004
2026-04-01,13.07529980158143,77.68659240679871,37.07800340000006,40.919157185900005,40.95940437140004,41.397406544300004
2026-04-01,13.11863992710986,77.58028859080515,37.00964299999998,36.10002242750004,36.645282068000014,36.78567723950001
2026-04-01,12.846599009869358,77.74410210927826,40.58147389999999,41.441686993400026,41.37544576580002,41.31458791970003
2026-04-01,13.008449062957304,77.52417927619894,42.23237756000003,39.26348538800003,39.150434376499994,39.27608079170004
2026-04-01,12.933910319970131,77.58605399022544,38.77675934000001,42.29323540610003,41.96770318130004,42.09275144300006
2026-04-01,12.953242575284014,77.71484940998934,39.67569860000003,40.245636344900056,40.147880972900026,40.46358639020004
2026-04-01,13.087865339532224,77.71775210902535,42.30415598000002,41.54212551110003,41.953467128000035,42.506861656100035
2026-04-01,13.13818623162794,77.57405629379559,40.77288302,36.20912562590002,34.990943297900046,35.21398619300001
2026-04-01,13.067217291039375,77.68442892473587,38.49989972000003,37.61781129860003,37.4460557936,37.727324659400026
2026-04-01,13.063736625150154,77.67413199058663,39.96964832000003,39.08525273510003,38.499113575400045,38.591143763900014
2026-04-01,13.07446176109887,77.56088632745613,39.74064098000002,37.557944678300004,37.66795365200001,37.8082975532
2026-04-01,13.142677832334178,77.56634009840043,41.90766566000002,38.30068042430003,38.29061435540004,38.715969854300035
2026-04-01,13.080488158838772,77.51236976209357,39.96281227999998,38.63395446440002,38.686506521900036,39.054593095700035
2026-04-01,13.108147037427916,77.51610612044823,43.26461960000006,41.0669694608,40.82910944900003,41.51146587170003
2026-04-01,13.134751956120772,77.45208159814761,40.84124342000001,41.99622655820004,42.07255094480001,42.435886470800035
2026-04-01,12.838637066814778,77.74381780350508,47.61917707999999,39.216590153600016,39.578370480500034,40.01968813280003
2026-04-01,12.813670556243864,77.62706506013375,43.883281220000015,40.6670782109,40.23527974430002,40.48359889730001
2026-04-01,13.119714542976617,77.57735025718851,36.81823387999998,37.21181888300002,36.925525527800005,37.20224842700001
2026-04-01,13.047459764795416,77.59467305209091,41.767526840000016,39.834055466600006,39.75407379860002,39.7736077829
2026-04-01,12.965062143099564,77.73764930894323,39.30313441999999,38.66331525620003,38.40804043250001,38.63805608840002
2026-04-01,13.122553872427895,77.48276121470741,39.01260272000002,37.619366497700064,38.59729619990002,38.74312602320003
2026-04-01,12.9830712579033,77.45210143913476,42.82369502000006,39.48721188710002,39.65609625530003,39.935604840800025
2026-04-01,13.046942183715949,77.69410209489875,35.35532132000003,34.39084152650003,34.4725834748,34.82889496969999
2026-04-01,13.048184995461192,77.48751517464868,42.522909260000006,39.33883563890006,39.97407465590004,40.00740035090002
2026-04-01,12.96672501897507,77.6328057764549,33.70099964000002,34.673033257700034,34.765747050200034,34.8976997123
2026-04-01,12.932488185691632,77.49213779764824,40.07218892000003,41.15676084620005,40.633872146600034,41.304043328000034
2026-04-01,13.02856153168612,77.49992272181996,41.59320782000003,39.439940670500036,39.368777494099994,39.553743646400015
2026-04-01,13.113710429553864,77.60083781554184,37.66248482000003,37.90010557040003,38.104793698100025,38.71099663520003
2026-04-01,12.949812399907534,77.45963003440805,30.187275080000006,30.4140094367,29.42717579240002,29.37330779720001
2026-04-01,13.134840270309,77.5254893392822,41.13519314000001,40.88969385350003,40.39524308030002,40.711546651100015
2026-04-01,12.891629080368975,77.59939765372916,38.61611240000002,39.45771437450005,39.1410690017,39.2251693838
2026-04-01,13.052378453121085,77.45796925212024,38.11708148000002,38.41260348920003,38.46816340430002,38.991154644500035
2026-04-01,13.128971277796424,77.48827100777368,40.22599982000003,38.587007959700024,38.96008484270003,39.37111883780006
2026-04-01,13.0679996303771,77.60408236390671,41.555609600000025,38.72812091540001,38.58523058930004,38.895928607300036
2026-04-01,13.0808572445235,77.65489978684278,37.64539472000001,39.83429472800001,39.74011118690003,39.989336115200025
2026-04-01,12.910230079846318,77.50202155338408,38.899808060000055,40.163774765900015,40.10645457050003,40.04617778780003
2026-04-01,13.095004238936577,77.62298889634036,42.833949080000025,39.453817831700015,39.86910726170002,40.20619239410002
2026-04-01,13.031954829186642,77.72298875984306,41.58295376000001,40.77233613680001,40.896512803400014,41.33952237559999
2026-04-01,12.81033720036931,77.53957914297202,41.72992862000001,40.973657514800045,40.67888747000001,40.80173110880001
2026-04-01,13.143473241228008,77.59445159686064,40.13713130000002,38.33465554310003,38.92303350590003,39.12350037890002
2026-04-01,13.140814678242092,77.51174708956394,43.33639802000005,40.482778572500045,40.72333882010002,40.98533005310004
2026-04-01,13.114834938761891,77.71315634115018,40.608818059999976,39.09653220110002,39.12724311080001,38.825910467600025
2026-04-01,13.140929753487107,77.72910304048027,41.49066721999998,40.43490920240004,40.91320983110002,41.41089063320003
2026-04-01,13.127423611095557,77.51106587781784,38.558006060000025,38.85768096350002,39.736829887700026,39.95809541240005
2026-04-01,13.058371840965048,77.5178458602993,41.391544640000006,39.57985731920004,39.90762834710003,40.248353670800036
2026-04-01,13.146822460567831,77.48741308642772,29.510507120000057,30.039496985299998,29.11570871990002,29.108530877900012
2026-04-01,13.06748908418954,77.47597280460083,41.59320782000003,40.38912482450002,40.13834469710002,40.28885720780002
2026-04-01,13.072511223284971,77.70938646958415,42.77584274000003,36.966131605400015,36.9286017458,37.51217739050002
2026-04-01,13.048424448335846,77.65316873448366,40.53703963999999,38.868157194800034,39.51455604710004,39.90051886550004
2026-04-01,13.060008433960764,77.55881628576591,40.98821828000001,39.31186746110001,38.498464151600025,38.943114373400036
2026-04-01,13.067820005916476,77.56921737543144,38.88271796000004,37.8906034748,38.00597873990001,38.69964880880001
2026-04-01,13.023888920014343,77.73718678302265,39.99699248000002,39.758363413700025,39.51083040530003,39.71319427939999
2026-04-01,13.077859417740433,77.63137447428358,40.424244980000026,39.58795802660002,40.101959874200006,39.904398318200045
2026-04-01,13.098106680438384,77.59594102040366,42.17768924000001,39.29105171930004,38.89466393990002,39.14771705060006
2026-04-01,12.945233514403016,77.72786978511876,32.61748729999999,37.21484383070002,37.18517541710001,37.38485614550002
2026-04-01,12.98715903910955,77.60112374809196,39.36807680000004,39.348782077100026,39.224861761999996,39.5209990148
2026-04-01,12.90082466313207,77.58126986467842,34.30598917999998,32.17010266220001,34.713177902600016,34.7325922562
2026-04-01,13.124459749761376,77.56380912212188,39.99357445999999,36.70420873280001,36.61863860210003,36.6951680699
2026-04-01,13.039724053674194,77.74629680211918,40.07560694000006,39.56685175310003,39.726575827700024,39.66407733200004
2026-04-01,13.067826070607987,77.71980392756248,43.82517488000002,40.109018085500026,41.117094724100035,41.49247877060003
2026-04-01,12.963029791380723,77.45009401708698,44.833490780000034,40.09917418790002,40.450580824100015,40.518069628999996
2026-04-01,13.041751915361802,77.65722933759595,41.12835710000002,40.31707296290002,40.76876430590001,41.261659880000025
2026-04-01,13.024093750925278,77.60889202953362,39.24502808,38.852622293900005,38.86981493450002,39.41353646600002
2026-04-01,12.88408381850918,77.67581085589465,41.176209380000046,38.92696422890002,39.07525502660002,39.37706619260001
2026-04-01,13.088003813435614,77.73210805887048,43.47995486000002,39.860203319600046,40.122792706100014,40.485290817200024
2026-04-01,12.950905532151998,77.52082881434431,38.74599716,36.792479099300024,37.496539949000024,37.44328719740001
2026-04-01,13.135479833545688,77.51527990315381,39.51505166000004,36.15826548830002,36.93005440430001,37.097657015
2026-04-01,13.07859836164119,77.7288900365574,45.49658666000005,41.68901492060002,42.07104701600003,42.28850144840001
2026-04-01,12.804576029301591,77.55483832728333,42.03755042,41.03263544990004,40.945612660700036,41.28522712790004
2026-04-01,13.026549398260858,77.5215598006238,41.50092128000006,37.623160499900024,37.67844697340001,37.905266780600016
2026-04-01,12.9151078635834,77.70092505870791,42.15718112000002,38.79384944000001,39.054969077900026,39.2684756972
2026-04-01,13.028415030277696,77.60459964496397,40.475515280000025,38.81565640760002,38.815656407600024,39.485109804800025
2026-04-01,12.943168099725495,77.74796994235145,41.31634819999999,40.01591122070002,39.32089103390004,39.65443851560002
2026-04-01,13.096477749550022,77.4514958833338,39.87736178,37.69068348500003,37.8218158223,37.87488058280003
2026-04-01,13.07476504332712,77.6602626240816,37.28650262000002,37.22605493630001,37.59564543890002,37.71155049710001
2026-04-01,12.938786127107678,77.6680860962362,38.92031617999999,38.35210453520001,38.17252176440004,38.32655483570004
2026-04-01,13.136831456349,77.71208945930204,35.83726214000001,34.56314391470001,33.928468871000035,34.252155365000014
2026-04-01,13.144747109579384,77.57993414260417,40.67034242,38.50772698580003,38.96736522530004,39.27606370160003
2026-04-01,12.853124189118072,77.47337027225213,42.23237756000003,39.500371264100025,39.58966703660003,39.35683151420003
2026-04-01,13.10869784050986,77.62565234226592,39.72013286000004,40.905843998000066,40.26305115680001,40.377759908000016
2026-04-01,12.8649720856785,77.5870534785553,36.22349840000004,37.41942941780001,37.33943065970002,37.46095836080002
2026-04-01,13.019407753592825,77.56162848321671,37.983778700000016,39.50302022960002,39.05879726030003,39.17454850760003
2026-04-01,13.038037372427526,77.67360228901381,43.07321048000006,39.07033307780006,38.77240136450005,38.734444252400024
2026-04-01,12.911145876052837,77.52473635989044,36.69176714000002,39.581361248000036,39.56568962630004,39.71797950740002
2026-04-01,12.856728087290886,77.71002657278916,45.31543160000001,39.86049385130002,39.46058551130004,39.29881062470004
2026-04-01,12.947998604688683,77.52776092589907,44.44383650000003,39.99095967470002,39.83960974910005,39.97604001740006
2026-04-01,12.944729468726278,77.47643220535674,41.31634819999999,40.51287423860002,40.57745772649999,40.76321002340001
2026-04-01,13.047719960662084,77.48754454588529,42.30073795999999,38.99740962110002,39.082244877500024,39.496679802500026
2026-04-01,13.001811020583077,77.65210718927003,38.62978448000001,38.99799068450004,39.29262400850003,39.89829715250001
2026-04-01,12.950401547865228,77.56015707176452,36.315784940000015,38.46667656560005,38.31493356770003,38.607994602500014
2026-04-01,13.019349927019825,77.55221122735566,42.27339380000001,39.54753994010004,39.218264983400026,39.614396411300014
2026-04-01,13.079063069968427,77.731383234562,45.80762648000001,37.09394846330002,36.9177666224,36.95151956990003
2026-04-01,13.024775082204288,77.51564245501174,42.63912194,39.829936752500046,39.56363881430002,39.76837821230004
2026-04-01,13.084592100272603,77.64179485433942,39.40567501999999,39.065804201300004,38.42572868600003,38.62122233990003
2026-04-01,13.125870940118594,77.49566566817204,36.77379961999998,34.59113749850003,34.79837205110004,34.96824764510003
2026-04-01,13.094724721694522,77.69260679592465,41.93159179999998,39.13231887050005,39.37821122930004,39.423072741800034
2026-04-01,12.955047020003066,77.52682010289152,38.56142408000005,38.03265638600001,38.09040383390002,38.43758921540003
2026-04-01,13.059741556151751,77.47411082142813,42.833949080000025,41.25750698570005,41.62689240710005,41.58816624050006
2026-04-01,13.127133335166263,77.51314653764088,39.23819204000006,40.660430162,40.192229782400034,40.42648378310003
2026-04-01,12.915029431925886,77.57266820912412,40.09611505999999,39.23976432920003,39.47735089940002,39.66322282700005
2026-04-01,13.100773200430917,77.5943659665301,42.259721720000016,38.87610409130004,38.531755666400024,39.185554532000026
2026-04-01,12.97900320577726,77.56573673484456,37.019897060000005,35.998267972100024,36.647725952300014,36.70813945580001
2026-04-01,12.977335767544943,77.48376036725335,42.457966880000015,41.477678744000016,41.92138901030005,42.22863482810004
2026-04-01,12.902131228370804,77.57940301339407,38.94766034000003,39.2752604669,38.78950855460003,39.281310362300026
2026-04-01,13.04326971517549,77.57685032134812,39.64835444000005,38.02059077540004,37.61126579030001,37.795411617799985
2026-04-01,13.09138286298899,77.73090818218768,46.67580356000002,42.2243110328,42.19122459920001,42.54244324430002
2026-04-01,13.064921219701487,77.67677715200833,39.231356000000005,37.726265073200004,37.63026998150002,37.926287603600024
2026-04-01,12.955099259041924,77.74670206367556,38.25380228000006,37.732896032,37.73614315100002,38.4196104302
2026-04-01,12.989573394268444,77.59988694040456,38.71523497999999,37.049086950799996,37.15296057860002,37.10698820960002
2026-04-01,12.976631151027682,77.66087768609601,43.31930792000003,39.59595619340003,39.1828030259,39.43667646140005
2026-04-01,13.035252528690105,77.57772418731585,37.85731196000006,38.94282384170004,38.554143697400036,38.709321805400066
2026-04-01,12.940986914319147,77.67631147981605,43.00826810000001,38.592408431300015,39.054251293700034,39.23668811120002
2026-04-01,12.863878910382446,77.59207329110355,37.68299294000002,38.470333847000056,38.291776482200014,38.45360263910004
2026-04-01,12.843632304161131,77.65141089822741,40.15422139999998,38.86480753520004,38.13056556890002,38.382849625100015
2026-04-01,13.08428597073032,77.64342162189911,38.53407992000001,39.16896004490003,38.889776171300035,39.36349665320005
2026-04-01,12.809506879321876,77.62240240141567,42.23237756000003,37.276658722400036,37.6067027336,37.7344683212
2026-04-01,13.127652714429283,77.45842257614822,41.63764207999998,37.69364007230004,38.13858082580003,38.186210934500025
2026-04-01,12.941775517790033,77.67210844048441,38.58193219999998,37.751096988500024,37.79831693480002,38.09547959360002
2026-04-01,12.950155641956798,77.54439106239249,42.49898312000005,37.89607230680003,37.91779382390002,38.25993762590004
2026-04-01,13.115061671791164,77.53088479288655,41.73334664000004,41.0284312853,41.75144505590001,42.217782614600026
2026-04-01,13.010493270551592,77.72125374159597,46.94924516000003,40.94157939710001,41.843765776100035,42.182252296700035
2026-04-01,12.930401769191242,77.58809758569167,38.03846701999999,40.28760963050004,40.23437396900002,40.37832388130003
2026-04-01,12.889913654457905,77.46107389946741,38.81777557999999,40.36752293810003,39.99338646890003,40.11115434799999
2026-04-01,13.020032110124829,77.71293643749829,40.24992596000004,39.54123369320003,39.14264129089998,39.34432156100002
2026-04-01,13.091262904911472,77.68063489109088,43.46286476,41.0736175097,41.70921541880003,42.02049450020004
2026-04-01,12.992528316154718,77.57357030862622,38.19569594000001,37.83844448960002,37.76355567140002,37.992836453
2026-04-01,12.922669830076996,77.55116592445367,39.22793797999998,38.06888739800005,38.19361094780003,38.31214788140003
2026-04-01,13.093776020162528,77.4612103855557,41.94184586000006,41.203929522200006,41.01197351900006,41.468074107800014
2026-04-01,12.945896137814383,77.48128697971823,39.56632195999998,37.68056614580006,38.94747234890002,38.934278791700024
2026-04-01,12.909217859884617,77.5670302622191,37.26257648000001,39.31248270470002,39.1323188705,39.07122176300003
2026-04-01,13.067802296425466,77.51540214120892,42.23237756000003,40.93247037380001,40.83939768920002,41.00817951680002
2026-04-01,13.03486356378102,77.54513825080355,41.295840080000005,37.79154925520001,38.24404383290001,38.65993141639999
2026-04-01,12.883838673490038,77.66799314688576,39.79532930000005,38.19637954400003,37.87142838260004,38.073365004200035
2026-04-01,12.82902841393578,77.69710330005248,39.66886255999998,37.5659428451,36.83983576640001,37.27563331640002
2026-04-01,12.933120178287885,77.58283322835182,36.42174355999998,37.615042702400025,37.27211275580001,37.3690819832
2026-04-01,13.06118578467997,77.60503249413706,40.07560694000006,39.68889215720002,39.53718333950002,39.7359412025
2026-04-01,12.996906181213877,77.64867688382624,34.25471888000004,39.70340165210006,39.75942299990004,39.804848485700056
2026-04-01,13.001755056012277,77.54285560791469,38.91348014000005,37.982719113800016,37.732571320100014,37.9390197281
2026-04-01,13.128192730355725,77.58055935644805,40.78655509999999,38.62026529430002,38.04103053500001,38.50155745970003
2026-04-01,12.819732450422748,77.59163038599789,45.00780980000002,41.08351267760001,40.36060144760002,41.08650344510004
2026-04-01,12.907314101283358,77.50996665218884,37.97352464000005,38.15599563770002,38.218306142300015,38.44666405850002
2026-04-01,13.04505956556938,77.71350701887144,40.80706322000003,38.16283167769999,38.37370642160002,38.729983736300035
2026-04-01,13.03554995390549,77.52131336294329,41.25482384000003,36.377907453500036,36.3776681921,36.595242255200006
2026-04-01,12.948931160596718,77.65422641470231,45.305177540000045,39.51293248759999,39.929794206800025,40.20511571780002
2026-04-01,12.92339537185378,77.5864916688727,38.12049950000005,39.46815642560002,39.135070376600034,39.4324039364
2026-04-01,12.820217517621012,77.72978073489203,32.02616984000002,31.718240418200008,32.0071827389,32.048899672999994
2026-04-01,13.033718050461117,77.65555253956995,40.33537646000002,40.254454836499995,40.2734248475,40.79354495090002
2026-04-01,12.965884934122776,77.5846509027673,40.92669392000005,39.14809303280004,38.937987343400025,39.2678604536
2026-04-01,13.144649032491657,77.5773503656093,40.72161272000005,38.260228157600025,38.528764898900015,38.73054770960004
2026-04-01,12.883243334415695,77.64787353662467,38.65029260000006,38.07186107540004,38.19197029820002,38.35280522930004
2026-04-01,13.095415758662543,77.65062548104794,41.16253730000005,37.67039753630004,37.69066639490002,38.09467635890003
2026-04-01,13.021202439353967,77.6937758711613,41.66840425999999,37.605643147400016,37.79221576910001,38.27451548120001
2026-04-01,13.023887756854462,77.46860279086289,41.65815020000002,38.598663407900034,39.121535017400035,39.44904969380005
2026-04-01,12.975894203900104,77.61870699341965,36.493521980000025,35.73665272130002,36.756008825900025,36.818473141400034
2026-04-01,13.10559652168203,77.5273580188535,39.93546812,40.38454467770002,39.76407150710001,39.78799764710001
2026-04-01,13.056875984095043,77.74408580968402,38.96133242000002,39.17297621840005,38.72564285090002,38.55639959060004
2026-04-01,12.91353760543047,77.54702196857501,39.42618314000004,38.85040058090001,39.00952650200001,39.231885793100034
2026-04-01,12.930684302283543,77.55358012959788,38.81777557999999,39.14599095050002,38.91308706769999,39.199277882299995
2026-04-01,13.056524748259674,77.52321100868686,39.81241940000001,39.73346313800002,40.24404696560005,40.59670117910003
2026-04-01,13.117390735168804,77.74538098894256,45.15136663999999,39.47434304180003,40.60046100110002,41.07418148300003
2026-04-01,13.13810713850919,77.64124253738622,38.01795890000005,39.40138540490004,39.564424958900034,39.60195481850006
2026-04-01,13.137454546091124,77.46147445023418,41.85981337999999,39.69377992580002,40.20952496360003,40.84717368470003
2026-04-01,13.135269137134742,77.67450028036816,38.68105478000001,38.17826403800002,38.508376409600025,38.51893809140003
2026-04-01,13.106748354547475,77.6683878373773,41.555609600000025,40.185034850300006,39.825544596800036,40.175242223000026
2026-04-01,12.950432283384623,77.65651563052592,43.02535820000003,37.541606542700045,38.07117747140002,38.68225108700005
2026-04-01,13.039370441251902,77.57197380788698,38.81435756000002,38.99799068449998,38.836267068200044,39.069683654
2026-04-01,13.05660585803778,77.67369962684985,43.71921626000005,40.57292885000004,40.53715927070002,41.18837753120006
2026-04-01,12.965862398237574,77.46965988563281,46.72707386000002,42.010770233300036,42.53671806080001,42.883390739300005
2026-04-01,13.14606956947178,77.62646461050028,39.71671484000001,39.84241252550002,39.52720272110003,39.912020502800026
2026-04-01,13.037100008894598,77.62942398738502,37.86756602000003,37.90600165490003,37.65337579670002,38.24674406870001
2026-04-01,13.03943214147542,77.50524932175614,42.24604964000002,39.89716920590003,39.903407092400016,40.19180252990003
2026-04-01,13.007692597206056,77.45034079815694,45.36328388000004,42.02519427770003,41.55656664559999,41.90855434520003
2026-04-01,13.088072688155544,77.59435930221686,39.72696890000003,37.9662613475,38.06625552260002,38.64159373910004
2026-04-01,13.033685734239388,77.62561452895395,37.44373154000005,37.32842463530001,37.258064693600026,37.555210262300015
2026-04-01,12.96789568360427,77.71652103446853,38.34608881999998,38.94196933670004,38.649181743500044,38.909771588300025
2026-04-01,12.97554855160736,77.68313700050511,39.603920180000046,38.92204228010003,38.698965204800025,39.27334637570001
2026-04-01,12.823916277972868,77.70789468008464,46.62795128000005,41.154504953000014,41.124118755200016,41.61679215800002
2026-04-01,12.923031746951835,77.57244742760233,39.046782920000055,37.89825983960002,37.82234561540003,38.055317858600006
2026-04-01,13.123311640535375,77.69559099386295,45.70166786000004,39.77569277510003,39.918856542800015,40.235177203700026
2026-04-01,13.112326413551813,77.47616423302108,43.57907743999999,42.08350569890003,42.35739164150002,42.52044828559999
2026-04-01,13.14417751568936,77.47558704148453,39.04336490000003,38.51064939290003,38.710347211400034,39.14250457010003
2026-04-01,12.919937123923305,77.49059806934224,38.72890705999998,37.749097446800036,38.15650834070002,38.42552360480003
2026-04-01,12.80915704269744,77.63838888334288,44.51903293999999,41.24439887900003,41.98827966170003,42.20103431660005
2026-04-01,13.13370130441521,77.5956120088732,41.9486819,40.85819679920004,41.24791943960002,41.354527483400034
2026-04-01,13.006864851835152,77.55847541400269,37.52576402,35.2622315453,35.40047336420003,35.67752097530002
2026-04-01,12.909313729501704,77.60150739221028,45.161620700000014,40.281064122200036,40.276894137800035,40.57279212920002
2026-04-01,13.126968481000585,77.46566383287396,42.30073795999999,40.4126578922,40.124296634900034,40.75592964080005
2026-04-01,13.10002037418532,77.50484981408917,45.59570924000002,40.5867205607,40.278158805200015,40.63067629790004
2026-04-01,12.84350347250519,77.63462014881577,42.143509040000026,39.046184766500026,39.24063592430003,39.634870351100034
2026-04-01,12.881427908624527,77.68004758849541,44.70360602000005,41.54921790260002,41.32964429780003,41.45877709340006
2026-04-01,13.06158932922253,77.52529416804491,37.08825746000002,37.17305853620002,36.22884760130001,36.376711146500014
2026-04-01,12.822343939718444,77.58066545353651,41.89057556,40.97965613989999,40.856385248600006,41.3278669274
2026-04-01,13.148996431579151,77.57045216124155,41.33343830000001,40.94468979530002,41.02002295610002,41.44705328480005
2026-04-01,13.07202592433288,77.52032020576401,40.45158914000001,37.823097579800034,37.761846661400014,38.05929985190002
2026-04-01,13.136531282807836,77.52344950275358,42.26997577999998,39.37426341620001,39.393814490600036,39.97648436
2026-04-01,13.06364088135997,77.7150131333259,40.39006477999999,39.71881692230005,39.38282555630006,39.96523907420006
2026-04-01,12.988682390882172,77.60242699040201,40.69085054000004,40.269596665100046,39.842617606700045,39.847539555500035
2026-04-01,13.111726346499877,77.52551968735268,42.44771281999999,40.28432833130006,40.138122525800036,40.156545653600055
2026-04-01,12.85818019361276,77.46848740192931,40.41399092000006,40.67170962800002,40.49928760910002,40.394850008000006
2026-04-01,12.854414666018194,77.72556788037551,41.897411600000055,39.98574719420003,39.40427363180002,39.89156365310004
2026-04-01,12.997165629238864,77.59146951052205,39.525305720000006,40.076290544000024,39.836191729100044,40.22533330610004
2026-04-01,13.041047494190376,77.51345745902135,38.062393160000056,37.15766035610003,37.778099346500014,37.92411716090001
2026-04-01,13.141871979815283,77.4603013183087,39.94572218000002,38.19839617580007,38.31616405490004,38.483835026000044
2026-04-01,12.927835782533824,77.4710755788028,43.65085585999998,42.076174046000006,42.241247321900026,42.25585935740002
2026-04-01,13.03034628566128,77.50276619424345,43.90720736000003,39.96494854250003,40.010356938200026,40.01353569680003
2026-04-01,12.874943259411678,77.56992576751395,38.65712864,39.607406560400015,39.043997233700054,39.05722497110004
2026-04-01,13.040503172788394,77.49234838582618,40.81731728,39.49445808950003,39.28320736339999,39.548257724300036
2026-04-01,13.081674692735325,77.4614325710603,38.73232508000001,38.49955791800006,38.47614448100003,38.92691295860005
2026-04-01,13.039573885043318,77.66685387968309,40.52678558000002,38.992009149500056,38.742271518200035,38.9517961442
2026-04-01,12.912466931601054,77.50885556209727,38.87588191999998,38.23421702540004,38.55848458280003,38.920965603800035
2026-04-01,12.96294092279073,77.45896344783787,45.98878153999999,41.92417469660003,42.355460460200035,42.34383919220003
2026-04-01,12.901091723717435,77.74029905234951,46.09132213999999,41.961977997800005,42.8466982946,43.34094398660002
2026-04-01,13.126496611232094,77.51379952539332,38.63662052000001,39.08665412330003,39.2566835282,39.61284121220001
2026-04-01,13.107814325080332,77.65166176107843,42.79293284000005,40.05590205470003,40.55804337290003,40.774028056700004
2026-04-01,12.824103928764252,77.57997128152329,42.03755042,40.97406767720002,40.73897626160001,41.129228695100004
2026-04-01,13.144785528540964,77.74767278824703,33.53693468000006,31.21541549600002,32.5088455343,32.730230689699994
2026-04-01,12.886310367429402,77.59301415069,39.51846968000001,40.317363494600016,39.79358610980001,40.19706628070004
2026-04-01,13.021513586847416,77.71837872465771,39.94572218000002,38.686352711000026,39.3655816454,39.4870409861
2026-04-01,13.061887075502357,77.55205633399873,41.097594920000006,39.35606245970004,38.79152518640004,39.05548178090005
2026-04-01,12.98374645624096,77.47712239678978,40.49944142000004,38.44498922870002,38.4204478451,38.71704653060004
2026-04-01,13.108996604776229,77.5025064069611,36.69176714000002,36.85550738810003,36.102876474200045,36.26205366560004
2026-04-01,12.822890605572647,77.58779087953964,43.38766831999999,40.58757506570003,39.85191462110003,40.310715445700055
2026-04-01,12.96629239143218,77.69853867494237,40.56096578000006,39.5896328564,39.25888815110002,39.59667397760002
2026-04-01,13.11949746977626,77.67452028229836,43.10055464000004,40.12540749140004,39.2991353366,39.70012035290003
2026-04-01,13.044080274783102,77.6812337802383,42.73482650000005,38.50892329280003,38.62397384600002,38.927801643800024
2026-04-01,13.12888307204528,77.67704686340196,46.08106808000002,38.92303350590002,39.38297936720003,39.34587676010001
2026-04-01,12.908236207037028,77.63306486976175,38.77675934000001,38.08341398300002,38.001466953500035,38.52442401350003
2026-04-01,12.880566637179731,77.60231339659344,41.10784898000003,40.12062226340002,39.90709855400002,40.05783323600002
2026-04-01,13.099401798431524,77.50405056300693,45.40771814000004,42.21573180260004,42.28735641170002,42.57161604500003
2026-04-01,12.863197664729588,77.45499975407438,41.51459336000005,39.86719317050003,40.127783015300004,40.0029398348
2026-04-01,12.841116650005944,77.64335593770446,39.344150660000025,38.56644856940001,38.83619870780002,38.51825448740001
2026-04-01,12.980706387214331,77.48496778579624,39.37491283999998,37.84066620260001,37.57112114540003,37.93546498730002
2026-04-01,13.077583161690471,77.6735024092047,30.511986980000017,29.884165066400023,29.51455747370001,29.529955653800013
2026-04-01,13.139661968976489,77.74084903070525,44.228501240000014,39.84859914170003,39.69061825730003,40.14870129770003
2026-04-01,12.974126758649804,77.72119272093755,40.58147389999999,37.73484430340003,37.69926271520003,37.97449877570003
2026-04-01,12.941813073085047,77.46281359848606,45.58203716000003,42.305318106799994,42.78208062650004,42.95737378220003
2026-04-01,12.84680405253986,77.72334044955485,43.05270236000001,41.09453579210004,40.42860295550004,40.92773641610004
2026-04-01,13.047301942944348,77.62401480522819,41.02581650000002,39.19030557980004,38.72805255500003,38.83662596030003
2026-04-01,13.06656815909314,77.72222264161576,45.141112580000026,40.62026842700002,40.84660971140002,41.02051856900005
2026-04-01,12.987612427060364,77.45811445770596,42.99459602000002,38.93108294300002,39.2580849164,39.68002239530001
2026-04-01,12.971392283823205,77.68000900079929,38.82802964000001,39.173864903599984,38.93855131670003,39.26688631790001
2026-04-01,13.09806598321904,77.5378931654716,41.83930526000006,40.741215064700015,40.493750416700024,41.075787952400034
2026-04-01,12.915254441319746,77.54114213427074,37.60437848000004,38.17141090790002,38.43661507970002,38.79677184710005
2026-04-01,13.093332498636366,77.74080275802139,44.73778622000003,41.25737026490004,41.62967809340003,41.656612091000035
2026-04-01,13.112395873495393,77.61928163058846,41.39838068000006,39.97024647350003,39.96284646020004,40.213370236100005
2026-04-01,13.123361838540651,77.74299541779999,42.53658134,41.69050175930001,42.380736718100046,42.84189597650005
2026-04-01,13.14966238104124,77.65912428795104,41.96235397999999,39.642560896100065,39.57807994880006,39.370315603100046
2026-04-01,13.023890363576518,77.5880851217653,40.59856400000001,39.18637485680002,38.871455584100026,39.255743572700034
2026-04-01,13.127702793338422,77.54980915375607,35.09555180000001,36.857968362500024,35.980186646300034,36.0054458141
2026-04-01,13.109175899510555,77.67797848870617,46.94924516000003,41.452009413800035,41.78574488660004,41.94181167980003
2026-04-01,12.952247221051191,77.73487474454753,39.55264987999999,38.55486148160004,38.74659531350002,39.00328861550005
2026-04-01,12.979689089716942,77.57518599206472,39.58341206,39.623471254400044,40.02319160330005,40.32754919420003
2026-04-01,12.896973663520772,77.61994356461858,41.03607055999999,38.10187129100004,38.68804463090002,38.79940372250003
2026-04-01,12.995574215504664,77.57817294317881,39.74405899999999,38.383994661800024,38.69587189670001,39.013064152700004
2026-04-01,13.005696574526889,77.66723278554701,40.61565410000003,39.01354267550003,38.938517136500025,39.36428279780003
2026-04-01,12.957356452692318,77.64158218529693,37.85731196000006,39.77288999870002,39.34298853320001,39.43465982960003
2026-04-01,13.134682111651836,77.45968365237768,38.56142408000005,37.62351939200003,37.524311361500025,37.821491110400046
2026-04-01,12.908654974521204,77.55397318252216,39.79191128000002,39.513889533200015,39.567193555100005,39.47212132879999
2026-04-01,12.870375088916957,77.7091309016037,42.56734352000001,41.76270743179999,41.90409382910004,42.30401925920003
2026-04-01,13.09541157907864,77.54099447932084,39.50821561999999,38.00138150299998,38.48993619170001,38.85660428720001
2026-04-01,12.813490479693344,77.61850674341665,44.49510680000003,41.794084855399994,42.65470811120005,42.865104332300035
2026-04-01,12.97807700594781,77.47782818875392,40.33879448000005,38.73916112000003,38.76341197190005,38.865508229300026
2026-04-01,13.03657235087292,77.65034687194309,40.63958023999999,38.48557821620007,38.48709923510004,38.78969654570003
2026-04-01,12.979545513599652,77.48165267834173,41.43256087999998,41.01453703400003,40.233912536300025,40.73384923160003
2026-04-01,12.959093308582013,77.53472291982887,38.838283700000034,37.862028827600035,37.93131209300002,38.27412240890004
2026-04-01,12.958756987493471,77.72463968508522,37.03698716000002,39.30602264690002,39.93266534360003,40.29171125450006
2026-04-01,13.086337041063802,77.54381360463144,41.13861115999998,39.92427410450004,39.70493976110004,39.797260481300015
2026-04-01,13.128605889364508,77.66791194791486,46.682639600000016,41.61629654510002,42.16617051260002,42.64517183540004
2026-04-01,12.89224768683544,77.66352290794454,42.53658134,39.098343751700014,39.494458089500036,39.955207185500015
2026-04-01,13.021245355292011,77.52490103256909,43.93113349999999,38.71472227700001,39.15788566010003,39.56854367300006
2026-04-01,12.833183483915136,77.69017120350172,39.378330860000005,36.96326046860002,37.15610515700001,37.242273441199984
2026-04-01,13.035027826127322,77.59608529703873,41.10443096000006,37.864899964400045,37.45195187810005,37.81151049200003
2026-04-01,13.019555045354636,77.57566136903267,40.46184320000003,38.40163164500003,38.827140954800036,38.77940830550002
2026-04-01,13.126518241834455,77.57505347162999,40.63274420000005,37.610154933800025,36.95240825510001,37.50904990220003
2026-04-01,13.04693756307432,77.64696128047161,43.04928433999999,40.3126637171,40.523196659000014,40.97943396860004
2026-04-01,13.068562386298598,77.50482803526711,38.48622764000004,37.27621437980003,37.3497872603,37.54533218449998
2026-04-01,13.08829951314638,77.73738849396393,45.06933416000004,39.60139084520002,39.9433637462,40.37666614159999
2026-04-01,12.933283358096116,77.55609602119192,38.55458804,40.296017959700045,39.928666260200025,40.22461552190005
2026-04-01,12.835744169324082,77.7095688632641,47.20217864000006,41.58008262320001,42.36421059140002,42.35074359260005
2026-04-01,13.073935724478051,77.50544127172071,40.30119625999998,38.872976603000026,38.77057272380005,39.18904091240005
2026-04-01,12.909415087016702,77.55675396859276,40.79339114000004,39.59438390420007,39.7291051625,39.61882274720003
2026-04-01,13.090033834975983,77.67647103062293,42.53316332000003,39.32085685370006,39.792680334500034,39.59329013780001
2026-04-01,12.91185213325228,77.7454711076632,43.25778356000001,41.75252173220002,42.48276461510002,42.889611535699984
2026-04-01,12.931827814215636,77.53553567249129,39.11172529999999,39.012465999200046,38.91148059830004,39.013166693300036
2026-04-01,13.133525374458866,77.4847595121663,38.872463900000014,40.04733991460004,39.673869959300006,39.82920187820003
2026-04-01,12.985914437836554,77.60666639928193,42.44771281999999,39.88788928160007,39.67234894040002,39.64413318530003
2026-04-01,13.137782063505588,77.7065392173863,42.70064630000002,39.376946561900056,39.58113907670005,39.61417424000004
2026-04-01,12.801672976198684,77.65099748562864,43.19625919999999,41.08939167200002,40.693362784700014,40.995686653700034
2026-04-01,13.03028221776242,77.68145634505706,38.46913754000002,37.74509836340005,37.54105965950001,37.850219568500016
2026-04-01,13.062289250308506,77.65208595009327,42.20161538000002,37.63924228400005,38.01023417479999,38.48803919060002
2026-04-01,13.14000830677962,77.46361230028116,42.30415598000002,39.72426866420001,39.980107461200014,40.69903669790001
2026-04-01,13.100401923345464,77.54254122617237,43.72263428000002,40.20407322170006,40.606869788600044,41.024551832600054
2026-04-01,12.928489307101108,77.53589287612787,39.74747702000002,38.98727519180002,38.828508162800034,39.09769432790003
2026-04-01,13.052706557559596,77.58968909809393,38.937406280000005,37.80592202929999,37.77327993830003,38.27371224650001
2026-04-01,13.04780627690379,77.70562559712582,34.7195696,34.61212414130004,34.541439487700025,34.803293999900006
2026-04-01,12.98425491700804,77.57732523900683,37.25574044000001,39.42944734910004,39.07744255940002,39.212010006800014
2026-04-01,13.118436972099968,77.54879904101018,41.28558601999998,40.314594898400046,39.6302902043,40.07022355850002
2026-04-01,12.936661542186826,77.74912850383998,40.913021840000056,39.0389556542,38.85127217600002,39.07956173180006
2026-04-01,13.037726361719985,77.64493706393903,38.35292486000003,36.89932640450002,37.24586236220002,37.32538259750001
2026-04-01,13.028634030862404,77.63271598045023,40.32854042000002,39.222537508399995,38.86461954410001,39.3275903531
2026-04-01,12.807145594442169,77.60304502777564,40.89251372000001,40.74818782550004,39.96619611980001,40.56137594240002
2026-04-01,13.07334923112211,77.6903523777841,41.9486819,41.063585620999994,41.04263315840002,41.18237890610003
2026-04-01,12.982312906918468,77.57822744646506,42.92623562000006,39.83844762230001,39.81197505740005,40.25877863180004
2026-04-01,12.977877199625055,77.70960102582322,40.755792919999976,36.299583525200035,36.785694329600034,36.90834997730003
2026-04-01,13.03529408175938,77.69063673188091,40.10636912000001,38.66020485800005,38.603414455700005,39.05192704010003
2026-04-01,12.889841113602587,77.46134817362608,38.79726746000006,39.45497995850003,39.69947092910003,39.63709206410002
2026-04-01,13.019862798640078,77.73953883504514,40.80706322000003,39.56452749950004,39.89898075650004,39.67248566120006
2026-04-01,12.982478556686084,77.69940072393614,41.16253730000005,38.066152982000055,37.882844569400014,38.379602506100056
2026-04-01,13.11692930923021,77.50493295277343,39.033110840000006,39.813410625800024,39.56392934600003,39.72281600570004
2026-04-01,13.06541255746126,77.73337961739034,41.18304541999999,37.54546890530001,36.69135697760002,37.33649116250002
2026-04-01,12.991486750506684,77.45966216091108,44.00632994,39.44780211650003,39.79119349580004,39.80667712640004
2026-04-01,12.85429081020298,77.7114205614162,44.83690880000006,40.029138958100035,39.754107978800015,40.32824988830002
2026-04-01,12.90995848150823,77.52430305985294,37.78211552000005,40.36109706050004,39.72941278430001,39.64314195950001
2026-04-01,13.043419458282088,77.5670772699795,35.987655020000034,36.87073466720005,36.97518935840001,37.15930100570005
2026-04-01,12.962233123571549,77.693112833033,35.987655020000034,37.260525668000014,36.35562196309999,36.65517723590003
2026-04-01,12.92095595979404,77.5356622586988,37.06091330000004,37.679677460600026,38.00744848850001,38.248658159900046
2026-04-01,12.99191000093418,77.5547525037758,39.62442829999998,38.07027169610002,38.11373182040001,38.42875363370002
2026-04-01,12.98883609739554,77.56548696376422,39.54923186000002,37.4906438645,37.870214985499985,37.965423932600004
2026-04-01,13.048147832399238,77.47357576981409,41.97260804000001,39.82462173140002,40.16715860570003,40.399207983500034
2026-04-01,13.111083655876378,77.62016925731317,41.37445453999999,37.93932734990003,38.058684608300005,38.61158352350004
2026-04-01,13.034373513176243,77.59967372876899,41.029234520000045,39.336289214000004,39.39716415020004,39.46991670590005
2026-04-01,12.927609506616632,77.48611293318082,40.92327590000002,38.954222938400015,39.508608692299994,39.85733218280001
2026-04-01,12.800429159379163,77.6964979663591,42.84420313999999,40.81123320440001,40.3795372784,40.88239638080003
2026-04-01,13.062411959759208,77.55356496027017,40.393482800000015,38.56677328130002,38.28500880260004,38.610711928400036
2026-04-01,12.826339384246504,77.72711980445392,40.10636912000001,39.40789673300003,39.53931960200002,39.32548827080002
2026-04-01,13.130819800577097,77.65476092793921,43.2133493,40.69442237090003,41.0677726955,41.42348603690002
2026-04-01,12.882075636566643,77.66054796586421,43.03561225999999,39.338288755700034,39.804045251000026,39.91988194880005
2026-04-01,12.905375099807037,77.57980625435553,37.905164239999976,38.572207933100024,38.47151306389998,38.7152178899
2026-04-01,12.826278885894853,77.57678609018252,41.42914286000001,40.5398253263,39.66447040430003,40.13157701750004
2026-04-01,13.081833666097449,77.47918720557553,38.94424232000006,37.433785101800005,36.87446030900002,37.29925183459999
2026-04-01,12.888822453060053,77.64396931718305,41.88032150000004,38.41284275060004,37.999535772200026,38.399033949800035
2026-04-01,12.954660736522444,77.71325047932017,42.488729060000026,39.714817838900025,40.12896223220002,40.45548568280004
2026-04-01,13.007047861879055,77.6973543535858,39.607338200000015,37.20375235580002,37.31121490460002,37.81033127510002
2026-04-01,13.1091623399334,77.46739336078619,38.82461162000004,39.44506770050003,39.08626105100002,38.997153269600055
2026-04-01,13.081503117765145,77.52963224621017,39.97648436000003,40.15717798730002,39.89325557300001,40.278500607200016
2026-04-01,13.085405904899952,77.61175572697628,30.06422636000002,30.485924577500032,29.672299096700016,29.606792743400028
2026-04-01,12.943571930130984,77.47581033547877,40.36955666000006,40.91273130830001,40.49272501070001,40.58256766640001
2026-04-01,13.14032939300189,77.73279208574303,43.13473484000002,40.07302633490003,39.64081770590006,40.23514302350002
2026-04-01,13.104774423254792,77.45277434656509,42.48189302000003,40.00922899160005,39.997898255299994,40.516480249700045
2026-04-01,12.973864890792006,77.6609420319603,49.41363758,42.5649679961,41.392433325200024,41.78019060410006
2026-04-01,13.04636472157607,77.70648320235448,40.66692440000003,37.037516953100045,37.19766828020001,37.421856212
2026-04-01,12.882585942158434,77.7000535719593,42.42036866000001,41.98528889420002,42.57641836310001,42.75514662890005
2026-04-01,13.033904623115674,77.68830553380359,40.05851684000004,36.97864155860002,37.41539615420002,37.79011368680003
2026-04-01,12.942687213725971,77.55782283683459,39.084381140000005,39.09034558490002,38.93646632450001,39.308483621300034
2026-04-01,13.022909097591889,77.6988341813051,40.62932618000002,38.88302558180003,38.97150102950002,39.34698761660001
2026-04-01,12.851539233711897,77.61241912114566,38.64345656,38.454303333200066,38.317975605500045,38.40222979850004
2026-04-01,13.02032039523166,77.70428008866547,40.09269704000002,37.93001324540002,37.29901257320002,37.75439537780001
2026-04-01,13.001754880624928,77.50711394093736,41.49750326000003,38.653642259600026,38.32024858880002,39.09138808100001
2026-04-01,12.874381008906669,77.71314941633663,46.71681980000005,40.574689130300015,41.19767454560003,41.4319798166
2026-04-01,13.09164307103396,77.60760778020263,31.14432068000002,30.66995077430004,29.92707830750003,29.813907665300007
2026-04-01,12.902600343306688,77.61345402639486,30.484642819999976,30.25645580480002,29.370111948500007,29.219701978400018
2026-04-01,12.84168630877681,77.7291389856477,47.38675172000001,39.10381258370003,38.95237720760006,38.82580792700003
2026-04-01,13.062674438610022,77.50126002619024,40.24992596000004,35.70476259470002,36.00242086640004,36.25046657780002
2026-04-01,13.086537306469436,77.6475581714626,40.55071171999998,40.45160623010001,39.38446620590002,40.12243381400003
2026-04-01,13.134428980804676,77.66222231054321,42.82369502000006,38.80839311510002,39.27845631560002,39.700855227200016
2026-04-01,13.019614711009446,77.70579503919933,39.49454354,38.38105516460003,38.55597233810005,38.94962570150003
2026-04-01,13.005650769114316,77.56224031711535,38.17518782000002,38.7467320343,38.34656734280003,38.45233797170002
2026-04-01,13.027168730939,77.70269667204737,40.393482800000015,38.73153893540004,38.51593023380002,38.66451156320004
2026-04-01,13.0065337644548,77.65220456402147,37.72400918000005,37.89181687190001,37.75552332440002,38.231209167800024
2026-04-01,12.95635981812286,77.6992006563931,39.91154198000004,37.058281424600004,37.68841050170001,37.95069226640001
2026-04-01,13.045286813298244,77.71378046310274,40.66008836000003,39.12302185610004,39.73295043500003,39.889564111400034
2026-04-01,12.914620605087556,77.72301646323855,38.13417158000004,37.46863181570001,37.252527501200035,37.619742479900026
2026-04-01,12.887442993047689,77.64562224811785,39.88761584000002,37.85266345280002,38.23387522340003,38.47313662340003
2026-04-01,12.895726175274229,77.56414054639606,40.742120839999984,37.89451710770003,38.326110493100046,38.486654892500034
2026-04-01,12.978409590033428,77.56481108308708,37.744517299999984,38.190415099100036,37.66744094900005,38.22151908110002
2026-04-01,12.990905922925783,77.49254029532813,41.473577120000016,38.03299818800001,37.229096974100024,37.93105574150002
2026-04-01,13.093142112987335,77.46616291761151,42.60835975999999,39.37434886670005,39.51739300370003,40.078050824300014
2026-04-01,13.092819459825336,77.62704176631635,39.02969282000004,37.054572872900025,37.582862044100004,37.63066305380003
2026-04-01,13.040653222906176,77.58581064436775,44.54979512,40.287865982000014,40.02153386359999,40.328061897200016
2026-04-01,12.982379721815674,77.64905605833508,35.91245858000002,38.469513522200025,39.03545218370002,38.91546259160002
2026-04-01,13.110165257005892,77.74999838097072,40.39690082000004,37.43465669690002,37.83297565760003,38.24853852920003
2026-04-01,12.88090733857266,77.58305980335666,37.98719672000004,39.30795382820004,39.02748819710004,39.314960769200034
2026-04-01,12.971669014710267,77.71381704701993,36.86266813999998,38.2686023066,38.55252013790002,38.78585127320003
2026-04-01,12.948347064796524,77.55325399715193,39.162995600000045,39.428080141100025,39.23983268960002,39.14448702170004
2026-04-01,12.830736033474407,77.7425582175061,44.895015140000055,41.26717998230001,40.79446781630002,40.972991000900016
2026-04-01,13.06905069496655,77.63779901467277,40.834407380000016,38.966032197500034,38.64243115400002,38.853750240500034
2026-04-01,12.828028077583484,77.74051602633364,47.25344894,40.863118748,40.56363183560002,40.86084576470002
2026-04-01,13.049937417950174,77.62146929526827,40.882259660000045,38.94243076940002,38.95893980600003,39.205669579700036
2026-04-01,13.041719310734347,77.60814185155115,39.5389778,36.59447320070004,36.53913545690002,36.63622431500003
2026-04-01,13.060196510148629,77.72343973572593,43.12448078,38.757242445800024,39.015832748900046,39.31832751890002
2026-04-01,13.045461965321095,77.6042187694377,36.33629306,35.91399668900002,35.84373928790003,36.03063662150004
2026-04-01,13.130609409733497,77.51661478851477,38.64003853999998,36.752915517800055,36.80760383780001,36.91631396390006
2026-04-01,12.850186033924436,77.63450882677809,43.36716020000006,40.14687265700001,39.699385478600014,40.075504399400025
2026-04-01,13.033920417711252,77.70693607228073,42.26655776000001,37.42682943110003,37.801752044900006,38.22820131020003
2026-04-01,12.880388199072838,77.59829655299876,39.313388480000015,37.87925564840004,38.08317472160002,38.32940888240001
2026-04-01,12.975261954755716,77.49450406279101,43.03561225999999,38.948959187600025,39.385559972300015,39.55890485660003
2026-04-01,13.033046771883413,77.67363582627553,41.10101294000003,39.48575922860004,39.46894257020004,39.663855160700024
2026-04-01,13.077894633298056,77.6066504378172,40.16105744000004,37.67998508240001,37.66552685780002,38.216614222400025
2026-04-01,13.13006858215962,77.72951995015637,43.94138756000001,39.54393392900003,39.850820854700025,39.858494309600076
2026-04-01,13.002660850935326,77.74937347118528,40.12687724,38.26744017979999,38.553374642900025,38.78858568920005
2026-04-01,12.920170887525588,77.5232257364036,39.05703698000002,39.008227654400024,38.906609919800005,39.5772938042
2026-04-01,13.047165896865494,77.55018163957072,39.32706056000001,38.75483274169999,38.564004685100016,38.53517368640002
2026-04-01,12.890704810885994,77.56149076401373,41.43256087999998,39.399625124599986,39.255692302400035,39.195415519700035
2026-04-01,12.815518850363793,77.62336676266355,45.633307460000026,40.98914114540007,41.45679464180001,41.68216179050004
2026-04-01,12.997563628491957,77.52441818897427,43.38425030000002,39.25842671840002,39.37463939840002,39.760294595000026
2026-04-01,13.13574118401952,77.7309238754203,42.7860968,39.05380695109999,39.31805407730002,39.50790799820002
2026-04-01,13.038696809059164,77.51455593428004,42.44429480000002,39.06071135150004,39.113092508,39.349448591000034
2026-04-01,13.04194931444521,77.49249795421376,40.164475460000006,37.286605160600004,37.475382405200016,37.79187396710002
2026-04-01,12.919743898989235,77.6846575070487,37.58728838000002,39.38610685550002,38.96076844670002,39.115109139800026
2026-04-01,12.938279249525772,77.45338554337962,43.763650520000056,39.57746470520001,40.229622921200004,40.0160137613
2026-04-01,12.88827491675607,77.67599694941545,40.755792919999976,39.50831816060006,39.553162583,39.84642869900003
2026-04-01,13.114951701378208,77.60820507103064,40.803645200000005,40.48864047680002,40.79277589640003,41.129143244600016
2026-04-01,12.883061822850086,77.58932097352195,37.44373154000005,38.57926614440001,38.42460073940001,38.503027208300026
2026-04-01,13.134963515752732,77.66886979473067,41.996534180000026,39.8278517603,39.38065511360001,39.3724005953
2026-04-01,13.060035848332427,77.57722382402964,40.80022717999998,39.084141878600015,39.00874035740005,39.18579379340002
2026-04-01,12.810085376674628,77.70621251732295,43.48679090000002,41.217037628899995,41.45542743380003,41.64649475180003
2026-04-01,13.0543703172189,77.56134165782368,40.50627745999998,37.194865503800024,37.927876982899996,38.3670925529
2026-04-17,13.055804850121367,77.71722378095612,42.91598155999998,45.851377136,47.015947820300056,46.92942064400002
2026-04-17,12.989300614817944,77.57620732389415,38.84853776,43.052719450100014,43.100930622200046,43.08452412620002
2026-04-17,12.923759405919329,77.51694821453367,37.101929540000015,42.523165611500026,42.64457368190005,42.62268126380003
2026-04-17,13.002566368966542,77.7038306534975,40.54387568000004,45.59061639020001,46.23187112240002,46.43575601540003
2026-04-17,13.055956262816846,77.5312050175024,38.60244032000003,42.758564648900034,42.510125865200024,42.52012357370004
2026-04-17,13.052135268886852,77.60878898732659,39.27579026000001,43.49632717580003,43.42347207950004,43.31313839390005
2026-04-17,12.933019360773171,77.54469537128308,37.66932086000003,44.1059994032,43.543632572600025,43.68660834919999
2026-04-17,12.9196043061921,77.50651190929412,35.464697960000024,43.40292977930001,43.442698442,43.45356774560004
2026-04-17,12.914700123093832,77.60009629209006,34.82894624000005,43.1841081389,42.83362436809999,43.12661704250003
2026-04-17,12.870616735259771,77.56286278235916,36.79088972,43.097478422,42.59776389800001,42.45967589000003
2026-04-17,13.070820607620403,77.63935332975039,41.52142939999999,43.022743414700024,43.41648222860003,43.55973144680001
2026-04-17,12.927328148552014,77.57664423806436,35.23910864000004,42.05450379920002,41.67146338790004,41.80003221020001
2026-04-17,12.835792601458666,77.51902937130579,43.35348812000001,43.39209465589995,44.39624057150001,44.460926600000015
2026-04-17,12.808779267753184,77.45314045768814,42.66304808000001,47.68921230980004,47.68249590050005,47.86240338320003
2026-04-17,13.030649896303713,77.67043395844975,39.50479760000002,44.293067637799986,44.80124176130002,44.7716929784
2026-04-17,13.003408201683762,77.61500331319482,38.42128525999999,41.453393711900006,42.20819506850001,42.089743585399994
2026-04-17,13.016508069240096,77.55217320615134,39.99015644000002,41.043111681200045,42.03201322760004,42.086393925800024
2026-04-17,13.118947937624569,77.45134775802636,36.83532398,42.49467641480007,43.29871434950002,43.44259590140002
2026-04-17,12.844137932685484,77.55331125165192,37.53260006000005,43.95617049650001,42.709276800500035,42.57922113950002
2026-04-17,12.835179960342984,77.53193978212875,34.97592110000005,44.009337797600004,42.784695411800016,43.10689506710001
2026-04-17,13.061984972787728,77.69523541949718,42.485311040000056,44.04568844030004,44.25264955130003,44.37048579080001
2026-04-17,12.834311913173766,77.50512558002167,39.32706056000001,42.820464991099996,42.75719744090003,42.61350388010003
2026-04-17,13.000574707961723,77.5353325336352,36.88317626000003,43.712465670500016,43.083498720200005,43.08640403720002
2026-04-17,12.9892594228054,77.55809271406763,34.972503080000024,41.83636576280002,42.109209209300026,42.05029963460001
2026-04-17,13.1112095986636,77.73381312978175,43.87644518000002,43.988692956799966,44.3904982979,44.192646210200024
2026-04-17,12.803265319107828,77.5160319389392,35.36557538,42.43255390130002,42.95523751970005,42.91384529750007
2026-04-17,13.026901188851417,77.63572301596244,40.74553886000001,41.74906953199999,41.882799564500026,41.796562919900005
2026-04-17,13.048857616721218,77.62192197067131,40.00382852000001,41.39398852430002,42.29080861190005,42.31217123690003
2026-04-17,13.063293466075498,77.71772137794679,41.63422406000001,42.914545991600015,43.6995113747,43.601397110599976
2026-04-17,13.115655289023032,77.47758627054907,36.10728572000005,41.519976741500024,42.742346144000045,43.09657264670003
2026-04-17,13.042400489135462,77.60853853701894,39.18008570000001,44.6095250195,44.640834082700025,44.602193366600005
2026-04-17,12.929567814111826,77.52072165145285,39.050200940000025,42.40403052440001,42.324783730700034,42.548373509000015
2026-04-17,13.114569534215637,77.52786172009188,39.87736178,43.75867730090002,43.22286848570001,43.41872103170001
2026-04-17,13.043729721190514,77.67681335852201,43.71238022,46.319543335400056,46.08617801990001,45.96461613860004
2026-04-17,13.124943711038132,77.55697375806659,41.900829620000025,42.236137382000045,42.27887972210006,42.21549254120005
2026-04-17,12.873459595469251,77.52167858448018,39.66202652000004,44.659359751100055,43.08751489369999,43.19634465050002
2026-04-17,13.006770160512854,77.59832372290329,39.952558220000014,43.054274649200025,42.381898844900036,42.30952227140002
2026-04-17,13.033633508914978,77.62388422819208,41.69574842000003,43.98139548409999,44.32842705469998,44.527714710800026
2026-04-17,13.04705212658437,77.70409599950608,41.34369235999998,43.861337531600036,44.58698317760004,44.44286236430002
2026-04-17,13.084277823009073,77.52218311280876,40.89593174000004,45.35489264090002,45.620387344400044,45.64913289260003
2026-04-17,13.017503886394689,77.72808138284984,40.81389926000003,44.22335711989999,44.30549214050002,44.38925072060002
2026-04-17,12.88901618160082,77.57621123583792,37.132691720000025,44.2204347128,44.6181213398,44.8332002483
2026-04-17,12.85861464224256,77.5451658199049,36.74987348000002,41.86463278820007,42.36082675160004,42.372721461200015
2026-04-17,12.878131743528208,77.52729218338,36.92077447999998,42.312205417100046,41.183113780400035,41.45523944270002
2026-04-17,12.944312381221248,77.48318887349569,37.05749528000001,42.317588798600035,42.70385923880006,42.69917655140004
2026-04-17,13.110889225855049,77.51466187896534,40.75921094,47.59249943390001,47.15579610860004,47.055408861200014
2026-04-17,12.885422303516137,77.51099508237125,39.24502808,45.030180740899986,45.17332741850001,45.35813975990004
2026-04-17,13.018935507031696,77.66410102256165,40.13713130000002,42.8560978496,42.72923803730005,42.80258874650002
2026-04-17,12.88441127089978,77.48390173574607,42.88863739999999,46.49220461570004,46.79418668270002,46.67691441650002
2026-04-17,12.892007400721656,77.57185619344011,38.87929994000001,42.61898980220002,42.9449321894,43.07941418629999
2026-04-17,12.984553935327838,77.73226099913065,38.968168460000015,44.8373702327,44.56069860379996,44.45400510950003
2026-04-17,13.044233501203774,77.71071029870559,43.14840692000001,43.80304320050004,44.411912193200024,44.33121274100003
2026-04-17,13.06325061787532,77.73126105028899,43.469700800000055,44.37501466730001,43.71661856480003,43.773665318600024
2026-04-17,13.072934336773,77.63568666243758,41.36420048000002,43.937285935999995,44.24022504860005,44.36094951500002
2026-04-17,13.136997046268906,77.58385863054863,41.26507790000005,47.26751409230002,46.92830978750004,46.87876558760006
2026-04-17,12.806920334149828,77.55620875551902,35.99107304000006,45.049304562800025,45.33221407820004,45.994968156200045
2026-04-17,12.868480758890838,77.54519988964367,35.909040559999994,42.094272461900026,42.72592255790005,42.566540285300036
2026-04-17,12.856630136242105,77.54823008128696,33.70099964000002,41.88671319740001,41.67488140790003,41.687630622500045
2026-04-17,13.019438575971565,77.54034801410428,41.30267612,45.13767746990001,46.66476335540003,46.68568163780006
2026-04-17,13.013000971899428,77.49925235108944,44.242173320000006,46.09197156380001,47.52149006840004,47.525882224099995
2026-04-17,12.910412302034471,77.59776949483681,35.36557538,43.39513669370004,43.180792659500014,43.258774785800014
2026-04-17,12.8091142863696,77.50444196463901,43.38425030000002,42.85257728900001,43.58218783820005,43.49224264190004
2026-04-17,13.016030686719647,77.7456167007577,42.40327855999999,41.691510075200014,42.39071733649999,42.45651422150001
2026-04-17,12.97306313453234,77.58928565135601,32.38847996000004,39.801960258800044,39.84371137310004,40.09925963840002
2026-04-17,13.048000934123548,77.56520313946407,39.638100380000026,40.72296283790004,41.31764704760002,41.34533300960003
2026-04-17,12.887506808263,77.57801615658447,36.55504633999999,43.05637673150005,43.17103421239999,43.46382180560003
2026-04-17,12.9246489047004,77.57023386179723,34.777675939999995,43.42760788370002,43.61618004710001,43.67785821800004
2026-04-17,12.904974809966676,77.49457485901704,32.627741360000016,43.487149792100055,43.24146251450003,43.26434615840004
2026-04-17,12.894225507804416,77.5142271654145,35.73472154000001,42.85649092190003,43.50796553390003,43.450218086000035
2026-04-17,13.021096323194108,77.63011991295483,41.33002027999999,43.52302191200003,43.116209171600005,43.07563727420002
2026-04-17,12.863612791261051,77.55108661750792,34.04621966000002,42.31311119240003,41.649895681700066,41.567230868000046
2026-04-17,12.993391397237732,77.46497329239499,38.43153932000001,47.34655580480003,46.84902881360004,46.71629000690001
2026-04-17,13.050503752734558,77.6636918326133,40.48576934000005,43.95970814720002,44.1248156033,43.985958540799984
2026-04-17,12.99388418242691,77.57009496898326,35.49204212000001,39.939962816300024,40.800124639400025,40.87901254100002
2026-04-17,13.054161126404734,77.52966597136856,38.92373420000001,43.597158765800025,43.16513812790003,43.2166476893
2026-04-17,12.99362931552614,77.71974363078408,38.56484210000002,43.6620669656,44.91524981839998,45.00174281450005
2026-04-17,12.862405506836945,77.4715123133347,45.34961180000005,45.40279619120004,45.80942094050006,45.611107420100055
2026-04-17,12.943178692967,77.525997030378,41.88032150000004,45.027121612999984,46.0131007523,46.0347368189
2026-04-17,12.842587718972158,77.52348554160557,36.73278338,45.14521420400008,44.38214123900004,44.39037866720003
2026-04-17,13.12349178680361,77.54011288945117,42.72799046,43.54985336900007,44.966520118400034,45.23503976959998
2026-04-17,13.0556641151982,77.70012933902416,44.816400680000015,45.873030292699994,47.24290434830001,47.197598493200005
2026-04-17,13.006883549181714,77.45235777964814,41.16595532000002,45.73441249160001,46.38607509470001,46.352732309600036
2026-04-17,12.889166879694232,77.59727026449774,35.909040559999994,42.80699799230002,42.79776933829999,43.10190475790003
2026-04-17,13.077931163236576,77.5298570556244,38.40761318,43.45854096470004,43.022589603800036,42.943752972500036
2026-04-17,12.99401669987458,77.54529553975027,37.08825746000002,43.563901431199994,43.68848826020003,43.524406210100004
2026-04-17,12.885828423925282,77.59405446268892,36.343129100000056,47.1108320555,47.23324844179998,47.37853138189999
2026-04-17,12.927237521772495,77.52650403368985,40.704522620000034,43.64642952410004,43.83048990110001,43.886716330099986
2026-04-17,12.990574917555904,77.57362789267592,38.35292486000003,43.480706824399974,42.92360374459999,43.09371860000003
2026-04-17,13.054963764432786,77.52573421175721,41.16253730000005,47.505015212000025,47.243827213699994,47.36559417620003
2026-04-17,12.94085868654615,77.56089396209474,37.101929540000015,43.07857677140002,42.7348948604,43.01676187970001
2026-04-17,13.065843954966168,77.5766544224651,31.45194248000001,42.73973135870003,42.841434543800005,42.75798358550002
2026-04-17,12.995509545404516,77.59412214204222,40.86175154,41.797502875400035,41.740285220600036,41.77096195010003
2026-04-17,13.019022027448486,77.69488790258909,42.553671440000016,44.57498592740003,44.9586757625,44.95882957340002
2026-04-17,12.890951175551509,77.55627827551355,37.542854120000015,41.84414175830002,42.25468014050004,42.20105140670002
2026-04-17,13.058642815894828,77.59941911150293,38.45888348000005,44.0998298771,43.98544583780001,44.08549128319998
2026-04-17,12.958379307260694,77.53721214090898,32.53887284000001,42.252714779000044,42.90152333540002,42.86262626780004
2026-04-17,13.025716275747662,77.62196295082988,41.77436288000001,43.77534014840002,43.738596433400026,43.73088879830002
2026-04-17,12.969230434917849,77.58236316694298,39.43985522000003,44.005116542899984,44.25834055459999,44.48510909150001
2026-04-17,13.041397495274882,77.56728102788811,36.67125901999998,42.622835074700006,42.479978928799994,42.454890662
2026-04-17,12.863861718110464,77.54677571914897,33.53693468000006,42.482337362600056,42.69926200190005,42.67138804880005
2026-04-17,13.06057840957037,77.64621574945407,41.86664942000005,43.60038879470001,43.344977250200024,43.5169891067
2026-04-17,13.044685737985388,77.64159702516217,40.540457660000015,42.50007688640001,42.8963108549,43.04367878719998
2026-04-17,13.111380101962864,77.51169117566714,43.62692972000002,45.36089126600002,45.838781732300056,45.722620322600015
2026-04-17,12.992246741006856,77.58948034046455,37.63172264000002,43.83918876200001,43.23211422980002,43.188449024300034
2026-04-17,13.024354786682656,77.72856885483657,30.29323370000003,38.87794982210003,35.67350480180006,35.58926769890007
2026-04-17,13.046889792209656,77.58240211678569,41.55219158,43.70865457820002,42.722077285400026,42.83078741150001
2026-04-17,12.987118144775764,77.68421976468092,34.56575870000006,43.16074597220001,43.47491328050001,43.666732562900044
2026-04-17,12.953888861401175,77.54321966432825,33.08575603999998,42.497530461500034,43.12665122270002,43.000406654000024
2026-04-17,12.93155694668294,77.54778193120951,38.02137692000002,43.72982921209998,43.890219800600036,43.6960249943
2026-04-17,12.994828879639533,77.71785839773788,39.29629838000005,43.715900780599995,43.45683195469999,43.618726472000006
2026-04-17,12.842267706060063,77.54192310181972,36.93102854000006,45.67719483680003,45.604869533599974,45.571988181199956
2026-04-17,13.033653562192354,77.67278108677853,41.61371594000002,45.413340782900015,44.8183147712,44.85143538500002
2026-04-17,12.824815844829084,77.54152893773744,39.70304276000002,46.43385901430001,45.93489645470001,45.90439062619995
2026-04-17,12.900102931700005,77.59653690189977,36.17564612000001,41.70755767910003,41.943059257100025,42.031825236500005
2026-04-17,13.03124165674129,77.67224121866411,40.46867924000003,43.41272240660001,43.489952568499994,43.330074683
2026-04-17,13.074363240917103,77.55309827386999,33.94026104,41.88561943099999,41.40962596580005,41.26912825370004
2026-04-17,13.147943256678518,77.50094622588362,46.45021424000004,46.08298217120003,46.855027438700084,46.92863449940003
2026-04-17,12.97626160317419,77.55667087066976,39.231356000000005,43.459668911300014,43.940635595600014,43.788482435300004
2026-04-17,12.813687622949969,77.63571202594767,31.01785394000001,43.12172927390004,43.10281053320001,43.165770461600026
2026-04-17,12.994940330031442,77.68900005058843,38.55458804,41.993167430300026,42.257790538700036,42.2759914952
2026-04-17,13.055744686635636,77.57009770396289,37.49841986000001,42.91987810280007,42.99662974190001,42.94416313490001
2026-04-17,13.04107135510757,77.61384219985659,41.767526840000016,43.4144655968,44.18613488209999,44.14452048860003
2026-04-17,12.993197952235668,77.50112144939206,43.20651326000001,44.262613079600015,44.19356907560004,44.238584399000025
2026-04-17,13.096790364852982,77.73223224246482,45.08984228000003,46.35138219170007,47.52661709840004,47.84235669590001
2026-04-17,13.031382504275758,77.65758865432895,39.45352730000002,43.94483976019998,44.144811020299976,44.28459094819999
2026-04-17,13.122146974163666,77.51105629959704,42.08882072000006,45.28008927320005,44.89506641030004,44.94032099510003
2026-04-17,13.082156877860095,77.72706213339988,42.553671440000016,44.35495088990003,43.03646676500001,43.03139100530001
2026-04-17,12.955446128316195,77.58853540370704,37.94959849999998,44.3422358555,44.5874958806,44.737769129899995
2026-04-17,12.995167695922609,77.50465380345344,41.79145298000003,44.55902377400002,43.74515903179999,44.042919844100005
2026-04-17,13.078553288711063,77.54764911920088,33.03106772000001,41.9555350301,41.769355480700035,41.697953042900046
2026-04-17,13.012581634507896,77.46707447834497,44.01658400000002,44.12599482020001,45.287369655800006,45.2999992397
2026-04-17,13.023040264015371,77.60105385609965,40.36955666000006,43.625374520900024,42.74540527190002,42.740466233000014
2026-04-17,12.915007215108492,77.51651197248543,38.01454088000003,42.21786806510001,42.42435065330006,42.404030524400035
2026-04-17,13.0417163009644,77.56422589691311,38.02479493999999,41.5562419337,41.98609212890003,41.942529463999996
2026-04-17,13.00684302317613,77.58584867168814,40.44133508000005,40.79378421230004,41.58664522160001,41.631660545000024
2026-04-17,13.099796468087115,77.55008241829513,40.41399092000006,47.07537009800003,46.66243910180002,46.190957423000015
2026-04-17,13.017328278193816,77.45120517535356,41.295840080000005,43.71003887630005,44.46877095590005,44.09617259570004
2026-04-17,12.805100259450333,77.47092789911835,40.9061858,44.19756815900004,43.029323103200014,43.04602013090002
2026-04-17,13.076878879721349,77.6414571255814,40.21574576,42.24109351100002,42.56395968020007,42.63052561970004
2026-04-17,12.968991288694063,77.52375793959153,37.82313176000002,43.3972729562,43.91633347340001,43.8794872178
2026-04-17,13.113957537655724,77.47705195191877,37.597542439999984,42.797188274900044,43.315445557400025,43.00818264950004
2026-04-17,13.088900158649874,77.67621390064733,42.167435179999984,43.262107355300024,43.61611168670002,43.67937923690002
2026-04-17,13.09875851953489,77.74824685592397,43.14498890000005,46.767577397000004,48.20429083370002,48.170264444600036
2026-04-17,13.090040983506192,77.70450183890233,41.72992862000001,48.971755954400024,48.52397824430003,48.557628651200055
2026-04-17,13.02883006960782,77.60404563663306,40.82757134000002,43.911138082999976,44.71151873629999,44.82737252420001
2026-04-17,12.98618433729506,77.68878557181661,37.48474778000002,43.147723316000025,43.62265719500004,43.765803872600024
2026-04-17,13.055052855436037,77.74836983603004,43.37399624,46.63359101300003,47.257208762,47.36566253660002
2026-04-17,12.932957464572349,77.56173259847313,38.246966240000006,43.37264612209999,43.400161183099996,43.46826523160001
2026-04-17,13.075171366991842,77.72998456330536,43.33639802000005,47.926251996800005,46.221138539600034,46.396380425000025
2026-04-17,12.80362974283584,77.63241529861483,35.58091064000001,46.78130074729998,47.61223849940002,47.50140920090003
2026-04-17,13.109558976555869,77.73649623296382,40.64641628000004,44.957154743599986,43.895927893999996,43.99845140389999
2026-04-17,13.02951732878756,77.70333832363077,39.59024810000005,43.535070432500035,44.06616238010001,44.01769485650005
2026-04-17,13.007081101811591,77.71258326988706,40.099533080000015,42.88404016310002,43.511571545000024,43.45003009490005
2026-04-17,13.120953091890645,77.56972021916786,41.79145298000003,46.871775736700016,47.35284496160005,47.32307400740004
2026-04-17,12.89715806995223,77.5730421883675,40.09611505999999,43.074680228600016,42.942539575400005,43.06616935880001
2026-04-17,12.843509564599708,77.45270301540594,45.83838866000002,44.91675374720002,44.85020489780004,44.89108441700004
2026-04-17,12.995706843166037,77.72981116253334,36.88317626000003,41.28572274080001,42.05611026860002,42.05159848220003
2026-04-17,12.98184467214011,77.70847032125229,36.35338316000002,42.434861064800025,42.28151159750002,42.322100585000015
2026-04-17,12.875795224386383,77.57533547709063,38.674218740000015,42.836563865300015,42.792129605299976,42.71879598620002
2026-04-17,13.00573422604155,77.66338479489623,40.05851684000004,44.80660805270004,45.593026094300015,45.82861312280002
2026-04-17,13.095625268004907,77.70847241493796,42.25630369999999,47.73253571330001,46.6488353822,46.60503345590004
2026-04-17,13.121140566972594,77.51307874507681,41.71967456000005,47.68355548670001,47.75265076100001,47.8304790764
2026-04-17,12.920906521017082,77.53194842409334,41.43597890000001,42.49471059500004,43.59001510400004,43.662682209200014
2026-04-17,13.113538139475244,77.48619514625013,40.591727960000014,45.7729848473,46.1895389447,45.9301795871
2026-04-17,13.007330933779665,77.46616601747306,43.52438912000002,47.575751135900006,48.048155680099995,47.988596681599994
2026-04-17,12.846842962746,77.45333922157697,50.17927406000001,46.72582628270003,47.380120761200004,47.453984173400016
2026-04-17,12.932565736255963,77.53778435194351,38.88955400000003,43.23454102400001,43.84520447720002,44.0119013126
2026-04-17,13.143982504983326,77.48178486388544,35.628762919999986,42.04401047780002,42.43590356090002,42.632644792100024
2026-04-17,13.012803383560549,77.45933745067545,41.43939692000004,42.41554925180006,42.62816718590005,42.48618263510002
2026-04-17,13.036630615199837,77.6310743655958,39.07754510000001,43.074440967200005,43.14278427710002,43.256279631200016
2026-04-17,13.03011927820546,77.67620513403824,39.93546812,43.18438158050003,44.374023441499986,44.21973401870002
2026-04-17,13.058611890498804,77.67477563845164,46.05372392000004,47.4786451877,47.60594934260004,47.793786631700016
2026-04-17,12.891758780232491,77.51222103694604,36.332875039999976,43.787132317400044,44.41596254690005,44.50214792120004
2026-04-17,12.842427502108285,77.54192201781747,36.89343031999999,45.67023916610002,45.513061516399986,45.459842944999956
2026-04-17,13.11511602449671,77.7427933790283,34.40169374000004,46.4474969141,45.770147890700045,45.860400708800064
2026-04-17,12.82429455727759,77.54769640628446,38.19569594000001,47.79137692760002,46.643896343299986,46.76966238919997
2026-04-17,13.142888625217372,77.50728571187732,41.82905119999998,41.27075181320003,43.13757179660002,43.392812440099995
2026-04-17,13.121181284455831,77.55315059257522,44.97704762000001,47.74419116150002,48.17643397070004,48.272617053500035
2026-04-17,12.986656103570263,77.6162306525519,38.55458804,41.60677735940002,41.97616278080006,41.93781259640003
2026-04-17,12.83045728836758,77.55885645639881,36.68493110000003,42.75911153210004,41.73820022840004,41.581073849000056
2026-04-17,13.012912135811105,77.59488573077446,42.43404074,44.4631654031,44.417910818300015,44.344474658600014
2026-04-17,12.991533326533627,77.60876179789564,41.04632462000001,44.24482228549999,44.59792084159998,44.78768931200001
2026-04-17,13.148533898842386,77.57718465409236,37.56678026000003,41.594592118100024,41.42037563870002,41.85740367590002
2026-04-17,13.052706845690931,77.63594249291233,39.89445188000002,42.83825578520002,42.76428983240001,42.76415311160002
2026-04-17,12.837213611501497,77.54397075364201,39.07412708000004,45.37476842719999,45.253138185500035,45.32971892360003
2026-04-17,13.069791184874878,77.51004951188142,38.45204744,44.36298323689999,44.37253660280002,44.42361891170001
2026-04-17,13.147135427203557,77.51637655381542,45.16845674000001,48.218714878100016,48.81210024020001,48.78306416029999
2026-04-17,12.835304953939469,77.55587769321463,38.26747436000005,45.43466922770001,46.02942179780004,46.38964692560003
2026-04-17,12.87307567489512,77.5675444158006,38.527243880000015,43.20003611210002,43.352753245700015,43.330741196900036
2026-04-17,12.868291841917957,77.55133478810055,36.17564612000001,42.13036675310003,42.76728059990004,42.557311631300045
2026-04-17,13.131863926462206,77.74064304006478,27.093966980000005,43.84180354730002,45.2593077116,45.1250820662
2026-04-17,12.837779214571574,77.52544644951831,45.486332600000026,47.48766876049999,47.9181341993,48.10824447170002
2026-04-17,13.014637983295328,77.65593794471052,39.80900138000004,44.84427463309999,44.50501905800002,44.401948664900004
2026-04-17,13.057368947923267,77.72340961912462,42.72799046,48.95789588329999,48.04960833860002,47.900463035899975
2026-04-17,13.045129717031104,77.70291335104804,43.50388099999998,43.35924748370002,44.1481094096,44.13626597030003
2026-04-17,13.10841084072572,77.730511739731,41.94526388000003,47.589389035700016,46.40472039380003,46.48017318530001
2026-04-17,13.119036148824842,77.55400784953045,44.29002560000004,47.25992608790003,48.37667867239998,48.32549382290004
2026-04-17,13.115038289248467,77.57948368428787,32.11845638,42.143184328100034,41.483062125500034,41.42919413030002
2026-04-17,13.020786939496755,77.73274408302426,30.01979210000001,38.16090049640004,39.36821352080005,38.99956297370004
2026-04-17,12.94321966430424,77.4861583508064,34.98275713999999,42.03842201510003,42.377506689200054,42.54107603630005
2026-04-17,12.992353494312884,77.70888708938456,41.26849592000002,44.298314298499974,44.90567936239998,44.76914655350001
2026-04-17,12.979723388657584,77.6248039973055,38.151261680000005,43.09489781690001,43.405698375500016,43.284922638800026
2026-04-17,12.948488200186237,77.56527324121143,37.25574044000001,44.50067817260004,45.33115449200002,45.48035106500005
2026-04-17,13.10137004254239,77.68144117035757,28.46801102000001,46.890164684300004,47.577118343900004,47.59297795669999
2026-04-17,13.050266215216316,77.63715110917039,39.44327324000005,43.390676177600035,43.054992433400024,43.25961220069999
2026-04-17,13.122360243829926,77.52593979075841,41.77436288000001,45.084287997500006,45.41139251150005,45.50226057320001
2026-04-17,12.836836595869768,77.47474023628311,44.16014084000005,47.790300251299996,47.38222284350003,47.47062993080002
2026-04-17,13.14377707646601,77.56593347247933,42.84762116000002,41.456880092300054,41.96194381760002,41.91651833180001
2026-04-17,13.082861526005956,77.74048485415213,45.684577760000025,43.927305317599995,44.44783558340003,44.45964484250002
2026-04-17,12.92328187812054,77.50090148893769,34.25813690000001,43.318761036800005,43.684506266900016,43.78485933409999
2026-04-17,13.035151227664809,77.53033876645154,40.46184320000003,44.68169651180002,43.841222483900026,43.95897327290003
2026-04-17,13.023174005652155,77.65026986131654,39.20742986000005,42.64445405120001,42.19575347570002,42.1227274784
2026-04-17,13.001549570347496,77.4748528468756,41.43256087999998,42.901318254200056,43.16583882200006,43.031425185500055
2026-04-17,12.977727428722112,77.72643593186123,35.91245858000002,40.99729312310005,42.296243263700056,42.23124961340005
2026-04-17,13.114113134211724,77.45863020150956,41.261659880000025,47.868248197400014,48.16688060480001,48.317666557099976
2026-04-17,12.949739553419043,77.45282369746884,40.80706322000003,44.21638435910001,44.13898329620007,44.26791101060005
2026-04-17,12.80865815417315,77.48222665100931,43.4184305,44.62150517960003,44.66476022270006,44.71003189760003
2026-04-17,12.95299082341661,77.48630341869992,41.032652540000015,46.071685615099994,47.32088647460004,47.27351271740005
2026-04-17,12.954160892748796,77.52774471841705,33.83088440000006,42.20547774260002,42.41127672680004,42.34236944360003
2026-04-17,12.987140249770588,77.53333265334282,36.67125901999998,45.03137704789999,46.23569930480003,46.23117042830002
2026-04-17,12.87897222168466,77.55253304184507,36.42857960000004,43.10310106490004,43.08062758340004,43.009566947600014
2026-04-17,12.970206017684156,77.47825849161394,38.69130884000003,47.417240458400016,47.09986021130004,47.17218551450006
2026-04-17,13.016057301377554,77.69287096704478,39.74747702000002,42.02639058470002,42.831231754100045,42.572556000500015
2026-04-17,12.942817786212602,77.49499638629764,36.09019562000003,43.28292309710004,43.955230541000034,43.92060599840001
2026-04-17,12.919375197091655,77.47914425685981,39.35782274000002,43.631150974700034,44.793123963800014,44.9312632421
2026-04-17,13.023695465125098,77.57861607719303,38.13417158000004,42.56609594270004,42.394562609000005,42.21477475700001
2026-04-17,13.037092258656791,77.72478362157196,31.24686128000002,38.66068338080004,39.212300538500024,39.39610456400001
2026-04-17,12.991289617968668,77.52443110250636,37.61463254,43.4669492939,44.240413039699995,44.29588750429997
2026-04-17,13.125830826976657,77.47972456651561,37.50183788000004,42.177586699400024,42.53189865260004,42.46755442610003
2026-04-17,12.943620335024926,77.46055156236146,43.28170970000002,47.821831485800004,47.52369469130004,47.611794156800016
2026-04-17,12.999676543364355,77.47670819194138,43.57224140000005,43.36112739470004,43.25322050330001,43.299209962400035
2026-04-17,12.808402347150311,77.473858263371,45.97510946,48.60640379660006,48.9778742102,48.976472822
2026-04-17,12.993675409096967,77.4599819531717,32.60039720000003,42.34503549920007,42.65176861400001,42.80313562970004
2026-04-17,13.01453674809714,77.58220459841881,38.75966924,42.36935471149998,42.10802999240001,41.99275726790003
2026-04-17,13.146346359808124,77.5065519820456,43.592749519999984,44.30894434070001,45.05291057390004,45.11535779929999
2026-04-17,13.051371572876723,77.57801152476769,39.99357445999999,43.54952865710002,43.74194609300002,43.59941465900001
2026-04-17,13.139632028030231,77.53054583100968,40.34221250000002,47.48419947020002,48.112106834300064,48.34244720210002
2026-04-17,12.870913633641528,77.50848672911516,40.32170438000003,44.79773829080008,44.69145495890006,45.03855488990005
2026-04-17,12.921933980972932,77.50934950578355,39.00576668000002,44.041843167799996,45.1987916675,45.39577216009999
2026-04-17,12.961558069592163,77.534601185103,34.41194780000001,42.86148123110001,42.85608075950002,42.868607802800035
2026-04-17,13.107300444923244,77.53018358809389,43.45944674000003,47.04088227620001,46.44812924780002,46.42432273850002
2026-04-17,12.962113708052168,77.56147276371328,40.53362162000002,47.36538909499998,47.53940049320001,47.53750349209999
2026-04-17,13.023153950302518,77.52749168567334,42.4272047,46.446351877400026,46.118119416800006,46.124254762700026
2026-04-17,13.062684107743994,77.6072016430686,41.230897700000014,49.395060641300034,47.485840119799995,47.42224785770005
2026-04-17,12.866159726448412,77.50754661113619,38.38368704000004,42.622288191500054,42.06875694260003,42.220294859300026
2026-04-17,13.049803407210945,77.74681115029429,43.11080870000001,44.66952836059997,45.56774983639999,45.5857115315
2026-04-17,13.003065690316744,77.55650675699646,36.65758693999999,43.278616391900016,43.16908594100002,43.097427151700025
2026-04-17,13.0229060651401,77.58654267224334,40.37297468000003,42.5581661363,42.77980764319998,42.720470815999995
2026-04-17,13.011229776954048,77.66153499339748,38.851955780000026,43.112842421900034,43.28541825170002,43.452661970300035
2026-04-17,13.113789433783806,77.57737834111907,32.68242968000004,40.8902407367,41.377359857000016,41.5844747789
2026-04-17,12.884915734107697,77.60290741287633,37.559944220000034,42.79565016590002,42.89022677930002,42.935959886900015
2026-04-17,12.90192560549397,77.55425353046148,38.51357180000002,42.74784915620001,43.54388892410001,43.559064932900036
2026-04-17,12.94627067494694,77.45464640462994,42.72799046,43.28319653870004,44.11039155890002,44.25080382050003
2026-04-17,12.998946267459145,77.60646798756135,40.277270120000026,43.09628211500005,42.8611052489,42.88867158020002
2026-04-17,13.05163295357498,77.61618288838336,40.742120839999984,43.451499843500024,43.28107736630004,43.278069508700035
2026-04-17,13.065627368772562,77.54601485534354,40.16789348000003,44.25193176710003,43.22385971150002,43.33697908340003
2026-04-17,13.032698394402914,77.6588072907958,37.49500183999999,42.85187659490001,43.867370336900024,43.89881612090002
2026-04-17,12.855580844274346,77.45805467308351,47.48587429999998,47.73976482560007,48.02443462130007,48.220697329699995
2026-04-17,13.016092615308551,77.54371176051768,39.87394376000003,42.15186609890004,42.365150546900026,42.2391794198
2026-04-17,12.969829237621576,77.47976047918492,40.03459070000002,45.038606160199976,44.93780875040004,44.87995876190003
2026-04-17,13.015488093679236,77.56581514725767,37.03698716000002,43.18296310220002,42.65631458059999,42.71016548570002
2026-04-17,13.058735738983348,77.59964340346777,38.45888348000005,44.0998298771,43.98544583780001,44.08549128319998
2026-04-17,12.964342819014645,77.45892434995375,37.82996780000002,43.726411192100024,43.649796273800014,43.645216127000054
2026-04-17,13.01379138418659,77.63725264161688,40.51311350000003,43.140220762100036,42.825113498300034,42.95354559980003
2026-04-17,12.913588860768192,77.60279973674777,34.90414268000001,43.93104804950001,43.099187432000015,43.14830437940002
2026-04-17,13.046465152596513,77.60373454006553,37.19421608000005,42.3987155033,43.09361605940001,43.2272606414
2026-04-17,12.977624108696869,77.64486264573938,31.380164060000027,41.32067199530002,41.61000738830005,41.71820481140002
2026-04-17,13.047472877576666,77.72038642669317,42.94674373999999,44.2915295288,44.35937722580004,44.4601575455
2026-04-17,12.965204552491558,77.59461886244257,37.69324700000004,42.98652949280004,42.639497922199986,42.64922218910003
2026-04-17,13.043086846543774,77.57967588706018,39.98673842000005,42.445508197100004,42.713310064100035,42.59858422280003
2026-04-17,12.80859638522279,77.46382997223587,44.66258978000002,46.85319879800005,47.651904621500044,47.783242040000026
2026-04-17,13.028390633361088,77.74424938553304,42.72457244000003,44.26656089270001,45.59157343580002,45.7728993968
2026-04-17,13.00767999685789,77.66027846791705,38.34267080000001,42.6601940333,42.76893833960003,42.78014944520004
2026-04-17,13.032296101912298,77.54586403941893,39.86368970000001,46.62321732229997,45.89283771860001,45.998386176200036
2026-04-17,13.030950387191297,77.65140832892821,39.022856779999984,43.42600141430001,43.63667107700002,43.79348983460002
2026-04-17,13.048174035738022,77.67901417390296,43.33981604000002,45.85300069550001,46.137328689200004,46.039556227099986
2026-04-17,13.119895102252674,77.51682940530472,41.6410601,46.01304948200002,46.446710769500015,46.486701603500016
2026-04-17,13.08329598775804,77.73195865111823,48.22758464000003,48.97151669299999,48.92605702700001,48.86487446900001
2026-04-17,13.143660451158029,77.53275010495499,41.27874998000004,46.64598133550001,46.974726499100036,47.116027445900016
2026-04-17,12.848852059531383,77.54244870512625,38.22304010000005,45.784862466800035,47.02075013840001,47.066602876700024
2026-04-17,13.046832344581013,77.54504603749558,38.92715222000004,41.75969957420002,41.897223608900056,41.86183001180004
2026-04-17,12.848604874251196,77.4776619367801,46.173354620000055,46.112377143200035,45.347766069200034,45.46416674029997
2026-04-17,13.00176688806623,77.55747923990118,37.573616300000026,42.74919927410002,42.4469266754,42.60494174
2026-04-17,13.009126668117418,77.52337565159863,40.311450320000006,45.45926188160002,46.29951373820002,46.19420454200004
2026-04-17,12.900855158405776,77.5355452110215,38.37685099999999,44.579514803899954,44.79999418400001,45.085791926300004
2026-04-17,12.813388158076526,77.48631132167992,45.26416130000001,47.72229874339999,48.63704634590001,48.78856717249998
2026-04-17,13.04786994113828,77.70793040109037,35.01351932,39.03546927380003,39.69583073780003,39.95317346360002
2026-04-17,12.991907633543356,77.45951345029168,35.73813956000004,42.39454551890004,42.987144736400026,42.994664380400025
2026-04-17,12.940853195640992,77.5879764716747,33.22247684000001,41.95081816249999,40.932812175800024,41.05603179680004
2026-04-17,13.089186451587548,77.72578109250023,47.77640600000001,47.32172388950004,47.907521247199995,47.9984234891
2026-04-17,13.03472754102034,77.6235381974859,42.34859024000002,44.13631724059997,45.06588195979999,45.064617292400015
2026-04-17,13.14818189564929,77.57056826555555,41.323184240000046,41.836417033100034,42.107636920100056,42.251860274000045
2026-04-17,13.02195200331544,77.70132999612383,41.64447812000003,42.56047329980003,42.71881307630004,42.73185282260001
2026-04-17,12.91205113603268,77.6068636122236,35.10580586000003,43.31691530600005,42.9636116687,42.97449806239999
2026-04-17,13.062210753554444,77.51380363553275,36.606316640000045,44.20105453940001,43.75539600170003,43.868925536
2026-04-17,13.129118080771962,77.55018294205733,37.10876558000001,43.17681066620007,42.64720555730003,42.74596924520003
2026-04-17,12.97420596313623,77.45898302182422,41.90766566000002,46.96011446360002,47.22560916710003,47.34944403170003
2026-04-17,13.076993270285222,77.66697080546189,39.03652886000003,41.436867585200034,42.09975838400006,42.40240696490005
2026-04-17,13.04112274443696,77.62910434937581,39.491125520000026,43.31607789110003,43.49297751620004,43.36490430680004
2026-04-17,12.917627003600096,77.53378362341162,42.181107259999976,44.268406623499985,44.31837807589999,44.48755297579999
2026-04-17,13.11080085712638,77.45628415200932,38.22645812000002,44.28660758,44.70199955060008,44.75455160810003
2026-04-17,13.106052529790697,77.71692460914628,42.574179560000005,47.83439270930001,48.158130473599996,48.28249513129998
2026-04-17,13.028723192253102,77.68392875775709,40.595145979999984,43.18978205210006,43.80138546080001,43.85706500660004
2026-04-17,12.845560641174576,77.46230177323781,43.42868456000002,47.35146066350003,47.68305987380001,47.79725592200002
2026-04-17,12.864310772432606,77.45605025077005,44.70702404000002,44.256904986200006,44.03165746820003,43.972115559800024
2026-04-17,13.073580351902416,77.62873779403327,33.150698420000026,43.06302478039999,42.9582966476,42.9905627564
2026-04-17,13.02979068070626,77.56025569064853,38.86904588000005,43.5413766794,43.054189198700016,43.249443591200006
2026-04-17,13.057472305438749,77.65585495129056,42.25288568000002,46.22394131599997,46.63389863480002,46.36105518830001
2026-04-17,12.99845046569003,77.61750496764138,39.23819204000006,43.21382782280003,43.01081452490005,43.05253145900003
2026-04-17,12.87469953409972,77.57564741945492,37.21130618000001,41.17248373820003,41.477217311300016,41.334549156500046
2026-04-17,12.889827720517577,77.50496746904079,33.85139251999999,43.20895714430004,42.28525432940001,42.4366213451
2026-04-17,12.855686229805295,77.68301840672274,30.857207000000017,43.26861868340003,43.165838822000076,43.1345810291
2026-04-17,12.975407509638048,77.61468230039269,36.51744812000004,41.387425925900025,41.34001798850002,41.465066250199996
2026-04-17,13.133107401164663,77.48956259054448,40.393482800000015,44.510658791000026,44.67574915700002,44.892827607200054
2026-04-17,13.004450034259891,77.53630645887256,38.246966240000006,43.3250843738,43.46629987010003,43.55332265930001
2026-04-17,12.934775564113872,77.46673933778118,41.25140582000006,44.065820578099995,44.65609554200001,45.00758762870001
2026-04-17,12.943355945299626,77.47938032058103,40.66350638000006,47.24850990110002,46.93688901770006,47.10399601550005
2026-04-17,12.943595465245524,77.49724487729719,32.77129820000005,42.28768112360002,42.70204768820002,42.78115776110002
2026-04-17,12.825054192997076,77.65841589265985,32.84307662000003,43.6598452526,44.30774803370003,44.30716697030005
2026-04-17,13.023214958929923,77.72484712738394,30.37526618000004,38.14560485690004,35.16093852260004,35.06572957550008
2026-04-17,13.007577251541417,77.64601850073932,39.21084788000002,43.0539841175,42.80853610130001,43.01137849820002
2026-04-17,13.08040154753033,77.74488229290981,43.63376576000002,43.31160028490004,44.62856339090007,44.43515472920003
2026-04-17,13.029283266659942,77.62961447812113,41.51801138000002,44.70719494100002,44.57377253030002,44.65101978230001
2026-04-17,13.08150864123375,77.52154359018189,41.244569780000006,46.910057560700025,47.05346058980002,47.19031811060004
2026-04-17,13.0534036248167,77.675017094443,44.207993120000026,46.39894393999998,45.96728219420002,45.84801038629999
2026-04-17,12.938579608924917,77.52998555748984,39.40225700000002,42.98557244720005,43.46831650190003,43.54811017880002
2026-04-17,13.020895320045955,77.60371314035125,40.33537646000002,45.0975840953,44.913745889600015,45.34745844740002
2026-04-17,12.80149854964596,77.48170973256559,46.92873703999999,46.782924306800005,47.82526659590002,47.81849891630006
2026-04-17,12.922028771302712,77.59548096289664,34.69906148000001,41.46921914450004,41.56849553540005,41.55460128410002
2026-04-17,12.98747413442974,77.59487856322232,36.58922654000003,42.863292781700004,42.39199909400001,42.65534044490002
2026-04-17,12.860635619161169,77.54918872604205,33.150698420000026,44.494679547500056,43.581965666900004,43.68775338590002
2026-04-17,12.869792380054342,77.56077738791178,36.76354556000001,43.022076900800045,42.33842163050002,42.20105140670006
2026-04-17,13.106037828283432,77.4728917608005,36.25426058000005,46.365618245000036,47.841160388900015,47.94047095999999
2026-04-17,12.990560318120115,77.64097526463318,39.61759226000004,43.72148924330001,43.50664959620001,43.58247836989998
2026-04-17,12.882523791225788,77.56972569071569,37.10534756000004,43.07890148330002,43.36097358380003,43.57166033660002
2026-04-17,13.013240703698257,77.50305659042782,42.047804480000025,42.95884353080001,42.95335760870003,42.92449242980003
2026-04-17,12.98454166201639,77.61623367097148,38.01112286,42.34078006430001,42.05236753670002,41.82279622340004
2026-04-17,12.932344577529117,77.57317852340545,35.44077182000001,42.247040865800045,42.66798711890004,42.57811028300003
2026-04-17,12.998239543771458,77.68327854082035,40.52678558000002,43.159788926600015,43.36363963940003,43.31349728600005
2026-04-17,13.008258315461374,77.61938613028141,41.56586365999999,44.281583090599995,44.955052661299995,44.92786231220001
2026-04-17,12.803787630876412,77.53904447624262,35.792827880000004,44.310584990300015,41.09224571870005,40.94224591100003
2026-04-17,13.046726356093362,77.55540431270074,35.44077182000001,41.174825081900025,41.8212922946,41.77802016140003
2026-04-17,13.05534687418323,77.60475858303828,41.46674108000002,42.80205895340003,42.949700327300015,42.83536755830004
2026-04-17,13.117002856372824,77.74731172471763,39.22793797999998,48.07297050530003,47.65590370490004,47.8566269294
2026-04-17,13.007307247001942,77.73017587600617,40.87884164000002,44.1723089912,44.71040787979999,44.71529564840003
2026-04-17,12.878231905767828,77.53119579121237,37.905164239999976,42.080788373000004,42.581101050500074,42.548766581300036
2026-04-17,13.101689482327297,77.6777815524482,27.606669979999992,46.01604024950002,46.330480999399995,46.09617572840002
2026-04-17,12.96355696844237,77.56043617748911,37.395879260000015,42.80882663300002,42.83318002550004,42.68232571280003
2026-04-17,13.14503968879859,77.56678192918412,42.54683540000002,46.987236452300046,46.814130829400064,46.69162899260004
2026-04-17,12.998328469758976,77.50926276121675,39.74405899999999,45.57299649710002,46.12861273819998,46.001547844700006
2026-04-17,12.969373943164936,77.55192457637392,36.049179380000055,42.968208905600015,44.045244097699985,43.88987799860002
2026-04-17,13.007403221938937,77.48998522078793,40.08586100000002,43.470965467400056,43.96777467440003,43.90719026990005
2026-04-17,13.069341110312816,77.57402654427617,34.60677494000004,42.23928196040002,42.317195726300035,42.179381159900004
2026-04-17,13.059738530680452,77.73464527248233,46.84670456000004,47.851311908300005,47.5503381572,47.38687135069999
2026-04-17,12.999907713767625,77.63478202271095,40.02775466000003,41.67836778830004,42.02955225320002,42.03895180820001
2026-04-17,13.11401479826313,77.50861032688728,41.85639536000002,44.99529984680002,44.51749483100004,44.64153477680003
2026-04-17,13.015681515920546,77.5117495339341,41.69574842000003,43.90599396290003,43.672115944400005,43.78697850650003
2026-04-17,12.95391984875948,77.53525643709222,33.841138460000025,43.04619103190002,43.55036607200002,43.52719189640001
2026-04-17,13.01258312626523,77.46883234226682,44.65917176000005,43.97081671220004,43.85051949830004,43.8485370467
2026-04-17,12.91059510794067,77.51358995934352,38.445211400000005,46.00165038530002,45.80398628870003,45.75678343250006
2026-04-17,12.810316338028631,77.46971291621348,47.22268675999999,47.577152524100036,47.77238982650003,47.724981889100036
2026-04-17,13.024997440004396,77.50263359774128,44.69335196000003,47.51867020190006,47.76030712580002,47.86980339650003
2026-04-17,12.984402317513515,77.73168263433098,40.26701606000006,44.02164266960001,43.542333725,43.72733405750002
2026-05-03,12.912034847187767,77.59371264335903,39.460363340000015,43.98589018039998,44.1849727553,44.3141739113
2026-05-03,13.012046390054556,77.653709041476,40.14054931999999,40.43554153609998,41.16723707750003,41.0798383061
2026-05-03,12.974080722128084,77.6492271944203,41.44623296000003,41.486275064299996,41.2997537129,41.64420467840002
2026-05-03,12.848111947598085,77.61358402846982,42.017042300000014,45.52370864870002,46.341469933700026,46.499672989400054
2026-05-03,13.10744069191094,77.65405619342694,50.15534792000005,45.4437611609,47.032679028200064,47.12999005760006
2026-05-03,13.070079922891496,77.6306439867604,46.419452060000026,43.434392653400025,43.237446340999995,43.186398212300034
2026-05-03,13.103714891244415,77.50767220808594,50.69881310000005,45.737266538300084,45.79475763470007,45.78807540560005
2026-05-03,13.058654025114848,77.5296450972028,44.97704762000001,46.48883786600004,47.04072846530009,47.087623699700025
2026-05-03,12.918387423479611,77.63188741032951,39.046782920000055,42.19262598740001,43.30336285670001,43.42935107390002
2026-05-03,12.939652799508028,77.46295015514609,48.20707651999999,46.33254890150002,43.94953953769996,43.91614548229998
2026-05-03,13.070194831552412,77.60109262124637,45.26074328000004,44.164447545200034,44.30460345530003,44.42712238220004
2026-05-03,13.043804428492964,77.63025677078289,47.08254794000004,42.90765868130002,43.01607827570004,43.152850346000044
2026-05-03,12.915172446293136,77.72822400843256,43.10739067999998,44.74851880280004,45.415511225600056,45.46797783259999
2026-05-03,13.136738964458536,77.45009121770941,46.63820534000001,45.65625946430002,45.46582448000003,45.597144808400024
2026-05-03,12.983767315678987,77.68708432717996,40.64299826000001,40.946347534999994,41.804954159,41.77863540500002
2026-05-03,12.992279296369851,77.65938852912264,39.32364254000004,42.307334738600005,42.079694606600036,42.30740309900001
2026-05-03,12.914482927228152,77.70817172628055,41.14202918000001,43.9115311553,44.10661464680002,44.17728221030001
2026-05-03,13.025931771206238,77.48773226816425,43.45261070000004,45.615465395600005,44.562817776200035,44.596980886100035
2026-05-03,12.96871209152154,77.5268157946856,41.66498624000002,42.91519541540002,43.41138937880001,43.5658155224
2026-05-03,12.98799765444211,77.65460327963855,39.82267346000003,42.784097258300015,43.599961542200056,43.57680445670003
2026-05-03,12.871967226053112,77.64912820657568,43.64060180000001,45.344809481899986,44.3619236507,44.55815217890001
2026-05-03,12.931038603935622,77.60909344393275,41.63422406000001,43.36293894530001,43.52915725789999,43.76491518740002
2026-05-03,12.94237780231697,77.64219754547456,36.018417200000044,40.637819959700025,39.656455147400045,39.719261264900034
2026-05-03,12.920559389062884,77.62527337117028,37.26257648000001,38.2498373768,38.48104933970002,38.48460408050002
2026-05-03,13.045312354543476,77.69739671442112,46.71681980000005,42.013265387900084,43.855168005500055,43.644891415100034
2026-05-03,13.048371694120616,77.7368937434205,46.012707680000005,44.45051872910006,45.126927797000036,45.16994357870002
2026-05-03,13.081879498218274,77.53926292510238,42.80660492000004,43.08768579470002,42.98815305230001,43.18145917340003
2026-05-03,12.878021377502987,77.49768651519436,39.21768392000001,42.46719553400001,42.37154224430004,42.39827116070004
2026-05-03,13.143348222708022,77.62901549208556,45.77686430000006,45.344655671000034,44.84800027489999,44.8267401905
2026-05-03,12.842312189523478,77.59340145938799,38.54091596000001,43.5866654444,43.317496369400025,43.404331167500004
2026-05-03,12.923382940499806,77.73699739530839,43.71579824000003,42.449182568600015,43.17609288199999,43.291519417400025
2026-05-03,12.840209018135454,77.62805637178636,42.82369502000006,46.239852199100035,46.80801257360005,46.77169611110006
2026-05-03,12.80341366639568,77.57382887321923,36.67125901999998,42.41583978350005,45.64822711730001,45.59637575390003
2026-05-03,12.9951955002204,77.66800508217197,42.78951482000002,40.68914153000001,41.50599703970001,41.563129244
2026-05-03,12.968164945732974,77.5458206852198,43.175751080000055,43.08380634200002,43.827396592999996,43.965535871300006
2026-05-03,12.964311469884802,77.58269784074099,41.9486819,42.17738161820001,41.82308675510003,41.99834573060002
2026-05-03,13.000391148406328,77.5910961672098,39.77823920000003,40.92115672760004,40.50530332430004,40.62647213330003
2026-05-03,13.00310773970815,77.61556545336565,41.88032150000004,39.60791926340002,39.238926914300016,39.36758118709998
2026-05-03,12.990710158752282,77.69004654593488,43.33981604000002,42.41565179240004,43.150133020100014,43.24301771360003
2026-05-03,12.8693030586969,77.68445877277,44.57030324000005,44.93268172040004,46.403729168000034,46.439447477000066
2026-05-03,13.103057124539776,77.6621512468064,46.09132213999999,43.92964666130001,43.40962909849999,43.5709596425
2026-05-03,12.875686782643962,77.74448828168151,41.15228324000003,45.8880866708,46.26126609440005,46.38887787110005
2026-05-03,12.98604987280628,77.59028540400575,36.84557804000002,38.54406053839999,37.47842444300001,37.55187769280001
2026-05-03,12.964765213338184,77.55420405288727,42.95699780000001,42.1861659296,41.82638514440003,42.06258741650001
2026-05-03,12.81164823730652,77.54254893859819,42.509237180000014,46.98477547790003,46.64760489499999,46.66749777140002
2026-05-03,12.96665228488642,77.50422582284301,45.520512800000006,40.62283194199999,41.9201585231,41.88143235650003
2026-05-03,12.93508844168204,77.6621887993646,30.925567399999977,37.962057182900026,37.84907453180001,37.90172912990001
2026-05-03,12.86304727180348,77.65834657117276,41.99995220000005,43.00717433360001,43.47171743180001,43.647232758800016
2026-05-03,13.1485427966978,77.494165399454,40.325122400000055,39.95383997749999,40.585284992300025,40.60546840040002
2026-05-03,13.01768333661633,77.72627539875941,45.08642426000006,43.611138467600064,43.23201168920003,43.23643802510002
2026-05-03,12.963880460080713,77.52412189254589,41.54535554000006,42.23842745540001,42.425649500900015,42.51181778510002
2026-05-03,12.900893855256646,77.54154046842132,40.86516956000003,44.501566857800015,43.933321032799995,44.117090878100015
2026-05-03,13.013282386882642,77.58892097368934,40.164475460000006,39.35025182570003,37.57730776160001,37.82104676779999
2026-05-03,13.084004763591846,77.50832707330271,41.6410601,43.48880753179998,42.11939490890005,42.13055474420003
2026-05-03,13.004289872980795,77.67857803208224,46.67922157999999,43.060034012900005,42.32654401100004,42.388222181900026
2026-05-03,13.13955624518975,77.47229371836069,47.64652124000003,43.592476078400026,44.134744951399995,43.993187653099994
2026-05-03,13.13369001038134,77.50627151654768,47.45853013999999,45.739009728500044,44.80730874679999,44.788714718
2026-05-03,12.93228648945895,77.59663410682538,37.27283054000003,41.91045134630002,41.65739823560004,41.78888946500002
2026-05-03,12.89449046856717,77.73806630846667,45.455570420000015,45.72292794440004,46.48904294720006,46.66672871690006
2026-05-03,13.140595072118188,77.56945944099834,44.07810835999999,43.7192846204,43.416772760300034,43.61137772900001
2026-05-03,13.142475548942386,77.64030098243707,49.59821066000001,40.34219540989998,41.720460704600015,41.692843103
2026-05-03,13.022879307926685,77.5872682991897,43.52780714000005,42.34180547029999,41.932890647600004,42.01051388180001
2026-05-03,12.973964278674206,77.49293893613573,43.753396459999976,46.10405426450002,43.83052408129996,43.81598040619998
2026-05-03,12.91216067541266,77.64579611105167,42.60835975999999,42.114507140299985,42.322374026600016,42.29844788660003
2026-05-03,13.02117684477911,77.54463873370446,48.72319754,44.38017587750009,44.33471621150004,44.383440086600004
2026-05-03,12.977896335668367,77.58561730616748,40.048262780000016,39.23164653170003,39.54278889230002,39.61537054700002
2026-05-03,13.039763858548708,77.54657823223492,42.25288568000002,43.853715347000005,43.82502106910001,44.094634486699995
2026-05-03,12.920497464046068,77.53847100341673,41.71625654000002,43.103972660000025,43.19507998310002,43.309395662000036
2026-05-03,12.829089717581311,77.54197729051417,39.463781359999984,45.26284536230005,44.822433485300024,44.75465414870004
2026-05-03,13.055662058700022,77.71520839754716,42.87154730000003,43.580564278700024,43.195319244500034,43.306900507400016
2026-05-03,12.809461553241109,77.45050876611197,38.18544187999999,43.97006474780003,43.92169976480005,43.994161788800035
2026-05-03,12.984914612126545,77.61884714904832,36.38414534000003,39.74385391880001,38.83512203150002,39.44956239680004
2026-05-03,13.014115152578425,77.5873791691355,37.884656120000045,39.4680709751,37.5722661821,37.65093191240002
2026-05-03,13.109372884346396,77.57338713941246,42.21528746000001,39.46431115309997,39.540618449600025,39.56110947950004
2026-05-03,12.909586191657596,77.62669416956794,42.82711304000003,44.355446502800035,44.2176148463,44.296793279600024
2026-05-03,12.903465065452194,77.47989668736933,34.91439674000003,38.12955725300004,38.52973903460003,38.59606571270004
2026-05-03,13.141051938711552,77.4684692057375,44.00291192000003,43.211965001900005,43.28675127950001,43.29828709700001
2026-05-03,12.938497244276206,77.6900617954581,41.377872560000014,43.76332580810001,43.702211610500015,43.91435102180005
2026-05-03,12.896784289795118,77.52471883504408,39.63126434000003,41.75443582340001,42.19339504190002,42.3833685935
2026-05-03,12.962886794612794,77.60516063715991,39.82267346000003,40.344400032800024,40.025874749000025,40.47654068600004
2026-05-03,13.052864508914928,77.55983027989359,44.41307432000002,43.70778298310002,44.02251426470003,43.93371410509999
2026-05-03,13.02664326061356,77.51890914752951,43.9994939,41.66548185290001,41.78678738270001,41.79355506230002
2026-05-03,13.070064256449946,77.74752514548524,45.32910368,42.872145453500025,43.5475120253,43.403886824900034
2026-05-03,13.01604990124032,77.58635975409291,40.61223608,43.88020500200005,44.05520762600006,44.47321438190002
2026-05-03,12.868478977466692,77.56182417320771,34.83236426000002,41.77485849290003,42.049222958300035,42.01210326110004
2026-05-03,12.917726681806837,77.52856161677407,39.94572218000002,42.686358976400015,42.892807384400015,43.208153909600014
2026-05-03,12.96004161398768,77.55930295619069,41.36078246,41.9364624785,41.39525319170003,41.79825483980004
2026-05-03,12.818850124266463,77.73944414352287,42.56734352000001,43.26562791590001,43.289656596500045,43.20172803200003
2026-05-03,13.14951012156516,77.5323446719172,45.90674906000004,45.8335692518,45.10529173040005,45.16064656430006
2026-05-03,13.015358090182463,77.66381406958133,43.26803762000003,42.287322231500056,42.81381694220002,42.77444135180002
2026-05-03,12.888861594787189,77.6009595802947,40.43791706000002,41.97565007780005,43.27711246310002,43.31795780210004
2026-05-03,12.828419736795766,77.70205707822407,38.506735760000026,40.72087784570001,39.68284226180004,39.64348376150002
2026-05-03,13.085611602238394,77.64252216712924,45.865732820000005,43.9481723297,43.683002338099996,43.6075324565
2026-05-03,12.8190373251516,77.64152941044819,42.10249280000005,43.359144943099984,43.315343016800014,43.437759403099996
2026-05-03,12.906769762995712,77.61844033144045,30.12916874000001,39.17200208270005,33.36480319280003,33.712620908000055
2026-05-03,13.05195744981765,77.4852758257124,39.115143320000016,40.59162541940002,41.51356795400001,41.4436010846
2026-05-03,13.103761703728058,77.64211404909692,41.36078246,40.60893769070006,37.03315897760005,36.87968987960005
2026-05-03,12.839654727765431,77.68420878997946,42.553671440000016,46.78056587300001,47.02445869010005,47.25732839270002
2026-05-03,12.808837191742276,77.48758462464379,40.02091862000003,41.16964678160003,41.545458080600056,41.600624923400034
2026-05-03,12.897139392317444,77.60946108036984,41.702584460000026,43.31597535050002,43.66363925480004,43.66428867860002
2026-05-03,12.894735000223458,77.6970482230876,40.86175154,44.523544726400004,44.00398859630003,44.055293076500014
2026-05-03,12.850745777224772,77.6184961450737,41.28216800000001,44.11543313840006,44.229321564799996,44.28137800940001
2026-05-03,13.027928150211336,77.72972550938108,34.774257920000025,38.312045340800026,37.721138043199986,37.7447394713
2026-05-03,13.054083986873444,77.51262316695697,45.28808744000003,43.90377224990003,44.147835968000024,44.28183944210004
2026-05-03,12.8054911250713,77.57134695513238,36.90710239999999,41.7491891627001,43.394675261000046,42.89437967360005
2026-05-03,13.138475749868398,77.58544054934805,47.49612836000006,46.140797979500014,46.39796980430004,46.478532535700026
2026-05-03,12.954726747735956,77.71561412716694,43.82859289999999,45.8567946977,46.04317932829999,46.06074795110002
2026-05-03,12.918825537842949,77.73402033211912,45.07617019999998,43.65362445620001,43.71547352810002,43.960716463100034
2026-05-03,12.956193178100248,77.51305095983953,39.70646078000004,41.98853601319999,42.316922284700034,42.43040054870003
2026-05-03,12.81324640402827,77.52751171302177,38.77675934000001,43.39937503849999,42.13098199670004,42.39210163460004
2026-05-03,13.045616731027096,77.71339032873678,43.948223600000006,44.09364326089998,43.687377403700026,43.668287762
2026-05-03,12.984628415651462,77.68175474695224,37.11560162000001,38.58540149029999,38.46440358230003,38.50494129950004
2026-05-03,12.83206903644646,77.54070928873232,38.68447279999998,45.95841243230001,44.84957256410003,44.80686440420004
2026-05-03,12.813205308464592,77.53092646558956,41.52142939999999,46.220677106899984,46.23763048609999,45.92122437470005
2026-05-03,12.944763861711182,77.54606608641294,42.38960648,44.17615426370002,43.884887689400045,44.069785481300045
2026-05-03,12.930968984701192,77.53451104349782,41.99995220000005,42.599695079300005,42.928611143900014,43.22690174930001
2026-05-03,13.003408385021414,77.66656179941283,43.23727544000002,44.3762793347,44.03058079190003,44.21578620560002
2026-05-03,12.80890703507196,77.53219010940128,37.98719672000004,39.96728988620001,39.01284198140001,38.94726726770002
2026-05-03,12.90861054613776,77.64743067352802,39.67569860000003,41.686759027399994,41.797485785300005,42.00945429560002
2026-05-03,12.90774635697898,77.60055371896317,41.02581650000002,41.55940360220002,42.27440211590002,42.38442817970002
2026-05-03,13.005133981061968,77.68625403522647,43.21676732000003,42.704577023,43.33388577529999,43.469991331699994
2026-05-03,12.800588169496216,77.47972468271674,42.22212350000001,42.47315997890005,42.82251580310005,43.08074721410005
2026-05-03,13.06528921464461,77.65602843169938,41.79828902000003,43.146646639699995,43.49711332039998,43.53416465719999
2026-05-03,12.88094845845019,77.5461125181951,39.82950950000003,43.92178521529998,44.20423329799999,44.2794468281
2026-05-03,12.897796110858494,77.55936503764705,37.99403275999998,42.01155637790001,41.945656952300006,42.003900013100036
2026-05-03,12.93551259873025,77.62204463990496,39.38516690000006,42.662398656200004,42.766084292900004,42.93782270780003
2026-05-03,13.123238441637069,77.51077461734094,46.39210790000004,45.562110103400016,46.24689332030005,46.31081029430002
2026-05-03,12.904986242537904,77.54975802687757,40.43449903999999,41.82305257489998,42.24962147090004,42.38770947890002
2026-05-03,12.80630212063682,77.62181991408474,41.11810304000005,44.048764658300016,44.0107050056,44.06956330999999
2026-05-03,13.020595677397306,77.50479227467919,46.04005184000005,45.74435892980004,44.574558674900054,44.63676663890003
2026-05-03,12.804501593296829,77.70306701266362,41.68549436000001,43.62804057650003,43.90956579380006,43.89138192740003
2026-05-03,13.004995363970949,77.55010837133997,40.13371328000005,42.60012233180001,41.55362714840002,41.68318719650002
2026-05-03,13.046105173707186,77.57511965979349,43.06295641999998,41.90503378460002,41.19085559570001,41.539237284200034
2026-05-03,13.137702170622642,77.59386106769632,48.138716120000026,44.39342070500005,46.21002997460005,46.0188259358
2026-05-03,12.812837900540556,77.45575304936125,39.084381140000005,43.59281788040004,43.88622071720005,43.85691119570004
2026-05-03,13.122643158560953,77.47803077389939,44.20115708000003,40.248063139099976,41.7616136654,41.85181521320001
2026-05-03,12.978498554347247,77.53125318536712,41.15911928000003,41.689185821600034,42.1116530936,42.07412323399999
2026-05-03,12.924020586179507,77.72476856833563,43.96189568,46.16439940760004,45.070376656100024,45.23114322680001
2026-05-03,13.021313596525465,77.73924220402408,46.29640333999998,45.17296852640002,44.06482935230004,44.16803646620003
2026-05-03,12.966335909476385,77.71139028553503,47.079129920000014,41.70668608400005,42.19474515980003,42.251433021500034
2026-05-03,13.025802526860794,77.66633377181125,45.15136663999999,45.65422574240002,45.572312893100055,45.776898480200025
2026-05-03,12.830497621546598,77.6645568301907,41.33002027999999,44.22192155150001,44.2129150688,44.2637581163
2026-05-03,12.98479284050986,77.662992763783,39.50479760000002,45.742308117799986,45.40347979520003,45.53100612140003
2026-05-03,12.894614988900926,77.64186076467469,43.40475842000001,42.780491247200025,43.37358607760003,43.37842257590001
2026-05-03,13.122587279327451,77.62436361324274,46.617697220000025,43.75958307620001,43.32587051839999,43.454422250600004
2026-05-03,12.986325267604563,77.67902169678062,40.23283586000002,40.43243113789996,41.34299166590004,41.402208862399995
2026-05-03,12.916080340938406,77.66745199698875,42.341754200000025,46.72984245620004,45.22396538480006,45.42988399970003
2026-05-03,12.939228764073563,77.56889751338102,40.56096578000006,42.67793355710001,42.9028905434,42.767502771200014
2026-05-03,12.944020797908635,77.60668879752471,40.31486834000003,41.68349481830001,42.118318232600004,42.39998017070004
2026-05-03,12.881471656460024,77.60628348639793,38.178605840000046,40.79029783189999,42.01745246240001,41.94155532830002
2026-05-03,13.140218584848538,77.5898981002428,44.22508321999999,40.509524579000015,41.94540060080002,41.95225373090001
2026-05-03,12.901162385949531,77.73568573156825,46.20069878000004,46.38804045620003,46.43088533690004,46.56762322700004
2026-05-03,12.92387138068866,77.6600727805708,38.60244032000003,42.03189359690008,42.604617028100094,42.17095574060008
2026-05-03,12.832237355691774,77.57633475926262,36.606316640000045,45.69948032720001,45.33879376670002,45.4167929831
2026-05-03,13.038629492912015,77.50451892118923,43.62692972000002,44.869465440500036,44.650848881300014,44.73412893860004
2026-05-03,13.104505715873575,77.65810362018341,44.0507642,43.37102256260002,43.10188766779999,43.073432651300024
2026-05-03,12.950725812984992,77.57309038567024,42.24604964000002,43.97937885230006,43.81268201690004,44.019711488300054
2026-05-03,13.026921233933198,77.73516048575473,47.465366180000046,42.37605403070003,42.774014099300004,42.748942922600044
2026-05-03,12.858009550434405,77.70617781556354,44.259263420000025,46.7504702069,46.57825326920003,46.75933996880002
2026-05-03,12.904530392979671,77.45938848217175,41.870067440000014,44.958846663500005,44.176427705299986,44.19546607669999
2026-05-03,12.839878456861053,77.49377905898363,40.03117268000005,45.782726204300026,45.86152865540004,45.84802747639999
2026-05-03,12.88530860649846,77.4857177861507,40.56096578000006,42.41901854210007,43.88348630120003,43.862448388100034
2026-05-03,13.06194847207024,77.65416136265702,42.36909836000001,42.52883952470003,42.72751193720001,42.86108815880004
2026-05-03,12.922907276658837,77.56287252788512,39.983320400000025,42.17312618330003,43.042465390100006,43.184945553800034
2026-05-03,12.953954180973124,77.64340343313256,41.53851950000001,42.45301075100001,42.772817792300046,42.81860217020003
2026-05-03,13.097107247556224,77.62163450416628,45.28466942,46.076248671800016,46.06136319470001,46.250789863099996
2026-05-03,13.125312695967995,77.74565722862071,43.64743784000001,44.877925039999994,44.3691356729,44.437376442200005
2026-05-03,13.024547819271303,77.69382357485914,44.29002560000004,42.601404089300004,42.951443517499996,43.16038708010003
2026-05-03,13.11661428465932,77.6369989729633,43.49704496000004,43.24141124420002,43.54583719550001,43.522475028800024
2026-05-03,12.8301237528717,77.70728068840607,43.96189568,44.79001356560005,44.29930552430002,44.38128673400002
2026-05-03,12.879423621505524,77.58801445714424,36.82506992000003,42.87822952910002,43.73177748350001,43.69604208440001
2026-05-03,13.025004032826835,77.60009293804768,43.07321048000006,40.95157710560004,41.123999124500045,41.57666460320002
2026-05-03,13.00117888218496,77.53396699516767,41.059996700000056,42.02857811750007,43.07136474920001,43.20521441240002
2026-05-03,13.016358003611536,77.70603114413676,46.17677264000002,41.98463947040002,42.11223415700002,42.164222241200015
2026-05-03,12.876401463145257,77.61008628962348,40.11320516000001,40.72730372329998,42.0020713724,41.90156449429998
2026-05-03,12.83104761143172,77.63147573297219,39.22110194000004,42.44436316039998,41.95167266750001,42.01167600860004
2026-05-03,12.908877628673745,77.74960885876418,45.42139022000004,46.07700063620004,45.153109830200044,45.19190435720004
2026-05-03,12.920715268593284,77.69243760232654,41.84272328000003,42.92225362670002,42.45535209470004,42.5028625727
2026-05-03,13.017028442257796,77.65059943757065,43.37399624,43.74264678710006,44.3243937911,44.50112251519997
2026-05-03,12.823901933899556,77.64948851975224,42.46822094000004,45.86607462200005,44.44969840430001,44.68508035160003
2026-05-03,12.999098588635013,77.73014200582094,39.166413620000014,40.379879080400016,40.778539843100035,40.811045213300034
2026-05-03,13.063149153919802,77.71105534428978,43.53122516000002,43.68125914790002,42.9539557622,43.02875912990002
2026-05-03,13.139985355951003,77.7413029037592,42.91598155999998,44.35582248500005,43.847785082299986,43.815382252700005
2026-05-03,12.906284530909312,77.65923008892594,38.985258560000034,41.984434389200075,42.604890469700074,42.38306097170007
2026-05-03,12.93436472502814,77.628458478352,39.94914019999999,43.4289750917,43.48492807910003,43.73352067370001
2026-05-03,12.92799836233096,77.6379638173201,39.556067900000016,42.91869888590003,43.3254945362,43.36117866500002
2026-05-03,13.107105541592611,77.57007460115155,44.99755574000005,43.41614042660002,43.963450879100016,43.970457820100016
2026-05-03,13.088076143246642,77.46958342575657,44.10545252000003,43.81396377439999,44.544104116700055,44.621334278600045
2026-05-03,13.032928830636315,77.48015660835036,42.191361320000055,43.36054633129999,42.862489547,42.823472848700014
2026-05-03,12.923456070534844,77.45971354270608,42.43062272000003,45.80290961240005,44.73057419779999,44.87978786089997
2026-05-03,13.145305733059038,77.48544841547985,31.31863970000001,32.16227539640004,31.19119882430003,31.527873794300035
2026-05-03,13.052735222475857,77.62368956101213,43.79783071999998,40.55081426060004,41.96254197110001,41.891840227400046
2026-05-03,13.092052266411962,77.57377366675479,46.50148453999998,46.034343746600015,46.65597904400002,46.75925451830003
2026-05-03,12.932514756488338,77.5159233023372,39.22451996000001,44.177675282600006,43.91117226320001,43.96027212049998
2026-05-03,12.813883082590252,77.48316223618004,41.36078246,42.86165213210003,42.34910294300004,42.452600588600035
2026-05-03,13.12145327047062,77.4594715922114,43.507299020000005,43.58458045220001,42.787651999100056,42.878246619200056
2026-05-03,12.952441368510144,77.45915875785882,35.42368171999999,32.318649811400036,31.910059700600023,32.01789823160005
2026-05-03,12.855725238190514,77.74025276604303,44.93944940000006,46.25290903550005,46.67682896600009,46.65968759570007
2026-05-03,12.91089738254433,77.52406025497046,39.36465878000001,42.44381627719999,42.62083553300002,42.682428253400005
2026-05-03,12.857997274895691,77.4862392055451,37.94959849999998,43.268174340800016,42.753642700100016,42.84606596090001
2026-05-03,13.040366205736229,77.46832605753416,40.14396734000002,45.43683967040003,44.33582706800001,44.270491615700024
2026-05-03,12.80675213262711,77.5626160385085,38.40761318,43.6104548636,42.956433826700014,43.09693153880001
2026-05-03,13.041222931466327,77.74714842680447,45.07275218000001,42.777227038100065,45.53415069980001,45.41674171280002
2026-05-03,13.01881300333206,77.45528697479087,40.61565410000003,42.351581007500066,44.014276836500024,44.14375143410001
2026-05-03,13.04128333982138,77.5510752606179,42.76558868000001,41.173611684800015,41.11900881530002,41.39610769670003
2026-05-03,13.0812300963907,77.46176145607765,41.71625654000002,40.230050173699986,40.07254781210004,40.19698083020005
2026-05-03,12.968711415762176,77.50405275851722,42.034132399999976,41.79938278640002,42.08673572780001,42.14448317570005
2026-05-03,13.137713870187518,77.65386445581274,43.95505964000006,42.069303825800034,43.519193729600026,43.28893881230001
2026-05-03,12.894249396493253,77.74037587660874,45.61279934000004,46.07942743040004,46.72791127490009,46.976640590300036
2026-05-03,12.889835013315858,77.65992745943387,39.66202652000004,45.17727523160004,46.320380750300025,46.42404929690002
2026-05-03,13.12763181806585,77.61160415738897,45.33252170000003,43.88047844360005,43.60291812950002,43.56208988060004
2026-05-03,13.04373947931066,77.58828035258868,43.309053860000006,42.75263438420001,42.824566615100046,43.31594117030005
2026-05-03,13.030401246293618,77.6284900754998,42.748498580000046,42.89865219860004,42.29925112130004,42.06007517180004
2026-05-03,12.924413475973036,77.65273869869112,40.45158914000001,44.54777848819998,44.00477474089999,44.13847059320002
2026-05-03,12.884658162485504,77.46378794531034,40.588309940000045,40.4517942212,41.514200287700014,41.54087793379999
2026-05-03,12.94072208041534,77.71498257195044,46.26564116000003,46.05421953290002,44.712287790799984,44.8006265177
2026-05-03,12.950538552866252,77.63868538074968,38.43495733999998,38.80842729530001,38.196858066800026,38.27964251120003
2026-05-03,12.962702575782613,77.62221254774231,39.03994688,43.71238022000002,43.277949878000015,43.48588512470002
2026-05-03,12.818081027574753,77.45194502846503,40.23967190000002,44.59117025210002,44.557639475900025,44.575105558100006
2026-05-03,12.994526740129253,77.54695744818324,42.64595798000005,42.57489734420002,43.361691368,43.4213187269
2026-05-03,13.011139374722877,77.59146495576103,39.35782274000002,39.57655892990003,39.40962283310003,39.441136977500044
2026-05-03,13.083838401226275,77.52411921549078,45.42480824,45.6986429123,44.08161183049999,44.03146947709996
2026-05-03,13.057069769680874,77.51950307601767,38.59560428000003,38.159533288400034,38.67469726280002,38.78815843670002
2026-05-03,13.001499770588444,77.52233199986021,43.48679090000002,44.20160142260004,44.134762041500046,44.30779930400004
2026-05-03,12.896982237724549,77.51269662932283,43.739724379999984,42.711754865,43.19701116440002,43.385497877300004
2026-05-03,12.871716782102917,77.54922336277677,38.75625122000002,45.939271520300025,44.66458932169999,44.68138888999999
2026-05-03,13.095274648938728,77.69144131651787,46.69289365999998,44.276165528900016,44.1120151184,44.11040864900001
2026-05-03,12.908064605391775,77.73326664542633,45.87940490000005,45.229229135600015,46.00385500820004,45.90454443710005
2026-05-03,13.058465760315755,77.53244249709634,42.43745876000003,43.26848196260002,43.65464986220003,43.78991800370002
2026-05-03,12.899777668065806,77.63580928406545,43.408176440000034,42.29822571529998,42.98637568190001,42.976292522900046
2026-05-03,13.063214214584864,77.59071314572812,38.151261680000005,41.74296836630004,42.79021551410002,42.72071007740003
2026-05-03,12.952782603492617,77.7147079239249,43.06295641999998,45.24577235240004,46.28869570490002,46.29160102190004
2026-05-03,13.007125802091384,77.47889354665644,43.71238022,42.98505974420002,43.13711036390003,43.07538092270002
2026-05-03,13.129665254822164,77.6589952864448,49.72125937999999,43.51206715790001,42.46777659740002,42.55568807180002
2026-05-03,12.996666041975102,77.53553027034786,41.41888879999999,40.922523935600005,41.68335809750002,41.59276347739999
2026-05-03,12.99722749918246,77.61745949966019,40.619072120000055,40.95224361950004,40.00029086930003,40.53760361330002
2026-05-03,12.983666146008382,77.70744779159276,43.64060180000001,42.978599686400024,43.05400120760003,42.98943480980002
2026-05-03,12.873523093796086,77.69576107947573,40.02775466000003,43.743262030699995,42.82726685090002,42.884997208700014
2026-05-03,13.129965404711292,77.61306111065491,46.55959088000003,43.43355523850001,42.941189457500016,43.118823956900016
2026-05-03,12.858564168682866,77.5746081957218,27.603251960000023,40.649167786100016,41.65620192860002,41.497281088700035
2026-05-03,12.860912667501337,77.49112658258105,37.741099280000014,42.46688791220004,42.23119834310007,41.87903974250006
2026-05-03,12.813362605616222,77.74418158810798,42.51949123999998,40.810122347900005,41.8174128419,41.71314614180003
2026-05-03,13.078203437538482,77.48234325018484,44.93603138000003,43.2289183811,42.320870097800025,42.40572244430005
2026-05-03,12.932071957896529,77.5985862763126,38.46913754000002,42.95446846520001,43.24616229200001,43.40077642670001
2026-05-03,12.90071228428027,77.57671957895612,40.35246656000004,42.6082230392,43.65512838500003,43.69206009110003
2026-05-03,12.843002717522188,77.59974623851402,40.82415332000005,43.1091167801,43.17029933810003,43.31231806910003
2026-05-03,12.820715690437188,77.48970401788192,43.78415863999999,47.1111738575,46.739207830999995,46.60857110660003
2026-05-03,12.834786167066024,77.59534048233786,35.70054134000003,41.566718165000054,40.583610162500015,40.55573620940003
2026-05-03,13.014264194637793,77.50089033050791,46.37843582000005,45.813402933800035,44.53345698439999,44.662658140400005
2026-05-03,12.879952512143085,77.59492268913354,38.74941518000003,41.95756875200001,42.349068762800016,42.46550361410002
2026-05-03,12.923883614184891,77.55575904975125,41.93159179999998,42.066107977100046,43.1126715209,43.27393370450003
2026-05-03,12.927681552689563,77.73453009475246,43.914043400000025,43.68006284090001,43.763206177400015,43.86038048600003
2026-05-03,12.86623223054925,77.57837301050996,32.30644748000003,42.933498912500006,42.298208625200026,42.442278168200026
2026-05-03,12.823046701848456,77.51979446173125,39.58341206,43.79666859320001,43.16778709340004,43.139058635300046
2026-05-03,12.99066014960691,77.68939024902328,42.85787521999998,41.09506558520008,42.12876028370002,42.09225583010006
2026-05-03,12.876442263445542,77.69342821485077,34.06672778000001,37.421377689200014,37.65359796800001,37.6947338387
2026-05-03,12.943385708199816,77.68894958393253,40.15422139999998,41.78304465080001,41.95239045170001,42.06639850880001
2026-05-03,12.951917426437904,77.70044728681054,46.258805120000034,44.3288884874,43.9666638179,43.95306009829999
2026-05-03,13.113357344174382,77.72252576166355,48.61040288000004,46.68359664560006,45.82413551660009,45.67994634290004
2026-05-03,13.092854750737894,77.47399830363963,41.723092580000014,42.898019864900036,43.68635199770004,43.72391603750005
2026-05-03,12.893736402741638,77.45366752870278,42.69381026000002,44.72626749260003,43.93644852109998,43.85521927579998
2026-05-03,12.984387128592584,77.64646779121692,38.49306367999998,40.2576506852,40.083998179100014,40.356807445399994
2026-05-03,12.950261978894796,77.47829267393796,44.57713927999998,41.78054949620001,42.074003603299985,42.210194610200006
2026-05-03,13.090350828824215,77.53486123781435,43.37741426000002,44.21224855489996,44.066828894,44.06012957479999
2026-05-03,12.86696113936965,77.64215052988888,40.46867924000003,45.83649165890006,44.90482485740004,44.99307813380001
2026-05-03,13.103965271198811,77.64413286298652,44.259263420000025,42.291082053500006,42.10825216370001,42.214091153000005
2026-05-03,13.070873103428866,77.4707079024999,45.00780980000002,45.62129311970001,44.8159905176,44.920376848399975
2026-05-03,13.085324546262218,77.56520044766967,38.56142408000005,41.75112034400004,41.167031996300004,41.49264967160002
2026-05-03,12.927380413979575,77.71192051636555,46.23829699999999,46.03483935950004,46.493981986100025,46.68508348430003
2026-05-03,13.131948129799332,77.64763954893374,47.07229388000002,44.284966930399996,44.1856905395,44.18789516240002
2026-05-03,12.88980059264474,77.72692140985217,42.030714380000006,43.202497086499996,43.51956971180002,43.71861810650001
2026-05-03,12.935075441722791,77.69199005893556,43.910625380000056,42.79007879330002,43.16389055059999,43.04759242010004
2026-05-03,13.086486764865969,77.65572089158522,47.58841490000003,44.85700675760002,44.937278957299995,45.150170333
2026-05-03,12.92137982938115,77.73945861680404,44.63182760000001,46.065755350400025,44.99140330400002,45.10050650240001
2026-05-03,13.059417215153132,77.45853757598663,40.54387568000004,43.1378452382,43.167445291400014,43.22577380270003
2026-05-03,13.137242865148451,77.57336222535416,45.00439177999999,40.99763492510006,42.07219205270002,42.19809481940004
2026-05-03,12.983722053719417,77.67016049938,38.28114644000004,43.0961453942,43.28251293470001,43.56846448790003
2026-05-03,12.94989269235338,77.50545162126669,38.42128525999999,43.327357357100006,43.40836443110005,43.54913558480005
2026-05-03,13.13294157241368,77.5983237438426,50.93807450000003,46.194563434100075,46.76544113450008,46.929318103400036
2026-05-03,12.927162066274294,77.50985945676587,40.164475460000006,43.08708764119999,42.966141003500006,43.23091792279998
2026-05-03,12.8436514161568,77.4837865561377,39.12539737999998,44.8195965287,44.42346510080004,44.23846476830002
2026-05-03,13.018219595723597,77.47460059985616,37.63172264000002,40.370872597700014,40.88118298370002,40.84802818970001
2026-05-03,12.866261896212764,77.6291132531699,40.77288302,43.856107961,43.697170031,43.60375554440003
2026-05-03,12.849924024131814,77.56060349842059,34.09748996000002,43.51531427690004,43.096965719000025,43.211076316700044
2026-05-03,12.972566233765914,77.67586051312382,39.91837801999998,40.79754403430003,41.32352604200004,41.507483878400016
2026-05-03,12.867473117223858,77.48321707588002,40.540457660000015,45.0274975952,44.68854964190001,44.63755278350001
2026-05-03,12.80344711930433,77.52939961863186,39.92179604,44.99386427840004,45.73149008450002,45.78443521430003
2026-05-03,12.837353883586877,77.64915117156714,39.26895422000001,42.90336906620002,43.72991466260001,43.85339063510001
2026-05-03,13.071561125834538,77.50928470202267,45.37011991999998,43.736357630300006,43.83469406570002,43.93682450330002
2026-05-03,12.96133404592941,77.74702216068718,40.26359804000003,41.101542733100025,41.80295461730001,41.7383198591
2026-05-03,12.883616961183074,77.68880363447403,41.244569780000006,44.18792934260002,43.82734532270003,43.936944134000015
2026-05-03,13.005953096217548,77.52853989813974,42.604941740000015,42.4374929402,43.3982812721,43.56747326210003
2026-05-03,12.973761011104472,77.69098870308031,35.09213378000004,39.99632596610007,40.419647743100015,40.38640749860004
2026-05-03,12.996791870826025,77.7053448668685,44.12596064000002,44.21607673730001,44.35320769969999,44.446417105100025
2026-05-03,12.892320798055673,77.4777677454169,40.32854042000002,44.47285548980001,44.15470618820002,44.1852803771
2026-05-03,13.074092470318943,77.5211541053001,43.16549702000003,43.67109053840002,43.63547477000007,43.574240941700054
2026-05-03,13.117880385083913,77.73683451656784,45.26416130000001,43.96710816049998,43.56875501960002,43.5908525189
2026-05-03,12.930853505845812,77.74980471758226,47.53372658000001,43.43087209280001,43.817279253800045,43.992726220400016
2026-05-03,13.024626772231638,77.73044759966439,33.119936240000015,37.42512042110001,37.78136355560002,37.75853118199999
2026-05-03,13.061538514614906,77.50684780594598,43.244111480000015,43.12904383670002,42.830804501600014,42.975728549600035
2026-05-03,12.869443977446686,77.60334717477119,42.034132399999976,45.76720839350002,45.92411260160004,46.17048348320006
2026-05-03,13.009779815846612,77.71809576445663,44.48143472000004,44.43306973699999,44.06101826000002,44.22597190520002
2026-05-03,13.030925061686943,77.73394488965887,46.86721268000002,44.43264248449999,44.21185548259999,44.32704275659999
2026-05-03,12.90087737374291,77.58434544419679,39.870525740000005,43.08602805500001,43.6494373817,43.79174664440001
2026-05-03,13.047528629657664,77.6779228377822,44.59081136000003,43.432495652299984,43.791609923600035,44.00041676540004
2026-05-03,12.94884499938981,77.46323686141635,46.52199266000002,45.246695217800045,44.36424790429998,44.563108307899974
2026-05-03,12.928354591911726,77.59686784695566,40.03117268000005,43.4722301348,43.404570428900016,43.49109760520001
2026-05-03,13.048649901033665,77.53270293122723,41.13861115999998,41.8855681607,42.05007746330001,42.12317182100001
2026-05-03,12.84304657591946,77.67442037863184,41.49750326000003,44.71298848490007,44.43553071140005,44.48047767440003
2026-05-03,13.070278564524212,77.515088658342,44.026838060000046,44.06363304530002,44.088396600200014,44.124730152800005
2026-05-03,12.882887891849885,77.45646600803278,41.85639536000002,46.02116727950001,44.69741940380001,44.68962631820003
2026-05-03,12.864669756437587,77.59551429525406,37.91200028000003,42.94271047640002,43.01835125900003,42.89022677930004
2026-05-03,13.101616812711736,77.7400075579083,42.36909836000001,43.60854077240004,43.033988700500025,42.93126010940002
2026-05-03,13.142474939737031,77.60335297098507,47.22268675999999,43.597842369800034,44.05315681400001,44.04517573730001
2026-05-03,12.810109209153518,77.62494718515023,41.48724920000001,42.56505344660006,46.08663945260002,45.65790011390004
2026-05-03,12.872774298853086,77.74418345655293,46.23146096000005,46.66990747550001,45.885762417200084,45.70110388670003
2026-05-03,12.955012082605275,77.55146122247626,43.162079000000006,41.686212144200006,41.00756427320002,41.60867436050002
2026-05-03,13.021785049430292,77.71154572328963,47.10305606000003,43.98537747740004,44.147323265,44.1975852491
2026-05-03,12.926193325499288,77.48941398699418,41.33002027999999,42.217594623500034,42.35954499410001,42.60601841630001
2026-05-03,12.903469696610182,77.49638562725762,39.183503719999976,42.66815801990006,44.06910187730002,44.03345192870004
2026-05-03,13.114158698216832,77.62867771881109,39.634682360000056,31.937950743800037,32.46731659130003,32.73547735040005
2026-05-03,12.90519693472906,77.45839217695132,43.045866320000016,46.00546147760005,44.86056149839998,44.926888176499986
2026-05-03,12.885077573515463,77.69016153204636,41.94526388000003,44.895083500400034,45.89041092440003,46.00364992700003
2026-05-03,13.120705267293356,77.60060905549271,42.41695063999998,43.99069249850002,43.531430241200006,43.45343102480001
2026-05-03,12.946633521223928,77.56712439510376,39.76798514000001,42.695707261099976,42.62544986000001,42.9255349259
2026-05-03,12.92259136692186,77.51639793696185,40.297778240000014,44.21875988300001,43.853065923199985,43.97604628280001
2026-05-03,13.124414434312532,77.65272950070263,42.61519580000004,43.28186351090003,43.66756997780005,43.62113617610002
2026-05-03,12.845869569927084,77.45765168237625,36.36021920000002,43.13716163420001,43.521056550500006,43.45066242860005
2026-05-03,12.977263497039178,77.61429063877546,36.32945702000001,39.059959387099994,39.18827185790004,38.89233968630002
2026-05-03,13.047983364282135,77.70667815304773,35.73130351999998,38.25629743460003,38.556655942100036,38.65497528740004
2026-05-03,13.06915578473736,77.5261978167491,40.23625388000005,42.502742942000026,42.71407911860002,42.91770766010001
2026-05-03,12.828865557201892,77.507401340553,37.542854120000015,40.55565075889999,41.53816060790002,41.55176432750002
2026-05-03,13.04570136587868,77.7374260646508,45.35302982000002,42.72725558570006,42.9768906764,43.012113372500025
2026-05-03,12.9551621564576,77.71915066409679,43.95505964000006,43.8548945639,43.4718199724,43.49854888879997
2026-05-03,12.884701806746737,77.63980794721742,43.54831525999998,44.3958304091,43.94998388030003,44.00723571530001
2026-05-03,12.86658322151423,77.57782493615308,32.60039720000003,42.879015673700025,42.64672703449999,42.903915949400016
2026-05-03,12.86264476730154,77.62377299561344,42.406696580000016,41.260207221500025,41.96746391990003,41.85302861030004
2026-05-03,13.134253241806656,77.68207058431098,48.2378387,45.76044071390007,46.41844374410004,46.47431128100001
2026-05-03,13.147260382271607,77.68985556272035,46.05714194000001,44.12467888249999,43.72010494519999,43.65384662749998
2026-05-03,13.01345198098571,77.70279952631395,45.27783338000006,43.44861161660002,43.4371612496,43.661639713100016
2026-05-03,12.946274748768207,77.65604387961116,37.14636380000002,39.779025344599965,39.1737110927,39.28859074490001
2026-05-03,12.99121089327078,77.72425911947784,42.15034508000002,41.93099364650003,41.486992848500016,41.6588850743
2026-05-03,12.913288937361452,77.5219132813816,38.46230150000002,41.46532260170005,41.75106907370003,41.93665046960002
2026-05-03,13.096577981544185,77.54930822053639,44.19773906,43.67514089210001,43.706039792899986,43.88439207649999
2026-05-03,12.963536095460377,77.47969211627598,43.95164162000003,43.128326052500014,42.29716612910002,42.37501153460002
2026-05-03,13.027711148866675,77.63262049974462,44.73095018000004,42.23759004050002,41.797400334800024,41.94213639170003
2026-05-03,13.029483021294167,77.61638484389104,45.55469300000004,42.681830099900004,42.275957315000014,42.37460137220001
2026-05-03,12.832466955381202,77.56434349199336,39.48087146,43.485765494000034,43.162454982200046,43.27054986470005
2026-05-03,12.887301613085151,77.46163309620371,38.31874465999999,40.89020655650002,41.35517690720003,41.314468289000025
2026-05-03,13.127955858238607,77.57427489329747,49.01714726,44.649139871300015,45.787631063000056,45.83992676900002
2026-05-03,12.809820085564564,77.5557831687397,42.63912194,46.18444609490003,44.64433755320002,44.70852796880003
2026-05-03,13.089375986207656,77.70023230709786,42.74508056000002,42.11941199900002,41.25981414920002,41.32315005980001
2026-05-03,13.058640629290752,77.52224365622362,39.75773107999999,40.60987764620003,41.00826496730003,41.02841419520004
2026-05-03,13.143086241906325,77.63066994616736,46.77150812000002,44.14961333840002,44.1914499032,44.116133832500026
2026-05-03,13.022342849121433,77.6315653060547,43.391086340000015,41.44124265080002,41.228556356300025,41.58813206030002
2026-05-03,12.958914900798945,77.59169495118857,41.33685632000004,42.15969336469999,41.74308799700001,42.0304580285
2026-05-03,13.039076278120367,77.72589258254561,40.38322874000005,43.1090484197,42.268967464100015,42.314683481600035
2026-05-03,12.869272297183748,77.73121241951632,44.27293550000002,45.579251473700005,46.07783805110005,46.18624055540002
2026-05-03,13.1496284357239,77.71987788228401,43.29879979999998,44.99422317050008,45.49125454880007,45.50287581680005
2026-05-03,13.070658506064987,77.49713779336106,43.33981604000002,43.53985566050002,43.7521147025,43.82047510250003
2026-05-03,12.95597672478883,77.65757236431995,41.63422406000001,44.029589566099986,43.8356682014,43.78545748759998
2026-05-03,13.11085197100132,77.4555263442973,44.24900936000006,43.62969831620001,43.50965745380002,43.5051627575
2026-05-03,12.886178084581138,77.66634357053354,34.76400386,44.782493921599986,44.743733574800046,44.912874294500035
2026-05-03,12.893606088031838,77.5457485293742,40.21574576,43.5245771111,43.02501639800003,43.06886959460003
2026-05-03,12.879615234368735,77.65031216259565,42.08882072000006,45.5903942189,45.6528414443,45.80921585930001
2026-05-03,13.139877868071691,77.7068007959935,47.74906184000002,45.0394777553,45.88242984770004,45.96964062800001
2026-05-03,12.900035539796342,77.64739068597801,39.932050100000026,43.6705436552,43.73813500070002,43.94685639200001
2026-05-03,12.93096547935827,77.53658195008336,42.22212350000001,42.36600505190002,43.21967263700001,43.387480328900025
2026-05-03,13.10296387739549,77.708247586985,45.312013579999984,45.186418435100016,45.50528552090003,45.75069935690002
2026-05-03,12.9458093212382,77.63102224554325,34.96566704000003,39.794252623699975,39.792611974100026,39.926154015500025
2026-05-03,12.863601493529176,77.73316315304777,44.77880246000001,45.661642845800024,44.942918690300054,45.03735858290003
2026-05-03,13.0235425884523,77.50944151569664,44.12596064000002,43.855868699600016,43.89001471940001,43.88685305090004
2026-05-03,13.068121381976406,77.68912164996091,44.49168878,43.70501438690001,42.92732938640002,42.970020456200025
2026-05-03,13.020068523688003,77.57565708809214,40.16105744000004,42.46700754290001,41.38216217510003,41.56364194700002
2026-05-03,12.89172344036566,77.5643139457071,38.69472686000006,40.16235628760006,42.480747983300006,42.36574870040001
2026-05-03,13.143724436960266,77.69716091626252,48.40873970000001,46.630036272200066,47.275119186800055,47.297951560400044
2026-05-03,12.948882355001674,77.46852596765457,44.83690880000006,44.33425477880003,44.23270540460004,44.235303099800014
2026-05-03,13.109980315453114,77.55505302349509,48.75737774000004,45.99901850990002,43.972252280599996,44.06688016429999
2026-05-03,13.066061924703495,77.497246344405,44.03367409999999,43.796856584299995,43.568481578000004,43.67209885430002
2026-05-03,12.826061975970342,77.63485434995508,43.24752950000004,46.699524618800034,47.18948069570008,47.159162858300036
2026-05-03,12.872993225760837,77.50274151132555,39.38858492000003,43.6944014348,43.228439858300035,43.08944607500004
2026-05-03,12.841424318499174,77.53554129073066,32.54229085999998,38.25245216210004,39.36007863320002,39.42028705550002
2026-05-03,13.138521931868024,77.50734250782276,46.71681980000005,43.554843678200044,43.8899976293,43.8861523568
2026-05-03,13.144444163595365,77.73499572471717,43.127898800000025,44.68458473870006,43.73987819090003,43.72087399970002
2026-05-03,13.125733070160177,77.67738924090965,47.42434994000001,43.202121104299984,43.85704791650003,44.04288566390001
2026-05-03,13.050023330280563,77.58955883960164,37.1292737,40.68714198829999,41.8096710266,41.440764128
2026-05-03,13.136422554609933,77.73851478767038,44.53612304000001,46.52276171450003,46.36753233620007,46.529375583200036
2026-05-03,12.845494573652804,77.63275903950401,39.60050216000002,40.91203061419999,41.50334807420004,41.36351687600001
2026-05-03,12.919675135945193,77.57116323695975,41.73334664000004,43.414397236400006,43.66136627149999,43.94536955330002
2026-05-03,12.809279337901868,77.55438774465196,44.45750858000002,46.48372792610005,45.10688110970002,45.13354166570003
2026-05-03,12.86556100022026,77.5440952951352,37.28308460000005,43.56106447460002,43.707851343500025,43.82230374320002
2026-05-03,12.91849251413054,77.63331702032619,40.46184320000003,44.12218372790006,43.5066837764,43.523004821899995
2026-05-03,13.146567027609509,77.54980821041929,44.13621469999998,43.63773066319999,44.44123880479999,44.617557366500016
2026-05-03,12.9273212146818,77.46211650006606,40.605400040000006,41.1712361609,41.42114469320002,41.423930379500014
2026-05-03,12.968502247314404,77.60277702415029,40.96087412000003,41.05022116280003,40.370787147200026,40.71879285350001
2026-05-03,13.005973993857292,77.6661062446087,42.87154730000003,44.104871456600016,43.922109927200026,43.95188088140003
2026-05-03,13.125529119260234,77.72923990905643,47.67044738000004,45.33153047420003,46.14264371030007,46.19584519160006
2026-05-03,12.915061592733508,77.69679027365396,42.32466410000001,42.54203308190001,42.331773581600025,42.50187134690003
2026-05-03,13.03194214775855,77.73878450033871,46.08106808000002,44.28737663450002,43.96174186910002,44.071323590300025
2026-05-03,12.87597904775565,77.58707127066444,39.69962473999999,41.139653656100066,42.07239713390002,42.1757067884
2026-05-03,12.8734964995553,77.67694980944941,41.04632462000001,43.190773277900036,42.97841169530001,42.93380653430004
2026-05-03,13.051508681956236,77.66968725236705,44.63866364,43.57095964250003,43.731521132,43.82567049290001
2026-05-03,12.939274289534932,77.57492380203593,40.12687724,42.414250404200004,42.061049307500035,42.14752521350002
2026-05-03,12.978870429067404,77.4534186831511,48.029339479999976,42.44995162310004,44.01615674750002,43.98536038730003
2026-05-03,12.952587062259909,77.60767207907023,38.55458804,42.14311596770005,42.38383002620002,42.44820843289999
2026-05-03,12.846029979104744,77.71755311194187,33.33185348000001,44.54130134030001,44.47764071780008,44.32324875440005
2026-05-03,13.136116468199605,77.6131144917942,50.94491054000002,46.13148387500004,46.71133387790006,46.800253668200064
2026-05-03,12.825299813889108,77.66005338121715,42.09907478000002,45.36646263860005,45.89533287320006,45.88000305350006
2026-05-03,12.88918346075716,77.57226355099891,40.87542361999999,44.3058510326,44.211513680599985,44.26958584040001
2026-05-03,12.89962827835548,77.48870837903321,39.952558220000014,42.43352803699998,42.52202057480001,42.69543381950003
2026-05-03,12.820928821654167,77.58095544246625,39.38516690000006,44.426917301000024,44.508454168099995,44.61292594940006
2026-05-03,12.994251900562311,77.63581698651058,42.12300091999998,42.6179985764,42.39763882699998,42.34599254480004
2026-05-03,12.992271264358772,77.72045194921766,41.41547078000002,41.170074034100054,41.93388187340001,42.03329498510005
2026-05-03,13.08197616984847,77.57609330512598,40.89593174000004,45.606510183200015,45.98220185150003,46.23585311570002
2026-05-03,13.048929840613091,77.48953757219829,40.81048124000006,41.323731123200005,42.1559164526,42.03109036220002
2026-05-03,12.848454377586156,77.52636216543314,35.41000964,42.41088365450001,40.912662947900024,41.09424526040005
2026-05-03,13.03314543987504,77.60224594891008,44.177230940000015,41.17549159580001,41.400465672200006,41.55853200710003
2026-05-03,12.8654213485747,77.69558164579341,41.88715754000003,44.94729375590003,45.472404168500006,45.46138105400002
2026-05-03,13.085312665488589,77.57499347972303,42.50240114000002,44.90878976060001,45.7738051721,45.837978497600005
2026-05-03,13.115322858383912,77.56337160765118,44.259263420000025,42.32023776410002,42.72457244000003,42.59511493250001
2026-05-03,12.956838369552491,77.53238690797039,41.87690348000001,43.379174540300006,43.430837912600026,43.46718855530002
2026-05-03,12.833628084977144,77.5888256295331,39.22793797999998,44.11274999270002,43.43198294930002,43.74117703850003
2026-05-03,12.949838062628352,77.48018995274471,43.18600514000002,43.146920081299996,43.25716831640002,43.461719723300035
2026-05-03,12.982504718764726,77.57013264304082,43.879863200000045,41.08585402130003,40.913876345000006,41.40882273109999
2026-05-03,12.885422712205491,77.48198559951848,37.864148,43.070476064,43.16888085980006,43.34622482750005
2026-05-03,12.81500221066131,77.5583515129088,39.50821561999999,43.95201760220006,43.91303508410007,44.05281501200005
2026-05-03,12.93278130508695,77.56244314951675,41.09417689999998,42.032577200900015,42.20740892390004,42.32580913670003
2026-05-03,12.946382251236486,77.56602429076348,40.130295260000025,44.67610804909999,43.924963973899985,43.99074376879999
2026-05-03,13.02363863532875,77.61570225443329,45.47266051999998,42.37285818200003,42.0287661086,42.059835910400004
2026-05-03,12.822872098889835,77.55625044112304,41.91108368000005,44.89952692639999,44.01890825360001,44.126490433100045
2026-05-03,13.134715857333124,77.60867396727733,50.04597128,44.65399345970005,44.273482383200054,44.46484023290005
2026-05-03,13.057081444238705,77.67154557073802,45.99903560000001,43.57878690830003,43.64010618710002,43.809503258300026
2026-05-03,12.837448468498058,77.69263355101991,41.65815020000002,46.001633295200044,44.978346467600005,44.93165631440002
2026-05-03,12.96821942617461,77.4533073937219,49.8101279,44.39090846029999,43.730034293299994,43.71803704309997
2026-05-03,12.94119756259882,77.70287222967211,42.259721720000016,44.33476748180006,44.3219328167,44.35250700559998
2026-05-03,13.02954196125522,77.5107464535286,43.5209711,44.89253707550005,44.74682688290004,44.843898650900044
2026-05-03,12.818659588608597,77.48622920210437,43.6235117,44.56052770280001,45.34381825610003,45.1017540797
2026-05-03,13.04962408651704,77.53336549107212,42.77584274000003,43.3673823713,43.52194523570002,43.79092631960003
2026-05-03,12.880996505490604,77.49744247618591,38.60927636000002,43.952051782400005,43.70903056040002,43.70923564160003
2026-05-03,12.859433198755092,77.639865721341,43.30221782000001,45.50502916940003,46.41890517679999,46.479045238700024
2026-05-03,13.013109951677295,77.65185038899158,42.51265520000004,43.28758869440001,43.53765103759999,43.71096174170002
2026-05-03,13.024209962939318,77.47545635763453,41.78461693999998,42.864882161000004,42.34083133460006,42.443542835600034
2026-05-03,12.864017552607166,77.65277912779845,40.06193486000001,43.54045381400002,43.27078912610003,43.26788380910003
2026-05-03,13.013899895843103,77.53098898954356,41.79145298000003,43.462061525299994,42.898361666900016,43.16635152499999
2026-05-03,13.03423885857386,77.4793989512974,42.62544986,44.26534749560003,44.06906769710004,44.15626138730003
2026-05-03,12.906874157895311,77.63179493477982,42.84420313999999,44.082158713700004,44.03227271180003,44.06462427110004
2026-05-03,12.967262633495292,77.61269379211454,39.59366612000002,40.61283423350002,40.0359237278,40.391124366199996
2026-05-03,12.830518502877656,77.71711887870683,43.39450436000004,46.309067104100066,46.52170212830008,46.58153456840006
2026-05-03,12.889126853314938,77.71047443907554,44.11912460000002,45.61876378490002,46.22443692890003,46.399029390500054
2026-05-03,13.047611807631656,77.74326317446457,46.24855106000001,43.210392712699985,43.53710415440003,43.52799513110001
2026-05-03,13.055287047287605,77.46129959736108,44.06443628,44.005612155800044,44.20255846820001,44.212316915300036
2026-05-03,13.111402238312024,77.66593281421389,46.69289365999998,42.93233678570002,42.50833140470004,42.45685602350005
2026-05-03,12.850071458628642,77.47333030997267,41.14202918000001,44.67455284999999,44.25201721760004,44.21949475730002
2026-05-03,12.985300804045789,77.47169047867479,44.08494440000004,44.37373290980004,43.83848806790001,44.03370828020001
2026-05-03,12.90686628423664,77.5903655056134,38.78017736000004,42.314068238,42.35746000189999,42.4786117208
2026-05-03,12.828422750525672,77.6720302414606,42.93307166,44.74219546580003,44.14279438849998,44.07993700069999
2026-05-03,12.893393094144152,77.56953585795667,39.71671484000001,43.115303396300014,43.15440554510002,43.40549329430002
2026-05-03,12.801821901874362,77.64467051641084,41.79145298000003,44.84738503130002,44.01079045610006,43.46498393240005
2026-05-03,12.869401973242924,77.55960676596528,35.040863479999985,41.546466396500016,41.78550562520001,41.75604229280002
2026-05-03,13.051837700840812,77.70525423604127,40.85833352000003,38.51481937730003,38.772127922900026,38.87902649840003
2026-05-03,13.137651856853616,77.492289621283,45.15136663999999,44.398052122100026,43.65047987780002,43.60563545540001
2026-05-03,13.08064236257481,77.73050610141568,50.462969720000046,45.57171473960001,46.41188114570005,46.34058124850005
2026-05-03,13.092866283128528,77.53569680319855,42.34517222,41.24106630950002,41.82770108210005,41.7357221639
2026-05-03,13.141511415205704,77.60194953369493,47.63968520000003,43.0413887138,42.66140743040003,42.75822284690003
2026-05-03,12.904126005773977,77.57097554103437,38.80068548000003,44.051293993099996,44.780989992799995,44.91162671720001
2026-05-03,12.997641498229056,77.60214795658779,39.18692174,40.350655009400036,40.004683025000034,39.98935320530002
2026-05-03,12.951501972065758,77.48457245533218,44.60790146,44.263467584599994,43.83582201230001,43.75790824639998
2026-05-03,12.863818817101196,77.62923596680491,41.736764660000006,43.44191229739999,42.69722828000005,42.91516123520004
2026-05-03,12.906207035088592,77.46048078744299,41.50433930000003,46.215293725400045,45.044314253599985,45.06933416000001
2026-05-03,12.98529522451398,77.53530619864041,40.42082696,41.93316408920002,42.662449926500024,42.78404598800003
2026-05-03,12.857153042228724,77.55750365807353,32.02275182000005,42.38500924310003,42.340557893,42.40756817510004
2026-05-03,13.040520607702447,77.59125365287996,45.43164428,42.557909784800025,41.83099947140001,41.897770492100015
2026-05-03,12.840715525693325,77.46530207752976,37.73084521999999,44.8471799501,44.62001834090002,44.49755068430002
2026-05-03,12.97777076422713,77.6865412654494,33.786450140000056,38.961007708100055,36.84033137930007,36.879160086500065
2026-05-03,13.081119437502805,77.64320682802104,46.42628810000002,44.31783119270005,43.714294311200035,43.78174893590003
2026-05-03,12.97154841228383,77.55639171202732,42.485311040000056,42.294312082400005,42.166102152200004,42.38294134100002
2026-05-03,13.058503301464215,77.6491532977786,46.57668097999999,45.54948051950001,44.4567907958,44.4251399306
2026-05-03,12.810064978072296,77.73326800289624,42.081984680000005,41.728732313,42.39116167910002,42.29685850730004
2026-05-03,12.877367418888836,77.4909770952301,41.883739520000006,45.844096753400024,44.62381234309998,44.80414707829996
2026-05-03,13.015224417591476,77.69784624626033,43.08346454000002,42.56086637210005,43.10380175899998,43.139468797700026
2026-05-03,12.832955593736884,77.60616443072529,43.38766831999999,45.79918397060006,45.24563563160002,45.52492204580003
2026-05-03,13.146607808987763,77.74185304094888,42.87838334000003,44.34408158630001,43.86364469510002,43.74731238440001
2026-05-03,12.96150534061607,77.47077799194646,47.52689054000001,46.453649350100086,44.99222362879999,45.13089270019999
2026-05-03,12.85576105365166,77.48848562020035,37.45056757999998,42.70816594400005,41.555660870300045,41.59683092120004
2026-05-03,12.924894213649074,77.64754336732388,41.63422406000001,43.45197836630005,43.26417525740005,43.436477645600036
2026-05-03,13.132750379566785,77.61830682952156,44.45750858000002,40.54187613830004,41.85386602520004,41.83087984070001
2026-05-03,13.014692952689918,77.72118067702792,45.602545280000015,42.118454953400054,42.7933430024,42.84632231240002
2026-05-03,12.900751339363158,77.5902705139506,38.81777557999999,42.28532268980001,43.08753198380002,43.18227949820004
2026-05-03,13.024946476259675,77.65996221670761,44.28318955999998,42.06819296930005,43.06375965469998,43.2191086637
2026-05-03,12.886629806923665,77.49754311720156,40.35930259999998,43.29015220940001,42.885339010700044,43.08438740540003
2026-05-03,12.80129813775326,77.5118831488151,43.65769190000003,42.35103412430002,42.73740710510004,42.62309142620003
2026-05-03,13.13945903017395,77.63624424478297,43.95505964000006,39.72944696449998,39.64869624200004,39.64818353900002
2026-05-03,12.886172893165451,77.70257763697327,39.14932352000005,41.01187097840007,41.69961078260004,41.81766919340005
2026-05-03,13.000564403207871,77.4722358040388,44.62840958000004,44.45626100269996,43.97486706589998,44.10482018629997
2026-05-03,13.09661044998843,77.51536686155585,49.72125937999999,45.719304843200064,45.25872664820001,45.25312109540002
2026-05-03,13.037472587503462,77.4868136320072,41.18646344000001,43.01520668060002,42.93254186690002,42.94664119940003
2026-05-03,12.958892642926733,77.65289755945943,41.08050481999999,43.80454712929998,44.064145748300014,44.159388875600015
2026-05-03,12.851551425900084,77.5038810282526,34.36409551999998,39.99892366129998,39.69241271780001,39.68680716500002
2026-05-03,13.116957246827305,77.74821716498353,46.89113882000004,44.76892438220003,45.23264715560003,45.3254463986
2026-05-03,12.93191544691765,77.48851946499902,40.07902496000003,40.857991718000015,41.66510587070001,41.61161385770002
2026-05-03,13.135322265532515,77.56891623768594,43.17916910000002,42.37460137220001,42.471450968900015,42.53762383610003
2026-05-03,12.879501649732784,77.62179475963632,40.28068814000005,41.939145624200016,41.86056534440003,41.976453312500034
2026-05-03,12.886335168119103,77.53655345963203,37.28308460000005,42.95289617600003,43.0942483931,43.35015555049999
2026-05-03,13.094110533156682,77.7080850142382,46.12208432,44.1456484352,43.97678115710001,44.101709788099996
2026-05-03,13.070243544228568,77.70004573014933,49.73834948000001,44.611080218599994,44.177709462800024,44.42960044670001
2026-05-03,13.01756953618334,77.53408674061109,42.34859024000002,42.47613365630001,43.0837038014,42.907402329800036
2026-05-03,12.808332344650108,77.62222308586475,41.883739520000006,46.14023400620003,46.24258661510002,46.343315664500025
2026-05-03,12.93811193959929,77.67866957271603,41.04290660000004,44.58744461030008,44.023385859800065,43.76279601500002
2026-05-03,13.077705004738226,77.59582055570071,44.816400680000015,43.50400063070002,43.51064867960004,43.74235625540005
2026-05-03,12.94078402520196,77.47415687144591,44.66600779999999,43.7301368339,43.19226011660004,43.15124387660005
2026-05-03,13.05176805632862,77.54312242603893,40.87884164000002,40.75946729150004,41.179302688099995,41.11637693990001
2026-05-03,12.961840809466691,77.46344881405624,49.62897284000002,45.52138439510003,45.1501019726,45.15635694920004
2026-05-03,12.929938687579725,77.54807142664612,39.20742986000005,42.08388168110001,42.37203785720001,42.4481571626
2026-05-03,12.856359287163096,77.64446315445576,41.62396999999999,43.99667403350002,43.29550141070003,43.397084965100014
2026-05-03,12.977969746199072,77.53649680784251,42.41695063999998,44.02200156169997,44.48924489570001,44.68212376430004
2026-05-03,13.076966142850283,77.69629436336761,45.61621736000001,44.47189844420002,44.420166711500016,44.52412578980001
2026-05-03,13.10856269240684,77.68485454288025,47.51321846000002,46.08619511000006,46.430611895300025,46.59853921790003
2026-05-03,12.912709674702697,77.50826210647784,39.71671484000001,42.5213369708,43.32669084320004,43.32147836270002
2026-05-03,12.942654753315814,77.71101280662847,45.192382880000025,45.638964283100016,44.71428733249999,44.70647715679996
2026-05-03,13.134820744603047,77.64075613283455,48.93853280000002,45.43846322990005,46.266871647200006,46.366882912400044
2026-05-03,13.053955427612774,77.534037818558,39.169831639999984,42.20152992950004,41.65782548810003,41.945964574100024
2026-05-03,13.074477758750888,77.65114299029098,41.89399358000003,40.50528623419999,41.59746325490001,41.5263000785
2026-05-03,13.067095512238348,77.50355966523043,42.36909836000001,41.15930727110006,41.583688634300024,41.63977834250002
2026-05-03,12.954431365924648,77.49572084839708,42.15376309999999,43.26569627630002,42.920288265200035,43.05248018870003
2026-05-03,12.916220126764015,77.53224151033048,43.045866320000016,46.32750732200007,44.670143604200035,44.71372335919998
2026-05-03,12.987645830868397,77.61803146644631,40.48918736000002,40.514241446600025,40.001418815900024,40.332385692500026
2026-05-03,13.003137516259295,77.73452897982057,45.33252170000003,44.620616494400025,44.22422871500002,44.22574973390001
2026-05-03,12.938366103801066,77.68474269172772,41.04632462000001,45.363864943400024,44.51035116920002,44.57146536680004
2026-05-03,13.003537509013972,77.59147894787468,40.94720203999998,42.373268344400024,42.39032426420002,42.444397340600034
2026-05-03,12.868821718582396,77.54654860078723,36.84557804000002,40.932965986700026,42.1230521903,42.08606921390001
2026-05-03,13.107779358363477,77.67795836770226,48.99663914000001,44.906362966400046,45.33279514160005,45.31309025630002
2026-05-03,12.953713283391604,77.6310312039013,36.99255290000002,41.82006180740002,42.02063122100005,42.02341690730005
2026-05-03,12.866127542456075,77.56625366452326,29.059328479999976,35.23244350100001,35.72528780480004,36.112566560900056
2026-05-03,13.084275617583836,77.6689299034595,45.87598688000003,44.56148474840002,44.1804609689,44.125960639999974
2026-05-03,13.121080129720957,77.49571801037392,46.92531902000002,43.906250314400005,43.87159159160001,43.93696122410002
2026-05-03,12.84600894089306,77.73954876150573,45.91700312,46.22019858410003,46.637795177600076,46.52535940970003
2026-05-03,13.003581875811642,77.71969655194393,44.37889412000004,42.2251142675,42.85961841019999,42.84548489750003
2026-05-03,12.959137325793275,77.5586380417958,41.230897700000014,42.137595865400016,41.32573066490002,41.82975189410004
2026-05-03,13.112096509249572,77.63480933064625,46.55617286000006,43.36333201760001,43.03778270270002,43.05935040890003
2026-05-03,12.925455188072412,77.55175050618915,41.029234520000045,43.01312168840001,43.499471754200016,43.63673943740002
2026-05-03,13.104294562849033,77.56033690006502,45.24023516,43.3911547004,42.963902200400014,43.22896965140002
2026-05-03,12.92007027529011,77.62126462314136,41.377872560000014,41.77321784330004,41.56140314390002,41.58114220940002
2026-05-03,13.06435750327095,77.56331870781574,33.36261566000002,39.26167383740007,37.331176141400036,37.28769892700004
2026-05-03,13.018306768117556,77.69225510447036,44.41649233999999,42.85018467500004,43.16532611900002,43.019479205600035
2026-05-03,12.968412351683408,77.52662422595223,41.33343830000001,42.54765572480002,43.372030878500006,43.545512483600014
2026-05-03,13.123261368381533,77.7019005522404,47.77982401999998,43.62672463880001,43.778758168400024,43.90202905969999
2026-05-03,13.038187769129312,77.67718920650174,46.29982136000001,41.53262341550005,42.984017248100024,43.013942013200015
2026-05-03,12.852462211628096,77.58842489473855,40.92669392000005,44.04587643139998,44.34471392,44.44484481590003
2026-05-03,13.144310109738331,77.48247629163976,41.63422406000001,43.19550723559999,42.23360804720002,42.29145803570003
2026-05-03,12.871432027793391,77.53560194780509,38.00770484000003,44.824450117100014,44.51007772760001,44.650233637700005
2026-05-03,13.075618727398592,77.64121397887419,42.15718112000002,41.42105924270003,41.817293211200024,41.92039778450002
2026-05-03,13.078848507769134,77.5931577097181,45.17529278000001,43.13106046850001,43.195661046500035,43.39250481830003
2026-05-03,12.839014937345553,77.57630785965695,42.167435179999984,44.4962347466,44.2397977961,44.36458970629999
2026-05-03,12.94981121251206,77.74300870241055,31.39725415999999,33.552948103700054,36.13985945060005,36.33731846600007
2026-05-03,13.1183098130407,77.61079507457377,47.26370300000002,43.04677209530004,45.26670772489998,45.239209754000015
2026-05-03,12.984454154410896,77.47246935741808,44.057600240000056,42.93495157100003,43.47576778550002,43.50805098440004
2026-05-03,12.821942931487952,77.54932009391706,44.38573015999998,46.69390197590003,46.76051918570003,46.515259160600024
2026-05-03,12.994022436753044,77.45552209134797,40.78655509999999,43.408449881600035,43.76260802390003,43.71121809320002
2026-05-03,13.044772789183227,77.4641756462644,40.03459070000002,45.77002826000001,44.82547552310001,44.8613989133
2026-05-03,12.81382680739332,77.53646556619418,42.601523720000046,43.87403547590004,43.32568252730005,43.0808668448
2026-05-03,12.99219076675344,77.52288149795322,43.360324160000005,44.28556508390004,44.02034382200002,44.058198393500064
2026-05-03,13.102027888806198,77.45431957244254,45.70508588000001,43.810802105900024,43.97085089240003,44.03507548820006
2026-05-03,12.865225817025864,77.58947581942371,35.608254800000054,33.39366837170004,35.27412625490003,35.57884273790006
2026-05-03,12.90709829665528,77.46489831429183,41.26507790000005,44.028820511600024,43.669774600699974,43.90633576490002
2026-05-03,12.968285244635329,77.53737234221659,40.55412974000001,42.65723744599999,43.1922942968,43.36640823560002
2026-05-03,12.962238549031271,77.54774575376261,43.469700800000055,44.549333687300084,44.15525307140004,44.28645376910001
2026-05-03,13.124435490947327,77.4565387153676,44.53612304000001,41.18454934880004,40.689090259700045,40.770575856500024
2026-05-03,13.005850895922103,77.51680974945242,44.60790146,42.33414910550001,43.01753093420003,43.10739068000005
2026-05-03,12.888889764836508,77.66574825523995,39.66544454000001,44.408596713800044,43.74133084940001,43.95866565110002
2026-05-03,13.049305927511964,77.56975246038455,42.44429480000002,41.93694100130001,41.254994741,41.63439496100003
2026-05-03,12.911375653900327,77.60754692219848,40.12345922000003,42.604463217200006,42.709943314400014,42.73489486040003
2026-05-03,12.838138975792171,77.47038543733889,37.542854120000015,43.678114569500025,43.45551601700004,43.84758000110004
2026-05-03,12.982568514779125,77.4681811049553,45.79395440000002,44.437581523400006,43.60040588480001,43.74139920980003
2026-05-03,13.126646539968448,77.68483759595567,48.99322112000005,45.12462063350003,45.41183685410002,45.5506084661
2026-05-03,13.098487406540643,77.74128821652522,47.50980044000005,44.07739057580001,44.96176907060005,45.13275552110002
2026-05-03,13.102054039588346,77.49558064286612,46.64162336000004,43.76672673800001,43.99004307469999,43.901977789400014
2026-05-03,12.931325984594803,77.50937136827274,40.97454620000002,43.962100761200006,43.51027269740003,43.57765896170004
2026-05-03,13.036473671903783,77.52073930411358,43.96189568,43.064016006200035,43.42070348330003,43.57892362910001
2026-05-03,13.13579007611428,77.57153836647485,41.935009820000005,43.09925579240001,43.05777811970002,43.01021637140005
2026-05-03,12.89682295616383,77.63956418470963,42.93307166,44.104786006099964,44.3547458087,44.49891789230001
2026-05-03,13.10547102347544,77.71013474648106,44.82323672000001,43.5618677093,43.35371029130002,43.4242753142
2026-05-03,13.083013984476002,77.63660431229468,44.03367409999999,42.88412561360003,43.11942211040001,43.185048094400024
2026-05-03,12.939168674502644,77.57886447890556,41.05316066,43.137383805500036,43.263030220699974,43.25446808060002
2026-05-03,12.883335508887248,77.66239118107936,37.395879260000015,44.53890872630001,45.700351922300015,45.935614238900015
2026-05-03,13.020876077275515,77.56167292180977,35.83042610000001,41.4623318342,41.20936417400002,41.482976675000046
2026-05-03,12.850951397099298,77.53303599628734,35.34164924000004,41.73584179460005,42.10773946070001,42.09133296470003
2026-05-03,13.093143037645415,77.63651267215404,48.34379732000002,44.68651592000001,44.31256744190001,44.4619007357
2026-05-03,13.136483434545488,77.60396479188219,51.744727220000016,46.48198473590002,47.134348033100025,47.23341934280002
2026-05-03,12.958944687557212,77.72068265043077,41.61371594000002,43.64014036729999,42.96887541950001,43.19152524230003
2026-05-03,13.149832262081452,77.55025840100811,45.26074328000004,43.4466120749,43.70511692749997,43.783013603300034
2026-05-03,13.046837093053156,77.72302494697007,47.07571189999999,44.447938123999975,43.868395742899985,43.92590392939996
2026-05-03,12.874051070774073,77.64219809354812,39.952558220000014,41.70061909850002,41.487249200000036,41.36119262240003
2026-05-03,12.92940382805024,77.54749024086419,38.899808060000055,42.2105193221,42.1752453557,42.3571011098
2026-05-03,13.00588284770066,77.7195512337593,43.18258712,44.97650073679998,43.63429555309998,43.60705393369999
2026-05-03,12.976410088296245,77.64575918529123,38.45546546000003,41.66167076060001,40.92059275430002,41.040394355300016
2026-05-03,12.909941235889688,77.69599612332507,44.24900936000006,43.10877497810004,43.317308378300034,43.36239206210004
2026-05-03,12.9393359752295,77.68714401057882,41.98969814000003,45.039887917700035,44.29378542200005,44.403076611500055
2026-05-03,12.956723978978353,77.52509128869856,41.33002027999999,42.75856464890001,43.33277491880001,43.46864121380002
2026-05-03,12.817093798623665,77.5816254521602,39.42618314000004,42.90184804730003,42.79216378550001,42.84594633020005
2026-05-03,12.991677949864428,77.66186622443526,40.48918736000002,41.48260069280005,41.66284997750002,41.742814555400045
2026-05-03,12.811280468388532,77.54058912163657,43.71579824000003,43.51635677300006,45.466371363200054,45.09185891180002
2026-05-03,13.12350724055649,77.67100060755854,45.73926607999999,44.3552926919,44.72269566170001,44.6230261985
2026-05-03,13.126635295388784,77.54866901318562,39.76798514000001,40.02037173679999,39.287018455700014,39.42162008330003
2026-05-03,13.02747271419757,77.71643626883609,47.844766400000026,44.6418082184,44.6781588611,44.86768807010001
2026-05-03,13.050421657223673,77.61610049373793,43.81492082,42.5245157294,42.618562549700016,42.6553062647
2026-05-03,12.97500356713164,77.72220995922045,44.61131948000002,42.82135367630002,42.8880050663,42.78932682890004
2026-05-03,13.065525988366057,77.51890974280789,45.1958009,43.044738373399994,43.197421326800004,43.29175867880001
2026-05-03,12.891377762532374,77.70464287653515,38.11708148000002,44.88667517120005,44.91564289069999,45.02823246950005
2026-05-03,12.95620285752619,77.6464841133824,40.28410616000002,42.83611952270002,42.650965379300025,42.930969577700026
2026-05-03,13.042938404431306,77.56596751768421,38.91689816000002,41.071669238300025,40.44439420790004,40.74323169650002
2026-05-03,13.143719970813732,77.74699639511823,36.40465346000002,38.201164772000006,38.562022233500024,38.772982427900025
2026-05-03,12.852547603872331,77.62859419155397,46.761254060000056,45.49164762110004,46.03001995130003,46.274459651600054
2026-05-03,12.835383989042832,77.66355972242434,38.92715222000004,41.27023911019998,41.9157834575,41.773012762099995
2026-05-03,12.95745137824341,77.51471552717659,41.029234520000045,46.30896456350007,44.5113765752,44.706169535
2026-05-03,12.952587949058636,77.53717537450649,44.60106542000005,43.96324579789998,43.96263055430001,44.033725370300026
2026-05-03,13.001550894092844,77.74392278946043,47.21926874000002,45.427542656000035,45.81249715850003,45.84883071110002
2026-05-03,12.80043155132164,77.46224069663344,46.93899110000001,46.44946227559999,46.186479816799995,46.39665386659997
2026-05-03,13.007729999408308,77.70373766088605,43.98923983999998,42.476783080100056,42.57252182030001,42.596020707800015
2026-05-03,13.046695316843897,77.62085211297124,41.92133774000001,40.55900041850003,40.32098659580003,40.577321005700014
2026-05-03,12.984144458770098,77.58544985333266,39.525305720000006,39.09049939580001,38.74261332019999,38.53407992000001
2026-05-03,12.92747219472674,77.64704636376364,42.47505697999998,43.905737611399985,43.56174807860006,43.65818751290006
2026-05-03,12.820827850471812,77.4806783614739,41.69574842000003,44.49628601690002,45.59909307979999,45.38452687429999
2026-05-03,12.989783728167271,77.54955973959358,43.49362694000001,43.87471907989997,44.13387335629997,44.23767862369999
2026-05-03,13.123088137380073,77.53937733392821,48.94878686000004,42.81897815240004,45.589608074300024,45.62069496620002
2026-05-03,13.10544458545093,77.6725844312896,46.357927700000005,43.57641138439999,44.29086301490006,44.25676826540001
2026-05-03,13.027973406746185,77.63127168518898,44.13963272000001,40.308237381200016,40.29907708760002,40.764252519500026
2026-05-03,13.07515065546454,77.63219006173625,46.49806652000001,43.17884438809999,43.417986157400016,43.295108338400034
2026-05-03,12.839959144084489,77.47232392926924,40.02433664,40.162646819300015,40.72617577670002,40.767738899900024
2026-05-03,12.923298908121682,77.45475298933826,47.468784200000016,46.488701145200054,44.7819128582,44.79141495379999
2026-05-03,12.970033964467186,77.53577681457011,40.687432520000016,41.79340125140001,42.42125734519998,42.713344244300025
2026-05-03,12.813071722609578,77.51956502373442,44.406238280000025,43.333424342600004,44.509941006800034,44.572251511400054
2026-05-03,12.816698748472502,77.49859389675413,41.29242206000004,46.78541946140004,46.27621993190002,46.37831618930003
2026-05-03,13.123338093481292,77.62367415462037,44.34129589999998,45.208122862100055,44.21035155380004,44.223955273400044
2026-05-03,12.996106173125266,77.67301402721468,43.16549702000003,42.13132379870005,42.919382489900016,43.01088288530001
2026-05-03,13.061649154337056,77.67733985718658,46.48439444000002,43.900388410100014,44.304039482,44.33710882550002
2026-05-03,13.094662617776448,77.58259548954565,41.43597890000001,43.50632488429999,43.36011907880003,43.52679882410001
2026-05-03,12.976653168123246,77.72330590875823,43.52438912000002,42.30683912569999,41.97294984200002,42.05747747660003
2026-05-03,12.875807704042534,77.48576945238564,38.05897514000003,41.2159438625,41.8753311908,41.7787037654
2026-05-03,13.08734572552566,77.58417709863818,41.13177512000004,42.64570162850002,42.379181519000014,42.55235550230002
2026-05-03,13.123945510188175,77.55404867907696,48.27201890000004,45.494142775699984,44.303885671100026,44.48240885570001
2026-05-03,12.883096954402644,77.7475169141668,42.79293284000005,44.20546378519999,44.56758591410001,44.69777829590001
2026-05-03,12.990349441189544,77.45476110430604,45.079588220000005,45.799867574599986,44.5728838451,44.692719626300004
2026-05-03,12.984972356133207,77.66603612896705,39.94914019999999,44.46431043980001,44.08477349900002,44.07752729660001
2026-05-03,12.963221690855626,77.61536066128123,39.52188769999998,42.41532708049997,42.29646543500001,42.54449405630002
2026-05-03,12.989239466142488,77.64342100528879,37.92225434,41.65903888520002,41.23084642970002,41.56565857880004
2026-05-03,13.032755050515531,77.74412635151432,45.42822626000003,42.709755323300016,42.654827741900014,42.640916400500025
2026-05-03,12.852899392894487,77.55498736257645,31.585245260000026,40.47905293070002,41.51630237000001,41.39426196590002
2026-05-03,12.803183598162088,77.61870216349377,42.4272047,42.086701547600086,45.4775311985,45.42255234680002
2026-05-03,13.117634614185414,77.60054642608766,41.935009820000005,41.009751806000025,40.51287423860004,40.478847849500035
2026-05-03,13.086111209510692,77.48622132955556,44.26268144000005,41.615151508400004,41.94413593340001,41.91474096139999
2026-05-03,13.024397268189723,77.54122809737018,40.81048124000006,41.04447888920001,41.98921961720002,42.054042366500006
2026-05-03,12.905863032247824,77.57009067329956,41.60687990000002,42.68124903650002,43.50140293550001,43.55889403190001
2026-05-03,12.955386880314672,77.55437490035565,42.42378668000004,41.39860285130002,41.11851320240001,41.5859957978
2026-05-03,12.997768814573206,77.73388108670952,46.36818176000003,45.65866916840002,44.5310301902,44.62649548879998
2026-05-03,13.038011479792411,77.6997390974154,44.52928700000001,41.46246855500001,41.82739346030003,41.76807372320001
2026-05-03,13.057201400132112,77.49398755141897,40.89593174000004,43.52968705100001,43.796976215,43.78831153430002
2026-05-03,12.889493428937548,77.72513067440435,41.68549436000001,43.042841372300025,43.06709222420004,43.28810139740004
2026-05-03,12.864803248374123,77.48855165590008,38.57509616000005,42.536290808300066,43.451311852400046,43.54611063710004
2026-05-03,12.835519059005229,77.6302345531066,40.48918736000002,45.38425343270003,46.070386767500004,46.277228247800025
2026-05-03,13.069361158629295,77.4556836327904,43.08004652,45.09049170380004,44.51814425480003,44.5029169757
2026-05-03,13.050125994785027,77.53520457941526,40.55412974000001,41.05404934520003,41.36594367020003,41.40591741410003
2026-05-03,12.89340869960138,77.6768262549608,42.67672016000006,46.02796913930003,45.3251216867,45.51765875330002
2026-05-03,13.123406032092362,77.5057272231596,45.81788054000003,45.28142230100002,46.242842966600044,46.18126733630006
2026-05-03,13.011538326840109,77.61991609270818,42.79635086000002,40.270690431500014,40.35039865790001,40.82131636340002
2026-05-03,13.109577287091636,77.60316170447037,43.322725940000055,42.720590446700015,42.217645893800054,42.203290209800045
2026-05-03,13.093143935533927,77.63579413229508,47.63968520000003,42.370841550200005,42.88009235000002,42.86460871940004
2026-05-03,13.009553855070743,77.46811944375037,38.80752152000002,45.43518193070008,45.19313484440003,45.25787214320001
2026-05-03,12.908322504614418,77.6541588006945,38.54433398000003,42.51159561380006,45.48139356109999,45.426397619300026
2026-05-03,12.894875575005356,77.5737936787798,38.53749793999998,41.592695117000005,42.22989949549999,42.13892889319999
2026-05-03,13.042786462335052,77.51709639364107,41.36420048000002,42.19216455470003,42.16253032130001,42.308975388200004
2026-05-03,13.017103918652982,77.50998272569512,42.53658134,44.89978327790005,44.693369050100024,44.66846877440005
2026-05-03,12.92635056200114,77.47820647047125,43.27829168000005,43.75214888269999,43.891330657100006,44.070332364500025
2026-05-03,12.977389613591644,77.68379575959902,41.24115175999998,41.45079601670004,42.41284901600001,42.590158803500046
2026-05-03,12.97979422799703,77.45500889913856,44.11570658000005,41.94661399790004,41.39380053320002,41.539288554500025
2026-05-03,13.084839919153096,77.61401204774492,41.97602605999998,43.519826063299995,41.960200627400035,41.99046719450003
2026-05-03,13.132299401730856,77.56538086812945,40.63958023999999,40.93472626700002,41.64781068950002,41.586935753300004
2026-05-03,12.900188851903266,77.73886597689699,47.56448876000002,45.95374683500004,46.54398761870005,46.60600759160004
2026-05-03,13.10721964098575,77.63196200780331,43.61325764000003,43.033253826200024,42.62582584220001,42.70968696290002
2026-05-03,13.093739608871994,77.51674283493175,48.19340444,45.88477119139997,46.126032133100026,46.13039010860001
2026-05-03,12.859818697811413,77.54749281509433,38.65029260000006,44.335656167,44.2115991311,44.269739651300036
2026-05-03,12.854020924981498,77.69310005625485,40.362720620000005,45.245652721700004,46.685066394200064,46.66638691490007
2026-05-03,13.148946066943072,77.72487018543262,44.00974796000003,43.32648576200001,44.478478132700026,44.46550674680001
2026-05-03,12.939999815779757,77.6761457895962,40.704522620000034,43.32240122810004,43.807948059200065,43.42988086700004
2026-05-03,12.921970258654,77.65751891343591,40.11320516000001,40.63476083180002,41.25461875880004,41.07378841070002
2026-05-03,13.113021604691976,77.50694975771607,48.162642259999984,42.59314957100005,45.38495412680005,45.4541348516
2026-05-03,13.128232025973269,77.66297728818998,49.611882740000055,44.02171103000003,43.79073832850002,43.826644628600015
2026-05-03,13.13042617626268,77.61859583671122,40.64641628000004,38.48983365109999,38.24559903200001,38.345371035800014
2026-05-03,13.062982098605136,77.67706967341343,43.978985780000016,43.63685906810002,43.69759728350001,43.627066440800014
2026-05-03,13.126080958971311,77.56157896106258,43.25094752000001,42.03767005070004,41.36310671360004,41.56591493030003
2026-05-03,12.933022288917808,77.47247065814958,42.26655776000001,42.37648128319997,42.29513240720004,42.49901730020005
2026-05-03,12.99232992701082,77.4783200449077,43.76023250000003,40.002034059500005,41.6351127452,41.54921790260001
2026-05-03,12.873501025826704,77.69429023211573,39.30313441999999,45.54565233710005,45.33110322170001,45.482042984900055
2026-05-03,13.103857049444022,77.55553200109071,45.18212882,44.65037035850001,44.20467764060002,44.30920069220003
2026-05-03,12.970879390954568,77.6270078479903,40.08927902000005,42.53437671710001,41.64229058720003,41.764433531900025
2026-05-03,13.106621766565535,77.5364542446183,44.33787788000001,45.85241963209999,45.437899256599984,45.54032022590001
2026-05-03,12.9608223663968,77.59921967015562,40.509695480000005,41.886884098400024,41.310024863000024,41.77784926040001
2026-05-03,12.901218675791643,77.66292415611716,42.08882072000006,45.23608226570001,44.78963758340001,45.045937813100025
2026-05-03,12.996100237972112,77.464582816759,44.60106542000005,44.496884170400016,44.0014079912,44.0677688495
2026-05-03,13.022903660657766,77.45549550042787,42.76900669999998,43.62855327950003,43.67845637150001,43.66169098340001
2026-05-03,13.14512036383698,77.49925575443282,46.68605762000004,43.84120539379998,44.13216434630006,44.07419472710003
2026-05-03,13.059891454315736,77.63908862893224,43.603003580000006,42.743901343099985,42.88069050350003,43.053215063000025
2026-05-03,12.97600724733553,77.61236999716066,39.5389778,38.70764697560001,39.221665913300036,39.009235970300004
2026-05-03,13.104792078854052,77.50909614079474,50.73299330000003,45.86997116480004,45.52659687560004,45.58236187190007
2026-05-03,13.05785475106988,77.54935294504614,42.314410039999984,41.753102795600014,42.17538207650001,42.0398063132
2026-05-03,12.81351672976688,77.58694078885117,40.86858758000005,41.651348340200045,41.644136318000065,41.604914538500026
2026-05-03,12.959980458553597,77.63277358585363,36.33971108000003,39.55136812250001,38.42581413650002,38.40147783410003
2026-05-03,12.98054169095476,77.72622125992662,43.24069345999999,44.396257661600046,43.34227701439999,43.34778002660002
2026-05-03,13.054131908908932,77.5819791213363,42.39986054000002,43.40528821310003,42.845074735100035,42.994578929900044
2026-05-03,12.986353217137,77.5705571997158,41.29925810000003,40.54919070110001,40.20277437410003,40.70424917839999
2026-05-03,12.986982816506712,77.47987786317381,45.07275218000001,42.14906332250001,42.87756301520001,43.0580173811
2026-05-03,12.879642891623474,77.56539098926285,37.72742720000002,43.52992631240003,43.90413114200004,44.14583642630005
2026-05-03,12.891595744642323,77.63099295493647,41.982862100000034,42.410883654500005,43.2019672934,43.30778919260002
2026-05-03,13.081844352181951,77.6505025098618,42.87496532,41.62253443160002,42.05573428639998,41.97117247160001
2026-05-03,13.105336120955638,77.5113906728164,50.780845580000005,46.147736560100064,46.81033682720006,46.80640610420003
2026-05-03,13.132717862306428,77.59050288965861,50.13142177999998,46.11687183950002,46.54913173880007,46.64536609190006
2026-05-03,12.929110501411737,77.73250050709174,43.23385742000005,42.446208891200016,42.62760321260001,42.654520120100024
2026-05-03,12.991850332291504,77.60378431909056,41.69233040000006,40.517556926,39.89882694560004,40.1042499476
2026-05-03,12.894334707094163,77.50215727154186,37.18396202000002,42.69064859150003,41.775798448400074,41.52833380040007
2026-05-03,13.062395224316289,77.67517963910946,43.94480557999998,42.85676436350003,42.147815745200006,42.38169376370001
2026-05-03,12.828545112326893,77.56697842963676,39.983320400000025,45.64120308620003,44.70408454280004,44.62049686370003
2026-05-03,12.945206496263149,77.46677793343567,46.911646940000026,44.406648442399984,43.58582802949997,43.58528114629999
2026-05-03,13.04220418800479,77.62308180062047,43.50046298000001,39.946850126600054,39.63745095620002,39.90595351730001
2026-05-03,13.010337665580526,77.73310883656676,45.24365318000002,43.980045366199995,44.06699979499999,44.1666863483
2026-05-03,12.915879891112702,77.47319217104754,39.58683008000003,42.42752941190001,42.59555927509999,42.738757223000015
2026-05-03,12.859092375089208,77.4518235119176,36.25084256000002,44.088926393300035,44.36464097660002,44.28935908610003
2026-05-03,12.880652964528736,77.52436310498061,34.91439674000003,42.356964389000034,41.36609748110004,41.35179306740004
2026-05-03,13.118326805132073,77.62471075641372,45.54785695999999,44.202199576100035,43.324691301499996,43.28712726170002
2026-05-03,12.847687068982353,77.59904941004504,41.54535554000006,44.25688789610003,43.796685683300026,43.86615693980004
2026-05-03,12.95693075230518,77.69064430527938,49.827218000000016,45.6243351575,45.222598176800005,45.15787796810001
2026-05-03,12.863144795979068,77.58943715461,37.22497826000006,41.51221783609999,41.952800614100006,41.78031023480002
2026-05-03,13.058062914629724,77.68267389421567,40.60198202000004,40.30199949469997,39.90648331040003,39.90822650060004
